PC1,PC2,CLUSTER_KMEANS
-1.5624359,1.2691302,2
3.6891205,3.065819,3
-0.90277123,-0.35640192,4
1.717941,1.8132248,1
0.42711544,-0.70960844,1
-0.50008076,1.3527957,2
-1.8927217,-1.7007816,0
0.16172004,-2.2761557,0
0.87306654,1.4697827,3
-0.009545436,-1.9717362,0
3.541106,-1.1124426,3
2.8511894,-1.1472987,1
-1.9351972,0.60939807,2
-1.6920516,0.24817227,2
-0.6175742,1.7586828,2
-0.13488925,-0.24768186,0
0.4997979,1.474664,1
3.9385219,-2.7805643,3
-0.185767,0.34227145,2
-0.932825,-0.60582095,0
0.29252076,-0.933788,0
1.6773627,0.04906392,1
-2.1924086,2.5846968,2
3.8481784,-2.8345506,3
0.47917545,1.3217828,1
-0.63745147,-1.5268836,0
-1.555772,-0.73287743,0
-0.080510765,-3.2267058,0
-1.1787663,-0.15449134,0
-1.3531269,-1.5214852,0
1.5072143,-4.382814,1
0.35794196,-1.1207076,1
1.2898163,0.0696864,1
-1.4976704,-2.4086437,0
0.28523293,-0.17596771,1
-1.9595916,1.7170202,2
1.7085707,-1.4965991,3
-0.49446583,0.413244,2
-1.8762375,-2.1338193,0
-0.8403829,1.3062571,2
-0.56104493,-0.103377,0
1.0710764,2.3388228,2
1.0336816,-2.715364,1
0.27199462,-2.0853274,0
4.995527,1.9847543,3
4.77047,-2.6944864,3
2.3997595,-1.7748384,3
1.1969109,-3.0745702,1
-1.4424899,0.7322548,2
-0.60102445,-3.712573,0
-1.4716611,0.81690615,2
-1.297168,-0.65716064,0
0.30885366,-3.113861,0
3.5562725,-1.4062345,3
-0.59513426,2.2572975,2
0.96974343,0.61237884,1
-0.07965803,-2.8150303,0
-0.34964043,-1.9631004,0
0.22895268,-0.18576238,3
-0.82516795,0.16100393,0
0.55307287,1.3464589,2
2.8264549,0.845838,3
-0.03641491,-2.1221116,0
0.96987313,2.1675956,3
-1.7628541,1.9726939,2
0.2592934,-2.3418052,0
-1.9052513,1.6298362,2
-1.5763656,-3.2821445,0
-1.4535167,0.6417398,2
-0.08320345,-1.6682099,0
-1.1526663,1.688295,2
-1.062963,-3.0460105,0
-2.032751,-0.21642163,0
-0.7910041,1.5282369,2
-1.9467722,2.6036272,2
2.707109,-1.0644563,1
-0.4386718,-2.201023,0
-1.960772,2.9482162,2
2.8268979,-1.5350025,3
0.76827425,0.77490675,1
1.84952,-1.5621244,1
4.1103077,-0.42293847,3
-0.5819894,-0.7043787,0
-2.0011015,0.82816976,2
-1.5818952,-0.9136777,0
3.668315,-0.018158508,1
-1.5961125,-0.5958096,0
-0.15490708,1.5213087,2
1.371824,-2.1525743,1
-1.3651453,4.448302,2
-1.0624832,1.3248768,2
4.688243,-1.4640298,3
-0.77949625,-1.6184529,0
-1.2994848,0.38440347,2
4.7763104,2.2493253,3
-2.6277742,2.8921418,2
-1.0301961,-0.34388787,0
-1.3358989,-0.72294265,0
-1.1127533,1.678418,2
-1.4668903,0.31853968,2
1.1135616,-0.3226472,1
0.5752403,-0.96819675,1
-1.5408578,0.15000275,2
2.7427175,1.3627397,3
1.6337034,1.8805381,1
2.8214064,0.67507774,3
1.052516,2.7075398,3
-2.071574,1.0576253,2
-1.7188032,0.6350701,2
-1.1026266,-0.2628669,0
-0.023340853,-0.9623998,0
-0.24954575,-1.2611275,0
-0.50473297,2.7900536,2
-1.315483,1.0615841,2
-1.5668726,0.5992498,2
0.88945824,-1.3345597,3
-0.24134846,2.064403,2
-1.4076316,1.4976287,2
-1.4392629,-2.573099,0
1.4605165,2.2355766,3
-0.9389322,0.29016447,2
-1.7284671,-4.2487884,0
1.5145146,5.0540695,3
-1.1812128,0.06613035,2
0.16280507,-2.0940654,0
-1.5729829,0.49072707,2
-2.2421598,0.4583,2
0.058578145,-0.23510675,1
-1.0563185,0.4813801,2
-1.1508656,-0.90279996,0
-0.119200595,0.965154,2
0.50271225,1.6929998,2
-1.2191002,1.4144514,2
-0.46688455,2.278587,2
1.0121617,2.4493678,1
-1.2247275,0.8926365,2
-0.012284231,-0.7221307,0
0.24844436,2.5802028,4
-1.8931601,1.3868666,2
3.020093,1.9189162,3
-2.1717842,1.7597024,2
-1.6047521,-2.7424448,0
-0.9053922,1.0104803,2
2.6476038,0.6255154,1
1.6211913,1.4507065,1
3.1601815,2.086962,3
2.8140125,0.6417264,1
2.827019,0.68862736,3
0.45511198,0.2968806,4
-0.71591866,1.4091063,2
0.7310813,0.8412573,1
-1.4054059,-0.7495418,0
-0.375106,-1.8904018,0
4.39133,-0.373582,3
-0.3464371,1.1674911,2
-0.049144898,1.7365829,2
-0.12529452,0.81211096,2
-1.0652299,-1.6417643,0
2.7106025,-0.7298629,3
-0.89574057,0.32856172,2
-1.4363242,1.8582557,2
-1.6175691,2.3827188,2
-0.023734147,1.6649238,2
-0.1760328,-1.6119188,0
-0.97497475,-0.44100517,0
0.41041374,-2.451527,0
-0.16861388,1.3489125,2
-0.3463766,3.0885484,2
-1.1156942,-1.6944401,0
1.2149308,-0.51459485,1
-2.0221543,2.0588756,2
-1.1436188,-0.35126638,0
-2.3927224,1.0847471,2
0.15459853,-0.6524363,0
-1.0510087,0.8949927,2
0.36432904,-0.7220748,0
-1.8198574,-1.0836962,0
0.98692775,0.044171497,1
-1.9670064,2.304948,2
-1.2183132,1.2375386,2
1.5026501,2.1795726,3
-1.73874,1.2497624,2
0.6459068,-2.722288,0
-0.1678929,-0.8435119,0
-0.4642235,-1.3933536,0
0.34610957,2.0407605,2
-1.4170904,1.4761963,2
3.4699976,-1.7514704,3
-1.2818787,1.1184933,2
-0.35312364,-0.32627445,0
0.320619,0.65796405,1
-0.84816724,0.6706172,2
0.25608537,0.876134,1
-1.661296,-0.35725486,0
-1.8237576,-0.46761996,0
1.1785296,4.072307,4
0.79583985,2.7354107,2
-1.1936206,-1.4456493,0
-1.0553033,-0.39041418,0
-2.1461856,2.5458858,2
-0.6677462,1.97697,2
-1.3226862,2.068289,2
-1.7878543,-2.356232,0
0.32694387,0.7190086,1
-1.939856,-2.5905392,0
-1.8338715,-1.7855059,0
0.33297312,-2.9248734,0
-1.5833278,-0.13391769,0
-1.2701119,-0.2710947,0
0.22140323,1.3307264,2
-1.7242723,-1.4469297,0
3.1745985,-3.171405,3
0.86477596,-0.6948176,1
-0.90461046,0.06921707,2
-1.6712064,1.3232194,2
-2.1759827,1.2554635,2
1.6624167,1.4398372,3
-1.896734,0.01691933,0
-0.9932547,1.7461233,2
4.2682223,-1.061305,3
-1.7588638,1.122001,2
-2.141232,-2.3382843,0
-1.6111308,-1.7121801,0
11.779512,0.8707282,1
-1.9033899,-1.6814661,0
0.13882007,0.745239,2
2.0452142,-2.2405574,1
-0.776496,-1.4420685,0
-1.4542187,-2.8802192,0
1.3699292,-0.23839387,1
-1.8977681,-0.999132,0
-1.7519717,2.0443807,2
5.186098,0.45209277,3
-1.9345361,2.9476843,2
5.7661443,-0.49457926,3
-1.2277607,-2.2184958,0
0.23740126,-0.6898084,0
0.33175853,2.1789012,2
-0.08154838,-2.433986,0
-1.8133692,0.296552,2
-1.1126841,0.55461663,2
-1.1624538,0.8349345,2
-1.1556478,3.8896945,2
-1.7894789,1.5364195,2
3.2522998,2.3985925,3
-0.24768257,-0.9191993,0
2.0648425,0.63362455,3
-1.0523965,1.0108054,2
-2.4232955,3.6097786,2
-1.950622,0.5556872,2
2.0322654,2.9662015,1
-1.4480653,-0.44966823,0
-1.687937,-3.4411137,0
1.2097083,-0.60421115,1
-0.9537059,-1.0933526,0
-0.5126608,-1.6869435,0
1.8612878,1.5920106,3
2.8092983,0.011828329,3
0.17649335,-1.4720145,0
-1.7560921,-0.15826783,0
0.65264815,-0.0656815,1
-1.7422712,-0.20099328,0
-1.0829374,1.9667946,2
-1.5571215,0.33003652,2
2.2349641,2.150961,3
-1.6306878,0.23352836,2
3.0609605,3.005203,3
3.173098,2.2294111,3
-1.7182474,0.35457605,2
2.625409,-3.1014385,3
-0.8371318,1.9462148,2
-1.6817185,-3.3489604,0
1.6978185,0.23735468,1
-1.2834606,-0.84102625,0
2.868273,1.7408553,3
2.376363,0.97986394,3
-1.3361714,1.3037518,2
-0.83409864,0.54064363,2
-2.8988364,3.903253,2
2.2726774,1.7575767,3
-0.5754017,3.043512,2
-0.10547724,-0.6512233,0
-1.1836395,0.88379574,2
-1.5733198,2.220664,2
-0.6674311,-1.7497207,0
-0.735586,-2.2920475,0
2.109744,-1.7066095,3
-2.7128794,0.7740858,2
-1.7208955,0.48421854,2
-0.828749,1.1743679,2
-1.3796889,-0.023466632,0
2.0130155,-3.0999286,1
-1.7481605,1.1672901,2
-1.9375939,0.94099385,2
-2.3516393,-0.10369869,0
-1.2615278,0.54039925,2
0.008124036,-4.1683145,0
-0.51190466,-2.4137452,0
-0.3542643,-1.6316879,0
-1.092112,1.6063733,2
-0.3272154,0.8266514,2
-0.86798257,-1.5882435,0
-0.8456701,-0.5408048,0
-1.6818463,-1.6839217,0
0.22425616,0.17659266,2
2.4600418,2.2121463,3
-1.0405252,-3.15394,0
-1.1301842,1.0338588,2
-0.50549686,-0.03934948,2
2.4544168,-0.27435213,1
-0.38450846,-1.653583,0
0.46673962,-1.2036159,1
0.69891065,2.3097274,1
-0.19318582,-1.0098984,0
2.6664188,-1.2651627,3
-0.047719065,2.0612888,2
6.1434,0.35138822,3
-1.2406135,-1.9516068,0
-1.6946434,2.0352633,2
-1.1038295,-1.0710196,0
4.5536175,-0.09678614,1
8.581088,-1.0354816,3
-1.4557362,-2.6051106,0
0.10400814,-0.049060717,2
-0.98149097,-0.27679822,0
2.3422444,0.28251904,3
7.8161535,1.5623975,3
-2.0332472,2.6683846,2
-0.2693921,-1.2165906,0
-1.6433188,-2.5773737,0
0.55702007,4.7122664,2
-0.21421361,-0.9727073,0
0.40205565,-1.8973538,0
-0.11892063,2.4538755,2
0.1614595,0.2342736,2
4.116298,-0.6139124,3
2.1062906,2.137588,1
-1.5998336,0.8372674,2
-1.0914524,-1.5744864,0
-0.40077317,-1.6166523,0
-0.36981997,-0.44969487,0
-1.4227731,0.27708566,2
-1.9780362,0.61187863,2
-1.7102097,-1.4238849,0
-0.13995422,-0.9159066,0
2.215937,1.4951015,3
0.9473034,0.07044674,1
-1.6525953,1.6289269,2
1.0713905,-2.0508428,1
-1.7250253,1.6259899,2
-1.7619756,1.456873,2
-0.81629556,2.4122717,2
1.3934832,0.6033215,1
-0.8980772,2.310753,2
-1.0694739,1.8144245,2
-1.4038961,0.57885075,2
-1.3139246,-1.3954016,0
-1.790344,0.6842858,2
2.6260555,-2.2399724,1
-1.6323416,-1.8375113,0
-2.260285,2.1495018,2
-0.034575768,3.737416,2
-1.0461022,-0.57471216,0
-1.3924254,-3.0440426,0
0.8694599,-2.8488843,0
-0.37473425,-0.68118596,0
4.236243,1.7407196,1
3.4426513,0.22721471,1
-1.7719158,0.5536015,2
-1.51126,0.98280054,2
-0.83507013,1.7447176,2
-0.7447875,-2.0340164,0
-0.14008576,0.5395176,4
3.1123602,0.21520716,3
0.04894411,-1.2942218,0
1.4734255,4.304741,3
-1.4154892,-1.0497961,0
-1.956627,1.394825,2
-0.43566638,0.0037546493,2
1.3306713,-0.9779759,3
-1.5183634,0.5382678,2
0.7628555,2.822213,3
-1.0694982,-2.6903293,0
-0.76390725,1.3612295,2
-1.2190268,0.16577281,2
2.8628068,1.7423509,3
-1.7743837,-1.5518825,0
-1.4755161,-1.2715067,0
-1.5851713,-1.490043,0
1.4882616,-0.75643045,1
-0.6102178,-0.86755604,4
3.8037164,1.3958342,3
0.24433014,-1.0776107,0
-0.9442305,-0.7306403,0
1.5750649,0.77414304,1
-2.0888534,2.8792233,2
0.62012666,-2.1337852,0
0.021380734,3.160873,2
-0.9757944,-0.8146315,0
-1.9746112,-1.8716488,0
-1.200419,-1.0587728,0
1.4145114,-0.77796984,4
2.2382107,0.26642966,3
0.6105285,-1.4071863,1
-1.5835992,-3.3370032,0
-2.0206323,-1.5167863,0
-1.749119,3.7631218,2
-1.5920964,1.7465842,2
-1.5055939,2.2310996,2
-0.44936725,0.77935845,2
-1.9054235,3.240029,2
-1.1838102,0.40920717,2
-1.0186315,-1.7657123,0
-1.4406644,1.5238684,2
-1.1512952,-1.1209457,0
-1.4904008,3.1657069,2
-1.8327703,1.1847908,2
-2.0486548,-1.2210114,0
1.447912,1.6149975,1
-1.4978527,2.9473925,2
-0.12689331,-0.92959744,0
-1.7236884,-3.7588928,0
-1.4664149,-3.0745869,0
1.8257129,3.1710997,2
1.4885497,1.2139604,1
-1.7846742,-1.5651205,0
-1.9159825,3.0523744,2
-1.469973,0.49828094,2
-0.7752239,-0.62815285,0
-1.2716254,1.8334407,2
3.0888457,2.6850736,3
-0.02967913,1.572203,2
0.84037405,-0.78306144,1
5.025573,2.3829794,3
-1.8349977,3.43911,2
-0.048975084,-1.2226927,0
-1.2776951,-1.4701369,0
-2.0385292,2.9404697,2
-1.0308392,0.5761609,2
1.2033974,0.3171543,1
-0.5565299,-1.0817839,0
-2.4489505,2.6171575,2
-0.28904402,-0.14809754,0
1.2818673,-0.17588927,3
-0.84308606,-1.9478482,0
0.31362084,2.2241507,2
0.0014546982,0.43205285,2
-0.13645676,-1.7137864,0
0.08082619,-1.4046596,1
3.955321,-1.3028364,3
-0.10690905,1.2438937,2
0.19716325,0.049846932,1
-1.0992105,2.4026494,2
-0.94325984,-1.8562282,0
3.4006495,-0.05003963,1
-1.6066837,0.43592542,2
2.0756662,-0.7479758,3
1.0040016,-0.88126516,1
-0.9702337,-2.6617548,0
4.349315,-1.5940862,3
-0.59363836,2.073757,2
-1.5541339,-0.15280007,0
-0.50281984,-0.056724496,0
-1.283645,1.3778121,2
-0.09767981,-0.82686657,0
2.357154,-1.7997124,1
4.173079,1.5216222,3
-1.91866,-2.8937013,0
0.8413606,-3.772217,0
2.3794205,-0.3373086,1
-1.4295202,-3.4271102,0
-3.256111,8.708757,2
5.331844,0.9110916,3
0.8903777,-2.6271465,1
0.7548515,-1.3690263,1
-1.276704,-2.462578,0
4.1585293,1.1863511,1
-0.2565216,1.5260131,2
-1.3667268,0.8292185,2
-2.561937,1.4636722,2
-0.83046794,-0.18587543,0
0.407063,-3.0581594,0
-0.2175081,-0.1059147,2
1.4804801,-2.4395854,1
-0.91342694,0.5274618,2
0.51432014,0.58870023,2
-1.5646672,0.83759683,2
-1.889848,-1.8877871,0
-0.08605608,1.8071836,2
-2.1038065,0.944283,2
-1.6231474,2.781204,2
-0.30494133,0.46108502,2
-0.86687285,2.0214171,2
-1.2755687,-2.2988687,0
-0.9846695,2.0949223,2
4.2923403,-1.5151267,3
0.8308179,0.3185916,4
0.8475626,-2.11052,1
-1.202037,-1.205132,0
-1.224147,0.05324369,2
-2.1145966,-0.36970377,0
-0.62890464,2.334627,4
-0.2770114,1.8961115,2
-1.2850015,0.07267623,2
-0.25058845,-1.215862,0
-0.73258454,-0.92074925,0
-1.6236974,-2.0917485,0
4.2903843,-0.12567003,3
-1.1308287,-0.19377808,0
1.6442816,1.1207869,1
1.0996405,-2.0521224,1
0.7045786,-2.6274252,1
0.35287175,0.05060701,1
-0.5925936,0.7135939,2
-1.1136081,2.5596433,2
-0.5347462,1.2744188,2
-0.36274004,-3.0241914,0
-2.2379336,1.3659832,2
2.8173883,1.1433822,1
-0.954011,-1.5600796,0
-0.7038079,-2.3675525,0
-1.9979169,-0.8199349,0
3.4013417,2.1467392,3
-1.9151877,-1.7292044,0
0.14929777,-0.12104274,2
2.948693,-0.12442354,3
-1.4938911,-3.026677,0
4.47455,1.0998591,3
0.042810686,1.4492822,2
-0.044478107,-1.924556,0
-0.54164505,-0.5000065,0
-0.09450722,-0.67846817,1
-1.6237134,2.6388197,2
-1.6770666,2.5593324,2
-1.0583787,-2.8043902,0
-1.0273645,0.42241699,2
-0.15661918,2.9781878,2
3.9185994,-2.6012504,1
-1.420616,0.3453523,2
-0.9037976,-3.7343376,0
4.8177342,0.042215854,3
-0.9874324,1.3244964,2
-0.7878774,1.4891617,2
-0.79434615,0.05089119,2
2.12311,-1.0379137,3
-1.2692714,-1.5416881,0
-0.8904459,2.0059767,2
0.67627525,0.5185816,1
4.2037163,0.78376114,3
-1.6247786,-1.0072684,0
-1.3402792,2.3905065,2
0.70014447,-1.6245285,1
-1.9775609,-0.829367,0
-0.8171527,-3.637538,0
-1.5265453,-0.4858845,0
-0.0043876637,2.6173728,2
1.3599061,1.3479438,1
0.38688666,-0.12127064,0
-1.6504456,1.4127752,2
-1.1412461,3.610988,2
1.020982,1.0727216,3
-2.1104372,1.5948575,2
1.1745657,0.16600291,1
-1.6683643,-0.11969274,0
-0.28840917,-1.5068879,0
-1.3395559,0.6149187,2
-1.2696946,1.7251161,2
-1.7535675,-2.0039208,0
3.1677399,1.0853163,3
-1.4649757,0.6840727,2
-0.8517144,-1.1745958,0
1.3413191,1.1751431,1
-1.1839904,1.9002206,2
1.3184,-2.7959707,0
-1.7752074,-0.8449944,0
4.4114585,1.9668736,3
-0.7426171,0.115877226,2
-0.1307769,1.0629791,2
-2.0793216,0.9746327,2
-1.7629278,1.0234092,2
4.0103126,1.1178453,3
-1.9484143,0.8522759,2
3.6586716,-1.8185282,3
-1.8363862,0.22352965,2
0.74403775,-1.9907895,1
2.298388,0.9592377,3
1.202812,1.2742939,1
1.72648,0.41655993,3
4.7816806,-0.18390888,3
-2.1843755,-2.9904196,0
3.818732,-1.0802386,3
4.353645,-0.9684507,3
-1.2517726,1.3718992,2
0.48744094,-1.3208094,1
0.050280195,-3.7024057,0
-1.4660773,0.45980763,2
-0.3376899,-3.0998075,0
-0.74909234,-0.3956377,0
2.3877313,-1.3204644,3
1.6682293,-3.760949,1
0.08002692,-1.706312,0
0.6047216,0.36362374,1
-1.8377948,2.6416152,2
-0.9657929,0.6260621,2
-2.0603337,-0.27393076,0
2.2124226,-2.5552657,0
-2.0249767,-0.6637484,0
4.1082087,-1.1092767,3
0.049083006,-1.3715612,0
4.5434422,0.05083982,3
-1.8896767,-0.09731378,0
0.31748626,-2.4629188,0
-1.4726601,1.0651038,2
-1.3606906,1.1730571,2
-0.6678994,-1.2265009,0
-0.5096504,2.7221804,2
-2.0779586,3.2222805,2
-2.1707814,3.065287,2
-1.82256,1.7854133,2
-1.093303,-0.40215534,0
2.6486232,0.10212967,3
2.3668904,0.26250762,3
-1.536469,1.5812044,2
-1.475664,-1.9041032,0
0.038334157,2.7694485,2
-0.83295953,-0.5482421,0
-2.0896342,0.8736645,2
-0.98044056,1.0547544,2
0.56068414,0.65137106,3
-1.3244963,0.6132216,2
1.6107595,1.1000025,3
-1.3927392,-0.5979713,0
-0.89777666,-1.0330156,0
1.2132888,2.8166008,3
-0.4468933,-1.0471275,0
-0.56741095,0.34957957,2
5.1935487,2.168725,3
-0.91766447,1.0121418,2
1.2617366,-1.1515635,1
0.99029374,0.7414071,1
3.7017186,-2.4876056,3
-0.8291517,2.3182435,2
-0.96957,-0.44747746,0
4.1584396,0.6783455,3
-1.6398251,0.10324767,2
-0.12042647,0.9840693,2
2.643422,0.20388718,3
4.724213,2.8107598,3
3.7996247,-2.1346889,1
3.3091004,0.53062564,3
-1.5425947,2.7189484,2
-1.639095,0.46003067,2
-1.0332949,-1.0877515,0
1.8091005,0.023820568,1
-0.3979442,1.5049868,2
-0.02595673,-0.35597956,0
-2.11127,0.6762027,2
-1.5672917,-0.8265338,0
-0.9324715,-1.6553165,0
-0.9153096,1.2986591,2
-0.5052637,1.7645849,2
0.5467533,-0.4681812,1
0.11432942,-0.2936836,1
4.3645964,1.4970566,3
0.8342245,-1.4845123,1
-1.0909343,-0.5363647,0
0.11647472,-0.13284917,1
3.309643,-0.68945944,3
-2.38521,4.5332055,2
-0.17144084,-1.8890821,0
-1.220654,2.2340837,2
-0.9518454,-1.4108876,0
-0.18168588,-1.7867398,0
6.5511327,3.0803826,3
-0.08734447,-2.4429946,0
-1.8979564,2.5170996,2
-1.039059,-1.019723,0
1.9004985,-1.771845,3
3.9477613,-2.4102602,3
0.176997,1.6747357,2
-0.9338382,-0.9029812,0
4.424715,-2.3657782,3
0.8769724,-2.351973,1
-0.58490837,1.6733694,2
-2.1104343,0.7349485,2
-0.35615048,-0.7826121,0
-1.5807116,0.6659846,2
0.2625494,-0.17508781,1
0.3890821,0.98905355,2
-1.7869778,1.6375244,2
-1.1468481,-1.7448437,0
-0.66035986,-2.092284,0
0.3864361,3.0163205,2
0.6498627,-1.4083701,1
1.2085663,-1.8885616,1
3.133264,2.7540202,3
0.54650027,2.5573196,1
2.4668443,-2.327766,1
0.32461116,-2.7327569,0
-0.36129537,1.1063708,2
3.8676167,0.86289674,3
0.11171028,2.1209512,2
-0.67894703,-2.260288,0
0.9240815,3.5373971,1
3.2944896,0.12630327,3
-1.4545354,0.23895727,2
-1.6321359,1.3206264,2
1.7976177,-0.30134857,1
1.8072243,2.3408196,3
1.0541952,2.5037835,2
-1.4982057,-1.750075,0
-0.93497044,1.0273794,2
-0.8284164,-0.40982062,0
-1.5686767,-2.8369615,0
-0.2995711,1.6398228,2
1.3867023,3.3474357,1
-1.5094529,-0.68965346,0
0.2412587,-2.1630418,0
3.9275634,2.9702332,3
3.3603148,-1.2579597,3
5.335659,0.6590132,3
-1.6841513,1.0507168,2
1.0237731,-1.4458308,1
0.30576292,0.91324246,2
-1.5753031,3.1559358,2
2.3073468,-0.42371762,3
-1.2277195,-2.2104802,0
3.9082577,-1.1934063,3
-1.672652,-2.7300472,0
-1.7135491,0.45714355,2
0.43734697,-0.38064182,1
-1.3412627,0.53160065,2
3.993206,1.664355,3
-2.3073878,2.0107589,2
-1.412159,0.748846,2
4.719626,-1.8251694,1
-1.9809598,0.31676126,2
-0.93719155,-2.361388,0
3.4224384,-0.220671,1
-0.65668535,0.25197875,2
6.5387106,0.24993636,3
0.8584169,-2.3527765,1
1.9476657,-2.0444834,1
-1.2614503,0.46283025,2
-0.2665641,2.0321772,2
-1.4986776,-1.7561717,0
-0.19535616,2.8606355,2
1.2124099,-1.7299457,1
2.755181,1.577429,1
-1.2088397,1.781358,2
-1.3415815,0.8997362,2
-1.0786219,2.223779,2
10.32882,-2.3153708,3
-1.2296749,-0.6224342,0
-0.17859125,1.3257228,2
0.5981464,0.19067702,1
-1.4075817,-2.1153686,0
-1.2870027,-1.2349828,0
-1.1204301,-1.4906207,0
-1.0156246,0.67642576,2
-0.5236232,0.5639635,2
0.2781586,-0.016766183,1
-1.0552194,0.102550834,2
-1.5435457,-0.41300136,0
4.6067076,-1.4791269,3
1.7929182,3.053117,2
-1.2395161,-1.8298907,0
-0.85430986,-1.5667672,0
0.01089911,-1.3188558,0
-1.6437739,-1.1476892,0
0.5208454,0.49347073,1
-1.3224928,0.17828764,2
5.987524,-2.0803504,3
-2.1855443,4.6597395,2
-2.1608415,-3.0973024,0
-0.30330342,-3.3330297,0
2.0580838,3.5268922,3
0.64117455,-0.3932162,1
-2.2497904,1.6435122,2
0.36242816,1.4443547,2
-0.4174781,-1.4352348,0
-0.69205844,-0.36216396,0
-1.5326844,-1.9373863,0
3.1154053,2.9121974,3
-1.4964917,0.40339923,2
2.1632075,1.7062681,3
-1.2817031,3.363389,2
-1.8672578,1.9653951,2
-1.0365945,-0.28614902,0
0.4725093,-0.62307334,0
-1.2820079,-0.8183355,0
0.95098656,-2.5464392,1
-1.7168803,-1.7102822,0
5.7265754,1.2798615,3
-1.0058516,-0.6436978,0
7.370618,1.7225646,1
1.9722881,-0.82093644,1
-0.90078837,1.6732106,2
-0.4935686,3.6448958,2
-2.142185,0.013388079,0
-1.8744621,0.47519642,2
-1.8072138,-2.6344316,0
-1.2721847,-0.74677706,0
-1.0475526,0.80840635,2
-0.7496733,-3.1567051,0
1.2238071,-1.3665248,1
-2.081094,0.09050743,2
1.6078237,1.9214551,1
-0.9579461,0.08094035,2
-1.5062604,-1.1601164,0
-2.424847,-0.95310116,0
-1.3430483,-0.16659933,0
-0.09147282,1.5592208,2
-1.5246252,2.4308877,2
-0.22659615,-1.9387354,0
-0.62650603,1.3997391,2
-0.41859233,3.659405,2
-1.4996467,-1.8749807,0
-1.782832,-1.4065596,0
-0.16018182,0.4443745,2
-1.1429116,0.36796093,2
-0.45790157,-3.1339998,0
8.488945,-2.6693826,3
-1.6805671,1.2169628,2
-1.3766084,2.4538815,2
-0.28262493,-0.7451837,0
-0.3009563,-0.24495898,0
-0.42673334,-2.7056441,0
4.2372036,0.5712564,1
-0.7201428,-1.7303859,0
0.036025498,0.08674363,2
-2.124037,2.6815155,2
-1.8821537,-0.38400447,0
-0.01978943,2.5232906,2
-1.6462377,-1.5220791,0
-0.4144418,1.1594889,2
-1.0231565,2.125964,2
5.2680817,1.0115389,1
-1.3631699,2.559931,2
-1.0641563,3.1925504,2
-1.4766088,1.4833524,2
-1.0634266,2.7524536,2
-0.9604784,-1.1456262,0
-0.3121629,-1.6881902,0
-1.5354576,0.08982796,2
0.07172799,-1.5826901,0
-1.6062124,-0.919739,0
-1.5784483,-0.61860377,0
-1.8367599,2.6689,2
-1.046264,-1.3918742,0
1.1569967,-3.6366446,1
5.5572186,-1.4755979,3
0.16406377,-0.60016066,1
-1.6887406,0.42439628,2
-1.8456905,2.5628288,2
-1.4390262,-0.08078776,2
-0.2390727,0.2983684,2
-1.0246159,-5.0515213,0
2.5377734,-2.31843,3
-1.0701627,0.032725528,2
2.3167148,1.085348,3
0.72287893,0.06700125,1
-1.3616261,2.6434321,2
-2.2342193,4.3592615,2
-1.2699667,1.0991176,2
1.1548238,-1.4310207,1
4.945887,0.412022,3
-0.8251573,-0.065472536,2
-2.0309203,4.3519692,2
4.532267,1.1828103,3
4.922222,-0.66446143,3
-1.1022298,-0.059348688,2
3.6805124,-1.8486377,3
0.3210158,-3.4823778,0
0.30765736,-0.4991886,1
-0.718023,-2.2422106,0
0.7405585,-3.7105465,1
-1.2328634,0.69056755,2
0.34419137,3.0787008,2
-1.7956355,2.9648495,2
-1.6034092,0.438941,2
0.31891415,-1.0600082,0
-0.16053681,0.629644,2
-1.2389987,-2.7612984,0
-0.042589743,-1.5173459,0
-0.78626746,-0.7956595,0
-0.53367853,-0.32161754,2
2.063753,0.45573175,1
-1.1264617,-0.4087271,0
-0.1788387,3.6568115,2
0.25899836,-1.3319446,0
-1.2410086,1.2941849,2
-0.124277264,0.10918416,4
-2.7255492,1.2831354,2
4.061498,0.83589953,1
-1.7376153,-0.08827488,0
-0.8432209,-0.66109055,0
2.911993,-2.0904582,1
0.57553893,4.606563,2
-1.1765724,-1.7187022,0
-0.8207119,-2.0426848,0
0.011020519,-1.5816445,0
1.2034702,-0.5487019,3
-0.8276178,2.005979,2
0.1492063,-1.0053757,0
-0.46402577,0.75853,2
-1.6739895,1.1261252,2
0.9613734,-0.12615384,3
-1.4974278,0.8092076,2
0.9268268,-2.215466,1
1.5298017,0.5374272,1
-1.1327457,1.6614051,2
-0.87362856,-0.5347814,0
-1.2992489,1.6657355,2
-0.9609576,-0.40219718,0
-2.067604,0.86040485,2
-1.3952365,0.2301506,2
2.4288998,0.35301787,4
-0.75465715,-3.105495,0
-1.438359,-1.2051039,0
0.18531293,-0.84036547,0
2.720022,4.3321166,3
0.13771765,-2.4690437,0
-1.1934838,-0.2367119,0
-0.21792576,1.029423,2
3.4674442,1.178939,3
1.9503601,-3.18997,1
1.2226583,1.361926,1
-0.8423235,-1.458522,0
-1.4554642,1.948487,2
0.5523847,0.49862212,1
-1.157798,-1.8223696,0
-1.1720883,-4.26249,0
-0.1791678,-2.0458,0
0.51176953,-3.7760673,0
-1.2848455,0.929662,2
-1.2925239,-2.813546,0
0.12200793,0.91515714,2
3.352565,-0.3655703,3
1.8521042,3.525293,3
-1.9876846,2.0026786,2
-1.0630505,0.1219293,2
-0.88822615,-0.2382226,0
-1.2948891,3.7642567,2
-1.8571742,-0.99698657,0
-0.5557831,-4.7889595,0
-0.8628977,0.2825305,2
2.0295403,1.8741264,2
-0.6778909,-0.7203935,0
-0.0044397525,-0.6962919,0
0.9060041,0.08532311,1
-0.9721629,-3.2140357,0
-0.49682674,1.7533844,2
-2.2099345,3.8062644,2
-1.5817308,-1.99898,0
0.44268197,-1.0827745,1
-0.32734767,-1.1939113,0
-0.82275164,2.0858288,2
-1.1912372,-0.73110795,0
-1.1820296,-0.20336546,0
4.7088513,3.4595938,3
4.5287647,2.9430072,3
-1.345151,1.9892793,2
-1.5321194,-3.2145953,0
-0.85559493,-4.008577,0
-0.2776893,-2.11399,0
2.7326894,1.3444813,1
-1.5908383,-1.5478482,0
-1.9980323,4.239219,2
-0.90449196,-3.5760052,0
-0.566514,1.3749713,2
-1.8266081,1.4609596,2
0.15184635,1.8310177,2
-0.5084116,2.8033166,2
4.532281,0.005274318,3
3.2173035,-3.2623808,1
-1.1304643,-1.9622977,0
-1.714952,-1.819959,0
-0.5887727,0.45262128,2
-1.519805,-1.8005421,0
6.8103943,1.6681334,3
-0.29289463,-1.2440585,0
-1.9072806,-1.2733684,0
-1.192825,-1.4979608,0
-1.3208146,-1.6376272,0
-0.8139385,1.2019852,2
6.085257,-0.13375323,3
-1.2476689,-0.98804855,0
-1.3122708,-1.7353823,0
-1.2944413,0.46225303,2
-1.7705654,0.9810086,2
0.4883702,2.6871135,2
-1.4733531,1.7738172,2
1.3877661,-0.8210538,1
-1.5198121,-1.5283746,0
4.5391784,-0.7808837,3
-0.3878853,-3.321256,0
-1.3982921,-1.9200968,0
-1.4867811,-1.5988753,0
0.43897864,-0.8979539,1
1.4714627,1.0659511,1
-1.4380376,-1.4676412,0
-1.7414663,0.7035809,2
-3.4848068,3.6035986,2
1.0993315,-0.60862786,3
-0.74574006,-3.2680948,0
-1.5522432,1.1298885,2
3.363427,-0.13067417,3
-1.5832554,0.26195794,2
0.8154745,-0.6905248,0
-1.5892386,-0.24871752,0
-0.2207327,1.1278386,2
-1.2583584,-0.9697507,0
-0.8105938,2.1597524,2
-2.3896215,0.349827,2
1.4915576,0.37713426,1
-1.222308,2.5398667,2
-1.6763242,0.33915246,2
0.5472145,-2.226047,0
-1.6329274,-0.7045815,0
2.7193184,-0.3927272,3
0.026215376,1.3130357,2
-1.7025163,-1.6280288,0
0.9629088,-0.44369018,3
-1.4478166,0.5657089,2
-0.98342776,-1.9080791,0
-1.8087542,0.7273317,2
1.2822783,-2.1032114,1
-0.95456994,-0.48408872,0
3.2538745,1.4025133,3
-0.8418935,-1.7103484,0
-1.0175437,-1.6137087,0
-1.248258,-3.277406,0
0.6440279,2.399719,2
-1.2364913,-1.603703,0
-0.337117,2.8274128,2
3.566638,2.3221176,3
-1.3057196,-1.8094484,0
-0.747924,-3.3625946,0
-1.8491088,-2.4528291,0
-0.8392964,0.27475637,2
-1.1578951,-1.8646612,0
-1.719132,2.7130487,2
0.9202046,-1.8806701,1
-1.1623756,1.1911702,2
1.2810748,-1.2604016,1
-1.1787611,-4.29711,0
0.6483405,0.63764,1
1.3154601,-1.6687639,0
0.3281658,-3.784244,0
-1.0238516,-2.0305772,0
5.9843564,3.5774157,1
2.0352557,1.7608255,3
0.76840466,-1.2008075,1
-0.99302953,2.3625877,2
-1.7631046,1.2249453,2
-0.4148814,-1.7552853,0
-1.1072686,0.71815634,2
-1.4453382,0.5816879,2
-0.6318598,-3.0608375,0
-0.6460071,-2.59336,0
4.9028335,-0.028510263,3
3.5591464,1.1770544,3
0.8627981,-0.08159627,1
-0.4288605,-1.5970626,0
0.7277464,1.1991427,2
-1.1258038,1.0740386,2
3.3287785,-1.1985037,3
0.048585903,0.54226357,2
-1.6418558,-1.9322357,0
-0.722023,-0.78863907,0
-0.8560287,1.0818987,2
0.2156011,-1.4672046,1
3.7226174,-1.9133497,3
4.356621,-3.7274003,1
1.8093334,0.16024165,1
-0.051922064,1.5612211,2
2.7928326,2.6620376,3
-0.64831156,-1.9221065,0
-0.63228863,-0.8634,0
1.48052,-0.58268017,1
-0.21690674,-1.7703378,0
1.4164113,0.17923486,3
1.9253129,-1.6456137,1
3.6418242,2.8031938,3
-0.67906404,-0.6940703,0
-1.8225305,2.0260835,2
-0.45926183,-0.54541653,0
2.813754,0.49459326,3
-0.4844193,1.1250353,2
1.5590653,-4.281578,1
2.0339015,1.8920751,3
1.0875419,1.2800792,1
-1.9197179,0.13668586,2
-0.8342818,0.4149449,2
0.22644734,-0.23863898,1
-2.5228987,2.7597058,2
0.91423815,0.031565018,1
0.13103369,-2.903398,0
3.610497,-2.623601,1
-1.5393877,1.4227456,2
0.08863884,-1.06665,0
3.095951,1.1230019,3
2.0056922,0.28856897,1
-1.5623407,1.0786227,2
-1.1949093,-0.01306127,0
-1.6284276,0.7271993,2
-0.8200706,0.38217628,2
2.2020276,-0.8124288,3
5.0337176,-1.1753122,3
0.32250556,2.9651225,2
4.1422706,1.3452379,1
-1.5053704,-0.860514,0
-0.4477991,-1.8723322,0
1.5544169,-2.440131,1
0.008145907,3.282135,2
-0.017266722,-0.37690973,4
-1.7521728,-1.571557,0
-1.4827023,1.6120548,2
2.8977947,-0.48374856,3
-0.73282105,1.2665057,2
-0.42180508,-1.7565845,0
-0.98516405,-1.344083,0
-0.6438983,4.6375732,2
-0.48982173,-2.7020593,0
3.4908333,1.4329131,3
-0.9900482,1.0530146,2
1.3702816,0.48258215,1
4.308175,2.8537986,3
-1.8298119,4.215636,2
-0.773879,-0.20818569,0
-0.9140499,-1.2299463,0
-1.89988,-0.011323288,0
-0.74529696,-1.4352143,0
-1.8560903,0.9618119,2
-2.2469242,1.9800866,2
-0.14718689,1.8368998,2
-0.66562635,2.0634573,2
-1.7637811,0.5379754,2
-1.644484,2.1998498,2
-0.36744624,1.7110221,2
0.08811445,-0.07105706,1
0.09058246,-0.78095305,0
-1.8384477,-2.279545,0
1.4334966,0.9523204,3
-0.12417637,-1.7698181,0
-2.1148627,-2.5106318,0
-0.7064282,0.8733045,2
-0.6858285,3.8257172,2
-1.7272618,0.78070974,2
-0.2539158,-0.06409904,0
0.9021484,-0.72716343,1
-0.04566953,-2.9754364,0
3.9066224,0.4239319,3
1.3513678,1.460007,3
4.7848263,-1.981677,1
-1.4006627,-1.8547386,0
-0.36362877,-0.4332279,0
-2.230009,2.8707838,2
-1.8335528,-0.107459456,0
3.0876198,-0.10526893,3
0.08250635,-0.09726141,1
-0.9493754,-1.3487338,0
0.26230097,1.5843053,4
0.3121417,0.31161648,1
-1.5566931,-2.7249024,0
-0.9575827,-0.21277496,0
-1.2475009,2.4512482,2
-0.62818134,-1.0281099,0
-0.40494207,0.41579902,2
-1.1505861,-1.2229346,0
-0.28850773,3.0216224,2
-1.568915,2.2542942,2
-1.02098,0.22783674,2
-1.3355427,1.1723225,2
5.758875,0.919962,1
1.6581368,2.8927448,3
-1.4672843,-3.3288755,0
4.5902123,-0.667841,3
-1.174549,0.91769814,2
0.45971015,-0.81057686,1
-0.124905705,-0.056725428,2
-1.2219927,2.0262823,2
-1.1739147,-1.4958756,0
-2.2060745,3.9592168,2
2.5060022,1.0518997,3
-1.5799425,-1.3350154,0
-1.1308368,-0.027055325,2
-2.204767,-1.4303015,0
1.7907678,1.3559847,3
-0.08923705,2.1330335,2
-0.733566,-1.9390206,0
-1.9607931,-2.6485865,0
-0.34230855,-1.8698109,0
-1.3188741,-2.8280785,0
0.07964496,0.58049804,2
-0.84147626,3.2060797,2
-0.9353671,2.4765213,2
1.3512899,-0.92802596,1
1.8875158,2.4134755,3
-1.7119644,2.0704722,2
-1.8692695,-1.0204617,0
-0.9663288,-1.1604971,0
3.774518,-2.349625,1
-0.3500222,-1.4745628,0
1.6229677,-0.31342798,1
0.32394224,1.9199185,2
-0.8014248,-1.31002,0
-0.27707928,-0.01230778,2
-1.8894647,3.567478,2
-0.77221954,-1.2311903,0
1.5256308,-0.08639538,1
0.1126428,-0.01400654,2
1.4903975,-0.011622481,3
0.74937403,-2.3591573,1
-0.35270414,-2.0327826,0
4.0310836,1.9005316,3
2.1412334,1.2586658,1
-0.44714305,-2.8820665,0
-0.037940644,-1.2238976,1
2.0471156,-1.1609026,1
0.94698,-0.8214516,1
2.344215,-0.20849897,3
-0.12386884,1.5301251,2
2.0993383,-3.2205203,1
1.7482064,-2.7445667,0
0.5470084,0.16921891,1
4.256624,-1.3790689,3
-0.022822538,-0.23442893,0
-0.92129546,-3.166233,0
1.2630099,-0.8563219,1
-1.6672202,-0.6287752,0
-0.3603379,0.6470939,2
-1.6405379,2.2069585,2
0.08640377,0.7518492,1
0.52236825,-0.2748201,1
0.05173987,-0.71494895,0
-0.93906605,1.3459834,2
-0.23101114,-1.9640818,0
-1.0803373,-3.0382664,0
-1.0680563,3.8934517,2
0.38239112,-1.4783504,1
-0.4427908,0.6224435,2
-0.96321654,-2.5610216,0
-0.79901487,-2.7346144,0
0.99350977,1.8886178,2
1.4696066,-0.28646594,3
-1.9182256,-2.9924972,0
-1.562793,-1.7230299,0
4.8911195,3.6875842,3
-0.6580001,-1.4724406,0
0.4384129,2.3897061,2
-0.8336343,-0.5208702,0
-1.0687866,0.6247803,2
1.1517215,-0.42910153,1
-0.09052928,-1.539004,0
0.09288018,0.014688466,0
1.808446,-0.80479395,1
0.6266337,-1.152679,1
5.2491035,0.66005576,3
-1.2337832,-1.0601187,0
-1.2818463,-1.7103281,0
-0.9060462,-1.7886915,0
-0.278679,-0.7184969,0
1.4659783,-3.6265054,1
-0.12945762,-1.4558879,0
5.1864657,-0.13902201,3
-1.961523,1.8062428,2
-1.3434074,2.6365538,2
0.8562232,0.3768183,1
0.90132815,-1.361797,1
1.8690078,0.16542317,1
2.4347727,-1.5347897,1
-1.7109568,-1.9591788,0
-0.65142286,1.5556489,2
0.15545514,-0.11498301,0
-1.7422699,-0.1641755,0
-2.2618508,0.45465815,2
-1.18526,-1.1780616,0
-1.1558203,-0.341164,0
-1.4639345,-1.766458,0
-1.8796363,-2.1243126,0
-0.87812275,-1.0767486,0
-1.3138725,0.7643849,2
-0.931091,0.51192456,2
-1.0940269,-2.2394247,0
-0.35121086,1.7765771,2
0.3299739,-1.0457416,1
-1.2375352,-3.9529982,0
0.5756312,-1.9461935,4
-1.7208929,0.25917685,2
-2.758253,4.5844355,2
-0.6940009,-2.1955726,0
-1.5266147,-0.8272913,0
-0.67355067,-2.3625298,0
-1.7146342,-0.20288958,0
-1.8240346,-0.8401509,0
-1.9387378,0.42095667,2
-1.5986835,-0.2102926,0
-2.2247815,-0.6480955,0
-1.8027767,1.5417482,2
-0.05865893,-0.09773205,2
-0.4031276,-1.0138586,0
-0.82511544,-2.8180397,0
-0.6584318,-2.2095108,0
7.609921,-1.5102861,1
0.7544911,1.6524938,1
1.1786879,-1.7367864,1
3.9817917,-0.21043573,3
0.45134497,-0.33372146,1
-0.6260012,-2.551317,0
-0.39187065,-1.9763731,0
-1.7115883,-1.3382484,0
-2.7991812,-0.37429816,0
-0.4776435,-0.7077468,0
-1.5010221,0.24088024,2
1.621364,-2.584079,1
-0.4216005,0.95308787,2
-2.625651,3.6540225,2
1.4788195,-1.6509782,1
-1.7957467,1.4641331,2
-1.4463543,-1.2514641,0
2.975458,0.94216555,3
0.97155505,-1.4547603,1
-1.4943701,-2.8939092,0
-0.9307948,0.91497666,2
-1.4579669,-2.1352832,0
-1.7343903,0.3164515,2
2.2172282,0.9440221,1
-1.5619456,-2.1772075,0
3.694526,-1.2017398,3
-1.4041016,-0.4325804,0
-1.6651622,0.33976042,2
-0.5907688,-0.98174554,0
-1.0047957,1.390907,2
-1.1457889,2.0629063,2
-0.78978974,-2.0610566,0
-1.3346864,1.8613006,2
2.1754858,2.5880878,3
1.82353,-0.80403817,1
-0.67256504,0.24311803,2
-0.40647924,3.4771402,2
2.9380074,2.607545,3
-2.4507036,1.4249802,2
2.8513007,0.1699741,3
0.659192,0.35329753,3
-1.9475825,0.8867964,2
-1.6809869,-1.132175,0
-1.2591444,-0.52506715,0
0.98042864,0.223918,3
-1.5940874,-1.0911518,0
1.4855461,0.20121,1
0.38610443,-1.2297559,1
-0.45520732,0.4481156,2
0.49834827,0.79212445,1
-0.11359915,-0.30630392,0
-0.5032494,-0.0502474,2
-0.40593243,3.701178,2
-0.91911685,0.81471103,2
1.5486306,2.7245004,3
1.6983522,-0.15132077,3
2.1551974,1.9357,1
-2.2375312,3.0913932,2
2.5962837,2.6052024,3
-1.8665798,0.6682363,2
3.7967808,0.85337144,3
-0.5367142,1.3425806,2
-0.1746596,-1.6104586,0
2.000825,-1.9507287,1
-1.7669559,-0.8255101,0
3.6233313,-0.664939,1
1.2750374,0.019490495,1
3.4277194,-0.18413304,1
-1.7333002,2.6946242,2
-0.07256816,-1.9070835,0
-0.07894539,-1.1014878,0
-1.6804374,0.8451438,2
-1.7324319,-2.1172204,0
-0.9678701,-1.6750458,0
4.9371715,-0.60393107,3
0.16836368,0.4013009,2
-0.71828765,1.8302903,2
1.2044921,-3.3063304,1
-0.55555034,-2.8159873,0
-1.7705766,-2.045996,0
-0.92920667,0.7016288,2
-0.34072652,-2.2781045,0
-1.4726896,1.7913733,2
-1.961176,-0.90917575,0
-1.5803691,-2.2321837,0
5.582911,-0.96562296,3
-0.43074933,-0.89053285,0
1.1220851,-1.9640288,1
-1.339842,1.1601517,2
1.002884,2.6949918,2
-1.081411,-4.165882,0
-1.206101,-3.3425236,0
-1.5581777,-1.0670477,0
1.7781625,0.9912352,3
-0.36440694,0.18788284,2
3.872298,-0.01062642,3
-1.764524,-2.1108701,0
-1.5912738,-0.20583542,0
0.7717833,-0.025666937,1
-1.5272403,3.1359267,2
3.1925576,-2.7157464,1
-0.0871365,-2.081332,0
0.7995674,-1.2231632,1
-0.7432038,-0.96914023,0
2.7282803,-0.8990437,3
4.2388215,-0.5376192,3
-0.7861537,-1.6271088,0
0.58718854,1.0382322,1
-0.66193944,-0.58955055,0
3.7927754,-1.5158664,3
-1.9133179,-1.4185731,0
0.73611355,-2.063987,1
-0.65066737,-0.97436744,0
-1.378443,-0.7976635,0
0.68351454,0.7669768,1
-0.726493,-0.98885465,0
-0.71208924,-1.288043,0
0.56906146,0.731617,1
-1.0960336,-0.042147994,2
-0.7561475,-2.8853858,0
-0.5387529,-1.1772324,0
3.78427,2.3909168,3
0.64291656,0.91041464,1
-1.9400882,1.3225638,2
-1.6480591,1.1109459,2
-1.0144198,1.6819568,2
-0.6214097,0.6591161,2
0.4788915,-0.9165289,1
-0.836741,-1.5739764,0
-1.8512988,-1.2500129,0
-1.0991565,-0.7233116,0
0.1381181,-1.4881659,0
2.353476,4.35042,3
-1.9990997,0.058063865,2
2.5487413,2.8580616,3
3.78006,0.4760679,3
-1.1480637,-0.6255096,0
-0.43322867,-0.577295,0
-1.5525512,2.548839,2
-0.00080030516,-1.8211046,0
2.2520323,-3.924117,3
-1.6167444,0.5706361,2
-0.74017555,-1.6724703,0
-0.40464836,-2.1819403,4
-1.8504986,1.7182376,2
-1.3937292,-1.4748605,0
-1.2705914,-0.62789214,0
1.3953428,-0.9782658,1
-1.5245997,-1.207854,0
-0.41198918,-0.18703209,0
-0.9325647,2.5680819,2
0.012570606,-4.064699,0
3.315498,-1.4613798,4
0.84549797,1.1339339,2
-1.1518528,-1.143061,0
1.2163695,1.5598938,2
1.917358,-0.7749747,1
-1.1377052,-0.98822564,0
0.1806197,0.24348654,2
0.4024392,0.32288677,2
-1.0170329,-2.2328303,0
-1.0433007,1.1235874,2
1.728138,-0.958011,3
-1.2794807,-1.649095,0
-0.96991855,2.0328546,2
-0.10875989,-1.4115874,0
-0.4906812,-1.8476359,0
-1.0000232,0.3309191,2
-1.8452508,-1.9650232,0
-1.3663052,0.84997773,2
3.6900413,1.6345773,3
-0.4611379,-0.63778204,0
3.0890903,2.9928732,3
4.153789,1.5304966,3
0.8077658,0.17697221,3
1.17255,-2.4797797,1
3.072216,2.2185225,3
-0.6590741,0.11403382,2
3.49758,0.58705133,3
4.684168,0.06436394,3
-0.9441729,0.73137355,2
0.26769438,0.5733226,1
3.184344,0.24114935,3
-1.648395,2.7583976,2
-1.9843011,-1.204118,0
0.868679,-1.4290429,1
-0.10596813,0.93783516,1
-0.66318816,-0.7768479,0
-2.4015203,1.8528599,2
3.102897,-1.6939012,3
-0.14884609,2.395026,2
5.998723,0.72836924,1
0.34851497,-2.7852383,0
2.7896204,1.301074,3
-0.294341,-1.8871946,0
-0.32578894,0.35790855,2
-1.288628,3.2377667,2
-1.078965,-3.865299,0
-2.1648176,2.5265877,2
0.42714044,-2.8013449,0
1.3495513,-0.9616607,3
-0.8889384,-2.185323,0
1.0747424,0.09986569,1
-0.0047722487,-1.6952006,0
-1.3450851,-2.3874962,0
-0.8249759,-2.92933,0
-1.3367604,-1.0344282,0
-0.26960844,1.4174784,2
-1.1976244,0.8688129,2
-1.8117237,2.2763321,2
0.14603826,0.8084332,2
-1.2468696,0.06033404,2
3.654805,-0.46269596,3
-1.2417423,0.24154057,2
-1.3440661,1.6702912,2
-1.3435649,-3.7945297,0
4.584021,-1.4234418,3
-1.1140481,2.3221183,2
-1.1237894,1.1853793,2
2.667127,2.4049175,3
0.19017474,0.2600152,1
-0.9674138,0.14933406,2
5.9823785,0.18764366,3
-0.7385892,2.2400458,2
0.57615495,-1.4084685,1
-1.1304165,-0.5030772,0
-1.1527834,-0.8410037,0
0.76996356,-0.0013155602,1
-1.2756171,0.84849876,2
-0.2385787,1.3979038,2
1.8131537,-0.67974955,1
0.13310067,-0.5210637,1
-1.1941311,3.6590064,2
-1.5706328,0.08886335,2
0.38874024,-0.43885636,0
2.044593,0.8840635,3
-1.6064702,-1.4758182,0
-1.4749379,1.2238688,2
-1.4129963,1.4343877,2
-2.2687778,-1.1455734,0
-1.2238085,-1.5142727,0
-1.1773789,1.4497893,2
-1.6722059,3.8328419,2
4.512352,1.9860079,3
-2.078323,0.083097935,2
3.2512186,2.2316613,3
1.7178289,1.9062872,1
-0.6405597,-0.76764524,0
-0.99853605,3.3077319,2
-0.43862423,0.6213289,2
-1.1462077,0.94727623,2
-0.95194215,0.81495875,2
-1.3717492,1.2256271,2
2.5186837,-1.2781442,1
-1.459599,-1.7290255,0
-0.6321112,0.35448998,2
-1.0569774,-0.98146194,0
-1.435601,2.4641361,2
0.38690874,-3.3629687,0
-1.2202884,2.4339187,2
0.09109294,0.5696624,1
1.0050232,-1.3798531,1
0.34025222,0.01902162,1
-0.82684803,-0.47678745,0
0.7082918,-1.1147785,1
0.50947315,-1.8387,0
-1.7823306,1.467242,2
1.759659,0.9926035,1
-0.07618909,0.8268604,2
-1.0139692,-2.6867507,0
-1.3826346,-1.1999848,0
-1.7007704,-0.76472604,0
1.2151638,1.3502202,1
0.19229051,2.3299553,2
-1.3013036,0.6013123,2
-1.5006379,-2.680487,0
5.123098,-0.6897398,3
1.4266201,0.06002353,1
-0.472392,-2.6031797,0
0.1823501,-0.4699371,1
-0.90954137,-4.800573,0
0.39462855,-2.6609674,0
2.5271003,-1.0134653,1
-0.8758843,0.78821737,2
-0.935455,-2.8924873,0
2.4663613,-0.5881456,3
4.43687,0.04928969,3
-0.15256386,-0.9706461,0
-2.126795,0.6913195,2
-1.8613113,2.4770405,2
0.94803816,-0.6421824,3
6.2940173,-2.0332124,3
-2.1598556,3.0063381,2
2.0015144,2.3397396,1
2.2545938,1.4366889,3
-1.2836378,2.3748353,2
-0.18921319,2.9336603,2
1.0345209,-2.1014166,1
0.036940932,1.4558449,2
-0.10515506,0.8774466,2
-1.8136497,-0.4321887,0
-0.4194442,1.7981871,2
-1.4333669,1.818056,2
0.725339,-0.95767015,1
-0.75839955,1.9707019,2
2.0355623,-1.007154,1
-1.5069206,2.1246748,2
-0.6267943,0.030167475,2
-1.2035663,-0.15991484,0
-1.2056594,-2.409417,0
3.9536562,-1.31014,1
-1.9395204,2.6009898,2
6.7052054,-0.72518045,3
-0.92914325,1.905449,2
2.3420513,0.8233688,1
-1.3072256,-1.924618,0
0.9754303,2.7194617,3
-2.1895716,-3.1870399,0
-1.4936597,1.2420883,2
-1.4505076,1.1273975,2
-0.86946994,-0.44839424,0
-1.0238594,-1.0220114,0
-1.427821,-0.09308908,2
4.3322334,0.5532883,3
-1.2975124,-1.8930221,0
1.7653733,-2.9035943,1
-1.1326001,2.0989478,2
-0.3276939,-2.50405,0
3.1615274,0.331348,3
1.4802302,1.7131627,3
0.18839067,3.5323737,2
-1.3964,4.1467233,2
-1.0589095,-1.6878629,0
-1.582721,1.0240593,2
-1.5096859,0.38660926,2
-0.04697754,-2.9279385,0
-0.12492828,-0.17981295,0
-0.41826385,-3.0447552,0
-1.0452147,1.4353086,2
-0.60523164,1.6656886,2
-0.5831859,-0.93861,0
-0.98653716,-0.5569122,0
-1.7402599,-1.1926421,0
-1.4133929,-2.3250842,0
-1.7118087,1.0138756,2
-1.635206,-1.9022816,0
-1.4099045,-2.304958,0
-0.63196707,-2.0491712,0
-1.4310923,1.568091,2
-1.3162613,-0.011049792,2
-2.0146182,-0.053963095,0
-2.0008101,1.9096738,2
-0.7869229,0.5990268,2
-1.7138239,0.13622266,2
-1.623574,0.42289507,2
-2.0343916,-2.7646396,0
-0.36594912,0.47946227,2
-1.5147046,-2.7282212,0
-1.4317639,0.023835532,2
-0.78331774,0.5859082,2
0.7222402,-1.0933069,1
-1.9683717,2.4730842,2
1.151655,1.8790965,1
-0.8698871,0.8536226,2
1.3142657,2.4303513,3
-0.52252775,1.1973921,2
-1.2572396,-0.8305361,0
-1.2359401,-0.23346026,0
-1.0354121,0.95140386,2
-0.2765659,-4.854685,4
-1.2018402,2.6473904,2
-1.3554426,1.9900479,2
0.13073182,-0.9056498,1
2.4786894,-0.9635604,3
-0.9542188,-3.4221094,0
-0.35524973,-0.90587705,0
-2.3334246,1.8229895,2
0.97122675,0.337246,2
-1.3656858,3.9290833,2
-1.6482223,2.603851,2
-0.058909107,2.9441373,2
4.22006,-0.79580694,3
-2.556236,3.6836312,2
1.9883246,-1.0256164,1
0.677352,-2.4568305,0
-2.106975,-1.5637504,0
2.3681698,-1.144388,4
-0.7804003,-2.8210397,0
-1.146434,-2.3906846,0
1.3894298,-0.19392864,3
-1.314512,2.109497,2
-1.7537308,-0.8876503,0
-1.0903537,0.2748903,2
-0.3974633,-1.4682939,0
2.23278,0.2725705,1
0.49272084,-1.9724646,0
-1.3131311,2.1800056,2
2.837136,0.40945917,3
-0.26548612,-1.4661869,4
2.8448675,0.3861391,4
-1.5186198,1.8149083,2
-1.8501639,0.61685,2
-0.9536218,-0.09725873,0
-1.4969186,-1.7497244,0
4.100791,1.5053988,3
-0.77084076,1.3422867,2
-1.2169057,1.1739161,2
-1.510363,4.060468,2
2.6957214,0.6875452,3
-1.3379705,-0.42404133,0
-0.8599532,1.0801163,2
6.14925,-1.5093381,3
-1.0037998,-0.1608367,2
-1.7106292,-0.13351241,0
-0.6609315,0.8218388,2
5.1777043,-2.59747,3
0.5691438,2.3440242,2
1.8532751,-1.1242094,1
0.2452058,-1.5995617,0
-2.373046,1.0515692,2
-1.1453348,2.51138,2
1.4609927,0.6942289,3
1.4134928,-1.4343566,4
-0.8941532,-2.052853,0
-0.11543259,-3.3999116,0
-1.5427979,1.351496,2
-0.19147474,-3.3055184,0
2.940909,-0.5519529,3
-1.6887729,-0.0036827773,0
-1.9057214,0.45692468,2
0.7341263,0.403997,1
1.244782,2.257806,3
2.0825064,-1.7203324,1
-0.99908376,-2.530829,0
-1.9453437,1.1390053,2
0.6239945,0.29096222,1
-1.0084442,-0.37866825,0
-1.5200275,2.3970015,2
-1.4681685,0.9526476,2
-1.479629,-1.0471137,0
-0.8143076,-0.029795125,2
1.0451719,-0.7882907,1
0.44846675,-2.527381,0
0.13895245,-1.350014,0
-1.8717569,3.3763137,2
1.0681075,-2.368828,1
0.7215275,0.6653839,3
-0.45199522,0.4028381,2
-1.6364957,-1.7888954,0
-1.1829041,-0.8152651,0
4.530435,3.6433725,3
4.311161,-0.6844156,3
-1.3289121,2.9781687,2
1.9556577,-0.5154125,1
-1.0243773,-1.5654843,0
-0.3136911,-1.5047662,0
-1.6228601,0.9977494,2
-1.233128,0.6245872,2
-1.2200298,-1.5796436,0
2.9663432,-0.45200026,1
-1.5324441,0.9919862,2
3.6586323,-0.8788326,1
-0.35768726,0.8529463,2
0.2591092,-1.4953368,0
-1.4555055,1.8371898,2
-1.6355981,-1.4379944,0
-1.5922064,-2.3669503,0
-1.4719521,-2.5754101,0
-1.3106191,-4.9284997,0
-2.6953146,4.240598,2
-1.2731807,-0.5931411,0
3.3260956,0.48257118,1
-1.9168065,-2.8463364,0
-1.040726,0.17574179,2
2.2029512,-1.1008929,3
1.1247426,-2.4390953,1
0.5026534,0.2635497,1
-1.0870697,2.398209,2
-1.0967296,-0.30826044,0
-2.648199,1.6876488,2
5.1950073,1.6416163,1
-0.85563856,-0.83571315,0
-0.8637058,0.96394324,2
-2.3499138,3.6195009,2
-1.5760764,3.7065933,2
-1.4489739,0.10602301,2
0.25290114,0.07739115,2
6.14094,1.905106,3
0.07651677,-3.6412036,0
-2.2209885,-0.077897884,0
-0.6388111,-1.5901973,0
-1.5845834,1.7532578,2
0.36578655,-1.3308036,1
-1.4079156,-0.9663524,0
-0.063714236,-1.253161,0
1.9850829,-0.8124002,3
-0.24488357,-4.640609,0
0.85248035,0.45540404,1
4.69816,0.12259723,1
-2.082911,-0.79057217,0
0.5514608,-0.2776214,0
-1.3780686,2.0533574,2
-0.12762783,-1.2358547,0
-0.6302157,0.3350647,2
-1.7147768,3.7415857,2
0.4347736,-4.413365,0
-1.9015243,0.31367213,2
2.6852825,1.129545,3
-1.1380712,-1.7631018,0
3.653134,0.3406967,1
-0.16541377,1.2775676,2
-1.5430142,0.8183353,2
0.3271101,2.0326183,2
-1.7625315,0.24725647,2
4.012193,-1.4192107,3
3.5651982,2.9007416,3
3.3844635,-2.0150697,3
-1.2081606,0.6450653,2
-1.2136741,0.12198429,2
1.5521601,-0.77724355,3
-1.4894748,-0.55045855,0
-0.11955989,-0.9736683,0
-1.1365576,0.43340778,2
-0.7109346,-2.0022185,0
1.0983788,0.27589548,1
-0.042551264,1.8801824,2
-2.0276253,-1.9511236,0
-1.4236441,0.82827455,2
-0.5201877,0.038523965,2
-1.3999615,0.5270702,2
-1.1831523,-0.22638683,0
-1.0839388,-1.2910521,0
4.936032,2.9705336,3
-0.048704956,-1.6446855,0
2.5429904,2.8534951,3
0.12702318,0.23037417,1
-0.5307763,-1.6904439,0
3.3160722,2.7442114,4
0.3156825,-0.46138835,1
-1.5522671,2.4012778,2
-1.3304468,1.9693944,2
-1.3950174,0.31392717,2
3.0253592,-2.556164,1
-1.1419723,2.3127635,2
1.6176322,1.0437071,3
-1.6460716,2.2073958,2
-1.9451606,1.9954958,2
-0.9277346,-1.4392817,0
-0.87541103,-0.51624984,0
-1.5377334,-1.9023335,0
1.6673912,-0.69370234,3
-0.29099786,-2.6267273,0
-0.039185617,-2.672681,0
-0.595934,-0.12101016,0
-0.41623652,-3.4865482,0
-0.6628713,0.9439607,2
-0.03735776,-0.41125226,0
-0.98686373,-0.46776533,0
1.5444944,3.0939634,3
-0.79209167,0.9099528,2
3.6709828,2.453189,3
3.6489694,-1.250505,3
-1.2284133,-0.74456674,0
0.20090741,-0.30320597,1
-0.5503859,-0.70069045,0
-1.6546519,-3.5603225,0
-1.3497213,-2.1942186,0
-1.4369968,-3.7477386,0
0.7198545,-0.03589116,1
-0.9154857,-0.6540733,0
1.2269902,-0.63066536,3
-0.90180737,-3.0232008,0
-1.4522007,0.50575626,2
1.1693914,0.71059936,1
0.57604027,0.68381625,1
0.5771055,-2.2412906,0
-1.3466618,1.9421127,2
-1.7292235,3.828001,2
-0.6577564,-0.1135896,2
-1.9749448,-0.5475892,0
-1.322515,2.4952786,2
-1.7720072,-1.1879826,0
-0.041437373,0.2577122,2
-1.0797112,-1.0048835,0
-1.5591536,-0.67230725,0
3.2433453,-3.55295,3
1.523546,-1.6167297,0
-1.8724015,-1.4641138,0
1.7214388,-0.080058664,4
-0.93808085,-1.85995,0
-2.2891889,3.4951372,2
4.6455,-1.2709092,3
-0.5883968,-0.8846107,0
-1.7578416,0.84289646,2
-1.7427461,2.4847383,2
0.90259683,1.2292316,3
1.3340738,-1.0141833,1
-1.2442582,0.13074955,2
5.0035653,0.784514,3
-1.9923327,-0.8129395,0
-1.6545787,1.2021887,2
2.7567818,1.2926583,3
-0.24284035,-3.098677,0
-2.0053616,0.95281297,2
0.18887374,-0.20709069,1
-0.65605026,-1.7265438,0
-0.44475076,1.4623377,2
-2.204785,0.7987182,2
-0.86886287,2.5327694,2
-1.44298,-3.4019115,0
-1.0169249,-1.885079,0
-1.0231066,-1.722241,0
2.673258,-2.0115752,3
6.6188226,0.32634324,1
-0.6005437,-0.117281646,0
-1.2334555,0.084777445,2
-2.0654156,4.480222,2
5.5252604,0.42044878,3
-1.0811598,-1.6613759,0
1.2957269,2.2744129,3
-1.6922503,-1.5036653,0
4.405287,2.5050888,4
-1.2083018,0.448175,2
3.0814214,0.31865537,3
-0.23826478,1.6270134,2
-1.7365592,1.7583098,2
1.4269854,2.3591325,2
0.27637002,-2.141236,0
-1.0483897,0.18333048,2
-0.7692544,-1.095026,0
4.0857778,1.8166939,3
0.23397516,-1.3327426,0
1.6960971,-0.58131236,1
-1.0232767,-1.4635788,0
-1.2399833,-1.0015541,0
1.7149274,-0.5899541,3
-0.9793315,1.5274199,2
-1.6055328,1.1273084,2
-0.75241774,0.0060179345,0
0.06033359,0.88021344,2
3.1708782,1.2223566,3
0.6119868,-1.6072677,1
-1.0328,2.8417509,2
-1.0915554,-0.71795577,0
-0.24309449,-1.9583316,0
-0.1362057,0.27612078,2
-0.9881277,0.33743447,2
2.7053359,-0.3675369,3
-0.10339487,1.0076214,2
0.01094271,0.5820121,1
3.8298898,0.89404464,3
1.1278727,0.3865276,1
1.308629,3.7223933,3
-1.1150721,-1.2339792,0
-1.5741801,0.545458,2
-0.1299323,0.7302682,2
-0.63884,-0.63561594,0
-1.9482461,0.3042754,2
-0.10552473,-0.20960727,1
1.5711483,2.344521,2
-1.1513433,-1.4491396,0
-0.8834712,-2.709218,0
-1.810051,-1.9403533,0
3.706145,1.6107142,3
-1.6254922,-0.8030989,0
-1.6597878,-3.4007401,0
-0.7799216,-0.96680903,0
-0.9000594,-1.1803651,0
-1.5408278,-1.3239977,0
-0.1738167,-0.15221375,0
0.1932939,-1.3831031,0
-1.1823276,-2.6085443,0
0.33260882,-1.645424,0
1.6360816,-2.892198,3
4.808197,0.060390055,3
-1.532011,-0.6045912,0
-0.87090445,-3.336545,0
1.4485037,0.53014284,3
-1.3507218,-0.6487952,0
-2.01282,2.0398622,2
1.6773059,-0.53325903,1
-0.2635493,3.3995254,2
1.2630715,-0.48005706,1
0.4660959,-2.4783187,0
-0.65462005,0.36519086,2
-1.9546344,2.381924,2
1.5578314,0.37955832,3
-0.24135232,-3.2456272,0
2.2375038,1.3985087,3
-0.8561929,-0.8357818,0
1.9783565,-1.9507325,3
-1.6304463,-0.83256483,0
2.7373974,3.5171251,3
-1.1719506,-0.5310632,0
2.1843226,-1.948176,1
-1.9448417,1.8862888,2
-1.6385491,-0.17558378,0
-1.2166178,-0.7034996,0
-1.0810666,-0.81548303,0
1.1927236,-0.040079873,1
0.18791917,1.2693295,2
3.3960412,0.84850496,3
4.9775133,-0.8776185,3
-1.84291,0.06804967,2
0.28075248,-0.26034606,1
-1.1502501,-2.7066448,0
-1.0808887,-4.6653547,0
2.7933319,0.80410683,3
-1.7246447,-3.0566883,0
-2.085597,0.9941465,2
1.17371,0.14957577,1
-1.1398712,-2.3900912,0
-0.4157664,-0.99555236,0
-1.8027903,1.0057627,2
-0.8146211,-0.8166086,0
-0.6451533,-1.3959215,0
-1.8555789,0.5002065,2
0.3127266,-1.1994429,0
-1.8198969,1.2697067,2
-0.48659018,-0.6168812,0
-0.08253383,0.41426605,2
0.43392512,0.9631125,2
-0.6558805,-1.412558,0
-0.39312196,1.2848195,2
-1.2662636,-1.1473867,0
5.9321404,1.6435409,3
-0.6261326,-1.4064074,0
0.5141542,-3.405531,0
3.4659503,-3.0123372,3
-2.4152532,4.5166,2
1.6414609,2.6803849,3
4.2912154,2.408849,3
-2.063191,3.3034513,2
-1.0141788,0.7539819,2
-0.8371582,-0.042151168,2
3.535656,0.28395838,1
3.7110271,1.3129643,3
-0.5539733,-1.9892709,0
2.1374924,1.5826967,3
-1.0991993,-2.09201,4
1.0759296,-2.916077,1
-1.3552724,-1.3389287,0
-1.0868819,0.13736458,2
0.31943816,1.9575099,2
0.41775075,0.0027347542,1
-1.3391663,0.33243185,2
-1.8079737,-0.08167414,0
4.455822,-0.27197763,3
0.5840212,-0.89974064,1
-1.3448546,-0.7624887,0
-1.5111845,-1.2375205,0
-0.14481774,1.7517419,2
-0.51854664,-2.7454245,0
-0.6198401,-0.4133882,0
-1.0795488,-2.1262047,0
-2.3628523,3.7851486,2
2.3951533,1.3485198,3
3.5555725,0.8257293,3
2.9631934,2.458072,3
0.79621536,2.1825023,1
0.037143514,-0.7814392,1
-0.70595723,2.6044621,2
1.2573259,-1.5473408,1
-1.1538419,0.24490596,2
-0.8935766,-1.598314,0
-0.44214958,1.601602,2
4.0307446,0.30691046,1
0.10555749,1.1995807,2
-0.86838037,-0.061995253,2
-1.2178546,1.8044668,2
1.5700581,1.9769843,3
-1.0787036,-1.1753109,0
4.4811177,-4.3390036,3
-1.6935378,-2.2172885,0
-0.57361907,-1.1646259,0
0.81580836,-1.5744503,1
-1.3119136,-0.7435776,0
0.20539045,-2.1958737,0
-2.069315,0.43344706,2
-1.6191,1.5349355,2
-1.7204243,2.3242404,2
1.1529883,1.5427952,1
-1.3507599,0.24203824,2
3.7224884,-1.9007394,3
-0.1562672,-2.2179418,0
-1.0102779,-0.75008774,0
-0.59968543,-1.519192,0
0.3328841,-0.46434504,1
-0.19700067,-3.3631406,0
-2.5728216,-1.0188708,0
2.1223078,1.834908,3
0.3688124,-0.45075643,1
-0.9796333,1.7556305,2
-0.14539464,-2.5209546,0
1.6343875,-2.8814313,1
1.7088329,-0.6091955,1
-1.3236746,1.2869539,2
1.715954,0.35060573,1
-0.2509559,-3.2944205,0
-1.0542219,0.71232665,2
-0.9259684,0.15377286,2
-1.4737321,2.6547408,2
-0.12956451,-0.54463935,0
0.077095054,-1.6497697,0
-1.5049953,1.62228,2
0.76142776,0.31445622,1
0.23752896,-2.2628248,0
0.52942544,-1.4130275,1
2.325372,-0.79271984,3
-1.5978248,-0.9031539,0
0.08143925,-3.182534,0
3.9700596,0.35630333,3
1.4391618,3.8082383,3
2.1847732,0.36166072,3
0.18679643,-2.5319326,0
0.1498609,0.9513012,1
-1.4366537,0.35586607,2
0.10376259,0.6077955,2
3.2350605,1.7611012,3
1.8716545,-0.7999851,3
-1.1173034,-0.10785606,0
-0.9946463,0.19559361,2
-0.5518018,-0.73224217,0
1.0155624,2.0306666,2
-0.38503695,-3.0775568,0
0.13406561,1.3698885,2
0.2239321,-0.97135097,1
-1.518553,-0.7798782,0
0.7024316,1.6817037,1
2.459063,-0.6191607,1
5.8566422,1.361048,3
-1.4298172,-0.79076844,0
-0.40518603,2.0019274,2
-1.2806095,4.581004,2
1.6991777,-0.05203361,3
-1.9780843,1.2227113,2
-1.3630804,1.0523809,2
1.1896737,-0.6453364,1
2.9241736,-0.7932377,1
4.510098,0.72113127,3
-1.7157882,0.82537013,2
-1.0081036,-0.6712388,0
0.5051832,-0.35695547,1
2.9241543,-1.1511104,1
-1.8152121,3.6264687,2
-1.1708046,-0.4915281,0
1.2144709,1.9708581,4
-0.3036531,2.2508967,2
-1.1916461,-0.36041737,0
-1.5937092,-1.8154247,0
-1.4231148,2.3134098,2
3.1587183,0.89044195,3
0.49726704,-1.1170775,1
-1.6922183,1.6738384,2
-1.2833583,-2.6178424,0
-1.735075,-1.7747875,0
-1.196244,-3.0877268,0
-1.44681,0.113384485,2
-0.9423519,-0.91911757,0
-1.2911241,-1.8722347,0
-1.8333427,-0.52219653,0
-0.8288606,2.492619,2
0.2619528,-1.4675151,1
-1.0555223,-3.3272102,0
-1.5387918,1.4512808,2
2.9728873,-1.7863766,3
4.10991,-1.3983743,3
2.804107,0.111827776,1
-0.73974854,0.97353953,2
-0.7082156,1.0294628,2
5.2701883,3.9991763,3
-1.6633193,0.74062586,2
-2.1126242,-0.82388455,0
-0.25110108,3.1999512,2
-0.89117396,-2.7686162,0
-1.2164166,-0.5472713,0
4.1220727,0.23925145,1
-2.0707493,0.73804694,2
-2.3171415,2.788065,2
1.1450753,-0.92037773,1
-1.3637834,1.1360443,2
-1.5093551,2.408038,2
-0.8685894,2.3247619,2
1.1485839,-0.89540213,3
0.6942618,4.9777727,2
0.9511466,3.2580225,1
-1.7550335,-1.9201664,0
-0.33603,-0.92924845,0
0.980998,2.097995,3
-1.4352256,-0.2517476,0
-2.0357423,-0.07595508,0
-2.4322891,5.143564,2
-1.5789979,0.80566776,2
-0.55925316,-1.2424506,0
0.33238325,0.73071545,1
-1.3372055,0.3741057,2
0.023873018,-0.7674967,0
-0.20445807,-0.97594714,0
-1.3937712,0.21996303,2
-0.9669778,-2.1036923,0
-1.5068069,-0.38572705,0
-0.3889555,-2.7740915,0
-0.5637649,-0.79881114,0
2.945464,2.9222927,3
-1.9982222,-0.8141131,0
-0.8458708,-1.9962616,0
-1.8958338,0.019823458,2
-1.0955392,-2.1017942,0
-1.2649368,-1.0350678,0
-1.6765817,-2.8771565,0
-0.5119485,0.025203709,2
0.69102687,-0.38595515,1
-1.303427,-1.4269321,0
1.3767165,-2.293844,1
3.0979455,-3.2710388,3
2.773741,1.2895944,3
0.8723469,1.6198485,1
-1.4417214,-2.0614142,0
-0.9341297,-0.7593699,0
-0.5109521,1.1338022,2
1.9916822,0.50467527,3
3.2725286,-0.8919128,3
-0.7309926,-0.37020826,0
5.1751504,3.4615877,3
-1.2197148,2.1607194,2
-1.5797443,-3.237295,0
3.8372002,0.61745447,3
-1.9352196,0.41059434,2
-0.44369134,-4.630054,0
-1.4405675,1.9422245,2
-1.1695507,1.1649598,2
-1.7745931,1.1993549,2
-0.6231668,-2.3057587,0
0.70110065,-0.727182,1
0.24118635,-2.1647682,0
0.35667035,1.420157,3
2.219461,0.07405303,3
-1.7570738,-1.0449198,0
-0.89804006,-1.7778448,0
-0.7017636,2.9309733,2
2.3718202,1.4448817,3
-2.1481078,3.1374662,2
-0.8585625,-2.8483477,0
3.1100807,0.8373894,3
-0.19252194,0.8275639,2
3.1747353,0.27594638,3
-1.6051819,2.0135114,2
-1.289424,-1.0234718,0
-0.3980697,-2.6753938,0
1.4266205,-1.1234492,3
-1.7303456,-3.1648848,0
2.1537113,-0.13236919,3
-0.2694707,-3.6481261,0
1.7035537,0.6165641,3
-1.9300512,2.7258363,2
-0.27743104,-0.109527595,2
0.29746333,-2.1904416,0
0.8741986,1.7374967,3
-1.404811,-0.71693826,0
-1.3548801,0.6443501,2
-1.2918389,1.1457705,2
2.6353319,-0.73578197,3
-0.60328454,-3.1598866,0
-1.5585458,-1.0756477,0
-0.21888211,-0.77880806,0
-0.92377627,-3.1400635,0
-1.1984746,0.7737433,2
4.422332,0.85435647,1
0.75084955,-1.6171211,1
-1.5694311,-0.965453,0
-0.89683354,-0.014447704,0
1.5424407,-2.2364273,1
-1.1345079,0.50575733,2
-1.9388462,1.0785954,2
1.4080977,2.4913063,3
-0.5686092,2.6992822,2
-2.283092,5.702748,2
-0.48196787,-4.123985,0
-0.7089582,-0.46528023,0
2.0454206,-0.66342497,1
-0.65095514,0.42446804,2
3.0809574,-1.3238906,1
-1.5810839,-0.69434047,0
-1.4262263,-1.0017457,0
-1.7599598,-0.008959141,2
0.8563829,-2.1876218,1
0.1138493,1.3898134,2
-0.7936302,0.03514181,2
-0.8706303,0.92577803,2
-2.1692603,2.4435909,2
0.11419211,-1.9179671,0
0.3186246,1.2054206,1
0.2619898,1.9375637,2
1.4825151,1.48834,3
-0.41999683,-3.1426723,0
1.0435802,-2.734695,1
-1.6850517,0.7599639,2
-2.1554155,0.2574545,2
1.3178064,-0.78171915,1
-0.60590225,1.4726845,2
-0.8359006,-2.0424838,0
0.99487776,0.76305634,1
0.10787368,0.9372632,2
0.5304251,-1.458169,1
-0.6089406,-1.9638358,0
-1.4010385,0.086761415,2
-0.8613896,-1.4515774,0
-0.992269,-0.44011867,0
-0.0071968995,-3.7274494,0
-0.7599636,0.32228535,2
2.354429,0.0184865,3
-1.0033433,0.76158726,2
1.9991975,1.3058032,3
-1.2029976,-1.069121,0
-1.3590983,-2.1737673,0
-1.3202803,1.4206634,2
-1.2480328,-0.3790704,0
-1.1310495,0.16787326,2
-0.39239663,-4.994755,0
-1.8885481,1.9381852,2
-1.5826372,-1.4673364,0
-1.8301891,-0.86422586,0
-1.7301228,0.8072365,2
-2.520291,3.2201502,2
-1.2613152,0.31061268,2
-0.61899966,-1.6542497,0
4.2321234,2.0927768,3
-0.123365834,0.037406377,2
-1.6610296,1.4922193,2
-1.3349802,-2.4512126,0
-0.92417353,0.36617327,2
5.8592925,-0.28099227,3
-0.9175683,-0.68841875,0
-1.5800353,-0.8947707,0
-1.0597525,2.1787717,2
3.7867126,-0.46365368,3
0.2876801,2.3712223,2
0.5347447,-0.37733042,0
-0.085135266,-0.013061557,1
2.8819067,0.77938884,3
-0.5667212,2.2420163,2
3.2493346,2.971259,3
4.2365904,-0.6115376,3
1.3071038,-0.8008536,3
6.919129,-0.14664024,3
-2.230442,2.794971,2
-2.3201144,1.3356465,2
-0.25396523,-1.3578478,0
3.8485332,-2.2962263,3
-0.012063735,2.791797,2
2.6112778,-1.1766238,3
0.383747,-0.55162543,1
0.15531404,-3.848644,0
-0.7401643,-1.2829607,0
-1.0400013,-0.9335318,0
-1.14121,0.9984763,2
4.8221545,-1.5896227,3
-0.6272271,2.8264608,2
4.12038,0.38685155,3
-1.0692961,0.46911144,2
0.56551075,0.9250691,2
0.70193344,0.037319474,3
0.061460808,-1.2930832,0
0.019169066,-2.6972184,0
-1.8244321,0.31118864,2
-1.4529779,-1.5762191,0
-1.6443651,3.0396376,2
0.7034565,-1.0746589,0
3.7207625,0.69800335,3
-0.52080894,2.0236669,2
-2.093097,0.96656984,2
-1.8194188,-2.3215733,0
0.14942804,0.47962904,2
-0.1018966,-2.018106,0
-0.5708727,0.19258463,2
-1.4713137,-1.9440142,0
-1.9142762,-1.7471557,0
1.5143392,-2.8041975,1
-0.6135982,-1.2289641,0
0.0077934247,-0.96805567,0
-2.7439537,2.8497891,2
-0.87479925,2.0820348,2
3.762341,0.568674,1
2.6609066,-2.4126258,1
-1.4325396,0.9496351,2
-1.6782012,1.3133863,2
-2.2030466,3.5271199,2
-0.24301773,1.471908,2
-0.27885866,-1.6312274,0
-2.645314,3.0750387,2
-1.1493406,1.1001798,2
6.7449145,-2.8195276,3
-2.022975,-1.2621636,0
-1.2198389,-0.7641577,0
9.025721,3.3689826,1
-1.8142362,-0.4912067,0
-0.8123159,1.8952658,2
-0.9309338,-1.5296662,0
-1.5727847,-0.79545623,0
-1.9148343,0.046795726,0
-1.1189684,0.21261795,2
-0.1261995,0.7936417,2
-1.5022135,-0.19039,0
-0.3369687,-1.765116,0
-1.4624947,0.39784718,2
-1.678549,-2.055755,0
-0.60788363,0.81248575,2
-0.06939423,0.5447056,4
0.042432066,-0.88590926,1
-1.651841,4.2980165,2
-0.15919694,-2.0388734,0
-0.023599038,0.00755395,2
2.0110424,2.233772,3
-1.2548127,1.4343511,2
-0.84085554,0.4760198,2
-0.71351236,0.03335061,2
-1.3661671,1.4051316,2
0.20183527,-2.9185524,4
1.2112167,-1.7190955,1
-0.5952052,-1.3878042,0
-1.6476244,3.5708628,2
-1.4208437,1.4851248,2
-1.0222919,1.7120919,2
-0.94541085,-2.0425916,0
-1.340457,-0.3517189,0
-0.8913944,-1.5582728,0
-1.7220813,-2.1032484,0
2.3848376,1.7075168,3
-1.2788754,-1.1468922,0
-0.78432065,2.336274,2
-1.3355381,0.09259595,2
3.2709773,0.38713658,3
-0.6444795,2.789209,2
-0.7343554,-0.9597945,0
5.1983075,1.9275957,3
-1.2409565,-1.0384535,0
-0.6516432,-2.0565221,0
-1.2934489,-0.9635642,0
-0.7996555,0.42753267,2
1.5537735,-0.7592401,3
0.865387,-0.28617644,3
-1.663673,-0.6850165,0
1.357754,2.5731225,1
-0.5363425,0.20507117,2
-1.7823709,-0.69462264,0
-0.368183,-2.0015392,0
5.2389407,1.0231993,3
3.3260195,0.3247096,3
-0.96014154,0.18170361,2
-1.1218047,1.0311544,2
-0.19181243,-3.51001,0
4.689462,0.19885547,3
0.024085758,1.5883086,2
-1.5002527,-1.002291,0
-1.4954269,-3.17144,0
-0.08066487,-0.19372794,1
-0.9813556,-0.29207885,0
-1.3951168,-0.7180899,0
-1.2289441,-0.8785688,0
3.6050653,0.58948284,3
-1.0768389,-0.26074192,0
-1.1293219,-0.31319374,0
0.59970134,-1.2288251,3
-1.796203,4.5469484,2
-1.3606312,-2.3992074,0
-0.30660984,0.1266509,0
0.5386025,3.3406782,2
-0.34392288,-1.4663601,0
6.5129604,1.0219083,3
-1.1255715,1.2259233,2
-2.205168,-1.3369585,0
-0.07586965,-4.0869327,0
-0.41029638,1.2882681,2
3.2687836,0.9634352,3
-0.60077286,-1.4717343,0
1.0076822,-4.1542315,0
-0.86757594,1.2084142,2
-1.2430823,3.2987535,2
-2.1402166,-2.3999484,0
-1.8720489,-1.8018503,0
5.2730417,-0.16572452,3
-1.8533784,-4.636718,0
-1.2925283,1.1122679,2
-2.3403468,3.8549354,2
-0.29410377,-1.9439635,0
-1.5008163,0.96651113,2
-1.8705131,-0.1315822,0
1.5034016,4.0842676,3
0.32006615,0.9166896,1
0.03375679,0.5395978,2
0.42190692,0.35597014,1
-0.47512165,-1.0921959,0
3.24426,1.0040133,1
3.1676283,-2.4724982,3
0.061931185,-2.3132775,0
-1.9078945,1.1276362,2
-1.0168513,0.37822986,2
-0.18258557,-1.7500237,0
0.910173,0.65429384,3
-1.3275871,0.46425515,2
-1.6159201,2.042613,2
-0.61639285,4.170679,2
-1.466871,-0.9685,0
2.6302154,-0.45971245,3
1.7117127,0.34618062,3
1.4247935,-1.5338169,1
-1.331027,0.9896452,2
-0.8943549,1.5098071,2
0.056443624,-2.4431825,0
-1.4183812,-0.23101598,0
-2.2224495,0.61436784,2
-0.92565626,-0.13283247,0
-1.383942,-0.69787925,0
-1.5823648,0.722672,2
1.7018956,0.96383315,3
5.2121987,0.31366336,3
1.7214905,0.7289662,1
-1.3981504,0.49312216,2
3.6548495,0.023061689,3
3.9849932,1.1010001,1
1.4572315,-1.1704036,1
-0.76531523,0.6972689,2
4.4817204,-0.7064322,3
4.2287207,-4.192931,3
-1.5460259,2.9797616,2
-1.0851893,-3.1048484,0
0.92611724,0.48423058,1
-1.5577596,1.0697857,2
-0.9846298,2.7977054,2
-1.4296801,-4.4054747,0
3.0710137,-0.37483406,3
0.955167,-0.019833747,3
-0.7768282,-1.6428497,0
-1.4531268,2.2491634,2
-1.5810406,-2.5368915,0
-1.2856281,-2.3393512,0
-1.9779055,0.7569772,2
0.36955556,-0.052721992,1
3.608951,-1.4713356,3
-1.2439927,-1.9495615,0
2.2195137,1.2610725,3
2.9725971,0.015374973,1
-1.4629712,1.1814612,2
1.7020463,0.13301703,1
-2.2236938,2.7818155,2
-1.5187964,-1.1304361,0
-0.18588574,-0.3737886,0
-1.7531697,0.56066114,2
-1.9083992,1.4303248,2
-2.2194612,4.433297,2
-0.21109332,-0.9243192,0
-1.7186992,-2.7695928,0
-1.3542402,2.5498674,2
-1.0673696,1.2870163,2
-1.2620928,-2.3947585,0
0.7972041,-3.5570693,0
-1.8283043,0.2046114,2
0.050022412,-2.9056547,0
2.202041,2.918647,3
-0.7600989,2.9659953,2
2.7493737,0.23598392,1
-0.22027984,-0.46618974,0
-1.3278667,-2.23744,0
-0.6976834,1.0835996,2
-1.4814641,4.0531774,2
-1.1437495,0.38588572,2
0.11502349,-1.5081462,1
-2.2216914,-0.19270799,0
-0.09546922,-2.882028,0
-1.5349221,0.8319668,2
-0.6595778,-1.2752805,0
-1.7490435,1.0064738,2
-1.6649643,-0.9105359,0
-1.0545402,-3.0742922,0
-1.4853551,-0.5616303,0
-0.9355276,2.749446,2
0.2148119,-4.671055,0
-0.7523967,-1.7250695,0
-0.2952254,-1.3617342,0
-0.42497265,-1.161548,0
-0.31183675,1.1119494,2
5.313067,2.7262876,3
-1.2021954,-2.1726122,0
-2.1407778,4.3663135,2
-1.5042167,-0.47564262,0
-1.4574003,-2.9870036,0
5.770289,1.8952322,3
2.7978265,0.5793412,3
0.020743428,1.9440672,2
-0.96890396,1.4561577,2
-1.0400865,-0.680083,0
-0.8671517,1.2931663,2
-1.3422859,-1.1881003,0
-1.4094821,1.5471214,2
-1.5783035,-2.834017,0
0.02879673,-3.1588647,0
4.155434,2.5642424,3
0.044172455,-2.8754468,0
5.0478125,-1.204726,3
1.9343408,0.052108683,3
-2.0721881,-1.7017257,0
-0.93603677,-0.963699,0
-2.459011,0.44964743,2
0.15805691,2.100473,2
-0.5564955,-2.700435,0
-1.5877433,-0.028219067,2
-0.9332155,-1.1908295,0
1.5798212,1.92079,3
-0.52174914,-3.0342307,0
-1.2037183,-2.6090868,0
0.36208203,-1.7085302,0
-1.445105,-0.08482917,0
-0.9476319,-1.4564313,0
1.8166536,-1.6386124,3
-2.0051348,0.2671339,2
-0.33358213,0.12996104,2
-0.73193085,-2.2932549,0
-1.5965228,-0.7508122,0
1.1560303,-2.1726248,1
0.38913307,-0.8869946,1
0.24763077,1.0574557,2
0.9913075,-1.6984653,1
-1.2997096,-3.1530123,0
-0.6316347,-2.213881,0
-0.38569784,1.953395,2
-0.67617583,-2.0513499,0
-0.648351,-2.59115,0
2.5761204,0.57340264,3
-1.4359808,-1.3129804,0
-1.7692084,-0.6211273,0
-0.14564936,-0.48294473,0
4.4364824,-0.11384589,3
-2.0723941,-1.5752265,0
2.8626716,0.41702706,3
-0.5962618,0.015073907,2
5.6464458,1.6662072,3
0.6935001,-1.6973828,1
-1.8722701,1.4814465,2
-0.4512575,0.42694676,2
-1.7366586,-1.5162281,0
2.0449445,1.727959,1
-1.2027789,-2.6010978,0
1.9977007,-0.5340652,1
-0.475245,-2.248539,0
-1.7447474,-3.8842194,0
-1.1095846,1.4521625,2
-0.9888847,-3.5514643,0
-0.73488224,-3.7519875,0
-0.2620672,0.70371825,2
-1.7572197,-0.3180408,0
-1.0076418,-3.1542346,0
-0.09441794,0.67731535,2
-1.8370041,-3.0169542,0
-0.07875506,1.5667932,2
-1.3238199,-0.41608655,0
4.455074,-1.5313107,3
1.7622608,-2.1894083,3
0.75864893,2.755581,2
-1.8764358,-3.6817944,0
1.5423706,0.4054615,3
6.070967,1.3612839,3
4.266654,-0.3083197,3
-1.1032038,-1.5583524,0
-0.64870614,-1.0584183,0
-0.50796705,-1.2276901,0
0.5859491,1.7420838,1
3.5052388,-1.5352426,1
4.285862,0.80659074,3
4.125887,-2.9994886,3
-0.45440742,1.0025816,2
-1.5091993,1.3382769,2
-0.23415834,1.0642457,2
0.6455652,-1.6982315,1
-1.038784,-1.4757267,0
-1.9506105,1.800668,2
0.89581984,-0.055997714,1
0.9017395,1.5908544,1
-1.1796169,1.5497725,2
0.478987,0.47007626,3
-0.9924491,0.52521724,2
2.0705628,0.20069589,1
-1.4703075,-2.9893606,0
0.055825233,-0.007693369,0
-0.4505609,-0.34901005,0
2.1478446,2.9426024,3
1.1788439,-2.3859918,0
-0.98546714,-0.4249946,0
-0.9704188,-0.35007334,0
3.4066584,0.47465634,3
1.9928869,-2.0094738,3
1.3178912,-0.15133442,3
-1.5515894,-0.38878,0
3.7563396,3.306722,3
1.2009946,-1.3794897,4
-1.3064952,-1.1555058,0
0.18004067,-3.4323397,0
0.13559534,-1.8343253,0
-1.9004704,0.8278248,2
3.7504852,-3.3810432,1
1.7105056,-0.81931007,1
0.2461465,-2.6294425,0
4.952005,1.3463396,3
-0.286155,0.12930626,2
-0.6738256,-0.2830391,0
-1.3200907,4.1784573,2
-1.3236738,-4.2623057,0
-1.9206454,2.0185363,2
-1.3331056,-1.5199975,0
-0.5351315,1.3993155,2
1.082474,-0.58766365,1
-0.75624526,-2.1390026,0
-0.3666077,-1.6393074,0
-0.9617197,-1.1068511,0
0.046173602,-2.4040995,0
-0.48578286,0.37545735,2
-2.05067,-0.37686253,0
0.91625273,-2.3086677,1
-1.2244393,-0.6768607,0
-1.952921,-1.5941542,0
0.9223221,1.5806869,1
1.7716347,-0.99987054,1
0.1342302,-3.3671079,0
0.9115543,-1.5733308,1
2.0770721,1.8896438,3
-1.6651666,1.0036184,2
-1.1259271,-0.49597615,0
2.1121619,-2.2194612,4
-2.1739767,-2.030697,0
0.5588899,1.6423135,2
-1.3150395,1.5480251,2
2.284445,-3.0826838,1
1.581084,-1.9747326,1
-1.813639,-1.1567125,0
4.809235,0.8948019,3
-1.3495874,1.1959276,2
5.0420613,2.7600067,3
-1.1650901,-2.0715392,0
2.419208,0.4002639,3
0.8621431,-0.15900669,1
-1.9224596,0.58914995,2
-1.5846555,-0.56750405,0
0.019398617,-2.8408325,0
-1.872282,1.2245442,2
-1.1617539,-3.2670233,0
-0.26815322,1.9021733,2
-1.7662501,1.3861036,2
-1.490263,-1.7758168,0
-0.46767673,-0.31622893,0
-1.3731356,-1.3954129,0
-0.007894037,-1.6365925,0
-1.7901156,-1.2439672,0
-1.8515866,-3.0446885,0
3.4640114,1.7966893,3
-0.53371614,-1.6834736,0
-0.22060868,-0.9139586,0
4.6352024,-0.68348515,3
2.2164407,0.20438732,3
-1.5320293,1.6450016,2
-1.5345167,1.4178853,2
3.6593816,2.6001797,4
-1.6316133,-1.708784,0
-1.3745415,-2.0289333,0
-0.5014146,0.4726346,2
-0.03475577,1.4573075,2
-1.1844087,-2.84179,0
3.584621,-0.06679706,3
-1.4608305,0.8297331,2
0.8404376,-1.0650336,1
-0.5534053,1.0427397,2
0.5763917,-1.2166913,1
2.0197167,1.354153,3
1.476621,-1.2401477,3
-2.522808,4.645187,2
0.31260267,0.3448279,2
-2.0042677,-1.230164,0
-1.2207596,0.0021988302,2
-1.8275677,0.074740425,2
4.0738077,1.6375953,3
-2.1301315,-1.6536326,0
-1.4257416,3.6123648,2
-2.1503754,-1.1855584,0
-1.5830652,-1.1213886,0
-0.97403866,0.34529805,2
-1.483183,0.9981974,2
-1.5995617,-4.5897756,0
0.15992552,-1.2912493,1
-1.3347105,2.2438936,2
-1.4727129,0.28834087,2
2.6143963,2.0240734,3
-0.39767075,0.38431948,2
-1.1921751,-1.4658107,0
0.09170492,-2.3522477,0
-0.26906654,-1.1655656,0
0.9304681,-1.4438204,0
-2.1095002,-3.101965,0
-2.4188654,3.1932113,2
-0.25857756,-2.221522,0
-0.6863367,-3.541406,0
-0.8506989,-2.868014,0
1.6914332,-2.0280116,0
4.2160153,1.1516181,4
-1.8116791,2.0551834,2
1.3398917,-2.9135113,1
-1.3916535,1.1942873,2
0.2003035,-2.406228,4
-1.3053247,1.860016,2
-1.1406417,-0.017394863,4
-0.05084894,-3.53246,0
-0.560627,-0.23871903,0
-2.1325357,-1.347231,0
-1.1196605,1.248812,2
-0.5737798,2.6131105,2
-0.68371797,-2.7162976,0
-0.71716505,0.852438,2
1.0899743,-0.530981,1
1.9463924,1.9214896,3
-1.4796808,-1.0801251,0
0.14386986,-2.1406405,0
0.8940038,0.46970928,1
-0.9749852,-0.79357857,0
-1.4207206,-3.2651126,0
-0.95470256,-1.0564277,0
2.0269897,0.4225136,3
-1.320604,-2.370063,0
-0.58371013,-0.15140525,2
1.1498809,-1.0408018,1
-0.5828048,-0.981896,0
-3.0020802,3.6043298,2
0.16062804,-1.23286,0
-0.8181755,2.6245492,2
5.526299,-1.5660665,3
-1.438126,1.9109315,2
2.221682,-0.88023514,3
-0.98892784,1.8891797,2
-1.3165973,-0.3414305,0
-2.4720752,5.0460424,2
-2.6144316,3.9920065,2
-0.92368937,1.5075105,2
-1.4186548,-2.578242,0
-0.12698556,2.6548715,2
-2.1151316,-1.5260739,0
0.63790125,-0.51224566,1
-0.8556071,-1.7741165,0
-0.9483162,0.6385106,2
-1.2012036,1.5691108,2
-0.06902262,-2.5888293,0
-0.5572042,0.6328781,2
-0.26123646,0.6138983,2
-0.8246687,-3.3221123,0
3.201935,1.9951882,3
-0.7437487,-1.2993448,0
1.5132831,3.83814,3
0.28560135,-1.9466492,1
1.1988745,-3.524772,1
1.0395037,0.73352116,3
-0.757542,-2.356194,0
1.0540935,-1.9879128,1
4.923285,0.010522805,1
2.3313954,-2.2412107,1
-0.14571902,-2.9059043,0
4.6849008,-1.5978667,1
-0.52083176,-2.795537,0
0.99903995,0.71811277,2
1.7665479,-0.5391419,3
-0.9801648,0.25494558,2
-0.3487849,0.7166303,2
4.6876836,1.0500604,3
-1.3032717,-0.019356843,2
-1.7858579,-0.28045934,0
0.5347426,-2.0738294,1
5.1042514,-1.4637353,3
-1.7746321,-0.41201687,0
-1.744549,-0.9396679,0
-0.34712493,-1.5413663,0
0.60307306,-2.0191453,1
-0.007470238,0.51853234,2
-0.16246885,-0.27806497,0
-1.6901633,-1.3840494,0
2.0259154,1.75689,1
-0.42395744,0.3124805,2
1.5849153,1.7588648,3
-0.47711125,-0.6226522,0
-1.433781,-0.61265033,0
-1.1659153,-0.44203287,0
-0.6166008,2.223509,2
-1.6113957,1.1243551,2
-1.4938169,-0.6330336,0
-1.966158,-3.4521809,0
2.1878448,-1.0416867,3
-1.7593883,1.0131847,2
-1.0689942,-0.68822175,0
7.2883034,-0.85491556,3
-2.115067,3.6228344,2
-1.0524803,-1.8390162,0
3.3148503,0.51719594,1
-0.5959563,1.1859347,2
-1.006198,0.546747,2
-0.50847846,-2.901605,0
4.2279816,-0.76190007,3
-0.17161834,-0.24616382,0
3.3099546,-0.17441002,3
-0.5572442,-1.3152591,0
5.0445366,-0.18739985,3
2.7786,2.1170115,3
0.64593345,1.9927604,2
-0.84847933,1.9426218,2
0.036583748,0.02199857,1
-1.996685,1.3549937,2
-1.6051363,-1.2278038,0
-1.0490512,1.0297102,2
-2.155469,1.1862862,2
0.84603965,0.60851717,1
-0.7370947,0.7756497,2
-0.90194154,0.5044234,2
-0.6828597,-1.7063472,0
-1.56761,2.3209999,2
-0.9123916,-0.062194884,2
-0.2138078,-2.2575278,0
0.33616152,-2.4222546,0
-1.3383151,-0.5423272,0
-2.3715985,2.2655613,2
-0.03438329,-2.9749327,0
-1.8529054,2.105748,2
-1.2617726,1.0729668,2
0.09232795,-0.061860785,2
-1.4961185,-0.65453506,0
2.405161,2.4706285,3
0.3249423,-4.711407,0
0.28975758,-2.365269,0
3.248074,1.5389448,3
6.6398478,-2.3671165,3
-1.0029305,1.2454488,2
-1.2053028,-2.530495,0
4.914027,0.79323584,3
4.069764,-2.4877353,3
-0.05984115,0.104005024,2
-0.8647065,-0.26721507,0
-0.5038594,3.2840526,2
-0.8474631,-1.2500025,0
-2.07356,2.3447015,2
3.8656344,3.0131686,3
0.90766996,-0.28327686,1
3.9440389,0.059940048,3
0.21290337,-0.8011469,1
-1.695796,1.3719877,2
-0.36761615,0.5261774,2
-1.3733672,0.38288724,2
-1.2149572,-0.848951,0
4.556808,-0.76150316,3
2.0448,-2.2125072,3
0.60373366,0.5844777,1
-1.0766253,0.9539792,2
0.5549447,0.088677004,3
-0.5208645,-0.7760407,0
6.3416333,1.692375,3
2.0609763,-1.4732578,3
-0.45506582,-2.9120264,0
-1.306083,0.89726114,2
-1.1491237,1.8775303,2
0.96769303,-0.35015815,1
-1.4407444,1.3656025,2
-1.6504036,-2.121773,0
2.4289012,-1.1700585,1
-1.7300831,-1.0281997,0
0.10070336,-0.2324226,1
-1.4412179,-0.69102466,0
-2.5185568,1.410782,2
-0.27533904,-3.8615315,0
0.026851421,2.0771618,2
-2.1554441,-1.5611095,0
-0.36944017,-0.13910493,2
0.36379507,-2.8525324,0
-1.5907501,-1.8388336,0
-0.569115,-1.1723093,0
-0.34291035,0.055789456,2
-1.1046215,-2.7532587,0
2.5644693,1.8404484,3
-0.7600032,-0.21498932,0
1.4361279,2.7124393,3
0.25761443,-1.1748829,1
-1.1356717,1.5607274,2
1.5963808,1.9055867,1
1.1548263,-1.5223612,1
5.4470534,-0.8384975,3
2.511423,-0.58027375,3
-0.38396454,-2.3533883,0
0.25411415,-0.3539061,1
-1.0729252,-1.515906,0
0.80741805,-0.61716384,1
-1.9912491,3.1098545,2
-1.4713781,-1.4179208,0
0.009101151,1.0309937,2
-2.1552227,0.8406569,2
1.5026749,-0.3879735,1
1.316469,-2.1135936,1
-2.197155,1.3614388,2
-0.8611627,-1.942347,0
3.622693,-0.8803344,3
-1.3543525,0.93553907,2
3.7520142,-0.17480354,3
-0.49128667,-0.2423934,0
-0.9931065,1.5339873,2
0.502666,1.3722212,2
-1.2996578,1.9191604,4
-1.4362899,-1.7674614,0
-0.7686313,-1.9029233,0
1.8330872,0.32041866,3
4.031397,0.014047667,1
-1.799701,0.5522357,2
-0.7603533,1.6892749,2
-1.8855361,-1.1688846,0
3.7442863,1.508541,3
-1.175046,0.4918406,2
-0.23209067,-1.0749182,0
3.6463704,2.3189647,3
2.5467048,-1.4905933,3
-1.7216729,0.9150923,2
-0.5553648,2.697414,2
-1.656528,1.9377818,2
-0.87499493,2.1436694,2
-1.0234005,0.6585904,2
0.79708177,-0.89063615,0
0.018726556,0.924722,2
-0.5824711,0.68002707,2
-1.7494377,0.30232042,2
-0.36743137,1.2288123,2
-0.15720183,1.740444,2
4.294218,-0.8871847,3
-0.6412494,-0.11378201,2
-0.18499209,-1.7895458,0
-0.86692655,0.90360427,2
-0.51147383,-3.2626011,0
0.7671145,4.7805915,2
0.5528519,-0.027185887,0
-0.031439308,1.1417744,2
1.1362567,-0.19567409,1
0.029244518,2.921659,2
3.4145923,-0.09879505,3
1.4945823,1.8280275,3
-1.6006156,0.8546053,2
-0.08403176,2.3554177,2
-1.6171485,-3.4656165,0
-1.2820154,1.3062266,2
-0.6647072,0.8828951,2
2.388403,1.3146307,3
-0.40300402,-2.1547065,0
-1.8342493,1.5635152,2
-1.8434813,-2.1064448,0
-1.6343052,1.4333322,2
-0.6837943,0.69049674,2
1.3410841,2.5178285,3
2.762027,-0.7652755,3
1.5654155,0.6300903,3
-1.3356857,0.781974,2
-1.498099,-3.002579,0
1.612528,1.6481334,3
-1.5869623,1.2757645,2
-1.3172644,-1.7175652,0
-1.2712555,-1.6493398,0
-1.9452641,-3.480025,0
-1.4342921,-1.9636678,0
-1.4205357,0.058035605,2
-1.6449177,-2.6420515,0
1.8515537,1.7194977,3
5.1136107,2.038817,3
6.3428216,1.4221287,1
1.4682984,4.3038273,3
-1.6129789,1.0041275,2
1.52032,1.2795482,1
1.8044925,-3.7978535,0
-1.1573548,1.4053397,2
2.666592,-2.289194,1
2.013641,2.0379157,3
2.6379225,4.491483,4
3.7811153,1.1934794,3
-0.03489301,-0.57479054,1
-1.4797118,-2.9313986,0
-0.9346442,-1.4768124,0
0.36100763,-0.7747169,1
-1.7854823,0.12857693,2
-1.7881308,-2.1479247,0
-1.6439537,2.8287451,2
-0.96078366,-1.7916731,0
-1.4617991,1.33745,2
-1.5290473,-0.7802022,0
-0.49543715,-2.481859,0
1.3792677,0.47935808,3
5.857242,-0.92876554,1
-2.2082703,2.8163774,2
1.3567665,1.0656416,3
-1.257143,2.883395,2
-1.3770348,0.29079646,2
-0.39558747,-0.09914552,2
0.016339539,0.22651403,2
-1.3846616,-0.37015724,0
-1.0456554,-0.6338535,0
1.7087884,-0.23340403,1
3.466943,-0.29386324,3
3.0764656,-1.702652,1
1.010163,-0.3980536,1
-2.002485,-1.2952299,0
2.030322,-2.3122478,0
-1.3696017,0.33120948,2
2.585534,0.45583117,3
-1.8825016,-1.627775,0
-1.5306947,1.8401603,2
0.65400463,0.20152502,1
-0.8269737,0.13349272,2
2.0778575,0.25544,3
0.05387753,3.0808237,2
3.2348902,1.7366571,1
2.354958,-1.3754824,3
4.827755,1.2564771,1
0.9909286,-0.01707528,3
-1.1917837,-0.00038200244,2
2.65719,1.1168066,3
-1.1574584,0.066726334,2
0.0589194,0.35190052,2
-0.43926767,-3.0414565,0
0.38446233,1.0410807,1
-0.1741021,2.1670477,2
-1.1691904,-0.10091453,2
2.6305485,-1.5521259,4
1.8461031,-0.33866566,1
-1.871253,0.7334065,2
-1.1878425,-1.0421363,0
0.5853091,1.4520956,2
-0.93921655,-1.6068556,0
-0.7017514,-2.1757557,0
-1.1411873,0.45720524,2
-2.263464,3.9509206,2
1.1207601,-1.5783243,1
0.29633406,-2.5099432,0
-1.2318558,1.2169772,2
-0.733561,0.93190217,2
-1.5936285,0.5176415,2
4.257238,1.2221375,3
-0.8449503,1.8976897,2
2.097297,0.2722665,1
-1.2477838,-1.0419115,0
3.914146,1.8809073,3
-1.2749102,2.5603836,2
-0.24180402,3.4531927,2
-1.4673921,-0.6448897,0
-0.15312895,-0.18922254,0
-0.4975331,-5.0881395,0
0.034535345,-1.2719673,0
-1.336899,1.7207243,2
-0.4924461,1.572081,2
-0.2593874,-1.0526185,0
-0.35145107,-1.2996067,0
-0.9541827,-3.3824272,0
-1.3947415,-2.0306604,0
-0.6112468,-2.8475769,0
-2.66603,0.5037698,2
-2.0274818,2.2121418,2
-0.3123691,-2.2970695,0
-0.7478073,3.9171324,2
-1.6971644,0.5365367,2
-1.7304401,1.3567476,2
1.8059013,-1.7158284,1
-0.6676512,-2.2399907,0
-0.13824303,-1.1752625,0
4.041108,-2.9332254,3
-1.7071198,1.8231267,2
2.2075799,-1.9604046,1
-0.48949707,-1.9027028,0
-0.4610539,-1.229712,0
0.40589437,2.522947,2
-0.65827996,-1.1728071,0
-0.9551819,-0.7474862,0
-0.72741205,-0.39171684,0
-1.0752577,-2.7051835,0
-0.35973522,1.6406516,2
3.693468,0.38688338,3
2.3561337,2.1360872,3
-1.4837493,-0.31346953,0
2.854179,1.030591,1
-1.0077031,-0.6047985,0
-0.07773718,-0.5879806,0
0.2410339,-1.0924194,1
0.7735304,-0.66612417,1
6.635666,1.8941158,3
2.2394667,0.06656498,3
2.04201,-0.37742287,3
0.15548006,1.0906332,2
2.015721,-0.6466319,3
0.27825946,-0.06929794,2
2.0561395,0.85859627,3
-0.96168673,-1.46047,0
-0.19295081,-0.87863535,0
3.9939628,-1.7726457,3
-2.052608,0.59927106,2
1.2539058,-1.6657755,0
0.36911693,1.8013139,2
0.87553525,-3.0165765,0
-1.8872898,2.7393956,2
-1.1562316,-4.3721204,0
2.7064693,-2.348961,3
-1.482603,-0.68423176,0
-0.48443913,0.5881107,2
0.696494,-3.1564448,0
-0.6814851,1.0014522,2
-0.9808091,-1.5955509,0
5.509093,0.62059397,3
4.072005,-1.1041839,3
-0.3702576,3.122728,2
4.4348235,-0.14094552,3
0.23602816,-1.7943293,0
-1.8747187,-1.9109266,0
-1.7075518,2.0933,2
4.180898,1.926996,3
0.9335148,-0.73088783,1
-1.6195432,3.5298438,2
1.6649729,-1.2544582,3
-1.4466598,-0.59189934,0
-0.77889645,3.9904373,2
-1.3157871,0.5719299,2
-0.71462506,0.37750804,2
0.10417983,0.19539033,1
-1.511512,0.9815275,2
-0.36326852,-0.24585938,0
-0.66946757,-1.4549441,0
0.1130592,0.47872704,3
0.21374583,-2.267778,0
1.0292689,-2.6465468,1
-0.5130382,0.32242823,2
-0.80966884,-0.81413025,0
-0.5847523,0.7371188,2
2.119612,-0.069570124,3
2.9261677,-2.3201869,3
-1.6668848,1.5303719,2
0.48450872,-1.9429322,0
-1.6771818,1.3717319,2
-0.96652234,2.2436092,2
-0.2884371,-0.31152618,0
1.5180602,2.221338,1
2.7549314,-0.24199174,1
-1.3649573,-0.74780136,0
-0.48789185,1.1639721,2
1.6766119,-1.0711113,4
-1.2613738,-1.7074277,0
-1.6342475,-0.39919275,0
-1.8565162,3.9726455,2
3.8502665,0.6516035,3
1.6616311,4.0477915,2
-1.4389904,-0.36027682,0
0.26770872,-0.31167573,1
0.35389102,-3.3002975,0
2.683759,0.80510414,3
-0.32017705,-2.8538938,0
-0.92019,-0.65901345,0
-0.89679474,-0.2782268,0
-1.0890253,0.070630275,2
1.6905949,0.029805169,1
-1.0735211,-3.8488579,0
1.1159372,2.8356652,3
-1.0351644,-2.660694,0
-0.49055648,2.8697767,2
0.81090325,1.1254846,1
-1.5294355,-1.5968295,0
0.679472,-2.624642,0
-0.8643679,-1.47201,0
-1.3361921,0.3441044,2
-0.9703889,-2.979707,0
1.3541001,-2.3330867,1
0.96761787,-0.9648421,1
-0.9065882,0.36844873,2
-0.06417999,-1.697443,0
-1.3745273,-0.4849034,0
4.55005,0.8001554,3
-1.5531218,1.2138048,2
4.6583834,1.4399197,3
-1.7380044,2.5095434,2
5.3928103,1.6067859,3
2.0822766,3.0767002,3
-1.1951615,1.869348,2
1.2303394,-3.4559069,0
-1.1512682,-0.15948653,2
8.076748,-0.9217135,4
4.215273,1.370448,3
3.8827662,-0.775082,3
2.2890356,1.1012911,3
0.92759055,2.3886123,2
-1.3929404,-1.7811437,0
0.19716457,-0.3389321,1
-1.5757235,0.60628414,2
-1.7329255,0.26903838,2
-1.7866081,2.068374,2
-1.2931635,0.6792876,2
2.876442,0.9500392,3
-0.44003162,-1.3252926,0
0.15906379,0.49237758,2
1.7670647,1.6468084,3
2.7281282,0.18208455,4
-1.5481654,-0.88779336,0
-0.83334863,0.5259425,2
-0.30454502,-0.9912122,0
-1.2089257,1.7661519,2
2.0137672,1.1644051,3
-1.7360674,-2.249019,0
-1.4140794,0.80648756,2
-0.5605714,-1.429737,0
-0.91749746,-0.46228534,0
-1.6274786,-1.3395536,0
-1.0500001,0.9265493,2
-1.817694,-0.042310417,2
-0.8563669,-0.06046789,2
0.21023583,-3.3006356,0
2.232838,2.6833353,3
-2.0770042,1.8440745,2
0.11413018,-0.18416642,1
2.5284925,3.5451264,3
-1.3113949,-2.6910055,0
-0.40908897,0.9792115,2
0.23080643,-0.91853327,1
3.5848076,-1.6468004,1
-1.6760408,-2.5335953,0
-2.3460696,-1.4041817,0
1.9502327,-0.80934066,1
-0.41323152,1.0827606,2
0.083969936,-0.40899634,1
5.6201167,-1.3233874,3
-1.8038965,1.0736314,2
-0.5704081,4.8962,2
1.612008,-1.000223,1
-1.2943124,-0.3177094,0
2.6863778,1.1421292,3
-1.0699874,-1.0992006,0
-1.3124942,-1.020596,0
0.7768032,0.11539061,1
-0.8550165,0.4870066,2
-0.0014547927,-1.2388926,0
-1.5153887,0.25695628,2
-1.1414015,-0.7039422,0
-1.2725589,1.7818519,2
1.3783395,-1.198177,1
-1.9518394,0.19128557,2
3.8701115,0.03948257,4
-0.26806393,-1.646268,0
-0.7380222,2.289174,2
0.52225,-1.234716,1
5.797132,1.5365989,4
1.6880456,-1.3586748,1
-2.7754343,2.2887084,2
-1.595489,0.35235673,2
-1.3309214,-2.868767,0
2.0853884,0.8924609,3
1.9322128,0.040306143,1
-0.35020077,-1.738395,0
1.819248,0.67484194,1
-1.9558445,-1.2149963,0
-0.6304899,-1.0535595,0
-1.152832,2.6711583,2
0.56565183,1.8412758,2
1.0024596,1.6346799,2
-0.10811204,-3.0622134,0
-0.816325,1.4810311,2
-2.059327,3.6328635,2
1.7229259,2.1805425,1
-1.1433479,-1.2395403,0
-1.4958329,0.24554802,2
2.6797996,-0.8544199,3
-0.8120094,-0.8027106,0
-0.025960313,0.26006424,2
-0.5380604,-3.0305178,0
-1.1205524,-0.6392483,0
1.5942715,-0.50444996,1
-0.66560477,1.6091771,2
-0.92218345,-1.9351662,0
-0.23264919,2.957791,2
-0.24747027,-1.8541981,0
-0.9561868,-1.5254558,0
-1.0151576,-1.8450004,0
0.41104925,0.59125036,2
1.2490749,-0.17127167,3
-1.2757559,1.3756078,2
-1.1566477,-2.199386,0
-1.4727057,0.306409,2
1.5374675,0.61961097,1
-1.5114981,0.117555395,2
-1.7179407,-0.7642556,0
-0.7308266,-0.06836635,2
-1.3112829,1.0840746,2
-1.4267651,0.676005,2
-1.0154736,-0.12987976,2
-0.042995524,-1.2783306,0
0.21836245,-0.21354912,0
-0.5227619,-0.28703845,2
-0.0843236,2.4329548,2
6.745408,0.12020145,3
-2.0468764,-1.4692281,0
6.331524,-2.2116094,1
-0.33772647,4.582039,2
-1.6344491,-0.23249058,0
-0.58951837,0.74618185,2
5.988168,-1.8137238,3
2.3839724,-1.8014799,1
0.10059226,0.8571167,2
2.049562,2.4361105,3
0.8941789,-0.017779265,1
0.59684145,0.464859,2
-0.99793756,1.9100296,2
-1.4932144,1.6907488,2
0.07118001,-1.7306483,0
-0.9001943,-1.7112887,0
0.63601106,-0.565596,1
1.6739315,1.438791,3
1.6515353,-0.5767124,3
-0.88836056,2.0025198,2
5.6394253,1.9809678,4
-0.16229868,-2.0864813,0
-1.9607208,-0.46056974,0
0.37532344,0.6959138,2
-1.0754292,-2.040983,0
-0.7914846,-0.5805822,0
-1.3786122,-0.21998088,0
-0.40084174,1.2201401,2
0.2902634,-1.3333068,0
1.1466296,4.015849,2
4.1483502,3.76505,3
-1.3805918,-1.3274269,0
-1.7874852,0.015299484,0
2.3763282,-0.05505024,3
0.5858731,-2.4751813,0
-0.9420504,2.8628795,2
3.473809,-1.9516696,3
-0.73051035,-2.8133926,0
-0.6821691,-2.7582219,0
-1.8886415,-1.2518492,0
-1.7334167,-0.49921054,0
0.72815233,-0.6170838,1
-1.6105804,-1.8532889,0
-0.7544955,-2.230858,0
-1.8109392,4.470834,2
-0.28079966,-2.1719043,0
-0.99362653,-0.21115895,0
-1.8133445,-2.561922,0
-0.94206655,0.45544904,2
1.6283696,-3.825126,0
-0.49722412,0.3024873,2
1.9743171,-3.3073547,1
1.9694778,0.25340074,3
-0.9558793,1.5686498,2
-1.6789795,1.4750731,2
3.6491528,-1.7863015,1
-0.0039559854,0.8932641,2
-1.6639744,0.693754,2
2.5244522,2.2853494,3
0.77283454,-0.40042675,1
1.9822998,2.039038,3
-2.1225724,0.2269889,2
-1.7475713,-0.297961,0
-1.2326413,2.220289,2
0.36326677,1.1580318,1
-0.82339716,1.6054783,2
2.983032,-1.8533982,1
-0.6338452,-0.35772014,0
-0.14276087,1.334309,2
-0.90861374,2.0741162,2
-1.9270681,-0.72527784,0
-0.7356645,-0.10655129,2
-1.9219369,-1.1512424,0
2.6265628,0.40795553,3
0.64282733,-0.27986896,0
4.2929945,-1.2232203,3
-0.25652957,1.0244157,2
-0.9431221,-2.202146,0
1.6474564,-1.5173392,1
-2.1755247,-0.9924357,0
-0.43585828,2.968409,2
2.5877297,-1.7846988,1
3.372931,3.0471814,3
-1.4976599,1.9312652,2
0.006445339,-0.9967709,0
0.95520484,-1.303747,1
-0.96976286,-0.8084934,0
-1.4231174,2.3124456,2
-0.14314133,-3.5496986,0
-1.5405068,0.00847153,2
4.2865815,0.7060415,3
-1.2605401,1.0521462,2
-0.9574696,2.7682412,2
-1.1406167,-0.7630276,0
-1.7217106,1.6116524,2
0.8086976,-1.584118,1
-0.8432445,2.462179,2
3.1260827,-1.6126366,3
0.6165296,3.6417398,2
-0.7652996,-0.2521835,0
-2.043609,-0.11545822,0
-1.8288541,1.8547716,2
-0.030714134,-0.1397253,2
-0.8991661,-0.68477947,0
-0.71976155,0.83151567,2
3.549039,-0.8819678,3
0.30964458,-2.387911,0
-1.5408643,-1.0400373,0
-1.2003915,-0.24037048,0
1.7791452,1.6762502,3
-1.8140244,1.815799,2
1.0747453,-0.047262892,1
-1.3430698,2.7647448,2
-1.6439698,-3.668245,0
1.7979913,0.20095408,3
2.1216605,-2.6616106,1
-0.47898296,1.5855117,2
2.4920375,0.26504993,1
-0.66037816,0.8260885,2
3.2984133,1.2480646,3
-1.6905468,0.8718524,2
-1.579664,1.9050715,2
-1.0221145,-1.5946676,0
-0.5637149,-0.12873545,0
-0.12643273,-2.0197852,0
2.1422505,0.006992936,3
-1.1078498,-0.5637767,0
-0.98484975,0.76694155,2
-1.4684564,1.8523474,2
4.1086307,-0.13775213,3
-0.25498024,-0.16597098,2
0.107939065,-2.4750695,0
-1.5604585,-0.15005796,0
-1.244033,-0.7408404,0
-1.6821158,4.564253,2
1.4227762,-0.69575554,1
-1.506635,0.35134023,2
4.185527,-0.23650704,3
-1.610271,-0.524413,0
0.23149088,-2.9525561,0
3.9482954,-0.23782854,3
-2.116186,1.5011777,2
-0.9024226,-0.74004567,0
-1.0790901,0.1348618,2
-0.3855617,0.67384905,2
2.2460577,-0.29558545,1
-1.6702899,-0.16148898,0
-1.585198,0.64315635,2
0.280702,-4.6926837,0
-0.25760844,2.2720368,2
4.0723844,1.3269585,3
-0.17465737,0.6669281,2
-1.3073099,0.86066896,2
3.7049232,-1.2912933,3
-2.1305845,-0.34152997,0
-0.29587618,-1.1275603,0
-1.5363148,1.8651055,2
1.8613447,-3.2887452,0
5.1768327,1.490134,3
-0.8161932,0.65557647,2
-1.5410835,2.1100461,2
-1.4482248,-1.4015317,0
-0.13035382,0.5742202,2
-2.7099876,1.5331078,2
-1.0109178,-0.07042816,0
-1.593061,0.14433418,2
0.021687834,-0.96718603,0
-1.8944912,-2.7972944,0
-1.7048128,-2.272284,0
-1.0180681,0.40963376,2
-0.66362053,0.38726562,2
-1.4864906,1.3089539,2
1.6678258,0.66036826,1
2.8711092,-0.7960811,3
-1.4103084,-3.045298,0
-0.13985856,0.033931494,1
-1.4588231,-1.4793687,0
-1.245318,-2.929847,0
-0.46101233,-0.36913258,0
0.6445513,0.060734138,1
-0.03658478,-1.9402301,0
1.7665409,1.2040387,3
8.361298,1.6891743,1
-0.6885288,0.7698147,2
-1.5829566,1.6214713,2
-1.0709018,1.4097275,2
-0.16542915,0.80134475,2
1.4805635,-0.8276882,1
-1.621647,-0.81090677,0
-0.031656347,1.9279697,2
4.0316195,1.2060757,3
-0.5616433,-0.91823435,0
0.8431634,-0.7548949,1
0.73499537,-3.3350022,0
-0.6231337,-0.91308594,0
0.5488807,2.6535041,4
-0.87236583,-1.1517811,0
3.6298892,1.3000925,3
-0.9270082,3.1466,2
-1.3350925,0.5015699,2
-1.1996014,-1.7727895,0
0.925721,-2.772206,1
-1.5183223,-1.6465503,0
0.6600877,2.028166,3
1.4785256,-0.64768595,1
-2.9243722,3.53319,2
0.43441236,1.3050143,2
1.4790837,0.1894836,1
-1.4336538,0.077116534,2
-0.76411796,1.3726004,2
2.9504428,1.0949626,3
1.996748,2.493907,3
-0.9890306,2.43487,2
-0.754049,1.4722004,2
-0.56030416,0.903838,2
2.896902,-2.0533729,1
-0.37014547,-0.8739191,0
-2.0941164,-2.2061274,0
-0.20953259,1.7993412,2
0.48748633,-0.88451606,1
0.2790918,1.7939461,2
2.639751,-1.3012736,3
1.605298,-2.053357,1
-1.1982727,-0.10547905,2
2.1481197,0.7826403,1
-0.22552477,-1.3828546,0
-0.64923024,0.79728585,2
-1.611203,-0.22913752,0
-1.4990993,0.7915813,2
-1.7799324,-0.27342176,0
-0.773759,-1.4228523,0
0.45674533,1.0318925,1
-1.7250247,0.8439356,2
-1.4427466,1.7533911,2
-1.6589744,0.40369916,2
-1.2667444,-1.0736723,0
-0.85762215,-3.1876109,0
3.2571318,-1.6179883,3
-1.9503394,0.32582492,2
-1.6454298,0.6826419,2
-0.20896496,-1.6746874,0
-1.4112134,-1.7089773,0
-1.4933614,-3.009486,0
-0.76373786,0.22022016,2
2.5333662,1.2658285,1
2.2913263,0.6644792,3
-0.54747725,-3.8312767,0
-0.92441404,-0.37329477,0
-1.2484688,-1.7357875,0
-1.9836991,-0.6987754,0
-0.13954377,0.8523831,2
-2.357025,-0.011530656,0
-1.5217968,-1.2332362,0
-1.9750795,0.6639516,2
2.4323306,-0.7540261,1
5.8132696,-1.5625894,3
1.2083131,1.3035444,2
-1.4853876,4.14761,2
1.2483697,-0.7350244,1
-0.8252994,-1.9301273,0
-1.3453878,0.525047,2
-1.1664863,1.309121,2
-1.0007929,-1.2848183,0
0.15736094,-2.0694573,0
0.90986395,-1.1256007,0
-1.0432066,-3.3135688,0
0.84974414,-0.35744417,1
3.7308218,-1.709175,1
4.3769026,3.919328,3
0.30548677,-1.827265,0
2.6205044,-0.030648023,3
-1.1957043,-1.4886861,0
-0.6245358,0.91672814,2
-1.1165023,-2.7457664,0
4.403115,4.405403,3
-0.035504688,0.17156614,2
2.1817977,-0.6816208,3
-0.9711723,3.3815372,2
-1.6591318,-2.3480673,0
0.31473932,-2.0710654,0
-1.3924681,0.44125032,2
-1.6813099,0.34755868,2
-1.218281,-1.7205322,0
-2.1142235,2.9492915,2
-0.041525338,2.5259736,2
-1.6063004,0.050378747,2
-0.5524886,0.7767042,2
-2.0798714,-1.1603074,0
1.7689186,-1.3812122,1
-1.1681387,1.9914119,2
-0.6858403,3.9204931,2
-1.7323,2.308533,2
-1.8306944,-0.27278566,0
0.8168537,-0.99518627,1
-0.03728928,3.5346837,2
-0.5165494,-0.46813667,0
0.31648186,1.7348437,2
-0.7792584,-2.0509784,0
0.16729115,-2.7994099,0
-1.2467412,0.25120687,2
-1.8680936,-2.1557262,0
-1.7929305,-0.013265157,0
-1.9308308,1.4330986,2
2.6121378,3.5926435,3
0.58025646,-2.5114338,0
-0.50349605,1.4645528,2
-2.0615716,2.3120682,2
-0.08652669,-2.0728981,0
5.572384,-0.09846492,3
-0.75089276,-1.4655232,0
-0.66973513,-3.4742112,0
2.8848622,0.15112847,3
1.2548462,-1.4215573,3
0.1586267,0.21053837,2
-0.07081032,1.1344684,2
-1.6856893,-2.9162042,0
0.24076411,-0.08110911,0
-1.8567939,3.7504132,2
-0.6817942,1.7533623,2
-1.1955351,-0.7521565,0
0.31679428,1.4213839,2
-1.7798135,-0.42157227,0
2.0931697,2.6144176,3
1.3968816,-1.1233892,3
-1.3586447,-1.5197399,0
-1.1996653,0.2725724,2
5.424826,-0.44367385,3
6.511665,-0.10921422,1
-1.7057271,-0.27351052,0
-2.0408545,1.2977709,2
-1.2389523,-2.2165482,0
4.3587294,-0.080897525,3
-1.4322065,3.4356277,2
-1.5142816,1.0606481,2
-1.1636432,-1.854497,0
3.3601928,-1.7602599,1
-0.8315689,-0.004243264,2
-0.85739994,-1.2014989,0
0.667542,-0.05609815,1
-1.6361868,1.5733237,2
1.6127713,4.3601403,2
1.0612688,-2.5090644,1
-1.6295644,-0.7830617,0
-2.1419835,0.09644866,0
3.8336062,-0.4190104,3
-1.9047605,-2.6352484,0
-0.12696692,0.78111005,2
-2.3393378,0.26989073,2
-2.233518,1.9318799,2
0.9822845,-1.5768285,1
-1.8463113,-1.9234273,0
-0.9281438,-3.6595886,0
0.5159483,-1.461046,1
-0.36933783,0.39821112,2
-1.5463815,1.2471104,2
-1.693619,1.3225743,2
3.0993059,-2.3946304,3
0.11422965,-0.67503065,1
-1.7966933,-1.7265319,0
-1.3802793,-0.9552216,0
1.697176,4.029241,2
-1.522253,1.298713,2
2.3743517,1.9170401,3
5.0366735,2.4437854,4
-1.9087682,1.6496302,2
-1.8916532,2.7685325,2
3.3917592,1.1804895,3
1.2421175,-0.78382826,1
-2.5372424,1.1263326,2
1.3506824,0.799612,1
-2.413005,4.2966623,2
-2.4868593,1.8383604,2
-0.1381462,-1.8400493,0
-1.9379914,2.8911493,2
0.5676968,-2.7548313,0
-1.0109127,3.0799775,2
-1.5693419,-3.8361194,0
-0.0961028,3.2371562,2
-0.25251114,-1.040258,0
-1.6361475,-0.35963285,0
-1.0696076,-3.514158,0
-1.3989928,0.88033813,2
-1.704761,-0.7915335,0
-1.3843138,0.79511,2
3.8234272,-0.044862434,1
-1.3592882,-1.0018255,0
1.470341,2.5627077,3
-0.24721664,-1.9562881,0
-1.2941849,-1.181848,0
0.2378399,-0.87217605,4
-1.3485633,-0.2633525,0
-1.6399287,-3.3382077,0
-2.247529,3.8105953,2
-0.96601313,0.2514102,2
3.3587453,0.4840086,3
2.5191512,-1.677326,1
-2.0597303,1.9982705,2
-0.5047644,-2.2008746,0
0.59891915,1.793412,2
2.1237988,0.6317477,3
0.03922532,3.2531326,2
0.72286564,1.376694,1
-1.7230582,-1.3375027,0
-0.65258694,-0.15529759,4
-2.0760846,0.31111896,2
-2.3366265,1.1281654,2
-0.40029484,0.5808195,2
-0.5915404,1.914631,2
-0.99574965,-1.4867805,0
2.4611938,0.8942244,3
-1.4730026,-0.26620328,0
-1.1350596,1.898818,2
-1.1269705,1.3923802,2
-0.5386469,-1.5562148,0
1.6312968,-0.94132525,3
2.9719138,1.0671871,3
2.9169421,4.0296526,3
3.6051126,0.33422327,3
1.902429,0.1400858,3
-0.24187592,-1.5346853,0
4.312904,-0.37529993,1
-0.4013446,1.8082448,2
-2.0385895,-0.30110198,0
1.1114175,-0.27775776,3
-1.6755916,-3.8141072,0
-0.61451215,0.67565715,2
-1.6365541,2.9134278,2
-0.64639616,-1.8333771,0
-0.8042794,0.91925067,2
3.25185,0.5878102,3
-0.4374411,2.4243457,2
-2.2860441,3.6449938,2
0.87872636,-2.4345949,0
0.23922288,0.076506004,1
-0.12894174,-2.4123814,0
1.8965516,2.0430255,3
-1.1161916,1.3521738,2
-1.9414427,2.5235267,2
1.1275574,-3.5524926,0
-0.8741244,-1.5174502,0
-1.5729706,0.32907218,2
-0.61789244,3.9675038,2
-1.2565054,0.062381387,2
0.751437,-1.6208647,0
-1.7236667,0.78529435,2
4.799229,-3.406717,3
0.0148485,-1.5890697,0
0.5471216,-1.4646162,0
2.7365215,0.052034974,3
2.3152795,3.3630743,3
0.0045240624,-0.88436836,1
-1.5573199,0.8767975,2
0.5630397,-2.874276,0
-1.0478945,0.49450308,2
2.492068,0.9186814,3
-0.15368074,-0.7875649,0
-0.47169688,0.028376475,2
1.453908,1.0560757,3
-1.9138006,-2.6829574,0
-2.3287227,1.1365639,2
-1.6438903,-1.0318146,0
-1.2260319,1.9136524,2
-0.8627837,-2.1024969,0
0.82164794,0.9708484,3
-0.75133127,1.3521092,2
-1.6848867,2.2872367,2
-0.28898475,-4.425058,0
3.5870748,1.0498598,3
-1.6783007,2.0907972,2
1.7396536,3.0248024,1
-0.470236,0.59189683,2
3.4929733,0.19830354,3
-0.97173357,-1.7909279,0
-0.8632979,2.0570285,2
8.241821,-0.5007942,3
2.1635778,-1.2800646,1
-1.8539437,3.95041,2
0.09208462,-0.29140878,0
-1.4040965,-1.4280721,0
1.6426532,-3.3256812,1
2.6308267,-0.26767373,3
-0.86251813,-3.1290312,0
-0.7515981,-4.3136034,0
2.7491918,1.2206366,4
2.7135527,-2.9119263,1
-0.7277535,0.44114196,2
0.45857415,-1.7651758,0
4.2889414,-1.019191,3
-1.5263169,-1.4977827,0
3.0366352,3.3852968,3
-1.4905638,-2.1961873,0
-1.7901036,-1.5873026,0
-0.87718743,2.3094976,2
-1.1892021,-1.5714428,0
-1.1091648,-1.7656661,0
-1.7289536,-1.2197895,0
0.81281364,-1.5148176,1
0.95489645,1.1331341,4
-0.94218427,1.5757499,2
1.1797168,-0.33759522,1
2.403535,-0.8667556,1
-1.3864632,0.9594379,2
0.13073201,-1.5602415,0
-2.1997356,-0.23816572,0
2.0810704,2.541107,3
-1.1265758,0.4825043,2
-0.46740085,0.16092923,2
-2.637679,0.97335905,2
1.930136,2.4161525,3
-0.89806926,-0.7741075,0
-0.26932883,-0.1326672,2
0.50240093,0.076641165,1
-0.94017845,2.678173,2
6.5515103,-1.250532,3
-2.2450757,6.0313673,2
0.62796885,-1.719306,1
-0.33143234,-0.35319817,0
-0.92583627,-2.920441,0
-1.4829372,2.1288135,2
-2.1892326,-0.3175624,0
1.0200665,1.6866156,3
-0.6632868,1.0377207,2
2.2038743,-0.48280764,3
-2.6203923,1.8879206,2
-1.702361,2.253097,2
2.397085,-2.4500446,3
3.1671135,1.3688899,3
1.1004066,-2.3809202,0
-0.63594776,1.0271502,2
-0.5619918,-0.28999776,0
-1.5291637,-2.870442,0
-1.5868309,0.6316062,2
3.357046,2.344153,3
-0.3869782,2.5067177,2
0.6870215,-0.69528323,1
-2.1301236,4.5762463,2
1.6077788,-2.0525362,1
-1.1820841,-0.36158192,0
-0.6517855,-1.4135116,0
-0.46820512,-2.5094488,0
-2.399968,1.7263863,2
0.97407824,-3.1801677,0
-1.2460632,1.8095024,2
-0.72406405,2.553907,2
-0.2549926,-0.76350194,0
-1.6514214,-3.0631452,0
-0.5563839,0.5288194,2
1.2913356,0.37089467,3
4.2122626,0.55138135,3
-1.2439188,-1.0974514,0
1.7221622,0.3069145,3
1.0385722,0.10329065,3
-1.1316642,-2.3722332,0
-0.938677,-1.1325113,0
1.3379431,0.347821,1
-1.121542,3.322942,2
-1.1603884,0.27412283,4
0.354906,1.0495898,2
2.4118025,2.1389375,3
5.2024484,1.1888696,3
-0.7778855,0.78473264,2
0.23359486,0.03840746,1
-0.030337328,2.5487037,2
-2.3609889,4.4682765,2
-1.9383917,1.9267125,2
-2.1601188,1.6692529,2
3.4874656,0.7099526,3
-0.8161884,0.6064014,2
-1.4026773,-1.9322238,0
-0.851668,-2.985363,0
-0.68317914,2.8922286,2
6.0113573,1.4973094,3
2.593738,2.165462,3
1.2700963,2.6218321,1
0.55988413,-3.4092567,0
2.1751146,1.0166305,3
2.1855063,0.5145336,1
-1.8178988,0.35285795,2
-1.0198236,4.3661194,2
-1.8348885,0.9987765,2
-1.0739477,-3.28112,0
-1.5213705,-2.5023837,0
1.9988657,2.4757535,3
1.1502928,-1.7854956,1
0.9605521,2.5353787,2
-1.3163091,-0.96722627,0
-1.2291161,-0.93915147,0
0.80664057,0.9047783,3
-0.34785813,0.26608634,2
-1.6013162,3.8740847,2
-2.4524221,2.5636518,2
-0.78785545,1.227111,2
1.1418233,-3.5097716,1
-0.84450626,-1.0849679,0
4.6557283,-1.0283476,3
2.5944424,-1.3065884,1
2.0784154,2.0645564,3
2.3329592,-0.2408701,3
-0.8954172,-1.0056512,0
-1.366931,-0.30103296,0
-0.17930205,-4.127157,0
-2.6869228,3.75312,2
-1.7841862,0.4430614,2
-0.45991564,1.4594557,2
-1.0973514,-2.9755023,0
-0.52650803,-3.728341,0
-1.6786453,-0.75031406,0
-1.1119794,-0.46606582,0
4.8038497,-1.7555594,3
0.89552593,0.92843074,1
-1.9268631,3.02019,2
-1.2389433,0.6544873,2
-0.24596554,1.0130303,2
-0.96137685,-0.090857014,2
2.2553577,-1.1112512,3
-1.3085207,0.06301716,2
0.88859785,2.066286,2
-0.8710812,-3.308198,0
0.21316753,-1.9545465,0
1.0984131,-0.4041081,1
0.03610013,1.4894518,2
-0.6825813,-3.102927,0
1.1418554,0.8541923,3
-1.8565257,0.038927518,2
-0.11799586,-2.1579843,0
3.3437483,1.9295872,3
0.28924546,1.2862525,2
2.7197797,-3.292084,1
0.6148401,0.8669414,1
3.1712606,1.7215889,3
0.78035235,-0.40671086,0
0.06094654,1.0420569,2
0.23160344,-0.46635616,1
-1.0371221,2.1834438,2
2.9831889,-1.029597,3
-0.17931738,-0.17443214,1
-2.399664,1.0733149,2
0.7930139,-0.92234033,1
0.060219467,-0.123942256,1
3.387982,-1.301808,3
-0.91334015,0.8602839,2
-1.9288731,1.0057529,2
-0.5201324,1.998049,2
-1.5283059,-0.4454642,0
-0.12524657,1.6650789,2
0.9317929,3.303745,2
6.199511,0.28528082,3
-1.1028206,1.0870221,2
2.2404888,-0.49360907,1
3.151812,-1.6228001,3
-1.041234,-0.641205,0
-0.7778007,2.7759392,2
0.8099915,0.60951763,1
-0.35093346,-3.684649,0
-0.96784437,-1.7438765,0
-1.5351219,-1.0963014,0
-1.0505842,0.46501505,2
-0.057350125,-0.20930722,0
-1.0405543,0.60891914,2
-0.08549838,-1.2840614,0
1.9610507,-1.5519967,3
-1.108077,-1.9069066,0
-2.3539317,2.0274415,2
-0.6822973,0.02480216,0
-1.0842115,-2.9208872,0
3.5427246,-0.66641426,3
-1.1074932,2.0271966,2
-1.5801151,1.3754045,2
-1.0954101,1.2350127,2
-0.90696967,-1.185013,0
0.2680792,0.8244931,1
-1.5106325,-1.3859882,0
-1.1690509,0.5906689,2
1.548508,0.606713,1
-1.2716621,0.8129346,2
3.6141214,2.177422,3
-2.3469167,3.6047359,2
-1.6683321,-0.9927877,0
1.5067067,0.99877495,3
2.6449888,1.1921189,3
-2.630778,2.2523658,2
0.39369202,-0.42693025,1
0.047982346,-0.08650768,0
-0.6305676,-3.7784526,0
0.16538176,-1.6938598,0
3.9384606,-2.3144486,3
3.2125983,1.671971,3
0.70153135,-1.8278286,1
-0.44805503,-0.109995775,0
-2.3905113,2.2163117,2
-0.23013699,-0.93361336,0
-0.995651,-4.7809644,0
-0.9789638,0.17148456,2
-1.7340728,2.0981598,2
-0.99705136,1.6433806,2
3.3476412,-1.9294095,3
0.06995019,-1.3572322,1
-0.8509847,-1.4690644,0
-1.870472,-1.0729955,0
0.78190637,-1.7320949,0
0.8048281,-0.9764088,1
-0.68334824,-1.6961218,0
-2.1168742,-0.65151685,0
-0.17057024,-1.5675089,0
0.74932045,-0.15772969,1
-1.2542065,1.556923,2
-1.0387069,2.7603297,2
-1.036121,-2.492935,0
4.5627813,0.30144882,3
-1.3551135,-3.4894676,0
3.2828982,0.22576417,3
0.19006945,-0.08981094,0
-2.3393226,3.513852,2
1.2046564,-1.9320841,1
-1.4036278,0.5570996,2
-0.6500652,-1.1904483,0
0.680615,-0.12349611,1
-1.9561161,-1.3759719,0
0.8796757,1.3493522,3
-0.16436934,-2.1962442,0
4.323611,1.8049586,3
-0.863565,-1.1279155,0
-0.19545448,1.1595199,2
-1.006378,-1.6314149,0
-0.8005787,-2.7875228,0
0.6891358,1.2272259,1
0.22938891,-2.2878592,0
-0.8548814,3.6189992,2
-0.15182175,-0.02785576,2
-2.9207203,0.32906795,2
4.534134,1.5588616,3
-0.25741255,-1.210465,0
1.6593571,0.13065425,1
-1.8253584,1.1644831,2
1.9688127,-1.2079246,1
-1.5219386,1.2318288,2
0.056152478,-0.94407105,0
-0.4559849,-0.7885218,0
-0.25451732,0.6557587,2
0.203362,-1.0935436,0
-0.9183416,-0.81235594,0
2.6966107,-2.7068198,1
-0.043941114,0.6112777,2
2.278425,-0.053280123,3
-0.004270198,-1.1431276,0
-1.1697805,1.299895,2
-1.310451,-1.3148134,0
-0.17503873,1.189785,2
1.2433493,1.9633468,1
-1.2021586,1.407365,2
-1.9746389,2.6454105,2
-1.8423047,-1.322523,0
-1.4074082,0.6545945,2
-1.860573,0.09144279,2
1.4170038,1.647852,3
-1.5634677,-0.64342314,0
-1.5770423,-2.550307,0
-1.3850205,1.2612207,2
-1.5458555,0.47027045,2
-2.4331982,1.0751513,2
-0.10267794,0.92623645,2
-2.0517037,-2.2881417,0
-0.9115987,-3.1448998,0
0.35179615,1.2581825,2
-1.9409342,-0.53057814,0
-1.6496892,1.4258646,2
-1.6365788,0.8199032,2
-0.625658,-0.4330603,0
0.45119882,-0.7057262,0
-1.51252,-2.6068072,0
-0.31904212,-1.2285196,0
2.4752517,0.4805944,1
3.4214783,-1.3652459,1
-0.7532515,-1.6178601,0
0.5100589,-2.1019595,4
-1.5781324,1.2945224,2
-1.2422966,-0.1778587,0
-2.3306262,0.16999945,2
-1.2829739,-3.5131252,0
-0.42063344,-1.7173585,0
-0.117120944,-2.2722554,0
-1.1662023,-1.3831676,0
1.6831542,-0.091457166,1
0.35283026,-1.3002063,0
3.037969,-0.20031211,3
-1.9503404,0.7161252,2
-0.6471526,-3.260044,0
0.14207482,-0.9266916,0
-2.2094107,0.29531115,2
0.6175611,0.17016129,1
-0.26649612,-1.0857046,0
-1.0928721,-0.3543576,0
0.38893694,0.9699617,2
2.0025084,-0.20050502,3
-1.4172655,0.7382421,2
4.6420474,1.2960188,3
3.2314909,0.1508152,3
1.8505644,1.0707779,3
-1.2129734,2.2920659,2
3.5787928,0.26151443,3
-0.36019936,-0.90026265,0
0.71222013,1.4661391,2
-0.1819115,-2.2824636,0
4.3173747,-0.8482329,1
0.49681735,-1.6635795,0
-1.3521284,-2.2536874,0
-1.5779275,0.59653044,2
-1.1990607,-1.4639859,0
-1.7936591,1.2972838,2
-1.0012391,-2.8816683,0
0.9805563,-3.1370242,0
0.1631768,-0.39798045,1
3.7811246,0.6510171,4
-1.6289105,-0.4142928,0
-2.2338145,4.353202,2
-0.36590445,-1.8911952,0
-1.4964646,3.0354474,2
-0.45672402,-2.5298119,0
-0.99739176,-1.4808595,0
-1.278554,0.6172906,2
2.661659,0.39666528,1
-0.7155481,0.71253115,2
-1.3834493,0.73320526,2
-0.91509825,-0.5419617,0
3.4383168,1.0426214,3
-1.2141472,-1.8593845,0
2.4053648,-2.142217,3
-1.1772825,1.7404609,2
3.5401187,0.09098647,3
-0.76394325,-1.0026647,0
2.4144406,1.706965,3
-0.60473037,0.3426121,2
-1.3418489,-0.84367174,0
1.6291852,3.2102494,2
5.459157,-0.25199842,3
-0.5351978,1.595099,2
7.3175864,0.23457704,3
2.5040495,-1.2355796,3
-1.8676344,-1.1861638,0
-1.1485686,-1.4231755,0
-1.6642622,3.1622677,2
-1.1538434,-1.1969936,0
2.7122881,-1.9938014,1
-1.9361955,1.1473507,2
-0.2506122,0.9332267,2
3.4910102,-1.1242455,3
-1.2538389,0.75086397,2
0.9798951,0.48841995,1
-1.686223,0.893042,2
-1.0164896,0.87013215,2
-1.0945926,-1.215523,0
0.45414802,-0.09845506,1
0.83573574,2.417689,1
-1.7653201,2.095582,2
0.12535107,-1.7860785,0
2.270239,-3.1641145,1
-0.9927834,-2.1196003,0
-1.126453,-1.3382306,0
-1.5380372,1.423935,2
-1.2333041,-0.40514904,0
4.457295,-0.7062438,3
-1.2910253,-0.66997796,0
2.3305507,2.1280363,3
-1.2554917,1.0727372,2
-1.9487092,1.9233379,2
-1.3225516,0.32467467,2
-0.6175009,1.7972398,2
-1.9411148,-1.4638498,0
2.2402174,0.44166756,1
7.6997027,2.286488,3
-1.1869733,-0.8063439,0
-1.8785567,-3.452614,0
5.9668593,1.6918906,3
-2.8327591,3.99494,2
3.4991856,0.020992342,3
1.3717054,-1.1880734,1
-1.6083149,-1.5452727,0
0.1569055,2.8318574,2
2.7631347,0.49147117,4
-0.9950654,0.8952361,2
0.6199861,1.2489619,2
0.83466524,-4.006149,0
2.1208966,0.67543674,3
-0.6350702,-2.8365233,0
-1.6922755,2.8182375,2
-0.5714718,0.06854142,2
2.1709895,1.4887209,3
-1.6808603,-2.1089106,0
-1.2681165,-3.367617,0
0.29434803,0.7298299,2
0.67024004,1.888147,1
3.8454099,0.05406189,3
-1.7788241,-0.5657601,0
-2.3905022,0.8519503,2
-0.6888402,4.3119817,2
-1.2659948,-1.0527078,0
-1.0985566,1.0703232,2
-0.6900578,0.30174756,2
2.1314723,1.7325909,3
1.3638176,2.9366388,3
2.374174,-2.1163335,1
-2.1445172,0.26083517,2
-1.2981763,1.37879,2
2.2109754,-0.95952594,3
-1.3278439,-3.7491884,0
1.7069666,1.2247599,2
1.9790233,1.1619769,3
-1.5680001,1.7683597,2
-0.96537346,1.824648,2
-1.2761354,-3.0112581,0
-1.9483409,-0.20125611,0
-1.2009616,-2.881091,0
-2.6269243,4.1196103,2
0.5527561,0.93330663,1
2.6110682,0.778437,1
-1.1214625,-0.21918702,2
4.63867,1.180767,3
-1.0409718,-2.2107139,0
2.8590987,-1.667102,3
-0.6263806,0.97676283,2
-1.541468,-1.068521,0
0.25390574,-0.19388196,1
0.59139323,-2.7196214,0
1.0855821,0.7933924,1
-2.1029596,0.23298217,2
-1.1449664,0.41446018,2
0.49409398,-1.4500808,1
2.6602926,1.5536699,3
-0.95974356,-1.2275496,0
-1.4842309,-2.602986,0
-0.8075926,-0.9148886,0
-0.28868246,-1.9142201,0
-1.3643019,1.8242625,2
2.1732564,-2.4517086,3
2.6937802,-0.31163168,3
-1.4011122,0.90987045,2
-1.5582091,2.2753394,2
-0.064810544,0.09406613,2
-2.430287,2.5440621,2
-1.6610072,-0.5349307,0
3.5799217,0.9592678,3
-1.3458836,-0.8816702,0
-0.5284165,0.8201466,2
1.4835469,3.511639,3
-1.7506025,2.3765657,2
-1.5612255,-1.5087305,0
2.0381982,0.7367732,3
-0.52900344,-0.11061114,0
-1.7309107,-2.2816648,0
-0.051753744,0.85737026,2
3.565283,0.29904908,3
-1.1398166,-1.0302447,0
-0.28689304,-1.4950823,0
1.4931624,2.261067,3
-1.7548398,1.3411361,2
-0.6669513,1.3274474,2
4.2255077,-0.13067594,3
-0.41334558,-0.48958564,0
-1.0357342,-0.39318955,0
-0.38969058,0.019641917,2
-1.6235832,0.8582792,2
-1.7010486,-1.0917698,0
-1.7370273,0.3926494,2
-1.1801953,1.1976794,2
-0.14666244,3.240088,2
0.3669018,1.57798,4
-2.0853734,2.305455,2
-1.3755639,-0.8780263,0
2.7086253,-1.3430841,3
2.9080164,-0.2042224,3
0.066327214,-0.60705554,0
0.78088677,-0.67070097,1
-0.12310654,-1.6883538,0
-1.3557384,-0.72446907,0
1.2493651,-1.0061202,1
0.5240435,-1.5822897,1
0.39985472,-2.0075557,0
-0.41353196,-1.263567,0
-1.3652334,0.372239,2
-1.5605018,-0.27267402,0
1.320327,2.7728493,3
0.21606113,0.110832825,1
-1.0905344,-0.3069495,0
2.609236,0.9047983,3
0.011271522,1.7151661,2
3.2668664,1.225985,3
-1.521875,-0.64913124,0
-0.16207005,-1.5632904,0
0.41294274,-3.072783,0
-0.10802372,-1.6517117,0
-0.6825653,-1.5457597,0
-2.1586092,2.4677265,2
-0.062288176,-0.38984853,1
1.0714899,-0.34913236,3
-1.3362812,-1.1140425,0
-0.6825364,1.8433083,2
2.56095,0.83382916,3
-0.24648714,0.52616113,1
0.14557695,-2.8534572,0
-2.1324434,0.21435136,2
-2.216322,-0.58180237,0
-2.105644,3.90286,2
-1.3415103,0.33297664,2
0.06811729,-0.858757,1
-0.81557333,2.741979,2
-1.9880421,-0.18218751,0
-0.55533636,-0.22716984,0
-1.3637816,-1.0905591,0
1.9400332,0.90174365,3
-0.34175026,2.5682523,2
2.1979892,3.4011738,3
-1.0257995,-2.2492802,0
2.6587396,3.4602387,3
1.9600558,1.4003415,3
-2.5027745,7.927933,2
-1.1999371,0.008838072,2
6.2711105,-2.103881,3
0.57077235,-1.7262632,1
0.1874935,0.59506065,2
-2.3301477,0.054173253,0
1.9970839,0.4328304,1
-1.8437696,2.3402276,2
-2.0744646,3.8847625,2
1.5674206,-1.5326018,3
-0.9208016,2.8811057,2
-1.0223788,-2.026828,0
-1.429138,1.7343899,2
-0.5741621,0.56870323,2
-1.673701,1.1307865,2
0.736941,-1.7564144,1
-1.2188425,0.7718133,2
-1.9444313,-0.9134292,0
-0.38266286,-1.7082961,0
0.3954115,-3.4638023,0
0.24435058,1.8272543,2
1.0846393,-3.2356167,1
-0.48182437,-2.5324748,0
-0.37067083,1.1478993,2
-1.5149677,0.23200966,2
2.7898023,0.94538236,3
1.9053924,1.6226578,3
-0.8670054,-1.2883817,0
0.7362241,1.2163005,1
-1.6983888,-0.33589786,0
-0.0761365,0.69549334,1
-1.8280705,2.9832013,2
-0.78166777,-0.18380985,0
-2.267382,1.2753987,2
-0.39842957,-1.1656731,0
-1.6162262,1.0148429,2
5.6270924,-0.010588866,3
0.4852364,0.23976053,1
-1.0868412,-1.4655894,0
0.13289997,-1.3521606,0
-1.3324195,-1.8359313,0
4.5327516,0.9868364,1
0.21405411,-1.394354,0
-0.56321156,0.37291288,2
-1.3357971,-3.094215,0
-1.0136192,-3.2098753,0
-1.6954645,2.4906943,2
-0.3085185,-1.2131798,0
2.091961,1.2752227,3
2.8072968,0.4748577,3
-1.6675333,-0.89554286,0
-1.5480205,1.5349665,2
-1.0738658,-1.9761308,0
-2.1953056,-0.72873324,0
-1.5677581,2.8336465,2
0.19248873,0.50807035,2
-2.5081952,2.3093917,2
-0.37329605,-2.2060506,0
-1.9648904,1.0456427,2
3.2395184,2.4881115,3
-1.7903218,-0.8343272,0
-0.3050237,-1.1518644,0
0.61659354,0.6738723,1
-0.5162785,0.0364391,2
-1.6198348,2.2786667,2
-0.43374732,2.0011084,2
-1.6416492,-3.307339,0
-1.0223393,0.3972851,2
-0.3442959,-0.29180998,0
0.41709474,-0.29047096,3
-0.9153384,-0.79758626,0
3.7017887,-2.2916353,3
-1.6337141,-1.1289005,0
3.0045748,-0.114088185,3
-2.1653333,-2.3097134,0
1.936703,1.4544245,1
-0.20068623,1.4306122,2
2.64242,-1.5757389,1
1.4003135,-1.0421209,3
2.6067703,-1.2656319,3
-1.2500502,1.6864344,2
-1.3892106,-1.310746,0
1.319373,0.18567057,1
1.7304242,2.4627745,1
1.6767603,-1.4973947,1
-0.94057864,-0.12535857,0
-1.4841505,0.09190453,2
-1.1750902,-2.6002457,0
-1.2313896,0.8747107,2
-1.1406386,-1.0238909,0
-1.9062967,-0.8796599,0
0.2965796,-1.3484899,1
-2.37573,1.4116141,2
-0.5077366,0.9942897,2
1.5607679,-0.7398407,1
-0.5207646,-1.6579372,0
-0.4411603,-2.4527311,0
-2.3528168,-1.6920557,0
3.45733,0.22797163,3
1.5696204,0.9603555,3
0.2160623,-0.9160549,0
0.1548663,0.56017375,2
-0.679743,1.4526027,2
0.7727453,-3.6182883,0
-1.3333153,0.7727935,2
0.43191752,-4.731307,4
0.57009536,-3.8266249,1
-1.7228681,2.1399207,2
-0.9237405,-0.698585,0
-0.771028,-0.009596214,2
-1.6776507,2.904518,2
-1.4930197,-2.0315852,0
-1.3337926,-2.512711,0
2.2022614,0.6297894,3
2.2060087,0.19056176,3
0.34425917,0.5844138,1
3.1098173,1.6809775,3
1.788466,1.1741452,1
0.56403637,-3.4310758,0
-1.5646324,0.2754745,2
3.1126335,2.9529433,3
-1.0114235,1.8733058,2
-1.1251315,-1.2230923,0
-1.2681501,-4.4617763,0
-0.19999026,1.1500174,2
-1.5916066,1.2211685,2
3.4051993,0.061904803,3
0.30090758,0.43886888,1
-0.03307754,-0.112394445,2
-1.6891052,1.1988515,2
-1.3577294,1.5105724,2
-0.9032536,-2.950147,0
-0.2814757,-0.91228265,0
-1.7226639,-0.20188333,0
-1.2233568,-0.20105328,0
-0.111842625,-0.73272234,0
-0.8936196,2.9447722,2
-1.6040114,-0.27008948,0
-0.35487226,-2.2894044,0
-1.0806051,2.2834246,2
-1.3333977,0.9866515,2
2.6972153,-0.48820156,3
0.86864215,-1.1433612,1
-1.9680015,1.6194484,2
-1.6862586,-0.8221035,0
-0.70207405,0.339711,2
1.806585,1.279963,3
-1.4473443,-0.27818722,0
-2.030544,1.9945464,2
-2.0369756,0.6177793,2
-0.59931123,1.0901781,2
-1.0802141,1.6466066,2
-1.1059585,-2.781244,0
-2.1462083,2.9905367,2
3.5570292,0.49538845,3
-0.055617604,-1.3400983,0
-1.7101022,-1.2487938,0
-0.820584,-1.4675924,0
0.63671696,-0.17602102,0
0.73765814,0.15056448,1
0.027043963,-2.5598252,0
-1.5330652,1.2967229,2
-0.57508695,0.64125496,2
-0.56972736,0.027655795,2
5.1225395,2.3949218,3
-0.65924394,1.5297503,2
1.4397664,-0.6144293,1
-0.75794065,-0.67271453,0
-1.6404082,1.0670034,2
-1.8897101,-0.57557,0
7.176127,-1.908767,1
-1.75839,-3.7957458,0
-0.808309,-1.4059229,0
-0.30862227,-1.9342397,0
-1.0947666,1.3306273,2
-2.064895,4.4566236,2
-0.5398854,-1.8245192,0
1.9208826,2.1384513,3
1.1313533,1.9335842,1
0.09292602,-0.96773493,1
-0.8100135,0.40340585,2
2.8968544,-1.9402447,4
8.1540575,-1.3028945,3
-1.049913,-2.2103915,0
-0.9876797,0.30183053,2
-0.8235143,1.006635,2
-0.8259074,-0.7388809,0
0.1684577,-0.56909865,0
-1.2191142,2.9986162,2
-0.50376904,1.1320506,2
1.4318053,-4.3496537,0
0.1290081,0.26936042,1
-0.7489474,-1.5655373,0
0.13374996,3.2255476,4
-3.2127848,4.561031,2
-0.9504076,-0.11058168,0
-2.2736087,1.2449038,2
-1.8708689,-0.09292002,0
-1.0223701,-0.006918058,2
-1.1755825,-2.1590319,0
1.2897427,-2.698079,0
1.7061135,-0.59596896,1
-0.48519987,-1.0268713,0
-1.3769395,0.47909528,2
0.24826527,0.49320865,1
-1.1985078,-1.0445551,0
-1.4053257,1.6057669,2
2.8101401,0.9916615,3
-1.5190383,0.81023234,2
-1.5882401,-1.3074323,0
-2.3678415,2.7338421,2
-1.29675,-2.6021311,0
-0.41531536,-0.92314243,0
-0.9341989,-0.12875335,2
-1.9870579,0.24598049,2
0.059417784,2.692655,2
-0.26878434,0.9881304,2
-1.3358386,1.0265802,2
-0.5305383,2.2696376,2
-0.17060517,2.1351032,2
-0.76818794,1.0759797,2
-0.8398215,-0.6964827,0
-0.7336678,2.2377594,2
-2.2793775,2.4465072,2
-0.20754129,-0.52259314,0
-0.7545426,-1.8977067,0
-1.078212,1.3733106,2
0.8792065,2.2681763,1
-0.36759377,-0.9314013,0
-0.19997558,-0.27169678,0
-1.3492872,-1.5915588,0
2.1608195,2.5650315,3
-1.5310097,2.8088136,2
-2.0965672,2.5475152,2
-1.4678651,1.2370236,2
4.476872,0.6435567,3
-1.0542932,1.2581992,2
-0.86791986,-0.41943634,0
1.5057745,0.67030907,1
-0.2912084,-0.5734668,0
-0.96921647,-0.74190956,0
1.7766387,-0.96993476,1
-1.6813662,3.0878212,2
2.5992675,4.615257,3
0.02589809,1.9392447,2
1.3143964,-0.5273069,3
3.3643641,2.120422,3
-1.6997483,3.5364234,2
-0.05411798,-2.3386989,0
-1.1425663,-1.5165936,0
-0.62788844,-0.014992371,2
-1.1068751,0.015001867,0
-1.1923302,-3.2496667,0
1.8837256,1.4896445,3
1.4099785,-0.7562542,1
-1.140431,-1.7655474,0
-0.9181845,4.269703,2
-0.43600175,-1.3580849,0
-0.7308056,-2.5007865,0
-0.37143692,2.0341918,2
-1.0134171,-0.58907205,0
-1.3887956,1.2287803,2
0.0650994,-4.670553,0
0.22022557,-0.84332144,1
-1.9318655,0.54260236,2
0.33735794,0.76317775,2
-1.2549831,-1.1203306,0
-1.1289576,-1.5424896,0
-0.9878133,-4.5940266,0
2.1825714,-1.1096416,1
5.4189425,-1.2884538,3
4.0270705,-1.2963942,3
1.1273861,5.168518,2
-1.5916263,-0.56545615,0
-0.3414096,-0.6062899,0
0.12308253,-0.5107291,0
-0.28104654,-1.8141747,0
-1.0713733,-0.7967343,0
-0.6320421,0.48277575,2
-1.5121204,-1.6756927,0
2.3175883,0.2825514,3
-0.8065005,-2.9080167,0
1.9789733,-1.3852521,1
-0.038511615,-0.95934767,0
-1.4027151,1.6914997,2
8.283598,-3.4998465,1
-1.5447619,-1.7246786,0
-0.51597154,-2.5792625,0
-1.0538917,-2.0188394,0
-0.22548735,-0.7492413,0
-1.7516345,1.428029,2
-1.2332547,-2.8561528,0
0.17416276,-1.4361836,1
2.2738123,0.7466191,3
-1.0386053,-3.4701962,0
-1.3952831,2.1250825,2
-1.8653579,0.82560104,2
-0.761712,1.153722,2
0.21160787,-1.2979963,0
-1.5350285,0.91537696,2
-1.4346348,-1.203649,0
-0.8128531,1.730473,2
4.0993524,0.4104181,3
-0.46028006,-0.2809993,0
-1.5927336,-2.8408523,0
-0.45671174,1.1170763,2
-0.78818065,-2.2619495,0
2.44267,-0.05574362,3
-1.2652469,-1.1055825,0
-0.6502502,-1.4557264,0
-1.473178,-1.5904989,0
1.0878881,-1.0647459,0
1.4534442,-4.947378,1
-1.3051888,-2.795588,0
0.7011882,-0.6953024,3
-0.9012138,-0.12291611,2
-1.4218297,0.34400213,2
-1.6983831,1.7267555,2
-1.2278293,0.33482933,2
-2.1559708,-0.6432145,0
0.37245864,0.37971914,1
-1.1963761,-1.2527385,0
-1.5537918,-1.6626878,0
0.09644841,1.2657139,2
0.9200901,-0.6761949,1
0.28201616,2.866134,2
2.6524842,2.8750684,3
0.25775978,0.8261605,2
4.247683,1.6488999,3
-0.94663966,-0.22654982,0
-2.3325894,2.7335896,2
-1.2270806,0.819459,2
-0.38656214,1.8923525,2
3.0917783,0.6770104,3
2.4066422,3.993872,3
3.358669,-3.5076382,1
4.2165756,0.50094455,1
-0.124705866,0.8463596,2
0.8464045,0.6049698,1
-0.9900342,2.1161604,2
0.76657385,0.8826918,2
-0.8662411,-0.93680716,0
4.4990554,1.9553634,3
5.5721965,0.765617,3
-0.6993962,1.5256841,2
3.3083565,1.8332672,3
1.0968657,1.8897082,3
6.8925014,1.8875992,3
-2.2374651,-0.47655863,0
-0.24306683,-1.6533237,0
5.057318,-3.1368656,3
-0.6145399,-1.8303472,0
-1.5430067,0.3627239,2
0.6866167,2.3367488,2
-0.73365486,-1.1272542,0
-0.5232936,-1.9259472,0
0.08633432,1.3532543,2
6.0161996,-2.62079,1
-1.9092717,2.4967139,2
-1.8694602,0.46230596,2
1.4383373,0.78977317,1
1.8881986,-1.3783072,1
1.8073895,2.606608,1
-1.2149282,2.778875,2
-1.3844949,4.198801,2
-1.1045517,-1.1913353,0
0.83139426,0.21548505,1
-2.0691023,0.891441,2
-1.1268319,-0.062415842,0
-0.08516019,0.9138254,2
-1.5014948,-0.4555812,0
-1.202694,0.4645086,2
-1.3622497,-2.5730164,0
5.2520556,0.9463199,3
2.7994044,1.1059531,3
1.1159924,2.0340648,3
3.2379038,3.140775,3
-1.6628257,0.7582248,2
-0.8252256,-1.0677907,0
-1.4177511,-0.8950301,0
-1.4672732,1.9912555,2
-1.0969323,2.1475923,2
2.4748282,-0.10607059,3
1.8417597,0.22262855,1
1.6311026,1.274587,4
-0.39161393,1.0266204,2
0.07373506,-1.7278557,0
1.1960253,-4.7027826,0
-1.4186703,1.5953422,2
3.1617272,0.3797813,3
-1.0937366,2.5638058,2
0.65263635,-2.0264258,1
-0.07109385,0.56062275,2
-0.2137697,-0.03157991,0
-0.4705559,-0.14747807,2
-1.8417436,2.749383,2
0.7473116,-0.9753981,1
-1.0895792,-0.83968633,0
1.8324633,-0.36849082,1
3.8364305,0.28666347,3
4.199946,1.4369841,3
-1.4844272,2.0838404,2
-1.5655113,0.81785476,2
1.752123,-4.395006,1
-0.7435956,0.01551275,2
-1.5631632,-0.0413308,0
0.19619244,-0.08427204,1
-0.9029624,-1.6654721,0
2.5179222,-0.12684447,3
-1.6748776,1.7808981,2
-1.6027992,-2.678578,0
-0.5485287,-1.4299964,0
-0.75555694,1.2513546,2
2.582416,-2.1618867,3
1.5198951,-0.9017193,1
2.764421,-1.7834026,3
-1.1362827,0.122535676,2
-1.4244386,2.6431677,2
-2.0575416,1.0244082,2
0.14948411,-0.91370654,0
4.586954,0.8080346,3
2.0599232,0.65577036,1
2.5746982,-0.21936487,1
-1.3161091,1.4151083,2
-0.7421407,-2.0732126,0
4.691532,1.8107836,3
2.0113723,0.06391461,3
-0.16513473,1.2187582,2
2.5416908,0.8958354,3
-1.4465282,2.7516923,2
2.9660676,1.6866248,3
-1.3550705,-1.4251369,0
-0.23059274,1.170789,2
-1.7701005,0.52851355,2
1.8253236,0.5769018,3
-1.1504123,-1.703793,0
-0.34300256,2.473237,2
-1.5573633,-0.19019179,0
-1.4402379,-1.2337639,0
-0.1168953,-0.7555334,0
2.810448,2.9208786,3
-1.1239282,1.5027454,2
-1.8765866,-2.6023629,0
-0.6946702,1.7403209,2
-0.16057238,-0.16279934,1
-0.72153944,0.92415166,2
0.8361812,-4.5035996,0
2.1502995,1.1108274,3
-0.34560737,-2.3502955,0
-1.7975154,-0.2614414,0
-0.9327633,1.5982817,2
-0.59664726,0.53799176,2
-1.5437424,3.4231732,2
0.7410199,-1.9285662,1
-1.6483606,1.6996261,2
-1.6267656,-2.1879516,0
-1.8574389,1.2475202,4
1.7489738,-1.7521212,1
-1.71484,-2.9144232,0
-1.2741843,-0.59784555,0
1.7883916,-0.9126195,1
1.323574,1.0205177,3
0.34681827,1.1103454,2
0.7753946,1.847594,1
-0.29767966,-2.355552,0
-0.723884,-0.9166145,0
5.537708,0.51364535,3
-1.5063807,1.2453284,2
-0.76261854,-0.34814233,0
-2.0608013,-0.8960251,0
-1.2997648,-0.90747637,0
-0.99722105,-1.0200152,0
1.3022436,0.9115943,1
1.90172,-2.394942,0
1.0963316,-4.363366,1
-0.43568024,-0.7511187,0
-1.7189982,-3.8324592,0
-0.43042597,2.4305985,2
-0.75954986,0.3559621,2
0.342994,-1.8415958,0
0.123004034,-2.4372048,0
-1.0588386,2.009688,2
0.46020547,1.3620431,2
-1.0320549,0.3412636,2
-1.9260101,-2.6714578,0
-0.6595761,1.3005368,2
0.1837636,-2.6290686,0
1.3329113,0.0051460415,1
-1.3349649,2.2005174,2
-2.1749532,0.28782612,2
-0.41634703,2.1628969,2
-0.32608777,-1.4004167,0
-1.0126777,0.6642567,2
-1.6782846,1.9999139,2
4.784302,2.1313999,3
1.4830391,-2.5139654,1
1.1271403,-1.1047426,1
5.55738,-0.818948,1
2.6144428,1.4286853,1
-0.25283572,-0.09097546,0
-1.6516637,-0.7632688,0
5.6972194,0.6650005,3
-1.3413017,0.94922173,2
1.8685927,-1.2924345,1
-2.11368,1.0481879,2
-1.5261364,1.2319621,4
-1.0130571,1.2617904,2
3.9371564,0.6233353,3
-0.4391264,0.6390127,2
-1.0686196,-0.061542794,2
-0.933012,-0.22265999,2
0.42956853,-1.4571708,1
-0.21845812,-2.2031448,0
0.93236923,-1.6472509,1
-1.421249,0.5942468,2
0.585694,0.3491637,1
-0.9511743,2.0931287,2
-1.7344031,-1.5995629,0
-0.032065526,-0.22449957,1
-1.2044363,-0.8893265,0
-1.4972734,-1.9288822,0
-1.1079866,0.10775904,2
-0.24622053,-0.0803155,2
-2.1398096,0.41323495,2
-1.2459996,-1.5864396,0
-0.39357227,-1.2807444,0
3.2790437,-1.2550585,1
-1.6277089,-0.27512074,0
-0.88647234,1.3739169,2
-1.3670313,0.6121586,2
-1.4955716,-2.5035062,0
3.9071844,-1.8293307,3
0.1189788,-1.9427434,0
-1.1387265,2.8555717,2
-0.6431369,-0.18679003,2
-1.0670841,-0.28761274,0
-0.95801735,1.8297217,2
-0.9815547,0.26035607,2
-0.9472009,-0.7641841,0
3.452332,-1.4093654,3
-0.70240325,0.14108436,2
-2.0278451,-1.0718739,0
-1.0313193,-1.5020541,0
2.6918552,-0.20771058,1
-0.48919266,3.0278542,2
-1.8198432,2.7785022,2
-0.78060186,-1.7414212,0
3.9037304,-3.2919805,1
-0.31325814,-0.8623493,0
-1.6415954,-2.1108148,0
1.8202248,-4.2380104,1
-1.0924306,1.0863407,2
0.9333843,0.021607712,3
2.45584,3.737786,3
-1.2790836,-0.586591,0
-0.7303924,-1.3639994,0
-1.2389034,0.83311963,2
-0.7420594,-0.21824042,2
-1.5785952,-1.1044879,0
-0.121295236,-0.5183899,0
-0.67427486,-1.1701274,0
1.3990159,-1.0846958,1
-0.98040533,0.5509667,2
-0.60485727,-0.9429929,0
0.88469326,-3.8331206,0
-0.3091331,-3.2573671,0
-1.7374831,2.325996,2
-1.4013995,0.650248,2
-0.884888,-1.4618542,0
0.80551755,-1.4288322,1
2.9880438,-1.8349435,1
-1.6996403,-2.096915,0
-1.0367693,2.7612374,2
0.47139952,1.0444032,2
-1.1177291,2.235279,2
-1.5099963,-1.5010297,0
-1.7079751,3.252823,2
1.9078289,0.1943673,3
-0.54312074,-0.99503964,0
-1.8543677,1.2831475,2
-1.114769,-1.0040976,0
0.17947905,-0.8037943,0
4.55454,0.16805966,3
-0.5454164,1.3423663,2
0.05204765,-3.3334775,4
3.6919637,1.2996099,3
-0.62168497,-1.74833,0
-0.91034347,0.37751913,2
-0.37156793,1.0146477,2
-1.4530281,-2.5807934,0
-1.6308919,0.86201453,2
-1.1310881,-2.2245426,0
0.19610274,-0.79328954,0
-0.7885738,-4.51207,0
-0.486238,1.4083269,2
-1.7236196,-0.16747952,0
9.117052,-1.6596582,4
-1.8107322,1.0845555,2
-0.6072532,-4.1136355,0
0.25360015,1.9121659,2
-0.28385484,-0.94132227,0
1.8359269,-1.4628386,1
0.31544763,-0.18888019,1
1.021195,-0.8163752,1
6.7151885,1.1710068,1
0.06540297,1.1514843,2
-0.46793193,1.3367239,2
-1.4063267,1.5384027,2
-1.0607586,3.02937,2
-0.69191384,-0.6653879,0
1.7362742,-0.87044823,1
2.4924645,4.125817,3
-0.9680726,-0.8237056,0
-1.2875237,-0.67377585,0
2.2997282,1.2835976,1
-1.9509989,1.0750146,2
4.152551,-0.74458796,3
-1.3385798,-2.1174343,0
0.7268964,-0.9185185,1
-1.4374859,1.240431,2
2.756033,0.6582331,1
-1.8123817,-0.11350059,0
3.1279032,0.9339064,3
-0.8547445,0.05811698,2
-2.047824,1.6924429,2
-2.2777855,2.480136,2
0.70223784,-4.0426083,0
-0.77230006,-2.2143292,0
-1.345063,-3.0151346,0
0.9896398,-0.31818283,1
0.0070352107,-2.3017883,0
2.6463635,0.28057694,1
-0.24075913,-0.87616026,0
-1.5879136,-0.0147985965,2
1.7034494,-2.614244,1
-1.7297815,-0.37775242,0
-1.7480488,0.49614996,2
-1.3967013,-3.8071892,0
-1.6684626,1.0648754,2
3.5272858,0.3465765,3
-0.42970517,-1.956703,0
-1.2967145,-1.2199177,0
-1.7678602,1.4133545,2
-1.1499604,0.2543158,2
0.09458834,2.0719728,2
0.7769207,2.419174,2
-1.1556252,-1.7403154,0
-1.7433311,0.5553307,2
-1.1719823,-0.15358976,2
0.2738372,2.4190485,2
2.4523604,-0.528672,1
-0.6366619,1.9479332,2
-0.23904847,-1.3457192,0
-2.199224,-1.7386018,0
-1.1628966,0.55902654,2
-0.814876,-0.77002037,0
2.3342323,1.1449769,3
4.3667903,-2.2988408,3
-0.46800676,-4.029146,0
-1.4371554,-2.1735237,0
-1.8196486,0.44160742,2
-0.7956685,-1.1389247,0
-0.8200696,0.26590598,2
-1.2398857,2.7698393,2
-1.8690643,1.727339,2
1.1138524,-1.6479719,1
0.08249694,0.18417868,2
-1.0653353,0.13879304,2
3.6772106,0.2935307,3
0.8439654,0.45923913,2
-2.0408611,2.7591498,2
-0.7425422,-0.38029778,0
3.3558178,2.4690354,3
-1.1176018,2.100042,2
0.23166917,-1.9862547,0
-1.1678364,2.4011307,2
-0.8401832,2.4111655,2
-0.25316757,-0.3827864,0
1.6195573,2.3204207,1
-1.5081598,1.4701235,2
-0.7495132,0.23010017,2
-0.45733,-0.3348106,0
-0.24750519,-1.5006173,0
0.9540654,-2.153549,1
0.85901934,-1.7252764,1
-0.5867437,1.3125801,2
2.0299304,3.7054865,3
-1.4542315,1.1245112,2
3.3229952,-3.4761477,1
-1.8463721,-1.1320632,0
-1.0019512,3.1435015,4
-1.0931308,0.52110666,2
-0.36082557,2.8689375,2
1.304821,-0.23416829,1
-0.9871909,0.30398083,2
1.7653034,-3.9850585,1
0.6852657,-3.204767,0
-1.0062599,-3.7793539,0
2.0506043,1.333711,1
-1.1545535,1.6585072,2
3.325327,-0.9352779,3
0.3634882,-1.805238,1
0.2527255,-0.5395176,0
-1.4766927,-1.0970672,0
-0.52689904,-3.3318303,0
2.008175,-3.1839032,1
-1.3754706,0.35692865,2
0.42851457,-1.1153018,1
-0.8424786,-2.575768,0
-0.36964116,-2.4686258,0
0.94914734,0.3911826,1
-1.5655756,-0.58391505,0
0.83671886,1.1702791,1
1.6136398,0.3761956,1
2.2636507,2.2413964,3
-0.14593802,-1.5302849,0
0.062401466,-3.047508,0
-0.7529533,-2.007937,0
0.47760233,1.2160655,2
-0.521845,0.38530254,2
5.3167386,-4.636584,1
-1.4207842,0.38598126,2
0.6664223,-2.7921903,0
-0.94242966,2.8071985,2
-0.6643437,-0.65937644,0
1.7276406,0.9447666,3
-0.40461147,-3.4397166,0
-1.8794453,1.5295304,2
-1.675844,0.6488352,2
-1.078407,2.859236,2
0.64573985,-0.7600995,1
-0.34134787,-2.7107847,0
4.464585,-3.7625952,3
-1.9309869,-0.033551916,0
-0.7727628,-1.3843145,0
1.9958783,-0.24863373,1
-2.0320897,-1.5347548,0
-0.880893,-1.0497764,0
-1.916605,-2.889621,0
-1.0726225,-2.8263392,0
-2.2090216,1.7176157,2
-1.3338798,-1.585175,0
-0.68092984,0.23559727,2
-0.648549,2.0360215,2
-1.5793693,-2.1521797,0
3.231051,1.5344384,3
1.1512874,-2.1207528,0
0.8695726,-2.8263783,0
-1.4141272,-1.5809467,0
-1.2372566,1.6465129,2
3.6403384,-0.58561707,3
-0.67360014,-1.8609815,0
1.6362075,0.4574387,3
1.8459994,0.19895406,3
1.5245831,0.30511898,1
-1.4201521,-0.48047787,0
-1.2410789,0.38394582,2
-1.8631375,-2.276369,0
-2.28974,1.0975695,2
3.639162,-0.0989057,3
-2.1177218,0.5111999,2
0.030705867,-0.4762869,0
1.9938707,-0.9612499,3
-1.6844107,-1.2253171,0
0.9598962,-3.7520437,0
2.1706233,-2.038476,1
2.6204996,0.11687264,3
-1.6231866,0.38545072,2
-1.704852,1.9570589,2
-1.1854457,0.78852934,2
3.256554,1.4225284,3
-0.6668693,0.9054754,2
0.56033856,-0.610087,1
-0.7835475,1.5330695,2
-0.113221645,-0.72351736,0
-1.1758822,1.4690841,2
-1.602099,-0.18569402,0
-1.8806374,-1.6778356,0
-1.1655505,2.0078132,2
-1.1052854,-0.97076017,0
-0.81130886,-1.5874951,0
3.574587,0.50704795,3
0.035979446,-1.0752052,0
-1.1228434,-0.22413264,0
-1.2780329,1.1926548,2
-2.245561,2.8362534,2
-0.7949911,1.1902966,2
1.8622203,1.7741201,3
-0.5871435,2.399767,2
-1.681383,-1.3402592,0
-0.30799392,-1.2965039,0
-1.8659074,-1.391438,0
2.2574756,-0.09419516,3
2.8013911,-3.705948,1
1.4251149,1.3479834,1
-0.18586648,0.4762643,2
-1.7665038,1.9006771,2
-1.0414084,1.3366083,2
-1.3424667,1.376808,2
0.7688535,-1.2869347,1
-1.0104767,-1.1641349,0
-1.0652068,-0.14725684,0
-1.3184767,1.0820103,2
3.7848482,-0.38398778,3
0.9337102,-1.8399773,1
-1.9924705,2.2310786,2
-1.0373163,-2.1090152,0
-1.3989993,-3.0962102,0
-1.4800358,1.4645584,2
-1.5115571,0.50309604,2
3.7420545,1.1100638,3
-0.27231032,-2.1553354,0
-2.0227818,2.6269834,2
-1.3229043,2.2529287,2
0.9484226,0.17272848,2
-1.7743403,-2.5983531,0
-1.4122845,-3.125542,0
-0.9998618,-1.3591452,0
5.763844,-0.17410709,3
-1.3298881,-5.429911,0
-1.4754078,-0.5346739,0
-1.3688426,-0.5847059,0
-0.11569582,-3.3816187,0
1.8546464,0.47323662,1
-0.95424736,-0.46719152,0
1.9204743,-3.0399082,0
0.633685,-1.3609113,1
1.1816062,4.1348457,3
-1.5047257,0.89523596,2
-1.4772973,-0.71754926,0
2.6939666,1.6280103,3
-1.5909021,-2.1802633,0
-0.87480754,-3.3647406,0
-1.208629,-0.87487024,0
-1.0477781,2.181185,2
0.5019992,0.020163361,1
-0.8205473,1.2029033,2
-0.29918638,-1.610446,0
1.6465002,3.693883,3
0.40990117,-1.2741338,1
0.3148046,0.10864149,1
-1.5999599,3.606679,2
0.8220682,0.7618839,3
-0.73482585,-3.7083993,0
-0.71259373,0.7645654,2
-1.3387624,-2.4782805,0
-0.97102565,-1.9115584,0
0.99398434,0.047924228,1
-0.91249895,0.25461966,2
0.21171232,-0.41149646,1
0.26029083,-0.6707217,1
-1.2619616,-0.50563955,0
1.6705636,0.5894744,1
-0.05853379,-3.0101612,0
-1.0251426,-1.7752,0
-2.4425843,4.6978445,2
1.2115376,-0.25684112,1
-0.17544992,-1.1315379,0
-1.0178266,0.7384635,2
-0.7572395,-0.19766864,0
0.21986125,-2.3434415,0
0.10150618,1.458043,2
-1.5060586,-0.6217058,0
-1.6647187,-2.1257725,0
-0.5227775,1.8092678,2
2.5007288,1.3046199,3
0.5565352,-0.21819152,1
-1.2013899,-0.1012006,0
3.5673735,0.29551345,3
4.442469,2.8945484,3
-0.79943806,-1.0213686,0
-1.429853,0.92899054,2
-0.60742104,-1.814822,0
-0.47376105,-2.5025363,0
0.036528703,-0.15629777,2
-0.7441948,1.6089687,2
-1.308429,2.7818587,2
-1.2958734,-0.9570514,0
5.6399965,-0.08152837,3
-1.6130381,-0.4012366,0
0.5048876,-0.46696526,1
1.0391009,2.8247716,2
-1.6335279,-0.23279278,0
-0.8741809,2.569814,2
-0.6456505,-0.9823424,0
-1.4810717,-0.70238334,0
-0.8328201,-2.8564222,0
2.5163236,1.083318,3
-1.705607,-2.9880152,0
-0.92229676,-1.1492553,0
0.08124402,-1.0085971,0
-1.1774106,0.997868,2
5.181534,1.1551565,3
-0.52760655,-1.8721199,0
-0.0036016812,0.03275962,2
0.7302797,-2.0059545,0
2.9800863,1.1800045,3
-1.6837126,1.0211354,2
-1.6483747,0.24906237,2
0.7299109,0.04925756,1
0.6364157,0.45467854,1
0.2552018,1.6962209,2
-2.1635277,1.9967241,2
-1.225001,-1.2838928,0
-0.8969848,-1.8650432,0
-2.3779492,2.264254,2
-0.9515885,2.3439648,2
0.87214595,-0.5453691,1
1.012682,1.1599126,1
-0.2636521,-0.7975897,0
-1.3152851,3.0792603,2
-2.4204674,-0.18363702,0
3.287375,2.1057146,3
-0.105880536,1.4344915,2
-0.16961017,-1.5031706,0
1.1434073,1.796472,1
-0.31287304,-2.766835,0
-1.0923473,-1.605525,0
-0.16518015,-1.4613601,0
0.19264151,-0.53674245,1
0.26994607,-1.2763276,0
1.3562388,-1.5710285,1
-1.1663277,-0.6464926,0
9.033033,-0.10239949,1
-0.8774792,2.5779946,2
-1.114032,2.1712825,2
-0.24912873,-0.23371749,2
-2.1923623,2.6828895,2
-0.14117822,-1.9438301,0
-0.50039166,1.4165545,2
-0.9595841,0.4020028,2
-1.7446725,-0.0896754,2
-0.05271623,0.8985792,2
-0.87638164,0.2845835,2
-1.6653063,-0.8447508,0
1.8220186,-0.03551884,3
6.5152397,-2.5466952,3
-0.88300514,0.07192163,2
-0.37207666,0.6806581,2
-0.45782807,1.5148677,2
0.91346693,1.8991569,3
2.8878028,-0.69468606,3
-1.3054209,-0.9411017,0
2.0986967,-1.9108849,3
-1.5214745,-0.59341574,0
0.17480941,1.7271504,2
1.4233367,1.3171855,3
0.5355845,-0.29468966,1
-2.0506666,0.8658875,2
-0.79516935,-2.204621,0
4.2940516,0.32317066,3
-1.4209731,1.6355923,2
2.8714592,2.736438,3
2.4391644,2.128412,3
-2.0510023,-0.12297699,0
2.2120006,-0.36255246,3
-1.581043,0.80723065,2
-1.4475063,0.5545411,2
-0.95526135,-1.5532379,0
1.3785527,-3.9873624,0
0.5921801,-3.4423041,0
2.826044,0.53737617,3
3.9955456,0.27287048,3
2.2672942,-1.8270864,1
-0.9085847,-1.1119723,0
-1.3879639,0.6224613,2
2.867224,-1.867316,3
-0.1805634,1.2623568,2
-1.9576266,-1.4281247,0
2.731008,1.3587054,3
-1.0059153,0.4511426,2
-0.19442305,-0.7565523,0
-1.4256504,1.3841162,2
0.95876586,-0.70022404,1
-0.8668437,-1.7507648,0
7.655336,-1.4312264,1
0.10645463,2.8490558,2
0.31756788,-2.456317,0
-0.8548095,0.38516885,2
1.3476515,-0.33719546,1
3.6942956,1.4288564,3
-1.0832971,0.4585712,2
2.43635,0.26932734,4
1.8823379,1.8408265,1
-0.6983953,-0.6056201,0
-1.1537921,-0.78861374,0
-0.68463564,0.99284214,2
2.475169,0.39505917,3
-2.0498495,1.0297929,2
6.272083,-3.1008184,1
-0.19164494,-3.17221,0
-1.348476,-3.7792702,0
0.7229877,2.1171768,2
-1.4343263,-1.5546099,0
-0.037637375,4.0934906,2
-0.30754808,-1.1857991,0
-1.8520162,1.2303909,2
-1.8423058,0.5502059,2
1.5718123,-1.1661582,1
-1.4463303,-0.8218923,0
-0.39151257,-0.74464494,0
-0.8695002,-0.5359773,0
3.0049522,1.239305,3
8.552812,0.6106504,1
0.3168464,-0.9557281,1
1.7834159,0.27006078,3
-1.12115,1.4857438,2
-3.2590058,2.8190794,2
-0.7900345,-3.0852008,0
-1.15147,1.5504333,2
-0.19003107,-1.2155554,0
-1.5325773,1.0506866,2
-1.083858,2.0494022,2
-1.6201603,0.9793348,2
2.2552326,-0.9655782,1
-1.4229813,3.3839958,2
-1.3993802,-0.47249115,0
1.8211701,-0.08429688,1
0.672342,2.4559371,3
0.5017866,2.344119,2
0.93787366,-1.9851139,1
-1.3037653,-0.32499987,0
-2.4842384,2.0395212,2
-1.1737984,-0.8680709,0
-0.43914032,-0.5860654,0
-2.0792148,2.8907619,2
-0.9821937,0.36886013,2
0.8427351,0.1394776,0
-0.16541833,-1.1906271,0
4.0940676,-3.2768657,3
-1.2392699,-1.1065712,4
-0.16821611,-0.3425777,0
-0.6152038,-0.056809776,2
-1.9067023,3.4641225,2
-0.8471805,-0.29357576,0
0.060894717,0.6023274,2
-0.44441828,1.4738376,2
-1.7320405,0.05294334,2
1.5079423,-0.51566976,1
-0.5935273,0.6130603,2
-1.5819874,1.5092461,2
-0.82706213,-0.9131342,0
-0.60638404,-0.033686288,2
-1.1814132,-2.8753815,0
-1.4009426,-4.66507,0
-0.019151391,-1.5703107,0
-1.1000234,1.0831828,2
-1.2535825,-0.8618915,0
0.35474417,3.344226,2
0.25707206,-0.84036255,0
0.75510734,-2.8117113,0
-1.1230382,-2.097204,0
1.8065963,3.214341,3
-0.057194047,1.0384244,2
-0.05091911,-1.9168885,0
2.5240638,-2.6771355,1
1.708434,1.1747028,1
-1.5946999,0.6703056,2
-2.086202,1.5163653,2
-0.23643175,-2.3391836,0
2.386225,-0.47564918,3
-0.8888107,1.3793746,2
-1.256304,2.1654243,2
-0.26340336,-0.3435163,0
-0.033729423,-1.7460794,0
-1.584414,-0.17404969,0
-1.5372384,-1.3751521,0
-1.4986856,1.3326764,2
-1.008587,-0.84092444,0
1.4092433,1.3928103,3
-0.3818701,0.38357055,2
-1.3254259,3.0356193,2
-0.6075292,-2.576168,0
-1.7081288,1.3075542,2
-0.9509778,-0.33439988,0
-0.033983562,-2.6994882,0
0.41247275,-3.3398159,0
0.9600897,0.115849644,1
3.1724846,-0.13242659,3
-1.3919104,-0.54443127,0
-0.44990546,-1.9098707,0
2.114876,-1.5680679,3
-0.95790976,-2.4294262,0
0.9665318,0.23112269,3
-0.8682629,-1.5316366,0
-2.1768522,2.6662164,2
-1.3440253,0.09323987,2
0.63359755,-1.5207913,1
3.9858906,-1.0953672,3
-1.0157173,1.8112975,2
0.8520704,-0.31250733,1
0.80677646,2.7830093,4
-0.29124522,-0.5544342,0
1.8963891,0.25900966,1
-1.284821,-0.66756123,0
2.3043852,-1.0939236,3
-1.7900822,2.002601,2
-1.1992716,6.35674,2
3.494379,-1.3283408,3
-1.0562186,0.58284634,2
-1.4157417,-1.3744514,0
0.45816338,-2.5995383,0
-1.8840126,-1.4722159,0
-1.1262289,-1.8762234,0
-1.855077,-2.9289238,0
2.712071,0.41184163,3
-1.2598288,-1.6851892,0
-1.1954923,2.4345887,2
2.7846663,0.4146949,3
-0.32067448,-2.3386595,0
-0.99065334,-0.5126476,0
-1.2346072,0.15870416,2
-1.415279,1.2459986,2
-0.6825188,0.59090525,2
-2.1683965,1.0411199,2
-1.4753686,0.9801665,2
-0.28004956,0.18631582,2
0.06540771,0.92966974,2
2.4986408,0.16052061,3
-0.019011082,-1.382647,0
0.99733204,1.1387472,1
-0.96195626,0.3701067,2
-1.8144422,-1.2990338,0
-0.82089907,0.034984425,2
-1.9330184,2.2416687,2
-0.82319945,2.1199884,2
0.49220714,-2.8940072,0
2.9732208,0.856495,3
-0.91822934,0.14681561,2
-1.6022155,1.1334807,2
4.458038,0.6638016,3
-0.67841536,-2.3950438,0
-0.7825021,-0.29222584,0
-1.3105829,-0.8442905,0
-0.32796952,-2.8470232,0
-0.082066394,-1.7865617,0
-1.4307423,2.201798,2
-1.7756693,-2.2029574,0
4.1595626,1.5417609,3
-1.2396779,0.381931,2
-1.2733907,1.279261,2
3.2026598,-1.7512027,3
-1.0549035,-0.8912401,0
-1.9091804,2.0033672,2
-1.3850901,3.1300347,2
1.2636807,2.33415,2
-0.88136303,-0.8991923,0
-1.7136033,-1.1850965,0
-0.6467212,0.18522264,2
-0.99666816,-1.1191583,0
-3.1185613,3.9821603,2
-0.76840067,-0.69040436,0
1.108532,0.5736657,1
-0.88943774,-2.3661587,0
2.2177577,-3.0212886,4
5.499969,-0.7309869,3
2.6953695,-0.66323245,3
-1.7509005,0.04660763,2
-1.3377819,-1.3387504,0
-0.6752672,0.3763677,2
1.5370598,-0.89554405,1
1.0345161,0.44245267,1
-0.24894215,-1.0259577,0
-1.3152058,0.97199017,2
2.3500483,-0.8179825,1
0.29905993,1.013031,2
-1.5017837,0.39030427,2
-0.9719224,-1.9853874,0
-0.999801,2.2727625,2
8.841873,-0.7194486,1
2.0054097,-1.3668698,1
0.05873012,0.46614712,1
-1.624195,1.4059309,2
-1.0307385,-1.9693183,0
-1.6989576,-1.4404793,0
3.1995916,2.5084717,3
1.1856551,-1.0596404,1
0.74773693,-4.5737286,0
-1.5927441,-1.383294,0
-0.68207586,-2.3744924,0
0.48660815,-0.91777724,1
3.0019784,-1.0174347,3
3.6297793,1.0580854,3
1.0442185,-0.1751167,1
-0.79326564,-0.12428263,0
-0.5452287,0.64798045,2
-0.15195599,0.517675,2
-0.5573397,1.5944519,2
2.4074752,3.4231834,3
5.157371,3.4924886,3
0.46096557,0.3251981,1
-1.2136456,-2.1481135,0
-0.88196415,2.368717,2
2.8488567,1.6156418,3
-0.061779637,2.7301652,2
0.6988262,2.8343976,2
-1.2179508,-2.3340821,0
-1.4984738,-0.90721244,0
1.339176,-0.8946962,1
-0.42929935,1.4479643,2
-0.9445532,-1.2384877,0
-1.7128404,-3.744522,0
3.6643932,0.91974336,1
-2.0895445,0.27896756,2
-1.5194263,1.2387224,2
-1.080866,0.1630222,2
5.952406,-1.0938282,3
-0.8701353,-1.5208681,0
-0.92943436,-1.6923296,0
-2.3984606,2.0039058,2
1.4117595,1.016279,1
-0.31290838,2.3162532,2
-0.6659886,0.8994815,2
-1.2523746,-1.6814753,0
-1.6417782,3.1611295,2
-0.5736205,-3.4952323,0
-2.1189988,0.969897,2
3.414296,2.0703948,3
2.8834727,0.8702637,3
-1.40824,0.44320428,2
-0.7868709,-1.9490569,0
4.3055334,1.0047776,3
-0.33958682,-1.4573969,0
-0.31255114,-2.4804425,0
5.7528696,2.7243707,3
0.01814834,-0.99684864,0
-0.41225925,2.6907578,2
0.75764555,-1.1844586,1
0.16073826,-2.4004486,0
-2.0427113,3.3115337,2
-1.2971654,-1.687293,0
-1.7722774,0.6599426,2
-1.573207,0.013977334,2
-0.16256978,-2.433707,0
1.1231526,-1.1601337,1
5.9216585,5.4807415,3
-1.6923983,5.5219545,2
-2.3098643,0.65431803,2
-0.1490652,0.6107121,2
1.4066335,0.23998062,1
3.5728207,-1.1668098,3
-0.21591982,3.1959915,2
-1.16129,-2.970659,0
-1.1793017,-0.4430989,0
2.197791,3.123299,3
-0.9479008,0.8837665,2
-1.1269058,0.1584906,2
1.2137423,0.08432205,3
-1.1167399,-0.29534107,0
-0.5856708,-0.48810208,0
-1.2599714,-2.4119349,0
-1.1583622,-2.9389982,0
-0.86781377,0.78797823,2
-2.2361538,0.7669458,2
0.07166518,-1.2158962,0
0.3250182,-3.3155735,0
-1.4274143,0.7188715,2
1.0444058,2.3982332,1
3.4388235,1.1210471,3
2.2689176,-1.3999753,1
-1.2234064,0.67460054,2
-1.3847549,-0.18500577,0
0.620101,-0.38131142,0
-1.0187935,-1.1876757,0
-1.1663655,0.26377803,2
-0.5540832,3.147182,2
-1.0314853,-3.0192106,0
1.561784,-4.31118,0
-0.9394035,2.9621437,2
-0.47711343,-0.5840359,0
-1.6778253,1.4604503,2
-1.9212378,1.6109223,2
-0.84023595,1.7011918,2
-2.1783211,1.2762537,2
-1.8150661,2.179911,2
1.2204263,0.29047894,3
0.94033855,-0.83925277,1
0.07167013,-0.52481204,0
-0.79940635,-3.5501251,0
0.9960272,2.0695627,1
-1.9709613,0.8808925,2
-0.9129472,-1.4399369,0
2.9038808,1.7230904,3
-0.64161223,1.9437286,2
4.263489,-1.1520468,3
-0.29235417,0.53241545,2
-0.5847659,-1.0837632,0
-1.0786107,0.591821,2
-1.7814896,1.9391384,2
0.811678,-2.7756143,0
0.37090236,-0.37946016,1
-2.1017282,0.18774198,2
-0.6223636,-1.9384879,0
3.1923115,0.43817323,3
-0.5568707,2.537972,2
-1.5684192,1.874631,2
-1.7960087,-1.6166936,0
-2.0019581,1.9379572,2
-1.975233,3.980817,2
0.87442416,0.3627718,1
1.0988653,0.4585706,1
-0.9022174,1.6925263,2
2.9454062,0.1927543,1
-2.6621428,0.31260407,2
-1.7858346,0.10296072,2
2.9570415,-2.188919,3
-0.266762,-0.32793617,0
-0.45880124,-0.11032419,0
0.5236337,1.8187802,2
0.14368547,0.94233054,2
-1.0771842,-0.50496507,0
0.08318697,0.13095565,2
2.736963,3.6144285,3
-0.1455517,-0.66649204,0
4.7131953,4.0583496,3
-0.36066464,-0.0039031953,2
-1.3890051,-0.06759918,0
-1.333716,1.4389701,2
-0.8097446,-1.6070449,0
-1.905719,0.5836531,2
0.3273119,-3.0244455,0
5.1285925,0.6728859,3
0.040768024,-1.459749,0
2.498745,2.1548429,3
-0.04124025,-2.787759,0
0.9216792,-1.5062851,1
-1.3977545,1.6463953,2
-2.3426337,3.1310027,2
2.5761466,1.0479003,3
1.3479887,0.93860656,1
-0.5633375,0.22978504,2
-1.8020626,-1.725371,0
1.978484,-1.368169,1
-1.446905,-2.6640077,0
-0.31002045,-2.0597117,0
-2.106276,3.7270846,2
3.4747233,-1.7595576,1
-0.021022977,0.05235654,2
0.400368,1.4210666,1
-1.1421652,-0.7347145,0
3.497755,1.7022506,1
0.17451146,1.9152036,2
-1.211808,0.1927359,2
-1.3834631,-1.4507655,0
-1.2693393,0.15624644,2
2.1364963,1.307245,3
1.1975946,-1.8585901,1
0.5293204,-2.7076309,0
2.8339212,3.3622239,1
1.7715931,0.58104426,1
0.37039003,-1.5826484,0
0.36958173,-0.5099575,1
3.408553,2.2555068,3
-1.2868991,4.208585,2
-0.9054019,2.7459767,2
0.4086167,1.1278319,2
-1.1088715,-2.3561587,0
3.4847753,1.6238254,3
-1.6487701,0.9819462,2
1.9270447,-1.437308,1
-1.447603,-1.401767,0
-1.684204,0.94542754,2
-1.7461729,2.9384668,2
-1.3150294,-0.30405402,0
2.4100516,-1.5410925,3
-0.16925403,0.080842406,0
-0.736173,-4.7240143,0
2.8321474,-1.3637058,3
-2.2260377,2.6797264,2
2.9257562,0.09812854,3
3.2540383,2.5002139,3
-0.9903112,-1.7499216,0
-1.7974998,-2.214688,0
-0.7108869,-0.69531626,0
-1.3229052,0.6898389,2
-1.6008711,-0.4070173,0
0.32258278,-2.3045316,0
-0.052588962,1.8612893,2
-1.0531194,1.6081253,2
0.09372643,0.65692276,2
-1.1553258,-0.9368333,0
-0.25653404,-1.0596757,0
-1.1658854,0.040284082,2
2.8044393,-2.5161517,1
-0.74125427,-1.3146917,0
3.8852901,-1.6901002,3
2.16106,-0.017072242,1
-0.80825645,-2.2527788,0
-0.054371882,2.6561248,2
-1.3544726,-1.2764423,0
2.1256123,0.39716077,3
6.7647476,-2.3991716,3
0.5305905,-1.1802042,0
2.052902,-0.5344117,3
-1.0099405,0.83878803,2
-1.261111,0.76972395,2
0.93629223,-2.143676,1
-1.6812775,1.6166435,2
-1.6870726,1.5149792,2
-0.12930173,1.0502305,2
-0.7322124,2.3759525,2
-0.9147406,-3.863811,0
-1.0303049,-3.7188416,0
-1.0239071,0.1553526,2
0.06690802,1.5825241,4
-0.01336397,-1.6308918,0
-1.0252161,0.85609263,2
-1.060636,2.6775389,2
2.351226,2.0814583,3
-1.1259477,-4.696512,0
-1.2432067,0.41107184,2
0.09228549,-2.3038125,0
4.5863543,-0.4320386,3
-0.6312204,-0.5108563,0
2.4928377,-1.8263097,1
2.5864537,1.7990477,3
-0.06071559,-0.4150256,1
-2.4980073,1.5811903,2
-1.0375199,2.5241292,2
0.5731925,-1.9423108,0
-1.2788879,-0.8180595,0
-1.3226612,-1.1647729,0
0.091381006,0.87585926,2
-1.1334097,0.3901804,2
1.1536273,2.6654766,2
0.5577089,0.23581688,1
-2.0836332,1.8761512,2
-0.26322427,-0.17469272,0
0.48015344,0.9960336,2
-1.6151065,-0.4746192,0
-1.1736565,0.53647536,2
2.0395222,-0.8747927,3
4.1197133,1.9353044,3
0.42465883,0.32889348,1
2.348111,-3.2692735,3
0.2874315,-2.3640792,0
1.635104,1.327645,3
-1.6123309,-1.5955701,0
-1.719239,-1.9777479,0
-0.7848498,-1.5269601,0
-0.9562319,1.1682029,2
0.50033665,1.3394268,2
-0.5762951,-3.5045617,0
-0.06835892,1.5071884,2
-0.98686206,-1.2830695,0
-1.3711753,-0.4876579,0
1.4781601,-2.3911912,1
-1.2975547,-1.7665718,0
-0.011057894,3.5772657,2
-2.0110142,-0.08599129,0
-1.2843572,0.44859654,2
-0.8623621,-0.5227757,0
0.08414601,-1.5309265,0
2.694661,1.1996398,3
7.546169,-0.19645055,3
-1.639813,-0.27788454,0
3.7277277,-0.83765787,3
2.8566477,1.26147,3
0.5175049,1.5080099,2
-1.7538886,-0.17958538,0
-1.7831748,0.8287285,2
-0.9514158,-1.7873262,0
2.778,-1.235301,1
-2.1422904,0.5699479,2
-1.2053585,-3.6217594,0
-1.7851124,0.44728833,2
-1.689409,1.9246047,2
-0.43074024,2.7099502,2
-1.7215483,-1.2659585,0
-0.17686722,-1.155838,0
1.6769898,1.5972043,3
-2.1098874,0.6182636,2
-1.1204916,0.55696654,2
0.22246434,2.1213877,2
-1.4951068,-0.028568652,2
-1.6751196,2.0802987,2
-1.3921854,-2.6812766,0
-3.0730414,5.1784906,2
1.0856881,-1.115089,1
-1.6450607,0.6780475,2
0.58657616,0.27866095,1
-1.6164262,0.61710954,2
-1.3019369,-1.6960075,0
-0.3007577,-1.1543341,0
-1.0651498,-0.7023747,0
-0.9999041,-0.56582576,0
3.0151165,0.35523206,1
-0.9125045,0.65950537,2
-1.657625,-2.0783186,0
-0.27820653,-1.0618743,0
0.7628997,2.5838287,2
-1.9352828,2.8194206,2
-0.43264502,0.98517734,2
2.1539044,-1.2268908,3
-0.69908375,-0.99051374,0
4.259278,-0.5456752,3
0.62026685,-2.0983095,1
-0.8891973,0.31013656,2
3.3821893,-0.5348237,3
-1.6068797,0.40582287,2
-0.47397602,-1.3361961,0
0.59170187,1.0041838,2
-1.1100398,-2.5049682,0
0.44580144,-3.9053595,0
-0.67341965,0.17548142,4
-0.19929549,-2.4221106,0
-0.9710009,-1.5792838,0
-1.8163724,1.4397063,2
1.2690947,-0.7342939,3
-2.079249,1.597308,2
-1.7246745,-2.7520454,0
-0.3529415,1.2805887,2
2.1645067,-0.82736546,3
-0.24941745,-0.13913475,2
-2.3007333,0.4205351,2
-1.6226335,-3.6308434,0
-0.78108543,0.46994042,2
1.6935972,0.9930741,1
-0.987621,0.6628943,2
3.2719162,3.5971072,3
0.11533406,-0.4569524,1
-1.7309244,0.20663892,2
-1.5112844,1.9093772,2
0.027253928,-0.52062726,0
0.14605705,3.6030853,2
-1.8095083,0.1930358,2
-1.8232217,1.8321428,2
1.025812,1.6206354,1
2.6722834,0.4505626,3
-1.1034161,3.4589155,2
-1.4530799,2.8793907,2
-0.9997105,0.25718015,2
1.9456667,1.4749265,1
-1.7814302,2.4454393,2
-1.6027888,-2.8961995,0
-0.8599184,1.3130962,2
-1.6821699,2.6224272,2
0.4020547,1.3836087,1
0.445825,-2.9763515,0
1.0357143,-1.3548586,1
-1.5574566,-1.0851824,0
-0.72393113,-1.8307892,0
0.073546246,0.9769942,2
-1.5590057,0.593425,2
-0.26085314,-3.2635174,0
1.6734498,-0.31454998,1
0.5248109,-1.2461212,1
4.672199,0.31246698,3
-1.6638407,0.3433392,2
1.9162915,-2.9452193,0
-1.0087639,-0.84290975,0
5.8822036,1.324831,3
-1.6608963,-0.11101752,0
-1.6965914,1.7823834,2
-0.94515264,2.2155986,2
-0.22775933,4.102045,2
-1.7698406,-0.57885337,0
-1.5867833,-1.9424715,0
-0.41943866,0.33798742,2
0.7498336,-2.522164,1
-0.27378803,0.42486632,2
-1.15492,-2.4567215,0
-0.80625135,1.5210407,2
0.24134323,0.9031574,2
-2.098502,0.15836285,2
-1.6649586,2.1817803,2
0.08571859,-0.3301133,1
-2.0969324,-1.1808125,0
-0.43200508,0.8142715,2
-1.2685771,-0.3981179,0
-0.30358788,0.04973276,2
-3.4103496,2.9453475,2
-0.8041037,2.1459057,2
-0.27328235,-1.6539044,0
1.3894113,-1.3191289,1
-2.0410943,-0.906067,0
-1.9086905,3.0846956,2
-1.6681828,-1.1670084,0
-0.1455527,-2.1643288,0
-1.4606138,0.10649964,2
0.63166887,1.8694699,2
-1.2312282,0.7306385,2
-1.3169497,1.9554965,2
2.4091008,-1.22369,3
-1.5159234,-1.6117396,0
-1.7603382,1.102614,2
-2.0065944,0.9548125,2
-0.21319199,-0.480017,0
-1.7329574,-0.40879506,0
-1.184003,0.8981165,2
-0.17299585,0.8657977,2
2.1981418,-1.4086232,1
-0.18626416,-2.5329375,0
-1.3813478,-0.35813034,0
4.388287,0.1681605,3
-2.4798055,1.7323236,2
-0.66408914,-1.4236889,0
-0.26580942,1.3342173,2
-0.82046413,-3.23608,0
0.26711383,-1.1445906,1
-1.4198854,0.7217325,2
4.1705956,-1.1797311,3
-1.7763776,1.104209,2
-1.6664046,-1.9052849,0
1.301264,2.0177636,3
-1.2950006,1.7133156,2
1.4530857,-1.0812261,1
-1.1027044,1.5290558,2
-1.2629554,-0.7193597,0
-1.3008554,3.6824043,2
4.1693163,0.4959659,3
-1.0033287,0.62311834,2
-0.8952111,1.7194645,2
-1.8005414,-1.959399,0
-1.3232774,1.0600022,2
-1.1369889,0.08310563,2
-0.5473323,3.0430226,2
-1.4673227,-1.2268338,0
0.29598466,-2.8696444,0
-2.0117822,-0.23081188,0
1.3630631,-0.1049435,1
-0.6071016,-0.23344834,2
-0.96449286,2.5210748,2
-0.69164217,1.2695911,2
-1.4230323,-0.40660006,0
-0.5435497,-0.61434287,0
-1.4123766,-2.8415945,0
-1.2467006,-1.2513372,0
-0.7351153,-2.7710755,0
-1.0193249,-0.26759222,0
-0.4558603,0.62814945,2
-1.7845314,-0.4981302,0
-1.5815203,-1.5448366,0
-1.1049061,0.018122826,2
-1.2924832,-4.3444138,0
-1.1292174,-0.07477528,2
-1.7065518,-2.830376,0
0.65292186,-1.3754532,1
5.050212,-1.4451874,3
1.2666306,0.91032404,3
-0.7602305,1.4936774,2
0.57532424,-1.7057226,1
-0.4193249,-0.16748554,0
0.53878427,-3.8038566,0
3.112386,-1.5248327,3
4.2169976,-1.0682636,3
0.85856694,-2.5978703,1
0.57925206,-2.3705037,0
-0.6770892,-1.5928316,0
-0.86569196,-1.7701733,0
-1.5701969,1.3239987,2
-1.2140871,-0.49592286,0
2.473285,1.8950658,3
3.1246772,-0.9473542,3
1.0796994,-1.5556741,0
-0.9689916,2.2020097,2
0.6113873,-2.025844,1
4.7025566,-0.12647092,3
-0.8841046,0.47154522,2
-1.7146473,-2.918181,0
-0.7743281,-2.9437304,0
-0.14769912,-4.37347,0
-1.5970316,-0.3519342,0
-1.0529141,3.3512187,2
-0.5294348,-0.21544144,0
-1.930423,0.28627008,2
0.98182184,2.3674464,3
-0.92915165,1.3590126,2
-1.4496772,-1.8739258,0
-1.6330923,3.9458623,2
-1.3643674,-1.0728399,0
2.8521876,1.4389628,3
-2.1034596,3.1762884,2
0.054037753,0.89512503,2
-1.4357741,0.5822188,2
-0.48947924,-2.539155,0
-1.6117179,-1.8483658,0
-0.9768764,2.7604244,2
-1.2342277,-0.86627126,0
-1.0040615,-0.45175642,0
-0.48091814,2.4154677,2
-0.51454943,-1.0328878,0
-1.380509,0.584583,2
-1.2352026,0.5032604,2
-2.4832249,3.8655014,2
-0.9298432,-0.2919709,0
1.2637731,1.7923782,3
2.2149396,-1.900576,1
1.5863118,-2.4185278,1
2.5694165,1.6924329,3
-0.1301451,-1.4565278,0
-0.7594981,-1.6204178,0
-0.7702498,-0.29724008,0
-1.566877,0.88615423,2
3.8796115,0.6175135,3
3.0070953,0.7670938,3
-0.5867149,1.8635807,2
-1.234957,1.5881892,2
1.4213905,-2.657201,0
-1.9637636,-2.4271407,0
-0.85230416,-3.2603118,4
-1.1811943,0.43399984,2
-0.15026,-1.1561264,0
-2.3396845,2.7894802,2
0.36437795,0.47128963,1
3.3211844,-0.81743646,1
4.16601,1.2534797,1
0.15113515,0.8819882,2
1.5832436,0.19015063,1
-0.99628425,-1.3206784,0
0.7731865,-0.45469874,1
-1.6495026,0.92683935,2
-1.2587357,-1.038518,0
0.52293706,-0.36788052,1
0.024974572,-0.55278116,0
1.3949378,-1.7458453,1
-0.6471285,-1.9453999,0
0.78600234,-0.59985626,1
-1.4679753,-2.7069306,0
-1.844539,-0.36600798,0
-2.072903,-0.56923795,0
-1.1326119,0.48618788,2
-0.26153395,0.82889444,2
-0.82638437,0.26539528,2
-0.53352875,0.30722082,2
-1.5322435,-3.0595615,0
-0.44609293,1.9564441,2
-1.0885943,-0.269419,0
-0.7085902,-1.4073324,0
-2.4645622,3.2727365,2
0.8367409,-0.7097548,1
-1.0415815,-1.030109,0
-1.5347841,2.473508,2
-0.4754436,0.21563947,2
-1.0665019,-0.064685866,0
-1.37845,-1.2932944,0
-1.3003851,-1.3175163,0
-1.2820555,1.7353983,2
-1.5911642,2.197678,2
-1.0646191,-2.5255933,0
-1.7167892,1.9700634,2
0.13402693,-1.9700443,0
-0.9747032,3.693677,2
-0.96062136,-0.60205066,0
0.13525379,2.5111885,4
3.7274878,0.21277903,3
-2.1972098,3.9940665,2
5.0484047,-0.33518338,3
-1.9036162,-0.7406004,0
-1.2051177,-1.1077877,0
-0.00047442527,2.0522025,2
0.52241266,-3.4088268,0
-0.32710338,1.2280196,2
-0.52231133,1.5126797,2
-0.09976068,-1.0222065,0
-1.5637128,1.4414803,2
-0.32959184,-0.69285977,0
-0.24586323,1.526411,2
-1.623693,-1.9074513,0
1.0150521,-2.3337016,1
-0.36007395,-1.7637162,0
0.05289619,0.83222705,2
-0.4991648,1.4631952,2
1.7335253,3.1705914,3
-1.2276094,1.1982062,2
-1.284616,-1.768773,0
-1.7544004,-2.8683674,0
-1.0818096,-0.55404025,0
-0.5498345,0.09832339,2
3.4375536,2.6953623,3
-1.2505091,1.0142844,2
-0.92943645,0.45990092,2
3.1840384,2.1956077,3
0.015062931,-0.4851004,0
0.99881214,2.4149816,2
-1.3104904,1.3722135,2
-1.727978,0.88925165,2
-0.18604723,0.514118,1
-1.4900273,-2.5476725,0
2.9832907,-2.8492594,3
-2.042485,0.41826212,2
-0.8561122,0.25387764,2
-1.2076849,2.0702803,2
-1.5499218,-1.4467303,0
-1.5430831,1.4872186,2
2.8246927,-1.690726,1
-1.9157357,-1.8461797,0
1.2002683,1.6010059,1
-1.1707022,1.4093528,2
-1.5021415,-0.52247894,0
-0.9365789,0.061745822,0
1.8440998,-1.0523784,1
0.43145245,-2.7254777,0
1.6142669,-1.4378839,1
-1.737456,-2.728503,0
-0.9764963,-0.6478308,0
-1.3514347,-0.4349506,0
2.1370003,0.4901852,3
-1.2592008,0.6867658,2
-0.5291476,-2.1872253,0
3.554484,0.5724391,3
-1.7747738,-1.6692709,0
-0.3590845,0.9006257,2
-0.3851858,0.34703267,2
-0.3701804,-0.59618783,0
-1.6860771,2.8316398,2
-2.2323809,0.86545867,2
-0.8812899,-1.1430402,0
-1.7930974,1.6465219,2
2.09476,-0.7214802,3
-2.771986,2.5803857,2
0.5309296,-2.9794648,0
1.3668555,-1.8725562,1
-1.3768082,1.3871077,2
2.405994,2.445417,3
-1.7470407,2.067082,2
0.48655513,-0.380072,1
0.27133653,-0.6149316,1
1.0456868,0.9212209,1
-0.81124943,-0.37523526,0
-1.5554059,-1.1263667,0
-0.9754441,0.040093914,2
1.8574548,-1.3377521,3
0.39475155,0.0017834939,1
2.6336472,-1.0709397,3
0.6314635,0.047218993,1
-1.9804605,0.3359462,2
-0.6092592,-1.4110729,0
0.38872138,0.6336557,1
-0.91019017,-2.479815,0
3.230129,2.5814877,3
-0.9070824,2.278288,2
0.7400326,0.8663445,1
-0.3691922,-1.7408795,0
-2.114405,-1.288092,0
-1.5388913,0.81860393,2
-0.8365715,-0.5784121,0
0.2634546,0.9387125,2
-1.2416697,0.640888,2
-0.44029588,-3.6749158,0
-0.15624681,2.1631486,2
-1.3779299,-1.9644167,0
0.28172258,-2.9018571,0
-1.8044828,-3.2419648,0
-1.271914,0.81393826,2
-0.1628057,1.1223408,2
-1.4136772,1.2193015,2
-1.0009365,-0.9059427,0
-1.1184368,-0.81894636,0
0.843662,-3.0572326,0
6.736579,1.9763997,3
-2.0161195,3.2474964,2
-1.492859,-0.6816213,0
-0.03728478,0.20563547,2
-1.5020127,0.18134974,2
-0.13449904,0.63588136,2
-0.20535761,-1.6757548,0
0.022696434,-0.5829063,0
-1.969717,-0.95841056,0
-0.68050814,1.2194866,2
-1.3773694,-0.41723377,0
1.8533269,-1.5656859,1
-1.035359,0.9213271,2
-0.29065335,-1.6322626,0
-1.9124372,1.8046755,2
-0.46912754,-1.2568126,0
0.51142704,-1.3673474,0
3.3892074,1.3118044,3
1.7513938,0.34043604,3
-1.3008001,0.8965919,2
3.6927066,1.6826314,3
-1.466747,1.0844847,2
0.81517047,3.206493,3
-1.3638552,2.0675294,2
-0.08785458,2.3701506,2
0.34560084,-2.1361485,0
0.5575786,0.9335339,2
3.7472737,-2.9099207,1
0.023562085,-2.343063,0
-0.79877406,-0.3434708,0
2.6721299,-0.001177486,1
2.211947,0.98188716,1
-0.95378995,-2.7487643,0
-1.6416737,-0.20114394,0
3.3489945,1.1365207,4
8.955439,-1.8587966,1
-1.4675571,-2.5925496,0
1.1658689,-1.0336536,1
-0.15158549,-3.6682365,0
-0.48576137,-0.7604559,0
0.25403917,-0.40853202,1
1.5209509,-0.83786833,1
2.3231425,-0.11456745,3
-2.389284,2.711465,2
-1.3623614,-0.07606189,2
-0.74614555,2.0746658,2
-0.11353564,2.1233764,2
-1.5193361,-1.9692278,0
-0.32875642,-1.052803,0
0.48785725,0.6057475,1
2.1394584,1.7035028,3
-0.80129933,-0.18747261,2
-1.9095755,2.5303562,2
-1.6095989,-2.7271183,0
1.9252641,-1.7400016,1
-1.1928974,2.0025506,2
0.7780387,-1.3914512,0
1.002394,-2.1591759,1
-0.21719861,3.67291,2
-1.9595615,2.4466846,2
2.019133,-1.1613032,1
2.7375202,-2.308802,1
-0.4737744,-0.19664389,0
-1.8296885,-1.8219943,0
-1.5808064,3.14523,2
-1.1130736,1.6881254,2
0.63587,-0.28791136,1
-1.6883762,1.9844325,2
1.0782547,3.4167452,2
-1.049032,1.9279319,2
-1.0436531,-1.2138941,0
-1.278995,5.678891,2
-0.97000706,-0.7741644,0
-1.0250689,-0.66415584,0
0.9503948,1.53822,2
-0.40463758,2.5945537,2
2.2159607,-2.4404879,3
-1.8570138,-0.24290209,0
-0.6753611,-0.40661812,0
-1.4991572,0.3563739,2
-1.5280446,1.0700469,2
-0.6860733,4.5358644,2
-0.69897544,-2.1412523,0
-1.3261902,-1.6520337,0
2.8466485,-0.4335155,3
-1.1047676,-2.8285694,0
-0.7110795,0.9594411,2
-0.89020926,0.6331691,2
-1.4230605,-0.26336423,0
1.0973282,0.024617925,1
-0.47758475,0.5150841,2
0.3022127,1.1295767,2
-1.4554294,-2.2081478,0
-1.3402826,-2.1855319,0
-1.0710893,-1.9657056,0
-0.83200115,-1.9080611,0
0.8736541,-0.5407411,0
-1.536632,1.1840152,2
4.5162225,-0.32577777,3
-0.65726703,-0.9552963,0
1.2736428,1.6430264,2
3.2267368,1.2712417,3
-1.6559149,-1.7307705,0
-1.6544528,-2.5864658,0
-1.7651988,0.7341721,2
-0.1905734,-2.9766548,0
3.7972229,0.5723453,3
-2.0993116,-0.6849678,0
-0.58205193,4.058457,2
-2.110006,1.6107572,2
-1.7510989,0.93126774,2
4.1318636,1.6479899,3
3.0923362,0.5671116,3
-0.17560422,-2.0649362,0
-2.2121198,5.1561675,2
-2.5120828,4.824765,2
3.8181965,-0.52546227,1
-1.3287438,0.7519515,2
-1.0896292,-1.1526629,0
-1.4398522,1.7752225,2
-1.6007267,2.7471316,2
-1.2977881,0.64383054,2
-1.4571955,-2.0187044,0
-1.3580384,-1.5266551,0
-1.851085,3.4183147,2
-1.9483342,3.3623664,2
-1.908771,1.460717,2
0.4352411,-2.4425318,0
-1.4795792,-2.0624716,0
-2.0201921,0.8092041,2
-0.8597403,0.73149604,2
-0.72556347,0.8385114,2
-0.79493845,0.760118,2
1.7612358,0.52875173,4
0.009844876,0.80479544,2
-0.76335025,-3.20821,0
-0.09201552,0.10267545,2
0.11190546,2.194735,2
0.91607183,-1.1160667,0
1.9784913,-3.6767564,3
0.5918801,-1.9184152,0
-1.5306085,1.3332721,2
-1.5644932,0.2579673,2
-1.7635769,2.9233372,2
-1.454933,0.49204022,2
-1.4490541,-2.2113454,0
-0.1796144,0.43483752,2
3.5975714,2.4242775,3
3.1140494,1.8929726,3
2.4075444,3.5623033,1
2.6692731,-0.47764343,3
2.065108,-0.025338866,1
-2.115858,2.5397413,2
-1.8451653,2.5938454,2
-1.8360255,0.65476173,2
-0.14821044,-0.013632165,2
-0.9948413,0.99965066,2
-0.7462992,-0.8640578,0
2.5013106,0.8659833,3
-1.1080604,-1.604609,0
-0.5782404,-0.35356587,0
1.410595,-0.80564564,1
-0.6903003,2.447592,2
-0.41406992,-0.75236505,0
-0.81125396,0.9775931,2
0.0114201885,1.8227314,2
4.9030766,2.9675226,3
-0.9214634,-0.93276805,0
-1.6150684,-1.2622515,0
-0.11075266,1.5208187,2
2.2275417,-4.2089305,1
-0.93906075,0.4904074,2
2.0396402,-2.9198883,1
-0.6333337,0.023081806,2
-1.3356417,-0.60583276,0
1.0056417,-2.1879313,1
-1.665422,-2.088084,0
-0.8613873,1.9695565,2
-1.1607134,0.2622435,2
-1.8501285,0.20383902,2
-1.0112119,-0.6290266,0
-1.3467883,-0.47159475,0
-1.2722776,-1.8825147,0
-2.0402896,-0.27855027,0
-0.1380852,1.3396058,2
-1.6490214,-1.8856225,0
-1.0843002,-3.569595,0
-0.9597574,-3.8649511,0
-0.659977,3.2926807,2
4.7442107,3.3059313,4
0.4400572,-2.5545177,0
-0.5185801,-0.68459564,0
0.60851383,2.1059854,2
-1.5075666,-1.7801691,0
-0.34614483,-2.072349,0
-1.8093481,2.99753,2
3.571839,0.96815103,1
-1.9304919,-0.625233,0
-1.0588017,-0.2790563,0
-1.419627,0.6330736,2
-0.4062726,-1.3222216,0
-1.6735547,0.6176619,2
2.6850257,-1.0338696,1
0.32419622,2.1965494,2
-2.263716,-1.3256079,0
-2.036929,2.3445637,2
4.7869368,2.2320304,3
-1.3740058,-2.8816583,0
-1.2012268,-2.2664268,0
-1.7192492,-0.031241924,0
-1.1640351,-0.55327374,0
0.77649206,-4.4417315,0
1.3564826,-0.0135872625,3
-1.3938643,-0.9800606,0
1.1195405,-2.272569,1
1.4901053,-0.8062208,1
1.5663793,-0.86133134,1
-0.6038951,-1.8236957,0
-1.359983,-1.793922,0
-0.3636957,0.17132784,1
-1.1351613,1.5052376,2
0.94638497,-1.8541237,1
1.6840492,-0.43526638,1
-1.830757,-0.6289423,0
-1.0759944,0.016164795,0
-1.0595956,0.20731542,2
0.6357186,-0.5353495,1
-1.3290855,-1.4994197,0
-1.5790836,-0.8474736,0
-1.487427,-0.332794,0
-1.0798669,0.039434984,2
-0.88877404,-0.28885722,0
3.011132,1.7260642,3
-1.0237044,-1.5339134,0
4.0332246,-4.865703,3
-0.6420016,-0.98208445,0
-1.9624454,1.3186852,2
-2.3119016,1.193394,2
0.098964304,-0.5936961,0
1.8300116,-0.61865914,3
1.1194075,-3.2801063,1
2.5212896,0.1968101,3
-0.94290835,1.2474201,2
-1.979335,0.7159555,2
-0.8654547,0.38226396,2
0.5648663,-2.1219797,0
-1.5753287,-0.1923487,0
-1.3681056,1.4428476,2
-0.25449294,-2.008571,0
5.341328,2.5544178,3
0.16434158,0.7141668,2
-2.0569239,-0.11985176,0
0.29480174,-1.5150559,1
-1.4436922,3.1416833,2
-2.4586275,-0.01132923,0
-0.5023046,1.7391816,2
0.5303753,-0.4461459,3
-0.8899054,0.19920042,2
1.7625299,-0.28855705,1
-0.36237875,-2.997896,0
3.7483234,0.9461053,3
-1.1598268,0.2239684,2
-0.89208686,-0.7937996,0
-0.7938724,0.08434162,2
-0.12960777,-2.9164634,0
-1.8283415,-1.9568124,0
-0.12985513,-0.18038516,0
-1.479302,-4.165095,0
-0.34898522,0.46777815,2
-0.75768626,-0.73820275,0
-1.6635079,-1.3807517,0
-1.7866087,2.7021892,2
-1.618881,-2.8042033,0
-1.4623588,-0.284752,0
-1.6388326,-1.8103292,0
3.6913884,-0.2429503,3
0.4216116,1.2303154,4
-2.5590522,2.5138762,2
-1.5268838,-2.4094784,0
-1.0071702,4.181347,2
1.1901087,-3.1633103,0
-0.5987087,0.3526348,2
5.3859887,0.7481585,3
-1.2085027,0.52750194,2
4.006976,-0.22690822,1
-1.3910094,0.76590824,2
-0.2677439,0.39998323,2
-1.6174607,2.9092584,2
3.2315035,2.0224404,3
-1.5651221,-0.5770218,0
2.4863694,1.0180426,1
2.4692903,-3.3312938,1
3.8933713,2.3142343,3
-0.036003087,-2.741501,0
-1.0478089,-1.1708648,0
-2.1304123,0.8527627,2
1.6930228,0.3943658,3
4.639346,1.8289459,3
-0.87082565,-2.0353832,0
3.1723483,2.234604,3
-2.1755826,0.87762225,2
-0.56393397,-0.9825092,0
1.2806888,0.61251175,3
0.3003834,-1.2106388,1
-1.5727725,5.014219,2
-0.24205339,-1.5473582,0
-1.2619014,-0.6079667,0
0.30579028,-0.84626853,0
0.90944475,-0.06326763,1
-1.1537077,0.97533303,2
-0.6120223,-1.4627478,0
-1.8901727,-1.5907164,0
3.1384268,1.5789579,3
-1.0444756,1.1179695,2
-0.852092,-1.4212806,0
-2.26663,0.5406669,2
-1.4043064,-3.441728,0
-1.2004387,-1.8761326,0
-0.1631637,1.7236279,2
-1.0242822,-3.3105934,0
4.703116,0.7228303,3
0.66238445,-0.9312495,1
-0.28749803,-1.2446455,0
2.9526489,-0.6033504,3
3.0735793,-0.41248357,3
3.4690957,0.9691838,4
-1.8621058,4.623248,2
-1.247041,3.4501245,2
-0.067356445,-2.2159374,0
3.8437226,-0.9207702,3
-1.81457,2.9852982,2
2.4390478,2.1678076,3
0.72236264,-1.5970048,1
3.2682164,0.04436405,3
-1.4096439,1.9726081,2
-0.23979782,0.24214078,2
1.5635974,-1.7482927,1
2.8797948,1.0550054,3
-1.6808286,0.6378189,2
3.6393588,1.2073858,3
1.2961577,-0.87086886,1
2.973181,-0.8523392,1
-1.2948842,0.2873296,2
0.88030714,0.37619132,3
2.3220048,2.5254998,3
-1.0637918,-0.25371638,0
-1.1488414,0.61333454,2
0.0622567,1.7942407,2
2.7230833,-0.17157419,1
-0.96353006,-4.003145,0
4.1434298,1.9893606,3
-0.7411889,-0.9994702,0
-0.85601807,3.869287,2
-1.3917185,0.18345161,2
0.9053718,-2.8953345,0
-0.3779066,-0.44604003,0
0.511448,-2.4789193,0
-1.9472373,2.0547245,2
-1.4336724,0.22093706,2
4.306076,1.609895,3
-1.4318774,0.7185722,2
-1.9526317,-0.88417524,0
3.0505152,0.43065274,3
-1.8032258,2.381149,2
1.4962599,-0.2970761,1
-0.94495374,-0.49381077,0
-1.4804664,-0.8128217,0
0.5218863,0.3655712,1
0.7387332,0.14096741,1
-0.053532165,1.5798588,2
0.13231541,1.1722052,2
-1.6008637,-2.7077162,0
-2.2377956,0.7464788,2
0.2233275,2.1831682,2
0.56812495,2.199818,2
-1.6515304,2.9845035,2
3.0256622,2.155885,3
0.035529852,0.4996724,4
1.4210956,1.0401965,1
-1.4781771,-3.3212578,0
-1.1567338,-2.9652014,0
-1.8095474,0.8893115,2
1.2017648,-1.1389778,1
0.718702,-1.8206587,0
-2.09055,-0.050469305,0
-1.5196223,-2.1503923,0
-0.61126167,2.7738178,2
-0.79248863,0.63533735,2
0.60876447,-2.237771,1
-1.7975881,0.7610163,2
-1.819818,1.0427566,2
-1.5366776,-2.8914216,0
-1.459528,-1.2615819,0
-0.515565,-0.21181653,0
4.596422,1.7035003,4
-3.2676475,6.0824614,2
-0.056147996,1.8720988,2
1.8696746,-1.3925135,1
0.73656726,-1.7055111,0
0.07122854,-1.3335379,1
-2.4639895,3.3767393,2
-0.81044644,-1.8779858,0
-0.4489101,-1.3623823,0
3.5599132,0.8067563,1
-1.6218452,-2.0561194,0
0.3364613,-1.6801953,0
-2.0311813,3.9058228,2
-1.186002,-1.0177199,0
-1.9675677,1.1351544,2
-2.032699,0.86627406,2
-1.1661971,0.5501546,2
-1.5090928,-1.6367486,0
-1.2870252,-3.5496652,0
0.7638987,-0.26253676,1
-1.2046098,1.7890877,2
-1.9516793,-1.9782722,0
1.635938,1.5680448,1
1.6496058,2.5570278,3
-0.9742485,-0.34331477,0
1.6300955,0.025722656,3
3.6931903,-1.9944806,3
-0.6534417,-0.042584717,2
-1.8251693,-0.5494773,0
-1.6497561,-1.5644677,0
0.18070298,-0.20284484,1
-0.5708978,-1.8910427,0
-2.1551464,3.2208362,2
0.6183216,-0.13233407,1
0.47470227,4.0140657,2
-1.354165,0.69637406,2
-0.112089574,-2.9088447,0
-0.8973147,-1.441685,0
-0.6773992,1.7033565,2
4.1592355,2.5643325,3
0.34412432,1.2600951,2
-1.0415127,-1.625948,0
2.895058,-2.7187297,3
-1.462259,1.3668845,2
-1.2235825,2.6157517,2
-0.9274406,-1.9401042,0
0.20341201,-4.223112,4
0.37985593,3.2800925,2
-1.8712349,0.73552513,2
-0.9238926,-0.1831411,0
0.4137046,0.23486255,1
0.09488305,3.3933904,2
-0.9149235,1.4758788,2
4.6878967,-1.3362128,3
-0.11305873,2.2726078,2
-1.6362654,0.53680617,2
2.2249367,-3.006252,1
-1.1874521,1.9097906,2
-0.21941376,-2.1459062,0
-1.5925632,-1.4226283,0
-0.24526039,0.48049605,2
1.912928,-0.5176319,1
-1.5748844,-2.367849,0
-0.56363744,1.9483038,2
-1.7707751,1.2342696,2
0.023989959,-0.62175864,1
-1.730092,-1.9436405,0
-0.38286284,-0.04543501,1
-1.2443978,-3.787766,0
1.1732283,-0.75369143,1
-1.0133796,-1.8871634,0
-2.363467,4.0463653,2
-2.6192381,3.2919838,2
-1.3965359,-1.3656311,0
-1.25917,-1.1852864,0
-1.2917523,-1.0153403,0
2.2686877,-2.0435727,1
-2.417508,1.9884975,2
-0.93840057,2.9177604,2
-0.8771082,-0.15002552,0
-2.2298274,2.2939818,2
-1.1999356,-2.1645417,0
-1.4835613,-0.3128417,0
-0.87218213,-1.202294,0
-1.3069016,-2.5793035,0
5.2086596,-1.2932943,3
-0.5067915,-2.2623389,0
0.68059236,-2.041216,1
3.617335,-1.3400902,3
-0.7227836,-0.34439117,0
-1.0386693,-0.8347437,0
-1.3618175,-0.5929081,0
0.22848201,1.3029623,2
-0.40587923,0.33113098,2
-1.9831512,-0.29953396,0
-0.16682087,-1.0015798,0
-0.48981488,-0.59508,0
-0.48532584,-0.43527806,0
-0.7262849,1.2582467,2
-0.12940411,-1.1225084,0
-2.220357,2.3016887,2
-0.10511656,1.2144408,2
-0.5917428,-2.5951703,0
5.019049,0.37996525,3
-2.3259945,5.055221,2
-1.8614513,3.1282942,2
-0.74665344,-0.264952,0
1.9841653,-0.7013447,1
-1.205033,1.0859005,2
-1.7085513,0.49758178,2
-1.5235784,0.3906017,2
-1.4943689,1.6247792,2
-1.339737,-1.3417299,0
-0.9979102,-1.2332563,0
-0.47226515,-0.7436643,0
-0.5764423,-1.9039507,0
-1.3241229,-1.1211015,0
-1.7420832,1.7194617,2
8.510315,1.7956178,3
3.8577912,3.7183833,3
1.0567902,-1.2831166,0
4.1679554,0.049145356,1
-1.5790788,2.386232,2
-1.4494727,-2.1102157,0
-1.6823003,1.0588067,2
5.4259424,0.1803954,3
-1.349874,-1.4050286,0
-0.6344894,-0.25723886,0
0.81701607,-1.9325528,1
-1.7076393,2.05679,2
-1.6124569,2.6387808,2
-0.38715783,-1.9585558,0
3.3641155,1.8807167,3
-1.14181,1.1035886,2
0.7857407,-0.70878154,1
0.047382064,-1.4106077,0
-2.184234,0.07468229,0
-2.2379556,4.003174,2
-0.23171952,-2.3393235,4
3.5654736,3.0111668,3
5.4183464,0.8763878,3
1.0132884,-2.8478265,0
-1.9235252,-0.16391675,0
-1.4832654,-1.7253405,0
3.1546867,0.35780442,3
0.8237472,-2.165385,1
-0.93918157,-0.4354049,0
-1.9232146,-2.9564128,0
-0.48229218,-0.66712433,0
-1.8555934,1.5330304,2
-0.41499698,1.3795798,2
-1.3420128,1.0592821,2
0.38103592,0.37628233,2
-0.020953933,-0.8959363,0
3.7333238,-0.5123233,3
-1.6307312,1.5327814,2
8.027701,-0.78654295,1
1.0921829,1.8110574,3
-0.123723224,-1.8486531,0
-0.015336197,-0.7829494,1
1.5642396,1.4629816,3
3.3450296,0.9082092,3
-0.84971064,3.8988988,2
0.60699695,-1.2903959,1
-1.380095,3.4445412,2
0.44636998,1.3928981,2
-0.22680931,-1.6354818,0
3.4304786,1.8326654,3
-1.3484119,-1.0385457,0
-1.2128963,-0.37908852,0
-1.3601521,0.07447569,2
-0.43316785,-1.5540257,0
-0.25593328,-2.5373054,0
-1.5090892,0.47525913,2
-1.1574914,0.11024316,2
-1.1789209,-2.1812246,0
0.12813345,2.1695764,2
0.67297345,-0.82408994,0
2.3711717,-1.1046278,3
3.8293831,1.5659816,3
-2.2333243,0.033941895,0
-0.5575791,-1.0280734,0
2.2548518,-0.3275845,3
-0.63394314,1.7111735,2
8.28671,-0.08889926,1
3.0740483,-0.5028033,3
-0.08972504,-1.5474763,0
2.356248,-1.2072283,3
-0.32923844,1.9213583,2
-1.5444872,1.3932211,2
-1.9798889,1.5476571,2
4.0872836,2.851055,3
-0.45621523,-0.49711317,0
-1.7537909,3.2207632,2
-1.5085945,0.8269351,2
-0.7573608,0.15658967,2
1.2589113,0.90548444,3
-1.7373394,-0.26118,0
0.089417115,-2.5601954,0
0.06134185,1.2026229,2
-1.449142,0.5485447,2
-1.0831431,-5.4309254,0
-0.22236966,0.65297264,2
0.4776442,-2.373059,0
1.2906798,1.2476103,2
1.5422647,1.4229379,3
-1.2097988,1.9479516,4
-1.13054,1.0779053,2
-1.2644628,0.002319757,2
-0.9017744,0.29111356,2
-0.62071836,-2.681067,0
-1.134233,-1.1198256,0
0.8714786,-0.88285136,1
-1.503568,-1.2954249,0
2.0812755,-0.39430696,3
3.4856007,1.7861819,3
-1.2344514,0.17837752,2
4.372575,-0.5856973,3
0.9315503,0.58519346,3
-1.7007371,0.8842847,4
7.1877217,1.1961313,3
-1.0597492,-1.816762,0
-1.0127345,0.6411847,2
2.040534,0.5784261,4
-0.68783915,-0.24100967,0
-1.961987,0.38392782,2
-0.64838564,-0.399899,0
1.1147677,-1.0186772,1
-1.5765158,-0.88680434,0
-1.2143106,3.1572976,2
0.7109307,1.2380344,1
1.6558304,0.21,1
0.4115763,-0.58971685,1
0.058994293,-0.25279367,0
0.40242898,1.2432961,1
-1.5530152,2.3824375,2
0.76273066,-1.2382708,1
2.795109,0.54593533,1
4.484966,-0.8034926,3
-1.336272,0.6452994,2
0.59079856,-0.57080275,1
-1.3573787,-2.6038857,0
3.8391752,-0.3633929,3
0.7072559,-1.5308032,1
-0.7154216,-1.7306645,0
1.1931149,0.8198461,1
-1.4276226,4.2599907,2
-0.36834916,-2.045347,0
-0.9429192,-1.838042,0
0.63300747,0.77424914,1
1.3079371,1.8237288,2
-0.74929905,-1.6910651,0
-1.1510597,1.6542933,2
-0.18358402,2.1697755,2
4.8157187,-0.07990837,1
-0.05891176,0.11139919,2
-0.54175985,-1.7024022,0
-1.0214846,0.36167455,2
1.3795656,-1.947485,1
1.2274956,0.65602154,3
-0.16425344,0.55829966,2
-0.114576146,1.8950784,2
-0.024090854,-2.2940676,0
2.2363913,1.6440426,3
-0.020960603,-2.1201653,0
1.4576033,-2.7467904,0
1.7852525,0.2700547,1
-1.1527361,0.049985245,2
0.45158347,-1.5265017,0
-1.1645389,-1.7723753,4
-0.97424114,-0.9717934,0
-1.881362,0.3238803,2
-1.0481755,2.4741719,2
-1.1985662,-1.4819988,0
0.03133687,2.9976895,2
-1.171359,-1.3555343,0
-0.6605889,-2.8319988,0
1.993961,0.24874891,3
-1.8149164,2.0225017,2
-1.2902087,1.8339173,2
-1.4787604,2.2844656,2
-1.5297018,-1.0566359,0
-1.3126191,1.7315589,2
-1.3729284,-1.1219505,0
4.5712276,0.20398523,3
-1.1048346,0.39408892,2
-0.12743571,-1.6163418,0
-1.6404054,-2.3612835,0
3.6611612,-2.132786,1
-1.4452729,0.12179741,2
-1.9424094,2.4259734,2
-1.6418093,-2.3357368,0
-0.5398126,-0.5938707,0
-0.78912985,-0.34728038,0
-1.7658062,2.8853016,2
-1.5805689,-2.153564,0
-1.0560405,2.3009398,2
2.5973096,-1.32633,3
3.635539,2.3407915,3
-0.30962726,-1.5714952,0
-0.8668296,-0.7180225,0
4.1218276,0.65493494,3
-1.4948426,1.0085233,2
-1.3778571,-3.3446589,0
-0.08793734,-2.176026,0
0.57741964,-0.7534302,1
-1.279062,3.5694878,2
0.29896855,2.3857653,2
-1.3331532,-0.09114851,0
-1.1693794,-0.4175936,0
-0.4241958,-0.4053911,0
-0.39430755,-1.8154562,0
-0.7393973,-0.48708588,0
-1.5790102,0.05659373,2
-0.19205883,-2.636071,0
1.6092248,0.75966024,1
0.47614282,2.0763915,2
-1.7806816,0.012794927,2
-1.3141919,1.2450051,2
-1.2664323,0.60652286,2
-1.6981139,-3.4460912,0
-2.0999277,0.50145715,2
-0.7057604,-1.4965026,0
3.0108128,-0.9822831,3
-1.5437063,-2.1253002,0
-1.1195462,2.3548265,2
-1.5744958,0.0007392913,0
-1.9193369,0.91741693,2
-0.030558394,0.83795387,2
-0.9860409,-1.8528385,0
-2.0112941,1.2111796,2
-1.8118305,0.42984533,2
-0.28256372,-1.2626609,0
-0.44560853,-1.5023413,0
-1.6293967,-0.1900192,0
0.06098478,-3.3596444,0
-0.6043414,2.0379243,2
-1.9674709,-2.0315547,0
-0.086954966,-0.48227924,0
-1.607391,-1.4950025,0
-1.4254564,0.9987009,2
-1.8558323,1.2565424,2
5.4500055,-0.6496935,3
-0.7357805,2.294357,2
-1.8352916,-2.2402916,0
-0.057860605,-0.31077057,0
2.043201,0.04617761,1
-1.4065577,-0.61620194,0
0.75222665,-2.3822663,0
-0.80361927,2.695422,2
-1.4544942,-2.2701004,0
-1.0224272,-2.0773592,0
2.6574256,3.4591472,3
-2.2444289,-3.1873577,0
-1.4314804,1.5302926,2
1.1696707,-0.10482969,3
-1.3921456,2.638334,2
-1.502593,-2.3427806,0
0.9698853,3.1077263,3
0.06525951,0.014360398,2
-0.25237834,0.039352223,2
-2.0702767,0.6237128,2
-1.3331053,2.8435645,2
-1.2541696,-1.9247518,0
-1.0294135,-1.4884548,0
-1.3374696,-2.328231,0
-1.3786045,1.2629994,2
-1.2167268,0.17553918,2
6.405086,0.49877912,3
-2.0146499,1.5194478,2
-0.08554425,0.80423695,2
3.123975,4.490782,3
-0.07278959,-1.5800216,0
-0.8208309,-1.7894863,0
-0.5258116,-2.694415,0
1.5686791,1.7571232,3
-1.658015,0.50813067,2
-1.572241,1.4037498,2
2.886131,-0.6114192,3
0.46960455,-1.5478696,1
3.7728188,-2.63004,3
2.3205225,-0.50325376,3
-1.6808336,0.98480994,2
-0.49035266,-3.4152174,0
-0.66712797,3.1989872,2
-0.089172594,-0.8370461,0
-0.5292267,0.8401611,2
0.94201666,0.49237883,1
-1.3002385,3.0310466,2
4.0126615,-0.14697881,3
-0.9289257,-0.004116537,2
4.2025905,0.13336933,3
-1.0079281,-0.2728406,0
-1.5435028,-0.5554693,0
7.350463,-0.30267483,3
-1.866337,4.040934,2
-2.1887867,2.8809109,2
-1.5679505,1.8900088,2
-1.0669591,0.57119036,2
2.4368267,-2.1912298,1
2.2397296,-1.7647219,1
-1.732282,1.3314068,2
-1.0085933,-1.6036147,0
-0.5902186,0.7731429,2
-1.0953983,-1.7943208,0
-0.91496307,-3.8249915,0
-0.9839825,1.1461254,2
-0.6045609,-1.7544979,0
2.460812,2.5653365,3
-0.066853076,-2.4457264,0
-0.8313748,-2.648154,0
5.0604925,-1.7917936,3
2.7810557,1.0427535,3
0.7556301,0.8434803,2
3.9326682,1.2993817,3
3.9642835,-0.8774006,3
0.26640987,0.77705055,2
-1.4343307,1.3956934,2
-0.33594087,-1.2211022,0
-0.78161436,-2.4217703,0
3.1695914,1.4221479,1
4.8651924,1.9578801,3
-1.5070692,-2.2711263,0
-1.2432287,-2.9394176,0
-0.59930253,1.2591013,2
2.088291,0.9116339,3
-1.0462047,-4.7404127,0
-2.1088817,1.648647,2
-1.3186712,-1.637617,0
1.8376695,-3.0566037,1
0.13295135,-1.9285027,0
-0.43890545,0.22713958,2
-1.1636932,0.5169547,2
-1.9797039,1.926631,2
-0.12202679,1.8744582,2
0.03687604,-0.64035857,1
-0.42764258,-1.3807474,0
-1.4294794,0.6223235,2
1.2268432,0.11426158,1
2.4246542,1.466185,3
-1.4065876,-0.3327015,0
-1.0160992,1.5574292,2
3.078698,0.23465721,3
-2.4028816,2.6901839,2
-1.3672183,0.2112645,2
1.6640245,-1.0912545,1
3.4328508,-1.2753814,3
2.9324594,-0.15353267,1
-0.018824792,-1.744127,0
-1.267504,-1.2131858,0
-0.23360805,1.7089002,2
-1.2125224,-2.481446,0
-1.3507893,1.9925475,2
-0.30416012,-0.94168764,0
-1.374355,-0.55565447,0
-0.95707077,0.31457657,2
-1.4716202,-4.152469,0
1.8447425,2.0899608,3
-1.228013,0.7693152,2
-0.0887149,-2.5224652,0
0.45819196,0.07529912,1
-2.8499274,6.849745,2
-0.06408845,-0.48938185,0
2.9588735,2.5881467,1
2.4848025,0.6971664,3
1.6584413,0.9554935,3
-0.8230959,-1.4737682,0
0.12980211,-1.3586373,0
-0.43835214,2.33237,2
-1.4207973,-1.9623588,0
-0.62354803,-1.4082626,0
-1.3743297,1.3439066,2
-0.9212306,2.2835095,2
-1.1940337,-1.336757,0
4.623141,-0.1904322,3
-0.8651367,0.60647714,2
-1.7733328,0.44363147,2
-0.5060679,0.67361873,2
3.9172277,1.991323,3
-0.51945156,0.38821095,2
2.2806847,2.0337873,3
-1.4834838,-1.697304,0
-0.7308202,-1.3871264,0
-2.5134418,2.5311477,2
2.7283182,0.24745192,4
-1.0181309,0.19366479,2
-1.1572192,-1.5730048,0
-0.148343,-1.6824515,0
2.2598536,-0.25906414,3
-1.0967461,0.67248493,2
-1.2314628,2.8064268,2
0.5845912,-1.8289454,0
-1.2769351,1.4718947,2
-1.3428113,0.3929835,2
-0.22532795,-1.584265,0
-1.500625,1.4813033,2
-1.2044044,-1.6987686,0
-0.025748516,-0.19625762,1
-1.5291915,-0.91113937,0
-1.9104091,-0.82214266,0
-0.7852171,-1.8845437,0
-0.48825204,0.3029579,2
-1.0377003,1.4677459,2
1.5419981,1.230778,3
-1.522132,-2.0203736,0
-0.7507364,-1.41199,0
0.13643174,-0.85909325,1
-1.6323495,-0.03265673,0
1.7860214,1.7211792,1
-1.8751556,-2.2440457,0
-0.88051856,1.6707097,2
4.194694,2.2113233,3
-1.1446376,-0.18172362,0
-0.9638665,-0.7724393,0
-1.3738623,2.5367,2
0.09959584,0.2267824,1
-0.07408547,-1.9632084,0
-1.7050657,0.0810078,0
3.5477965,-2.7188556,3
-1.2885344,-1.4246024,0
-0.5374751,0.41279852,2
-0.7201431,0.397272,2
4.0629883,0.148234,3
0.78086287,0.03934785,1
2.9646058,0.26726127,3
-1.2313168,2.454107,2
-1.7189826,3.1565669,2
-1.0456954,-3.1484218,0
-0.052028716,0.8631059,2
-1.3095834,0.8795025,2
-0.85782117,-1.5766516,0
-1.2607293,-3.229052,0
-0.6174578,1.8909281,2
-0.22637299,0.08475311,2
-1.9088104,-0.79716766,0
5.2085156,3.1971161,3
-1.1754423,1.471319,2
-1.1312953,-2.3777416,0
0.029742746,-2.7674685,0
-0.9607178,-2.2126951,0
-1.7584976,3.4047384,2
-1.1110449,1.3543978,2
-1.2733369,2.312556,2
-0.99200326,1.1765991,2
-2.3283312,3.9261594,2
-0.7772781,-1.5804774,0
0.6509893,0.45912802,1
-1.6176069,0.47940075,2
1.8870432,-3.5415006,1
-1.6039758,0.6982953,2
-1.2102053,1.4898884,2
-0.054087985,0.16424035,1
-2.2538555,1.4981983,2
-0.83732253,0.12639786,2
-1.537004,-2.8601365,0
-0.5488671,-1.5244904,0
-0.66257143,-3.98672,0
-0.96530807,-2.1058757,0
-1.5320894,1.0758123,2
-1.3316615,-0.7934398,0
-0.7162626,-1.188351,0
-1.2444392,0.45367837,2
-1.7681496,0.38376367,2
-0.9530758,1.230799,2
5.166064,-3.08318,1
-1.2495525,-1.630974,0
1.2578682,-0.0028420333,1
0.15115973,-1.9013715,0
-0.82417077,-2.0439856,0
4.062674,0.821765,3
6.441027,1.3168882,3
-1.5775715,3.3758764,2
-2.181694,3.792328,2
-2.1092746,-2.117253,0
1.3425769,0.39142734,1
0.33506644,1.9659616,2
-1.2536871,-0.7874753,0
-1.0806814,2.2871902,2
3.269592,0.8019799,1
-0.69735044,-0.056652844,2
-1.955786,0.97686225,2
-1.5996927,4.9274693,2
5.671851,-1.2630303,1
-1.5497925,1.7269483,2
-1.2716653,-3.015395,0
1.5342896,-1.0153639,1
-1.083357,-4.0822477,0
1.3199761,1.3778191,3
-0.16749887,-0.6588843,0
-1.4518961,1.0013434,2
-0.8663966,1.5711547,2
-1.8409369,2.3175585,2
0.6117266,1.3157463,1
0.41310534,-2.2746933,0
0.028412303,-0.066215575,1
2.3073766,0.49941432,3
-1.5739323,-1.2584705,0
-1.8812433,2.0803635,2
-1.2741642,0.22423165,2
2.3660297,1.3289847,1
-0.18155782,2.3086991,2
1.4785744,1.0056771,2
-1.0109175,-0.014994904,2
-0.90729266,1.164091,2
1.397472,-2.0931559,3
2.6281805,1.0548267,1
-1.169935,0.08490802,2
-1.6119777,-1.5482371,0
-1.0556387,1.2462121,2
-1.0691247,1.4068805,2
-2.228315,1.8011577,2
-0.9448321,-2.739952,0
-0.38685924,2.4030063,2
-0.41306013,0.6181163,2
-1.2430397,1.5045445,2
1.5647576,-1.0927211,1
-1.2928154,-2.4734178,0
-0.1111519,1.990664,2
0.8443909,-0.97815853,1
-0.3404853,-0.16035315,0
3.941592,-1.2363498,1
-1.8526331,-0.21934134,0
-0.7538944,1.4353743,2
1.3935459,1.9063963,3
-1.5749342,-3.1716268,0
-2.094916,0.3293712,2
4.8792605,-1.3267201,3
-0.5604261,3.1935682,2
-0.1941647,-0.58116126,0
0.9587272,-1.057918,1
-0.06017892,-0.9818291,0
-1.2298192,1.4818735,2
-1.8595121,-0.04043312,2
1.2959996,-1.7624154,1
-1.483188,-0.88638955,0
-0.63740283,-3.0966833,0
-0.8902711,-3.3490932,0
3.8759735,0.27367407,3
3.7635674,-0.8887511,3
-1.2914209,1.4603213,2
-1.6023552,-0.28780985,0
0.26277998,1.6339558,2
-1.005331,1.4654047,2
-1.1195402,-0.9040771,0
1.4347147,-2.0889382,1
-0.9547629,-1.2474258,0
2.0898154,0.57956177,3
1.6757243,-1.6270846,1
1.2823,-3.5383368,1
-1.3234065,0.36798793,2
-1.9605479,-0.8031597,0
-0.7354858,-2.3438523,0
-2.027329,-0.85033095,0
-0.23720574,0.029999897,2
-0.48621246,0.70062864,2
4.0149126,1.1586194,1
1.012841,3.0082293,4
1.5413733,-0.6414972,3
-1.5943239,-0.6779215,0
-1.5874728,1.8976927,2
-1.308857,1.9153643,2
-0.52634084,-0.5023077,0
-0.88517225,-0.76388985,0
0.19549017,-1.657828,0
4.119251,1.5773238,3
1.8452252,1.6679738,3
0.1378173,0.84513456,2
-0.6015017,-2.4594676,0
0.5735211,-3.3766103,0
0.42115238,-1.9923639,0
-1.3733339,0.20352204,2
-2.5008237,6.2783866,2
-1.9058051,0.15234746,2
-0.64935595,-0.35573816,0
-0.67035204,-0.78517747,0
1.4426264,0.7161661,1
-1.2732062,-3.0099375,0
-0.7076006,-0.98845625,0
-0.66515535,-0.50408995,0
-1.6582688,-1.4742755,0
-1.4085332,1.5348308,2
4.802973,1.5120234,3
1.3157165,-2.145665,0
1.3960708,-2.8617296,0
-0.9588347,-0.1535087,0
-1.6808162,-4.5573235,0
9.3656025,-2.5747144,1
-1.7651014,3.2814643,2
-1.1037692,-0.92996424,0
-0.20375888,-4.3062572,0
-1.6989412,-1.8832965,0
0.11962764,-1.3331171,0
0.7279147,0.15843391,1
1.0162412,-0.22572735,1
-0.8982389,2.4814336,2
2.703139,0.81968063,3
0.1662274,1.7830243,2
-1.0872654,-1.1896952,0
-1.3612819,3.8174517,2
-1.7518437,2.052297,2
0.9591679,2.1746829,3
4.3352447,0.68766737,3
-1.5763931,0.22720425,2
-0.57264596,-1.1348419,0
0.01809416,-1.8545989,0
0.25769743,-0.0246111,4
-2.164983,0.7235195,2
-1.8355155,1.2879364,2
-0.8711021,0.13090256,2
0.0012708211,-0.1778727,1
2.3383763,3.1483266,4
-2.0477626,3.6076398,2
-1.2976434,-3.1254466,0
-1.834708,1.3302418,2
-1.8718452,0.48505777,2
-1.6395068,-0.22329094,0
1.6470695,3.0621564,3
0.14196134,-0.048444077,1
-1.0477136,-2.7914145,0
1.937717,1.989779,3
3.0836372,4.1184855,3
3.0589602,0.05038341,1
0.010587173,-1.7839582,0
1.7331219,3.0588336,3
0.29398373,-0.3176021,1
-1.6742641,-1.0006199,0
-0.7793716,-0.5668934,0
-0.97691244,2.5288258,2
-0.7825619,-2.3462539,0
-1.6124134,-2.1826258,0
-0.6054939,-0.8102438,0
-0.03945408,-0.11537731,0
-2.006409,1.5915859,2
-0.40862477,0.0022833645,1
3.9789994,1.7379491,3
1.2650257,-0.8540612,1
-1.6478431,1.1296114,2
-0.6497068,-3.3079448,0
-0.29053497,-1.6407,0
-1.5704849,0.055242702,2
-1.7014478,-2.1563914,0
-1.5622984,3.4779959,2
-1.8282149,1.1188436,2
-1.9339077,-3.1053815,0
7.451642,0.62600356,3
0.24675475,1.9601759,2
0.33280563,-0.9324291,1
-1.1000875,1.0124726,2
-1.5440545,1.0113509,2
-1.2516042,2.7039874,2
-0.2960848,-1.3822395,0
0.12706736,2.2898955,2
-0.95413357,-1.922853,0
-1.2779279,-1.5393796,0
-1.9460988,-0.9598955,0
1.2226549,0.12751591,1
2.872002,-1.4994907,1
0.23977146,0.70877784,2
-0.9542147,0.42916948,2
2.9415839,-0.42427617,1
0.06266277,-2.4054239,0
5.4745097,0.63648075,3
0.0024246105,0.33951622,2
-0.25568673,-0.36315954,0
-0.5275971,-3.4225972,0
3.1565912,2.844015,3
0.0110665765,-1.9592901,0
4.210709,0.8084209,1
-1.6138768,-1.526334,0
-0.277253,-0.7708583,0
-1.7843859,-0.021208951,0
-1.2307522,-3.4088976,0
-0.12730491,-0.95907134,0
-0.86529195,-0.061946593,0
-1.0607024,-2.560345,0
-1.0135293,-0.5503794,0
-1.3129435,-2.0153522,0
-1.2428468,-0.69928986,0
-1.0429615,-3.2394996,0
2.084583,1.0363064,3
-1.0411065,1.9177306,2
0.68531317,-2.096263,1
-1.9870858,-1.7617137,0
0.98696935,2.2748818,1
4.068271,3.0171072,3
-0.050594192,-0.20688811,1
-1.1523079,-0.9853621,0
-0.7008396,-0.6865564,0
1.6707704,-0.47527927,1
-1.315892,3.622589,2
6.1800385,-1.13662,3
0.34856787,-1.2208523,1
-1.5251037,2.0395067,2
2.223105,0.45731628,1
-0.89227635,0.35253608,2
-0.34412652,-0.8735157,4
-0.4530743,2.7290711,2
1.6998982,3.9151146,3
1.7499738,1.0362034,3
-1.8711915,3.663979,2
-1.068232,-1.2696493,0
-0.50724596,0.6157055,2
-1.6436534,0.84450805,2
0.466471,0.6721647,2
-1.1385568,-0.00090546906,2
0.6468867,0.4058255,1
0.07183745,1.1899971,2
1.1739864,-0.8615036,1
1.2617605,-1.3843813,1
0.60461164,0.9315502,1
2.8370311,-0.4659601,1
4.5926647,-1.0427926,3
-1.6905848,0.8113293,2
-0.11465723,0.77590424,2
-1.5078682,1.7049402,2
-1.32545,-1.6613493,0
-2.148034,1.4159869,2
-0.99871653,-1.7187648,0
-0.43953982,2.065357,2
0.418759,-1.1304357,0
-0.84889853,-0.65142643,0
-1.411763,1.5830766,2
-1.2803448,0.12830597,2
-0.7364288,-1.772863,0
3.5831988,-0.24063914,3
-1.4168814,0.8395411,2
2.4634628,0.6908596,3
-1.6050938,4.29281,2
-1.0976814,2.708857,2
-0.44925186,-2.8222191,0
-0.58498025,0.6589947,2
-0.010948213,-1.6830806,0
-1.8498919,-1.8523083,0
-1.2734843,-1.5302726,0
-1.0711385,1.3331692,2
4.843307,1.1901884,3
0.1792169,-2.5722904,0
-0.43285742,0.31594974,2
-1.8573873,-1.1329956,0
-0.35325232,-1.122594,0
-1.748433,2.9890997,2
4.9627485,-2.3510575,4
3.2651107,-2.444278,3
-1.9154153,1.134927,2
-1.3900769,-1.1919372,0
1.9254078,1.1900007,1
-0.25814188,1.9980073,2
-1.3728044,0.805019,2
-1.5297347,-1.9482688,0
-1.66431,4.10538,2
-0.98572105,-1.1327038,0
0.28458282,0.21936059,1
-0.43397203,-1.658254,0
1.7995136,-0.40902394,1
-0.9222163,-2.0482605,0
0.04117367,0.31209457,2
-1.2364334,-0.16754852,0
-0.044420037,0.40919167,2
-0.65837055,-0.68572444,0
1.1493046,3.7741716,3
-0.80811536,-0.56065303,0
-0.4840534,-3.0370426,0
-2.2035985,2.9993231,2
0.06437878,-0.03503734,2
-1.480323,3.3558621,2
-0.55570394,-0.87413883,0
-0.5517653,-1.5526816,0
0.112075284,-2.828604,0
4.2285323,-4.7727604,3
-1.5146831,0.7756155,2
-1.2869246,-2.6011095,0
-0.124421656,-0.03997372,0
-0.0008233773,-0.5510955,0
0.33131933,1.6440426,2
-2.1385884,2.628773,2
0.09963292,0.8113264,1
-0.95236903,-0.28231996,0
1.2935584,-2.8100264,0
1.3393583,1.2342097,1
-1.0345558,0.86001885,2
1.6028718,-1.1270963,4
3.075431,-0.18578984,3
-0.70741916,-0.77726,4
5.3981485,3.0540593,3
3.197724,-0.8497762,3
-0.54284,0.984961,2
-0.4280152,-1.6194658,0
-0.029369937,0.053949997,2
-0.050491247,-3.6079082,0
-1.073101,-1.7243762,0
-1.9248292,1.674832,2
0.81093544,0.62627083,3
6.37094,-0.5193919,3
-1.8006624,1.2352037,2
-0.3089393,-2.5358,0
-2.3385594,3.461952,2
-1.3409601,-2.4653492,0
-0.5215701,1.0683154,2
-2.128897,-0.04337392,0
-0.6762758,-1.4693305,0
2.9212925,1.3299793,3
-1.4622381,0.93171364,2
-1.270396,1.7858422,2
-0.46856996,-4.1905103,0
0.99022985,-1.8257753,1
0.7592896,-1.569841,1
0.7841276,1.0581793,1
4.0183496,-2.3784873,3
-2.2822425,2.7229002,2
-1.136579,-0.90919614,0
3.9627054,1.6167735,3
-1.1598399,-0.97721106,0
0.75119525,-0.09502774,1
1.8236077,-0.5463803,3
-1.4850874,-0.77436996,0
1.6142303,-0.95491767,1
4.8949275,-0.0833688,3
-0.21223354,0.2817552,2
0.7198827,0.12595998,2
-0.9760011,1.779431,2
3.7168949,0.94152796,3
-2.3764813,0.11023456,0
-1.878436,0.71835834,2
-0.44946262,-0.031770065,2
2.0554955,0.45788056,1
-0.7627513,-2.2704532,0
1.7013419,-2.0226798,0
-1.1388919,-0.6579881,0
2.4981422,-0.73297715,3
-0.8830603,-0.26779383,0
-1.0789258,0.67306596,2
-0.2103431,-1.0480181,0
-0.060468186,0.81138074,2
-0.90607697,0.9934713,2
-0.26308262,-3.2499554,0
-0.26478016,-1.6818858,0
0.53177375,-2.67194,0
-0.20281066,1.1897614,2
3.6036143,1.6620797,3
-1.774901,1.5901866,2
-1.7775649,-0.9466781,0
2.1992044,3.1417823,3
-2.0232878,2.1210887,2
1.0178564,0.68889064,1
0.92730814,2.7713435,2
-0.90423125,2.9291773,2
3.1181245,1.5231928,3
-1.6924616,-2.2335918,0
-0.5380648,0.040274248,2
1.2820567,-1.773773,1
-1.0610085,-0.55515015,0
-1.2017095,2.38744,2
2.0227845,0.48365533,3
0.68612826,-0.54232484,0
2.5362096,1.972934,3
-1.9790902,0.73836136,2
4.3403754,0.5419259,1
-2.012364,3.1285264,2
-0.15443239,-1.3096515,0
-1.250833,0.9397442,2
-0.2037981,-1.9309412,0
0.08783446,-0.8647097,1
3.2247493,1.6817465,3
-1.0195773,-1.3074899,0
-2.0205963,1.239244,2
1.6955405,0.60131234,3
-0.28515062,0.30855483,2
-0.8192192,-0.25691068,2
1.2629426,1.877697,3
-1.8847942,2.2356231,2
1.7204986,0.20735894,1
-1.0576402,-2.9713209,0
-0.29090166,-0.7190234,0
3.1536012,-0.399395,1
2.0711772,3.0748918,3
-1.4373085,-1.440303,0
5.1339808,-0.91642714,3
-0.42424706,0.694782,2
-1.0790663,1.9052691,2
0.55884236,-1.5387514,1
-1.6021729,0.2412545,2
-0.5195565,-0.12331416,4
-1.3071709,1.0245472,2
-1.6986637,3.0075808,2
1.1435275,0.7241254,1
-1.6734228,-1.597409,0
-1.4657294,0.59017104,2
-1.8651106,-2.9593847,0
-0.61592746,-2.2730308,0
-0.1811291,-0.039666675,1
-1.9332664,1.8087684,2
-0.8594679,-1.8969826,0
-0.8011507,-1.6908667,0
2.1877606,2.9326878,3
-2.100433,1.9169897,2
-1.4988796,-2.4495049,0
-0.8559554,-1.3890835,0
-1.9994915,2.0406296,2
-1.5443499,3.3921893,2
-1.6882019,0.28450668,2
2.9488828,1.3697363,4
-1.684777,-0.5619341,0
-1.2895948,-0.7963301,0
6.8317704,-1.4774455,3
3.2976422,2.142562,3
-0.8820188,-1.2987103,0
-1.3778329,-1.5037508,0
-1.8245072,-1.4689436,0
-2.101769,-1.926503,0
-2.0583076,1.4479696,2
-1.6375843,0.7461889,2
-1.3667731,-3.3840394,0
-1.407964,-0.31732696,0
-0.48087418,0.5436284,2
2.795862,0.51553684,1
-1.0434005,-3.1244848,0
-1.3467718,-1.7056061,0
-0.698608,0.5518088,2
-1.0178063,-1.1625674,0
-1.8555511,0.5632039,2
-0.43345568,-0.80876815,0
0.5627015,-2.1222107,0
3.213577,-1.1889799,1
-1.8441443,-1.8069998,0
1.505824,-0.60976213,1
0.3107986,-0.6557211,0
-0.55719936,3.4903133,2
-1.1980041,-0.5490031,0
-0.5502568,-1.4059942,0
0.80990154,0.8016179,1
0.4910381,3.203496,2
-1.0879151,-0.41088134,0
-1.7589269,-2.481396,0
-1.3625108,1.7121233,2
-1.2556821,-1.0871623,0
-1.2235907,-1.4930351,0
-1.8890724,0.63822955,2
-1.0633392,2.1992643,2
-1.236401,0.59951705,2
-1.0861056,-1.2884941,0
0.6275411,-3.0482,0
-1.2775558,-1.0666101,0
4.8147798,-2.6041157,3
-1.1332061,-0.8698415,0
1.67278,-2.1402938,0
-1.3747157,-0.80852884,0
-0.22620383,1.1997703,2
-2.1001425,1.4979208,2
-0.09245717,0.9016101,2
-1.0017598,-1.7443333,0
3.602914,2.0868556,3
-1.0866978,1.1403127,2
-1.437212,-1.327199,0
-1.1025795,-1.6117734,0
-0.9712547,-2.418211,0
-0.6110999,-1.9180058,0
0.22433048,0.53964776,2
1.3521951,-0.11297821,1
-1.4235661,0.8017525,2
-0.31089878,1.2680876,2
-0.39832127,0.53395003,2
-0.8094705,0.39625704,2
-1.3401326,-1.8949836,0
-1.222942,-0.5141127,0
-0.8051298,-0.13551986,0
1.6302589,0.8350857,1
1.6124177,-0.15663828,1
-1.609218,-2.8349104,0
0.5157333,-0.19343717,0
-1.60864,2.3126853,2
4.1764374,0.95988107,3
-0.92367536,-1.0694363,0
-1.7063315,-1.2909063,0
-1.8790741,0.024338588,0
-1.4618878,0.06924336,2
-1.3065101,-2.1533053,0
-1.4673742,1.5687006,2
-0.7503202,-0.60842216,0
-0.30611643,-0.70340735,0
-0.5283491,0.8407939,2
-1.2640896,1.6278358,2
-2.0901566,-0.55646676,0
-0.06302603,-1.0343078,0
2.2164624,-0.23964414,1
0.482759,-1.0339029,1
-1.7953554,-3.9334104,0
0.73157376,2.0723085,1
4.5221014,-0.48265296,3
3.43799,-2.4898064,3
-2.4275954,5.2344103,2
-1.8847315,-0.9612434,0
-0.20133609,1.7606139,2
-1.3482584,-0.46024722,0
-0.4323396,0.5328408,2
-2.3454,0.31812483,2
-0.21372086,0.33802855,1
-0.5820313,-1.6788524,0
-2.009047,1.8700024,2
-0.4453413,-1.2012125,0
-1.579096,-1.2798136,0
-2.2196746,-1.0570836,0
-0.84387493,-1.7871321,0
-1.2948663,0.14790995,2
0.22158924,0.6884719,2
-1.569519,1.4707123,2
-1.8587153,2.307177,2
2.7401593,1.4949098,3
-0.62128836,3.116562,2
0.69776875,1.7288291,2
-1.4506192,-1.6905392,0
-1.087191,-1.4919319,0
-0.29009598,-0.25620794,0
4.432049,-2.2456987,1
-0.33315137,1.4871913,2
-1.6160215,0.30965096,2
-0.20880869,-3.44995,0
-0.20995311,-2.2716966,0
-1.0905375,2.3148086,2
-1.7964057,0.3671965,2
-1.4726205,-2.3818562,0
-0.41268158,-1.0395874,0
-1.7851365,1.552148,2
1.4097344,0.021581717,1
-0.30284998,-1.7188956,0
-1.8248144,4.452885,2
1.4867513,-1.6632217,1
-1.5253818,1.5199931,2
-0.43383458,-0.597374,0
-0.015528025,-0.74233615,0
0.17796546,-1.278281,0
2.9730604,-1.9458276,3
-0.40538266,-0.7523886,0
5.001847,-0.100806504,3
2.4060543,0.45389044,3
-1.3816644,-1.4686885,0
4.579085,0.6942265,3
2.107814,-0.807242,3
-0.2794754,-1.5072808,0
-1.030568,-1.518904,0
-2.1621668,1.8281964,2
-1.067082,-0.96213394,0
-1.0507786,-0.66938347,0
-1.104511,-1.2771764,0
3.077334,1.2219309,3
-1.5660316,-0.47161424,0
2.6223767,2.968568,3
2.3328161,1.4111345,1
-0.3188645,-2.9570618,0
-1.7718266,-2.4317102,0
3.2544115,-0.24060835,1
-1.457873,1.2826962,2
-0.42034194,2.8529592,2
-1.3400127,-0.07685533,0
6.218787,-0.24967027,3
-0.6825678,-1.3715463,0
-0.21577926,-1.6853205,0
-0.9556005,-1.1229607,0
0.28045434,-1.5952272,0
-1.6006427,1.7483774,2
-0.88671637,1.6424358,2
-1.2721328,2.0026548,2
1.3633077,2.4671235,1
2.3414464,0.8564384,3
-1.3759681,-1.5481104,0
-2.2510717,1.4287647,2
2.280119,1.414018,4
8.300076,-2.4385664,1
-1.3603381,-0.0933833,2
-1.3184452,-1.4519216,0
0.37613875,1.0833564,2
0.6813575,-1.085819,1
-1.0020705,-0.6579718,0
-0.98458385,1.5735596,2
4.1075706,1.3888594,3
-2.1213186,1.6861677,2
4.7757564,1.4141525,1
0.09955108,-0.7624329,0
-1.3900484,-1.0751692,0
0.56075794,-0.5455729,0
1.4552467,2.3124182,3
-1.8522561,1.0103104,2
0.92554444,1.3151284,1
-1.1179887,1.4523278,2
5.3967576,-0.30905128,3
-0.10434696,-1.1700631,0
-1.7301276,-0.50122607,0
0.3171056,-1.5160952,0
7.3438544,-4.3448954,3
6.2326736,0.012151498,3
-0.89258593,2.3357117,2
-1.4274749,-1.7951639,0
-1.9668223,2.3858082,2
-0.27000192,-0.18537089,0
-0.8700208,-0.26988304,0
-0.8136131,0.094627395,2
1.376431,0.08802081,1
4.004465,-1.215561,3
1.8202189,0.2710412,1
-1.6070423,-0.10599817,0
-1.5018508,-1.5929672,0
2.1819417,1.3901443,3
-0.6413207,-0.94751203,0
-0.1937916,0.14141469,2
-2.1022599,-0.14743473,0
-1.0103887,0.8699463,2
-0.55228615,-3.0254662,0
1.5260489,1.2229197,1
-1.1017735,-1.4130541,0
-0.7380485,0.9015953,2
-1.1986668,1.0258895,2
0.8153676,-1.5002297,1
-0.027078444,0.2861622,2
1.0671507,0.0686066,1
-1.4040973,1.4313911,2
0.6192016,1.8268617,2
-0.65905404,-2.094998,0
-1.1983383,-0.47071046,0
-1.7052134,2.535774,2
-0.89676785,1.9727418,2
-1.6467196,1.2420553,2
4.289862,-0.28971893,3
0.611442,-0.26856092,1
-0.6169448,-1.2885048,0
-0.11448677,-1.9498962,0
2.7289672,2.1656992,3
2.702939,3.2139695,3
-1.3263345,2.2727525,2
2.680192,0.048522502,1
1.2060713,-0.5223002,3
-0.5754374,-0.26435193,0
-1.8475865,-2.8630083,0
0.11077659,-0.77334166,1
1.4724915,4.6926093,3
1.686139,-1.2187176,3
-1.8918839,-2.9061177,0
2.055286,0.80962056,3
-2.3700004,2.575102,2
-2.1120791,2.512777,2
-2.291413,2.5216362,2
-1.5563401,2.4354467,2
-1.134013,-1.4772172,0
0.70495576,-2.7846024,0
-1.3397423,1.0229738,2
-1.9435086,1.6850351,2
-1.6321473,-1.2152575,0
-0.31904325,0.23972942,2
-2.2147794,-0.06844394,0
0.40064803,2.074572,2
3.625435,2.5050943,3
0.009417085,-0.14512292,1
-1.591044,4.0851355,2
0.62809575,-3.306018,0
0.113133594,-1.2572064,1
-1.543738,2.8907342,2
-0.62244004,-0.6696809,0
-1.1340957,-3.0008914,0
-1.4707388,-2.8477235,0
-1.6294303,-0.5122757,0
-1.3509047,0.2070476,2
2.8477535,2.3980405,3
-0.24980593,-2.1553526,0
0.57879484,0.2927367,2
-1.8287365,-0.41219538,0
-1.6828281,1.2079322,2
-1.6625717,-0.090403594,0
-0.6339675,0.9441155,2
-1.9867356,3.1722426,2
3.5674365,1.7062738,3
0.76188415,0.23699094,1
-0.35907096,1.1376754,2
6.7956524,-0.6367343,1
-0.86359745,1.6880736,2
-0.7768352,0.20654707,2
-1.0660679,-1.3433573,0
0.79200256,0.14130391,3
-0.21696511,-0.22310857,1
1.9761436,0.5955696,3
-1.7034736,-0.4564907,0
-0.059601728,1.3737371,2
-0.98728704,-1.1257644,0
-1.8338807,-3.0813792,0
1.0880318,0.94638103,3
-1.4764861,0.6756983,2
5.865853,1.1361403,3
-0.8520418,-3.1720397,0
-1.0732172,0.04529825,2
-0.7263177,-2.623622,0
-1.7568963,0.7436622,2
-1.539698,-1.7576803,0
-1.0190083,1.0841897,2
-1.2416773,1.9780898,2
-0.016445853,-0.19215535,1
0.52604234,2.0380144,2
-0.7173228,1.7601869,4
1.9036642,0.5071947,3
-1.2347418,0.8689393,2
-1.6948289,0.20749067,2
-0.28192544,-0.65410066,0
0.37869284,-1.5028132,1
0.09446983,-0.8065998,0
-1.7719407,-0.36008686,0
-1.2345744,0.3236475,2
2.0335135,0.27738976,3
1.2960727,0.43792439,3
-1.3943061,-2.2425086,0
0.41966698,0.8612008,2
0.6080627,-4.186829,0
-0.913546,-1.430615,0
2.4472408,-0.8160061,3
2.605898,2.3966103,3
-0.8495219,-2.8063953,0
2.7442887,0.21088168,3
-1.0216589,-1.53962,0
-2.688065,4.6506047,2
0.2993272,0.25748795,2
-1.7392151,1.9903302,2
-0.55067635,-2.3758495,0
-1.5240564,1.1374226,2
-1.0190377,0.03904161,2
-0.31591704,1.6069739,2
-1.4763452,-3.5808785,0
-0.966169,-2.8763802,0
2.8548694,1.4569331,1
-1.3665607,1.687184,2
1.1028602,4.102002,2
-1.3603479,-4.417011,0
3.284794,-2.0403795,3
3.572199,1.4965252,3
-0.8500485,-3.1744118,0
0.62751853,-3.486653,0
-0.33969045,-2.9947848,0
2.6037097,-0.09017667,1
-0.33106175,1.0948416,2
-1.3787488,-1.8344413,0
0.0036290402,-3.2483296,0
-1.3777702,-1.7708117,0
-0.8884616,1.7503604,2
2.8286853,0.12224835,3
-0.6767934,-0.0062340014,2
0.3228114,1.1931067,2
0.67234224,-1.7723703,1
-0.79129416,-1.2138748,0
-1.4614235,1.7297785,2
-0.24505788,-0.8246275,0
-0.57395995,1.3139119,2
-2.3368955,1.0065621,2
2.2129357,-2.0160844,1
-0.73545307,-1.0739849,0
1.7363322,3.216935,2
3.2846448,0.54213727,3
0.41701838,-0.10909008,1
-1.3947217,0.006493412,2
0.5150147,2.5900462,2
-1.0600531,0.0042549632,2
-0.3729373,0.74808127,2
2.4671407,-0.51569754,1
-0.42411193,-0.7091066,0
2.8318574,0.61345017,3
-1.0472122,0.07347189,2
-1.0633405,0.5649471,2
-0.7905888,0.07693912,2
-0.4815618,-0.87296784,0
-1.1499037,-0.73889375,0
0.7785306,-1.4197279,1
5.069949,-1.6574308,3
-1.1719438,-1.3109246,0
-0.9698034,0.6214052,2
-1.0965337,-2.0273921,0
-1.719098,1.4672108,2
1.6058865,-1.6098957,3
-1.4167445,-0.70352924,0
-1.2846224,-0.17407958,0
-1.6843925,-3.2209468,0
-1.7136241,-0.28027552,0
2.7238202,0.1333388,3
-1.9074404,-3.0163066,0
-0.43396232,0.6068955,2
2.8443017,-0.2184562,3
-1.1544298,0.9575129,2
-1.3245962,-2.4863503,0
-1.5421531,1.055366,2
-0.35361207,-0.6819046,0
-2.1706014,1.3338085,2
-0.90004176,0.8643993,2
5.5229836,-0.58501077,3
-1.6032777,-0.71764994,0
-1.2605306,0.6887727,2
-1.1530418,-0.011115529,2
3.35258,-0.23766744,3
-1.7106862,0.3517053,2
-1.6097479,-2.6801813,0
-1.0089989,-0.7061933,0
4.2009363,-1.9510591,3
1.226592,4.3000917,2
-1.2459478,0.20434673,2
-1.9880059,-1.4845593,0
2.4401102,4.1717925,3
-0.4760405,-0.053170696,0
-0.8732628,0.21127778,2
-1.5802147,-3.7965734,0
-1.0015676,-0.25699657,0
-1.2937107,-2.3268301,0
-0.5139569,0.31289095,2
2.1232805,0.5500301,1
-0.8517111,-2.0234141,0
2.514844,-0.05567555,1
-2.0500505,-0.9146651,0
2.9174023,2.3245983,3
1.0992236,-2.2164452,1
1.8207496,2.95999,3
2.214208,-0.85418874,3
-1.84699,3.5732431,2
-0.8854708,0.8037279,2
0.9484228,-0.2711954,1
0.23240851,-0.64692634,0
-0.23197599,-0.7968002,0
3.3696532,2.3443427,3
-1.9800928,3.4275334,2
-1.6751825,2.9162772,2
2.437867,-1.1242782,1
0.7326995,-0.48997843,1
0.50641763,0.25910366,1
-1.6946455,-0.48956835,0
-1.3418754,0.11790849,2
0.2847739,1.8052365,3
-0.5961756,1.8865199,2
3.3439639,-0.6916614,3
-1.7115767,-3.0404212,0
2.6269004,1.977855,3
-0.574832,3.0086763,2
-1.3958925,-0.32416707,0
-1.790638,-4.104626,0
-1.6001492,0.46934563,2
-1.1173917,0.95938456,2
-1.1200776,-2.2966774,0
-1.4260468,2.4347425,2
-1.4581118,1.5428536,2
3.667043,0.471035,3
1.0873576,3.8299181,3
-1.7078923,-0.2854694,0
4.7763023,1.0988734,3
-1.3670388,0.6378377,2
-0.3993782,-1.6318238,0
-1.8085743,0.20062049,2
-1.630814,-1.0083411,0
-0.44056392,3.1671686,2
0.011674782,0.53430814,2
3.2632358,-1.6110762,1
-1.63124,0.33740038,2
4.694768,-1.1753958,1
1.7553084,1.0514139,3
4.667342,0.18095227,3
2.6931314,1.5453372,3
-1.616933,3.0011058,2
-2.645802,2.9269829,2
0.45709297,1.1787564,2
0.20659941,-2.04446,0
1.0118135,-0.111243956,1
0.3017704,-2.025182,0
-1.6651329,0.43631202,2
3.135091,1.6906487,1
-1.861232,2.4587066,2
-0.7884189,-1.7994741,0
2.975842,-2.8463457,1
-1.5456822,0.5212099,2
-1.5679727,-2.9858973,0
-1.1654857,0.7304779,2
-1.6962445,-0.084858045,2
-0.012724759,-3.1583455,0
2.5978084,3.2136981,3
2.838256,-1.3933045,3
0.44672832,-0.6044969,1
-0.585663,-1.0642964,0
-0.038911767,-0.47311932,0
-2.0451384,-2.0025609,0
5.5059214,0.492078,3
4.5550623,0.5582654,3
-1.5233402,2.0045815,2
1.3931944,3.059436,3
1.9116225,2.6140182,3
1.7847581,-0.975699,3
-1.9035022,-2.092665,0
-1.3048964,-2.5335014,0
-1.2448016,1.1378989,2
-1.1048619,-0.75828296,0
3.0386372,0.7896289,3
0.09129665,0.32217222,2
-1.104676,-1.516417,0
-0.8337542,2.0572267,2
-0.85921174,-1.2155302,0
-0.31578043,-1.8907183,4
0.8238278,-1.3820941,0
-1.8199186,0.7851404,2
4.2121553,-1.6595402,1
-1.5532773,1.2137349,2
-1.7907871,0.6479251,2
0.18405654,1.342591,2
-1.6593537,-1.4556555,0
-0.5595293,-0.8125811,0
4.4181075,0.8511949,3
-1.1319202,0.18105386,2
-0.9960374,0.73535764,2
0.26374573,-2.3039794,0
-0.34458658,1.6315567,2
-1.3930084,1.1317755,2
-2.4871411,2.584905,2
-1.7627828,-3.908117,0
-0.9928845,-3.3881984,0
-0.28787825,-1.7082965,0
-1.3435192,-2.2026174,0
6.0484676,-0.84493285,3
-1.521162,-2.7831593,0
-1.3864081,-2.4026139,0
1.5093261,-1.48155,1
-0.29917324,0.9986976,2
-0.5763385,-0.2533378,0
-1.6334854,3.781561,2
-1.2301236,1.441199,2
-1.0608995,2.0543861,2
2.5434728,0.3323937,3
-0.1653837,-2.862088,0
-1.3239645,0.33759898,2
-1.4680605,-1.0136743,0
3.2094786,1.2173835,3
1.2160512,-1.8009742,1
-1.301394,-1.5938802,0
6.7722454,2.1506917,1
-1.3020189,-0.34090745,0
-1.2555618,1.6025791,2
1.39138,2.124037,1
-0.4086473,-0.7970465,0
-0.50774586,0.3385067,2
-1.0491111,2.9299266,2
0.65314585,-0.93399745,1
-0.13485637,-1.628891,0
1.0625234,0.009680942,1
0.13075751,1.4399674,2
3.061584,3.8107522,3
-0.40988213,-4.6275167,0
-0.6325803,-2.0528576,0
-1.6001098,-2.750184,0
-1.066343,-0.83856934,0
-1.2229493,-1.1056774,0
-0.86406267,-4.3527937,0
-0.73362225,-1.0251198,0
-2.0733442,2.6158981,2
-1.1997709,-0.23579545,0
-1.7089252,-2.5372624,0
-1.4568402,-0.33066577,0
-2.2563953,0.2843029,2
-1.300838,-1.4074373,0
-0.49410832,-1.303447,0
-0.017660799,2.796259,2
-0.97843266,0.5094848,2
0.19457063,1.3892457,2
0.4876959,-1.4849714,1
-0.949199,-0.8747454,0
1.133437,0.6006543,3
-0.3353649,0.35833496,2
0.10253756,-2.3884792,0
-1.4380232,0.4737997,2
-1.2480633,0.16913019,2
-0.50527763,0.9194835,2
-1.4589123,-0.6467408,0
-1.1411877,-2.148432,0
-1.5921117,-1.0661345,0
-1.9225903,0.22306477,2
2.137849,-0.26650757,3
-1.6536999,1.5627358,2
0.51390916,2.19313,2
-2.625973,3.1766207,2
1.0784839,3.2893102,2
-1.0833125,1.0218978,2
-1.1970468,0.54098743,2
-0.064579636,1.5751657,2
-2.4524915,3.866379,2
0.3603716,-2.0807006,1
0.101774335,0.2877552,2
4.065682,1.0326221,1
0.9381539,0.5742327,1
-0.96963054,-2.4573014,0
-1.6398944,-4.5625696,0
-0.5052437,-2.6571987,0
0.5811818,0.015788272,1
3.9734044,-0.80503976,1
-0.8336756,-2.6109738,0
1.0519078,-1.8386896,1
-1.1227106,-0.13607974,2
-0.81012917,1.1367133,2
-1.2664319,-2.664519,0
-0.57082915,0.2293713,2
-1.8199482,-2.9975877,0
4.087545,-2.0338204,3
-0.2941958,1.8017668,2
-1.0322005,3.8178127,2
0.5232584,1.2181276,2
3.8404453,2.2330325,3
-0.8983309,-1.488889,0
1.1710203,0.7910144,2
-1.1257664,0.6067112,2
1.9650654,0.5480634,1
-0.46412107,-1.2151273,0
-1.5751224,0.8490902,2
-1.5684228,0.8209821,2
-2.2570426,0.70399445,2
-1.5074399,-1.4456031,0
1.2955573,3.049954,2
8.386019,-1.5726005,1
-0.7702492,1.4472672,2
0.90800726,-0.47835076,3
-0.4584747,-1.9803984,0
2.926358,-2.2069817,3
-1.410625,-2.4602356,0
0.2964979,-0.4474147,1
0.82771945,-1.4569091,1
-2.034557,-0.41085947,0
-0.9868993,-2.0668368,0
-1.806611,-0.35275543,0
-1.9163402,-1.5412178,0
-0.43910214,-0.8754521,0
0.09724863,-0.030245498,0
0.18059172,0.28783023,2
-0.6921059,-3.6832533,0
-1.4688694,-2.7695146,0
-2.1134384,-0.48513114,0
4.7871537,1.0225224,3
-0.44211453,-2.0126245,0
-1.8255272,1.883012,2
1.5955834,-0.4977224,3
-1.2781856,-0.7275862,0
-1.1031643,-1.2491207,0
-1.7525487,1.0629896,2
-1.3426622,-2.5335753,0
-0.46291852,-1.2247765,0
-1.4125354,-1.6022319,0
1.1163518,0.49845392,1
-0.39877477,-0.44187194,0
-0.55366516,-0.68804336,0
-1.1633506,0.7245468,2
0.011078356,1.2320565,2
-0.3880801,-1.1841269,0
-0.76176465,-0.87217057,0
-1.2513685,-0.353642,0
-1.2019066,-4.155929,0
-1.5872158,2.0795157,2
-1.1734755,0.35093075,2
-1.7456145,0.42633247,2
0.8356457,-1.5065591,4
4.124273,-0.42290634,3
-0.24699616,1.8161054,2
-1.3521409,-0.003348913,2
-0.9045163,0.07807739,2
-1.0993037,-2.02986,0
4.209176,-1.2589599,1
-2.1968,2.0907183,2
-1.5245523,-1.4756255,0
-0.04485714,-1.7211556,0
2.0557895,0.28980392,3
2.7981212,0.20606925,1
0.9566822,1.4779445,2
-1.3009666,-0.36231464,0
-0.92313164,1.3919605,2
-1.360574,-2.3741808,0
1.5132962,0.6830239,1
0.7348941,2.355202,2
0.4691666,-0.71482164,1
-0.10817127,-1.2790321,0
0.86672944,-0.70231485,1
0.6201367,-1.5768913,1
-0.8192999,-1.4956374,0
-0.2622244,1.2887802,4
-1.1411487,-1.517135,0
0.29702157,-1.6068374,0
3.9298272,-0.015313443,3
-0.7889989,-0.06607166,2
-0.95360494,-0.14109197,0
-0.5636491,-3.0249047,0
-0.4015253,0.902177,2
-1.1737269,2.1198034,2
-1.9864497,4.3417573,2
-0.07943897,-0.6846345,1
-1.2379069,2.068824,2
-2.456096,4.343541,2
-1.0141646,-1.7173378,0
-1.4038434,-2.1843472,0
1.4366935,1.7805817,1
-1.14874,-1.1582409,0
-0.99521935,0.33774155,2
-1.8621645,-0.5426814,0
0.36047915,-1.86707,1
-1.8605819,1.7056112,2
0.81835246,1.3013456,3
0.40956545,0.6821353,2
2.4909651,0.34723467,3
-1.7735082,-0.05455921,0
-1.0040523,0.20066313,2
-1.6132388,-3.2118247,0
-1.7981913,-1.5460895,0
-0.79456216,-1.3259614,0
-2.1887362,1.9013035,2
-0.1420915,2.0459387,2
-1.2725471,0.96633613,2
-1.6562473,-0.1260373,0
-0.4486476,-3.0314686,0
-1.5828465,2.3416884,2
6.459469,1.8095148,3
-2.1389656,1.1187613,2
-1.1967903,-1.170894,0
-1.200879,-0.48183787,0
-1.6051829,-0.94773376,0
-2.3008444,3.2331808,2
2.9071634,2.6147206,3
1.4737377,0.825582,1
-1.6357485,2.4533083,2
0.66798264,1.352441,1
-1.0099947,2.6866913,2
-1.3867582,-0.22570819,0
7.188295,-1.1903443,1
-1.9655671,1.2361405,2
-1.756685,-2.372846,0
-1.8089494,-1.349419,0
-1.5372443,1.7235516,2
-1.2699986,-0.56935024,0
3.3664105,3.117522,3
-1.6213907,0.23403944,2
-0.6291774,0.93979555,2
-0.5126463,0.06922134,2
-0.48940396,0.10169403,2
1.0152401,2.644975,3
0.7854482,-3.2138536,0
3.7186792,-2.5823288,1
-1.1746923,-1.0865376,0
-1.3943516,2.09392,2
-1.0716228,1.1210576,2
-0.62883353,2.9922655,2
-1.182916,-0.93550694,0
3.1063354,3.401992,3
2.112542,-1.8720942,3
-0.728032,-0.2118861,2
-0.93447566,-2.6438737,0
0.086401634,1.3896047,2
4.993589,0.9470534,4
-1.2941977,-1.5027957,0
-1.6385791,2.818175,2
-1.0164018,-1.0046527,0
-0.7869254,-1.1274086,0
-1.359825,0.6783163,2
-1.5452898,-2.9493265,0
-1.2965684,0.05848988,2
4.030389,1.4525528,3
-2.2190793,1.7789048,2
0.99691796,-1.3741688,1
3.53933,0.10188949,1
-1.4185272,-3.1142642,0
2.01853,2.4259295,3
-1.7517331,-0.44598222,0
7.0138297,-1.7512708,3
4.125559,-0.8805278,3
-1.6467035,0.24073453,2
-1.5382713,2.1328816,2
-0.23265022,-0.91799015,0
0.097126454,0.50872487,2
1.478222,-1.854173,1
2.952266,-2.7475748,1
-0.56682867,-2.245252,0
4.0920053,0.58914775,3
-2.558504,2.374834,2
1.031125,0.8371745,1
5.2680635,-0.71227324,3
5.232722,0.9086802,1
-0.6988772,0.5941189,2
-0.92233944,-2.473874,0
-0.24727172,-1.3012797,0
-0.177125,1.4389938,2
-1.3082488,-1.2848741,0
0.75058156,-3.0313315,0
3.6384807,-2.991156,3
-2.1686845,-3.1014783,0
2.124712,2.5329227,3
0.7443066,1.2647299,1
-0.83737975,1.2833552,2
2.5992088,2.6524458,3
-0.4031424,-0.24106939,2
0.59168774,-0.16774946,0
0.60002273,0.13032578,0
-1.5742264,-1.3862277,0
-1.578385,0.7211151,2
-1.1228099,-1.133732,0
1.8191993,4.414989,1
-1.0335913,-3.3925498,0
-1.2012895,-1.0169516,0
-1.7054129,-3.1633399,0
-2.1062121,3.0968955,2
-0.82206744,-3.1255474,0
1.1329935,0.8220119,1
-1.1150732,-2.6454766,0
-0.7356504,1.4638683,2
-1.3921541,0.24309562,2
-1.3199332,-0.51588976,0
-0.54537874,-0.61059564,0
4.131795,0.42144656,1
-1.2504652,-0.022067573,0
-0.5617947,-0.36025316,4
0.8087905,-3.427706,0
1.4746575,-1.1094419,0
-1.8223381,-1.8241626,0
-0.9315265,-2.1240675,0
-1.4741744,-2.5647874,0
-0.89598805,0.8104746,2
-2.1183655,-2.5372891,0
5.3982234,-2.0151384,3
-1.4885226,0.709584,2
-1.4224715,0.6577178,2
-1.9676042,0.42849272,2
-2.0929866,-1.1034187,0
-1.2213621,0.17247464,2
-2.0051634,-1.4707499,0
-0.75164366,1.9817448,2
2.7933517,0.6028001,1
1.7797469,-2.3482094,1
0.68673366,0.1399807,1
3.1054075,-2.679648,1
-0.6579259,-0.40265715,0
-0.586704,-1.9584967,0
-1.6367017,2.1567743,2
-1.0713466,2.913712,2
-0.35167533,-3.8757558,0
-1.2536281,0.56652254,2
-0.72521865,-2.3783834,0
0.118983254,0.7517039,2
-1.2915624,3.1473026,2
-0.29674995,-1.3405823,0
-2.919654,3.7556944,2
-0.057967063,-1.058835,0
-0.31901732,-1.4751587,0
-1.9635293,1.4522285,2
-0.4960765,-2.621375,0
1.2787578,-0.5824572,3
-0.44049755,0.43918163,2
4.141878,0.69485515,3
4.501946,-0.40015656,1
2.3215873,0.73703504,3
-0.8986609,-0.38312715,0
-0.50307757,-0.25373095,0
1.2338971,0.91386724,1
-0.8279288,-2.2105324,0
2.3775568,0.92811394,1
-1.2902521,-1.9327384,0
1.3341693,1.134787,1
-1.6618414,0.15898912,2
5.252124,-0.7730588,3
5.534232,1.1383744,3
1.7826431,0.84453714,3
-0.8598783,-1.8694226,0
0.25538895,0.118495986,1
-1.5176419,-2.2694857,0
-0.6380803,0.34001535,2
2.1542504,-0.52194446,3
-1.5499014,-3.0112798,0
-1.327073,0.33854908,2
0.5838168,-3.7286766,0
-1.093229,-0.09383135,2
0.43515092,-1.4407172,1
-1.0114363,4.1184196,2
-1.2108032,-0.20914319,0
-1.9212017,1.3821359,2
-0.7025381,-1.6765436,4
0.39331484,-1.7571551,0
0.15203619,-0.30537498,1
0.044601258,-1.2843103,0
-0.5958206,-2.223282,0
3.7548382,-1.6216093,1
1.49565,3.6475956,2
-2.2170691,3.2520735,2
-0.27899554,-4.845765,0
-0.25927362,-1.3367388,0
-0.99745154,2.381254,2
1.2799165,-1.4209006,1
2.5648732,-1.3205642,1
2.3672686,1.2248987,1
-1.5421637,2.3337357,2
-1.8660865,-0.062244516,2
-1.8845742,-2.939111,0
1.4430828,0.22043581,1
-1.5551846,-0.6132053,0
-1.3381151,0.45693207,2
0.026728407,0.70336705,2
-2.2029872,3.6047986,2
-1.4189706,1.7211307,2
-0.31987318,-1.194139,0
-0.1274619,-2.8015187,0
0.27743673,0.321963,1
8.473576,-0.42949498,3
0.56083524,0.467017,1
-1.5058985,-0.13026793,2
-2.0215144,2.595679,2
-0.94830304,-1.7368169,0
-1.5417787,2.8111835,2
2.2012649,1.7945732,3
-1.9844153,2.4546905,2
-1.135168,1.4061835,2
-1.2804464,0.53844595,2
-1.8908151,2.6431358,2
-1.7520226,1.0362697,2
3.9495482,-2.2887456,1
-0.38508242,-1.2857827,0
-1.6587737,1.6087799,2
-1.4727812,3.368796,2
6.163755,0.8411216,3
-0.30819973,1.2932366,2
-1.4805698,-2.168677,0
-1.923463,-1.0993598,0
0.7088172,-0.97978735,1
0.09835892,-0.6953495,0
1.4058473,-0.14785722,1
-1.9390118,1.1180532,2
-0.893383,-1.809875,0
-1.134451,-2.0856826,0
2.3279288,0.6996622,3
-0.5617193,1.0303559,2
-1.2459103,-1.1227536,0
0.017291056,-2.9847162,0
1.6489993,-1.3702729,1
-0.031986333,-0.26127675,1
-0.2556086,0.80324113,2
-2.1498296,-0.45713848,0
-2.2417314,3.0319204,2
1.0428466,3.6212027,3
-0.3150788,2.8354976,2
-0.44865063,-1.5612022,0
-1.0630527,-1.6457251,0
-1.5733256,1.735567,2
1.4632293,3.8354259,3
1.8782306,1.8987428,3
0.941338,1.1234077,3
-1.4365541,-1.0203182,0
-0.30495238,-0.34892267,0
-0.37881792,-1.9731576,0
-1.6378702,-0.045662023,0
-1.8027838,-0.0039661974,0
0.09392512,-0.13781925,1
-1.7515663,-0.5575731,0
3.4299421,-0.43593585,3
-1.8758554,-0.3359865,0
-0.2791736,-1.5977437,0
-0.54461944,-1.6306251,0
-1.148867,1.212009,2
-1.5931263,1.6893479,2
-0.34663334,-1.9115525,0
-1.0152917,-1.2660877,0
-1.1313373,0.37245357,2
-0.10457584,-3.6483123,0
-0.72557193,-0.7299544,0
0.1266627,-2.103342,0
-1.3748577,0.5001329,2
-1.6409166,0.17631158,2
5.2105727,1.7431871,3
1.9101017,0.5469411,3
3.946222,-1.2383262,1
0.87136817,-2.2452807,1
0.4065025,2.61476,2
-0.7502361,-2.0121722,0
-1.7374058,0.7130585,2
-0.7649083,-1.1480882,0
-0.5305539,1.386551,2
3.268491,1.0780623,3
1.741283,0.7892504,3
-1.6120471,3.8237529,2
-0.62566656,1.2636708,2
-0.042183135,2.3379009,2
-1.0938948,-0.622047,0
1.0150014,-1.2429432,1
-0.34918168,0.052516878,2
-0.080894366,-3.2023013,0
-2.2158422,-1.0573276,0
-1.6208724,2.184751,2
-0.8825675,-3.537997,0
-0.7162915,0.71961707,2
-0.9178355,0.94459856,2
-1.1162319,0.4832583,2
-0.92829084,3.4811072,2
-0.012778046,-1.4772366,0
4.4394693,-0.59436417,3
-1.1275002,-0.4337278,0
2.2005432,0.8299621,1
-0.2660016,-1.2125113,0
4.5016937,-2.992222,3
-0.47033072,0.3433295,2
-0.75737387,-1.1888833,0
-0.6122281,0.09473738,2
-1.3129485,1.5361067,2
-2.524082,5.807758,2
0.2261104,-0.5404284,0
0.5041367,1.7861582,2
-0.0836253,-1.4905958,0
-0.93275577,-1.5694605,0
0.07141801,1.2176721,2
-0.9617325,-1.6803111,0
-1.949109,0.5845422,2
-1.9085013,3.0964038,2
-1.3668069,1.3593609,2
-1.5946631,0.8282304,2
-1.4265125,0.7670291,2
3.1298053,-0.7263828,1
-0.31455642,-1.0844201,0
8.510638,0.9109989,1
3.236545,0.83202964,3
-1.5712478,0.14743212,2
2.8398082,-0.48560798,3
-0.16503741,-0.04570715,2
3.8661916,0.7604724,3
-1.3551148,-2.3400872,0
-0.385063,-3.7452009,0
-1.3861351,-0.48556596,0
1.5222065,0.5743992,1
-0.6279554,-0.220363,0
-0.8352855,2.848929,2
-1.2635719,-2.6805437,0
-1.469975,-0.059896298,0
-2.0122693,2.235727,2
1.4200376,1.5386878,3
-1.5454025,-1.5375592,0
-1.0554159,-1.1518788,0
-0.4578065,1.8063542,2
-1.3741884,0.021908417,2
4.7119894,2.6951926,3
-1.6888845,0.8165415,2
1.1128014,-0.72481054,1
-2.157467,3.9235742,2
-1.3354362,-0.19266643,0
-2.2364135,4.3694863,2
-0.22687998,-1.0272049,0
3.925712,-1.3638828,1
-2.2464278,1.5293597,2
0.37333214,-0.6209137,1
-0.44688487,1.3105125,2
1.4510883,-0.6522149,1
-1.4424921,0.75002766,2
-0.581775,-3.3281024,0
3.811352,-2.7787795,3
0.43824673,-1.5848492,1
-2.050865,2.3319688,2
0.59966224,-3.7745361,0
-0.14885156,0.30341125,2
-1.0316446,2.5424008,2
-0.7989113,1.8851275,2
1.108599,0.4415987,1
0.016548915,2.0704725,2
3.2369668,-0.67258555,3
-0.2759699,0.43464202,2
-1.529187,-1.4786425,0
-1.2834989,0.9192504,2
-1.363124,0.69282776,2
-1.9136572,2.7565737,2
-1.5356828,-1.9065254,0
-1.359934,0.42961276,4
5.7482853,0.63597345,3
3.845399,0.009396404,1
-0.09769869,-2.1780422,0
-0.9612118,-3.1601121,0
-1.1948814,-3.781534,0
-1.8511897,2.1614037,2
-0.69958323,-2.2193553,0
-0.6723544,-1.7014837,0
2.3953884,0.59282136,3
0.41734228,-2.3225574,0
4.6022773,-2.0324578,3
4.598901,-1.8733485,3
0.97517294,-0.51046044,1
1.5318542,-0.42664433,4
1.1579424,-0.908225,1
-1.2471927,-1.0961267,0
0.11894049,-2.990391,0
-1.91831,0.938511,2
-1.1037446,0.40138453,2
-0.95311946,-1.5290115,0
1.7356931,-1.6789352,0
0.72415626,-0.50183207,1
-2.1072295,-1.072748,0
0.6824206,0.28946924,2
-1.4462546,-1.2317197,0
-1.0328904,-0.10959094,2
-1.6547008,-0.72333723,0
-1.0988456,-0.026928753,0
-0.4623299,-1.7378263,0
-1.3573523,-1.4963003,0
-0.74501187,-0.26307923,0
-1.2284142,-0.9295233,0
-2.183649,2.6174355,2
0.5972361,-0.8533832,1
-1.6795169,-1.3998567,0
-1.1541574,3.6393948,2
-1.5369055,-0.052280456,2
-1.6081059,0.8038995,2
-2.1794956,1.0973252,2
-1.3730236,-2.9025629,0
0.25968286,-2.682745,0
-1.7891185,-1.1418818,0
4.2199183,0.29159015,1
3.6616046,-1.1718457,1
-1.7464781,1.0787716,2
1.1744566,1.4637134,1
2.7499342,-1.7209338,1
-2.0357893,2.6804984,2
-2.126422,1.6509442,2
0.68306744,1.9820507,1
-0.9200333,-1.7320745,0
-1.3525561,-1.1492273,0
-0.33389148,0.9289384,2
-1.0201555,1.771338,2
2.930549,1.5885577,1
1.200819,0.47069782,3
2.7742314,0.66398185,3
-1.1183271,-2.7963428,0
1.7282231,2.1695874,3
0.23780115,-0.98541564,1
1.3404794,-2.4901605,3
4.185679,1.4403384,3
-1.2869534,0.9443958,2
1.474922,-1.3782184,1
-0.4874654,-0.5690438,0
4.340474,-0.797947,1
-1.5244776,0.5743648,2
1.8398334,1.7954484,3
0.8335933,-1.8819888,1
-0.9099882,1.7013377,2
2.2880425,-0.69734055,1
-1.6422093,0.019755848,0
-1.7841499,-0.63964623,0
-1.9038312,0.8293572,2
-1.119327,1.962538,2
-0.10958459,-0.5194658,0
-0.8599499,-2.5144129,0
0.54532194,-2.1825337,0
4.5922155,3.2693121,3
3.0170152,2.3516645,3
-1.7976087,1.1534861,2
4.5923805,0.4910705,3
-1.7523173,-1.2847074,0
-1.6315203,-3.173523,0
-1.2531832,-1.0949302,0
-0.8894553,-2.2828875,0
3.64769,0.38068253,3
0.16516775,0.05060768,1
0.16528375,1.805285,2
-2.105371,2.2543094,2
1.5172206,-2.1422625,1
-0.19658236,-0.6303554,0
2.0693655,-2.978219,1
-1.913964,-2.2333057,0
-1.0541142,1.7449533,2
-1.4857212,3.7637763,2
-0.5618129,0.44609237,2
-0.782044,1.7045434,2
2.90414,0.9789162,3
-0.5627609,-2.7235453,0
-0.5490694,1.7642869,2
-2.3038878,0.20702094,2
-0.97329235,-0.9828872,0
-1.8786746,1.9772031,2
-2.0686598,4.0709186,2
-1.2532964,2.4838002,2
-1.4736698,-1.7014402,0
-1.3134452,-1.9320937,0
-1.1113364,-2.306422,0
-0.09299211,-3.1540504,0
-2.2562966,1.4450197,2
-1.7510697,-1.4493785,0
-0.115335934,0.026804343,2
-0.43128306,-2.3631337,0
5.9165325,3.0335178,3
4.8305836,-0.5147887,3
-1.3243711,0.7201584,2
-1.2278084,0.5995473,2
0.26670453,-2.7813714,0
-0.64264005,-0.09110887,2
-1.413553,1.7762084,2
4.569988,1.5259231,3
1.5073586,2.1305258,3
0.9979262,0.60690355,1
1.4318534,0.82869214,1
-0.7522659,-2.5443761,0
-0.95351654,0.54580015,2
0.9354227,-0.2407892,1
-0.9009358,0.33499342,2
-1.0253627,0.4043694,2
3.5197449,-4.062233,1
-1.6011765,0.7468337,2
-0.47608325,-2.162757,0
-0.17073247,-1.245882,0
-0.43354887,0.744767,2
-0.8348323,-2.8359933,0
3.2965481,-0.50792843,1
-0.47458875,-3.729853,0
-1.7507817,-1.0504652,0
-1.0221927,0.8119966,2
-0.74767655,0.6335384,2
-0.07871911,2.2771719,2
1.8827705,2.334197,1
-0.1456914,-0.79025257,0
-0.90930504,-1.6080267,0
-0.96967196,-0.62527126,0
-1.6014243,-0.7295759,0
0.96751976,-0.44959855,1
-0.34646603,-0.033845797,2
-1.8608948,-0.94151264,0
-2.5245726,1.1498011,2
3.7471,-1.4179856,3
-0.9764739,-1.0139312,0
-1.5721703,2.2888482,2
-1.4764017,1.4913727,2
-0.8900193,1.1893157,2
-0.98989135,0.45025897,2
0.53379756,-0.17906818,1
-1.5786483,0.38426256,2
-0.6131126,0.2988004,2
-0.7806191,-0.5227465,0
-0.89166903,0.62548316,2
3.5205026,0.45320064,3
0.8850152,3.3537672,2
-1.0954959,0.627736,2
-0.35654783,-2.1949537,0
-0.16315284,-0.96032304,0
-0.6611107,-1.1908053,0
2.0541036,-2.5852416,3
-1.7554723,-2.1178896,0
-1.1044184,1.3147547,2
-1.8558235,-0.36444348,0
-1.125623,-1.7177212,0
-0.16050658,-1.3563743,0
2.5871825,3.4059653,3
3.6096814,-3.2011373,1
-1.1046758,1.2052071,2
0.29651406,-2.0764625,0
-0.8356126,-3.0513828,0
-0.53877103,-0.093729965,0
0.31412727,-0.09544473,1
-1.2640116,-0.14326273,0
-0.2665411,3.277532,2
-1.4153153,0.9278537,2
-1.4108438,-2.0825303,0
3.353655,-1.327802,3
-1.1059462,-0.61911905,0
-0.9026159,-0.038435474,2
-1.4265658,-2.0322678,0
-1.9916598,0.39384735,2
-1.2501984,-0.3017819,0
-1.5188024,1.8597198,2
-1.6976311,-1.3333123,0
-1.4757377,0.4460534,2
1.1507812,-3.331355,1
1.7965698,1.0738341,1
1.6807201,-1.1508946,1
-0.5038019,0.44911802,2
-1.1020294,-2.3206532,0
0.9682846,2.3504932,1
1.5097715,0.20235203,3
3.2993224,2.3173091,3
-1.4636669,-1.3922831,0
0.12226854,-0.3297251,1
-1.9398239,3.555072,2
-2.244806,-0.25006092,0
5.3431683,1.9640505,3
-1.8658676,2.5591974,2
-1.8797245,-2.5110676,0
4.2464104,-0.52825487,3
3.9432912,-0.85328335,3
2.1849048,0.8028992,3
-0.9080823,2.9096115,2
-1.8164386,3.0479455,2
-1.420505,-1.1570475,0
-1.8617194,1.8766937,2
-0.14113234,-5.094279,0
-1.0323588,-2.2976515,0
-1.090743,-0.18526806,0
0.9744057,-0.8086924,1
-1.7851152,2.1653736,2
-1.2074007,-3.056062,0
-1.0001543,0.501962,2
-1.7246795,1.3826315,2
3.1276596,1.0221248,3
-1.2467855,1.7992568,2
-1.2381947,-5.0309,0
-1.5367532,0.741654,2
-1.6132582,2.3630884,2
7.8619056,-1.2449996,1
-1.6497813,-1.9828528,0
-1.5475496,-1.7925526,0
-0.89585173,-1.2799633,0
-1.304321,-0.4714595,0
-0.3466374,0.9587471,2
1.9593447,1.2778288,1
-1.6755776,0.20312373,2
-1.9021186,0.99616665,2
-1.2031099,-0.42917,0
0.4535543,-0.3677709,1
-1.0042404,-1.0840425,0
-1.9464971,-0.19104518,0
0.93605655,-0.97634244,1
2.0037174,0.70131093,3
-1.2805722,0.83349735,2
-0.9283117,1.1128584,2
-0.72063255,1.8063767,2
2.2262256,-0.4164428,4
-0.5619131,-2.240665,0
-1.6387401,2.5856016,2
0.7633106,0.41494274,1
-1.954735,0.9355022,2
0.69683146,3.0997033,3
-1.1342871,-2.519064,0
1.541389,-2.5306647,3
-1.186745,-1.9722828,0
-1.2497768,0.7396863,2
-0.16726667,-1.2051953,0
-0.80438346,-0.74294674,0
-1.0627096,-1.8703966,0
-0.7398052,0.24344821,2
-1.7415197,-1.0981975,0
-1.7940305,3.0059834,2
-0.91362953,-1.7012992,0
-1.7902601,0.41112536,2
-0.98665327,-0.7769432,0
-1.7689586,-0.019046739,2
-0.29695457,-0.9223123,0
-0.9848895,-1.036377,0
-0.7895349,-1.6206956,0
-1.5384383,0.5675798,2
5.2909203,-0.1035391,3
2.4464607,1.4184405,3
-0.14347139,0.18809819,2
-0.39572266,1.2859795,2
-0.80080247,-0.8681868,0
7.598372,-1.1808525,4
-0.8648241,-3.128829,0
2.6992118,3.060383,3
2.5401173,1.3883531,3
-0.71126276,3.6076617,2
1.558348,0.19583543,3
-0.63215095,2.0796554,2
-0.25073102,-1.8706003,0
-0.6208145,-1.4994931,0
-1.4975069,0.20241363,2
1.449558,2.0164878,4
0.20573638,-1.2641922,0
1.4780817,1.4535404,3
1.7969646,-0.018314343,1
-0.9531447,2.9891603,2
1.0262069,-0.39781374,0
-1.4943802,2.9712832,2
2.90136,4.3737245,3
-0.4773549,-3.0251272,0
-1.0002253,1.5279244,4
1.7203212,-2.2486887,1
1.1514344,2.2434998,3
5.4278436,-0.3545084,3
2.1407902,0.24397258,1
-1.3138862,0.71642137,2
-2.0088403,1.6295283,2
-1.1837159,-0.720677,0
-3.1279628,5.065382,2
-1.4277487,1.5227156,2
-1.9251446,1.8730531,2
-1.0078884,-1.4051278,0
-2.2113733,2.8342972,2
-0.87387925,2.8380532,2
-1.8662413,-2.6597714,0
-1.3163978,-1.2883829,0
1.6463547,2.404002,3
-1.5679083,-1.2684443,0
-1.1544222,-2.1368022,0
-1.0970848,3.0498443,2
-0.8949244,-4.227317,0
-1.8090706,2.787634,2
-1.5937626,0.6583344,2
2.0840306,1.821669,3
-0.83851534,-0.5575755,0
0.74861795,-1.2291723,1
-1.6160351,-3.0846956,0
1.7041221,2.344589,3
2.1857038,0.64106077,3
-0.2553492,-3.8620245,0
-1.729767,-0.979204,0
3.8260524,-0.31439406,3
-1.1082779,-4.445775,0
-1.5084529,-0.61779857,0
-0.77498513,-3.8370378,0
-1.2379545,-3.4670978,0
-0.26077688,0.21176167,2
-0.67995393,-0.10311347,2
-2.5273964,3.1037488,2
2.815135,-1.6551266,1
0.069275096,-3.1503046,0
-2.0171757,0.7938559,2
-2.3253448,1.4002887,2
-0.696374,-1.98318,0
-1.5717005,-0.13629878,0
1.7834246,0.764048,1
-1.3204412,3.4693427,2
0.28485498,-1.0856309,0
-2.0118237,0.68076116,2
-1.3637325,4.1226916,2
-1.4212706,-2.6569202,0
-1.4438422,0.9346398,2
-1.725077,2.6139936,2
-1.8990176,-0.064417005,0
0.16597243,0.35975772,1
-1.9221367,-1.5986143,0
-1.8525522,-2.5022976,0
-1.0889574,-0.17203353,0
-1.4018067,-0.909837,0
-1.1191385,-2.5224717,0
1.2762287,0.01628941,3
-0.42829147,1.6535252,2
-1.5088917,4.2563744,2
-0.11340967,-2.8577676,0
0.61539227,-1.463772,0
3.0370145,-0.8755712,1
-1.0298795,-1.150545,0
-0.5324405,-2.2532384,0
-1.7690642,2.5353203,2
-0.040328894,4.149367,2
0.17252028,-0.46031582,1
2.6721895,-2.4803765,3
-0.22814554,0.6751714,2
-1.5919214,0.6128621,2
-1.7285182,-1.7670349,0
-0.7238377,0.67172533,2
0.47421613,-0.9484159,1
-2.172724,-1.6683058,0
3.2485478,1.5555518,3
0.6157739,2.885762,3
-0.32209724,1.2601001,2
-1.5060253,-0.41459507,0
-0.6870882,0.60194623,2
0.173178,-0.11696793,0
3.0037868,-0.3067779,3
-2.2748568,-1.5151477,0
0.2874061,1.4764284,2
-0.949894,-4.5587344,0
-2.089234,1.015633,2
0.24488233,0.48550254,2
-0.48961642,-0.29404277,0
6.280058,0.24964671,3
2.7010725,-0.4596355,4
0.26094696,0.43706805,1
2.2495058,3.0049582,3
-0.52459997,-1.1754189,0
4.195495,1.5353969,3
-0.62417465,0.88259363,2
-0.7228219,2.170425,2
-1.4262209,1.1346138,2
-0.56627,0.30358702,2
-0.6320444,-0.73628634,0
-1.826293,1.6754863,2
-1.2704903,-1.6000648,0
0.008157941,0.75875735,2
-1.488079,1.0073315,2
0.2757983,-1.9945791,0
-1.9519067,0.1109274,2
-1.6404258,-0.2655078,0
0.9224329,-0.26092935,1
1.0311519,2.4207377,2
-0.7310749,-1.4774791,0
0.22680113,1.2070208,2
-1.8867671,2.2562146,2
-1.4021332,-0.8228227,0
-1.6974565,-1.0684605,0
1.4421024,1.5617484,3
-0.7831328,1.4166913,2
-1.2473998,0.8451923,2
-2.27698,2.7121341,2
-1.0477874,-1.7781821,0
-0.59713537,-1.1200601,0
0.22633179,0.3344344,4
-1.1363487,-1.1310346,0
0.6020121,-1.5419855,1
-0.48534414,-2.7157981,0
0.42474574,1.4253536,2
0.20891446,0.85100293,1
-0.67775536,0.3412162,2
0.20627272,1.9116793,2
0.97997606,2.1798656,1
-2.1627812,2.7837474,2
3.7580218,-1.0341834,3
-2.0402594,-1.3574475,0
-0.22451752,-1.3623544,0
-1.3481618,-3.090239,0
0.48791772,-1.9348143,1
-1.0878142,-1.522076,0
-1.5647535,-1.0458541,0
1.0109004,-2.1593707,1
2.2655377,-1.6966813,1
-0.69402295,-1.7612449,0
6.405908,2.9606745,3
-0.8997672,-1.5973545,0
-1.6140256,-1.5578293,0
-0.42029336,-0.641498,0
1.8950219,-1.0909399,3
3.108233,-1.0713239,3
-1.551007,-4.3006716,0
2.566773,0.39997953,3
-1.1297293,-2.677859,0
1.6895272,0.45288396,3
-0.2630625,-2.611881,0
2.310917,-1.4443655,1
-1.7236437,3.9060583,2
-1.4081637,-0.5963711,0
0.017433358,-2.5116458,0
-2.2184947,1.8270205,2
1.8035502,-1.1996121,1
-0.6828029,-1.5289615,0
3.3853881,1.0994151,1
0.67525136,-1.0628669,0
-1.0461016,-1.3881612,0
3.5305204,-1.9591205,3
-0.99178404,0.6656493,2
-1.7116227,0.8490458,2
0.16077511,1.4847648,2
1.4952426,-3.4443538,1
3.2026403,0.22306748,3
-1.1948445,0.97050065,2
-1.5153711,0.42156982,2
-1.5148114,-1.0735085,0
0.6733497,-3.0184045,0
-2.2208366,3.2019668,2
-0.89553857,-0.042118788,0
-0.8624353,-0.94544965,0
-1.2170475,2.754351,2
0.8294317,0.56894916,1
-0.9014252,0.2591542,2
1.1935029,1.9222896,1
0.85617906,1.2153431,2
-1.4326745,0.4149552,2
-0.34452444,-0.64478403,0
-1.4798951,-1.2485809,0
-0.5984427,-0.3389607,0
-1.2522688,-0.33295,0
-0.19270241,-1.1994672,0
-0.14466722,-0.87739617,0
-0.44644138,0.9779133,2
-3.200282,5.3756733,2
1.0562315,0.24748273,1
-0.7993224,0.2942627,2
3.6530833,-2.2341197,1
2.4621117,2.5375235,3
1.2290087,-1.727672,1
0.93805265,0.24701832,1
-1.9548676,1.5495106,2
2.442166,-0.34240204,1
-0.27865013,-0.3922751,0
-1.4077073,0.5914347,2
-1.4963303,1.891069,2
5.736141,-0.8913967,1
4.8425345,1.074103,3
-1.5805781,-1.1753192,0
-2.086151,0.20538375,2
-1.1500232,1.0469984,2
-0.90164983,-0.8701696,0
-1.8640482,2.8716395,2
0.8911051,1.9906974,1
3.509728,1.090956,3
-1.0801226,-1.1569349,0
0.90180516,-0.007287571,3
-2.1323245,0.10559863,2
-1.3817103,-0.23812683,0
-0.76404977,0.2762035,2
-1.3043623,-0.07228784,0
1.771526,-0.3133819,1
-1.2677193,0.80200297,2
-1.166891,-2.5006683,0
-1.9743524,1.5938094,2
0.88622266,-2.3728745,1
-1.5239506,-0.6662707,0
-0.5672234,0.30003512,2
-1.976402,-1.0021834,0
-1.8302208,-0.7145623,0
-1.5993041,1.7463056,2
-0.584385,-1.1046232,0
2.985155,-1.5602682,3
-1.8938284,2.211794,2
-1.1262884,-2.1792395,0
-0.55601186,1.5228165,2
1.6450117,-3.8144329,0
0.15538651,-2.4499338,0
1.450727,-0.21222201,1
1.057089,2.3541543,3
1.562669,0.7306353,3
-0.68747336,0.6717314,2
-1.4473604,-1.5658363,0
-0.82265633,1.8762732,2
1.5549371,2.093115,3
-1.5983565,-0.062309965,2
-0.72396266,-1.239634,0
-1.5904123,-1.0949297,0
-0.80830765,0.9823261,2
-1.368333,0.7367943,2
1.1684904,-3.4976723,1
-0.88625056,-1.5624492,0
-1.5633656,1.3019634,2
-0.606688,2.0120666,2
-1.4173211,1.1916037,2
-1.9312712,-1.5030341,0
-0.6968448,-3.3252084,0
-0.7592027,2.6599429,2
-1.7308758,1.1474798,2
-2.2255342,3.1439202,2
4.1158624,2.6142535,3
-0.88639265,-0.7554054,0
-1.431387,-4.0784216,0
-3.1838305,1.7872097,2
0.17318064,0.29590243,1
-1.0390999,1.0346711,2
-0.42086977,-0.5536765,0
-1.3958437,-0.22609839,0
-1.3568687,-2.4126897,0
1.5459151,-0.13248101,1
1.2458651,-1.3149276,1
0.08083877,-1.1469724,0
-0.6635607,-2.270609,0
1.6282241,-1.1988039,3
-1.407151,-2.5575573,0
0.38816002,0.6973622,1
0.60184324,-2.7568896,1
0.7128765,2.061899,2
4.734628,2.185869,4
-0.7700915,-0.48238146,0
-0.7237113,0.27667803,2
-0.29335284,-2.067782,0
1.5667142,0.38433635,3
-1.0830215,-1.7194784,0
-1.8074887,-3.2624495,0
1.464737,0.24874093,3
-0.007149333,-0.3622805,0
-0.81882924,-2.762067,0
-1.1294693,-0.12481158,0
0.965385,0.60098344,4
2.0838997,-1.2362272,1
-0.6332592,-2.0465977,0
-1.1100012,2.0974424,2
-1.568796,3.0952308,2
-0.26707214,-0.9030053,0
6.2792253,1.8834621,3
0.8009028,-1.2444835,1
4.6832466,4.6411743,3
-1.423474,-2.2382846,0
-1.3297061,-0.23289607,0
-0.6073273,-2.017087,0
0.98608047,1.432689,1
-1.9085748,4.1814976,2
-0.65487826,-1.5276226,0
-1.370537,-2.0746176,0
-0.2995347,2.346926,2
-1.5435363,-1.459317,0
-0.6867082,-1.4379823,0
-1.1380163,-2.3627105,0
0.25649703,-0.40521234,1
1.9024069,-1.4845334,4
5.6913323,0.8372779,3
-1.4923185,2.4570136,2
-0.7530206,-0.5677786,0
-0.055863064,-1.732983,0
-1.6334864,-1.5436394,0
0.5866832,1.7312305,2
1.1282654,0.85714835,3
-2.237486,1.6038852,2
-0.8331823,-1.4040595,0
-1.5156146,-2.8292267,0
-1.2666285,3.6144667,2
1.4200222,-1.4374092,3
-2.0041268,2.5700204,2
3.487241,1.0187625,3
-1.3888478,1.742641,2
-3.3259137,5.198762,2
-0.6091633,-1.6841913,4
-1.4725733,0.24249975,2
0.2516136,1.474076,1
4.7325954,3.1878219,3
-1.2383991,1.0227579,2
-0.41436055,-0.7706012,0
-1.3774328,1.7178941,2
-0.63969684,0.77756494,2
3.8471332,0.2796684,1
1.7825668,2.1870415,3
-1.508351,1.6773486,2
-0.78389794,-1.1829294,0
-0.82239324,1.1992599,2
-1.2554111,1.2022998,2
1.0940955,-0.26948833,1
1.2044795,-1.2565967,4
-1.4076056,-1.602667,0
-0.90883714,-0.1791742,0
-1.7351096,0.9044718,2
-1.6592069,2.5699966,2
-1.7127818,-0.9283695,0
-1.4586952,-0.91537946,0
0.00948167,-1.2501578,0
0.43230686,-3.2751052,0
-1.753806,-1.1278305,0
-0.5321394,-3.419103,0
4.5422754,0.014540017,3
0.60460144,-0.8501167,1
-1.0460958,-1.8151369,0
-0.8060042,-4.388308,0
0.39940792,0.38917923,2
-1.3741397,-1.5746764,0
1.2689211,-2.207143,1
5.3814855,-0.7518094,3
-1.6732516,-0.08748098,0
0.19853406,-3.08668,0
3.868039,-1.6828969,3
0.28186876,-0.7677076,0
-0.017549062,0.13220967,2
-1.2243432,-0.40798151,0
-1.7856551,0.42443424,2
-0.6479929,2.0305402,2
-0.61541176,-1.2356901,0
-0.5957323,-4.5119524,0
2.604471,2.22995,3
-1.5266963,1.4021696,2
-0.3743884,-0.9951641,0
-1.5950689,1.6631712,2
-1.1003845,-3.6292698,0
-0.48497778,2.036005,2
2.8866448,0.35424525,1
-0.20402113,-2.4291751,0
-1.809205,1.2279587,2
2.989961,-0.3388943,1
-1.6698078,-2.222099,0
4.416179,1.1224976,4
-1.5694283,-2.802019,0
1.0211602,-2.5170348,1
-0.5356442,-2.199454,0
-1.5989485,2.7396102,2
-0.47819015,-3.0759048,0
0.054325256,2.3245065,2
2.2712479,2.0177193,3
0.20570475,0.25158447,2
-1.4823376,-1.3434498,0
-0.45124617,1.8834897,2
-1.5957983,-0.32313365,0
4.569657,1.949718,3
-1.3218443,1.5095212,2
-1.5552021,1.8948499,2
-0.6504376,0.30956793,2
-0.37132987,1.9614879,2
-1.8604302,-0.4891271,0
-1.0037581,1.9277344,2
2.2914188,-0.4369176,1
-1.009414,1.3112023,2
1.122886,-0.36905253,3
-0.9882788,-3.2874603,0
-0.34682578,-1.9521201,0
0.2573848,-1.3099163,0
-1.7582408,1.0419433,2
-1.5671239,-0.06369934,0
0.21031196,-2.77691,0
0.30803102,-2.6937165,0
-0.10368684,1.4423313,2
3.5575452,-5.1019726,1
-0.7540369,3.0618382,2
0.3786374,1.7710774,2
-1.6036524,-3.311083,0
-1.5071646,1.3928051,2
1.2443966,-2.0134141,1
4.086848,-0.06958184,3
-0.05356694,-0.866675,0
-2.534919,3.5790975,2
0.22138713,-0.9308876,1
-0.43784454,-0.25150663,0
4.1196046,0.7678174,3
-0.5220918,1.3815881,2
1.549491,0.20766672,3
-1.9644309,1.8208704,2
-1.3999674,-1.7358608,0
1.873345,-0.739539,1
-1.761394,-0.7259406,0
1.6598701,-0.24843223,1
0.5439759,-1.3810704,0
-0.6750475,1.5041844,2
-0.9723281,-3.568415,0
0.80471545,1.3940163,1
0.6553481,-0.5612884,1
2.709753,0.48279822,3
-0.31380406,-2.9534035,0
-0.41325605,-1.1248755,0
-1.6850841,1.9288222,2
2.033041,-0.32049066,3
-1.9556881,-1.3759464,0
-1.7120451,0.42682433,2
-2.2037992,2.1355457,2
1.728369,1.6816244,3
-1.7450424,0.8177086,2
-0.6301188,-0.20535418,0
-1.5036657,-2.4600859,0
-0.22045961,-3.085336,0
-1.5939664,-2.3368547,0
-1.3082685,-1.5001075,0
0.3893774,-1.689682,1
1.6095877,-0.6352037,1
-0.9892985,1.6574593,2
-1.2133085,-0.6297737,0
-0.51659817,-1.4829088,0
3.460684,-0.8497642,3
-0.44954482,-1.8399162,0
0.123895794,1.0784925,2
-0.6808128,-1.923023,0
-0.79907024,-0.22326353,2
-1.1073248,-0.13277169,0
-1.7165467,-0.35139424,0
-0.57260525,3.775814,2
-0.2152446,-0.8653063,0
-0.8671548,0.36720443,2
1.7662666,1.2899678,3
2.5400243,2.085188,3
-0.55861604,-2.320185,0
4.090576,0.02129319,3
-1.8039017,-0.105052836,0
-1.3958516,3.0081,2
-1.7136962,-1.4357624,0
-1.1325758,0.2739994,2
0.80286545,2.7201815,1
-1.0182173,-0.9119093,0
3.3491466,-0.05054693,3
-1.141537,-1.352104,0
-2.2084472,1.2848932,2
2.9296572,-0.29935855,1
-1.4726217,0.08949952,2
-0.16718851,2.8164458,2
5.920041,0.6077215,3
-0.957315,2.101601,2
-0.69174147,-4.7467136,0
-0.54544306,0.2643513,2
-0.38971815,1.2411157,2
-2.009286,0.7889038,2
3.3029144,0.5362329,3
-1.7489519,-0.23835008,0
-1.8715391,1.3362906,2
-1.8448362,1.0067819,2
2.4815373,-0.011189684,3
-1.0230198,-1.9907951,0
-2.0547702,0.9541197,2
1.050882,-0.04286105,3
-1.5167925,-2.412944,0
4.4594083,2.4383929,3
0.7140526,0.06256376,1
-1.5646471,-1.4036279,0
-1.5406641,0.96941435,2
-1.3924261,2.345588,2
-1.0730201,1.8007466,2
-1.5156071,-0.85980105,0
0.6057579,-1.8883556,1
-1.282977,-0.25905746,0
-1.5463932,1.016175,2
2.267485,-2.0652847,1
-2.126518,1.71753,2
-1.3080769,-1.7045228,0
-0.21972379,-2.0077407,0
0.13524668,-1.004531,0
-0.97161,-2.0170815,0
-0.76650244,-3.1595113,0
-0.35270116,-2.3403013,0
-0.9330663,1.1468422,2
1.2549994,0.168467,1
-1.0465409,-0.7209111,0
-3.3211713,6.335222,2
-0.90456057,-2.7065334,0
-1.2765524,-0.08183777,0
-1.0584679,1.3041531,2
-1.6153046,-2.33312,0
-1.1416706,1.0084108,2
-1.9959345,1.7195035,2
2.773983,-2.748827,1
-0.9001133,1.340098,2
-0.5831757,-0.30437005,0
-0.58824205,0.00027008168,2
-1.7961396,-0.90928125,0
-1.1492145,-2.9741416,0
0.21608754,0.121756375,1
1.6941252,-2.073766,1
2.2122998,1.0567894,3
-1.6554427,-3.16401,0
-1.7997857,0.29705733,2
4.24858,-0.8771593,3
-0.3950075,-1.4244522,0
2.7327542,-0.044628218,4
-0.796966,-0.8441998,0
-1.1580604,-1.0270326,0
1.177099,-1.584432,1
5.1595826,-0.7803423,3
0.4536845,2.6860986,2
-0.39571857,1.0465504,2
-1.4633198,-0.79424745,0
0.6437989,-4.520882,0
-0.40852574,0.69378626,2
-0.6949717,-3.124336,0
4.8537855,-1.8109584,3
-1.0260581,1.3671985,2
-1.2016194,1.1424332,2
1.7622094,-2.4682763,3
-1.2382164,2.6089587,2
-1.4494803,-1.4146564,0
-0.4193058,-1.6689627,0
0.27358297,1.9835305,2
-1.8873688,0.13424426,2
-1.5322334,-0.74574196,0
0.28985426,0.22151707,1
0.08855572,1.3429811,2
-0.33821413,-0.9010819,0
-0.1615049,-1.9185907,0
-1.1619589,-0.93732727,0
2.5195181,2.8693678,3
-1.1709046,-1.2870271,0
1.647162,-1.3182317,3
-0.8822472,2.1786308,2
2.0600858,-1.8547833,3
3.181854,-1.0126419,1
-0.4567347,1.0118532,2
-1.6033952,0.092093006,2
2.0969326,-1.0875262,3
-0.919421,0.7230715,2
-1.504429,-0.14692809,0
1.8567594,0.5503189,3
3.060703,-1.9618225,3
3.2972584,2.9403024,3
-1.5307078,1.9597222,2
-1.3218709,-0.926135,0
-0.69337136,-2.139764,0
1.7934473,2.9055915,3
-0.34140575,0.60844785,2
-2.5908797,2.0696697,2
1.0172501,-1.8101304,1
0.26077133,0.051341042,0
-1.5861547,0.58247715,2
-1.3621598,-2.4576788,0
0.53829986,-2.9970157,0
1.2899486,2.0274696,1
3.8613162,1.9566824,3
-1.3950524,-2.556906,0
5.392026,2.3290744,3
3.8081176,2.1613598,3
4.0525413,0.12331317,3
-0.251109,-1.5754144,0
-0.67638004,-0.9281338,0
5.0174694,-0.2993279,4
-0.9907673,0.99188703,2
-1.8954728,1.4727044,2
3.5659378,-2.0570073,1
-1.6489848,2.2976367,2
2.924601,-1.8378409,1
-0.9520366,1.3655393,2
4.781961,-0.1835011,3
0.9324034,-1.024546,1
-1.3389622,-0.15412489,0
5.044282,-0.07715716,3
2.7306094,-0.3979078,3
-1.1245267,-1.2982056,0
-0.69997805,0.58164304,2
-1.2715218,-1.3082219,0
3.9346106,0.4929543,3
-1.4396827,-1.4017038,0
0.3147891,-3.2874286,0
1.2925217,-3.9148018,1
-1.4572453,0.013512809,2
-1.0853342,1.6220547,2
2.2944067,-2.1284676,1
-1.9069693,3.4218993,2
0.16601914,0.13362673,2
2.1947868,3.2894223,4
-0.74014753,-1.432823,0
1.9892886,3.0523164,3
-1.6606765,-2.1208527,0
0.12903641,-3.0421884,0
5.7825966,-0.62026596,3
-1.3117967,0.72107756,2
-0.68193537,1.113544,2
3.6540213,-2.783115,1
-0.34315875,-1.874004,0
-0.48175746,0.7388499,2
-1.5597382,-2.432483,0
-2.4008343,-0.4869225,0
-0.10647802,-3.5591323,0
3.814644,-0.15076871,3
0.014489649,0.6301958,2
-1.4851037,-1.9021941,0
-1.8089408,0.8580616,2
0.09446332,0.6925969,1
-1.1505554,2.750709,2
-1.0800959,-3.1821492,0
-1.8868105,0.6390964,2
-0.525548,-0.96387905,0
-1.9379544,0.25421083,2
-0.90506905,1.8809893,2
0.0664799,1.2224649,2
0.94678396,-2.0445468,1
0.28798696,-0.4239332,1
-0.7077879,-3.298461,0
-0.93071836,-1.721219,0
-1.928383,0.87457347,2
-1.5676988,-2.3538811,0
1.3610321,1.3899701,2
2.521788,-0.44182116,3
-0.782436,-0.46166992,0
2.8137562,2.205909,3
-1.4517952,1.6065844,2
-0.09416333,-1.9480916,0
-0.5952901,1.816681,2
1.160902,-1.3696458,3
-1.8805124,-1.9315794,0
-1.7928787,-0.6740672,0
-1.4122871,1.6791879,2
2.538387,0.38339257,3
1.3983958,1.3403798,1
-1.7372148,2.1802301,2
3.6523273,-0.32830578,3
-1.2743843,2.0655491,2
-1.1173909,-1.3366072,0
1.608721,3.1173007,3
1.4595698,0.23161192,3
-1.0532538,1.3442005,2
-1.9014626,1.8374026,2
-2.719533,5.853483,2
-1.7205127,2.149122,2
2.173581,-1.2693241,1
0.5327405,-1.9463171,1
-0.73841655,0.61822325,2
-0.3938762,-1.484541,0
0.791713,1.5948842,1
-0.050281167,-1.9253306,0
-1.4161884,0.5682222,2
-1.8766835,0.24787335,2
-1.128672,-2.7320106,0
-1.3356748,0.6951319,2
2.3793955,-0.3957702,3
-0.5281439,-2.6668315,0
-1.2325845,-2.2701468,0
0.27233446,1.1261854,2
3.3659618,-1.2068983,1
1.1584812,-1.8939493,1
1.8362744,-0.6887266,3
0.79244995,-1.0499718,1
-2.352048,2.4268353,2
6.022712,2.452696,3
1.3297673,-1.2296789,0
0.22786587,-2.2675993,0
-1.2461126,-2.5906224,0
0.064675674,-1.0009753,0
-1.5582867,2.0038662,2
-2.1338398,1.6210659,2
6.0931087,0.2098344,3
-1.0538633,0.36871397,2
-2.1164672,2.6972482,2
-1.6906236,-2.8018994,0
-2.2048059,1.3143258,2
-1.2467713,1.655585,2
-1.4789506,2.5418882,2
-0.30074605,0.7381717,2
-1.027606,-0.9488666,4
0.13454732,0.63118,2
-0.46814242,3.0946488,2
1.449022,-0.13123354,1
1.204939,-2.2331192,1
-2.0937774,1.6294656,2
3.5750718,-1.4915488,3
1.9305196,1.2262694,3
-0.099751234,-0.6182515,0
-0.81672055,-2.1624157,0
-0.49532336,-1.0148523,0
-1.2192675,0.11748938,2
0.27621853,-1.8284429,0
-0.58527225,-0.24398814,0
-0.5172291,1.5974724,2
3.2698905,1.9198986,3
-1.0789896,0.9743689,2
-1.0486042,1.306618,2
1.8140838,1.165081,4
3.9621751,3.1589582,3
5.760953,0.3366723,3
0.6750338,-2.5285983,0
3.4592855,3.2941887,3
-0.13946193,-1.3664447,0
-0.36841267,0.0823881,2
1.5245564,-0.49590302,1
-0.3561867,-1.1142669,0
2.4859817,-0.37698853,1
-1.7120156,-2.197892,0
0.20089144,-3.24608,0
2.6967196,-1.0076746,1
-1.0204222,-2.218711,0
-1.3410633,2.1477108,2
-0.262022,-0.1803342,0
1.5560044,-0.38789004,1
-1.5565598,-1.6279621,0
-0.2586905,0.36703163,2
4.655547,0.77485514,3
-0.83348536,-0.11893096,2
-1.0669957,0.88404536,2
-0.0010865687,-0.29463285,0
-0.28885835,-2.1930761,0
-1.3566604,0.47782928,2
1.6773869,1.6823257,1
-1.4145869,2.8969564,2
-0.13748436,1.4066889,2
5.3339005,0.2228433,3
-0.39911488,2.2249513,2
-1.8107346,-2.3470552,0
-0.78147,-2.3920524,0
-0.1882348,-1.3868212,0
4.262257,3.3032627,3
2.4228253,1.8061795,3
-0.9580243,0.6566227,2
-0.54133195,1.6651597,2
-0.2952284,-0.033884794,2
2.0057256,0.15740296,1
0.5975426,0.77056724,1
-1.5128467,-4.0058017,0
-1.0311619,-1.147068,0
-0.19448361,-1.7753911,0
-1.3407996,1.6652012,2
-1.640868,-1.9132383,0
-1.2935779,-1.6370358,0
-1.0454996,0.16599868,2
-1.6292944,0.36836302,2
0.25335106,-0.9675813,1
-0.98976654,0.3112917,2
3.1744153,0.87447006,3
-0.26714647,-0.50891614,0
-1.7945211,1.080574,2
2.0589588,-0.027150767,1
-1.1744729,-0.5817737,0
-1.9979537,-1.1787246,0
3.875945,1.6134336,3
-1.2573268,-1.2985058,0
-1.0220443,-2.4452224,0
-1.4491869,-3.35143,0
0.30288044,-2.4326534,0
-1.1187505,-2.0903423,0
-1.0709596,-1.2369424,0
0.02194914,0.12772985,1
-1.3492494,3.4610665,2
-0.6596199,1.608071,2
-1.9524832,1.0368752,2
-0.42214194,-0.8624585,0
2.2701414,0.6497324,3
-0.875148,2.3724914,2
-0.93424684,-0.97441953,0
4.189484,1.6336094,3
-1.3266553,-2.1564941,0
-0.09150515,-0.21925376,1
-0.81415695,-2.2357519,0
0.8955716,1.6430376,4
2.2774,-2.9398508,3
-1.0176561,-0.93136835,0
1.9123013,-1.6144524,3
-0.45550805,0.6975461,2
5.96916,3.1095886,3
-1.9827423,2.0738025,2
-1.8613398,0.19150712,2
0.11722884,-2.6557477,0
-1.6413832,2.0820837,2
-2.1604104,2.29205,2
-0.17696902,-0.4653589,0
3.7391675,2.7102678,3
-0.38119408,-0.8916276,0
-0.5443232,-2.3942983,0
-1.0824437,-0.4185763,0
-2.034379,0.7622248,2
2.7249963,0.34131217,1
-0.3501822,-2.9798982,0
-1.2757183,0.6025785,2
1.2424033,2.3607285,3
5.452903,0.14260077,3
-2.2425833,-0.038578615,0
0.8446162,-1.0169555,3
-1.6001836,-1.8512197,0
-2.0158405,-0.20130993,0
-1.9429779,3.9020483,2
0.66577005,2.0328457,2
-1.2391591,-0.8913751,0
-1.2990738,2.9600668,2
-0.168073,1.6905291,2
-0.41123763,0.3898667,2
3.1363509,1.840668,3
3.2085245,0.26391518,3
-1.5297273,3.1252775,2
4.28204,-1.4527811,3
-2.6989667,4.5984592,2
-1.6832633,-0.66467303,0
-1.8143389,0.1670861,2
2.3744063,1.4447852,3
-1.2544352,0.75417316,2
-0.18547677,-1.063548,0
-0.8023738,-0.85950357,0
-1.5896817,-0.5777997,0
-1.3666232,0.18057044,2
-0.034934442,-0.7943024,1
2.6943958,-2.5300999,3
-0.6120352,0.48669833,2
0.27408484,1.0108653,1
-1.6460731,-1.1899707,0
-0.33443794,-3.491547,0
-0.6220534,1.0727657,2
2.4212265,0.39326435,1
-0.7451755,2.8055182,2
2.7892547,2.7729375,3
1.442256,1.0951501,4
-0.5487446,-3.0560277,0
-0.6768392,-0.73166823,0
-1.6335094,1.9534092,2
-0.4159276,0.36677223,2
-0.27032918,4.7371674,2
-1.3280389,-0.07195034,2
3.2944708,0.93265074,3
0.77386075,-2.9539678,1
0.059779163,-1.3414595,0
-1.0326555,-0.11329352,0
2.988298,4.111077,3
-1.6347282,0.5982796,2
-1.4387196,1.2692301,2
-0.44757226,-0.56991726,0
-1.8579099,1.199093,2
-0.21552289,-1.0245914,1
-0.22468054,-1.7793436,0
-1.9017105,3.6409981,2
-1.5625408,-1.1208017,0
-0.3788641,-1.3104427,0
-1.4488183,0.97662693,2
0.8805187,1.4904629,2
-1.8208625,0.4220667,2
0.23632829,0.69693303,1
-0.9595006,0.50806534,2
1.5314252,2.798467,1
-1.3939177,-2.8858361,0
-0.58857375,-2.2667344,0
-1.1200793,1.1445792,2
0.79345363,-2.1570618,1
-1.4526268,0.4768458,2
-1.774768,2.901895,2
-2.1923282,-2.0656583,0
-1.9603242,1.8947647,2
0.0018156109,-0.1683968,2
-0.3656553,-0.40238076,0
-2.043654,2.0305552,2
-1.2619336,0.83478475,2
1.3006369,1.245907,3
-1.8372664,0.7359573,2
-1.0316072,-2.4192514,0
-0.32894763,0.87881154,2
-0.7059765,-1.202185,0
-1.5065948,-3.5146995,0
2.1887836,-1.1517342,3
-0.5820362,-1.3756094,0
-1.4518747,-0.42668754,0
2.7803779,-1.1116282,1
-0.06469065,-0.8231092,0
-0.88463825,3.265174,2
1.0826924,0.8607332,1
-0.86267275,1.0618881,2
-1.5460466,-0.86866426,0
-1.466197,1.4252235,2
0.5008913,0.9158727,2
2.4219594,1.456429,1
-0.775078,-0.4882214,0
5.863587,0.9870345,3
-0.23149584,-0.25899577,0
-1.2427374,0.44699752,2
-1.8082016,0.7389595,2
-1.3696964,2.2615654,2
1.006208,-3.0002794,1
-1.5090903,0.08050664,2
-2.3313653,2.2978282,2
-1.4717797,-1.0128864,0
-0.8805452,-1.5268373,0
-1.303218,0.16667506,2
2.926598,0.100406006,3
-0.9831713,-2.800838,0
1.1795056,0.4505012,1
-0.9732342,0.4256143,2
-1.6932015,-1.6147226,0
-1.8828268,1.8855059,2
1.2463304,1.8625966,3
-1.524333,2.6815124,2
-1.2209035,0.77464527,2
-0.44502857,2.5967708,2
1.7906008,-0.23425393,1
-1.7466722,-1.3625865,0
-1.1392956,-0.73688704,0
-0.9473142,-2.7128916,0
-0.6620368,-4.028057,0
-0.035475206,-0.5694076,0
2.2483273,-1.189999,1
-1.0235282,-0.40295255,4
4.3848414,-0.75958806,3
-1.7104007,1.1175233,2
-0.39278737,0.06513646,2
0.8014011,0.027490556,1
4.3390102,0.007375736,1
-1.3516879,1.3848269,2
0.91941255,-1.3875409,0
0.8186786,-1.7294282,1
3.7430694,-1.7956135,1
-0.30145606,-3.0886617,0
0.6844166,-0.16207275,1
3.993482,-1.669816,3
-1.0719781,-3.3316321,0
-0.14525035,0.87932783,2
-1.262077,-3.3249042,0
0.2143112,3.331713,2
0.6948505,-1.1985947,1
-0.1995814,-2.8096497,0
-1.2294949,-0.7064404,0
0.06587507,-3.160902,0
-1.5863748,-1.9187468,0
-1.9871393,-1.3332143,0
-0.74828726,0.78386575,2
4.2984767,0.436301,1
3.7702172,1.2930862,3
-1.8335879,2.252906,2
-1.8097659,-0.23241805,0
-0.033896647,-2.2373743,0
-1.7705623,0.21192338,2
-1.4082646,-0.24360113,0
-0.72228867,-0.13237631,0
-0.36521098,-0.8581584,0
3.1487029,-1.8153871,1
0.12392737,-0.5090954,1
4.7841845,-0.92785037,3
-1.9483318,0.59151644,2
-1.3428173,-0.26049295,0
0.11649335,-1.4523218,0
1.8116544,0.34736526,1
-1.6236569,1.5550153,2
-0.6218129,0.34528625,2
2.2447772,-0.98527056,3
0.38660845,-2.8470356,0
0.5285063,-0.0141794775,1
-2.2152076,2.022396,2
-2.0940819,-2.6241825,0
-1.9136586,2.7405736,2
-1.4747456,-1.9013292,0
2.0872974,0.58349454,1
-0.6886539,0.5454913,2
0.02513924,1.4314837,4
-2.3457386,0.026119858,0
3.3760455,-0.9733923,3
1.096059,-1.2829989,1
3.4707544,2.5199282,3
0.277031,-0.8757518,1
-1.7116908,2.488759,2
0.3060926,-1.5630826,0
-1.3223438,2.523562,2
-0.59244424,-1.4838867,0
0.8552037,3.7987406,2
2.0990767,0.6668341,3
0.38948625,-3.6227412,0
1.8188444,-0.9226826,1
-0.31402817,-0.48083204,0
-1.6664182,1.7715803,2
-1.2000486,-2.0770183,0
-1.3808086,1.6695793,2
0.4195121,-0.5597486,1
-1.4005951,-3.0306423,0
-1.4288818,4.0600123,2
1.2872257,-2.593854,1
-0.52947694,-1.4207354,0
-1.4046524,0.9023108,2
-1.2009627,0.5832043,2
0.28481567,-2.707307,0
4.4574575,-0.4546271,3
-0.3510614,1.3327287,2
3.147178,2.7573295,3
1.6628655,-2.1954868,1
-0.6200378,1.1556612,2
-0.044384398,-1.1724621,0
-1.8382282,0.7924296,2
-0.54030615,-1.9792022,0
0.5494391,-1.4484427,1
-0.3073872,-1.0395147,0
-2.26359,-0.98007035,0
-0.7024989,3.2082946,2
1.3237622,-0.38843602,1
2.9552243,0.53400207,1
0.12430817,-0.85190976,0
0.19291875,-0.44107676,1
-0.089635275,-1.3548851,0
1.2548565,1.0355717,1
3.4804504,0.8495628,3
0.05322501,0.42958212,2
0.9392304,-0.065531716,3
-0.41242814,0.68357474,2
-0.8405605,0.65844804,4
2.3944845,0.90664464,1
-0.57624346,0.30182403,2
-1.3748587,-1.1572255,0
-1.7552522,-1.1330392,0
-0.023532717,1.7980132,2
1.3851267,-1.1449074,1
-0.24771628,3.0243995,2
1.6340429,-3.1771963,1
-1.9323405,-0.32186872,0
-1.2025588,-1.3329515,0
-1.2288065,-0.4739818,0
-0.30470297,-1.3653257,0
-0.7419003,-2.2665231,0
0.9046336,-3.836109,0
0.6697937,-1.0530379,1
-1.1231322,3.3826919,2
-0.89799696,-1.4045917,0
3.666735,1.7337584,1
-1.1407266,-1.8031986,0
0.58820105,-0.6229227,1
1.0928459,-0.77780974,1
-1.3957723,-1.7863176,0
-2.1057448,2.0071485,2
-1.0616165,1.4243255,2
-1.5429611,-0.07863044,0
-1.1468952,-2.3867927,0
-1.1298845,0.2433448,2
-0.62688863,-0.5666997,0
-1.5752517,-3.6647508,0
-1.1963964,-1.0129958,0
-1.1474657,-0.48013943,0
-1.1331512,1.0455959,2
0.31042978,-1.1927795,1
-0.7782065,-3.3931377,0
1.9492778,-1.7994328,1
-1.5863795,1.472746,2
2.6920278,-1.9782525,3
-1.1838479,-1.187968,0
-1.7487795,-2.7288058,0
-2.3047838,-1.6656624,0
-0.10895318,-0.07373011,2
-1.1724236,-0.77646077,0
-1.6313957,-2.9504902,0
2.8714633,0.0004196465,3
-1.9843496,-0.7716815,0
-0.8686534,-1.5189652,0
-0.3975682,1.5311327,2
0.5914457,0.14059936,1
-0.50449675,-0.20808357,2
-0.044007614,-1.2953093,0
3.0930614,-1.7697664,1
-1.2987766,-1.9456441,0
-2.1956515,1.7585887,2
-1.8062105,1.7308142,2
0.4609148,-0.6893154,0
-1.6787872,-0.5544701,0
2.4682791,-0.26877427,1
-0.45048532,-0.66761374,0
-1.1849046,-1.4734373,0
-0.42656514,0.5844611,2
-1.2550613,-3.7498777,0
-0.43890643,2.1416717,2
-1.6162367,-0.70350534,0
-0.8955635,3.5621831,2
0.13342658,0.6163874,2
1.3161688,0.68894887,1
-1.6942415,2.7609832,2
-0.16829434,-1.4310039,0
0.028121782,-0.23254149,1
0.3564989,-0.6908754,1
-0.95417696,2.9806213,2
-0.5199564,-2.7777126,0
-0.68894464,-0.4695341,0
4.345413,-1.962834,3
-0.11630899,-3.013283,0
3.238718,-0.90509033,3
1.8753542,0.57540554,3
-1.4183416,0.50701624,2
-0.77812093,-2.6741135,0
-1.9323008,-0.8375823,0
-1.0895482,-0.10415871,2
-1.0145121,0.92671365,2
-0.8677622,-0.30952436,0
-1.2083734,-2.3539033,0
-1.4115514,0.12530819,2
2.5740883,2.760794,3
-1.7455858,-0.62806225,0
-0.10116146,-1.0999388,0
-1.8981673,-3.1346788,0
2.1522672,0.657212,1
-0.44560173,-0.8503615,0
-2.0389504,2.3509538,2
-0.5446514,0.3715546,2
0.20326585,-0.4996282,0
-1.5062177,-1.3740288,0
-2.2423897,-1.647592,0
4.855719,2.0338626,3
3.8937023,2.1515548,3
-1.1690766,1.7638167,2
-1.527403,1.6443584,2
-1.7791195,-1.158471,0
3.8566816,-1.0762432,1
1.6743666,-1.2264552,1
0.8071889,-2.9326518,0
0.644839,1.6519735,3
-1.8844589,1.9828937,2
-0.13793254,-1.4832956,4
-2.1125689,2.468973,2
-1.0578624,-1.4516567,0
-1.844405,2.9788804,2
1.6994051,0.80011445,3
-1.0674763,1.9880822,2
0.60595983,2.3425093,1
-1.1020814,-2.2069242,0
-3.4646661,6.9764905,2
-0.59833455,2.3889582,2
-1.4009328,2.3076704,2
4.5310974,-1.0335852,1
-0.8126548,1.8393116,2
-0.7205558,-1.9548386,0
0.5509946,-1.4802313,1
0.875513,2.090315,3
-0.7342528,-0.7302938,0
-0.27576852,-1.3054342,0
-0.6006182,-2.3542216,0
-1.2349257,-1.0387313,0
-1.6926751,0.7126301,2
-1.1751611,-2.113479,0
-1.6305807,-1.7017937,0
-1.7359271,3.6351645,2
-2.0596232,3.2146816,2
-1.3282021,3.498712,2
2.9676454,-0.44274557,1
-0.7102609,-3.2007895,0
5.0189204,-2.0673974,1
-1.5621437,-1.2402614,0
-0.17553526,-2.7572167,0
-1.2874873,-0.5699968,0
5.1300635,-0.23274915,3
-0.32242545,-2.7708828,0
3.8207426,-0.109550506,1
-0.67917794,-1.2603927,0
1.3906863,0.7864692,1
-1.7498074,0.28189725,2
0.049416233,0.5547969,2
1.4048837,-3.814032,1
-1.3292544,0.67779,2
-1.388676,-0.033333935,0
2.1413033,-1.098974,4
-1.1320802,-2.2825477,0
-0.53911805,-0.44178993,0
2.8225615,-2.6130724,3
-0.76144344,-2.080067,0
-1.8331575,2.092202,2
-0.8364563,-1.3810778,0
-1.8868155,2.0195572,2
-1.6271247,1.7234498,2
3.0677383,-1.0675607,3
1.0001888,-1.0905458,0
-1.2861954,-3.033649,0
2.6102383,3.9989903,3
3.1232052,0.8835994,3
-0.3744984,0.34638798,2
-0.69598085,-1.4525477,0
-1.9960474,0.11628738,2
3.0263429,0.43544042,3
-2.2233305,2.61215,2
1.7565047,1.0146363,3
-1.3286734,-3.2880163,0
-1.2792128,-2.1446369,0
-1.2103461,-1.1126189,0
-0.05288745,1.0938734,2
0.95493156,0.17977974,3
3.6369233,3.3804028,4
4.40633,1.4898373,1
-0.9095743,0.18065871,2
0.4163784,-1.2616409,1
2.546745,0.6470928,3
2.604412,-0.3023498,3
-1.5852962,0.37353837,2
3.3341656,-3.3807247,1
-1.4175576,1.8392383,2
-1.6958141,0.8569419,2
-1.9079412,2.4127498,2
3.7675874,1.190983,3
-0.5173646,-0.3804704,0
-1.4214585,-0.9932624,0
-1.8554336,0.56736153,2
0.378677,0.85978776,2
2.397094,2.9772265,3
0.67383474,1.5461788,2
-1.0757515,-0.8051374,0
0.6931525,-0.16725937,4
-2.3521163,3.1818695,2
-0.90913385,-0.24893774,0
-0.65504086,-0.35204536,0
-1.1942085,2.3300486,2
0.06415734,-0.94148415,0
3.6907008,-0.6997047,1
-0.31581023,2.4496539,2
-0.4490795,0.37376136,2
-1.1307826,-3.353239,0
2.383558,3.8658676,3
1.6962667,-2.2154634,3
-1.8606691,0.39882112,2
-0.26894265,0.00482893,2
0.054455556,-4.8318357,0
-0.18605569,-0.716069,0
6.3816886,-0.51302725,1
-1.1243582,0.20493257,2
-0.30537638,1.2714344,2
0.4879589,3.192075,2
-0.13271277,2.5084245,2
5.6035013,-1.7468,1
-0.1891792,0.20674612,2
-0.1549028,-0.3813836,0
5.935229,0.9346764,3
-2.0503132,0.11503352,2
-0.1802876,-1.2505451,0
-0.80825305,1.1456727,4
-0.9871317,-1.6664102,0
-1.4418702,0.2678666,2
0.2632095,-2.2350023,0
3.081466,1.0640699,1
-0.3680824,-1.4134825,0
-1.4881918,-1.7618678,0
0.4081844,1.1450303,1
5.1965184,1.3833033,1
-2.0332365,0.15672754,2
-0.6834002,1.9724855,2
1.7836154,1.7449396,3
-2.0341449,-0.19509156,0
-0.9108017,2.235881,2
-0.4559222,1.2630254,2
-2.2084992,-1.8702694,0
-1.5086633,-0.7188228,0
-0.6123643,-0.9749971,0
2.4464884,1.357351,3
-2.7131248,4.4351435,2
-0.15803978,-1.1564542,0
-0.8949947,1.0668043,2
0.5893639,-2.2773392,0
1.1923269,1.6699561,3
-1.1089611,-0.8336684,0
3.3546903,-0.2318317,1
-0.5853843,-0.24092528,0
0.45422608,1.259299,2
1.8186382,-1.1410165,1
-1.0243824,-1.2087948,0
-0.7767827,-3.4612443,0
-0.14474219,0.24004583,2
-1.9110918,0.2482778,2
-0.8034487,-1.2150773,0
0.4147892,4.5952163,2
-1.0430772,-0.29519284,0
-1.272036,-1.5152866,0
1.9973166,-1.137425,3
-1.4171976,-1.0907696,0
-0.85780394,-1.0299422,0
-0.15198007,-2.846854,0
-1.6186384,0.5626471,2
0.19999813,-0.24038361,1
-1.0453917,2.7899158,2
-1.2004973,1.3472786,2
-1.1862864,1.8796315,2
-0.7887153,3.087247,2
-0.8304903,-0.72151977,0
1.5881221,1.029321,1
1.6690191,-0.58592737,3
-1.1855959,-1.7032467,0
-0.8173889,-3.0846329,0
-1.1764061,-0.45082206,0
2.7840734,-0.5005231,1
-0.1828275,2.3612616,2
-1.6386801,0.09735529,2
-0.7296462,-0.43841815,0
0.48553163,-1.2170007,1
-1.0552608,1.358294,2
5.939608,-0.21128544,3
-0.8618864,-1.360567,0
-1.3270723,1.1749071,2
-1.8054429,1.7241275,2
-1.2005596,-1.3361709,0
-0.9316916,1.9544349,2
4.5474734,0.07663526,3
4.2606316,-0.96180445,3
-1.0471156,-2.0855098,0
-1.5922527,-1.7960737,0
0.18495661,-1.1319586,0
2.4343154,-1.1700803,3
-0.5313726,3.7959082,4
-1.3216379,-1.2235744,0
0.11489822,-1.1999819,1
-1.3175942,-2.509697,0
-1.2755792,0.06519045,2
-0.19472879,1.1652825,1
2.3323574,-0.75578314,1
-1.2868325,-0.61262566,0
-0.8389584,-0.48876762,0
0.54061455,-0.5294905,1
0.08678697,0.54003793,2
0.40019315,-0.8302738,0
-1.4175432,-0.008043066,2
3.1580687,-2.7865694,1
-0.28885683,-2.233608,0
-0.18710725,0.5002352,2
-1.7555224,0.15501235,2
2.395465,-0.9281207,3
-0.40871358,2.986391,2
3.566115,1.3466532,3
-0.06777058,1.1801422,2
-1.0728409,-1.5547884,0
-0.4971061,-1.387375,0
-0.59959877,0.5610517,2
-1.7247119,1.199814,2
-1.6058161,-0.009064376,2
0.7371348,-0.41504902,1
-0.51162577,0.7174663,2
-0.19944936,1.1172554,2
1.4395955,-0.025617614,1
-0.88885915,-2.0829046,0
0.9811754,0.4737841,1
-1.143659,1.8120568,2
-1.7020731,2.0870948,2
-0.2653287,1.16047,2
-2.3589606,1.7281189,2
-1.5842009,0.059302226,2
1.1774576,1.619947,3
4.0655646,0.70970106,3
0.36911234,0.16452894,1
-0.66466933,0.2989236,2
-0.15575516,0.6614241,2
-0.59561443,-1.1970272,0
-0.37608078,1.1173983,2
2.8115792,0.3469215,3
1.434586,-0.5688921,1
-1.2815217,0.99226004,2
1.330898,-4.00979,0
3.2444913,2.0854073,3
-1.7469498,1.3436639,2
5.151951,1.7041159,3
-1.4871584,-2.2307565,0
-0.68346494,0.29008275,2
3.7373192,0.4358707,3
-0.7131961,-1.2407871,0
2.8440893,1.8339684,3
-1.8139291,-0.82341415,0
4.6496997,0.40079224,3
0.06478513,2.7683694,2
-0.7591184,-0.3753423,0
0.12373491,-0.5703587,4
-0.5480102,0.27199256,2
-1.4120212,2.5674267,2
2.178795,0.6134691,1
1.115334,0.5852695,1
1.0990851,1.200385,3
3.9196093,-0.65407974,3
-1.2776595,-2.2407854,0
4.2126145,2.4271028,3
-0.43769386,1.9206723,2
-1.3400218,-1.4202406,0
2.3969078,-3.3441417,1
0.59587115,-1.8097658,1
-0.650657,0.17908502,2
3.6622858,0.584668,3
2.912893,0.8144904,3
-1.6728525,-2.2460458,0
-0.44358462,-0.3968264,0
-0.91279995,0.6231794,2
5.248306,-4.396473,1
-1.7542118,1.1971505,2
1.7947063,0.14552523,1
-1.8462521,-2.5029764,0
-1.5714144,-1.0121912,0
0.27172866,-1.8275676,0
-1.7725177,0.09218971,2
-0.6086738,0.4946276,2
-0.09446794,0.52386004,1
2.254624,2.7810166,3
1.1101651,2.706651,4
0.32468584,0.5812617,1
0.9814039,-2.773248,0
-1.482114,1.9973676,2
-1.1452085,0.35825014,2
2.4940455,-2.3867092,4
-0.8549046,2.384429,2
-1.5545033,-1.6987623,0
-1.0288948,-1.0674082,0
-1.0523126,-1.1675843,0
0.039383013,-0.024725785,0
1.551693,-1.176417,0
-1.7468405,-0.4699452,0
-1.3487089,0.4512456,2
2.3049617,-0.023325011,1
0.52931523,2.447341,2
0.7460716,0.78312,1
-1.5247909,0.5389921,2
-0.33774468,1.3247749,2
-1.2294708,1.0250698,2
-1.3223981,2.5042112,2
-1.3721608,3.7300088,2
2.1151242,0.03749545,1
-1.2567477,0.1042141,2
3.0920212,3.2415373,3
1.3977203,-1.3736768,1
-1.3240312,1.7221466,2
-0.7511523,3.3590293,2
-0.13811369,1.98225,2
1.0523411,1.1143874,2
0.8456966,-1.7254771,1
2.123314,-1.8363738,1
-0.05137031,-1.464098,0
-0.33193812,0.06385237,2
-1.6025438,0.057828076,2
-0.0484894,-0.3434642,0
0.0130796265,1.0064247,2
-1.6642126,-3.313829,0
5.2616024,-1.3542895,3
-1.6522174,0.4978057,2
-0.96253574,0.2087489,2
-1.2603102,-1.2905512,0
-1.570307,1.9353592,2
1.673152,0.38161826,1
-0.6271329,-0.9739162,0
2.7811747,4.054455,1
0.17962104,2.7547388,2
-0.97857183,1.0231029,2
-1.5448925,-1.0372336,0
3.132097,-1.8091124,1
-1.5356226,3.230795,2
-1.1341614,-0.69194937,0
0.6674311,0.62382066,2
-0.1508353,1.654993,2
2.5208623,2.3047705,3
8.588892,-0.6695962,1
-1.1512314,7.726211,2
1.7142404,-1.2664493,1
-0.107726425,1.0801582,2
0.4208903,-0.6799379,1
-1.4733325,-0.05603154,2
-0.762526,0.94549954,2
-1.9421059,-0.60347587,0
2.9973013,2.4676862,3
1.1709504,0.4940139,1
-1.5978782,-1.0727608,0
-0.49615297,-1.1709285,0
-0.5330693,-1.2774864,0
-0.05266938,2.47904,4
-1.6320915,0.72702223,2
0.37069926,-1.576437,0
-0.50625217,-1.7031049,0
0.4425939,-1.3277494,1
-0.5963395,2.1070316,2
-1.6783469,-0.7173496,0
-1.2123036,0.018351987,2
-0.33825725,2.6328857,2
2.5038245,1.8323841,3
-0.6003719,-0.7776753,0
1.7024295,0.45834756,1
-1.4867481,0.9634726,2
-1.8351463,2.9703166,2
-1.125319,-1.4961009,0
0.6471495,-2.2724123,0
-2.0872176,1.3794606,2
4.408495,-0.023921965,3
-0.33116406,-2.1568284,0
-1.3742579,0.56818926,2
4.422322,3.064513,3
0.4870355,-1.4503282,1
-0.08376221,0.912454,1
-0.059741084,-1.2515321,0
-0.2671948,0.79165715,2
-0.3595564,0.46552104,2
-1.6410376,-1.75477,0
4.0018044,0.5911508,3
4.270086,-2.541839,3
-0.29973015,-1.0317721,0
2.4444954,-0.9970185,3
1.1786678,-3.6590087,0
-1.3931808,-2.4654071,0
0.46544275,2.4827383,2
-0.20982383,-2.9916613,0
-1.4204273,2.023978,2
-0.33402702,-2.2232294,0
-0.97078884,-2.211711,0
3.018746,0.75373906,3
-3.6494718,6.858871,2
-0.7982446,-0.26555848,0
0.9189861,3.6660316,2
-1.4550314,0.97562903,2
-1.1588823,0.102385476,2
0.25669265,-1.2856773,0
-0.5238864,0.7065321,2
2.4100676,-1.5226291,3
-1.4828885,0.16496983,2
-1.060629,-2.3105164,0
-1.7906528,3.697429,2
0.46849152,1.2700115,2
-1.277159,-3.067465,0
-1.4095664,-3.3924663,0
-0.095562056,-1.6595327,0
2.61263,2.1181695,3
-0.45320973,-2.122508,0
-1.2821344,-1.6997904,0
-1.3169652,0.30023897,2
1.8980536,0.21699706,3
0.8095527,-0.84849054,1
-1.4223964,-0.18784553,0
-1.86499,2.0992265,2
3.8786547,-0.38210052,3
5.200692,0.8208479,3
-1.2085905,-0.14770211,0
-0.122953594,0.93504614,2
-1.5101748,0.18738306,2
0.6130496,-2.9241266,0
2.876847,-0.65872097,3
-1.3953104,0.31287956,2
0.32086912,2.8205364,2
1.2051253,1.8378901,3
-0.62451756,-0.61994916,4
-0.9668334,-1.4292536,0
4.0628076,0.3278094,3
1.2777905,-1.4133354,3
-1.000653,0.78207564,2
1.2683964,-0.9692347,1
-0.5036058,1.425926,2
-1.8957913,3.6241245,2
-0.6574604,1.8559182,2
-0.32000604,-0.6359512,0
-0.7174534,-0.3582297,0
-1.5615073,1.8910545,2
0.7314382,-0.5019779,1
-1.0964259,-1.4342983,0
-0.955878,-1.4940975,0
-1.0232663,2.6068501,2
-1.6906731,0.96955925,2
0.16656265,-1.4190328,0
3.9599707,-1.0935204,3
-1.3460575,-0.71171993,0
2.8131657,1.6677735,3
-0.776256,0.651043,2
-1.6652533,0.25720394,2
0.5252179,-3.9308357,0
-1.660982,2.1139388,2
-1.0859642,-0.4215247,0
-1.562729,1.0381049,2
-2.4726458,-1.6328669,0
0.23711146,-3.4024773,0
4.365615,1.6347599,3
-1.748371,2.6495087,2
-0.74150807,2.0574493,2
1.5964595,3.3362052,3
-1.9279263,-0.3090011,0
1.1896389,1.0777408,1
-1.7980915,1.5329927,2
1.9937844,-1.48128,1
1.8341986,-1.1187832,3
-2.1710446,0.9223209,2
-1.0462158,-1.7631513,0
-1.2414424,-1.4426639,0
0.071949854,-2.2775488,0
0.30162683,-2.5014794,0
-0.81013966,1.1781142,2
-1.8276031,0.1905683,2
-1.4594225,-1.2956848,0
-1.7979045,-1.3133548,0
4.215585,1.5451698,3
5.943341,2.4643054,3
4.4830585,0.4139247,3
7.0758753,-0.13761896,1
-1.8583642,-0.87740374,0
-0.2614688,1.1618085,2
-1.3505414,1.1688404,2
-1.3901907,-0.33904272,0
-2.2626626,2.9201515,2
2.8608074,-1.399666,3
-1.1270608,2.834517,2
0.0018789944,1.3477513,2
-1.7555033,3.1665952,2
-1.3014803,-0.5735175,0
-0.7453369,0.7258765,2
-0.66900986,3.0285108,2
-0.6873411,1.031211,2
-0.6924467,-2.019615,0
0.77049506,0.50362164,3
-2.5959353,2.3212695,2
-1.7361933,3.9530425,2
0.71622556,-0.21400164,1
1.3289099,0.20482554,1
-0.30130863,1.3713646,2
1.3881402,1.3921689,3
-1.3307811,-0.1087654,0
-0.6443549,-1.9250603,0
-1.558646,-1.5173897,0
0.09748556,-1.2539717,0
-0.45429525,0.406505,2
-2.1366982,4.1915407,2
-0.78497976,0.60462433,2
-1.4314172,-0.22734119,0
-0.32442614,-1.1806345,0
0.54414624,-4.5849695,0
-0.7236406,-2.8152695,0
-1.111195,-2.2993405,0
-1.7977726,-0.6907249,0
0.76227343,1.1869305,1
-0.33621386,0.83951914,2
-0.9873069,-0.33813393,0
1.6551373,-2.094082,1
-1.0857319,-3.7379403,0
-1.1850356,1.8955189,2
-1.1998668,1.0499352,2
-0.54949844,-2.2624066,0
-0.5292984,-0.20163134,2
-1.7232558,1.0244769,2
2.1941533,1.515383,3
-1.1454481,-1.0006835,0
-1.9631152,-1.5422812,0
0.796025,1.7858381,2
-1.6155248,-0.3974973,0
-1.4446313,0.9823145,2
-1.7818831,2.0317066,2
-1.9649673,-1.1779599,0
-2.041157,-0.41896898,0
-0.1990142,-2.92922,0
-1.8391196,1.613691,2
0.19941312,-0.45744294,1
-1.7845354,-1.919488,0
6.969188,0.033467203,3
-2.0619948,0.37991965,2
0.7886987,-2.278505,1
3.3297083,-0.7809237,1
-1.4225702,0.71254927,2
-0.65518767,-1.8990335,0
0.79426223,-0.07931672,3
-0.6586965,-1.3370451,0
3.1704376,0.42528433,3
0.7154973,3.0071223,2
-0.34951973,2.2989082,2
5.0307264,-0.9586075,3
0.63141817,0.26885337,2
1.1366276,-0.47248775,1
2.30769,2.8403282,3
-0.71845025,-3.7834322,0
4.2458534,0.119439274,3
-1.6849086,0.6416615,2
-1.6354963,-1.71326,0
-1.3318341,-1.1613052,0
-1.958726,4.3406596,2
-1.0649785,-2.4099782,0
-1.6562421,-1.2537193,0
-1.1424559,0.9763463,2
-0.93834215,-0.3504144,0
1.261756,0.15734679,3
0.22003219,0.602129,2
1.0591612,-0.21753211,3
-1.4250324,-2.6593268,0
1.4600065,-0.0021978766,1
-1.3714306,-3.1909697,0
-1.5401592,2.4388394,2
-2.0940437,1.3103513,2
-0.6506891,-1.5615218,0
-1.7008119,0.1725768,2
-0.16567753,-0.7044877,0
-1.071196,0.41828305,2
-0.7093776,2.7314634,2
-1.5137395,-0.73550195,0
-1.329335,-0.3638671,0
-1.5791503,0.11562377,2
0.33231607,0.97746354,1
4.985135,-0.40355802,3
-1.9703251,-1.9446943,0
-0.7990265,0.34987134,4
-2.0255744,-2.0447967,0
0.48735306,0.45035058,2
-1.6715281,2.8884542,2
2.2960956,0.6168979,3
2.8161523,1.3653967,3
-1.4585314,-1.852089,0
-1.2692269,-2.95184,0
-1.5219103,-0.33961797,0
5.321067,-3.5799997,3
-1.7021987,0.31104404,2
-2.4092796,2.3945293,2
-1.2678907,1.8685467,2
2.4271653,2.646187,3
-1.3213643,0.76702255,2
-1.7841815,-0.599987,0
0.5351475,-1.5587373,0
-0.5286139,2.7133336,2
-0.60988915,1.0076644,2
5.3043714,0.43827093,3
4.54884,5.1507864,3
-0.54101616,-1.2904432,0
1.3430787,-0.9890148,3
-1.1497821,-0.022787856,0
0.18755953,0.39742172,2
0.95178396,0.58979976,1
1.2148246,3.6821074,2
0.3843266,1.0420845,2
-0.597576,2.054644,2
-1.7694402,4.598464,2
0.74950165,1.9365083,2
-0.4683245,-3.3358765,0
-1.6935399,0.4107477,2
0.33415455,0.09770103,4
-0.5823373,-0.81325924,0
-0.73734313,0.05762154,2
0.54339904,-0.98579234,1
-0.51314974,-1.0640473,0
-1.0637403,-1.2845852,0
1.1392738,-1.1733088,1
0.24656096,-1.8493861,0
-1.1935134,-2.418206,0
-0.8933952,2.606253,2
3.1282566,-2.8127103,3
-1.3024457,0.116523415,0
2.396365,2.0212057,1
-0.5733005,-2.5532596,0
1.3949759,-3.1270504,0
-1.1995406,2.5334876,2
0.50487566,-1.7235508,0
-1.4760242,-2.267875,0
-0.25054654,0.76139295,2
-0.7964188,-2.362087,0
-1.5340283,1.3905679,2
-2.0186412,0.42576563,2
0.02787534,-2.6450787,0
1.4234382,1.667875,3
-1.5694059,-0.69120985,0
3.1484082,3.1358864,3
-1.1590095,3.788757,2
1.0034862,-0.49490237,1
4.7548423,-0.06964451,3
-1.0595117,-1.8287039,0
0.12706672,1.449023,2
2.8370848,3.1601624,3
-1.4508377,0.012808453,0
0.23113841,0.16786681,1
-0.54937357,0.69518876,2
-0.48677152,-0.21769017,2
-0.741774,-1.7696245,0
-0.35919222,-0.39429116,0
0.6019851,4.576741,2
-1.1664097,1.9268602,2
3.536418,-0.66342133,1
1.0929164,1.5130416,3
-0.1600397,-0.7048658,0
-0.4736466,3.3248973,2
0.734452,1.5634654,2
-0.23739074,0.82494986,2
0.65537184,2.6649137,2
-0.5681531,-0.820086,0
-1.748437,-2.1225083,0
-0.039583568,-0.25515187,2
-1.8454905,1.5537888,2
-0.34159914,1.3814058,2
0.11618288,0.4541641,1
2.2527773,1.2450355,3
-0.30323008,0.903349,2
0.14660524,0.66611487,2
2.1162572,-3.9415038,1
-1.4980173,0.25947326,2
1.8925859,-1.7309401,3
-1.0832087,-3.0797882,0
-0.4857538,-2.0238945,0
-1.4023691,-2.714609,0
-1.5416328,-1.8251387,0
-0.80677426,0.42798626,2
3.8402424,0.79666996,3
0.07532108,0.11968945,2
-0.17391361,0.77082473,2
-1.1115632,1.3317792,2
-1.2382247,2.801943,2
2.2598097,-1.4991835,3
-0.3809571,-0.5218891,0
0.7975655,0.87661225,1
-0.65513545,-1.4091347,0
-1.3031232,0.2469034,2
-0.86433464,0.158729,2
1.2187113,0.5393348,3
-0.88365495,-0.73804855,0
0.60721695,-2.5763981,0
1.1849242,2.772339,2
-1.4241986,0.41787446,2
3.6886635,-0.6833891,3
-1.4917274,3.765782,2
-0.72280556,1.7139986,2
1.4359316,-1.0781624,3
-1.3665748,2.0146878,2
3.4354446,1.7165465,3
0.67260784,3.445279,2
0.067089885,1.6824129,2
-0.90448886,-0.85563034,0
-1.8283414,1.1166549,2
0.818378,-0.58130264,4
-1.6441855,1.9314226,2
-1.7139753,3.644678,2
-0.93087375,0.66768324,2
0.3513438,1.1167243,1
-1.2251899,-2.8487232,0
-1.0231822,0.16397631,2
-0.31906375,2.6457593,2
-1.2759964,-0.69088095,0
-1.5782161,-1.2945021,0
-1.1467652,-2.208288,0
-1.2430371,0.41217875,2
-1.4614685,0.12677327,2
2.209484,-2.676635,1
2.0728445,1.2211256,3
-2.1127748,2.205874,2
3.405056,-1.5934287,3
-1.562075,-2.7650442,0
-1.1654223,2.333229,2
-1.0748104,0.48560584,2
-0.43492004,-0.996054,0
-1.6502697,-1.1935207,0
-0.083940655,-1.3440447,0
-0.7033356,1.921273,2
-0.08372882,-3.0977013,0
-0.786105,-0.32655978,0
2.4255219,1.7303619,3
-0.01714839,-2.254154,0
1.5478365,-1.5435098,1
-1.280158,0.18661682,2
-0.39886162,2.081681,2
0.30317408,1.2512875,1
2.8626058,2.0170944,3
3.8610299,1.7966027,3
1.8694485,-1.3298261,1
-1.0384166,-0.0693392,2
1.7067951,-0.9503323,1
-0.66292703,-1.4461913,0
-1.309129,2.426545,2
3.3505902,-0.18816799,1
-0.92729086,-0.6564695,0
5.4633417,-0.7324007,3
2.2132053,0.5102693,3
3.8297753,0.23301278,3
0.99085915,-3.6544662,0
5.164882,1.8777981,3
-0.7969691,1.5791141,2
-1.9652071,1.6555037,2
-0.657056,2.46197,2
-1.2863232,-0.8021899,0
-0.71019965,0.97285897,2
-2.14995,-1.1398114,0
-1.4253695,-1.8118722,0
-0.9412418,0.8763153,2
1.8918417,0.33095902,1
-0.82486695,-1.7626231,0
0.25345513,1.2744691,2
-2.073897,2.4906385,2
-0.91805553,-1.4597081,0
0.5810164,1.0282764,1
-0.31362504,-0.55201423,0
2.6038783,1.7930629,3
-1.6924962,0.9629375,2
4.605479,-2.5849907,3
-1.6304724,-0.10183735,2
-0.9802278,-1.4354211,0
-1.0729665,-1.3392627,0
4.4321685,0.82581025,3
-1.9319437,-1.685002,0
-1.9302117,0.284087,2
-0.3006312,2.0685413,2
-0.11096266,1.6173607,2
-1.5085047,1.6539819,2
-0.34958062,0.29983437,2
-0.6248998,-0.017705785,2
-1.9863425,-0.13528138,0
1.4174105,-2.5143988,1
-1.165798,-2.071366,0
3.5240724,1.6970614,3
0.39782214,0.5106646,1
-0.19900623,-0.3299495,0
-1.5401711,-2.2928302,0
3.8040056,0.6415714,3
0.13307801,-0.31779623,1
3.1072354,-1.9840333,1
-1.1308362,-2.5096264,0
0.16301301,-1.1672635,0
-1.2357295,1.1494312,2
-1.3894562,-1.482585,0
2.0252538,4.603923,3
1.2507901,0.6349084,1
2.5910437,-0.41550112,3
0.3658467,0.21475057,1
1.2177488,3.1816986,2
-0.8862273,-1.5104494,0
1.3607779,0.6794,3
0.11860072,3.770969,2
0.10461497,-0.011549547,2
-0.3125621,-2.7436635,0
-0.016221078,0.74425066,1
-1.0412451,2.0240977,2
0.07359376,-3.0194895,0
-1.058337,-1.850878,0
-0.35426977,0.80508214,2
-0.33795375,4.6375127,2
-0.97533405,3.1478114,2
2.6168728,0.42532194,1
-1.7078904,-1.4699425,0
-0.15875344,-1.6381156,0
-1.7124578,1.1723917,2
-2.290974,4.175296,2
-1.1328588,0.49474734,2
4.8645396,1.3606789,3
1.7545655,-0.80399585,1
-1.1714885,-0.5388207,0
-0.96414304,0.2982914,2
4.0727344,-0.67070365,1
-1.4041924,-6.429851e-05,0
-1.6069393,1.372915,2
-1.1185937,0.7863023,2
-1.4473615,1.1283147,2
-0.5597226,0.26766878,2
3.675684,0.18861721,1
-1.5258204,1.9741564,2
1.0817418,-3.119921,1
-2.6991699,3.4177675,2
0.369148,-1.3868835,0
-0.82851315,2.6761997,2
-0.25479642,-0.6820802,0
-2.2666903,1.0696061,2
0.985067,-1.9281138,1
-1.5778167,2.778011,2
1.0264293,-1.6570743,3
-1.233139,-3.2945445,0
-2.4041517,2.3878715,2
2.6634784,-2.208481,3
3.6941714,2.6146526,3
-0.73244447,-0.8306119,0
-0.8372251,-1.8058124,0
2.8054495,-0.526519,3
1.7459433,-4.919713,0
-1.754616,-0.5383356,0
-1.0095468,-0.50795054,4
-1.0014241,2.4264996,2
-1.6814388,2.8459105,2
3.135249,-1.1845175,1
0.06468906,2.6818225,2
3.2926195,-0.018513855,3
-0.65747994,-1.0432792,0
-2.3322227,2.0460892,2
-0.89146394,4.0748544,2
-1.3701042,0.015512548,0
-1.838012,4.3559103,2
-1.8098613,-0.10385122,0
-0.32190523,-1.4937515,0
-1.9735872,0.46112776,2
1.1328855,-1.4091599,1
-1.7248769,1.8331645,2
0.92965096,-0.14383823,1
-1.3611,0.9997024,2
-0.956139,-1.3614708,0
0.42967495,-0.89680266,1
-1.1532164,1.3653507,2
0.5709226,-2.7829635,0
-0.3764437,-1.2720344,0
-2.1940534,0.86376333,2
-1.7319958,1.9432055,2
-1.3360215,-1.8743845,0
2.3299148,0.08106436,3
-1.229405,0.37629157,2
-0.68843484,0.45529705,2
-1.9670291,-0.40532959,0
-1.7974645,2.1151774,2
-1.5152838,-1.1960944,0
-1.7608556,-2.6210763,0
1.347613,1.1424962,1
1.8195167,-3.3065217,3
-0.6826436,-3.8999012,0
-1.0618224,-2.3531742,0
6.895993,-0.7309532,3
-1.6156976,0.85715896,2
3.117899,-1.953426,1
0.068578035,-0.9191173,1
-1.7073909,0.18584536,2
-0.7627763,-1.1122031,0
0.84745795,0.73166186,3
-1.2804412,2.5381317,2
-0.100786254,-0.48436064,1
-1.8161556,-0.9404354,0
4.4155235,-3.965652,3
-0.39846638,0.34343827,1
0.34145558,1.9706624,2
-0.4156771,-2.0310216,0
-1.70042,0.019171324,2
-1.3987342,-2.7657328,0
-0.54766136,-2.5038362,0
-1.4709554,-2.3040984,0
-1.1517135,1.081563,2
0.06500721,-0.25395483,1
-1.1385455,1.7537634,2
3.5221713,-1.9802536,3
-1.1401627,1.3047823,2
-0.2697471,-1.1950037,0
0.96319467,-0.430646,1
-0.8286076,3.0602472,2
-1.9598911,-0.6272927,0
2.093617,0.9138444,3
-0.9315074,0.9261433,2
-1.208544,1.4834484,2
-1.395033,-1.0061784,0
-2.0833707,1.4835043,2
-0.23820391,-2.0475042,0
3.0944462,4.6624727,3
4.935735,-0.36096323,3
0.21316394,-1.1957031,1
-0.99802136,-0.17712225,0
8.587719,3.3003066,1
-0.63605887,-2.4881647,0
-0.6603776,2.5162375,2
-0.92372334,1.4049368,2
5.1170707,2.0945704,3
-0.27335158,-2.5208967,0
1.5767338,-0.001374349,3
-0.72061825,-1.5928252,0
-0.96416956,-0.56305146,0
-1.2149574,0.9137009,2
-0.7535333,-2.4270809,0
3.44282,5.0360026,3
-0.41998705,1.8631644,2
-0.7381157,-1.6198947,0
2.1437376,2.5934725,3
2.3109202,-1.3886791,3
-1.6182655,0.81184083,2
0.43155476,2.4505203,2
-2.0296533,1.8923379,2
3.4406688,0.31579828,1
-0.90904427,0.70362,2
-1.1551745,-0.5154107,0
-1.6582086,0.06361229,0
-0.9523545,-2.2572844,0
-0.5303878,-0.3909874,0
-0.87936413,-1.4174244,0
-0.50384796,-1.1361166,0
-2.4448292,1.5709465,2
-1.5168902,0.5554429,2
-0.74609524,-0.44223195,0
-0.26202247,0.2762463,2
0.1290684,-1.918746,0
-1.1620376,-1.6358174,0
0.5133754,-1.4673756,1
-0.063085,3.0486631,2
-1.436234,-1.0712292,0
-0.61992216,2.1419752,2
-1.3362056,-2.0057719,0
2.769184,0.6618198,3
-0.10329007,-3.461667,0
-1.1179047,1.0150228,2
-0.55559856,1.9680314,2
0.11642213,0.9532656,1
1.4155443,-2.8210328,1
3.8136904,0.8836078,3
-1.8996445,-0.5590346,0
2.9061887,0.552876,3
-1.9216721,0.84941816,2
3.7207687,-0.044292778,3
-1.517504,-0.15524656,0
3.4272487,0.3630349,3
-1.7305814,-0.010213107,0
-1.9517913,1.5780126,2
2.8930244,-0.2764005,4
-1.0640156,0.5925283,2
-1.3531666,-1.4308945,0
-1.1253488,-1.6218092,0
-1.989966,-0.6045111,0
1.9919977,1.5900636,1
-1.3396641,1.7541854,2
-0.691547,1.7437011,2
-1.947524,3.4733446,2
-1.2080135,-1.7599975,0
1.853213,3.60665,3
-1.4330566,0.24538483,2
-0.4288096,0.7588184,2
2.8539922,-0.06567296,3
3.129782,1.3789895,4
-1.7266192,1.0986311,2
-1.1462165,-0.65777636,0
4.456207,0.67951643,3
-1.2656255,-1.9496481,0
-1.0977598,2.420538,2
-1.9033401,-1.2091678,0
-2.329515,2.9209168,2
-0.8548163,1.4037268,2
-0.42433542,-0.0751368,2
8.1048,1.3570024,3
-1.0887432,0.5661359,2
-1.4706826,0.7561679,2
-1.53743,2.5796626,2
-1.3132336,0.33060688,2
-1.023163,2.2893631,2
2.7331188,-0.13927881,3
-2.1728375,-1.0140873,0
-1.7299939,-0.39440912,0
-2.179499,-2.1854043,0
-1.3424972,1.3653991,2
-1.732412,-0.47335565,4
2.8653007,1.8212612,3
-1.1456126,2.8147235,2
-0.7728639,-0.8166767,0
-1.5244114,-0.3702203,0
2.3139966,-0.23634996,3
2.5422778,1.6051289,3
-0.7682849,0.38332772,2
0.7879319,-2.1205058,0
3.6927125,3.400132,3
-1.524545,-1.1239647,0
-0.84905404,-1.9485366,0
0.34514278,1.7781961,2
0.8200023,1.0660065,1
0.6339004,-1.7989773,1
-1.099434,3.1767595,2
-1.1764946,0.45962226,2
1.4202216,2.1418438,1
-1.8764358,1.9869077,2
-2.1123807,-2.7520468,0
1.5115503,0.26963037,1
-1.3918695,0.5588661,2
-0.8273446,1.7043337,2
0.20396073,-0.95478785,0
1.0318458,1.9681368,1
5.088736,1.9034455,3
-1.2994167,-0.02203368,2
-1.3794943,2.8100085,2
-0.8850248,-0.8048447,0
-0.89727026,1.8065,2
-0.4637478,-1.28406,0
-0.6832658,1.5755268,2
1.6536188,1.2843441,3
2.8785224,1.5764236,3
-0.89873415,-0.81070644,0
-1.7236669,1.3861076,2
-1.7544444,2.2924023,2
5.642704,1.9986482,4
-1.5902154,-1.2660823,0
0.47902226,1.1636847,2
-1.7607934,-1.2853215,0
-1.3723727,-1.6836656,0
-0.7270524,-2.9709945,0
-2.2075708,4.8608837,2
-1.7841991,1.2684318,2
0.8242843,1.0685623,1
0.9175794,2.409337,1
-0.90390736,-2.042639,0
-1.6582717,2.2244399,2
-0.81544465,1.7620412,2
-0.6682065,-0.7724905,0
1.5491784,1.9611626,3
-2.5498667,1.7853843,2
2.6317313,1.2510883,1
-1.4877558,2.4663055,2
-1.5002894,0.72618204,2
-1.3101462,2.031542,2
-0.43191543,1.9866331,2
-1.4717205,-0.93788433,0
-1.4535478,0.05094756,2
-1.2021455,-0.027667,2
-1.7452877,-0.44808924,0
-1.5996008,-1.3616539,0
-1.0019313,-2.7140121,0
-1.6530623,-0.061150715,2
-0.40339792,1.7029144,2
3.385412,2.5765333,3
-0.13324739,-1.8282688,0
3.74646,-0.2719401,3
3.8042812,1.8951542,3
8.942166,-2.4667609,1
1.6293561,1.2572271,3
1.6295061,-1.4042711,3
-1.4984775,1.0386873,2
0.2194921,-2.78099,0
-0.5127672,1.4063675,2
3.2397606,-0.40550137,3
0.5589295,4.3041534,2
1.7485404,1.245492,3
2.5628912,2.7557387,3
-2.4653528,-2.2661803,0
-0.2861816,-2.6872919,0
-0.46918222,0.34010684,2
-1.622103,-1.4390292,0
2.1184535,0.35306305,3
2.57429,1.6981964,3
-1.0061682,0.79099095,2
-0.4883295,-0.6435715,0
-1.3478574,-2.0999339,0
2.7218132,-1.6663792,1
-1.6968096,0.05657281,2
0.9551398,-1.9613321,1
-1.3856794,-1.1442044,0
-1.1623796,-0.12087483,2
-0.5724378,0.41930848,2
-1.6220443,-2.6668346,0
1.3855796,-4.320607,0
-0.7186384,0.7131802,2
-1.9213972,-1.6149442,0
0.5032735,-1.5185038,1
2.868699,1.5520785,3
-0.1228135,2.1027818,2
-0.11973629,0.1386956,1
2.628799,-0.60973555,3
-1.8640063,2.9611483,2
-1.8875613,1.6654993,2
-1.5717461,3.0986686,2
5.1590195,-0.13442104,3
2.8589823,1.4514561,3
-1.483476,1.2482522,2
-1.1000856,1.4894952,2
-0.8009625,-1.2443184,0
0.11402446,-0.76266533,1
-1.2055117,3.2250817,2
-0.6691941,-2.9316692,0
-1.2274123,-0.39642596,0
-0.2972697,-2.1448903,0
-0.7829986,-1.1179705,0
-0.22553638,0.36386454,2
-0.888943,1.4876701,2
-2.4558518,4.4062366,2
0.7303384,4.4403954,2
-0.5587793,-1.5520712,0
-0.87148964,0.2870708,2
-1.0241089,-2.1894536,0
0.5291471,-1.1516327,0
-1.2722251,-1.8237109,0
-0.6555665,-2.2606847,0
1.0224293,-0.28620172,1
-0.3037107,-1.2783948,0
-2.3995159,0.20925647,2
2.6586337,-1.3129027,3
1.9988792,1.1410263,1
0.27008864,-0.17371781,0
1.4388436,0.8117682,3
-1.3523843,-0.15114291,2
-0.7688262,1.17045,2
1.2185382,-0.77234435,1
-1.1101773,-2.6056192,0
-0.7889841,-1.1422604,0
-0.6832879,-1.5524939,0
-0.4786782,-0.35798597,0
3.525923,-0.46487218,3
6.1634555,2.2481523,3
-1.7453825,-1.9078522,0
1.5145617,-0.7870684,1
1.0609812,0.12366672,1
-1.4531629,-1.886939,0
-2.2909298,-0.18289481,0
3.881511,-0.054414198,3
-1.2377304,-0.44386053,0
-1.636866,1.1160287,2
-0.9826895,0.49164283,2
1.4893774,-1.1081188,1
-0.3132233,-1.4788524,0
-0.9353299,-2.0052617,0
1.4318395,-2.7302887,0
-0.58310527,1.633493,2
-0.5316116,-2.261646,0
-0.1685912,0.3621602,2
1.8398855,-2.8014834,1
4.919498,2.4737103,3
2.868542,-0.18957405,1
-1.1768436,-3.2560802,0
-1.6040916,3.0044072,2
-1.4012291,-0.8332836,0
-0.5638261,-0.034020253,0
-1.1205844,-1.7483457,0
-1.5815909,-1.8310654,0
0.32479823,-0.092427485,1
-1.3858318,-1.4313437,0
-1.6262114,1.8260647,2
4.3609815,-0.74527806,3
-0.87320083,-1.146025,0
-1.5353007,0.355528,2
5.1628637,1.4305034,1
0.81033677,0.70931065,3
1.4360815,0.460927,1
-0.13210341,0.26606315,2
4.1726513,0.3400017,3
0.81532484,-0.0035376083,1
-1.6929662,1.8078604,2
0.33270904,1.1632049,2
0.053478144,-0.07991639,2
-0.5338177,3.5444746,2
2.4037611,1.5341456,1
-1.45389,1.42202,2
-1.7250408,-0.13279042,0
-0.6919753,-1.7804586,0
2.1607969,-0.56665313,3
-0.9157612,2.0497482,2
4.5355306,0.6512626,3
-1.3373636,0.5269446,2
-0.0014449095,-0.07484482,2
-2.1851373,3.3733315,2
0.031092135,0.41336638,1
-0.45300588,-2.0805,0
-2.3116617,4.855218,2
-1.5509057,-2.519032,0
-0.7209859,1.0810034,2
1.7926168,-0.3039692,1
-2.5927646,3.2463946,2
-1.133779,4.133786,2
-1.7038953,2.8833168,2
0.022497356,2.082155,2
-0.2568481,-1.9364461,0
-0.8475651,-0.659334,0
-1.0786549,0.6826881,2
3.8793337,-1.4717155,1
-0.74503607,0.23505704,2
-0.57069284,2.361503,2
0.57091403,-0.25268847,1
0.4151174,-1.531111,1
-1.4343177,-1.6355722,0
2.2868826,1.2775638,3
-1.641903,2.50566,2
-1.6337681,0.9066545,2
-0.84459925,-1.3463446,0
0.2814223,-0.8670737,1
3.8786407,0.58130085,3
4.77198,-3.2136142,1
1.9427657,-0.2918275,1
2.8221445,1.515718,3
4.4799333,-3.0580192,3
7.000409,3.3787224,3
1.059857,-2.2692077,1
-1.2782204,-0.07124491,2
-2.7332323,3.925234,2
-0.9854012,-0.6970636,0
-1.433637,1.3728731,2
-1.0130823,-1.7801994,0
3.2538996,0.29968846,3
1.2332574,-1.5726961,1
-1.9031775,-1.7160308,0
3.0594735,0.75924236,3
2.4156904,-2.599017,1
-0.31571037,-0.25967515,0
-0.628816,3.2091753,2
2.3623512,3.621666,3
-0.83986664,1.4767538,2
-1.7090944,1.4644415,2
0.2550166,-2.239014,0
-1.079692,-0.9166902,0
0.6055723,-1.6441045,1
-1.8866408,3.8180325,2
-1.1175054,-0.9239164,0
-1.7833517,-0.9264809,0
-0.91794986,-1.4639732,0
4.711541,-1.0957494,3
1.2245574,0.64432496,1
-0.55595154,-1.731279,0
0.08747514,2.7772567,2
-0.8587646,2.2307222,2
-2.737124,2.1167338,2
-0.6508722,-0.713842,0
7.0150867,1.1470591,1
-1.3822291,-2.0361028,0
1.0808661,-2.4386313,1
0.37811407,3.5596569,2
3.504713,0.09531739,3
-1.5618597,2.6954188,2
-2.1020925,5.573872,2
3.391691,0.13180165,4
0.3564691,-3.3199883,0
-1.063427,0.24858291,2
4.69936,1.3231148,3
2.192595,-2.6629004,3
-0.84471864,-0.9124333,0
-0.29531857,-4.4260235,0
-1.8294028,1.9698608,2
-1.8855925,2.07289,2
0.52318573,-0.11567616,1
-0.5246599,-2.4549015,0
1.3278179,-1.3600476,3
0.55461687,-1.0716059,1
-1.3495513,-2.1579974,0
-0.18681921,0.9795174,2
-0.5684456,-1.1375834,0
0.3489167,-0.084981516,1
-1.6575648,-1.87526,0
-0.9928794,-0.8817957,0
-1.5334699,-1.9570271,0
-1.0184877,1.1894854,2
1.9030979,2.094477,3
-1.8249519,-0.67401636,0
0.6339623,-2.103241,1
-0.8426377,-1.0793915,0
-0.46410298,1.4774241,2
-0.5053282,0.08282621,2
3.5234172,1.4950488,3
-2.8644052,3.6658642,2
-2.1286716,2.602814,2
-0.71638894,1.1511292,2
-1.7308018,0.55463964,2
0.88022524,-1.7523444,1
-1.2669244,0.21165374,2
4.4473467,-1.6683618,3
-1.4596636,1.1105587,2
-0.8356136,0.5834154,2
0.2359963,-0.34680986,1
-1.3347199,-0.33355975,0
0.26560745,-1.8107555,0
-0.11856443,0.7836967,2
-1.668434,-2.1253042,0
0.9394755,-1.2388271,1
-1.1851201,-0.5719563,0
-0.93528605,-0.39319938,0
-1.1425663,-0.6182391,0
5.317712,1.369115,3
-1.04758,2.7410796,2
-0.8791554,-1.3088412,0
-0.52782077,-0.30213338,0
-1.0859159,-0.4126057,0
-0.68152267,-0.6736286,0
-0.6539296,1.2688131,2
6.8249407,-0.90590525,3
0.62097305,-2.5295753,1
-2.1048017,0.057597786,2
0.11567517,-0.4732589,1
0.7975972,0.4484762,1
-0.8535092,0.77310294,2
-0.22678809,2.0821526,2
-1.3006175,-1.8218787,0
-0.3947332,1.3747805,2
-1.7040743,1.0382477,2
-1.3996139,-0.15554202,0
3.6364582,-2.612478,3
-2.0051417,-0.50075406,0
-2.6931489,4.318978,2
-1.2636372,0.43270266,2
-0.34215707,-3.204294,0
-0.1564543,-0.083408654,2
-1.1401172,-0.5681001,0
-1.7892692,-0.76003087,0
7.944263,1.4290814,3
0.30392528,2.1172428,2
-1.2994088,2.8645644,2
-1.2216454,-0.89690405,0
-0.31573674,-0.5206012,0
3.3015833,2.1988106,1
-1.4487883,0.65146035,2
-0.99777913,0.5295776,2
5.3590302,-1.291989,1
0.98751724,0.6644978,1
-1.3477175,0.049528435,2
2.823595,2.3368065,3
-1.7734084,0.51953703,2
-0.97344774,0.18273471,2
-1.6912279,1.2158128,2
-1.9720652,3.5985816,2
-0.68687385,-3.017173,0
-1.3107154,-1.8052323,0
0.35406357,-1.4928783,0
-0.5142603,-2.084969,0
-0.74092114,-1.0343344,0
-0.42449692,-0.051275544,0
0.31554195,1.1365418,1
-1.501215,1.5510337,2
-0.6854482,-1.8448019,0
2.8259492,0.66984767,3
-0.49683914,0.7308885,2
-0.10051605,-1.1651934,0
-0.9689439,-2.0554197,0
-0.14407156,-4.720825,0
-0.634967,2.48703,2
-1.4522859,-1.0426092,0
0.033448804,-0.56101125,0
-0.9629782,1.5261552,2
-0.15289447,-2.8063676,4
0.035036292,-0.25691277,0
-1.866348,0.89017457,2
0.8222284,0.5201794,1
4.7237115,3.2842867,3
4.9528756,-2.601513,3
-2.3575034,0.16133992,0
1.5787156,-0.66404057,1
-1.0188938,-1.5360376,0
1.8804083,1.4522003,3
2.103334,0.7387297,3
0.46744338,0.057381354,1
-1.6974548,-1.0328288,0
-1.8985212,2.8029733,2
0.52884036,0.30437618,1
-1.1554054,-3.222203,0
-1.265581,-0.29802698,0
-0.79827243,-0.04919421,0
3.7105918,-1.2295234,3
-1.6686649,2.302001,2
0.43592635,-4.466489,0
-1.5462284,-0.55256426,0
-1.0143496,0.37136173,2
-1.9050503,2.3359349,2
-1.664736,0.9859907,2
-0.2927847,-3.1087222,0
-2.2094371,0.78028834,2
0.0067185443,3.1078985,2
-0.58131886,0.6182527,2
-0.708684,-0.6837681,0
-0.6616402,-2.0818155,0
-0.7457416,-0.45880026,0
-0.7765597,-1.6087711,0
-0.1360931,0.971762,2
0.5546815,-1.5285928,0
-0.25712398,-3.2930176,0
3.689025,-2.919414,3
-1.362664,1.8242426,2
-1.5918859,-1.1607555,0
-1.0736423,2.1663933,2
-1.0038569,0.99501806,2
0.51382625,0.6667138,2
3.7779212,-0.055708855,1
0.6428413,-1.3067445,4
-1.8639446,-1.2931062,0
-1.899364,-0.003028497,0
1.2229513,-1.0312634,1
-1.2286788,1.8212937,2
1.8591573,2.0874794,3
-0.93796504,-0.41034156,0
0.15531686,-0.5218977,1
-1.8233422,0.5508445,2
0.77413726,-0.051209852,0
4.0395846,2.3014376,3
-1.9365759,0.89979106,2
-1.6257926,0.8593603,2
2.961235,0.66651636,3
1.0587869,1.579371,1
1.9998443,0.47101194,3
-1.6777873,2.8706672,2
1.1783593,0.12398155,1
-1.2195799,-1.5781823,0
-1.0767871,2.03231,2
-1.4517967,2.4289439,2
0.13132036,-1.4544657,0
-0.9524816,0.9646893,2
-1.4787815,2.9998252,2
-0.42039517,0.56241703,2
0.32129318,0.8978176,2
-0.14405644,-1.2078185,0
0.31981313,0.45924753,1
0.25262436,0.024563685,1
-1.0157632,0.3515358,2
-1.5890083,2.275913,2
-0.32091245,-0.94896936,0
-1.1322954,2.4017167,2
-1.2947228,0.23254596,2
-0.1981468,1.8879125,2
-1.6542842,0.80423045,2
1.3756413,-0.46812314,4
-0.50474995,-1.2932212,0
-1.039988,3.4022098,2
-0.8204245,2.933458,2
2.417371,1.3466699,3
1.3134638,2.62565,3
-1.9077051,-1.4367518,0
-0.8147196,-0.44990033,0
-1.7306311,-2.4832227,0
-1.3928686,3.0296452,2
-0.9915214,-1.5540252,0
-0.87202734,-1.3307334,0
-0.52778226,-1.2178233,0
6.668092,-1.6568547,3
-0.43647376,1.2417132,2
0.048469465,2.0430973,2
2.911143,-1.2376776,1
-0.94808495,0.48176003,2
1.1930833,-1.9091114,1
-1.2245162,0.1383338,2
-1.2433457,0.19030716,2
-1.9887543,0.777594,2
-0.9861397,-1.2662399,0
-1.3288532,-0.6188578,0
-1.5566194,-2.019334,0
-1.7713153,-2.4119475,0
-1.1317053,-2.9145653,0
2.9747941,-2.5132358,3
-1.0793866,-0.6774396,0
-2.1235409,1.7511564,2
-0.64762706,1.3731085,2
-0.07184386,-0.5491473,0
-1.9807434,1.1176881,2
1.5702478,-0.15088789,3
-1.5827532,-2.4838645,0
-1.8516263,1.7686108,2
6.2096562,2.7735822,3
2.9535956,-0.6261782,1
-0.3540664,-3.40406,0
-1.1318506,-1.5934684,0
-1.1446114,0.7703025,2
-1.7541032,-4.074557,0
0.85420245,-0.14616407,1
-0.05385553,-2.827665,0
2.708117,2.4443698,3
-1.1063464,-2.5683043,0
-0.86235535,-1.0366929,0
-1.0714611,2.4537182,2
0.41486904,0.3990376,2
-0.15951872,2.2362275,2
-0.6999657,-0.53909963,0
-1.3555186,-3.112387,0
0.9350333,-2.5724728,0
-0.5064204,-1.4454501,0
-1.8048992,-1.1860306,0
-0.5050821,-1.5645813,0
0.6885614,-0.82611126,1
1.1938407,-0.33911967,1
-1.1081591,1.7852697,2
-0.78599775,-1.8750432,0
-1.5500616,1.9208506,2
1.4476405,1.4813098,3
0.34321183,1.4346856,2
-1.2136297,0.5099633,2
0.4153846,0.81922424,2
0.6018743,2.6359274,2
-0.5914016,-1.5824364,0
-2.0661132,1.231697,2
-0.556058,-1.6488432,0
0.04231045,-0.48727065,0
-0.32683885,-1.3359787,0
-0.5270668,-0.35487705,0
2.8870063,-0.38613993,1
-1.357091,1.1607578,2
4.6980796,2.016845,3
2.0677412,2.0130079,3
4.1084723,-1.0145912,3
-1.2093363,1.1368845,2
1.192561,1.2775453,1
2.8611279,-1.4880142,1
0.34354633,-1.3107544,1
-0.12975657,0.44561064,2
-0.3008413,-1.2340494,0
2.6675491,-0.21941373,3
0.07909003,-1.1524795,0
-0.7808746,-2.485139,0
6.4761577,0.26710755,3
-1.9765201,3.9116287,2
5.1524696,4.0721836,3
2.2164721,2.8848867,3
-0.087546356,-1.0302505,0
-1.0073608,1.794095,2
-2.1745226,0.39771783,2
-1.6072776,-0.23465578,0
0.018264143,1.5684761,2
-1.0728781,-3.2346413,0
4.0326934,-2.7110984,3
-1.4410387,-2.1021047,0
2.136392,3.7202163,1
-1.9046674,0.81143636,2
-0.6341883,-1.8351682,0
-1.9850388,2.8493862,2
-1.3017403,-0.67458296,0
-0.6808387,-2.68643,0
-1.909376,2.3625028,2
-0.038974065,0.33480853,2
-1.6683773,0.7080342,2
-1.202627,0.97700053,2
-1.663497,1.3324069,2
5.8682246,-0.71877396,3
2.7931695,-0.13439187,3
2.6621091,-0.88122535,4
-1.2758075,-1.2058684,0
0.92078906,-2.3453193,1
-1.1904434,0.50748307,2
-1.4199475,-0.20573808,0
-1.5381569,0.5085329,2
1.3551548,-1.291208,1
-1.0043763,-3.0204525,0
1.0024971,2.2711177,1
-1.2910058,1.4729038,2
-1.2310729,-1.5568058,0
-1.349717,0.61228555,2
-0.6267815,-3.1053388,0
3.7368312,-1.9136071,3
-0.5444509,0.49984574,2
-0.3350937,1.8122541,2
-1.5674956,-0.033726767,2
3.6616578,3.7650554,3
0.6164929,-2.111669,0
0.21547621,0.43328518,2
-2.0364783,-0.3393277,0
0.07361,2.0450137,2
1.6553794,1.4739554,1
1.7130821,1.6637962,3
0.08590349,0.6884143,1
1.2106028,-0.96040744,1
0.6121021,-1.9383337,1
-0.35307315,0.8563332,2
-1.5474769,1.2490218,2
-0.11853258,0.9131885,2
-0.20615724,0.6473462,2
-0.09459967,0.49105716,2
0.0726661,-1.9419714,0
-2.5820541,4.9294996,2
-2.1352375,-0.86867225,0
3.0779564,2.0228708,3
-1.2326046,-0.37582606,0
4.3712306,3.0579295,3
2.231077,3.3590572,3
0.7254396,-0.17368665,1
0.053385206,0.53677666,2
1.6949595,-0.5301844,1
-0.6581829,-1.053701,0
-0.6514474,-0.8248261,0
1.1003475,-0.9709614,1
5.3211284,-0.31122136,3
-0.6106799,-0.12910321,0
-0.21329054,-1.9370885,0
0.015201827,0.6001996,2
0.64931583,-1.544891,1
-1.7651303,-1.0040712,0
3.0383527,-1.8134577,3
0.74569225,0.16729864,2
3.5405471,-0.53808445,3
0.1755572,-1.5202438,0
1.2174573,0.21712077,1
-0.4062322,-0.87043184,0
-0.11731856,3.7404733,2
-1.4121534,-1.5285037,0
0.21022864,-2.9958618,0
-0.56302387,0.2837,2
-0.42938748,0.3145938,2
-0.82994765,-1.4986423,0
-1.3869033,1.7438316,2
-0.28961942,-0.81835186,0
-1.7010546,-0.704251,0
-0.43964824,-4.4748974,0
-2.0557673,-1.6612216,0
-1.3359727,1.3669971,2
3.7153635,-0.6773665,3
0.3161546,0.5601102,2
-1.5947702,1.1689501,2
1.3026412,-1.5128394,4
-0.08667007,1.84472,2
0.86491466,-1.2379259,1
-1.6604056,2.360941,2
-1.7294853,-2.982157,0
-0.12645969,1.340103,2
0.35356534,2.3730905,2
-0.1409743,0.21172683,2
-1.6362604,1.1324027,2
-1.0413971,1.6469264,2
-0.35560825,2.9797244,2
1.2984673,1.1352186,2
-0.7090777,-3.5324044,0
-2.4035869,2.7462802,2
-1.1585946,-2.706909,0
-0.87573916,3.122174,2
5.0191116,1.2300618,3
-1.3151551,0.58556217,2
0.30170658,0.3159805,1
-1.4833587,1.0701308,2
-1.6322829,2.2541974,2
-0.31770825,-2.2201352,0
-1.8018668,0.6221421,2
-0.44139373,-3.148167,0
4.099027,-2.5018945,3
5.0416903,1.3649659,1
-0.78979,0.022115096,2
-1.394084,0.47124904,2
2.530884,2.4976003,3
-1.2107136,0.2833445,2
-0.21933132,-2.087697,0
-1.9382241,-1.5196801,0
-1.5628126,3.0282514,2
-1.7237575,0.80996186,2
3.2016084,0.243125,3
1.0329239,1.200567,1
-1.2061946,-0.49189246,0
2.3949041,0.7442247,3
-1.2706391,-3.4977648,0
-0.15102059,-2.2483318,0
-1.5538898,-2.82627,0
-0.94375575,-0.5895408,0
-0.03829155,5.421059,2
1.3541948,0.8051524,1
4.945213,3.1254787,3
-1.469983,0.43191475,2
0.20889668,0.7023032,1
-0.18585443,1.1565754,2
-1.0366911,-2.8454723,0
4.5979414,-0.39896935,3
2.2916284,1.6114028,3
-1.9063388,3.2463136,2
-1.2935481,-1.461435,0
-0.5971121,-1.5796732,0
2.1407354,0.68468416,3
-1.4941511,0.21147816,2
-1.5331979,-0.17997567,0
0.0588442,-0.7097337,0
-1.3493948,-2.8812878,0
-1.8806186,0.66477627,2
-1.9206074,-0.44051343,0
-1.1624131,-0.1458879,2
4.6595483,-1.2084299,3
0.047896482,0.84500676,2
-0.19428244,-0.9838243,0
-1.0405898,-3.0905182,0
3.5846665,1.503135,3
3.1403258,0.089918874,3
-1.2023516,-0.6255021,0
-1.3792982,0.2683378,2
-0.10869837,-0.20605054,0
-0.5269262,1.3248717,2
1.7407844,-3.1364672,1
7.204302,-0.0323174,3
2.7186663,-0.64522165,3
2.1502707,-1.1415693,3
-1.7817866,0.41629153,2
-1.3884387,-3.718767,0
-0.084068716,0.20459767,2
-1.066529,2.4402416,2
1.1410967,1.2410553,1
-0.7706463,-0.8888431,0
-1.6581359,-0.45905554,0
0.08743926,-0.3421629,0
-2.0914993,1.8385282,2
0.34832785,0.42770314,1
1.058762,-1.7945433,1
1.8074609,1.8748674,3
-1.20393,-0.51907223,0
-0.8193534,-0.10313335,0
1.052639,1.6836505,1
-0.7343244,-0.37323302,0
-0.680923,-1.298945,0
0.5834144,0.14474629,1
-0.34178802,0.3205539,2
1.7014216,1.3174796,1
-1.8988595,0.06229563,2
0.052114602,1.0542665,2
-1.9414898,-2.8131454,0
-1.798279,0.9342914,2
-1.5292419,-0.0012356695,2
3.458391,1.7964745,4
1.983237,-1.2531923,4
-2.011363,2.419168,2
0.70184004,-0.83915776,0
0.40357223,-0.56107104,1
0.99937767,1.1687629,2
-1.7182773,-0.3176428,0
-0.45266935,0.0529614,2
-1.6691206,0.73869485,2
-1.2623502,1.8993433,2
2.1501462,-4.868506,1
-0.08131813,-2.1624315,0
0.39446935,-0.9062582,1
1.0743783,0.24354823,1
1.940307,0.439205,4
-1.389295,-0.30874932,0
-1.2154506,-1.520473,0
-1.1918453,-1.6683892,0
-1.5256513,4.1878285,2
1.1768959,-1.0741115,1
-0.53681046,-1.1429918,0
6.915825,-2.335832,1
-1.1333448,-1.2733783,0
-0.45678547,-0.64149827,0
4.506002,-0.85095847,3
-1.4023638,2.6787715,2
5.9176197,-0.86369556,3
-0.8195579,2.1127377,2
-1.3570366,1.4790694,2
-1.6731701,0.11979681,2
-1.2724206,1.2942129,2
0.3242978,-1.3931992,0
0.7545581,-0.07850534,1
-0.3134745,0.86666614,2
0.5414656,-1.2449838,1
-0.98580945,0.61264855,2
-0.8967948,-3.3886342,0
2.7561164,2.2604237,3
0.58111763,-0.2979046,1
-0.5851766,1.1656772,2
-1.0100093,-2.2791238,0
2.853236,0.111274555,3
3.1353772,0.3996837,3
0.6915343,-2.0281672,0
-1.1689017,1.838331,2
-1.3942401,-0.9104051,0
0.22809759,2.8530943,2
1.2663397,-0.34264547,0
-0.23995712,-0.19671549,2
-0.7209724,-1.7997527,0
-0.5584067,-0.23336267,0
-1.4237287,-0.5514459,0
-1.367444,-0.10328132,0
-0.2022658,2.2587154,2
-1.7738421,-4.362487,0
-2.3699417,4.747805,2
-1.2669698,-1.7027211,0
7.126921,0.3320552,1
-0.4472942,0.39591157,2
3.4372928,-0.66809094,1
0.46150616,-2.5461323,0
-1.725307,1.6898675,2
-1.7324078,0.7017485,2
3.8590846,-2.0905943,3
9.391992e-05,-1.7550054,0
-1.2176542,-0.86876893,0
-1.8086257,-0.20836087,0
-1.9686232,-1.8096744,0
-1.02376,-2.4349644,0
-0.1892366,0.39743537,2
0.82590073,0.13587724,1
3.503236,-0.1434501,1
-1.3818579,-0.03381048,0
-1.8177187,-2.8294556,0
3.9758797,2.802584,3
-0.72114754,-0.1983684,2
0.65370035,0.16056488,3
-0.8545398,-4.039793,0
-1.4603788,2.3337314,2
-1.622836,-0.8151341,0
5.096695,-1.3156968,3
-0.18881005,-1.3641064,0
-2.1005545,-1.9927334,0
-1.0664825,-4.2788854,0
0.6163331,2.6255205,2
-0.11315302,-0.45827907,0
4.45836,-0.19327079,3
-3.4589577,2.794279,2
1.183093,4.9155183,3
-1.6516864,3.2422595,2
-0.530766,0.6965763,2
2.66491,-0.8776326,1
0.43015605,-1.3124411,1
-0.0016670434,1.9997578,2
0.29555583,-1.517062,0
-0.8792102,1.4961654,4
-0.64693534,-2.7595952,0
-0.47368094,-2.2686174,0
1.449045,-1.3148564,1
2.3130796,1.1744788,3
-1.1087164,-2.300879,0
-0.6815873,0.27497154,2
0.04205544,-0.6549215,0
-1.764266,0.040936172,2
-1.4516315,1.8520318,2
-0.32922855,-0.3264522,0
-1.5011004,-0.72213435,0
-1.871591,-1.7300711,0
0.9601329,-0.9932562,1
0.033403277,-0.5755658,0
-1.4270071,-3.4654503,0
-1.3237523,0.0178755,0
-0.97963923,-0.4680162,0
1.7161931,2.0210807,1
3.6417081,2.336374,3
3.9172893,-0.7448024,3
-0.46371272,1.4795575,2
0.026087223,1.8721697,2
-1.3225404,3.8249848,2
-1.6094328,-0.072070435,0
-0.6344824,1.0470707,2
-1.3230356,0.051755145,2
-1.8936317,0.41084456,2
-1.5663085,-2.7511845,0
-2.0159488,4.321926,2
-0.3901384,-1.3617198,0
-1.9910421,1.3145174,2
1.4479668,-0.75050074,3
-0.98304176,0.7204421,2
2.5166862,-0.4861617,3
2.3342416,2.199227,3
-0.96083516,1.6500949,2
1.0175477,0.13405156,1
-1.9848773,1.1735505,2
6.140585,1.5505459,3
2.2276096,1.8103513,3
0.7255847,1.0026096,1
4.431877,-0.69970185,3
2.0050611,-1.3172206,1
-2.3470702,-1.8607438,0
-1.9694822,2.670301,2
-0.5582921,-0.30774397,0
-1.1166152,0.20638295,2
-1.2107426,1.1474862,2
1.9094926,-2.2345443,3
-1.7208076,0.3752979,2
-1.253378,1.7269602,2
-0.52146417,-3.1223505,0
2.7963903,-1.7893384,3
1.0772897,-0.8233126,1
-1.3316734,1.4068176,2
-0.93615,-3.6349614,0
-0.51501846,1.5716014,2
0.049249534,-0.45250666,1
-0.99484426,1.6212779,2
2.2541454,2.870112,1
0.4237738,-0.545867,1
-1.1422099,-0.7717168,0
3.1529934,0.034119055,1
-1.6961952,3.9315984,2
-1.4847159,1.762783,2
-1.1823586,-0.2636327,0
-0.78942895,-2.8737218,0
-1.1171765,1.2222819,2
2.5428658,2.847474,3
-0.9797143,-1.0514096,0
-0.3174059,-0.97520906,0
-0.8957265,-1.6379867,0
-1.2979113,0.686993,2
-0.030078596,3.5330427,2
-0.5436577,-1.1975489,0
0.31209198,0.110898614,1
-1.3935139,2.220951,2
-0.95775265,-0.3845359,0
-0.32807764,-2.3657966,0
-1.1930206,1.591862,2
-1.7009318,-0.8799886,0
-1.6079264,2.0681925,2
-0.9471598,1.3462569,2
-1.4237287,0.32057583,2
-1.482419,0.46769345,2
3.5034223,-0.10552295,1
-0.9702273,3.0044997,2
-1.7605714,0.9723479,2
0.0678113,0.9961125,1
2.5529063,-1.054993,3
0.8469388,0.10123585,1
-2.2857046,2.6081376,2
-0.028024437,1.991463,2
-0.60265374,-0.27629632,0
4.428357,1.5085635,3
4.661322,-0.6386314,3
-1.8844004,-1.5907278,0
-0.4794868,-0.947809,0
-1.1220162,-1.7806777,0
-1.2364721,-1.0728307,0
-1.330818,1.3108932,2
2.8855813,0.90686935,1
-0.99507076,0.9892488,2
0.21201992,-1.8898587,0
4.176863,4.2721677,3
1.4971695,-2.3372908,1
3.3748257,1.4095566,3
4.3822446,0.33810925,3
-1.3095903,-0.17068158,0
0.69257396,3.4710648,2
-1.4143679,-1.4294726,0
-0.18765435,0.6888521,2
4.056237,-2.668853,3
-1.6989106,2.3330514,2
2.8206184,-1.1576111,3
-1.8625652,3.7264056,2
-0.570208,-1.759803,0
2.712615,1.8015043,3
2.3877997,-2.5126278,3
-1.2192686,0.6639354,2
4.442359,-0.8891531,3
0.5705104,-0.5689848,1
-0.88425744,3.430373,2
-1.7043148,3.7408996,2
-1.2249033,-0.09517684,0
2.3376737,2.680567,1
-1.4225116,-3.1677265,0
2.7371469,-1.899338,3
1.7966589,0.68824744,1
3.9375453,2.2398372,3
2.92364,-0.73843944,3
-1.8469934,-1.7423552,0
1.7078046,-1.3747126,3
-0.736504,-3.7154007,0
-1.2417998,-2.22988,0
-0.5622003,0.62651193,2
-1.5483557,-1.3879963,0
-1.3914148,1.6651243,2
-0.051463936,-2.849238,4
2.3581667,-2.6380036,1
3.9468293,3.624162,3
-1.5396913,-0.3160118,0
0.8529487,-0.3941477,1
-1.7603195,-1.2009687,0
1.222475,3.1457171,2
-0.9310121,-1.7220573,0
-0.68103147,-0.62677777,0
0.09920226,-1.8423901,0
0.547455,2.03857,3
-0.7749774,4.0359488,2
2.5426884,1.0750549,3
-1.8210438,3.8983483,2
-2.2788455,1.9838374,2
-1.6149316,-3.156247,0
-1.2657046,2.0041976,2
-1.5260302,1.6252245,2
-0.6083761,-4.493011,0
2.578758,1.059383,1
0.33762372,-4.0709395,0
-2.4601667,2.1923342,2
2.141077,-1.9607949,1
-0.69888043,-1.1440189,0
-1.439318,-1.4374652,0
2.8508081,1.3609753,3
-0.9859953,-2.6317134,0
0.5584414,-1.7258439,0
0.37948492,-1.9605864,0
-0.32633114,-0.80598867,0
-0.9783451,-3.1637285,0
3.6964717,1.3109446,3
4.226802,-1.4609452,3
-1.7890327,2.375295,2
0.5548802,-0.8504048,1
-0.030136691,-1.77115,0
2.1067953,-1.6091752,3
2.209759,-3.3435357,1
-1.5174109,1.1001059,2
-1.1600833,1.042377,2
-1.6980624,1.385131,2
-1.2669914,-1.0274217,0
-2.023857,4.3808784,2
-1.335193,-3.2807941,0
-1.2142832,-3.0796094,0
0.4203197,-1.745136,0
-0.35601586,2.1563513,2
-2.1922395,-1.0170997,0
-1.6870662,-0.32139748,0
2.3625581,1.6551174,3
-1.0278099,-0.60190225,0
-0.81826997,-0.918361,0
-1.2684988,-0.63974345,0
-0.083663955,-1.2652609,0
-0.8191561,3.3274646,2
-0.9207444,1.1169028,2
-2.0558465,1.2446198,2
-1.158357,2.5740519,2
-1.316965,0.39650965,2
3.259724,-1.0967103,3
-2.3827794,-1.0127113,0
-1.5447484,2.0076723,2
-0.5647661,-0.13927883,1
2.9314818,1.6306612,1
-1.5665699,0.92842424,2
-1.3576678,-2.552775,0
0.10942568,-0.32052505,2
-1.4538026,1.3199627,2
-1.6105301,-3.7080915,0
4.3376236,3.0273345,3
-0.2161242,0.017795786,2
-0.6192206,0.14920321,2
1.509346,-0.18234013,1
-0.9760309,0.38825178,2
-0.84063363,1.5289965,2
0.4425989,2.2583106,2
1.596891,0.38048327,3
1.2812997,0.26909125,1
-0.0016543923,-0.30651516,0
-0.89422923,0.15709972,2
-1.9500909,1.8631538,2
-1.9587088,1.8919747,2
-0.1863021,2.8535404,2
1.8401387,3.6828396,3
0.22228643,-0.5062168,0
-0.35895273,0.38435602,2
-0.3499611,-2.3745399,0
5.8600807,-1.1837896,3
-1.080474,0.48121947,2
-1.8321494,2.6239994,2
-1.1168165,-0.30624044,0
-1.9981847,2.621698,2
1.6519415,1.5094044,3
-0.023114698,2.540888,2
-2.0729272,1.9483418,2
-1.308086,-2.0939865,0
0.36446303,1.7484426,2
1.3023485,-2.7638035,1
-2.2196429,1.5976591,2
1.2822621,-0.4719026,3
0.92519325,-2.6919014,1
-2.704619,1.7173328,2
6.808412,-1.211013,3
0.80489355,1.0669819,3
0.97876805,-0.9511384,1
-1.5951686,2.6489155,2
2.7872965,-1.1832821,3
-1.2053363,-1.5724645,0
-0.800119,-2.07382,0
-1.3955798,-1.7199848,0
4.022572,0.28946888,3
-0.025183579,0.0945175,2
-0.97225994,0.32724595,2
2.0706797,-2.8861125,1
1.6566795,-3.0208251,0
-1.3322065,1.8222556,2
6.753384,-2.6768296,3
-1.0048379,-0.22814389,0
-1.0369234,0.24915,2
1.3205974,2.8814037,3
-1.7680298,-1.8983693,0
-1.5786899,0.5446405,2
-2.2228782,0.08822492,2
3.2891414,0.9572405,3
-1.5916715,1.3665874,2
-1.0916741,-0.57560974,0
-1.2348728,0.5517819,2
-1.3098758,1.28187,2
0.045439992,0.7542949,2
2.544755,0.97614855,1
-0.7305838,-1.9071805,0
2.3037295,-1.4453156,1
-0.5379015,-0.18252279,0
-0.065850586,-2.7641447,0
0.8358372,0.42788935,3
-0.34974757,0.67244655,2
0.016285518,1.4767053,3
-0.83311254,-1.1245399,0
-1.305519,1.0808781,2
0.41720214,0.4365394,1
0.95352775,1.5723265,1
-0.73740494,1.2966322,2
-1.7672365,1.2898474,2
-1.4596498,-3.0550425,0
4.718655,-0.9765163,1
-0.9626442,-1.8277348,0
-0.4449317,-0.35816008,0
0.4341708,-4.2002954,0
-1.5742568,1.8510411,2
-1.1386147,1.0532975,2
-0.8778851,3.153388,2
-1.47812,-2.807369,0
5.948135,0.6694591,3
1.5736002,-1.1684436,3
-1.4192586,-1.5729755,0
3.2689981,2.665559,3
-0.8842879,0.33573288,2
0.5790466,1.5331097,2
0.10659417,-1.0711622,0
-1.3860637,-0.4043547,0
5.602448,4.5215025,3
4.100957,1.5554174,3
0.3230138,-0.53093433,0
-1.3522676,2.4108858,2
-1.5160017,1.472064,2
-1.3851132,2.45594,2
-0.9911707,-0.6991467,0
-0.94739556,0.67456937,2
4.3622103,2.1371605,3
-0.10017593,0.33815783,2
4.7925954,-1.8983401,3
-0.13438442,-1.8706098,0
-1.7336242,-2.8269992,0
-0.36715937,1.2630981,2
-1.1071441,-3.211377,0
-1.5564641,0.11671229,2
-0.405872,2.1382236,2
8.053314,1.2002468,3
-0.6332143,0.73541176,2
0.34089562,-2.2797759,0
-1.0009087,-1.8864604,0
0.6082308,-1.5734382,0
0.23804574,1.1425556,2
-1.3130198,-2.186077,0
-1.2410451,1.0369325,2
3.0876625,2.8164947,3
-1.3944262,0.15035251,2
-0.4446301,1.4011433,2
-1.5656745,-0.36567223,0
-0.7794449,-3.0657246,0
-1.4720298,0.97180563,2
-0.7978358,0.8245639,2
1.824433,-3.4402187,1
-0.8936071,0.867454,2
1.9043508,0.57050097,1
-1.8465194,-0.53205854,0
0.13277207,-0.36315274,0
-0.6206216,-2.436534,0
5.5249267,-0.93172723,3
2.0897312,0.61869514,3
-1.0683906,2.3275928,2
-1.8165762,-2.1629207,0
-0.99794334,-2.6369321,0
2.34554,1.2662148,3
2.7581036,-0.21703647,3
-1.2492697,0.9866144,2
-1.1833271,1.423814,2
1.1709427,1.5989888,1
-2.093724,5.0599637,2
0.0070707463,-2.3422916,0
-1.2732373,1.3888423,2
-0.7810696,2.084704,2
0.38721007,0.8667457,2
-0.9902454,-1.1641226,0
4.046991,0.47092146,3
-1.6850991,0.31164086,2
-1.0011673,-1.7834308,0
-0.739115,-1.0182498,0
-1.7321234,1.8808295,2
-1.4712229,-1.6651162,0
-1.0177505,-2.2401357,0
3.40767,1.2296526,3
-0.5242243,-1.2362796,0
-2.278576,4.455245,2
-1.4152064,-1.1704957,0
-0.37994987,-3.2420447,0
0.16760108,2.8265092,2
1.9786472,1.6051992,3
-2.7815669,1.5136911,2
-0.29920986,3.620068,2
-0.23281252,-2.5740085,0
3.0112376,-1.7124197,1
-1.7308786,0.59314144,2
-1.2077659,-1.2945213,0
-2.2582452,-2.1423552,0
0.17260242,-1.4947684,0
-0.8956625,2.0719407,2
-0.4625274,0.65990645,2
-1.6638135,-2.9900393,0
-0.83422405,-1.5205274,0
0.95606667,-0.8723441,1
-1.6392856,2.6643565,2
0.83541304,-0.41630775,1
-1.6127383,1.6930453,2
-1.334212,0.9288032,2
-1.9242741,-2.6530576,0
-0.6572203,1.3245027,2
2.0509882,0.4405532,3
2.5542905,-1.6093252,1
-1.1938564,-2.3246047,0
1.5558585,-1.285268,3
-0.47150466,1.8656377,2
-0.88179666,-0.98045844,0
2.9257057,-0.46170843,3
-1.57168,-2.9922519,0
-1.6117249,1.1682068,2
-0.3763023,-1.38327,0
-1.2639327,1.3797809,2
-0.99343055,-1.9969256,0
-2.1653595,2.2868605,2
-0.5265116,0.20818198,2
0.47640276,-3.7910764,0
-0.15167052,4.73195,2
-2.4022954,2.7855678,2
-0.49989662,-1.6097202,0
0.97021365,-2.9551117,0
-1.2620212,2.1111395,2
1.566275,-2.7325647,1
-1.0836877,-0.33588928,0
0.28321093,0.25754464,1
-1.729469,1.7205597,2
-1.931611,-2.6123984,0
4.948095,-1.1420189,3
-0.55713016,-2.3423364,0
-0.20938492,-1.5628135,0
1.0285577,1.8383596,3
2.0272608,0.12317808,1
-0.85271955,1.6476573,2
1.4199603,3.5729938,2
2.1168213,1.6807802,3
-1.1123635,-1.4073519,0
-1.070262,-2.025435,0
-1.1766742,-1.465764,0
-1.6136143,1.1332276,2
2.6000369,1.1638458,3
3.9174824,2.2946894,3
-1.0828418,1.0688338,2
-0.8706508,3.2506945,2
-0.5487121,1.3475327,2
-1.1495483,-2.168291,0
3.5006373,-2.0439436,3
3.8518267,3.0170856,3
1.7612742,1.2376225,3
-1.8700725,0.5117284,2
-1.7713503,-0.81285906,0
-1.0577775,-2.0091588,0
6.6546397,1.4545231,3
-1.6074193,-1.0839198,0
-1.5696323,-0.74814695,0
-0.8691138,-0.80507445,0
3.0461152,-0.7656967,3
2.3506465,0.9969304,1
-1.2125987,-2.3029344,0
-1.9997373,-0.102708526,0
-0.9566297,0.1399401,2
-0.38489082,1.7316035,2
3.033888,1.5482459,3
-0.4600516,1.0740546,2
-0.09618298,-1.9343296,0
0.083534405,0.7676466,1
0.8694544,-0.42930263,1
0.28409654,-1.910905,0
-0.5214442,-1.347001,0
4.1557384,0.6169222,3
4.1805506,0.3289349,1
-1.9200131,2.7473576,2
-0.58963627,-2.203619,0
2.181489,0.42945188,3
2.4964297,1.2903035,3
1.6805785,-2.003555,1
-0.9665289,-0.76958334,0
1.6764885,-0.032246336,1
0.8162703,0.34115243,1
-0.5742231,1.201507,2
4.6076136,-1.086316,3
-1.7151022,-1.2630842,0
2.356513,1.5158876,3
-2.4331706,1.5271993,2
0.54328483,-2.3399112,4
-1.2962232,-2.0596554,0
-0.862772,2.208024,2
-1.1848536,-0.14100212,0
5.2872543,1.991791,3
3.4161181,-0.5551751,1
2.674268,-0.18515909,1
-1.6354213,-2.36877,0
-0.72433966,-2.7544732,0
0.17967887,2.1334054,2
-1.289747,-1.2182442,0
-0.6529802,-0.61687946,0
-1.601616,1.3013252,2
2.0609164,2.028049,3
-0.39958593,0.22173123,2
4.286478,1.2650279,3
-0.25985944,-1.508179,0
2.0768733,0.01490951,1
0.09480869,-1.7124636,0
-0.9189745,-0.30269086,0
4.1993074,-0.9305521,3
0.8573352,-0.71272373,1
-1.058266,-3.0699923,0
-1.4803079,0.6278082,2
0.5501401,-0.40654743,1
0.92635137,-1.7163148,0
-1.765374,-2.4061782,0
-0.41593924,-0.32183564,0
-1.0981928,0.3129245,2
-0.9511965,2.315697,2
-1.9336628,-0.7502436,0
-1.5420538,-1.5514086,0
-0.1669526,-1.2690048,0
0.027302945,0.54278743,2
2.547125,1.3879181,3
-1.8106837,0.9841133,2
-1.98487,1.0757904,2
-1.3548594,0.020046078,2
-0.6110838,-1.5444466,0
4.0242004,0.45916766,3
0.75890976,1.363163,2
-0.7116404,0.41327375,2
-1.2132849,1.9259363,2
4.497279,1.2147477,3
3.2090497,-0.25041628,3
-1.2950752,-0.8778675,0
-1.3824764,-3.4120598,0
-1.7321202,-0.120311044,2
3.0094814,-0.87244576,3
7.818213,-0.0076868404,3
-1.6129092,2.2625945,2
1.2870194,0.033295237,1
4.696045,0.8804648,3
-0.20191349,-0.18326211,2
-2.0887668,0.8769469,2
3.1416652,-0.7773071,1
0.9779144,-2.9952605,1
-1.0033058,1.7005209,2
-0.51912,-1.4222596,0
-0.5845901,-0.5885647,0
4.565973,1.3233043,3
-1.0188793,-1.7763442,0
-1.9313884,1.0129735,2
-0.621072,1.1010531,2
-2.3016944,2.2136476,2
0.26799682,3.267331,2
-0.73993456,-0.4020996,0
0.49601108,0.8298224,1
0.81256205,-3.9401069,0
1.1777462,-2.856301,1
-1.4049186,0.32458448,2
-1.4367315,-0.44909817,0
4.066984,-1.1759812,3
0.5124174,-1.6034323,0
1.9618877,1.5577312,3
1.1146007,1.390008,3
0.026600143,-2.813296,0
-0.3583595,-0.18499058,0
-1.9383513,1.831659,2
0.8144358,-3.194733,0
4.1343894,-0.9282955,3
0.5281914,0.08203435,1
-0.33342585,-4.2862067,0
5.2122607,-0.47626752,3
-1.2081066,4.3666544,2
-1.9444792,4.6233006,2
0.9518422,-2.818423,1
-1.5497808,4.474296,2
0.757163,-2.6375167,1
2.931882,0.710886,3
0.70700574,-0.8441514,0
-1.4112476,-0.74401027,0
-1.7612281,0.45196563,2
-1.2969865,1.263876,2
-0.90446687,-0.5202196,0
0.44378632,0.3274783,1
-1.1903348,1.8860354,2
-1.4541411,2.3993187,2
-1.1227542,-2.3304667,0
-1.3797452,1.4576269,2
3.8411238,3.563934,3
-2.6009514,2.380785,2
2.5175579,-2.6214864,1
-0.0010232773,-2.010922,0
3.1245863,0.65219575,3
-1.3961638,-0.57710624,0
0.54972845,-1.1291761,1
-0.16575591,-0.2119971,0
-1.977262,1.8961778,2
4.046117,-0.8637929,3
-1.1057825,1.1007885,2
-1.8880681,3.8679388,2
-0.8875313,-0.8846278,0
-0.3808358,-1.3839751,0
7.3092866,0.28369236,3
-2.1880937,1.2476106,2
-0.14872995,-1.2655531,0
-0.68118924,1.8141677,2
-1.513907,-1.589835,0
5.572937,1.126196,3
-0.87547374,0.98021203,2
4.1909184,-0.7712279,3
-0.14949828,-0.811118,0
-0.6449513,-1.0054692,0
-1.2122002,1.6627023,2
-1.2672335,-0.1268517,2
0.09611794,-1.2802291,0
2.6902509,0.7490505,3
-1.0294095,-1.2674081,0
2.6315482,-1.0534022,3
5.225696,-0.9661903,3
-1.5192428,2.3412848,2
-0.72112423,-1.6892794,0
2.9441106,1.7187904,3
0.2251534,1.8370354,1
-0.8464781,-1.0702765,0
-1.1400938,-1.5833037,0
3.5342898,2.1173809,3
-1.4142653,-0.6634109,0
0.50413007,0.7642813,1
-1.4870893,0.47033113,2
-1.2243538,-0.47954106,0
-1.1876178,-1.8617413,0
-1.9861577,-2.0183115,0
0.33794335,-1.9176104,0
-0.7247655,0.92559975,2
-1.8200382,3.5098574,2
-1.569737,-1.4269776,0
-0.0979591,-0.60936147,0
2.5028038,-0.6205558,1
2.0085423,4.1814885,3
2.926674,4.7261972,3
1.3733473,-3.0707748,0
-0.942867,-2.021641,0
-0.9267699,0.9265251,4
-0.5366202,-2.5087194,0
-0.7985652,-1.3058718,0
-1.2466154,2.2808306,2
-1.5369807,2.1642754,2
1.8378922,-1.014269,1
-1.2756069,-4.861195,0
-1.7427962,-2.1791623,0
-1.8609459,0.16603343,2
-1.2814618,1.9391868,2
0.17547312,0.3468811,2
1.5239949,0.72811985,1
0.5135083,-3.356902,0
-0.021116065,0.7035489,2
-0.35931456,3.523897,2
-0.15072124,0.12029071,1
-0.93704724,-1.351112,0
-0.55337167,0.8682042,2
-2.3683155,1.7810478,2
1.370808,-0.20102118,1
-0.5791178,-0.27265292,0
2.7816567,0.49652904,3
-1.5549572,-1.6455141,0
-1.9182951,-1.8661888,0
0.07531229,-0.17280793,1
-0.13230538,0.016110197,2
-1.0987304,-3.0057092,0
-0.77290136,2.6435251,2
-0.21169457,0.9387572,2
4.870215,0.9308247,3
-2.1431465,0.52332973,2
-1.3183591,-1.6288846,0
-0.28453946,-0.21476455,2
-0.8943893,2.6027594,2
0.077514976,-1.3223218,0
0.8861046,0.80197567,1
3.8093817,-1.9608475,3
-0.36688244,-1.6750218,0
-1.0311918,-2.0413063,0
-0.21202448,-0.4507057,0
1.7135735,2.9682736,3
-1.4171877,1.0790757,2
-1.1187866,-0.91382366,0
0.060734596,-1.6792314,0
0.64219284,-1.3343487,1
-0.5709629,-0.3558398,0
-2.011779,0.12968832,2
-0.22545014,-1.9862127,0
0.69582677,-1.5037864,1
-1.4834146,0.2602669,2
1.8123554,-1.0538005,1
-2.144338,-1.8265951,0
-0.036218233,-0.23129167,0
0.091019094,-1.0514473,0
0.7693494,0.9710172,1
2.8656805,1.2179904,3
1.7611756,0.81038684,3
-0.50800514,-0.39734876,0
-0.9916557,-2.1571317,0
-2.0153666,-0.46254277,0
-1.8434491,1.9448433,2
-0.48992366,0.54508126,2
1.2290626,-2.3894794,1
0.47604838,-1.3631915,1
-0.26279873,-1.1368196,0
-1.1767162,1.6282609,2
-0.86773294,1.2352936,2
-1.7516211,2.1742284,2
-1.73345,0.12893635,2
2.361298,0.43855786,3
-0.38256153,-1.92301,0
-1.684495,-1.5037768,0
-2.0645692,1.4920532,2
0.3347383,0.47714972,2
0.20388219,-0.69900346,1
1.072683,3.0531046,2
0.13378552,3.2051039,2
-1.413676,-2.085978,0
-0.14329386,2.3182285,2
-1.0391866,-1.7853736,0
-0.53012395,1.0206697,2
5.0588465,0.25426853,3
-0.8506352,-2.1290774,0
1.8882078,0.8900226,1
-2.532582,2.499804,2
0.6490449,0.6376644,2
1.8825657,-0.30015647,3
4.033792,-0.6050389,3
-1.6642874,-0.036161177,2
-1.298641,2.7700486,2
-1.7319052,2.91735,2
0.115262784,-1.7619044,0
0.009028475,2.838699,2
-2.1571085,1.0942072,2
-1.6224344,-2.792928,0
-1.3945689,-1.8274927,0
2.8794286,-2.5848515,3
0.42817965,0.44639164,1
5.0002046,-0.90076834,3
-1.0432088,-1.4343684,0
-0.087561555,-0.8346123,0
-1.5459201,-1.0758735,0
0.2381043,0.06402333,4
1.4697399,-1.2902797,3
-1.6388764,-1.7033882,0
-1.5494838,-0.5980019,0
2.781685,1.0090951,3
-1.0426059,0.9466264,2
-0.6284622,1.0106678,2
-0.7521319,1.8228943,2
1.8761561,2.1319458,3
0.68161297,-2.1820052,1
-0.0019602065,-1.0213636,4
-1.618623,-3.1231828,0
-1.1476614,1.2633222,2
1.2028352,0.106552765,1
4.9482245,-2.316595,3
-1.2119662,0.6224341,2
-0.17435616,-2.3348958,0
-1.3865575,-0.9758185,0
-0.8754958,0.929961,2
-1.3325975,0.0042417087,2
-0.49503884,1.1572818,2
-1.9013315,-0.28927135,0
0.8276115,1.405351,1
-0.09449946,-1.9134355,0
-1.9870441,-3.1717308,0
-0.58878785,-2.3972056,0
-0.42413363,-0.3546484,0
-0.80505097,2.8611636,2
-0.3347597,1.9703329,2
0.5903756,3.2496927,2
3.5962245,-0.15051709,3
0.48202863,2.9185057,2
1.9180822,0.59832865,1
-1.087086,2.6876278,2
-1.3028702,-1.9460576,0
0.15921517,1.4106432,2
-2.2266264,1.1010305,2
-0.18155621,-4.3562613,0
-2.6338499,3.2424326,2
-1.6282291,1.691957,2
-2.1058273,-2.6702168,0
0.65640175,0.16139905,1
-1.0863315,1.4787166,2
-2.1277447,2.8121789,2
-0.17808375,-1.0451028,0
-1.8122342,2.429698,2
-0.9101821,-1.173551,0
-0.9774629,-3.2756972,0
-0.8952093,-1.6292322,0
-1.799284,-2.8707345,0
1.4801105,1.4415979,1
-1.4207454,2.3615131,2
2.6696973,-0.1667039,3
-0.6228082,-1.6564517,0
0.48533824,-1.1601906,1
-0.7695107,-2.74736,0
-1.4720588,-0.3370878,0
-0.11402969,-0.8165128,0
1.603078,0.3392229,3
2.2360048,-1.38961,3
-1.9153465,0.82989085,2
4.3398805,2.4519167,3
-1.071038,0.08179666,2
-2.055387,2.1612198,2
-1.121711,2.5230312,2
1.2998748,0.821052,1
7.312846,-1.0009832,3
-1.5760268,-0.08711544,0
0.5171823,0.3734935,1
-1.6538683,1.056277,2
1.4063904,-0.96858823,1
-1.4330295,-1.5354973,0
-1.7560248,-0.016830236,0
-1.6713277,1.5811809,2
0.12471144,-1.7407973,0
-0.15163052,2.0242481,2
1.5381138,1.6871061,3
-0.4043394,0.8399981,2
-1.5176942,1.102627,2
-0.7315324,3.111146,2
-1.1864753,1.5591291,2
-2.0845683,1.2736211,2
-0.43678737,-1.7148823,0
-0.04334028,-0.66457415,0
0.54475284,-1.497469,1
-0.5000804,-2.2698092,0
-1.2410421,-2.7555616,0
2.35405,-2.5526335,1
-0.049399536,1.1233244,2
-2.0277162,0.12188251,2
-0.77580553,-1.9828427,0
1.3811669,-0.71148586,1
-1.1860169,-2.0381446,0
-0.8009172,-2.774382,0
-2.185745,-0.018536314,0
-1.4841185,1.4635011,2
4.3412075,-1.4464368,3
-2.0476434,3.1113462,2
-1.1538669,-2.0852907,0
0.11026928,0.044559762,1
-1.2956226,-2.4310727,0
-0.8395067,2.0007634,2
-1.8401253,-0.13055646,0
-1.2320588,0.49458933,2
2.6935804,0.88634044,3
-1.6964929,-0.594474,0
-1.6114469,-0.57019645,0
-0.2472928,2.178169,2
-1.9419692,2.0786173,2
-1.7429609,-0.03962955,0
-1.4401559,-0.35944498,0
-1.9294376,-1.6290759,0
-0.86894774,-3.6060638,0
0.52234036,-1.1879436,0
-0.2180183,-0.16944134,2
-0.55433637,0.85233086,2
-1.5636547,0.6142649,2
-0.56475264,-0.37910616,0
-1.4093311,1.9680536,2
-0.6762661,1.3450395,2
-0.3307092,0.15279523,2
-1.1750731,-1.4850581,0
-0.90482354,-0.51231194,0
3.7876413,-0.15140536,3
0.2506996,-1.4879606,0
-0.06664455,-1.3312342,0
3.316931,3.6356194,3
-0.35383508,1.345645,2
1.1453001,3.7810218,1
-0.5215565,2.540649,2
-1.0334748,-1.262923,0
-2.029449,1.0735582,2
-1.0726162,-0.19561596,0
0.379463,1.2873598,2
-1.7187475,-2.3369057,0
2.0451167,-2.3044329,1
0.5159889,-0.23445138,4
-0.3181839,1.0693121,2
-1.6910543,-1.980566,0
1.4181619,1.106369,3
3.0741606,1.015775,3
-2.1028125,2.8634708,2
-1.9038066,-0.7048134,0
-1.7912875,-2.444026,0
-1.7091514,0.2699659,2
-1.2010175,0.84236383,2
-1.1990119,0.014521338,2
3.5015953,-1.7503312,3
0.7071944,-1.8937697,1
-0.26595208,-0.36663496,4
-2.0207958,-2.9905574,0
0.7356851,-0.58744067,1
-0.6902066,0.24944253,2
2.4075134,-1.961097,1
-2.1478364,1.7072133,2
-1.49922,-0.3717782,0
2.2431483,-1.5873247,1
0.8499197,-0.6673084,1
3.4049609,2.6801727,3
1.871892,1.9560579,3
1.2009242,-0.94506145,1
-1.5736085,2.8553128,2
0.87250614,2.2679517,2
-1.3266774,2.5113773,2
3.9024432,-1.6541712,3
1.6959679,2.3407207,3
0.53412336,-1.795764,1
0.049572002,1.1469499,2
-1.8699853,2.3717601,2
-1.677286,2.5592399,2
1.3449957,1.8668109,3
-0.24984801,-0.8036037,0
0.848237,2.667206,1
-1.2296137,-3.2689676,0
-1.0262171,-0.5593949,0
-0.6085052,-1.4438604,0
0.96724105,-0.8992586,1
2.187571,2.3778694,3
-1.9568788,0.51201,2
1.8306653,-1.3274559,1
-0.9348247,-0.34738833,0
-0.12693563,1.7400743,2
-0.93766624,-1.1469091,0
2.4121459,0.27282053,1
-1.2518545,1.8406842,2
3.6581304,-0.22832987,3
0.036430955,-4.544706,0
3.3763845,0.6758827,3
0.106358215,0.32476342,2
-1.5577924,0.5438788,2
-2.791878,2.6966527,2
-0.9797034,-0.50162095,0
0.8792551,-2.015255,1
-1.9990308,0.96760166,2
-0.00928052,1.0144283,2
-2.1770637,-0.05246326,0
-1.9902776,-2.2596676,0
-1.26399,-2.1539326,0
-1.3418261,0.8887555,2
-0.23137039,-0.4689231,0
3.567643,-1.7559669,1
-0.5049294,-3.5564616,0
-1.9574473,-1.8181169,0
0.50701153,-2.500024,0
3.9717577,-1.0927536,1
-1.7515506,1.6282556,2
0.056251645,-1.3198173,0
-1.9137884,1.319149,2
1.773864,-1.3129387,1
-1.6266922,2.5491748,2
6.9537587,-2.5325212,1
0.571951,0.61196226,1
-1.0686277,-0.53381246,0
1.751338,0.0576306,3
6.364661,0.13289237,3
-1.9272246,1.6480397,2
-1.6237823,2.2493548,2
-1.3176004,-2.5052612,0
5.4489355,-1.9965127,3
-0.79151285,2.7896395,2
-1.0292978,-2.3886702,0
-1.8191792,0.9441862,2
-1.1283716,-0.2163211,0
-1.0761126,-0.94484293,0
7.50907,3.6430457,3
-1.4665861,-0.070617035,2
-1.40298,1.2755039,2
-1.5939424,1.0941302,2
-0.2639934,0.34133232,2
-1.163941,-1.987811,0
0.34031847,-1.8912652,0
-0.21103661,-1.3452506,0
-1.8381677,1.3357596,2
-0.5975382,-1.8814962,0
1.866347,-0.84663635,1
2.878957,1.6291417,3
-1.7105278,0.7127905,2
-1.1389239,-2.9203026,0
-1.080125,-0.47803444,0
-0.016479524,2.8955529,2
-0.8570071,-3.807441,0
-0.7052654,-1.8032284,0
-0.14850087,-1.2817342,0
-1.1448494,0.20300967,2
-1.1594634,0.5766652,2
-1.3680215,1.6061337,2
5.413681,-0.16966598,3
0.72296554,0.9345716,1
2.707713,1.5549767,3
-0.3476818,-3.2748754,0
-0.059913475,0.44812047,2
0.6768894,2.5485618,2
-0.084939964,0.54870546,2
-0.6002542,-0.9844687,0
-1.7583326,2.5053563,2
4.2755895,0.6930842,3
-0.45418566,0.7596877,2
0.8273534,-1.7622867,4
0.5216056,2.2683387,3
2.0645769,1.4492663,3
3.1064627,-1.3405312,1
-0.928065,-1.0356328,0
0.9848803,-0.66295457,1
-1.9288161,-0.8370254,0
-1.8974185,-1.5079328,0
-1.8808831,-0.7953263,0
2.5888798,3.6011558,3
-1.6443992,-0.38671368,0
-0.8017665,-1.5231928,0
-1.5908489,0.1633339,2
2.5714934,-1.1600204,1
-1.3670075,0.51661986,2
2.8566043,1.1052134,3
-0.14466685,0.18609793,4
0.25714934,-1.0262816,0
-1.5701059,0.12339932,2
2.2033803,1.419739,1
3.7945673,-1.0410674,3
-1.6899731,4.8667283,2
-1.5754365,0.7594785,2
-1.5679541,-2.9681857,0
2.885296,-1.5612265,3
1.9000983,0.40772533,3
-0.5367028,1.293886,2
-0.5518404,-4.2847524,0
-1.092853,-0.36772048,0
-1.1947294,-3.311189,0
1.2430978,1.8429003,1
-0.006058218,-1.4904506,0
-0.63732135,-0.6645886,0
-1.4148672,0.95020837,2
-1.3277814,1.007463,2
-1.4153044,0.8838454,2
-0.13389166,-1.7527872,0
-0.052074153,-2.5336475,0
2.995701,0.20802635,3
0.23639755,-1.3212495,0
-2.1431425,3.0115514,2
0.9019059,-0.44143927,1
-1.7103568,-1.4128536,0
-1.6237744,2.3105946,2
-0.6988934,-0.6150134,0
-0.759612,-1.8255439,0
0.5826058,-0.23499633,3
0.7014085,0.49048346,1
-0.8800014,-2.4636314,0
-1.3946933,-1.1766672,0
-0.86806273,-0.8248555,0
-1.4587512,-0.31449378,0
0.74166685,0.25705504,1
-0.60148036,1.1547831,2
3.459619,-1.9879229,3
-1.4904934,1.5206015,2
-0.17197438,-3.4395454,0
3.8655822,-0.21470474,3
3.616921,1.8396753,3
-0.8575185,0.63412744,2
0.70264524,-0.6648863,1
0.89630246,-0.9575935,4
-1.05156,4.6701646,2
1.687681,1.0571434,1
-0.7635342,-1.9556434,0
-0.85453004,0.95819014,2
-0.360148,-0.8497765,0
1.8778858,0.2934159,1
2.856377,-2.2598548,3
-0.5118049,0.25815064,2
0.2190017,1.9919477,2
-0.05279887,-1.3152606,0
-0.20174032,2.8516033,2
3.1644943,1.752304,3
-1.7046342,-0.68570167,0
2.4371893,1.8280314,3
-1.221845,0.8369812,2
2.5339916,-0.55404407,4
-2.006454,2.369082,2
-0.99167657,-3.223147,0
-0.34517956,3.188978,2
-1.379617,-1.9023473,0
-1.475053,-1.4937727,0
-0.29998013,0.46938944,2
-0.34813488,0.37699372,2
-1.2028182,-0.5200807,0
0.5797227,-1.9967922,1
3.225153,-0.879299,3
-0.46903947,0.49123526,2
3.782955,-2.1673982,3
3.2053878,-1.0210139,3
0.13814758,0.36499465,2
1.3647615,1.4898378,2
-1.9867731,2.7394114,2
-1.7841381,-0.24719013,0
4.7445493,1.370881,3
-0.83127105,2.9191246,2
-0.014009072,-3.2785063,0
3.723744,-0.4027484,3
-0.8420138,0.49921542,2
-0.68739426,-0.83907485,0
1.4928418,-0.82336026,1
-0.7549701,-2.4614825,0
2.558476,3.5219266,3
-1.9170809,0.7640221,2
3.8562467,-2.730806,1
1.3085731,-3.1328135,0
-0.44089678,1.5940336,2
-0.6750998,-0.76887816,0
-1.6080109,2.6080444,2
2.801987,0.36133307,1
-0.15234387,0.921885,2
1.161228,-0.17493929,3
3.80388,-1.5194428,3
-1.5547963,0.85822153,2
-1.0612653,-0.5733902,0
0.23274049,-1.9447113,0
-0.13696891,0.323663,2
-1.6207743,2.2709515,2
-1.8459733,1.1769286,2
-1.0857569,-3.4917393,0
-0.9698512,2.1135774,2
-1.660553,2.0404344,2
-1.930296,-1.1010259,0
-0.35173956,0.84658253,2
-2.2636602,0.30197704,2
0.3273144,1.5444459,2
1.690558,-0.075593494,3
0.16143772,-1.6683823,0
-0.2053856,-0.43624562,0
-1.7367305,-1.2611952,0
1.5446374,-1.0564507,1
-0.7168179,0.10176672,2
-0.32366964,-1.1992527,0
-0.38005856,3.4331746,2
-1.1263186,-0.9288022,0
-1.7575395,-0.17704265,0
1.75493,1.2822039,3
-0.820095,3.0925784,2
0.07846977,-1.9371412,0
0.33625653,4.4161,2
-1.7394292,-1.1763064,0
-1.7914718,0.49073,2
-1.0489069,-1.1688161,0
1.574018,1.3952522,3
-0.98150414,2.9047115,2
-1.1597989,-2.8576007,0
-1.9447082,1.1792883,2
0.9638307,-1.0083276,3
-0.14839825,0.6230524,2
0.36105117,0.44815534,2
-0.43909696,-2.1965268,0
2.6349428,-1.0476668,3
-0.97692317,-3.3832295,0
0.2859761,-0.49982548,1
-1.3133807,-0.2636399,0
-0.4711688,-1.5965788,0
-1.018937,1.9256519,2
-2.3689947,3.5318863,2
-2.0980873,0.10609685,0
-1.8878713,0.07865235,2
0.93248844,2.6330903,3
-0.77528113,1.9329042,2
-0.7728456,-1.5384378,0
-0.28677946,-0.6290201,0
1.7097707,-0.4586156,1
1.4002491,-2.4126518,1
-1.5387478,0.37352854,2
0.15719655,1.6896775,2
2.0187545,1.6968579,3
-1.257482,0.27173758,2
-1.0963932,1.2131076,2
-1.4283448,0.07353996,2
-1.4544616,1.3077214,2
0.03431169,-0.004217252,1
3.902241,0.9961423,3
-1.4700592,1.7058058,2
-1.5568149,-0.31612647,0
-1.3456676,1.7978528,2
-0.032597914,0.40379602,2
1.9183205,-0.88152856,1
-0.45185885,-1.3585784,0
-1.6579247,-2.9392755,0
1.2411566,0.69569224,1
3.530897,2.1377747,3
0.6334061,0.6120855,1
1.1057018,-0.37751687,1
-0.99168,-1.8356271,0
-1.5703499,-1.2535703,0
5.678048,3.6250136,1
2.4007967,1.7932944,3
-1.079855,-0.28807914,0
-0.19198334,-2.6041415,0
-1.3366808,0.6655591,2
-0.8373872,-0.019831225,2
4.952996,-2.374326,3
-2.2202063,1.4201572,2
1.079727,1.4006255,3
2.347446,2.3669705,3
2.8816304,3.166532,3
-0.7754175,-0.27458233,0
-1.6874644,3.246846,2
-0.1772514,4.3897934,2
-1.0446506,0.042944953,2
0.5989345,-2.2183998,1
-2.1644938,2.7643452,2
2.7745237,-0.95550007,3
2.2553978,1.6111712,3
-0.9724329,0.24504937,2
-1.2234626,-1.6803195,0
-0.2045012,-3.4258692,0
0.83765465,0.24532984,1
-1.1092026,0.3870319,2
2.1305683,1.3281195,1
-0.7077357,-2.0184922,0
-1.2793401,-1.2783709,0
0.6359105,-1.4132628,1
0.4000867,2.8356152,2
-1.2767278,-1.4327875,0
-1.9539243,-0.6322318,0
2.5762866,0.59302926,3
0.84740895,-1.6013875,1
-2.0939484,-0.16817959,0
-2.5835388,2.1290793,2
-0.5834697,-1.936343,0
3.357861,-1.5012226,3
-0.1424231,-3.2849262,0
1.0290455,1.4390249,1
-1.3850203,2.6714048,2
-1.2688987,1.5645742,2
-1.4120847,0.6831848,2
0.18858004,-3.0056915,0
2.8036072,1.6519608,3
-1.3448523,-0.5872606,0
-0.677125,2.1272087,2
-2.44757,3.4802887,2
0.70120496,-1.8253685,1
2.1813939,1.9711998,3
-0.38688457,-0.98412114,0
-0.42916247,0.43177348,2
6.3472486,-0.593774,3
-1.0814705,0.600857,2
3.5687118,2.9336114,3
1.9528978,0.1980431,3
1.0733747,-0.7852742,1
-1.2111274,0.067215905,2
-0.08386399,2.0817623,2
2.9827619,2.369264,3
-1.9915262,1.2310225,2
-1.048192,0.28198695,2
-0.20726228,-1.403214,0
-2.0930848,1.9497927,2
2.116807,-0.6524175,3
-1.1617166,-1.5190362,0
-1.2591143,1.0311246,2
2.0513842,-1.3649882,1
0.43435916,-3.1690605,0
-0.74929166,-2.0352051,0
-0.89175797,-0.37353396,0
-2.037861,2.9724462,2
-1.9283134,2.260566,2
-0.58661675,-2.7441685,0
-0.51841766,-1.7294791,0
-1.7206345,-2.0320766,0
-1.8457047,-0.5038702,0
1.8065728,-0.6862817,1
2.0750802,0.13539802,3
-2.5545728,2.2839224,2
-1.6296706,0.67337966,2
-0.91535074,1.0617056,2
2.7134979,-0.71788114,3
-1.7342356,1.3844476,2
1.9630799,-1.3013328,1
3.774994,0.3530283,3
-0.92538685,0.60588723,2
-1.24658,1.0347415,2
-1.9112638,1.3012676,2
-1.3211628,0.72771907,2
0.47806343,-0.5693471,1
4.0166006,0.78639406,3
4.0509224,-1.5348632,1
0.10542651,-1.8895489,0
2.3125098,1.3558568,3
-0.90420485,-0.29206634,0
-1.0451326,-0.066969365,2
0.36035997,-2.3214545,0
-0.27367923,0.3643114,2
-0.22665878,0.1853414,4
-1.1546109,1.7794441,2
-1.7909307,-1.8238751,0
-0.46830574,1.7017181,2
-0.101568274,-0.66209483,0
-1.3348361,-0.5032901,0
0.7396409,-0.8729181,1
-1.1233555,-3.1296365,0
-1.0423009,0.20888664,2
2.480428,1.0596263,3
-1.4697222,3.4173245,2
-1.8924273,0.4105298,2
3.4943197,1.9259882,3
1.8424596,0.12183045,3
-1.2478303,-1.2738011,0
1.8208535,4.3629684,3
2.862387,-3.0490668,1
1.435258,1.8891441,3
-0.46894425,0.058813803,2
5.1421766,-1.6103102,3
-0.71440625,1.1857185,2
2.0864499,0.41642302,3
2.4160023,-0.1731241,3
1.9026706,0.5511129,1
4.57925,0.50648487,1
-0.91529,0.56315315,2
-0.900649,2.7565835,2
0.26375344,-0.8579152,1
-1.6854166,-0.40130687,0
-0.7920205,0.24210216,2
-2.009585,0.5003881,2
-0.8893846,2.6454577,2
-1.2575462,0.7843173,2
0.50753164,1.7742717,2
-1.310548,0.037272856,2
2.2462564,0.43533778,1
-0.63064456,-0.67070943,0
-0.024490869,-1.0066572,0
3.6578512,4.4078774,3
3.2119944,0.18334873,3
-0.24141072,-0.33325136,0
2.2205956,-2.2958734,3
-1.4305674,0.24084689,2
-1.1908787,1.4712912,2
-2.1531007,2.1633615,2
-2.0941184,-2.752558,0
-1.7689523,-3.0700977,0
1.4607842,-0.09997152,4
-1.6911583,0.8339606,2
-1.0835973,1.279764,2
-0.0373735,0.31595188,1
3.780622,1.9879849,3
-1.8514607,0.26146144,2
-1.0866481,1.0252134,2
-2.425038,2.3948328,2
1.2449816,-0.40981358,1
1.4803867,-2.591981,0
-0.88440853,0.40542722,2
4.660216,1.2569966,1
2.4296808,4.402222,3
-1.516825,-2.798445,0
2.0214562,1.6651013,3
-1.3034313,1.0597881,2
-0.1479947,0.38408065,4
-0.5671386,0.35159916,2
-1.0388633,-0.9111249,0
-1.5451949,0.47856998,2
-0.57960945,-0.5263461,0
-1.6617708,-0.80151004,0
-1.872368,-0.15895392,0
4.493117,-0.17372204,3
-2.180364,2.4157434,2
-1.8717473,2.9106853,2
-1.6082187,-1.9462161,0
-0.9942785,1.9668851,2
-1.5799243,-0.7848138,0
-1.038882,-2.6882434,0
-1.3551006,1.3657368,2
-0.5640024,-1.5065424,0
-1.1681465,0.88212705,2
-1.3498131,0.65364426,2
-1.9509064,0.77379817,2
-1.7668539,0.49614006,2
-0.71088976,1.5256472,2
-1.4720422,1.7690215,2
-1.3393595,1.2130129,2
-2.7320976,2.7386088,2
0.280205,-2.0995295,0
-0.78069013,-0.34418994,0
1.5406393,-1.7196038,1
-1.4529035,1.153629,2
2.3620384,1.066122,3
4.6908636,0.43661076,3
5.3031,1.3869576,3
-0.99914616,-3.2563958,0
-1.9741147,1.7982105,2
-1.5309235,0.930273,2
1.7124935,3.898086,1
-0.40899923,-0.6058741,0
-1.9854038,2.8642206,2
1.522807,0.97741646,3
3.1296148,2.867049,3
2.76982,-1.2978126,3
-0.8932698,-0.8046148,0
-1.7603217,-0.23991829,0
-1.9282373,-0.0133127365,0
-1.6720514,-0.39068806,0
-1.2047533,-0.73695475,0
-1.38605,0.24670781,2
-0.53870356,3.133653,2
-1.6444339,-2.002306,0
1.990828,0.3127542,3
-1.1432527,-1.2259578,0
2.9764137,2.1630619,1
-0.96304166,-1.2483978,0
-0.92302525,-2.7255542,0
-1.5235207,-2.1794524,0
-1.6427916,0.7342943,2
-2.0346065,-2.888438,0
-2.0288289,0.123894334,2
1.7496672,0.27801144,1
-0.5486754,0.30558985,2
-1.5041902,0.7826324,2
-1.0593405,1.3811514,2
3.4187846,1.4437101,3
-0.45524725,-0.7870278,0
-2.1595602,0.3729177,2
-0.5382327,2.4194922,2
-0.90524536,-0.24914594,0
0.19490221,-1.962967,0
-1.1667224,1.1874758,2
-1.2561495,-3.648184,0
-0.9653328,-1.4585266,0
-1.9467559,3.789418,2
-1.0515133,1.5328462,2
-1.9473177,2.7157595,2
-1.9671772,0.1099617,2
-0.86585754,-0.98515636,0
3.9844372,-1.3088331,3
-2.0544078,0.086719364,2
-0.4088421,-2.5503986,0
-0.8923101,1.6349602,2
-1.599294,3.194592,2
-2.3270893,3.7780836,2
-2.1518152,3.0656977,2
-1.012584,2.8334162,2
-0.27974907,1.3437783,2
-0.6158256,-1.0286773,0
-0.2050012,0.9978822,2
-2.3195415,-0.2730039,0
2.336538,0.08002758,1
-0.8607958,-0.38802075,0
2.754317,0.49001068,3
3.2803926,1.7955167,3
-1.0122437,0.8493251,2
0.19092289,2.0069387,2
-1.2593567,0.4813611,2
2.5799751,2.645731,3
-0.0074202735,-1.5710692,0
-1.0801891,-2.255419,0
1.5289605,0.19022883,3
0.10204157,1.1939355,2
-0.4833465,-3.1052413,0
5.912337,0.070311025,3
-1.2937026,-2.637811,0
0.81359833,-1.1492711,1
-0.9304937,-1.6735612,0
-1.3864517,-1.0116904,0
-0.58799994,-1.5576965,0
2.3498166,-0.45174682,1
-1.3190671,2.0018914,2
-1.3576219,0.39255393,2
-0.5111882,-2.1773274,0
-2.0963433,-0.9346044,0
-0.113542,-1.5701523,0
2.3490856,-3.3994982,1
-1.0922433,-0.86637235,0
-1.3124653,-1.8592174,0
-2.6967382,1.6066856,2
4.8374853,-2.4846497,1
3.741828,0.67698556,3
1.6916451,-1.2048203,1
-0.9913667,0.5596677,2
0.86741525,-0.988396,1
-0.5511316,-3.8139412,0
-2.1019745,-0.4107067,0
-1.8190075,0.13155885,0
1.2032452,-0.36330748,1
-1.678021,1.1405674,2
0.76126903,1.8473264,1
-1.7627199,2.1241562,2
-0.17985536,0.16723756,2
4.0720377,-0.7057972,3
3.4357433,-0.84831333,1
2.719535,-0.73834896,3
-1.6145096,-0.93238604,0
-0.9377368,-2.2458122,0
-0.30086228,-1.5308601,0
5.44743,-1.4748541,3
-0.04266501,-2.8950663,0
-1.6799866,1.3286498,2
-0.35995325,-2.026387,0
-0.85663986,-2.1335742,0
-2.0129247,0.6763819,2
-2.0933995,2.2834027,2
-1.1636355,-0.5391718,0
-1.7384746,0.3461805,2
-0.9096963,1.1154914,2
-1.141149,-0.47868186,0
-2.3462412,2.1885703,2
-1.5096194,-2.8409774,0
-0.9758963,2.0550873,2
-0.8365279,-1.8047726,0
-1.4862719,-2.6562564,0
0.94384784,-0.9137937,3
-0.4176151,-0.4264475,0
0.13833253,1.1630707,2
-1.301585,3.3474414,2
2.0762508,1.4004424,3
-1.0439781,1.0842348,2
0.84939814,3.4012587,2
0.42893037,1.3687781,1
-0.6540515,-2.067556,0
0.25884745,0.8416237,1
-0.84475183,-1.7943532,0
-0.964678,-2.6066115,0
3.749889,1.641091,3
-1.3499928,-0.46271992,0
4.081485,0.16006121,1
-1.3712912,-2.9529974,0
3.6819763,0.6949775,3
-0.53602237,-0.36752588,0
-1.5358248,1.1972531,2
-1.3167696,1.8554238,2
-1.6135848,1.4172132,2
-1.5584506,-1.761607,0
-1.3199176,0.938847,2
-1.2014638,-0.7565243,0
-2.1331272,0.025189482,0
0.5593676,1.4802492,3
-0.9156228,-3.1167042,0
-0.7948301,-0.98329806,0
-1.9236226,-0.07181053,0
-1.086728,-1.2743188,0
-1.6886917,3.843325,2
4.584631,1.8435678,3
-1.7509055,0.9812346,2
-0.69417125,1.1846727,2
-0.70253366,3.5137346,4
-1.3327849,-0.7850415,0
-0.33589754,3.0441337,2
-0.6686309,-0.0015749335,2
-1.6136366,0.9775155,2
0.8651862,3.8517272,2
-0.92440325,1.670366,2
0.81248796,-2.3624268,0
-1.1647689,1.6823093,2
-1.5610815,0.6122929,2
-1.2874273,-1.488959,0
-1.6492109,0.4630329,2
2.264396,-0.33721352,3
-1.3080858,2.3984673,2
-1.0788938,-1.7961891,0
0.06787097,-3.2371373,0
-0.15787177,-1.4072291,0
-3.164914,4.797785,2
-1.082386,0.7199459,2
-1.9280356,-1.1987356,0
-0.27107787,-1.5205934,0
7.7032714,-2.786414,1
-0.37057328,-1.931917,0
0.12006095,-0.6720776,1
-1.2753222,-1.5188024,0
-1.1471386,2.2209613,2
-1.8501439,-3.041483,0
-1.0867752,1.2695997,2
-0.11747742,-2.151552,0
1.1021029,-1.6725259,1
1.3804348,0.5026427,1
-1.0062505,1.8672433,2
0.15597048,-2.9509242,0
-0.9325598,-1.2089311,0
-0.41343597,-2.376495,0
-1.8194677,-1.2619848,0
-0.5079205,-2.1301796,0
2.8745859,1.1305497,3
-2.0186565,-2.3623767,0
0.5512746,0.6048608,1
0.45925942,0.53068084,1
-1.3988999,3.1233263,2
-1.8108305,1.4455674,2
-1.5905867,1.5491997,2
-0.4263967,-2.608968,0
-0.9206999,2.166831,2
-0.87239057,-0.9762024,0
-1.0618027,-1.0729575,0
0.036939334,3.3059964,2
1.6819538,-0.6220432,1
-1.4702384,1.0044208,2
-1.3159968,-0.8092223,0
0.733098,-0.23072268,1
-0.5876505,-0.100425795,0
-0.55157924,-1.6166327,0
-0.622737,-1.0703347,0
-1.565627,-2.0959814,0
-0.20804936,-0.93822634,0
1.5696619,-0.90667284,1
-1.9299948,1.4663672,2
-0.6907486,0.36294436,2
-0.63098305,-1.3951869,0
0.3422059,-0.5603354,1
-0.44464037,-2.5547557,0
-1.0095284,1.0865393,2
2.5876682,2.5458305,3
-0.41743943,-2.0531516,0
-0.87538064,-0.78052247,0
-1.0377665,-2.480566,0
-0.58284944,-2.1413722,0
-1.8935162,-0.038887314,2
-1.2506073,0.70181704,2
0.49591133,-3.3281171,0
-2.2382894,-1.9103442,0
3.0501316,-3.2948074,3
2.4395587,0.049240768,1
-2.2523293,-0.6568272,0
3.8997808,3.3965206,3
-1.0142474,-1.795855,0
1.3038354,-1.8953204,1
-1.6381757,-1.074354,0
-1.8684067,3.1437438,2
-0.062168103,-0.28739166,0
-0.5378754,-1.301358,0
0.033121105,-1.5376081,0
4.69517,0.2624578,3
-1.6816157,-0.701509,0
0.46965158,1.7071677,2
-0.63717085,-0.7301507,0
-0.5653061,-0.95693785,0
-0.08106609,1.8989081,2
-1.6432227,-1.4012573,0
-1.882817,1.146044,2
0.42016274,0.8787567,1
-1.9356753,3.1060376,2
-0.8722671,-0.06423652,0
1.3816699,-2.557643,1
4.1881714,-0.6503784,1
-0.972754,-1.7974359,0
-1.4785167,-3.998074,0
-1.2345117,-0.23886715,0
4.422809,0.7172755,3
-1.5399089,-1.1298218,0
3.478398,0.30050433,1
-1.7772157,-1.0425817,0
-1.2981111,-0.012986407,2
-1.2500156,-1.6577924,0
1.2770488,-1.3169612,1
-0.4969485,-2.0164528,0
-0.41215208,-0.4070664,0
3.2405436,-1.2979089,3
-1.655576,0.098823726,2
-0.7461217,-3.1405323,0
-0.01525061,-0.7245435,0
3.4407716,0.6215569,3
-0.9358223,0.5283686,2
-1.0180941,-0.64876336,0
-2.3187175,1.2269177,2
-1.5985386,-2.2853928,0
-0.8920296,-2.238848,0
-0.47168544,-2.6115072,0
-1.1396683,1.6226882,2
1.1062704,-0.08963119,1
0.9354931,-0.37756288,1
-1.2316812,-3.7550883,0
-1.1932446,-1.9018804,0
-1.5730256,-1.5344805,0
-1.8292508,2.18975,2
0.19441143,-0.04606028,1
-1.6308329,2.3840191,2
-1.6985085,-1.5353863,0
-1.3952658,-0.0553329,2
5.2614303,-3.2888236,3
-0.8006079,2.126098,2
-1.0522251,-0.555306,0
3.7673922,0.42604554,3
-0.49892184,0.54404473,2
-1.2501324,1.4279534,2
-1.1192887,-3.788976,0
-0.8899182,-0.33101255,0
-1.360204,2.2836154,2
-2.175541,1.3199991,2
-0.854264,0.36961693,2
-0.7770947,-1.1007386,0
2.2268035,1.2442961,3
-1.0318954,-2.5864747,0
-2.0878303,1.6013584,2
-1.1971935,-0.8319618,0
-0.84034395,-0.2693516,0
-2.144694,1.7306285,2
0.8434803,0.83641404,2
0.21992774,-3.3054357,0
5.3241687,1.3157239,3
-1.4758229,-1.821969,0
-0.7739719,0.9931392,2
-0.7093893,-0.6177404,0
0.860578,0.19222529,1
2.8044772,0.81535053,3
-0.56269425,-1.0074354,0
-1.705292,-1.1144112,0
-0.06764634,-3.4908423,0
1.7068653,-0.2958361,3
-0.9794919,-2.0009274,0
-0.4554502,-1.6358526,0
-1.9919524,-0.94651705,0
-0.98910016,1.0980968,2
-0.1307857,-0.079325974,0
-2.0128813,0.76980466,2
3.4375966,1.9061941,3
-0.7691618,1.1497159,2
3.2758057,1.1189514,3
-1.293952,-2.731292,0
-1.8380635,1.7274218,2
-1.5720801,-1.8798648,0
-0.61054397,2.1414309,2
-1.2962049,-0.92757,0
-0.61428636,-1.3276639,0
-1.131687,3.049236,2
-1.6678004,-2.6234171,0
-2.4000535,1.2141157,2
-1.2466929,-1.6545985,0
0.8952993,-0.12549852,1
-0.35464722,-1.5027653,0
0.3454558,-2.5601068,0
0.30433023,-1.8311356,1
-1.3414158,-2.9438355,0
-0.22429316,1.4454255,2
-0.8784761,0.61568797,2
-0.06343694,-0.093885936,1
1.5557965,-0.38959306,3
1.3156806,0.49998027,1
-0.33329985,-1.8029746,0
1.471626,-1.1074325,1
4.5102696,-0.25915456,3
-1.4340506,-0.6786745,0
4.4540296,0.7002698,3
-0.8145811,-0.929317,0
-1.1025088,-0.1652806,0
-0.7235504,-4.6318946,0
-1.2815284,-0.34764332,0
-1.584742,0.79932165,2
-1.1655333,-0.2754975,0
-1.0330887,-2.7239106,0
0.057360835,-2.9675682,0
-0.8817712,2.4127328,2
-0.5283169,0.75271404,2
-1.5581547,-2.5696266,0
3.8763835,2.18634,1
-1.9344245,-2.7899258,0
-1.0975895,-0.69938725,0
-0.5439931,-0.82827973,0
-0.019658845,-0.36319226,1
-0.91639525,1.7041695,2
-1.4485648,-1.8762542,0
-1.1309589,-1.1635845,0
-0.8066183,1.9757607,2
0.5686612,-0.8968991,1
2.888828,2.216378,3
-1.375015,1.5934135,2
-1.8642619,2.5740125,2
2.3426511,-1.5426741,1
-0.86489666,-1.1602554,0
-1.5397238,1.4459974,2
-0.34416917,-1.4056085,0
0.9581391,-2.443416,1
3.5065672,2.5614424,3
3.4708388,0.48636633,3
-0.91086614,-1.8582093,0
-0.9719275,0.8816572,2
-1.4528161,-0.12125602,0
-1.776445,-1.5941532,0
1.5377369,-1.1315061,1
0.34016007,-1.1797936,1
0.6302727,-2.5666325,0
-1.5763199,-2.1838403,0
4.70133,-3.5016115,3
-1.0374365,0.7506337,2
5.1495314,-1.0922143,3
0.78029126,3.3918507,1
-0.5948844,1.4592985,2
-1.1190622,-0.042005524,2
-1.6461852,-3.111636,0
0.8558236,-3.0595877,1
0.53765976,1.3597682,1
0.66702133,1.8032655,1
-1.1771683,-1.6886557,0
-0.9395703,-1.952399,0
-0.58172446,-0.29408443,0
-0.30447355,-3.5173287,0
-0.8314103,4.449283,2
1.773036,0.82682663,3
-1.0757092,3.7283802,2
-1.6210536,0.47013676,2
-1.7484661,3.046236,2
-1.4230013,-1.2827535,0
1.8078107,3.8349686,3
-1.5899351,1.0633622,2
-0.10755812,0.3452952,2
-1.857064,0.5955832,2
0.31666434,0.34042788,2
-0.24880144,0.75856304,2
3.2519846,2.21694,4
-0.8358937,0.5924361,2
1.2606311,1.2166115,2
-1.2852988,-1.9755327,0
-1.4678276,-1.3884209,0
3.7461689,-2.314521,1
0.013112373,1.4180151,2
-1.40053,-2.6125033,0
-0.6066929,-0.75167054,4
-1.3519084,1.4213462,2
0.34318337,0.32778162,2
-1.5277071,-1.2413521,0
-1.2638192,0.20919684,2
-0.2104635,-1.0672861,0
-1.4669459,1.225355,2
1.1113753,-0.2947486,1
-0.1258704,0.4237371,2
-0.10560012,-0.30661005,0
-0.6942908,-1.8093001,0
2.5732589,0.9843481,1
0.017939784,-2.9667273,0
-2.5925655,2.0193052,2
-1.6543834,-0.6227093,0
-0.37043282,-2.551002,0
3.086478,1.1332042,3
-0.29684094,0.32176536,2
-1.3065457,-0.79653126,0
0.19960512,1.6326791,2
-2.2045395,3.9491496,2
-0.7046232,-1.9824644,0
-0.17414169,-2.2035127,0
-1.4425302,0.8927189,2
2.3885288,1.2340842,3
-1.5847547,-1.872477,0
0.21397738,0.8934819,2
-1.2528186,0.71466726,2
2.2706225,2.2682104,3
0.9004844,-3.100226,1
-1.609802,0.9336038,2
1.8695618,-0.21284938,3
-0.7698729,4.246394,2
-0.109842926,0.2172503,2
-0.70100003,0.06409168,2
-1.108758,-0.5029474,0
-1.3101193,-0.86255616,0
-2.1819136,3.8892825,2
2.1684034,1.3936633,3
-1.7062153,0.39673513,2
-1.751728,1.0966156,2
-1.0505329,1.0715201,2
-1.2117579,-0.14834148,0
-1.9555978,2.2188172,2
-1.6995308,0.42405778,2
-1.7992871,-2.4170737,0
-0.97477883,-1.7409741,0
0.059911888,-1.058744,0
5.88837,0.38624245,1
-1.5767175,1.1982229,2
1.5720165,1.2728382,3
4.926201,2.5842168,3
1.5339947,2.9166243,2
1.4466324,1.5273371,1
-2.772525,0.2807132,2
-1.007351,-1.0456523,0
-1.13514,0.98528904,2
-1.2100334,-2.2154489,0
-1.3358566,0.35919935,2
4.261279,0.88415587,3
-2.9025035,4.596223,2
-0.42088786,-0.21368454,2
0.17714854,2.241214,2
-1.0972542,2.0626729,2
1.5391735,-0.006650308,1
0.3631737,-1.2303624,1
-1.160929,0.5526045,2
-0.8074761,-0.2330139,0
-1.3255855,-3.0126543,0
-0.87642884,-1.6608067,0
-1.2883315,2.163051,2
-1.1751289,-1.5086356,0
-0.62467253,1.8633287,2
-0.52318674,2.4502602,2
0.3905799,0.17555892,1
-1.4683628,3.1925318,2
-0.27266723,3.3198464,2
-1.2871351,0.1332824,2
-0.78991884,0.699163,2
0.25127208,-3.3435578,0
-0.2241307,-0.68044317,0
-0.35704333,-1.7358404,0
0.15216175,1.8861537,2
2.837108,-3.940121,1
-0.5327448,1.6081896,2
-2.0075803,3.5475528,2
-1.4932421,-1.0005548,0
-1.0358107,0.6599732,2
4.8565288,-0.36735797,3
-0.9977742,-1.763564,0
-1.2865815,0.23088755,2
3.4982073,1.5423435,3
1.089495,-2.4245102,1
-1.0448503,-2.159222,0
0.10866214,-0.58894324,0
0.8009746,2.5611265,3
-0.52584606,-1.1533881,0
-0.6779916,-1.4377258,0
1.3220208,0.4434741,4
0.0501571,-0.21282826,1
-2.2461233,0.5438082,2
-0.77133614,1.6877584,2
4.445891,2.218137,3
-0.81192786,-0.7874301,0
-1.2465442,0.3087654,2
-0.84059054,3.948644,2
-0.35833594,-2.1722927,0
-0.99181765,-1.044705,0
1.5928584,2.2196949,3
-0.28547928,-1.1137761,0
-1.155465,1.8279779,2
-0.62818855,-2.1440933,0
-1.050749,-0.5923132,0
-1.1187603,-1.0831099,0
-0.4198731,-1.0655321,0
0.5581031,-1.3118011,1
1.2744495,-1.8437603,1
-0.8304952,-1.8414248,0
-0.44681948,1.2556913,2
0.112050526,-0.2674243,1
0.43477735,-1.7692453,1
-0.8781298,-2.4197114,0
-0.967808,-0.026915971,2
-1.2951248,1.0763507,2
1.5976946,-0.873643,1
-1.3344326,3.3644116,2
3.6115186,-2.5270176,3
0.15015934,-0.12606221,1
0.5283364,1.0893655,1
1.8761377,0.9785076,1
1.9948535,2.4481897,3
-1.4374491,-1.4287992,0
1.1411384,0.81152195,2
1.0923086,-0.7742242,1
-1.7019091,-1.0818826,0
1.5727357,0.13249554,3
-1.7045681,-1.2633045,0
0.1087513,0.78546077,2
1.3170866,1.491053,4
4.270286,-3.1989925,3
-0.12513663,-1.1956648,0
-0.8779494,-2.7715864,0
3.5868948,-0.30933923,3
0.051438447,-0.33832926,0
-0.7263867,-0.37804282,0
6.859079,-1.1315094,1
-0.38053006,-3.0210204,0
1.783078,-1.2735469,3
-1.7064918,1.3452071,2
2.1098228,1.1076078,3
2.379384,-0.24480353,3
2.2061906,-1.3872278,1
0.5543657,1.4998918,2
-1.3221283,1.2244041,2
-2.0277078,1.2415239,2
-1.5289413,-2.9042957,0
-2.019314,-2.37742,0
-0.43842712,0.50890094,2
-1.2874494,1.9691275,2
-1.4697977,-3.788569,0
0.7515592,0.17510857,1
1.2856939,-0.6322068,1
-0.8357584,-1.4252499,0
-1.6639779,-2.4939864,0
1.7042292,-0.76054204,1
-1.2664919,0.48127478,2
1.4495968,-0.83546185,1
-0.46063378,-0.922147,0
-1.0040789,0.4966541,2
-1.6353918,1.7556846,2
2.1031294,2.8546126,4
-1.903161,0.31062192,2
-1.6369016,-4.5059276,0
1.253903,-0.8264815,1
3.2355502,1.9140807,3
-1.0315841,-1.313735,0
1.5026038,0.20679854,1
-1.6537306,0.07229093,2
-0.3648738,-2.4590352,0
2.316711,1.0046165,3
0.16998513,-1.6329545,0
-1.1041718,0.20448829,2
0.30470717,-0.07795809,0
-2.198704,1.302331,2
-0.7564625,-0.26264012,0
-0.70410275,-1.8009396,0
-1.6092929,2.5051284,2
-1.3076239,0.34090245,2
2.451013,2.4686706,3
0.14256714,-0.014389634,1
-1.0540367,-3.031263,0
-0.19272745,-2.337934,0
0.061094422,-2.0914497,0
1.9307995,1.046567,3
-2.0368798,1.7914004,2
-2.024628,-1.2053,0
-1.7771177,-1.7645278,0
-0.31597158,-2.6485114,0
-0.026156208,-0.07817526,2
-0.8771422,-0.6360782,0
0.6317472,-0.09848527,1
-0.56120926,-1.0955817,0
2.5612125,1.398952,3
-1.2175536,2.7017853,2
0.043346506,0.17980745,1
-1.7410184,0.39662832,2
-1.090795,-3.125325,0
3.0890403,-1.9531616,1
1.058718,-1.4390974,1
-1.3986351,0.49182278,2
2.6754642,-1.2848114,1
-0.9599124,0.89822453,2
-0.28070658,-0.9579954,0
0.8557187,-1.2303168,1
-1.3419707,-0.73703617,0
-1.221917,0.5026794,2
-1.1688466,1.88587,2
-0.5121185,-0.8715483,0
-2.1520917,2.4035861,2
-1.5531512,-0.53479886,0
1.4675922,-0.61292773,1
-0.23323289,0.73454356,2
3.2509766,-1.9333842,3
-0.65794754,-1.2732856,0
-1.8960904,1.3843322,2
0.9127813,-4.1518574,0
-1.054576,-1.593046,0
-0.16586718,-1.8704511,0
-1.2456263,3.288152,2
-1.3227127,0.3845297,2
0.6088995,-3.0527115,0
-1.4215133,-2.102677,0
-0.93952286,-1.3480672,0
-0.8037543,-0.9183417,0
-0.26336908,-0.64481694,0
-0.6419342,-0.29729104,0
-1.7488505,-1.9971564,0
-0.6763903,-2.7617178,0
1.2960975,-1.7809592,1
3.9791274,2.9724643,3
-1.7058488,-1.5390888,0
0.48218185,-2.0232801,1
-0.6109973,-0.17905517,0
-1.1638429,-1.8418475,0
-0.25663105,-0.048030652,2
-1.4531579,-0.5623706,0
0.13610512,-0.28277743,1
4.6018844,0.6664501,3
-0.8280925,-2.0251296,0
-0.96418446,-0.9339514,0
-0.9410626,0.67948455,2
1.718653,1.1265244,1
-1.6865926,1.5730861,2
-0.81602645,-1.7747118,0
1.0841177,-0.66611457,1
-0.44909295,-0.94033414,0
-0.9244882,-1.6261063,0
-0.4463134,-1.2879044,0
-1.7316784,0.6598492,2
2.1642437,0.35370016,1
-0.37699383,-1.166769,0
1.2590313,1.5113807,3
-0.7090454,0.32066405,2
1.2791455,-1.016207,1
-0.9945423,0.81122804,2
5.553681,3.67018,3
2.0590117,-1.3499161,1
-0.7467554,-3.1578977,0
-0.816375,-3.4997358,0
-1.4966952,2.188046,2
-1.8104787,-0.23460521,0
-0.19609939,2.8877618,2
1.1340232,-1.4407928,1
-0.24888863,-0.28424257,0
-2.3708704,1.0924665,2
-1.5156869,-0.17134146,0
3.1622665,2.076478,3
-2.5715654,0.8220644,2
-1.2993331,3.4401114,2
-0.79622775,0.53322756,2
-1.1923139,2.3874257,2
-2.1131568,3.6582112,2
-1.3863901,-1.3810732,0
0.463402,-3.1425226,0
-0.8239341,-0.89864874,0
-1.1783665,-2.7697494,0
0.36887664,3.5008662,2
-1.3893046,-1.0939757,0
-1.4395574,-0.45377278,0
3.1279275,0.000816904,3
2.4260426,1.0807225,3
-1.3219242,-2.7024186,0
-0.35031664,-1.5775485,0
-1.9658421,1.7091424,2
-1.1279802,-2.660799,0
-1.3962169,0.56959194,2
2.0279021,-0.09940865,4
-0.6747237,1.6839701,2
-1.2031922,-0.74866444,0
0.37236407,-3.3011267,0
2.527491,-0.39103687,3
1.2458109,-0.27138197,1
-0.6478525,2.1622505,2
-1.6465565,-2.0277092,0
-1.7234275,-3.867017,0
-1.574346,4.528327,2
-1.4109176,0.43471974,2
-0.4350321,-0.85749614,0
-1.3159584,-0.99440247,0
2.3893528,1.9574965,3
-2.1452744,2.088545,2
0.8548883,0.15914996,1
-1.2786481,3.7926104,2
-0.2149619,-1.2680329,0
2.0464828,-1.3779709,3
2.6967745,-0.9912275,3
-0.97076267,-1.5970857,0
-1.3132794,0.909774,2
3.6343687,-2.365285,3
1.8575203,0.07283716,3
-1.6424469,-3.6901023,0
1.8022505,2.817271,2
-0.24180347,-3.5473335,0
-1.4362429,1.1877155,2
-0.90918225,-1.2536956,0
1.6343925,0.107869044,3
-0.55333817,2.2528687,2
-0.62901294,1.5447062,2
-0.21879551,1.5315626,2
4.469452,3.0480127,3
-0.1381523,-0.9414677,0
-0.07153528,1.7379211,2
-0.474624,-0.21222998,0
-1.8111278,1.4885204,2
-1.5353682,1.2702264,2
3.1708987,2.5385396,3
-0.42624155,0.60380006,2
-1.8130053,-0.15680604,0
-1.1719072,-0.54752076,0
-1.177961,1.4759146,2
1.7297843,0.30805457,4
-1.9302393,-0.20467499,0
-1.4482954,-1.0414846,0
-1.9537618,1.5607395,2
-1.8029954,1.3083375,2
-0.0075477045,-3.3614967,0
0.734038,-1.8409204,0
2.7108703,-1.4486477,3
2.4384363,1.2414551,3
-1.3092021,2.0479167,2
3.9330413,0.9113311,4
0.051385213,-0.38267845,0
3.6115136,-1.2446573,1
4.062602,3.566788,3
-0.21194617,-0.85335714,0
0.38292038,-0.14843677,1
-0.94211054,-1.3841366,0
-0.9600622,-0.5134293,0
0.97119194,1.4521497,1
-0.85811406,2.8282175,2
-0.98285484,-1.9388988,0
2.278164,0.9056595,3
-1.5582885,3.669914,2
-0.2645682,0.02172998,2
-1.1497886,-3.1750271,0
-1.0315628,1.0748063,2
0.39332077,2.807899,2
-0.70640206,-2.1076157,0
-0.24483594,1.852448,2
-2.6732008,1.3094956,2
11.263027,-0.007200703,1
-1.8591008,0.6270558,2
4.819761,-3.7888577,1
-0.4585406,0.56304413,2
0.5880071,2.9924047,2
-0.29756024,0.75500184,2
0.06177161,-1.5712311,0
-0.7338958,-0.7386327,0
-1.9847367,2.393413,2
-0.9353965,-1.5595537,0
-1.4549859,-0.38255674,0
1.3106296,-0.9493973,1
-0.621841,1.6544653,2
3.2227437,1.6546246,3
-1.9525431,-4.2306147,0
-2.0987847,-1.1250718,0
-0.82006514,3.28169,2
4.793905,1.310657,3
-0.26380843,-2.2101784,0
-1.681994,0.3947596,2
-1.5891733,-2.6547153,0
-0.2948909,-1.3166507,0
-2.076813,0.46735877,2
-1.427418,-2.058824,0
-1.7460591,-1.0978861,0
1.5789973,-1.2301855,1
-1.5654957,0.4073199,2
-0.7604623,-3.2739885,0
-1.8779976,0.27354383,2
2.553156,-0.032863513,4
3.2233827,1.4123771,3
0.28036487,1.1248627,1
-1.0965776,-2.7234242,0
-0.69204366,-1.8683926,0
-1.3136775,0.93006593,2
0.09906347,-1.6773536,0
2.8849645,0.24683748,3
-1.1621642,-1.019422,0
0.46054482,-1.0217222,0
-1.5267524,1.572332,2
-1.2045631,1.3286682,2
-0.96663356,-1.0458882,0
-1.050211,0.43127418,2
-1.3873622,-0.39532214,0
-1.4522212,-1.2201467,0
-0.1328967,3.5558941,2
-1.557714,0.3624283,2
1.7591612,2.1176941,1
3.328905,-1.0290262,3
-0.333576,0.6941368,2
-1.8236542,1.5582926,2
-1.0200794,1.5667229,2
-1.7766545,-2.8084404,0
-0.9528266,3.1468704,2
0.13175425,-3.408363,0
-0.060958583,-1.7311639,0
1.7914436,3.1349626,3
-1.0409068,-1.4793935,0
-0.9247217,1.7181238,2
-0.48518258,1.582633,2
-0.7628095,0.25769526,2
3.9885235,1.5063583,1
-1.205266,0.9066934,2
2.6499379,0.9456823,3
-1.3755336,-0.20704617,0
4.38059,0.19018324,3
1.3188775,-0.17747854,3
-0.41759145,0.21292505,2
2.321554,2.1270895,3
0.057999764,-2.2208138,0
1.533438,-0.75415236,1
5.07059,0.72178394,3
-1.046133,-0.79561716,0
3.138101,2.5554495,3
-0.48335132,-1.9017997,0
-1.333707,1.0150481,2
-1.1861608,-0.09880926,2
-0.9153897,0.22679193,2
0.25112012,-2.7549295,0
-1.1233014,1.729346,2
-1.3642833,-1.4224302,0
1.8098844,-2.2867076,1
-1.3902044,-1.3015699,0
-1.7300242,-1.6461563,0
-1.066729,0.53738946,2
1.3514414,-3.0231516,1
2.7077985,0.85027766,3
3.8098488,0.17403735,3
-1.1513474,-2.8802426,0
4.628365,-0.08422957,4
-1.8370278,0.41241658,2
1.8795264,1.5892688,3
-1.1254708,-2.042372,0
1.261323,-1.2991962,1
-0.051869135,1.6214622,4
-1.179903,-1.7598486,0
-0.49767318,1.6092215,2
1.1402143,3.4882038,3
-1.3197978,1.5728343,2
2.4125855,0.4675269,3
-0.018583942,-1.2253563,0
1.843124,4.691204,3
-1.2454481,2.4348094,2
1.0323225,-0.794129,1
-0.44267294,-1.127932,0
-1.7365044,1.8882805,2
-1.8386915,-2.001952,0
0.29653576,-1.6318655,0
4.428027,2.5231247,3
-1.1171203,-1.5348992,0
0.7868981,-2.6022966,1
-1.2623051,-0.7320246,0
-1.6808531,0.96314466,2
0.4284062,0.7539442,1
-0.86062527,-1.3796132,0
1.4347422,1.398923,3
-1.0494224,0.3898865,2
1.8405256,0.4213763,3
-1.0184808,-1.5168841,0
-1.0654433,-2.2958317,0
-0.92925084,0.07113759,2
-0.3687923,-1.7657127,0
-0.78411424,-0.07698546,2
0.27973434,-0.35630274,1
3.071677,2.1337533,1
-1.7405206,0.5661308,2
2.0670016,0.6480396,3
0.11384157,0.18755409,1
0.35865268,-0.7671667,1
-2.3275645,3.390952,2
-0.5723439,0.74096686,2
5.0262303,-1.4337893,1
0.53315353,2.098897,2
2.6266372,3.6026945,3
1.5576816,1.9389482,3
-1.331506,-1.0192358,0
1.8159409,-1.8240497,3
0.47649428,0.79477817,1
-1.247466,0.6855644,2
-0.28060845,0.15097643,2
-1.1903144,2.8751488,2
-0.7312137,0.6403236,2
0.34283108,1.3930929,2
0.4714866,0.4871689,1
0.51598305,-1.309364,1
-1.388756,-1.1160457,0
-1.294681,1.2661786,2
-0.30989397,1.854101,2
-0.80826753,0.550468,2
3.4132082,-1.5016342,3
0.08317638,-0.25026637,1
-1.1159829,-2.145197,0
-1.85266,2.4074407,2
-1.1565981,2.2620974,2
-1.7828602,1.240766,2
-1.5995762,0.90023446,2
2.9705365,4.1797347,3
-1.2280161,-1.5966103,0
-1.4962842,0.049381115,2
-1.0472612,4.467035,4
-0.8730468,-0.8700647,0
1.7061437,-2.2741282,1
-1.1111627,1.3380817,2
-2.4088185,2.6160047,2
-1.6547781,-2.3070967,0
-1.102169,0.7947453,2
0.36491477,-0.25599623,1
-0.22898915,-0.5391478,0
-1.6364833,0.09739201,2
-1.2760497,-0.107160665,0
-0.6212758,1.9194027,2
-1.2816424,-0.52120787,0
0.56824225,0.38571864,1
0.7470573,-4.04381,0
1.1467733,-1.3232044,1
2.1272728,1.0904607,3
-0.51437384,0.95681715,2
-1.6563221,1.9803936,2
-1.1655425,1.5217867,2
-1.4953445,-1.2027749,0
-1.7655737,0.92806417,2
0.19982652,1.3106687,2
-2.2351227,3.0558145,2
-1.3272991,1.3423128,2
-0.9304493,-2.5285478,0
-1.7045411,1.4407166,2
-1.0603538,-0.91475743,0
-1.1381631,0.7153321,2
1.9664346,3.279493,3
-1.167687,-0.2947238,0
-1.9203796,2.6750221,2
-0.9672545,-2.153804,0
-0.50732374,0.3120665,2
-1.4090168,1.550864,2
-1.9748024,0.4693116,2
1.8963817,0.14339793,1
0.12962687,-2.0183258,0
-0.907733,-4.5947866,0
-0.96816605,2.3876352,2
-0.4501392,1.1161472,2
-1.2407488,0.18560694,2
1.3785615,0.81776786,1
-1.8352842,-2.0026987,0
-0.6360391,1.379208,2
-0.8933296,-0.2624089,0
-2.0130358,-2.4486113,0
-1.8900301,1.8996257,4
-1.3046845,-0.27423954,2
-1.4395456,5.204823,2
-0.6665498,-1.0006942,0
4.526405,-0.384889,3
4.443342,0.009467073,3
1.3974302,-1.8736489,3
-1.1155238,-0.08000706,2
-1.3769553,0.6489477,2
-1.2980419,2.8366747,2
-0.81944644,0.09949933,2
-0.9015482,-2.8066578,0
-1.2026896,-2.7294185,0
-0.36746794,0.047665432,2
-1.2359353,2.7796524,2
1.6261641,-3.1384373,1
-1.2247452,1.6551616,2
0.08929108,0.74220175,2
-0.6927811,0.596412,2
-0.3481661,-0.1689388,2
-1.157399,-0.5013264,0
0.16471727,-3.1412923,0
-2.039028,3.1740553,2
-0.29885042,-1.8425314,0
-1.3174851,-0.6059246,0
-1.7445425,-0.31986624,0
5.0215473,-0.17697577,1
2.7532628,2.5222838,3
0.11538907,-1.6764627,0
5.528092,1.3402593,3
-1.9481126,-0.053025916,2
-1.8760893,4.436219,2
0.314832,0.74485165,2
-0.30545107,-1.213356,0
5.64605,0.54919267,3
-1.2704382,1.4566451,2
-1.1071765,2.4666827,2
-2.169083,0.18653122,2
-0.19160962,-0.34028733,0
1.8087862,3.981744,2
-0.7090868,0.34064615,2
-1.7290833,-3.1466594,0
-1.7565262,-1.0098984,0
-0.08167765,-0.3278414,0
-0.99692076,-2.9844587,0
-1.2831783,-2.8323398,0
2.5942929,-0.5311726,3
-2.1437488,1.9880364,2
-0.40347734,0.86465925,2
1.4111941,-0.17632826,1
0.46134308,-2.102778,0
-1.2914405,-0.2784785,0
-0.8895261,1.3014582,2
1.9483112,0.31726182,1
2.8930464,0.06596052,3
-1.4014978,-0.077233285,2
-0.87732106,3.2550924,2
-1.2110602,1.9678398,2
-1.0562845,-0.899997,0
3.7128236,-3.5092075,1
-1.3529173,-2.4308295,0
2.5620906,2.1234517,3
0.3202707,-1.2855824,0
-2.144512,3.383405,2
-0.72228813,-1.306728,0
2.644541,2.9200957,3
-1.7672739,-1.8952044,0
1.1809503,-1.7672147,1
0.031225597,-0.75089324,0
3.2203913,0.0918435,3
-1.2994449,5.231551,2
-0.8721766,-0.6195159,0
-1.2312092,-0.3032217,0
-1.1655611,1.8671918,2
1.2656585,-0.23458512,1
0.039151333,0.36200762,2
4.039818,3.0825486,3
4.046493,0.9594809,3
0.070051044,1.3958807,2
4.647384,3.504802,3
3.8312263,1.2899597,3
-1.7000552,-0.624306,0
2.6522417,1.1542029,3
-1.5104501,-2.2760274,0
-0.9890788,-0.15478632,2
0.13652916,-1.0222092,0
-1.7993948,0.5007867,2
-1.0222938,-1.4221433,0
0.1790766,-1.417526,0
-0.87937987,1.9383461,2
0.37053373,1.6114327,2
-1.4633085,-2.923395,0
-0.56873494,0.21229318,2
7.3406115,-1.7300754,3
-0.7028883,1.2402602,2
-0.35878232,2.2300422,2
-2.1395812,-0.4200958,0
-1.1803238,-1.9824388,0
-0.8586122,0.7122473,2
-0.07612999,-2.2340882,0
-1.0647259,0.42553723,2
4.2315874,1.1043884,3
-2.0460126,3.8255863,2
2.1113389,1.6487132,1
-0.87852055,1.3726395,2
3.577547,3.4714222,3
2.671027,-1.2601763,3
-0.8110736,-4.050237,0
-1.032167,-2.210781,0
-1.122439,-1.4122941,0
0.17260197,1.7296565,2
-1.0890564,-1.527176,0
-1.1508712,-0.34096915,0
0.04689336,3.1203864,2
-1.0080389,-0.33583385,0
1.7597935,1.8053361,3
2.5783043,-0.65579134,3
1.0566703,0.004753545,1
-1.0645078,-1.2609546,0
3.8546946,-1.2513239,3
1.42694,0.5358627,3
-0.24123313,0.5971757,2
-0.11476696,-0.67137665,0
-0.93400925,-1.0963444,0
-1.3950478,2.0216038,2
-1.8424098,0.17426814,2
3.643906,-3.8345306,3
2.7166777,2.0177429,3
-0.506033,-0.79177946,0
0.35917813,2.6885996,2
-1.9470255,-0.75146705,0
-1.1385903,-0.14852665,0
-0.06688797,-0.7316459,0
-0.2269257,0.24665563,2
1.622335,-1.5739353,3
-1.4152899,-0.9593252,0
-1.4986162,-0.76677305,0
1.9213,0.95540684,1
2.331222,1.0365962,3
2.8537986,-0.8850819,3
3.8053672,-1.5890894,3
5.235743,-1.7004544,1
-2.2092583,3.5493283,2
-2.4680374,3.015991,2
0.05703475,-0.8662407,1
-1.045539,0.78062046,2
1.3794374,1.6089473,1
-1.9652123,1.567383,2
-1.8480909,0.32155585,2
-0.09986509,-1.115017,0
1.5117527,-0.762178,1
2.1021247,-0.076812506,1
1.232844,-1.256883,1
-1.3280349,-1.4014213,0
-1.6637326,-1.51594,0
-1.0082546,2.031241,2
-1.6752889,1.8476748,2
-1.9078908,-1.6712847,0
3.732008,1.2126504,3
-1.7547944,-0.09577605,0
-1.201855,0.66170985,2
2.4781559,2.119111,3
-0.024690846,-3.1832716,0
-1.5767826,-0.69726175,0
-1.4801259,-0.6820881,0
-1.0680265,0.40634292,2
-1.898099,0.6179846,2
-0.9794261,-0.9810411,0
-1.8433177,-1.5928303,0
0.3684581,1.9755733,2
0.3638893,1.436917,2
0.77091247,-0.035335645,3
-1.7430978,-2.1468625,0
-0.78484756,-0.33384496,0
-2.0957487,0.75986433,2
2.816306,4.1106553,3
-1.7875636,2.3222651,2
-0.32385623,-3.1150448,0
0.1534703,0.41770196,1
-0.76208717,1.1265429,2
-1.0937246,-2.0185857,0
0.56839985,-1.566468,1
-0.9071318,-1.0565801,0
-1.9449308,1.0859725,2
1.4940006,2.2326324,3
-1.3561987,-0.9324432,0
3.6567647,1.5881805,3
0.83864677,-1.0324041,1
3.5262754,2.7067993,3
-0.8529598,-1.4897103,0
-0.8651525,0.35870475,2
-0.46785617,-2.4859767,0
0.966625,-0.36622572,1
-1.6183903,0.62854505,2
0.5692989,-2.35123,1
-0.2646955,0.9671789,2
-1.2683016,-3.055858,0
-1.1779569,0.4681219,2
1.5747612,2.1160657,3
2.3233578,1.9516525,3
-0.99337006,0.5863449,2
0.40707928,1.7046089,2
-1.1286227,-2.9603384,0
3.8913295,-1.0552559,3
-1.5647056,-0.5450079,0
-0.7893691,-1.3937099,0
-2.087043,0.38655144,2
-1.0168542,0.6352698,2
-1.2191936,3.7443273,2
-0.951291,-1.043557,0
-1.0389854,-2.070617,0
-1.8449887,-0.6034639,0
-1.0943097,-1.4909037,0
-0.5744327,-2.6729321,0
1.1195658,-2.2060244,1
4.580192,0.81333077,3
-1.8053288,-2.4286134,0
-0.23870035,-3.2758577,0
-1.1105014,0.58083135,2
0.030962242,1.9833002,2
0.8277099,-0.9162488,1
2.9977145,1.5361168,3
-0.2595487,-1.0003937,0
-0.87430954,-0.23237912,2
-1.348356,0.36522055,2
-1.7277508,2.2096405,2
-0.64500564,-4.155415,0
-1.6555779,1.1137185,2
-0.09372412,2.7024806,2
-1.0525955,2.1483777,2
3.8421514,-3.0867682,1
-0.52895373,-0.43465155,0
1.9450383,1.8027478,3
-1.3638922,0.7433654,2
1.554731,1.6835315,3
-0.3897978,3.1961956,2
-1.4751028,0.23256947,2
-0.897319,-1.5342311,0
-2.1675947,-1.8508064,0
-2.231182,3.2527757,2
-1.5779475,-1.5029786,0
-1.7452009,2.1607444,2
-1.4227661,2.0926921,2
-0.1965617,-1.7300291,0
-2.6178162,3.9659057,2
-0.35237268,0.22342591,2
0.9140021,-2.1123297,1
-1.0840694,-1.2356324,0
2.539541,2.1417503,1
2.6580353,2.4109004,3
-0.040932175,1.2290756,2
-0.56118125,0.5820467,2
-0.121938944,2.0788054,4
-1.7741386,2.3669055,2
1.7828512,-0.3138799,1
4.3451962,0.79774827,1
1.1962745,-1.4405113,1
-0.8861185,2.6603787,2
-1.0031979,-0.45026475,0
-0.24531372,-0.26092166,0
1.27756,0.8469324,3
-0.82354355,1.8806567,2
-0.09317519,-3.546141,0
-0.9230829,0.3960445,2
-0.9436888,0.24848579,2
0.30982664,-1.7260503,0
0.3420091,-1.8095661,0
-1.8470056,0.47370303,2
-1.8270276,-1.9364681,0
-0.17198083,0.37720186,2
4.7741914,0.082688764,3
-0.6011726,-2.5772407,0
-2.160955,1.3722531,2
-1.122362,1.6341574,2
-1.8831931,-1.9086214,0
-1.4317044,1.3213223,2
-0.6812442,1.1791815,2
-2.3181036,-0.739779,0
-1.895615,2.2850425,2
-1.0541583,-3.7029386,0
4.4237733,1.7129601,1
-0.03421145,0.19410817,2
4.0048146,-2.147063,1
-1.5370433,1.37526,2
-1.2293675,-0.36460793,0
0.5405904,-0.61069787,1
-0.22108112,-0.15797584,0
1.502557,0.5724328,1
-1.4491153,0.93116844,2
1.3205751,-0.79760814,3
-1.7877355,-1.0605233,0
0.010707489,0.038439043,2
-2.3053968,0.6902731,2
-0.53283954,3.1598377,2
-1.0624111,-1.4510059,0
0.46383613,1.7986952,2
0.09256499,-0.92973113,1
4.663271,3.4934826,3
-0.39438266,-1.0204262,0
-1.6400211,-0.55558753,0
-0.20913756,-0.11100961,2
1.2536181,0.6101024,1
1.3404297,0.7135556,1
-1.5270847,-0.48529267,0
-1.1684184,-1.8132483,0
-2.3611352,-0.1539398,0
-1.2198665,0.5018065,2
6.152112,1.7683051,3
0.46615016,-0.4748395,1
-0.37665626,-3.143835,0
2.6850674,-1.1812892,3
0.039036572,-2.0988173,0
-1.3493061,-0.92153627,0
-0.86615247,-0.95533556,0
-0.27064562,-0.9407934,0
-1.3672771,-3.2905233,0
1.9391646,-3.0801136,0
3.8785155,0.18214643,3
-1.331449,2.5030227,2
0.21663159,-1.2822754,0
-1.3334262,2.0440986,2
7.02176,-4.2070117,3
-2.4914238,0.47161263,2
-1.4939059,1.7582438,2
0.23524292,-3.1311343,0
-1.083466,-2.1020133,0
1.4551038,-1.1760972,1
-1.7012749,-1.917979,0
-1.5279402,2.0197406,2
0.4770047,-1.1418746,0
4.8142567,0.6454126,3
-1.7115507,1.1398256,2
4.544421,1.3980091,3
-0.9126397,-1.2391698,0
0.23013513,-2.486198,0
0.6792301,0.62632704,4
-1.6378208,-0.39519984,0
-0.79240555,-1.174258,0
0.24644841,1.0697724,2
-1.1467888,0.88518035,2
-1.7764995,1.9722457,2
2.7383833,-2.7374914,1
1.2177113,-2.4776642,1
6.306615,1.1326647,3
5.665762,-1.021109,3
-2.2221653,2.9554217,2
-1.5215241,1.6397189,2
-0.40814772,1.7217417,2
-1.307062,-1.8640344,0
-1.234254,-0.34030348,0
-0.65198237,-1.0594566,0
-1.0011744,-2.4997482,0
2.6101174,1.9844091,3
0.40825742,1.2270352,1
1.0284592,0.052151337,1
-0.9596049,-2.103564,0
-2.002914,1.0667251,2
1.4296441,-1.359226,1
0.9982643,-2.6658432,1
-0.823566,-1.0634046,0
-1.2420423,-2.1514974,0
0.67243725,-1.8619821,1
-0.89727557,0.7747151,2
-1.5332937,-0.83709055,0
-0.94063514,-2.2980084,0
-1.8091168,-0.1688851,0
-1.1702316,-0.24893193,0
1.3565937,3.4436603,2
-1.0876656,-3.228828,0
-0.7811234,-1.3304286,0
-1.4460628,-0.5817222,0
-0.99744326,0.8017545,2
7.404597,2.470382,3
1.8682014,-2.9936779,1
3.6302345,2.7148492,3
-0.8669013,0.73077524,2
-1.8576916,-2.8333752,0
-1.566784,1.3919188,2
-1.003716,1.6842473,2
2.671407,1.2437799,3
1.0252639,-0.5523285,0
1.1014385,-0.3901438,1
-0.7391873,0.55199605,2
0.74076813,-1.5556772,1
-1.7881501,-0.17122933,0
-0.60374814,-3.518338,0
-0.32056224,-0.8689299,0
-0.4555331,-0.6595115,0
-0.9993388,-1.6312449,0
-1.3137096,0.15054965,2
1.6060809,-4.2907233,0
-1.407859,1.0959848,2
-1.5291926,0.16645566,2
-2.0733964,-0.08426614,0
-1.7124614,4.0386934,2
-1.0002882,2.9602027,2
-2.4228418,-0.17754693,0
1.5174261,1.4979455,3
0.7360204,-0.88737994,1
-1.3282872,0.0050223917,2
0.36156246,1.0458871,1
-0.56139505,2.5043497,2
-1.4692001,-1.223092,0
-0.006698748,-0.7171027,0
-0.76064545,2.8223732,2
3.944805,0.82118756,3
-1.9155354,1.0236261,2
-1.0053334,-2.0311124,0
2.4039826,2.380543,3
-1.9168885,-2.107345,0
-1.0628146,0.1673849,2
4.841984,1.1693153,3
0.8888214,-2.9988482,1
-0.36795643,0.17440683,2
-0.79609495,-1.6870916,0
-1.9501938,-1.3834977,0
-1.198402,1.2591027,2
-1.3254501,0.43206578,2
-0.54751444,2.8671055,2
-0.79689664,-2.1725478,0
3.440918,2.164513,3
-0.65330154,1.8726847,2
-1.5509369,1.2439746,2
-1.232977,-2.5546966,0
-1.228618,-1.6224817,0
4.9791484,-2.1127455,1
1.3520641,-0.0431083,3
2.3024144,-1.8659511,1
-0.72261524,-1.9620292,0
1.0189161,0.9145573,3
-2.2631557,3.9835951,2
-2.3501787,1.2754141,2
-0.19059522,1.1180329,2
-0.23252401,0.4682693,2
-0.25711256,-0.73590624,0
-0.7906204,-0.9284426,0
3.613622,-0.13895863,3
1.6173005,-2.0330079,0
-0.8019994,-1.2506629,0
-1.7047992,0.17787008,2
0.61774564,-3.0573914,0
5.3615623,-1.6677998,1
0.4717733,-3.2166865,0
2.071655,2.276755,3
-0.23477496,0.46312505,2
-1.906025,1.4133326,2
-0.31305122,-1.7359784,0
0.8172033,-0.22986166,1
-2.261553,-1.0155709,0
-1.289164,0.7235242,2
3.969781,-1.5532774,3
-0.44067574,1.2528367,2
1.357059,-1.7983761,1
-1.5701549,1.7361716,2
3.6775143,2.493358,3
2.7745059,2.6784756,3
-1.2234178,-2.437372,0
-0.9502699,-1.36034,0
5.598907,-0.40588415,3
-0.008112511,-1.8066957,0
-0.6842664,-0.94798845,0
-0.10884814,-1.9772366,0
-0.15339404,0.074992366,2
-1.4915997,0.6073407,2
1.5431083,0.37031347,1
4.1649413,-2.799614,1
0.40560967,0.7905711,1
-2.5711842,1.3411238,2
-0.57401866,0.25926626,2
-1.2457517,1.7537255,2
0.38456807,-0.88279074,1
-1.342644,-2.998513,0
-1.057873,-1.8253729,0
-0.8062072,0.5592677,2
6.431536,0.8950499,3
-1.4713603,3.6386416,2
-1.7665764,-0.3697322,0
-0.3110888,2.2670891,2
-1.6499348,-0.29610974,0
3.4547546,5.3016725,3
3.220497,1.1112604,3
2.4761434,0.11216639,1
2.442681,-0.51728725,1
0.7996788,4.578093,3
-2.5810616,3.4941206,2
-0.83626854,1.6717716,2
1.2872021,-2.6580093,1
-1.4475443,0.99631876,2
2.3009799,-3.0057302,1
-1.4014487,0.096465364,2
-0.77689666,1.3738178,2
0.60608035,0.5160476,1
-1.9304794,1.5325072,2
-2.1262243,-1.5921528,0
-0.4335869,2.2044024,2
-0.22027466,2.3318903,2
-1.3970064,2.4943163,2
-1.1047397,-1.5571382,0
0.5525332,0.11956121,2
2.6859398,4.540266,3
-0.42624757,-0.42950392,0
3.2693896,1.7111101,3
-1.5787739,-1.96118,0
1.7876024,-2.7709327,1
-1.5757618,-1.1236341,0
4.971079,2.4171257,3
0.67696685,-0.9520228,0
-1.4945805,2.4264796,2
-0.935052,-4.223789,0
-1.4752338,-3.0579119,0
-0.53356117,0.08092878,2
-1.2506386,3.2071338,2
-1.3667401,-2.2014644,0
0.8598402,0.526223,1
-1.6151648,0.12599297,2
0.16371712,1.0836407,1
-0.8573035,-0.15656306,2
-1.4474448,1.7702227,2
-0.33771205,-0.6517855,0
-0.6393223,-0.46472305,0
0.9685229,0.6699332,1
-2.2085176,-1.742157,0
-0.7410052,0.06795489,2
-1.1504779,-1.1905526,0
-2.3403091,3.7536871,2
2.760984,3.618809,3
1.3796175,-2.8759542,1
-0.84553623,-0.3090431,2
-1.7021085,-1.9820577,0
-0.64916664,0.47192824,2
-1.2573721,2.2903621,2
1.8909602,-2.0746498,1
-1.3498572,-1.6160631,0
4.5395894,1.0178013,3
-0.37218434,-2.2045348,0
1.164778,0.05882521,1
2.7027636,-0.46746296,3
3.8844745,2.1376827,3
-0.025870712,-0.5660179,0
-1.5953912,0.7263189,2
3.0580213,0.4653802,3
-0.63539124,1.2400253,2
4.487422,2.8684042,3
-0.7979307,-2.1483982,0
-1.8031442,1.2403629,2
5.753796,1.5053922,3
-0.13542703,0.115087375,2
-0.9922626,-1.6102171,0
2.7497666,2.351402,3
-1.0165868,0.49007255,2
-0.9765708,-2.307739,0
2.2202656,0.76027805,3
-1.4920586,-0.30359983,0
-2.0540094,2.156942,2
-0.65354306,-1.990477,0
-0.9060548,1.6145822,2
-1.4074739,2.4850688,2
-0.28729403,1.976073,2
-0.08408763,-2.8234465,0
-0.54605675,0.20941032,2
-1.6900309,1.2096274,2
-1.0672444,0.19043781,2
1.0961201,2.2831023,2
-0.54118556,-0.039080873,2
0.52117944,-4.173315,0
-1.5239422,-1.2360958,0
-1.9791375,2.3002803,2
-1.0354042,-0.84734994,0
2.1073484,-2.0902898,1
-0.48617932,2.9609816,2
-0.64602274,-1.3506228,0
1.7412034,0.5143856,1
1.8578995,-1.1096473,3
2.5170596,-0.23461924,3
0.36556655,-1.2019686,0
-0.74709994,-1.1770796,0
-1.4889119,-2.4154265,0
3.6238449,2.2541866,3
-1.6077513,-0.9463273,0
-2.9316237,4.0920744,2
-0.13942128,2.1107442,2
-1.1186229,-0.4481328,0
-1.6670109,1.2353464,2
-0.8371516,-0.049667288,0
-1.134952,1.2007226,2
-1.4366164,-1.4701005,0
0.21559316,1.1844348,2
1.2224617,-0.16432896,1
-1.0051414,-0.3547511,0
-1.4537469,1.6370149,2
-0.5687124,-1.9256902,0
-0.28010985,0.6400298,2
-1.0948927,-2.877681,0
0.1268687,-1.6905227,0
-1.1811031,-3.160203,0
-1.4871836,-1.8034866,0
-0.33913314,2.9969957,2
-1.8153605,1.4290576,2
-0.8154325,-0.1268156,0
0.7610542,0.60102695,1
-1.2233315,2.0752242,2
-1.3635947,3.4191391,2
-0.39520404,-0.548537,0
-1.178263,-0.69234926,0
-0.044167526,-1.7360857,0
-0.6325243,0.0051510483,2
2.4759796,0.16309819,1
2.1336334,-1.2577486,1
-0.9769178,-1.6914538,0
-2.1081324,1.1700491,2
-1.2238629,-2.5820053,0
-1.543607,0.19202617,2
-1.6510236,-0.6623375,0
-0.8639982,2.1484745,2
0.3135623,2.4550362,2
1.1879909,-2.0208874,1
4.151995,3.3733916,3
-1.1414427,-2.3292563,0
-1.369262,-0.013064921,0
-1.8553593,0.31195593,2
1.5403352,-0.9171551,1
-1.6168921,3.394531,2
-1.5551691,1.0098039,2
-0.33769864,-1.0653764,0
-1.756461,-1.000944,0
-1.9360616,3.2482774,2
2.197732,-0.056694545,3
1.4697934,-0.42439604,1
0.9728088,-1.3502147,1
1.839197,-1.1206717,1
-1.0060108,-0.65820473,0
-0.6768079,2.1132314,2
1.6402816,2.179333,3
1.6593308,-1.4859626,3
3.9897308,1.8711578,3
5.1329865,-0.26401198,3
4.0451527,-0.7545987,3
3.720181,0.25903606,3
1.7004763,1.2410779,1
-2.018026,4.668677,2
-0.73407835,-0.97189003,0
-0.31448793,0.03851971,2
-0.058506865,-0.2395358,0
-1.543978,2.266533,2
2.0528986,0.26878822,3
-0.91189855,-0.07574943,2
-1.6205816,-2.248023,0
0.54859346,2.250991,2
-0.79440933,-1.9984214,0
-2.3211658,1.8423008,2
0.30848333,-0.96242917,1
-0.48151252,-0.6235168,0
-1.2993157,-0.6491186,0
3.5902696,0.3106032,1
-1.3618577,-1.3584293,0
-1.7159047,0.25168377,2
-0.8335929,-0.7181702,0
4.4893956,4.805338,3
-0.0077090133,1.0655398,2
-0.9558459,2.2735364,2
2.6255822,3.878747,3
-1.58378,0.9430407,2
-0.7991165,2.9820511,2
-1.0839155,0.23711063,2
1.5066977,0.20814,1
-1.6971262,1.3599373,2
-0.03162125,1.9243532,2
-0.9080664,-1.2103698,0
-1.103294,2.0127761,2
-0.07206588,-1.7255874,0
-1.7984804,1.6374283,2
-1.9884623,-1.1762637,0
5.886272,-0.74929583,3
1.3343349,1.5528256,1
2.2990339,-0.22430836,3
-1.4394213,1.8965151,2
-1.3791972,-2.543618,0
-0.6812281,-0.07122998,2
-0.52314407,0.52249247,2
4.1467047,-0.76659095,3
0.47706798,-0.4458465,1
0.115241915,-1.9543276,0
-1.2568575,-0.17812498,0
1.5771428,2.4373093,3
-1.2585835,-3.374159,0
2.7478745,0.25844353,3
-0.52248436,1.8324366,2
0.61004794,-2.4823666,0
1.809263,1.8900796,3
-1.7614983,-2.5967672,0
1.3273075,-0.29301393,1
-1.0377469,1.1586776,2
-0.7163004,-1.3469527,0
2.9725745,0.55354375,3
1.9500594,-2.280474,1
-1.5045414,0.08899671,2
-1.3361442,2.3393693,2
5.2600813,0.56107175,3
-0.9493105,-0.9883354,0
-1.8954805,1.119931,2
-1.906877,2.724955,2
-1.2517647,1.7971078,2
-1.3548163,2.8133066,2
-0.15447332,2.3180332,2
-2.0174773,0.074511275,2
0.22602999,0.48442322,2
-0.26994073,-1.2641191,0
0.51578355,0.45916003,1
0.096298315,-0.89368457,0
0.31356296,0.2659902,4
-1.1005921,-1.9395016,0
-0.053942148,0.32662296,2
-1.6480322,1.4813567,2
1.6652024,0.09497182,1
-1.1637534,-0.44075584,0
1.6091388,1.0164541,3
-1.4679463,1.9388819,2
-1.2117537,-3.7159524,0
-0.39523816,-2.3327265,0
1.7783904,1.2738953,3
1.7302636,1.2808679,3
-1.0492734,2.576223,2
-1.271781,1.8222806,2
2.6344624,2.8025124,3
-0.4217782,-0.8906689,0
0.14876115,0.9291913,2
-0.63994336,-1.5862578,0
-1.3431578,3.2722142,2
-0.4283227,2.1325758,2
-0.267333,-0.300466,0
2.2045524,1.7213478,1
-0.5769389,-0.585998,0
-0.90839386,0.04022371,2
-1.5532541,-0.5247066,0
-1.5616482,-1.1804241,0
1.1819031,1.4798071,3
0.11098692,0.7009481,2
-1.3488135,0.98729676,2
1.9664719,2.105095,3
-0.42220667,3.888839,2
-0.21260594,-0.2624277,0
4.4667583,-0.49122143,3
-0.02265747,1.3124697,2
1.4052291,4.285589,2
-1.6805295,1.4517477,2
0.54310995,-1.2446465,1
0.3987414,1.3303967,2
0.26139688,-0.25117594,0
-0.08180758,-0.995799,0
3.4653585,2.4014447,3
-0.73647946,-0.68311113,0
-0.6925122,-0.558296,0
-0.16589095,-2.8951495,0
-0.74358046,2.4963229,2
-1.296049,1.1688802,2
-1.5657996,-2.0165334,0
-0.19728905,-2.9397814,0
-0.15185831,0.21188328,2
-0.77568775,0.99397093,2
-0.3751249,-1.1429341,0
-2.1474693,-0.028832313,0
-0.89472705,-1.3918135,0
2.7588375,0.8290896,3
-1.2358458,-0.26939857,0
1.5783074,0.17453584,3
-1.8753486,-1.0974402,0
1.3501114,0.43499,3
-0.38341463,-0.36865193,0
2.4956198,-2.4707038,1
0.3248583,-0.6250325,1
-1.3721093,1.4552569,2
2.5888984,2.490324,4
1.4331679,0.5901407,3
-1.0885825,0.39007986,2
-0.62951666,5.163591,2
-0.626543,-0.4493925,0
-1.2910911,3.342855,2
1.2755743,0.6591403,3
1.7911603,2.1619034,3
-0.6168894,0.79098356,2
0.21495573,-2.118353,0
-0.95079994,2.231073,2
-1.2104243,2.2947903,2
-0.88429946,-1.5690955,0
0.09044905,-0.83638245,0
-1.5193578,2.1998916,2
0.17437105,-0.09473801,2
0.25756365,-1.1530044,1
2.6755502,1.5521755,1
2.9344866,1.1029768,1
-0.7378526,-1.0279769,4
-1.1988696,-2.4574366,0
-1.7930003,-0.14051074,0
0.5148131,0.25850278,1
0.6428766,-2.4236712,0
-0.7923195,-1.5303638,0
-1.4485722,1.052322,2
-1.6404603,-1.3822156,0
0.37312,-0.71145064,1
-0.7010082,0.5822881,2
-1.344563,2.6938808,2
-1.170104,2.841766,2
-0.28527993,0.55692595,2
0.08707713,-1.8693458,0
0.46152884,-1.171789,1
-0.9368271,0.7451189,2
-1.2922436,-2.143415,0
-0.9719173,-0.49584597,0
0.60920393,-2.0394251,0
-1.0417423,2.1515038,2
-1.6359773,3.567037,2
-1.2043334,-3.0184069,0
-0.95045465,1.1932615,2
-1.630547,1.3428715,2
-0.43413162,-0.76633245,0
-0.5595625,2.3294055,2
-1.8466946,2.0101817,2
-0.74941874,-1.8327541,0
-0.9188746,-1.5565248,0
3.7457592,-0.09832011,3
0.82035285,-2.250106,1
2.8376768,-1.045649,3
2.9938905,-0.32016838,3
2.8742015,0.07889157,3
-0.8135943,-1.8513193,0
-0.4283601,0.6966331,2
0.22063522,-1.5803963,1
-2.30773,2.0768363,2
4.319731,0.3938185,3
-0.007610034,1.4290212,2
-0.46607986,-1.0390084,0
4.9668946,-0.92765903,3
-1.0880063,-0.0082785785,2
4.3566537,-0.5129917,3
3.5053964,1.5180457,3
2.8609402,0.50962657,3
-1.0907046,-2.9296837,0
0.27450633,-0.5130543,1
-1.132977,-0.64757913,0
-0.7675164,-2.1048417,0
-0.46467817,1.5737416,2
4.3831363,0.19628242,3
3.2128177,1.7736154,3
-0.65537935,-0.21321255,0
-0.948776,-1.8356938,0
0.10767114,-1.6767757,0
1.3353419,-0.8163539,1
-1.9958496,3.2683687,2
1.9468635,2.9980688,3
0.70688516,1.0202436,1
0.9738902,-2.413534,1
-0.8803095,1.3748789,2
-0.024175944,1.2460916,2
-0.23203073,-1.2840801,0
2.5052834,-0.58940995,1
1.4313734,0.37487197,3
-0.25131834,2.0708156,2
4.276718,-0.85473585,3
-1.2603738,-2.3725708,0
4.1248727,1.1893952,3
-0.53082865,-1.2988731,0
0.084408954,-0.025031926,1
-1.3919461,-3.5435188,0
-2.090186,1.121003,2
-1.3511341,0.43610567,2
-0.08498618,-2.9793208,0
-1.0539896,0.43672806,2
1.5152805,4.119031,3
-0.5422562,-2.4068532,0
2.707508,3.697683,3
-0.2633597,1.75094,2
-2.4081175,1.0223713,2
-0.872045,2.473285,2
-1.734234,0.7647162,2
-0.11549331,-0.4714567,0
-1.397979,1.8555839,2
-1.6515558,1.4542135,2
-1.6313695,1.0716615,2
0.8830268,0.0322123,1
1.0467012,-0.8251744,1
-1.3816279,-0.44642454,4
-2.145675,-4.02774,0
-1.8782202,-1.853025,0
0.047351073,-0.5981031,0
-1.4123079,-1.5412848,4
-0.890316,-0.015465289,2
-1.6143519,-0.41980648,0
-1.3590195,0.53927785,2
-0.029137168,2.2205787,2
-1.7672683,2.438223,2
-1.7001936,2.1085606,2
1.6021268,-0.08444822,1
-1.6319752,2.2515569,2
-0.22327575,1.8258783,2
5.425804,-1.2879736,3
-1.4230605,1.634608,2
-0.03887755,0.39532942,1
2.3784065,1.1525688,3
-0.8723921,-0.67441237,0
-0.2977184,-0.7782252,0
-1.9179599,-1.9852046,0
-0.63672876,3.9414039,2
-0.99946636,-1.7234453,0
2.7559447,2.3033118,3
-1.1860278,-1.9009807,0
-0.70028806,-2.6084673,0
-0.76971227,-1.7338215,0
0.56849384,-0.7614439,1
-1.6129853,3.803776,2
-0.672698,-0.9473244,0
-1.1971915,1.8061779,2
-0.52239734,0.68163806,2
-0.9097181,-1.3373375,0
1.0135322,0.4126532,1
-0.5382196,1.7722169,2
3.8294766,-1.4340284,3
-2.01293,-0.7038656,0
-0.42033526,-2.1259277,0
4.0291867,0.46808952,3
-1.957423,-0.498806,0
-1.0941228,0.120777205,2
-1.8796084,-0.3007099,0
1.0386252,0.71634454,1
3.0455725,3.4758525,3
-2.06039,-1.499639,0
-0.97204673,2.1888535,2
-1.3080848,-0.992729,0
-2.0727088,2.1700108,2
-0.98560613,-0.7825878,0
4.922901,-2.513197,3
-1.8819599,4.055624,2
-1.2808914,2.7906337,2
-0.018081447,0.46014476,2
3.2628179,-0.6553028,3
0.3088303,1.6532441,2
0.53099304,1.4148924,3
0.74550796,1.00202,1
-1.0702636,-1.7800936,0
1.2524478,2.0675812,3
-0.7701496,1.9086211,2
-1.7355146,-1.2255425,0
-0.10723828,-0.43851733,0
-1.9409841,0.26942486,2
-0.010402061,-2.502348,0
-1.9212791,3.6553085,2
3.6188247,-1.4778814,3
-0.5864621,1.263056,2
-0.9532694,2.2546642,2
-1.4195191,-2.0769546,0
1.6769034,1.7975029,3
-2.1736977,0.9316494,2
0.07690333,2.5368445,2
0.8337373,1.755595,3
5.225812,-3.317079,3
-1.4944828,-1.0145612,0
2.804579,-0.2017735,1
-1.1918341,0.45828032,2
-0.80669767,-1.2063493,0
-1.3004352,3.7953157,2
4.9225035,0.7915981,3
-0.7090589,-1.806388,0
-1.4095755,-0.1893179,0
5.3904805,0.43868506,3
-1.2830005,3.8212364,2
-1.3061095,-1.3621265,0
5.452276,-4.104294,3
2.3213415,1.2851473,3
-0.24979693,1.1027087,2
-0.9718421,3.2576606,2
-0.6886108,-0.4657783,0
-1.7431985,4.5325136,2
-0.3296718,-0.6418961,0
-0.4136219,-0.9263695,0
-0.54255545,2.9809127,2
2.5052552,2.8307755,3
-0.1314759,0.62774247,2
-1.0422043,-0.9536225,0
3.3345888,3.1798158,3
-1.5254732,-0.3199259,0
2.0899043,-0.1630137,1
-0.080836445,-2.3345442,0
1.4411502,-1.068842,3
0.5060615,-1.3408217,0
0.481272,-1.8119717,0
-0.14231808,-1.0089886,0
0.49320677,-0.80081505,1
3.5080788,-2.4724088,3
-1.7712189,0.8106764,2
3.5703387,1.3450755,3
-0.60718757,0.615157,2
-1.4959054,0.1783879,2
-1.346205,-3.3329682,0
-0.48877284,3.0951087,2
-1.696673,1.3779119,2
-0.42946973,0.5175213,4
0.82243013,-0.29084486,1
-1.4018832,0.63270426,2
0.4622858,0.019698974,1
-0.89535165,1.6311836,2
-1.4581069,-2.3957875,0
-1.4776893,1.0855597,2
-1.3229254,-0.4901964,0
-0.85006934,1.2941821,2
-1.5176514,-0.9833888,0
-0.8787536,3.4908798,2
-0.49329668,2.894081,4
-1.3267329,0.10672571,2
0.5693465,1.1823748,1
-1.5711173,3.69014,2
-1.3984566,3.776286,2
3.4148276,-2.5270002,1
0.97488064,0.25024933,1
2.8467045,-0.38710147,1
-0.83059996,-1.4872044,0
0.007965695,-1.7243284,0
-1.4598663,-2.4456553,0
-0.09021201,1.0908151,2
0.46798286,2.982608,2
0.92455715,-2.36382,1
2.8887231,-0.6281754,3
-1.0793003,0.80200285,2
0.16828674,-0.41931218,0
1.4768164,-0.8584109,3
-1.5344218,0.6519812,2
-1.3690856,0.48199463,2
3.616802,-0.3259691,3
-0.90457195,-3.1102777,0
2.2480907,0.6980867,3
-1.879225,2.8863213,2
-1.2436914,-0.5898619,0
4.975168,0.051941983,3
2.4032066,0.96667,3
-1.7217078,0.6804143,2
-0.9080141,-1.914921,0
-1.7867976,-0.7340851,0
0.47361395,-0.78161305,0
-0.8503937,2.2090962,2
0.34750625,2.1820643,2
-1.3415735,-1.3103163,0
-1.7530705,-2.9982746,0
-2.703412,3.1479316,2
3.5946069,2.3395767,3
-0.8436773,0.6758756,2
-0.6305265,0.57856137,2
0.40317696,2.1964538,2
-1.576185,0.8735904,2
-0.96989363,-1.4126699,0
-0.14863187,1.0495968,2
-0.31807083,3.4162934,2
2.939572,0.24418585,3
-0.73845124,-1.113594,0
-0.67625433,1.6687489,2
0.2721598,-1.119404,4
-0.48281565,-1.4004356,0
5.6056886,0.7904806,3
-1.630283,-0.36162388,0
2.0024052,2.6538074,3
-2.0031183,2.8772614,2
-0.98928624,3.6363342,2
-1.3495615,1.850377,2
2.1766882,-1.9608158,3
-1.2432573,-2.674552,0
-1.4165351,-1.6922226,0
-1.3175685,-0.93552905,0
-1.2170099,-0.98773533,0
1.5428512,0.28659916,3
1.540568,-1.4624815,1
1.1954879,1.1400173,1
1.0614705,0.9183811,1
-0.46908364,2.9761913,2
-0.22741416,1.4050798,2
-1.320147,2.521631,2
2.0121992,3.5628998,3
-0.7508882,3.5460577,2
-0.5350674,1.7774441,2
-0.15317596,0.26306868,2
-1.3989387,0.6300864,2
1.2599618,0.45967424,3
2.4803154,0.9947135,3
-1.148427,0.46900213,2
-1.4756668,-0.16169943,0
6.2471848,0.126988,3
2.745768,-2.578228,1
-0.16236588,0.37133592,2
-1.5897852,3.9062476,2
2.76929,0.4696713,3
2.6612387,-1.0438056,1
-1.3156123,-1.6401975,0
-1.461499,0.9759161,2
1.6882621,-1.564919,1
-0.8448853,-0.7753655,0
0.67100686,0.16557795,1
-0.97970486,0.47115898,2
0.27738515,0.76515675,1
-0.62710136,2.3492148,2
6.0138187,1.4962828,3
1.9273665,1.6729705,3
0.44369882,-1.0778126,1
-1.1633407,-2.8217082,0
-0.19041336,-1.1192954,0
0.72553533,1.3343699,2
-0.749266,0.34493113,2
-0.7484747,-2.8949053,0
0.2728185,0.41555703,2
-3.7620013,5.085345,2
1.8463846,1.907991,3
-0.7183476,0.85142934,2
-1.4683373,-1.1833587,0
-0.41417488,0.179147,2
-0.4109757,0.044770442,2
0.3681648,-0.21864168,1
0.6499042,-1.4707658,1
-0.29175493,-1.394924,0
-0.81452304,1.759265,2
-0.19167078,0.34008318,2
-1.1661208,-1.8852441,0
-0.5252802,0.8716301,2
-0.8878675,-2.332644,0
1.7822505,1.5670964,3
-0.421531,2.004847,2
1.3044435,-1.4021434,1
3.4530525,1.8320844,3
-1.6806334,-1.4311229,0
-1.1513081,-0.75131315,0
-1.2311165,0.8559968,2
1.5660858,-1.7512146,1
-2.3769863,1.470979,2
3.3141227,0.4501484,3
-2.2248611,1.5044507,2
-0.46526295,0.3183977,2
3.3027215,2.9262843,3
1.3808181,-1.4758022,1
-0.68482304,-1.4604824,0
-2.2134535,2.3426821,2
-0.32569048,0.9471057,2
-0.8754186,3.4146402,2
-2.7934146,2.6600099,2
-0.9553949,2.5176032,2
-0.6294084,1.0734762,2
-1.025054,1.0933077,2
-2.518409,-1.5984647,0
-0.6830897,1.1823382,2
-0.6054212,0.5342199,2
-1.433115,-1.727906,0
-2.0237334,3.6292481,2
-2.052518,-0.123881735,0
0.9950525,-0.0063982885,1
0.6457941,-1.2016526,1
0.6053154,0.37126482,2
-0.4807397,0.91973597,2
0.3058225,-1.8007019,1
-0.9664731,1.6989336,2
-0.59824836,-1.7659178,0
-1.1176682,-2.8086236,0
-0.6090191,1.9270527,2
0.27536657,-0.049277216,2
-0.4246028,0.058405876,2
0.58530027,-3.5835776,0
-0.4801015,3.0625963,2
-0.47701988,0.9560024,2
-1.1117895,-2.6857238,0
1.653331,3.5331364,1
-0.88951975,-1.9536673,0
-1.0929161,1.6194767,2
3.1042373,1.4910805,3
2.112117,-2.5339212,1
4.689162,4.779039,3
2.0308127,-1.510219,3
-1.4303131,-2.2530549,0
-1.3826472,0.12555335,2
-0.7400699,-0.42691678,0
0.121442884,-0.7461641,0
-1.3811803,-0.008328706,0
0.1466025,2.25258,2
-0.945067,-0.20523642,2
2.133429,-1.2512279,1
-1.8319556,0.33187383,2
-0.9315607,1.6119404,2
-1.4329017,-1.2663234,0
2.0805259,-2.475239,1
-1.7206497,-1.7903897,0
2.973388,1.335351,3
-2.1682603,-1.2318661,0
2.0095417,1.3926194,3
-1.496518,-0.3067636,0
-0.8583741,-0.72331166,0
7.0757627,-0.046504468,3
-1.8489807,2.815922,2
-1.329687,1.1848569,2
3.0726297,-0.35801798,1
-1.5501153,-1.2707124,0
-0.2837454,-0.51571435,0
-1.1014856,-0.78271896,0
3.795334,1.6427861,3
-0.64157116,-1.931267,0
2.16138,0.4296791,1
-0.6393036,-1.0896488,0
3.4933963,-3.8065248,3
1.647244,0.052137017,1
-1.4773748,0.95001686,2
-1.7028686,0.77779824,2
-0.15562236,1.5010655,2
0.2770292,-2.492256,0
-0.2127785,-0.15584598,2
-0.9677802,-1.5162325,0
-0.008382391,0.7225468,2
-0.5398902,-1.4100454,0
-1.5659463,1.603193,2
1.4317673,-1.4334543,0
-0.8329751,-0.16950355,2
-0.6067063,-0.04786949,2
0.5419523,1.1854653,3
-0.7845596,-0.57279044,0
-1.7818302,0.089462705,2
-1.2987467,-1.4390823,0
-0.8316665,-0.2960114,0
1.0815978,0.23875128,3
-1.6096214,2.0447533,2
-0.53285134,-1.1407416,0
-1.576095,2.1981738,2
-1.1497065,-3.4003386,0
-0.6653929,-1.9558603,0
-1.3028837,2.266267,2
5.0078483,0.14382522,3
1.0658727,1.9058315,2
-1.6431227,-0.6045078,0
-0.34064177,-1.1202465,0
0.7736934,-3.96173,0
-1.0832947,-2.1236386,0
-1.0830189,-1.0107101,0
-1.5807693,1.5908341,2
0.6620267,-3.3265119,0
-0.015165906,-1.9713637,0
0.9968483,0.031994414,1
-2.3287237,2.266597,2
3.6404,2.6168401,3
-0.82323885,-1.3564929,0
-1.6087781,-0.56920916,0
-0.31887037,0.88735145,2
-1.3785764,-2.2754078,0
1.8268341,-1.5277116,1
-1.896954,-0.46187258,0
1.1736512,0.3623191,1
0.2695144,-1.0067549,0
-1.7588941,2.4712355,2
-0.89432347,-1.0682129,0
-1.6856203,-1.345733,0
-1.6122417,3.772341,2
-1.8519489,0.8488657,2
-1.4829495,0.54087543,2
-0.2510468,-1.9570489,4
-1.0345782,-0.73252314,0
0.44133773,1.6239843,1
1.0654376,2.8168488,3
-1.7317332,0.67818177,2
-1.4932961,0.96511585,2
-2.6340652,0.09350848,0
-0.7921398,-3.0000272,0
-0.7810998,0.89110494,2
-1.2231438,1.3027776,2
-1.9608436,1.1166227,2
-0.5694206,-1.0996165,0
-1.4527059,0.16964556,2
-0.7066795,-2.630121,0
2.990005,-2.4444754,3
-0.4104125,-2.4976895,0
6.216628,1.2795397,3
-1.8085973,1.2305053,2
-0.22987258,-1.9218075,0
0.15986499,-2.4195783,0
2.2237158,-0.8602251,1
-1.2629876,-0.9304188,0
-0.05108704,-0.28749752,0
2.8453782,-2.2982645,3
-1.4650935,2.018303,2
-0.8251663,-2.2463226,0
-1.6278596,-1.8199036,0
-0.104145885,-4.2534814,0
3.108277,0.32183385,1
-1.0970832,-2.3982499,0
-1.6687968,3.164159,2
0.34234312,-1.2805804,1
1.3299208,-1.3095345,1
-1.8698972,0.79809475,2
0.088007875,-0.63890433,1
-1.6756448,-2.6944873,0
-2.2581685,0.31693578,2
1.7667434,0.97226197,3
-1.5532721,-1.1714568,0
2.238997,3.0524626,3
0.06836989,0.6581279,2
-1.7095398,2.997608,2
-1.314163,-0.6010243,0
1.5107962,-1.3940495,3
-1.267004,0.013328075,2
1.01822,0.19469137,1
1.8160778,1.2135761,1
0.39518103,-0.24625702,1
1.1764668,0.42346448,1
-0.5564547,0.13657014,2
1.3082097,0.9517144,1
-0.26031327,0.81442255,2
3.9321055,2.503146,3
-0.5016307,1.3886235,2
1.155688,-3.9539087,1
0.58550245,1.790591,1
-0.85800415,0.49559325,2
1.4756482,-0.55294156,3
-0.9361481,-1.503592,0
2.2412524,-1.556328,1
-1.3526211,0.907004,2
-0.3548362,-1.6829661,0
2.145701,-2.3643959,3
-0.89422226,-0.9181679,0
0.6209115,0.44201696,1
-0.34640333,-1.9639972,0
1.9732823,1.2447178,3
0.2685874,1.7534289,2
-0.3548526,-0.43150187,0
1.2921853,3.2570202,1
-1.6768683,-3.152757,0
1.6962928,-1.3018165,4
-0.54111385,3.3043015,2
-0.19495678,-1.6436447,0
-0.6858309,2.8301504,2
-1.6424874,0.43646234,2
0.59669846,-1.724373,0
0.39045417,1.2765265,2
-2.4057674,2.5176284,2
-1.1680017,-0.3941453,0
-0.03102356,1.7011105,2
-0.15937227,-0.00085107796,2
-0.6259613,-0.13466182,2
-0.97118986,-1.1028287,0
1.8904877,-1.6881284,3
-2.181919,1.4821258,2
-1.0626885,1.8664153,2
-1.5460424,0.8989659,2
-0.057403374,-0.22685324,0
5.0693593,2.464458,3
-0.93684244,3.046021,2
1.0918809,1.3623208,3
-0.15055214,0.04212474,2
-0.7510884,-1.8607069,0
-1.4662312,-2.9283948,0
-0.9214898,1.5670185,2
-0.0978758,-1.9311941,0
-1.1781987,2.5299072,2
-0.15399331,-3.0390236,0
-1.0686502,2.1155567,2
0.45380983,-1.5765597,1
0.010176605,-0.04846035,1
-1.0786188,-2.5936527,0
-1.3163456,0.07856037,0
3.3331547,3.1260169,3
-0.66298264,-2.0011055,0
-1.8053248,1.5663555,2
0.666797,-1.3963181,1
1.3658813,-1.2873689,4
4.474954,0.25032157,3
-1.5237446,-2.0104475,0
0.40032747,0.61171263,2
5.28446,-0.08491795,3
-1.5247784,0.3341869,2
0.6404707,-3.6465883,0
-1.1232965,0.7241089,2
3.1182916,-1.4111174,3
-1.0160381,-0.5502234,0
-1.2672578,1.9159399,2
-0.25906637,-0.0042883307,2
0.27547705,1.5849309,2
-0.7507563,1.7368559,2
0.31425905,0.13098218,2
-1.6849933,3.1957984,2
-2.079839,0.4518273,2
-1.9238318,1.6857531,2
3.6008906,-0.010123536,3
-1.1241068,-2.537032,0
-1.4774259,1.9897249,2
-1.4890306,3.6423862,2
2.391536,2.9028404,3
-0.04110257,-1.6761714,0
-0.49516088,1.8941534,2
1.5230141,-0.8524224,3
2.4631865,-2.5471349,1
0.032276005,-2.8335874,0
-1.4185643,-0.6792167,0
-1.0293878,0.0011213124,2
0.05901491,0.81650996,2
-1.9616864,1.095531,2
-2.1194544,2.5423179,2
1.471309,0.95815045,3
-0.63304836,0.44650424,2
-0.7799016,-0.8609367,0
-1.8610606,2.4256823,2
0.35129693,1.6222618,2
-1.6549532,2.0561473,2
0.69848543,0.20940177,1
-2.1816263,0.58893883,2
-0.98060983,-3.080296,0
1.7408229,-1.8983477,3
-0.36601833,-0.8259323,0
0.57500404,-1.8806491,0
-1.5658495,1.0698078,2
3.2524893,-0.7848496,3
2.868679,0.5705677,3
-0.899633,2.9239752,2
-1.3882068,1.0285909,2
1.7794238,2.6387422,3
-1.751439,1.5946898,2
-2.2338793,2.4049761,2
0.7723349,-1.9311134,1
-0.43251443,-0.29470468,0
-1.0492003,1.4660858,2
-0.8006317,-1.7462623,0
0.41974083,-2.9729187,0
2.2119982,-1.2081292,3
2.7135098,-1.990973,1
-1.9701152,1.6822703,2
-1.0279081,-0.7747794,0
-0.017927753,0.75344896,2
-0.5020334,-0.9733164,0
-0.6766048,0.57861984,2
-1.3818886,-2.2772663,0
-1.4379976,-0.62801814,0
-0.39912227,-1.2960122,0
3.7014043,0.71449846,3
-0.52287865,-0.2935744,0
-1.8922329,3.52311,2
-0.7192065,0.93818086,2
-0.53084743,1.8077303,2
-1.1441734,2.597031,2
-0.92252177,-3.1685493,0
2.549776,4.1044326,3
0.13473585,-0.7430042,0
-0.94295543,-2.9747646,0
0.026414646,-0.54172504,0
0.14176756,2.4178255,2
-1.4098248,-1.3462077,0
-1.1408662,0.23792957,2
-1.5929546,2.0206428,2
-1.4841437,-0.98805714,0
-1.5429951,1.5525705,2
-1.6104202,1.878865,2
-1.6601416,-1.132477,0
3.7845688,-0.6414162,3
0.6564215,2.3450706,2
2.2319949,0.7658485,3
-0.6303728,-0.9489183,0
0.6776277,-0.32456535,1
6.1136556,1.8142416,3
-1.5188217,-0.8741576,0
-0.44661716,0.44805753,2
-0.34185973,-2.929722,0
-0.8073649,0.0895962,0
-1.4729918,-0.08558793,2
-2.6061878,3.3307393,2
0.012289478,-0.93374974,0
0.26252148,2.306789,2
1.5919101,-0.07062705,3
2.5778983,0.90465593,1
-0.744736,-1.80223,0
0.5971405,1.3742768,2
-1.2161351,-1.2311951,0
-2.549102,2.713228,2
-0.14095,-2.1601665,0
1.1662642,-3.0880377,1
0.7064289,1.5481126,3
-1.8876323,1.0767236,2
-1.2107224,0.5390281,2
0.18059279,-0.004058199,1
-0.9161082,3.4568396,2
-0.4151154,-2.955108,0
-0.60749114,1.864362,2
3.111734,-3.3569498,1
-2.1102724,-0.05628161,0
-1.3762118,1.1569474,2
-0.43569374,-1.4717666,0
-1.3494158,0.80677575,2
-0.18065892,-0.7130056,0
-2.1806052,-0.24959749,0
-1.9689426,2.120477,2
-0.89169466,-2.2507272,0
2.1067264,0.3118381,3
-1.9612486,2.5307667,2
-1.6343615,-0.4167282,0
1.7160093,0.17906435,3
-0.33006978,-1.2536561,0
-1.9534972,2.535338,2
-2.2487555,1.386204,2
-1.4508784,-0.70864105,0
-1.4626211,-2.6421263,0
-0.6689062,1.2305489,2
-1.393642,1.8603103,2
-0.69741815,-0.14166087,0
4.560597,0.26986575,3
5.243456,2.313702,3
-1.4740765,-0.33122796,0
1.04933,0.4232986,1
-0.72901696,-0.6733867,0
0.7618927,-0.29237294,1
-1.4864444,-2.1675503,0
-0.6482557,-0.9749595,0
-2.8263605,5.1837635,2
1.725857,-0.5683662,1
0.6246343,3.1482182,3
-1.622715,-1.7161628,0
0.46198836,-1.50009,0
4.5102987,-1.1471269,3
-1.4932573,1.1352018,2
-1.8438941,1.0560265,2
-1.3208798,1.6805428,2
-1.7622367,0.72538084,2
0.22657467,1.1209588,2
-1.1795772,0.08273198,2
-1.6222032,1.7296536,2
3.9692557,-1.0803407,3
-1.502358,1.2313411,2
-1.3134459,-3.4656599,0
-0.37932983,-2.6715076,0
0.6950698,-0.61681914,3
-2.355329,0.4765547,2
-1.7999122,-2.0848594,0
3.3031433,-0.3858503,3
-1.0015452,1.0256543,2
3.5239687,-0.45119596,3
-1.174851,-0.022871526,2
-1.0632509,0.3162608,2
-1.8163325,-1.720958,0
-0.75731045,-2.4526212,0
-0.9900122,-2.00795,0
-1.815694,-0.10280882,2
0.9432904,-0.24874996,0
-0.7868009,-3.3093712,0
-1.1030222,-1.1785092,0
8.056906,0.29669565,3
1.084055,-1.8337741,1
-0.536391,-2.721439,0
5.235963,2.8593578,3
-0.75433487,-2.1083596,0
-1.37929,-0.83267975,0
2.893105,0.057088636,3
-2.0464563,1.6017514,2
0.54877687,0.2969138,1
-1.4677484,-0.009270426,0
-0.6797159,-0.13616645,0
-0.7405649,2.439772,2
4.9388633,-0.47729683,3
-1.577731,0.7560571,2
3.8428605,0.53765297,3
3.0395458,-1.4816395,1
0.12238112,-2.396712,0
-0.81416374,-0.6295731,0
3.5948634,1.3304354,1
-0.5869321,0.06137123,2
-1.8176388,2.4978256,2
0.1896806,2.1756241,2
-1.232834,-0.20928203,0
1.0028436,-0.4388312,1
0.16131097,-4.0149083,0
-0.08296561,1.4688818,2
-1.0991324,-2.841275,0
-0.69276184,-0.4851269,0
-0.64144987,2.1624033,2
-1.3496308,-1.8764752,0
-0.62877256,-1.417917,0
-0.9952998,-1.5440142,0
-1.0808232,0.31853408,2
-1.0464802,-0.7669053,0
-1.3715627,3.1809328,2
-0.14448132,-1.6466593,0
-1.5971079,-1.9308164,0
-0.9450039,-1.8935597,0
2.6358683,1.0536479,3
-1.21828,-0.4825247,0
-1.8670349,3.0101335,2
2.4130766,3.1150315,3
-1.2269335,-1.2517134,0
0.14922586,-0.9317906,0
-1.7195264,2.1263647,2
1.3242259,0.5739948,3
-1.4819198,3.1846392,2
4.004894,1.5676311,3
0.57717806,-2.9638765,0
-1.7981648,0.26807284,2
-1.5008984,2.5763988,2
-1.3279226,0.6064104,2
-1.1027646,2.076837,2
2.4622066,-0.6501696,1
-1.2392873,1.3699421,2
-2.0918672,1.7312624,2
-1.157789,-1.35438,0
2.989087,0.54770666,3
-1.943233,1.0294999,2
-1.4768137,0.24682708,2
-0.31356868,3.3822196,2
-0.16426602,0.3804775,2
-1.7329513,1.202749,2
-0.2205357,-2.1657567,0
-1.8397491,-2.5082357,0
1.4442958,-3.4394557,1
4.342014,-1.7243792,1
-0.52892536,-0.5949377,0
-0.39977875,-3.49519,0
0.6307443,1.373529,1
-1.3338256,0.95127994,2
-1.8552691,0.9669711,2
-0.9102978,-0.7479129,0
-1.3497142,1.6498293,2
3.5046475,2.1121986,3
-1.6173441,-1.425152,0
-1.6706712,-1.2116543,0
-1.3657748,1.7649642,2
-1.2657415,2.7933326,2
-1.9567609,-0.1627411,0
-1.1932025,-3.29343,0
-0.9171401,1.6166238,2
-1.6270037,-1.8458595,0
-0.13988984,-0.09366712,0
-1.7086248,1.6306269,2
0.24393073,-2.6172116,0
-1.1738337,-1.2183511,0
0.74328244,1.2277193,1
-0.546554,1.1899703,2
3.6284525,1.713754,3
-0.18072905,-2.5109339,0
-2.0227506,-0.66768163,0
1.193106,-2.4492047,1
-0.25694475,0.9723318,2
-1.0877557,2.8417902,2
-1.0244275,1.261081,2
-1.8915309,1.1977549,2
-0.23627144,1.3093703,2
1.9614987,2.0977616,3
-1.4376562,-2.0399306,0
3.1812413,1.1634808,3
-2.4621885,-0.29021364,0
-0.7270464,-0.71440834,0
-0.47616786,-1.6363536,0
4.2224197,-1.9439678,3
-1.3082514,2.6015015,2
0.30114064,-0.18150441,1
-0.6550984,0.10829376,2
3.00516,0.8252637,3
0.10871266,-3.1984694,0
-1.2726841,-0.33599496,0
2.5729125,-0.14991932,4
-1.3977,-0.8024382,0
-2.3846688,1.8415422,2
0.77230144,-1.551461,1
6.317917,2.075341,3
-1.6093305,-1.2934536,0
-1.2967106,0.3326162,2
-1.8589973,0.90587574,2
-0.62753314,-1.2682245,0
0.50847536,0.38705504,2
-0.24892312,-1.4566191,0
-0.8642213,0.34470648,2
-1.8074474,1.2935232,2
-0.49471936,-0.07759413,2
-1.3022697,-1.3517082,0
-1.2947235,1.2700897,2
-1.2411063,-2.51372,0
-2.0462446,-0.29697245,0
1.2833875,2.0544481,1
-0.3399215,0.15002091,2
1.3860335,-0.75611085,1
-1.7549869,0.4416517,2
0.9271367,0.6910134,1
-0.33090934,4.3391366,2
-1.9754323,0.70350754,2
-0.22310919,-0.6758257,0
1.7449616,-1.8840759,0
-1.3829833,0.5099339,2
-2.3634133,0.62665004,2
1.7432122,1.5585532,3
-1.7871865,-0.7760861,0
0.2535446,-1.115871,1
-0.34951714,0.4024626,2
-0.71957535,2.16948,2
-0.67429763,2.5783625,2
-1.1435521,-0.88615483,0
0.5793969,-2.9962337,0
0.5924318,-0.13506529,0
-1.9090416,-0.20322673,0
1.3884101,-0.29976147,1
-1.9504184,2.294128,2
1.6667068,2.2747264,3
-1.7429991,1.8797951,2
-1.6515453,2.129947,2
-1.1029954,1.3729454,2
-0.012748735,-0.8796518,0
-0.8992887,-2.0835664,0
-0.41999364,0.22180046,2
-0.8207116,2.3791454,2
0.42743167,-1.0999141,1
4.0994596,-0.17727254,3
2.7026236,5.286353,3
-0.94155383,0.24505623,2
-0.10705059,-1.9550188,0
1.5058726,-1.6760426,3
1.3984605,-0.47003937,3
-0.8786316,2.0364697,2
-0.04889414,-0.5971806,0
-0.3541121,-1.5981076,0
-1.3533988,0.8779362,2
2.0237832,-1.4357387,1
-1.3994507,-0.62408143,0
-1.3044682,2.5086315,2
0.5836244,2.1050756,3
-3.0726147,3.0033617,2
-0.30112886,0.87690055,2
-1.922954,0.57608175,2
0.5455756,1.4204915,2
0.1268789,0.23718552,1
-1.4938524,1.2280312,2
-1.2474633,0.9562469,2
3.9260705,1.9795704,3
-2.068968,5.3940077,2
-1.0258856,-1.2645974,0
5.5778604,-0.14529672,3
-0.8864987,-0.5413897,0
-0.92252153,-2.3339562,0
0.42592964,-0.13994072,1
-0.25048175,3.694392,2
2.8214126,-1.1391065,3
-0.3818874,0.24092008,2
-1.2113718,0.63977116,2
-2.6289153,4.2451925,2
-0.34597552,-3.4003997,0
-1.3279268,-0.017577516,0
-0.34594062,-2.0702,4
-2.030859,-2.5194085,0
-2.2393258,1.6083324,2
1.3965087,1.237841,1
-0.8045134,0.7058472,2
-1.4515983,1.5399244,2
-1.655531,1.0599251,2
-1.7249073,-2.0507057,0
-0.29443505,-2.4380796,0
2.5198183,-2.2148714,3
-1.9941155,3.4746797,2
0.92222726,3.1863139,2
-0.6152257,-0.37351793,0
-2.0161486,-1.4869046,0
-0.32722232,1.6948364,2
-0.24000748,-0.8356118,0
0.116342984,-1.5646557,1
0.8641598,3.2083457,3
-0.89989954,0.5019976,2
3.4559155,2.0833592,3
-1.2637347,-0.7802367,0
5.1829896,-1.7368232,3
-1.1554681,-0.5244973,0
-1.3867832,0.5554874,2
-1.199855,-1.9166902,0
-1.6244271,-0.06915318,0
-2.052765,0.79535824,2
1.0850822,-2.253125,1
-1.3892603,-2.9142528,0
0.7542414,-0.34910053,1
-0.08080278,-1.3841575,0
-1.1201342,-1.4681878,0
-0.9844095,1.1096419,2
0.7662338,0.84599715,2
1.4432269,-2.5898073,1
-1.4947762,1.229124,2
0.6779527,1.3446968,2
-1.2099605,-0.6150348,0
1.3906611,0.22879036,3
1.1846267,0.24826337,3
-1.8200142,-1.5449814,0
3.8433566,-0.39363724,3
2.8516195,-1.976536,3
-1.4359359,-1.7861879,0
-1.104155,1.2701274,2
3.9868577,1.4173506,3
-0.5433557,-0.85797226,0
-1.8964534,3.1664884,2
1.6150683,-1.5083404,1
-1.6871867,-1.105896,0
-1.898051,-0.111582965,0
2.8304353,-1.5916682,1
-2.023551,2.3173344,2
-1.0861417,-1.0890852,0
-1.9931304,1.3456756,2
-0.8061833,-0.7584694,0
-0.7722162,-2.9027965,0
-0.5174695,0.96210015,2
-2.0671139,1.667257,2
-0.79494065,-0.74161327,0
-0.0055647446,-0.10727452,1
-0.7750001,1.0698175,2
-0.8918725,-0.723693,0
-1.383301,-2.2008572,0
1.3410172,-1.9177408,1
-1.0199869,-1.7106695,0
0.98699117,-2.2894812,1
-1.2616907,-1.0198723,0
-1.2422135,0.1619908,2
-1.1101506,-1.2243193,0
-0.090527646,-2.281895,0
-0.46246386,0.30411786,2
-0.8781763,-1.6718163,0
-0.73372954,-1.1065582,0
-2.0626993,-2.3916256,0
2.1319115,1.7598232,1
0.16359735,-0.23593234,1
-1.7536113,-2.9741971,0
-1.1076219,-0.06325829,0
-0.68588424,-0.049975723,2
-0.011514636,2.0625327,2
2.4679537,1.3745857,3
3.0451279,-2.7116005,1
-0.656211,-1.6576413,0
-0.31582195,-2.9518,0
-1.1066273,-2.0609045,0
4.69053,-1.3576328,3
1.4671309,-2.2437046,1
-2.3941584,2.2535944,2
3.2386117,-0.7781188,3
-2.0785031,1.5190861,2
-1.536116,3.4848151,2
-0.7059971,-2.0369246,0
-1.9667721,-1.755506,0
0.29340872,-3.4813268,0
2.1643584,2.6165109,3
-1.2634892,0.010505937,2
-1.1345441,-1.4947268,0
-0.0873077,-1.5186485,0
-2.1336625,-0.9664044,0
-1.2901659,1.165486,2
-1.2433329,0.44566703,2
-0.6318651,2.8127663,2
-1.0843422,-1.5454133,0
-0.58195245,0.9148052,2
-1.6256928,0.59258145,2
-0.77979547,1.056976,2
4.358689,-2.2444513,1
3.67667,-2.4606943,3
-1.4977742,-2.3808527,0
0.5649016,-0.1214904,1
0.3399599,-0.9502496,1
-0.5053064,3.2958536,2
-1.2188187,-0.8885062,0
-0.65209186,-1.2408404,0
-0.73811203,4.3244195,2
-1.6492257,0.0031458698,0
-1.419422,1.9341732,2
-1.3962129,-1.1653588,0
-1.7459075,1.0102646,2
-1.399514,-0.8280369,0
0.40823868,-1.1073031,4
-0.9906662,-2.5261621,0
-1.0119612,2.6658776,2
0.23181646,-2.3735504,0
3.0862792,-2.8523495,3
0.9195882,2.6579874,3
-1.1713054,1.7584679,2
3.3225653,1.113008,3
3.3246405,1.238229,3
-0.39493373,-0.51070803,0
-1.4668765,-0.5579155,0
-1.3231074,2.0183067,2
2.1137578,0.65820223,3
-1.218299,0.45723808,2
-1.6793472,0.009752836,2
3.218078,2.0745173,3
-1.3430762,3.443513,2
0.003570331,1.6361252,2
-1.6682543,-0.63745993,0
-1.326707,0.022352293,2
-0.7917525,-0.039027885,2
-2.408943,4.3928375,2
0.60912126,-2.014576,1
0.115838595,-0.26709712,0
0.7017092,-2.237024,1
-0.26031667,-1.0356549,0
-1.0306422,0.32690018,2
-1.2688166,0.6891146,2
-1.3462718,-2.5731373,0
-0.1800078,-0.9264612,0
3.7184558,-1.0513641,4
0.87224543,0.85349447,3
-1.0717624,-2.745587,0
4.010414,-0.9726612,3
6.8031983,1.0334189,1
-0.80511755,-3.241686,0
3.9351866,2.1002417,4
-1.9873669,0.46996194,2
3.9459448,-0.6008284,3
0.4941279,1.5934528,3
-0.39084068,-1.3684311,0
-0.41839877,-0.9208527,0
-0.77019596,0.4468664,2
1.1915848,-3.0473053,1
-1.2673922,-1.3783524,0
-0.48159856,-0.503598,0
-1.0507334,-2.2114713,0
-0.35208884,0.88093305,2
1.9254738,-1.5331037,1
-1.4942508,-1.2017877,0
-1.765828,2.91716,2
2.0655437,-0.5569963,3
1.9054382,0.19113347,1
1.1344177,0.72542465,1
1.2018178,-2.4205709,0
-1.6323347,0.7605585,2
-1.6865579,-0.87322825,0
0.74307674,-3.580794,0
-0.6804388,-1.00151,0
-0.9062726,-1.3890289,0
-0.9287437,0.70033216,2
-0.10434287,2.3276424,2
-1.461029,-2.3800225,0
-1.8121865,2.691636,2
2.133532,3.1457253,3
2.5198061,-0.9437423,3
-2.3202012,0.832129,2
0.3933375,-1.2331231,0
5.4046116,3.5708284,3
-0.977152,0.5880491,2
2.5447755,-0.9807785,1
-1.5790429,-1.7148596,0
2.2549982,-0.83115625,3
-0.71904355,-3.535783,0
1.2395144,1.6676527,1
2.4602287,-0.26524448,1
-0.13070297,-2.2370117,0
-1.3434105,-4.0218453,0
2.2001922,0.781599,3
-1.2972866,1.3519025,2
-1.4501691,-0.5637179,0
0.21652406,-0.53000665,1
3.1192915,1.2823453,3
0.12006824,1.8553534,2
-0.8139877,-3.414481,0
-1.6430497,-0.82863706,0
-0.5337631,0.6813105,2
-1.6691431,0.28191942,2
-1.8625755,-4.342646,0
-1.7282197,0.8826904,2
-0.7047497,3.085159,2
0.8031509,1.2205077,1
-1.1280307,2.0741184,2
-0.9927488,0.030981813,2
3.2585242,-1.4640337,1
-1.7754707,1.7468684,2
5.259377,2.044533,3
-0.88210404,0.76853746,2
-1.712671,3.0570776,2
-1.9801809,3.7447724,2
0.83083016,-1.3533527,0
-0.41697398,-4.000417,0
0.07111782,3.4878314,2
0.16734198,-1.1159312,0
6.4738927,1.4693146,3
-0.12105816,-0.09656637,2
0.26629922,1.6659099,2
-1.2135631,0.2433414,2
-1.5115069,-3.1451442,0
-1.6032683,0.40426004,2
-0.62740034,2.8547964,2
0.123622,1.6005106,2
-1.5242453,-0.6548206,0
0.8132647,-0.29625207,3
-1.4953923,-1.7625471,0
0.9947975,-1.9879161,0
-0.20660698,-2.6094263,0
1.3652248,3.2213023,3
-1.5459393,-2.4766765,0
-0.68678194,-0.4877053,0
3.0592837,-0.10249214,3
-2.0951788,0.7139734,2
0.15848169,-1.0644027,0
-2.4601285,0.5551422,2
0.32617047,-2.1545722,0
-1.3146987,1.569189,2
-0.50392,-0.37710816,0
-0.9827404,-2.8874443,0
-1.472904,-4.442151,0
-0.052649718,0.16778646,2
1.4179603,2.19363,1
2.2269063,-0.43822688,1
0.64570063,-0.118079446,1
7.1456046,1.9987464,1
-1.1844906,-1.3526657,0
-1.4429338,-3.2414324,0
-0.6975943,-1.0442096,0
8.688307,-0.08920931,1
3.280941,-0.7852691,3
-1.1818631,1.5056044,2
-1.1379788,1.9757826,2
1.3433937,0.70352507,4
0.40393367,-2.0140412,0
-1.3734288,-2.5717466,0
1.4656614,0.14452314,3
-0.89732635,-2.0279977,0
2.4997137,2.9500318,3
1.3994763,0.15992355,1
-0.29075634,1.4378145,2
-1.7059649,2.173882,2
-2.4837615,4.922218,2
-0.5347445,2.6228192,2
-1.1618855,-1.0080305,0
-0.08331032,1.3639171,2
-0.24228206,2.1276245,2
-0.72253346,-0.36332732,0
-1.8849478,2.3823247,2
1.1849563,0.6454857,3
-0.4663223,-0.7057579,0
-0.22357081,1.2134771,2
-1.370356,-0.6988738,0
-1.7289991,-0.16132662,0
2.177682,-0.7798639,1
-1.1368945,4.3303585,2
-0.23392214,-0.15270165,0
0.4058282,0.23126264,2
-0.60034394,-0.4241395,0
-0.5848764,3.0928962,2
2.8277996,1.1203458,3
1.4659693,-1.1574478,1
-2.0853064,3.8777587,2
-0.5058725,1.6332623,2
-1.584671,-1.416069,0
-1.6076039,-1.2595041,0
-2.0156868,2.8774943,2
0.948867,0.99792784,1
5.425961,-1.2491548,3
0.8767409,-0.14951645,3
-0.41740814,-1.22549,0
-0.48328736,2.0404634,2
2.9484444,2.679496,3
-1.3143905,-0.64504176,0
-1.3736043,-2.0540175,0
-0.71409696,-2.7013998,0
-1.5081874,-0.055175483,2
-0.11323695,1.177979,2
3.3302243,-3.6781862,3
-1.729856,-2.201013,0
-0.5789325,-0.90745956,0
-1.6790366,4.026334,2
0.3468156,-1.5667055,0
-0.16948181,-0.94790334,0
-0.7302612,2.881756,2
-1.3684826,-0.4166,0
3.3040502,-1.2422531,1
3.0208614,1.8077031,3
-0.17336154,-0.27993143,0
-0.7466745,-2.0271318,0
-1.2840304,-1.0047717,0
-1.4994473,1.0080514,2
0.16264534,-0.5546984,0
-1.2986803,3.9756358,2
2.1995032,1.5187258,3
-0.7531263,-1.4705157,0
-1.2628299,2.2415884,2
-1.6661727,0.73777145,2
1.4260015,0.94621503,3
0.95262337,-1.339761,1
-1.3976734,-0.9914199,0
4.04625,0.6916608,3
0.88270086,2.8160253,3
2.1757476,0.13560972,1
0.5779722,1.0984286,1
0.3440059,0.7091201,2
-0.8477093,-1.7204449,0
-0.96490645,-1.2891412,0
-0.37638494,0.60213864,2
2.0078824,1.8828139,3
-0.6843398,-0.85273623,0
-0.7869317,-2.3425636,0
4.366251,-0.66861606,3
-0.9193694,0.7262568,2
4.6887918,-2.162606,3
-1.2235179,-1.5210648,0
-1.968463,0.40405756,2
-1.9949622,1.6358513,2
2.3841877,-1.7279952,1
-1.5997403,2.3480294,2
3.9353282,0.6631375,3
-0.023065414,-2.445758,0
-1.3353968,5.1258144,2
6.3203187,1.9760954,3
0.15482512,1.174772,1
-0.3361821,1.2270627,2
4.044746,0.00855352,3
-2.1073604,-2.7918637,0
-1.1444601,-5.036818,0
-0.78565055,3.3389075,2
-0.15542631,-1.5737504,0
-1.3564447,-3.7537167,0
5.8448234,-0.4508788,1
2.418603,0.07061159,3
-1.3789965,-0.5258996,0
-2.7291825,4.4454455,2
-0.4870415,1.7179098,2
-2.0005858,-1.0882239,0
-1.1453779,-0.16733496,2
1.6874518,1.7348038,3
-1.1780059,-0.31291825,0
-2.3736086,0.7843173,2
-1.5064124,0.43655527,2
-1.9779801,0.32180834,2
-1.4026939,-1.9786898,0
2.065819,-2.7150834,3
2.3706267,-0.63769335,3
-0.96615726,0.9896807,2
0.27438295,-2.9126186,0
-0.74297434,-0.7188544,0
-0.6881282,-0.14990222,2
-1.6730955,-1.6214619,0
-2.4016187,0.026125684,0
-1.3583349,-1.389351,0
-1.0478965,-1.260795,0
-0.9062157,-0.105080515,2
-1.7673826,-0.029582754,2
0.97943306,-0.4890991,1
-0.74800736,0.4494565,2
0.8617777,-0.24692045,1
2.9155726,-0.69879043,3
-0.18808347,-1.0219797,0
2.3772748,1.2159168,3
-0.99171495,2.0857239,2
-0.7301854,-0.6785068,0
-1.1727009,0.8797996,2
-0.55643773,-1.9013042,0
0.072488494,-0.06722786,1
2.2347481,-2.154235,3
-1.8311162,-0.46148622,0
-2.0324707,-0.08578953,0
-1.7612759,1.9531789,2
-0.8980164,-1.9320484,0
3.8045194,0.8920668,4
-0.90186435,-2.2992542,0
2.7658553,-0.06692536,3
-2.126917,-1.0080266,0
-0.07206613,2.3809774,2
-0.93209565,-0.3103789,0
-0.7402049,0.45414805,2
-1.430769,2.6016054,2
-1.6829944,-0.027790377,0
-0.9112709,0.22287764,2
-1.4636446,-0.07442638,0
-1.3260969,1.7986941,2
-1.0570115,-3.013997,0
-1.1931906,-2.0297983,0
3.3720381,0.63253516,3
0.44590667,-0.13205662,1
-0.71456355,-1.5056733,0
-0.3669193,-1.1611983,0
3.8039882,-0.74797595,3
1.0456532,-1.6399457,1
-1.3417133,-0.40111905,0
-1.5861998,-1.4190098,4
-1.3915513,0.32733458,2
0.98368317,-0.44255972,1
1.6987205,-0.19881563,1
7.2058353,-1.4081486,3
-1.7334187,-2.977758,0
-1.23704,3.7681262,2
4.144961,-0.4171936,3
-1.5435743,-0.5641056,0
1.6453378,-0.8383623,1
-0.90656924,-2.4060962,0
-2.0622418,-1.7402849,0
-1.8363523,-0.98725086,0
-0.91583765,-0.36560702,0
-1.6467512,1.0691842,2
-0.80092436,0.302971,2
1.9483911,-1.8991643,1
-0.7421748,0.11335881,2
1.5546582,1.445247,3
-2.2246907,-1.8612014,0
-0.74502176,-3.3812342,0
-0.21409738,0.6644456,2
-1.0337592,2.267455,2
-0.8366367,-1.5266322,0
-1.227694,-2.0327928,0
-1.7013277,0.7211669,2
-1.2890439,0.8222849,2
-0.33365566,-1.786381,0
-1.1975653,0.43894696,2
-1.6511691,1.7515904,2
-1.7127212,1.5410067,2
3.097473,1.8045207,3
-0.37079594,-1.2423346,0
-2.0426912,0.975151,2
2.545371,1.6747499,3
-2.3689544,2.4006786,2
1.0490351,-2.1945724,1
-0.30305436,0.20014846,1
-0.25941607,2.3112214,2
0.19170932,-3.043429,0
3.8550053,2.5669498,3
-1.1011837,-1.4623268,0
-1.560895,0.87082815,2
-0.07318038,-2.0476844,0
-1.5575621,-0.21734215,0
-1.6867026,-1.6932895,0
-1.7376038,0.705,2
-1.6473621,0.5887132,2
1.5005914,2.6712863,1
-0.42254177,0.18329285,2
-0.5863298,-2.5505857,0
-1.5657394,1.5178901,2
-0.9796136,-3.1016102,0
-2.1234417,2.2781959,2
-0.8172956,-2.1436517,0
-1.4584025,-1.8509464,0
-0.88939667,-3.3091156,0
-1.48948,1.1368247,2
-1.8411152,3.7848861,2
-1.3196907,1.8751233,2
1.4147666,-1.4279962,1
-1.2907392,0.2742865,2
-0.5670856,-3.3498394,0
2.603086,-2.6580071,3
-0.9083499,-1.6426678,0
-1.8584063,0.46303695,2
-1.346705,3.2492764,2
0.7962759,0.20682906,1
3.208027,-0.65967524,3
0.8661372,-0.4077444,0
0.361847,-3.479866,0
-0.011064745,-0.6704384,1
1.9950869,-3.702956,4
1.1481675,-2.700119,1
1.2151369,-0.7963994,1
-1.5420747,-1.8511815,0
-1.935346,-1.0537307,0
0.52303827,-1.9225019,1
-1.5724646,-2.0262973,0
0.3401373,1.6310884,2
0.4530458,0.03266141,1
-1.3167119,-0.49597257,0
0.26192266,2.8292391,1
0.5200821,-1.5794733,1
0.19830506,-1.4377203,0
-2.0256798,1.2192984,2
-1.1696935,-1.7494609,0
-0.852983,0.8761141,2
-1.7863226,4.4646044,2
-1.0405313,0.68323785,2
0.9171288,-1.1989044,1
-1.1814498,-2.276227,0
-1.6805989,0.48176605,2
2.1714642,0.25457257,3
-1.427813,-1.9491832,0
0.45835233,2.4426336,2
-0.65167713,-0.6707312,0
-0.9032219,2.2047248,2
-1.157905,-2.0510836,0
8.780065,-1.6361703,3
5.0876904,-2.4276838,3
-1.1392937,-0.22652705,0
-1.3655388,-2.4235802,0
-1.386729,-0.4515093,0
2.9912097,-2.2352688,3
-0.8606753,-1.6711806,0
-1.7135292,1.034972,2
-0.70116234,-1.6222434,0
1.4426285,-0.36814022,1
2.15562,-0.08824794,3
3.6460876,0.93682176,3
-0.57722205,-1.454914,0
-0.04631451,1.2283404,2
-2.006451,3.0906425,2
-1.1291867,0.7455814,2
4.9190803,-1.5099009,3
5.617435,2.5172772,3
-0.44880113,-0.48864615,0
-1.4683256,0.022957131,2
-1.5514435,2.5688906,2
-0.4841707,-1.3146784,0
-0.38431326,3.1177347,2
0.7556648,2.391216,1
-1.9411073,-0.52219284,0
-1.8938776,3.9892085,2
-0.7020741,4.52755,2
1.7939851,0.72620887,3
-1.9236479,-0.6170014,0
-0.040052243,2.4114873,2
-1.7903433,2.8174498,2
-0.5155206,0.015583601,2
-0.6778477,-1.4560144,0
9.912293,-1.4803064,1
-1.73218,-0.22974147,0
-1.3855419,4.025829,2
-0.16756281,-0.9459772,0
-0.3398339,2.000682,2
-1.3312979,-2.9806287,0
-0.36477774,0.9354137,2
-1.7204294,-0.81013757,0
0.5091298,-1.3398061,1
-1.7015985,2.6546023,2
-0.9881577,-2.4435112,0
3.7025602,-1.2232492,1
4.0832334,3.8750663,3
-1.7536842,-2.0408087,0
-1.3831995,-2.529541,0
-1.0228981,2.6059523,2
2.9113133,-2.2895567,3
0.02967423,1.816049,2
0.48479864,-0.1359158,3
-1.8549404,0.46468562,2
-1.3147376,-0.8886709,0
-0.78065246,0.61990124,2
-0.8726713,0.08335224,2
-1.5401993,1.836597,2
-1.4069077,-0.801153,0
-1.0981424,1.2848974,2
-0.3582129,-0.5816798,0
-1.8748561,0.5636454,2
-1.3966379,-0.109892994,0
3.1755111,-0.2783652,3
-2.7636228,3.0929487,2
0.041581344,-0.10285127,1
2.5365362,-0.95138174,3
-1.4800094,-2.8895695,0
0.9576679,2.294154,2
-0.7237421,0.5520526,2
3.3564796,-1.2602599,1
-0.0735779,-1.945057,0
-1.0191473,0.88024795,2
-1.4943175,-2.4132462,0
-1.3178324,0.9671261,2
4.6689134,2.3661582,3
-0.4835214,-0.15666655,0
0.94188154,-2.0019968,1
4.55996,0.9125088,3
0.11318587,-2.4443681,0
-1.1210024,-3.1630018,0
-0.17102312,-1.335087,0
-0.7957877,0.040993407,2
3.8566854,-2.1045105,3
-1.6453687,-1.2617393,0
-1.6290959,-0.65071034,0
0.55100334,0.56548357,1
-1.8619435,2.4337332,2
0.101878755,0.049014978,1
-0.6417658,2.905236,2
-0.6114345,-0.45609975,0
1.6576588,-1.7168986,3
0.14392154,1.7046242,2
3.746366,1.896756,3
2.535081,-0.4935661,4
0.7209674,-0.008401422,1
2.201444,-0.6402084,4
-0.330743,-2.0337381,0
0.7157318,0.27437663,1
-0.8783542,0.39735234,2
2.2319398,3.262783,3
-0.7406877,0.09762816,2
0.5909303,1.3446188,1
0.1720943,1.8277656,2
2.5784972,0.31428558,1
1.878813,2.2126687,3
-0.8080414,-1.4291956,0
2.2212183,2.2712166,3
-0.23173027,1.4205554,2
-0.65406835,-1.5821543,0
-1.9010429,2.6000984,2
2.7159991,0.018308446,3
-1.4116956,0.91824704,2
5.8602753,-0.38817167,3
-1.9054909,1.6926961,2
-0.92128134,0.1323189,2
-0.55081004,-0.619496,0
3.7171872,-0.52566737,3
-0.1993985,-0.26658583,0
0.054556083,-1.954736,0
-1.3918746,-0.99267715,0
1.3081385,1.609658,1
-2.119793,-0.6854916,0
0.9151056,-1.151093,1
-1.2982398,2.161324,2
0.22366421,-0.8206393,1
-0.5044311,-3.113652,0
-1.0879846,0.45031232,2
2.6837842,1.6646441,3
0.2717096,2.3631032,2
-1.3952941,-1.380089,0
-0.19640955,0.11036813,4
-1.1487938,-0.4606924,0
1.2874016,-3.1487224,1
1.84688,2.1813164,3
-1.7537596,0.25227714,2
-1.8434246,-1.05189,0
-1.3504045,-3.0460355,0
-1.3432493,-0.8478623,0
-1.1207473,-2.3235414,0
-1.2486122,1.2622476,2
-1.72365,-1.2960663,0
-1.2461408,-0.48357815,0
-0.6251586,0.37971872,2
-0.74010044,1.3450677,2
3.957814,-1.5753484,3
-1.8212234,-0.56930506,0
0.051911604,-1.2694004,0
2.0441086,0.03745293,3
-1.0413772,1.3325849,2
-2.0049572,-0.61482203,0
-0.40429372,-0.5251736,0
-1.5562217,-0.9116108,0
5.1207595,0.13672179,3
1.9209611,-0.72626704,1
3.1886232,-3.1920826,1
-1.7213058,1.6713569,2
-1.1057829,1.7096996,2
-2.0494683,3.9906867,2
-0.1914152,-0.28757674,0
-0.37275466,-0.53094226,0
-0.58007187,-0.33291018,0
3.2019143,-0.16822228,3
-1.8644866,0.196186,2
5.035644,0.9008249,3
2.5069654,-1.610433,3
2.96612,2.122392,3
-1.5329512,0.067674294,2
-1.120433,-0.81860685,0
2.71539,1.6336313,3
0.56335187,-1.9164422,1
2.618235,3.007668,4
0.17414218,-0.9534344,1
-0.54213613,0.44901723,2
-1.4430028,-1.9313701,0
-0.21364725,0.95346797,2
-1.3037083,0.7370014,2
0.718005,0.6411776,1
5.3028483,-2.3746252,1
-1.0613799,1.449089,2
-1.9665372,-0.47600323,0
-0.8848919,0.2667008,2
-0.99910927,-0.5655959,0
-0.26786777,0.98400277,2
-1.4826549,-2.3549445,0
2.0614872,1.6068176,3
0.7084823,-1.9202241,1
-0.39171842,-1.3802238,0
-1.0789603,-2.1147401,0
-0.65934986,0.49429733,2
1.5231708,0.575912,1
-0.9547519,-1.1538931,0
-1.193435,-2.0359976,0
-1.5684763,-1.628274,0
-0.06270121,0.06928231,1
-0.94001824,1.7387381,2
0.7632598,0.089476615,1
1.6303267,-1.7173007,1
-1.0118033,1.0916413,2
-0.61166877,1.9802322,2
-1.270488,1.5089443,2
-1.7595387,2.5217347,2
3.4781983,1.0794836,3
0.35308534,-0.30425858,1
-0.246012,1.1334006,2
-0.8469545,-0.8541299,0
0.8542823,-3.3021698,0
-1.4913543,1.0195198,2
-2.0296733,1.5664954,2
-1.7233647,3.3731978,2
-1.7856867,-0.6215504,0
-0.23036641,1.7497201,2
0.90596116,0.8045781,1
-0.6706381,-0.16955712,2
-1.451334,-1.241086,0
2.2566278,-0.04587833,3
4.4022555,2.8113492,3
2.4334607,1.2326989,1
-1.6162434,-0.7230136,0
1.4522469,0.94228214,3
0.13479225,0.9287419,2
-0.7981666,-2.574256,0
3.7999806,1.7606633,3
-0.74852055,-2.2622356,0
0.15591481,0.18605573,1
-1.9878833,1.7664068,2
-1.1938124,3.8394678,2
0.7324366,1.0471758,1
1.9516827,2.1565018,3
-0.57073265,-0.3379504,0
1.066808,-1.0891922,1
-1.7674927,0.7775074,2
-0.81492525,-0.80328286,0
0.8676612,2.1607668,3
6.0628977,0.39795882,3
1.1221039,4.4502134,3
-1.0167304,-3.7931228,0
1.6484526,-2.594825,1
-1.9094412,0.47186112,2
-1.1984043,-1.6423019,0
1.4947702,-0.10977405,3
1.3211491,1.9277251,1
-1.2011636,-1.3412857,0
2.3837326,0.3872682,3
-1.4344001,2.7380116,2
-1.3771892,-1.905692,0
0.97997737,-1.0160018,0
-1.7721117,2.5033846,2
-1.7502532,0.8453598,2
6.2369514,1.9865053,3
-1.5242615,1.159815,2
-1.4510536,-0.18969703,0
-2.0434816,1.64832,2
3.0569568,1.9230101,3
-1.0071316,-2.5953255,0
1.45065,0.14629886,1
0.9470691,-2.0702264,1
-1.2230215,1.0713867,2
-0.3061962,1.2536323,2
1.7496425,-0.2433782,3
-1.3814203,0.24460305,2
2.0901442,-1.6174166,1
-1.7210267,-3.306588,0
-1.3882366,-0.897401,0
-1.0935874,0.59162116,2
-0.7054605,1.4037696,2
-0.69690424,-0.69389087,0
4.091417,1.739466,3
-1.1917627,1.6588634,2
3.316725,1.2632589,3
7.39566,-1.8082925,3
-0.61486924,0.56123334,2
1.1896796,0.6372699,1
-2.1693342,1.8793222,2
0.02487831,-2.4973912,0
-1.2075511,1.1470194,2
-0.015147297,-0.08760758,1
-1.5227818,-0.17583011,0
4.7704654,1.5513265,3
-1.5200763,-3.857739,0
-0.6145833,-0.7099653,0
4.43432,0.7930067,3
1.480427,1.2480918,1
0.13606885,-2.7376916,0
-0.84655666,-3.601761,0
-0.38503298,-1.5700703,0
2.6649663,2.7561696,3
-0.47270623,1.4364743,2
-0.79166657,3.7478592,2
-1.857452,3.026133,2
-2.4823177,-1.4962397,0
-0.71534425,0.13941485,2
0.6452009,0.7488057,1
-0.99092627,0.07644129,2
3.9416516,-0.7662755,3
-0.5494769,1.0504005,2
-0.14820236,-1.0349929,0
2.6421285,-1.4228513,3
-2.2440376,1.7527809,2
-0.93697745,1.9661634,2
-1.4870886,-2.5351417,0
0.48230356,-1.435143,1
0.20773783,-0.39101487,1
2.1460292,1.6713727,1
-1.5096339,-0.46123695,0
-2.0752451,0.61529756,2
-1.9265972,0.25601786,2
-1.0823148,-0.4565863,0
1.9744731,1.142143,3
-0.6303435,-3.1535335,0
0.40393808,0.1790909,2
-0.6886357,-2.9088857,0
-0.7210795,-2.8394847,0
-0.06829452,3.3077848,2
1.7195706,-1.7879629,1
-0.9192054,-1.1957445,0
2.3201268,-0.945618,1
-1.3920481,-2.0483265,0
-1.1779038,0.13088661,2
4.720249,0.7905357,3
-0.80951184,-1.2898476,0
-0.7167624,2.2911496,2
2.7269673,0.5625552,3
-0.036504183,-0.52156687,1
-1.641837,1.1667254,2
5.948279,-0.8499009,3
-1.5596279,-1.3738544,0
0.15545733,1.5441743,2
0.048640754,0.80889994,2
-0.5729581,-2.7555406,0
0.6546917,-1.5628651,1
-1.2498105,-0.29238272,0
-1.7966276,-0.5145624,0
-1.1832985,1.9423878,2
2.30281,0.3268823,3
0.34279063,0.2319376,2
0.2103712,1.8686748,2
-0.84738034,-2.1076121,0
1.8343695,2.7585924,3
0.18567985,0.90385795,2
-1.6794978,-2.6427073,0
-0.8556394,1.0864216,2
1.9052794,1.7728113,3
-0.14985341,-2.9777904,0
3.3418515,-0.3192035,3
0.9192515,0.18513964,1
-1.5764999,0.9321942,2
-1.3849679,1.1365949,2
0.1197484,-4.0937,0
-1.8474874,-2.6316407,0
-1.4793134,-0.60962087,0
1.5270269,1.2204216,1
-0.26340967,-0.84243375,0
0.40061483,-0.94030166,0
-1.2675107,0.48075724,2
-1.6421562,-2.7126603,0
-1.2476392,0.6607397,2
-1.2331462,1.9851971,2
5.4462056,-0.3582455,3
5.835656,-0.8533086,3
-1.134191,1.9897916,2
1.1975011,3.930094,2
-1.6902591,-2.7898297,0
-1.8337262,-0.07305221,0
7.835887,3.2318301,1
-0.92743665,-1.9005167,0
-1.162695,1.5386696,2
2.3091416,-2.1421838,1
-1.6735806,-1.6509587,0
-0.6940336,-1.0235962,0
-0.87004006,1.5166724,2
-1.3558921,2.6728137,2
-1.4483147,-2.4346716,0
3.4329088,2.8156102,3
-1.3224999,-0.19636223,0
1.1450957,-1.4113832,1
0.93292737,-2.1909316,1
-0.94821125,-1.1838222,0
-0.5168938,-0.71253616,0
-0.63933164,0.30615193,2
-1.3374891,0.6714877,2
-1.6966999,-3.0302727,0
-1.9457375,-0.28684503,0
-0.7659381,0.4127941,2
4.262961,2.3146381,3
-1.1559447,-0.6822468,0
1.4038634,-2.5515013,0
-0.73504335,-0.48764122,0
3.9728737,2.4696207,3
5.210104,0.9408173,1
-1.3274896,-1.1056892,0
2.9758523,4.707029,3
-1.8500202,1.3027576,2
-0.8888349,0.24737175,2
-1.1466455,-3.3492525,0
-0.51232904,-2.227972,0
-0.5468785,0.74730164,2
-0.74633443,0.25569493,2
-1.4625353,0.023466159,2
0.47097903,-0.9836084,0
-1.1783748,1.2641492,2
-0.9013851,-2.398095,0
0.09911163,1.3093861,2
-0.40549114,-0.5310065,0
-1.5880787,1.6777991,2
-0.59975034,0.98229116,2
-1.2005894,-0.26841158,0
8.018612,2.4979146,3
-0.8711506,0.0904795,2
1.0457084,-1.7731884,1
-0.7879132,4.460782,2
-1.8879954,0.12917429,2
-1.3369178,-0.2454126,0
-1.058246,-2.7446225,0
0.7136012,-0.43010616,1
1.1769679,3.0584762,2
-0.59974945,-3.8179948,0
4.0197473,-2.3421361,3
-0.33657637,-0.83197993,0
2.1970348,3.8541405,3
2.2876632,-1.8046759,3
-0.062914,2.3645828,2
-1.3453298,-0.97217107,0
1.2129179,-2.0968168,0
-1.3246676,-1.4875419,0
-0.7754658,-1.7183881,0
-1.2297982,0.84459805,2
2.3746085,-0.47003734,3
-0.24161041,0.27819473,2
-0.6128574,-1.154635,0
-1.0597069,1.9922631,2
-1.6121,-1.045222,0
1.0231084,1.1067489,3
0.31123248,-0.31873363,1
-1.1258494,1.385676,2
-0.09515574,-1.4257,0
4.8234696,-0.35945898,1
-1.554704,0.46162134,2
0.07171057,1.022646,2
-2.4178092,1.9091523,2
1.4730109,1.20314,1
2.4215863,-0.20612574,1
-1.6536572,1.2607725,2
1.1481187,-0.6033252,1
-0.3494524,1.872525,2
-1.2007552,0.51494396,2
5.89287,-1.3742151,3
-1.3479557,2.6089485,2
-0.7413133,-0.5996053,0
0.40598,1.0146394,2
-0.85534286,-0.48891962,0
-1.1045874,-0.36690718,0
-1.1311474,0.26530236,2
-1.9246448,-1.3703943,0
0.5662171,2.8219552,2
0.5001837,-0.5690223,0
-2.6468973,0.02629093,0
-1.0923014,1.2722774,2
-1.6854342,0.46016836,2
-0.34378716,-2.8476055,0
0.73691976,0.93952507,1
-1.3329605,0.78139657,2
-1.1055597,0.9316593,2
-1.5570434,0.7873597,2
-0.88847965,-1.043777,0
-0.472596,0.2644301,2
0.22450496,-0.21947742,0
-1.130096,-2.6544898,0
-1.6219338,1.725875,2
1.3817742,-0.7016131,1
0.36572,1.4618218,2
-0.9285401,2.0540595,2
3.140488,-0.49654377,3
-1.6155111,3.0620005,2
4.455015,-0.9001787,1
-1.3008763,0.818689,2
5.465142,1.9192896,1
-1.421503,-1.0367515,0
0.08891557,2.834151,2
-0.919102,1.4081416,2
1.5070031,2.4284325,1
-0.29375008,-2.09778,0
-2.0916703,2.1661036,2
0.5518486,0.7620076,2
-1.902158,1.5286795,2
-1.4373567,-1.2088346,0
-1.92448,0.8639656,2
-0.5110415,2.6710882,2
-2.1072679,0.8245655,2
3.6474438,0.9325073,3
-1.080125,1.9596474,2
0.96892184,-2.9226367,1
1.7910413,-0.63094014,1
1.0038781,-0.586472,1
2.3275392,-0.7522399,3
-1.209953,2.4270833,2
4.62264,-1.374433,1
-1.413859,-0.5716881,0
-1.6522996,-2.839256,0
-1.6626506,0.72550124,2
3.5063143,-1.6129184,3
-0.9336578,-0.23598254,0
0.7539342,1.6470162,3
-0.8628253,-0.77657425,0
0.109151766,1.6734865,2
-1.1269174,-0.6573276,0
3.099099,2.0441763,3
-1.4959828,-2.612219,0
-1.1951345,-1.8295884,0
1.0683688,-0.316724,1
-0.093442604,1.9457961,2
-1.8124237,1.1690822,2
-1.971272,-0.893019,0
-0.8566242,-3.2988703,0
2.8918455,6.081064,4
-1.4008173,3.0835946,2
2.756992,0.3537833,3
-1.6920658,0.6165967,2
0.64835757,0.64367,2
-0.5183657,1.2747445,2
-0.5484582,-3.1551242,0
0.1359007,-0.04269554,1
-1.6617595,-0.3523504,0
-1.2129812,-1.5321254,0
1.5861402,3.227246,3
-0.19942583,-0.10579553,2
-0.9677597,0.13744213,2
-0.68436056,-0.6213727,0
-1.0002403,0.70507276,2
-2.330223,2.4740689,2
-0.5789058,-0.90050757,0
-1.2257414,-0.0409198,0
0.60096353,-1.0025033,0
-0.06687014,-1.2525666,0
1.07449,-0.46030325,1
-0.88611764,-1.7695551,0
0.18932341,0.3311032,2
-1.1760575,2.220623,2
1.144669,-2.5966997,1
-1.643074,2.4767609,2
3.3971007,0.925671,3
-1.1082392,0.5601594,2
-1.026116,2.8100948,2
-1.6449544,0.5122021,2
-0.6035158,-0.59591377,0
-0.42951187,0.35283774,2
0.12639578,-3.349295,0
4.4394436,4.12597,3
-0.73822844,-2.3222187,0
-1.7260213,-1.3215542,0
-0.7281835,-2.1165268,0
4.9220185,3.730774,3
1.5297866,1.3061925,1
-0.33647186,-1.7342381,0
-2.0611436,-0.99758893,0
-0.5799734,-0.64990616,0
-0.5962566,2.3639393,2
-1.6867596,0.574546,2
-1.1463442,-2.0103397,0
-1.0485015,-1.1095433,0
-1.1840303,-0.21741405,0
-1.1329213,1.679958,2
0.10657444,-1.0283638,0
-0.72687703,0.5844753,2
-0.98821867,-2.6002028,0
-1.4296825,2.6629615,2
-2.4732032,3.2930307,2
-2.0835133,0.51562375,2
3.0165684,1.0724525,3
-1.4332882,-2.8548374,0
-1.3045521,1.4336061,2
2.3983076,-0.91111064,3
1.4276738,-1.1648114,1
-1.3547751,-1.5995464,0
-0.2113353,-0.13619065,0
0.012828169,-0.42083865,1
-1.1115174,-2.571148,0
-0.8279157,-0.93626803,0
-1.1112131,-2.2884076,0
-1.0339861,4.0034285,2
-0.05564216,1.6392064,2
-0.44755313,2.2875457,2
-0.58835864,1.4453824,2
-1.7546718,-1.431277,0
0.840321,-1.6352508,1
3.618614,1.7304268,3
-1.6971284,-2.20374,0
2.4977381,-1.9320467,3
-0.19061801,1.165094,2
-0.7895888,2.0813174,2
-0.6555984,3.9499838,2
-1.3133951,0.786961,2
0.46930447,-1.113155,1
1.91871,-1.8933084,1
0.049637266,-1.3238223,0
2.8111336,-1.185421,1
-1.3206366,-1.5756887,0
-0.9057915,-1.1620717,0
-0.40839633,-3.2581222,0
-2.5653756,0.71334296,2
0.14688079,-1.530772,0
-1.9118593,2.5474856,2
1.9685898,2.4086034,3
-1.5634372,4.027955,2
-1.7747825,-1.4969636,0
-1.4727908,-1.6891751,0
-1.1803151,-1.0463116,0
0.6636675,-2.7579343,0
-1.7298659,0.14271446,2
-0.532601,0.0854719,2
-2.0845954,1.8776141,2
1.5037142,0.3086481,1
-1.3818362,-0.95128495,0
-0.37501076,-1.7505026,0
-1.409776,0.2766899,2
2.404594,0.13290502,3
-1.5139908,-0.6764637,0
-2.0457904,-2.0489023,0
-2.0706918,1.7494323,2
0.384309,1.3792653,2
-1.7742298,-0.19485469,0
1.0683697,0.9255449,3
-0.7421791,-2.049704,0
-0.7867245,1.058339,2
-1.9898368,1.4768267,2
1.3589163,0.114012256,1
-1.2833383,1.6845553,2
-1.4519782,1.3061627,2
-1.7245758,2.9249861,2
-2.3969915,4.79215,2
2.2920334,-1.2180517,3
1.4814932,-1.497232,1
0.36839175,1.695893,2
-0.052921895,0.00044055842,4
0.88660556,-2.2828138,1
-0.55095637,2.0560093,2
-0.6496876,-2.9659996,0
0.21990167,3.3506055,2
-1.7227367,3.3807986,2
-1.635854,-0.03544745,0
4.2538095,0.7209213,3
-1.98882,1.6054355,2
-1.2778053,-2.6633153,0
-1.2719842,-2.1719532,0
1.4006561,-1.2656865,1
4.7741547,0.26631945,3
-0.56104106,-1.3193767,0
-1.0497806,-2.0366676,0
-1.3931296,1.1720971,2
-1.2031115,-2.0061283,0
-0.81978804,0.21385913,2
-1.487077,-0.20261686,0
3.1493652,0.9605719,3
-0.42415753,1.0790725,2
-0.50869215,0.32254332,2
-2.178144,4.0843353,2
2.5651135,1.2770426,3
-0.17536926,-0.9497574,0
-0.5591199,1.2061901,2
3.123699,2.0912888,3
-0.6772971,-1.6299971,0
-0.83303076,1.2207348,2
3.8596156,-0.8612186,3
2.5314133,0.68990785,3
0.19999336,-1.447473,0
-1.7294421,-4.247364,0
0.6927721,-3.2286618,0
3.270017,2.0897646,3
-0.79586905,-2.0205612,0
0.51592904,2.413132,1
1.9378922,0.9973237,3
0.29685995,2.9268634,2
-1.3950582,-0.45681334,0
0.9835822,-2.3857944,1
-0.99906844,-0.61420155,0
-1.981696,0.88005155,2
-1.4354346,1.8690816,2
-0.6227016,-0.058770016,2
0.7698194,3.1484797,2
-1.7116154,1.3559988,2
-1.5222169,0.7260763,2
-1.2394296,-0.15853797,0
-1.4830302,1.0057218,2
-1.545159,2.3252382,2
-1.1445905,-1.7662697,0
-2.0703108,1.0018059,2
-0.5793452,-1.4103633,0
0.41112977,0.07718124,1
-1.3855226,0.1867737,2
-0.5888823,-2.6735032,0
-1.656675,-2.627105,0
0.53378755,0.94644684,2
-1.3826963,2.3017733,2
-1.6103356,-0.5216341,0
2.5538094,-0.79354465,3
-1.1931927,-3.1415086,0
-1.6057973,-0.04397653,0
0.14421146,-1.3362187,0
-1.9110893,1.8437749,2
0.5434792,-0.54430735,3
-0.853593,-0.70426416,0
5.9962034,-0.11089703,3
1.363772,-0.99738437,1
-0.17799228,-1.0516783,0
-2.304406,2.081598,2
-1.7608309,-0.5163659,0
-1.6224319,0.61292106,2
-1.5976758,0.38846195,2
-0.5143227,-1.3319057,0
0.1463817,1.0380336,1
-1.372695,-0.2956397,0
2.6071007,-0.94992626,1
-0.13745967,0.22563322,2
-1.3133909,2.4414902,2
0.8826706,-0.4234848,3
-0.9813011,-1.6120377,0
-1.0494423,-1.1346562,0
1.0347843,-1.8224537,1
-2.827161,2.9254692,2
1.3881198,-0.6883256,1
-0.1801489,-0.6561857,0
1.0358423,-1.7227542,0
1.4127358,-0.4068126,3
-0.01811506,-3.273648,0
1.735488,0.6965399,1
-0.39353487,0.73680955,2
1.6843133,-3.2487674,1
2.4171236,-0.27879447,3
3.5858028,-1.2389203,1
-1.9220331,-0.6267662,0
-2.1951087,0.4140162,2
0.6995077,-1.2939103,1
-1.7822301,-1.5282211,0
-1.365206,0.64167327,2
2.606783,1.6173532,3
-1.8146826,3.2715373,2
2.2714632,-0.51082414,1
-0.7186716,-3.0045195,0
-1.6411933,0.4543987,2
-0.079326816,1.0909718,2
-1.4887211,2.5872371,2
2.769686,1.4482405,3
-0.42998314,3.084728,2
0.0043372456,0.9466458,2
-1.9354582,1.3494916,2
0.01786646,-0.6549553,0
2.3434598,-1.3042371,1
-0.39499566,0.07725509,2
-0.77967733,0.208153,2
0.8062891,-1.6225077,1
-1.0689931,0.8405233,2
3.7521026,-0.22471718,3
-0.3988991,-3.5696616,0
-1.9905604,-0.14004412,0
-1.8451536,2.5140798,2
-0.9473309,-1.4768208,0
-0.9669691,-1.3247797,0
-1.4174724,-1.0563843,0
-0.6180887,2.1839128,2
-1.3670304,-0.3195604,0
-1.6269028,0.013830569,2
-0.30581042,0.3504408,2
0.30784354,0.50696295,2
3.6209714,2.221076,4
5.4807534,-1.3482819,3
0.53939927,0.20878005,1
-0.93819064,-1.693578,0
-0.036499426,-2.085742,0
-0.012749327,1.5911783,4
5.270502,-2.7896821,3
-0.25482818,-3.6376507,0
-0.7267663,-0.92665595,0
0.0143044125,-2.7410371,0
-0.64266944,-0.006943539,2
3.5062556,0.7047057,1
-1.1908424,2.1796722,2
-1.8540738,0.044824734,2
-1.9666986,-0.36686158,0
-1.3934644,-1.0960588,0
-0.69160384,0.11828984,2
-0.35051292,0.013765648,2
-1.4694842,-1.9279467,0
4.9605136,1.4341499,3
-2.151796,2.1100028,2
-1.1552916,-1.3702943,0
0.16150679,-3.1452608,0
4.890824,-1.3247148,3
-2.4380865,1.598798,2
-0.12959963,-1.8216414,0
6.7359943,0.79727304,3
-0.80147374,-0.21558058,0
-1.0147132,1.2019259,2
1.0786525,-0.51581573,1
2.628528,4.327106,3
-1.5189731,2.4355881,2
-1.3194276,1.0860012,2
0.42232466,0.5277791,2
-1.0323408,-3.0288024,0
1.0351539,-0.4504323,1
0.45776096,1.144724,1
-0.18837911,1.0055106,2
-0.006487148,-2.8396409,0
2.9505157,-1.3646667,3
-0.27574676,-0.18811445,2
0.7329948,1.9001017,3
-1.9043758,2.2462447,2
-2.3868105,1.7400632,2
1.4230791,1.007384,3
-0.7798598,-1.5353408,0
-0.07349589,-2.9471745,0
-1.0566579,-1.1425557,0
-0.38804784,1.5625106,2
-1.2665564,-3.0429497,0
-0.10837096,-1.4554592,0
-1.6041238,3.6164382,2
-1.9487152,-2.634226,0
-1.1645758,1.4408994,2
-0.415946,0.47222716,2
-1.3510594,1.4390101,4
-1.4680713,0.48442942,2
3.2364748,1.0938977,3
-1.7364485,0.87303346,2
0.8608759,0.3151464,1
0.678588,-0.35190392,1
-1.9378605,1.458596,2
2.2653139,-2.3220575,1
1.2105428,-1.039237,1
0.8936216,-0.50215703,0
-0.7652946,3.0011995,2
-2.1054554,3.5594397,2
0.335861,0.13276492,1
-0.6023049,0.27630663,2
0.48408934,-0.73018223,1
-1.2054214,1.4014769,2
-0.723689,0.516726,2
-0.6456666,-1.0706908,0
-1.0408586,-0.89775264,0
-0.8094756,0.6918837,2
-1.0444573,0.17106892,2
-1.4970386,-1.0513806,0
2.8903637,1.2308838,3
-1.4018531,1.6182818,2
6.949002,0.89704484,3
-0.2207951,0.04863806,2
1.9167466,0.45378566,3
-1.6883265,0.06118311,2
-1.0447963,-2.3901222,0
-0.553055,0.5637682,2
-0.06695147,1.0146763,2
-1.1736639,1.8767672,2
0.35336518,0.58086133,1
4.3073487,1.3921514,3
-0.27247345,3.0849664,2
-1.5568199,1.2665434,2
-0.71721476,0.18099745,2
-1.8857825,0.50954896,2
-1.1290966,-0.47318214,0
1.390771,-0.28350395,1
-0.68311524,0.69345206,2
-0.9972683,-2.7363997,0
2.2229307,2.4479172,3
3.2907157,0.7561761,3
2.3431802,1.8083776,3
3.7037563,1.4990542,3
0.17810294,-3.0991917,0
-1.4039218,0.8359548,2
4.917172,1.062574,3
-1.1881998,1.0534995,2
0.09408319,-0.00054445677,2
-0.78577524,-2.5894568,0
-0.44557405,0.0062700063,2
-2.419533,3.2188332,2
-1.1563939,-1.9629261,0
1.7223357,-1.8207341,1
3.623749,-1.1226627,1
-0.44030672,-3.07137,0
-0.9963692,0.80298775,2
-0.8532399,1.9333643,2
-0.20996183,-2.09807,0
0.8316457,3.1448443,2
1.9890212,-0.9081407,3
3.565559,1.9845226,3
0.09281982,-0.22893754,1
1.9024072,-0.17131843,3
3.1741993,0.60728115,3
-2.5373976,1.1200768,2
0.2212236,-1.0796165,0
0.64966774,-0.9947377,1
0.6829169,-0.585697,1
4.621194,-0.38652885,3
-0.48668057,2.7470686,2
-1.0003676,1.1426423,2
-0.85738915,-3.9395258,0
2.7901473,-1.5739169,1
0.17840797,-2.719379,0
3.3053136,-0.8842992,3
0.31247738,0.8782066,1
-1.0860126,-1.9644742,0
-1.5654614,1.976836,2
1.3935143,0.47348237,1
-0.706641,-0.29908228,0
-1.4344425,-0.054595754,0
-0.6211379,-2.4867234,0
0.9948754,-2.061201,1
-0.51630884,-4.502925,0
2.7060647,-0.2324671,3
-1.4795332,-1.7755797,0
-0.46344137,1.3873098,2
0.75826585,-2.0194457,1
-0.37642765,0.3310941,2
-0.77974343,-0.25239825,0
-0.7485089,2.2384534,2
0.85624486,-1.7464497,0
1.4171345,1.2382267,3
-2.0752752,-1.072922,0
0.89173687,3.5890434,3
-1.3786466,3.1860964,2
-2.3718946,1.3678402,2
-0.9173822,-2.267913,0
-1.7951615,-2.328536,0
0.23709604,-1.6941293,1
-1.1653616,-0.055536702,0
-0.84709346,-0.6937165,4
-2.1017268,2.5105088,2
-1.87943,0.3731708,2
-1.4293061,-1.8265063,0
-1.7721734,-0.0453715,0
3.3958738,0.64103067,3
-1.6125968,-1.0314202,0
3.3562634,1.3739651,3
2.1790094,-4.51865,1
-1.0414398,-1.5652504,0
-1.3387289,1.6271982,2
5.514291,1.39993,3
-1.1417264,-2.7704582,4
-1.5972714,-1.4758029,0
0.07691976,1.9152873,2
4.886601,0.36080146,1
-1.0015669,-1.7664618,0
1.9246172,1.5569855,3
-1.7970579,1.4308854,2
-1.572855,2.8279095,2
-1.3848317,2.8271675,2
-1.3598329,-1.3096329,0
0.20243387,2.872347,2
-0.9991378,-0.24674448,0
-0.86302704,-1.6259469,0
-1.2468743,0.10265909,2
-0.5633896,-0.39572316,0
-2.2336822,0.25176275,2
-1.4615824,1.6197258,2
2.127991,-2.099642,1
1.0140009,-0.94437855,3
-0.93917114,-0.52662975,0
-2.9609303,3.4972587,2
-0.67712057,-2.1906753,0
-0.8148304,2.3205724,2
-2.363876,1.3203914,2
-0.87298125,0.22813033,2
-1.4302795,0.01346226,0
-0.5405696,-1.4034394,0
1.4999611,-0.21832146,1
-1.2507691,-1.2154666,0
-1.6722983,-3.0439456,0
-1.3548055,1.0003207,2
0.31154686,-0.785181,1
0.28486747,-0.48716658,0
4.3973427,-0.91692156,3
-2.0114636,2.2803211,2
-1.3350079,0.61391395,2
2.2888625,0.842054,3
-0.2587011,2.5292368,2
0.3053207,-2.0625355,0
-1.5041685,-0.5184611,0
0.15981102,4.3280153,2
-0.103150815,-0.7575443,1
-2.1453078,0.7699908,2
-1.1457508,2.645939,2
-1.2708118,-1.594305,0
0.37236887,-1.109072,1
3.3584447,1.0733151,3
-1.2883251,-2.3291178,0
0.041417502,0.7869991,2
-1.7894803,0.22934555,2
2.8459256,-1.0001739,1
-1.2120628,-0.7570779,0
0.4939643,-1.8580644,0
0.8347452,3.8440707,1
-2.6957068,3.3376758,2
-0.44091237,1.9606643,2
1.9650041,-0.89416045,1
3.8514688,-0.890115,3
-0.22143665,-0.8036749,0
-1.6471508,0.35598826,2
0.625769,-1.8167332,1
-0.5164987,-0.9011476,0
1.8927149,0.6527351,3
-1.8816104,-0.7815258,0
-0.10155502,-3.905277,0
-1.2833903,1.5412694,2
-0.5746176,-1.2220999,0
1.9394975,-0.23156135,3
0.3326281,1.0400404,2
-0.042439688,-0.9253243,0
-2.017265,-1.3717138,0
-0.9280197,0.16971393,2
-0.7375532,-2.0196733,0
-1.1462827,0.251316,2
0.55277675,-0.41796035,1
0.0070959013,-2.0841765,0
1.5576012,-0.01758337,1
-0.46428528,-0.24428503,0
-1.5934614,-2.9107995,0
4.4806533,-1.5002055,3
1.4009413,-2.573577,1
0.19281559,1.5855969,2
1.5017164,0.21112545,3
-1.6863794,1.6771519,2
-0.351785,0.23175155,2
2.669731,-0.5474183,1
-0.15926331,2.494786,2
-0.793275,1.2700149,2
-1.1573716,-2.0698311,0
-1.991576,-1.457435,0
-1.4722521,-1.8861758,0
-1.5102062,-1.7510146,0
-1.5079603,1.848425,2
-1.659594,-0.90575546,0
0.22630286,-0.70248383,0
-0.44404113,0.8605636,2
-0.84000695,-2.9545388,0
3.1418514,-1.9690382,1
-0.4447708,2.0130186,2
-1.2818649,0.93566096,2
-0.1097855,-2.0444045,0
2.116151,-0.6182692,3
0.88757265,-1.8618715,4
4.855167,4.7824173,3
0.15913363,-1.4073929,0
1.9858472,-0.7798187,3
-1.2468796,-3.4135082,0
-0.8609387,1.6738993,2
2.039562,-1.0405434,1
-2.0266454,0.4240958,2
-1.3684671,1.8560455,2
-0.25413275,0.4433,2
-0.7512575,1.1270946,2
4.3497095,1.7240796,3
-2.059436,4.721386,2
0.27932107,-0.62692755,1
-1.3306274,-1.2655066,0
1.3407278,-0.7044335,3
0.6765969,-0.0103628,1
-1.5753928,-0.21622905,0
-1.6635189,-1.668337,0
1.8852254,-1.4993268,3
0.13770637,2.1488957,2
4.028714,-2.3819108,3
3.3297138,0.35620767,3
0.73703337,3.958801,2
-0.40102547,-2.629616,0
-0.51053023,-2.0343232,0
-0.8284305,0.35252374,2
-0.5451632,-1.5680649,0
1.030033,2.8193002,4
-0.50785595,1.3076417,2
-1.3369385,-0.37219864,0
4.2052894,0.57516664,3
-1.1431391,-3.7188923,0
-0.33432725,0.4987936,2
-2.167488,2.6069977,2
-2.0017018,-0.14316027,0
-0.48574027,-1.9958911,0
-0.8686801,-0.5897697,0
5.735453,-2.9891925,3
-1.525052,-0.3000341,0
-1.8068135,-2.109067,0
-0.9988848,-2.1116455,0
1.4678421,-0.1060458,1
3.1828399,-0.92768365,3
-1.721392,-0.085991025,0
-1.0776718,2.6576743,2
0.8675887,3.630426,1
-0.39635465,-3.066223,0
-0.28144616,-1.8328272,0
-1.8182875,-1.7851627,0
-1.3944263,1.008883,2
5.8170605,1.5273168,3
-1.0885037,-0.36634594,0
1.6309478,-0.9399098,3
-1.7840954,-2.6744246,0
1.2928848,-2.3497756,1
-2.7305698,6.175955,2
-0.24808967,-1.1192269,0
-2.0884936,1.0632828,2
5.909744,0.28463697,3
-1.268921,1.8697245,2
-0.8467975,-1.5957532,0
-2.1192904,3.9721925,2
-0.8228596,-0.27621573,0
2.7453523,1.485387,3
-0.09742071,2.8288715,2
-1.7618517,1.2463301,2
-0.78161055,1.5147095,2
-0.94625866,-0.8145299,0
-0.2873281,-0.21357094,4
-1.5015827,-2.6633272,0
-1.3162198,-1.7647575,0
-0.87829393,1.009047,2
0.6394426,1.3166963,4
2.1244826,-1.8184462,3
-2.0649984,2.4510252,2
1.9529742,0.21740417,3
0.038258974,0.7865789,2
-1.103034,1.2495484,2
-1.6087447,2.121416,2
4.2128315,-2.0433362,1
-1.1752807,-1.1439171,0
-0.76373285,3.4556158,2
-1.629163,-0.31463647,0
1.4744971,-1.8266624,0
2.2083323,-0.34667003,3
-0.5101129,0.3302967,2
3.119353,-1.0519468,3
2.1497896,3.653333,3
-0.16237088,1.2227838,2
0.37018648,-1.3415176,0
-1.037023,3.1458309,2
-1.272916,0.54399437,2
3.2860036,1.9028,3
5.078008,2.3086877,3
-0.58327585,-2.2997267,0
-1.2176977,0.24690606,2
-1.3472748,1.3308201,2
-2.1501076,-1.6776606,0
0.079308406,0.97681826,2
-0.843322,-2.3671782,0
-0.6225942,1.5662984,2
-0.36086145,0.803696,2
-1.6195371,0.7809475,2
-0.58411556,-2.4112077,0
1.1904299,3.2697647,3
-0.3663131,0.48787338,2
2.696692,-0.08823615,1
-0.18564546,0.6627216,2
-1.3776888,2.5351791,2
-0.86555195,-2.1295385,0
0.42173058,1.6163095,2
0.12464626,-0.013751194,1
-0.10417791,1.0036324,2
-1.3709657,-1.1162146,0
0.35690415,-2.4778407,0
3.1895163,4.9384093,3
-0.17860807,-1.3523992,0
-1.6548054,1.4241142,2
-1.4963124,1.3831419,2
3.3602235,4.1232586,1
-1.3035717,-0.55504274,0
-2.2488809,3.0869122,2
1.2634876,-1.547995,1
-1.1754597,-3.4877305,0
0.42456713,0.034263782,1
0.49882895,3.0100343,2
-1.4195387,-1.2726172,0
-1.636562,-2.4895954,0
0.020566033,-2.0395036,0
-0.01928933,-2.2605689,0
0.273607,1.8551357,2
1.6821483,-1.4272739,1
-1.6640556,1.3574022,2
-0.9557328,0.87880737,2
3.5065176,0.557041,3
-1.869982,0.14983705,2
0.7900894,-2.1693,1
-2.2368512,0.8256813,2
-0.92453027,0.5579526,2
-2.4635406,2.2643971,2
-1.5893185,1.7209412,2
-1.449389,-1.0430669,0
0.2095401,-0.27060604,1
-0.8930023,-1.1467291,0
-1.9270585,-3.446979,0
-0.7734201,-2.4136124,0
2.5555358,0.4056424,1
-1.8926694,-0.23531869,0
1.2408128,0.99034923,1
-1.3421957,0.52110463,2
-2.1067743,1.8250169,2
-1.1526345,-1.0354403,0
-1.3059385,-1.4127779,0
0.052947067,0.014961898,2
-0.57987505,3.261513,2
-1.4307461,-0.6671683,0
-0.83546627,-3.1784184,0
0.4473905,0.5776879,1
-1.6396211,-1.2532223,0
-1.268827,1.0725393,2
-0.23822771,-1.0153838,0
-1.4138205,-0.41117203,0
0.8271304,0.4957083,1
-0.46072105,1.3595545,2
-0.35205677,2.7401826,2
0.50314045,-2.8074007,0
-0.6949709,1.9346675,2
-0.94634825,-2.4970372,0
-1.7977164,-1.5084816,0
-1.4434857,-0.92180264,0
-1.1425676,-0.72462344,0
5.946312,1.348595,1
1.5861157,-2.0416884,1
-0.08788186,-0.52943814,0
0.59706265,2.6381752,2
-1.0950198,1.9558166,2
-1.7040101,-0.036849126,0
0.72657794,-1.2467221,1
-0.8125273,-1.2030691,0
-0.13084212,0.4151829,2
-1.6127148,2.8982663,2
3.7667775,-1.7338668,3
4.325695,-1.4514222,3
3.4477189,-1.6960344,1
-1.77662,2.0624795,2
-0.3718303,-2.482381,0
-0.9930914,-1.7735512,0
1.2387664,0.66359967,1
0.3004321,1.5570061,2
3.7996068,-0.91190565,1
-0.68517256,-3.3054545,0
4.937568,-0.09272702,1
2.0028892,1.6527216,1
1.1978062,2.990253,3
3.6149974,3.7559135,3
-0.24403082,-2.887689,0
-1.1572849,-1.6702021,0
-1.5124125,-2.8247828,0
3.118118,1.502884,3
-0.9187323,2.35007,2
-0.73484886,3.2830958,2
-1.2619953,-1.7669401,0
-0.5068381,-1.1194947,0
2.7797868,1.3390093,3
2.6857278,1.3924876,3
1.5507505,4.49183,3
-0.9365248,-1.0814781,0
-1.3034295,-0.6876705,0
-2.398105,-0.21567743,0
3.2351298,3.192323,3
-2.002652,1.6221299,2
1.5911613,1.0406116,1
1.6918445,4.271054,3
-0.06790884,1.7306106,2
2.7172728,0.30828112,1
-0.83340716,-1.3393553,0
-1.405975,-1.5399101,0
-0.0635532,-3.20642,0
3.2207568,-1.0944957,1
0.242792,-0.61755973,1
1.9327021,2.0816574,3
2.1627965,3.2780988,3
-1.6113168,0.84196705,2
-1.8512619,2.226874,2
-1.272954,-1.2824275,0
-0.6302517,2.6106944,2
3.1822731,-1.8896341,3
-1.4378326,-2.447312,0
0.113996595,-0.10135392,1
-1.0882329,2.5152645,2
-0.9048784,-2.1720695,0
1.4631286,-1.6712272,1
-1.9476236,-0.55285996,0
-0.9817848,2.0988686,2
1.4663355,1.3573172,3
2.1796033,-1.0376107,3
-1.0208579,-1.4400872,0
-0.91486126,-1.2638943,0
-1.8110938,3.2768428,2
0.22829492,-3.4839175,0
0.21927273,-1.6890712,0
5.5759964,1.948808,1
2.0591214,-1.2136515,1
-2.4493406,2.7180164,2
-1.9207807,1.8111649,2
-1.530511,-0.6834494,0
0.18718281,2.0293078,2
-1.6471057,1.7029278,2
-2.0606554,3.1760824,2
-1.9453917,1.8531954,2
-0.35224098,0.8334162,2
1.0139076,1.4380773,4
-1.3273971,0.68982905,2
0.10296868,4.7017107,2
0.38092873,0.91334206,2
-1.9538139,2.2935154,2
-0.026278097,-2.4587626,0
2.4502413,-0.09027203,3
-0.79218024,-0.42278588,0
4.073356,3.387395,3
-0.3410338,1.4008721,2
-2.1805372,4.1574974,2
0.28381932,2.5032566,2
-1.4421225,0.8195894,2
1.1382471,-0.17123649,1
-1.1888759,-2.6253378,0
-1.3827546,0.28816372,2
-1.5397954,2.7390213,2
-0.69364583,-2.1917987,0
-0.76064426,-0.4650761,0
-0.11630728,-1.2228258,0
-0.10690875,-0.32993942,0
-0.1347647,3.6495864,2
-2.0727363,0.9929561,2
2.1824486,-1.2164608,1
-2.2862673,1.1830642,2
-0.70305294,-1.4483063,0
-1.711791,-0.39368838,0
3.8337138,0.46602464,1
-1.4707284,0.3033502,2
-1.4597688,1.9398558,2
-0.08078901,0.36211097,1
-1.4460351,2.5086362,2
-1.5541918,0.11071518,2
1.665958,-1.5102804,1
-1.393029,0.16121806,2
-0.25578618,2.4925706,2
0.24200587,1.6635622,2
0.3193051,0.63675046,3
0.8937391,2.8917768,2
0.099767864,-0.019427791,2
0.39353338,-2.8272653,0
-0.1456858,-3.2521005,0
-2.4348066,2.6515458,2
-1.7074566,-3.0437202,0
-1.5633732,-0.6433318,0
-0.7678073,-1.9646382,0
0.13947128,0.37978232,2
1.5349824,0.5563932,1
-0.74258953,-1.7425094,0
-1.606566,0.21250579,2
0.91689634,-2.0517712,1
3.102607,-1.4123876,3
-0.8604954,-0.07197471,0
-2.0559537,2.0537727,2
3.4658546,-0.26127285,3
-0.51201767,-1.2873838,0
-1.7196786,-2.1557026,0
-1.4236015,0.15090802,0
-1.3187735,0.9372847,2
-1.2375872,3.4625626,2
-1.7984712,3.6940343,2
-1.1227248,-1.5003659,0
-1.3140544,2.1299405,2
-0.705454,0.6524113,2
1.3186848,1.1552896,1
-1.8084352,-1.0064075,0
-0.31055754,-1.7142321,0
-0.7801278,-0.74431896,0
1.8385588,1.4795645,3
-1.9564105,-0.40188378,0
-0.8516248,1.3293332,2
0.77192026,-1.2933929,1
-0.021358129,-2.0062816,0
-0.87393206,-0.41948885,0
1.3702888,2.5995739,3
-1.2502972,-1.7433672,0
-1.3573574,-1.3889793,0
1.6795726,-0.7293398,1
3.5148656,1.5074577,3
0.44985268,-2.1737378,0
-0.9740502,-0.6453998,0
-0.95231205,-3.615072,0
-1.6906809,-1.7265319,0
-0.67776775,1.6152618,2
-0.46670422,-2.5125961,0
-0.79406583,-0.13244948,2
2.0424325,1.3781703,3
1.4600006,-0.28281772,1
-1.0778881,-1.8507062,0
-1.2852974,-0.6358856,0
-1.2696073,1.0844988,2
-1.1658448,-0.97219104,0
-0.3625069,-0.71279085,0
3.5818958,-1.137335,3
1.1341299,-0.3012696,1
10.344726,-1.31267,1
-1.3007897,-1.722692,0
-1.46699,-1.6449078,0
-2.256933,3.7735043,2
0.5171021,1.0187862,1
-1.5549803,0.19928934,2
2.5251646,1.348298,3
-0.7700531,2.2697835,2
-0.879618,1.1756378,2
0.76072305,0.4807542,1
-0.6076549,-1.2229944,0
-1.3447913,-0.506882,0
0.71645397,-1.3011498,1
-1.9220073,2.8509502,2
1.4955664,-2.0023386,1
-2.2251358,1.3831108,2
2.797662,-0.5228976,1
-2.1978567,-1.8685694,0
-0.6090389,-0.48836082,0
6.6212535,-0.298315,3
-1.7014831,-0.112414904,0
4.326184,1.4159783,3
4.525395,-2.695611,3
-1.7083085,3.5178246,2
-1.8238505,-1.0758202,0
7.0763006,1.4405011,3
-1.4616913,2.3156927,2
1.0919713,0.6005382,1
-1.8066145,-1.2222906,0
-0.9278653,-1.8982389,0
-1.5894475,0.56001526,2
0.012602937,2.5689223,2
-0.4705762,4.0399566,2
2.3407576,0.44917077,1
-0.31123295,-1.056948,0
-0.6349047,0.5541852,2
-0.19553587,-1.1150634,0
-0.32815397,2.7634518,4
-2.2889068,2.0244544,2
-1.2425969,0.4529469,2
-0.83225423,-0.82351446,0
2.3352792,-0.6679187,1
3.172186,0.62864244,3
-1.1853317,-1.7497088,0
3.0541852,2.366923,3
-0.011337902,0.99581426,2
-1.0976757,-2.6448278,0
-0.4448733,-0.043163378,2
-2.3024569,-0.31920582,0
-1.81295,-0.76413196,0
-1.7801057,-1.527942,0
1.788369,2.7060187,3
-1.3327423,-1.7076006,0
-0.71320206,0.50838983,2
-2.1056147,1.8853941,2
3.4252584,0.8008129,1
-0.21364264,-0.5668394,0
0.43478706,-3.5169141,0
-2.2573624,1.3435854,2
-0.07508444,-1.0134194,0
-1.0381031,-0.13929796,0
-1.0379668,-1.8108766,0
-1.5244814,0.24690528,2
-0.7236511,-0.33602095,0
3.967913,1.2716413,3
-1.4914936,0.08284001,2
1.2788497,0.24282946,1
-0.5400478,0.1102286,2
0.65927523,-1.5728432,1
1.2879968,2.9071417,3
2.026152,-0.9946511,3
-0.5329795,-0.3433504,0
-0.39528438,-3.2061229,4
1.6802576,-0.9591858,3
0.46970737,-0.25321585,1
-2.6258004,4.5225263,2
-0.7600015,-1.9083922,0
2.929489,0.4344682,3
-0.826392,-1.8291751,0
-1.3008412,1.5739977,2
-1.1858879,-0.96324474,0
0.54032123,0.019596424,1
-2.2316916,4.7563925,2
-1.1713995,-2.306021,0
0.17006385,-1.4232662,0
-1.2792931,-1.4791548,0
0.21066986,-2.810585,0
-0.6244463,1.0747762,2
0.8159495,-1.6883237,1
1.6090698,1.5777144,1
-1.5208305,0.21569036,2
-1.2622038,0.9794647,2
-0.19246335,-0.44021332,0
-2.2034862,2.780589,2
-1.5612725,0.57292825,2
0.48922458,0.28083158,1
-1.3513263,-3.6151125,0
-0.58272934,2.744849,2
-1.1587162,1.1418635,2
-0.063710585,-2.0000048,0
2.4419074,-3.1979277,3
1.1667475,-2.7101297,1
0.29685724,-0.30106884,1
-1.9960364,3.1402452,2
0.89883053,-0.10298939,1
-0.4979947,0.90645224,2
-0.87949544,-1.4668843,0
-1.0515276,-0.14525041,0
1.1631823,-0.7571364,1
1.8587873,0.12431206,1
-1.0070437,-0.60031205,0
-1.1650805,2.6781843,2
-1.0074557,1.9190571,2
-0.930491,-2.3927119,0
2.7174225,-0.44832444,3
-1.4020137,-0.4775023,0
-0.046561345,-1.3218608,0
-0.47393402,2.0234933,2
-1.5996985,0.06913318,2
-0.9467157,-1.9943488,0
0.9033291,-1.6975763,0
-1.1769336,2.0814297,2
-0.83029616,0.33830237,2
-0.08101556,-0.6343275,0
-0.15964848,1.0242497,1
-0.5631728,0.23598154,2
-1.403414,1.0560613,2
-1.9580543,-1.1956302,0
-0.88501126,-0.71934193,0
-1.3880045,-0.41171402,0
-0.70926356,2.745807,2
-1.7422749,-2.3050044,0
-0.055469796,-0.49694216,0
2.0609374,1.7797529,3
-0.96355397,-0.5100064,0
-0.117345564,0.82517904,2
-2.0266442,0.30866027,2
-2.4110322,2.3029287,2
-1.7131507,-2.9856749,0
-0.81506425,-1.409369,0
-1.6579716,1.0647564,2
-0.0198693,-2.639178,0
-1.3592637,1.5156838,2
-0.042719763,-1.6757009,0
2.1570778,2.6528575,3
2.7257035,-0.727368,3
2.6020133,-1.3727857,1
-1.531998,2.366968,2
0.16043095,-0.8252527,0
-1.7067852,1.8197186,2
-0.9324346,-0.67708814,0
2.763396,-1.2367914,3
2.0543778,0.87854624,3
-2.0172937,2.2919588,2
-2.0819962,1.8884895,2
0.5722161,-1.2977428,1
-1.451186,0.5970849,2
-0.540424,-2.1711152,0
-0.2142014,1.5283004,2
1.4164311,-0.6885661,3
-0.33063626,1.3175443,2
2.421159,0.6288105,1
1.7776841,-3.1135476,1
-1.40267,2.0086088,2
-1.6683197,1.2280672,2
-1.9323511,-1.5705268,0
-0.5283912,2.8393717,2
2.3823614,3.3605597,3
-0.5999669,-0.568556,0
3.1038249,1.4782147,1
1.8293431,0.028321639,3
-0.5535344,-0.078948215,0
-1.7520871,-0.59800553,0
-0.9090668,-1.1892443,0
2.2950368,0.89232725,3
2.5149107,0.2761593,3
-2.0619974,3.9251068,2
-0.6335911,-1.0774887,0
-1.473699,2.5467181,2
-1.7828244,0.9607188,2
-1.3347237,1.5193903,2
0.31871116,0.62973154,4
-1.5460246,-0.47773337,0
-1.2117723,0.05760111,2
1.0457264,0.053222895,1
0.0153969955,-0.0450546,1
-2.160299,1.8359786,2
-0.35191926,1.0743109,2
-1.4275517,-2.2056723,0
4.338965,0.91524225,3
-0.9742209,-1.778101,0
-1.2509805,-3.1543798,0
-0.47910428,-0.90217525,0
1.3411279,0.06489365,1
-1.885689,1.1436368,2
4.6529365,1.3798562,3
2.3061996,1.7531347,3
-0.5509784,-1.8916408,0
-2.0064397,0.11997476,0
4.8777976,0.6114932,3
-1.1869167,3.5764813,2
-1.2408468,-1.521915,0
-2.3198867,3.4142184,2
-0.8917789,0.51466614,2
-1.4489636,1.5395024,2
-1.8001698,0.8888604,2
0.1547505,-0.92149436,0
2.833351,2.1073356,3
1.1293542,-0.37935752,1
-2.2514877,2.0590887,2
-1.6424124,1.1644922,2
-2.096347,-0.9877285,0
-0.9730415,-3.0038278,0
-0.3965993,-0.9915359,0
-0.39762285,-1.2677158,0
-0.8989082,-1.478416,0
-1.323489,-0.44169915,0
1.6819353,0.41321558,4
1.1942952,-4.6385937,0
1.3920829,0.1542303,1
-1.7156194,-2.9380648,0
-2.3944259,3.2604907,2
-0.52323073,1.0442691,2
-0.92593634,-1.3267304,0
0.85995346,0.99832624,1
2.9532518,-2.6790216,3
-0.43062887,2.0643923,2
-1.333691,2.4190857,2
-1.1664035,-3.227495,0
2.8806992,-0.18712664,3
0.13120292,-1.4989437,0
-0.5639389,-1.1813463,0
-1.415949,1.7202853,2
-1.7511306,2.462505,2
-1.5636564,-1.3220664,0
-1.2548777,1.0799127,2
-0.24123329,0.08007039,2
-0.9908396,-2.0383735,0
-2.4948983,5.12508,2
0.8362357,2.269436,2
-1.1727154,0.86147684,2
0.876112,0.20633835,1
-0.23806371,2.598715,2
0.15630542,2.9149187,4
-0.62611,1.2961289,2
7.423658,0.35198945,3
2.1504333,-0.33366585,1
-1.3222468,-1.524218,0
0.8823044,2.5216453,2
-1.5367165,-1.1912405,0
-0.96621704,-2.7991786,0
-0.2168055,3.0020466,2
-2.0396576,0.8624754,2
-0.73468274,2.0639255,2
0.5868747,-1.0009438,1
-1.7634364,3.8003414,2
3.3809907,2.608483,3
-1.511135,0.3918839,2
3.9827218,1.4563262,3
-1.7052827,-4.5458126,0
2.922664,-0.5954717,1
-0.97212595,-2.6704514,0
-3.2841456,4.3878083,2
4.9529214,0.4611761,3
-1.054252,-0.9484988,0
0.17895812,0.31023645,1
-0.38004732,-1.0493667,0
0.77804554,-1.1801612,1
-0.9790093,2.0534887,2
-0.64159685,0.2250926,2
7.590726,1.568704,3
0.024035534,-0.032634802,1
3.2232904,0.12787963,3
0.6089721,2.1653316,1
-2.0704293,1.513955,2
-0.34642243,1.1581917,2
-1.188939,2.749306,2
-0.9810039,-0.15217918,0
-1.8148699,-2.936466,0
0.11874937,0.25238365,1
2.6561947,-1.8318962,1
-0.535935,-1.7949357,0
-1.1300372,-3.295925,0
-0.22745128,-1.4382962,0
-1.7107692,1.1706889,2
-1.753499,-0.19575973,0
-1.3185239,1.3444154,2
1.8214841,0.24731208,3
-0.638895,1.179976,2
1.5789013,1.7186981,1
-0.70033675,1.9546406,2
-0.63635653,-1.5257694,0
-1.7884709,-0.9927164,0
-1.249109,1.9358711,2
-0.80146426,0.069782645,2
1.4162871,1.3845097,4
-0.21322,-0.613651,0
0.03955495,-0.3956185,1
-1.8858172,2.60209,2
-0.32210335,-3.4937444,0
-1.5203826,2.2789083,2
0.15176207,0.15078433,2
2.007351,0.9383313,1
-0.8940066,1.4294081,2
-1.2428052,1.1156033,2
-0.6375236,0.67041785,2
1.080156,-2.822391,1
-1.3296305,-0.89080906,0
-1.7078696,1.4378959,2
-0.2477553,-2.26491,0
-2.6882162,-1.0429178,0
-0.2714205,0.5487857,2
-2.1970608,1.996408,2
-1.3232747,2.9964545,2
1.2757292,-1.4285887,0
-0.40134978,1.0966045,2
-1.3752333,2.6528394,2
-2.0794938,-1.6392819,0
-0.77688295,0.20452239,2
-0.3191481,0.9924696,2
-0.63967675,-1.2399477,4
-2.1410754,-1.240419,0
1.0298369,0.37624532,1
4.6437626,-0.14931248,3
-1.1532271,0.64098436,2
-0.5970937,-2.4073808,0
1.6450461,3.9802616,3
-1.9697618,1.141581,2
-0.9147289,-2.96678,0
1.8023739,0.6002044,3
0.47860867,2.2982259,2
0.76215714,-1.5902563,1
-0.5648405,0.7065672,2
2.0026302,-0.88491726,1
-0.71602744,-0.96924883,0
2.229028,0.87347853,4
-1.2574359,-2.6608121,0
1.2805551,-0.2940035,1
0.19446889,-0.66629595,1
-1.3522816,-0.76874495,0
-1.03525,-1.7625206,0
2.4111505,1.6361694,3
6.3936048,-0.19959618,3
1.0730187,3.3259935,3
-1.4467674,0.79375046,2
0.21860823,-0.45938265,1
-1.6762427,0.47262192,2
-0.21381012,-2.6002803,0
4.4712443,0.364294,3
-0.034340985,-1.3592823,0
3.1112077,-0.037729368,3
-1.7990061,-3.1700053,0
0.32604137,-0.7203195,1
1.7157092,-2.9195478,0
-0.66077936,-0.033771604,0
-0.58617216,-1.9938133,0
-3.0262523,4.2474246,2
1.1930305,1.1963388,1
2.7437153,-0.5083877,3
-1.5590687,2.0499737,2
1.214759,-0.5814654,1
0.21123537,-2.043859,4
-1.6906729,1.3644865,2
-0.43948096,-0.0163832,0
-1.6504155,0.5902921,2
-1.7911286,0.6035964,2
-1.424111,1.5182741,2
-1.7852657,1.773485,2
-1.5294348,0.49111718,2
2.8073742,0.03246315,3
-1.3546535,-1.3667037,0
0.0070896484,0.32578528,2
1.2678901,-0.67389053,0
1.8103069,0.40419537,3
-1.3511223,0.4159019,2
-1.6447088,-3.051294,0
0.7453495,-0.89670134,1
0.70501804,-2.9629338,0
-0.26870963,2.3365874,2
-1.8818295,-0.56748945,0
-0.609024,-0.40931106,0
2.3751993,1.5376012,3
-1.8246282,-3.1107955,0
0.42640477,2.4762056,2
0.908892,-0.0017245263,1
0.7825503,-0.48980552,1
-1.2253895,1.6321986,2
0.8431855,-2.0972912,0
1.207366,-1.45508,1
1.299309,0.9715521,1
0.31083122,2.7083354,2
-0.6409074,-0.5109504,0
-1.0096619,-0.81582505,0
-1.6743835,-1.2226771,0
2.874006,2.9009793,3
-2.8106577,3.3374357,2
-0.4098734,1.2302711,2
1.224507,-2.2876468,0
-0.48124257,-2.7175672,0
-1.5256872,-0.31316686,0
-1.1261178,1.4513925,2
-0.46784967,-1.138535,0
-1.4144093,-2.3440475,0
0.6121673,-0.99569386,1
-1.1392828,-0.21577233,0
-1.6354907,0.31725705,2
-1.4686999,-2.5026371,0
0.013320366,0.8879337,2
-0.8511632,-2.4684649,0
-0.43715298,-1.9867072,0
-1.0829885,-3.3180401,0
1.309595,-0.7986104,1
-1.3077021,-2.6963084,0
1.3630457,-1.263458,1
-1.6043943,-0.733791,0
0.6665996,2.231492,2
2.045365,0.087838665,3
1.9998531,-1.4583476,1
5.184592,-4.1603827,1
5.465922,2.5060847,3
4.0260816,-2.6323743,3
-1.4097804,-0.566878,0
-0.20506698,-1.2256404,0
0.90315086,-0.40973872,1
-1.2167785,0.68754315,2
0.62837493,-2.3582873,0
-0.7612563,3.5890753,2
-1.7774227,-0.8904449,0
-1.8506886,-0.80847967,0
-1.0334592,0.84243745,2
2.3818736,0.022459462,1
-1.213428,1.5143483,2
3.1836884,-1.2711067,1
1.4788326,1.5164813,3
-0.9846269,2.3774297,2
4.271955,1.5423969,3
0.7690728,-1.077187,0
-1.3412653,1.5368111,2
-1.7560426,-1.3231045,0
3.235517,3.2953672,3
-0.94965106,-3.6567476,0
-1.7166449,0.48955625,2
-0.070329584,-0.5859419,0
-0.629913,-1.0977767,0
-0.27021202,-1.2810206,0
-1.0588626,0.005849298,2
-1.3161335,-3.262791,0
-1.3625333,0.75420254,2
-0.5129578,-0.0016228128,2
0.26889616,-0.46655673,1
-1.3032367,1.1409584,2
-1.4660258,0.51047623,2
-0.27176365,-0.7785956,0
-1.7082816,-1.7825757,0
0.5782041,0.37647218,1
-1.16648,1.067511,2
0.6545382,-4.4902043,0
-1.1827292,-0.9330053,0
3.6080887,-1.3493035,1
-0.98936874,-0.5620655,0
-0.033652585,-0.34261644,1
-0.8991618,-1.732019,0
1.3684299,3.1046224,2
0.0736458,-3.2494252,0
-1.1910455,0.837871,2
0.8752365,-1.4129448,1
2.0183663,-3.5644486,1
-0.1318463,2.4804914,2
4.71657,-0.19293489,3
0.916459,1.6587397,1
0.124095425,-1.5353023,0
-1.6342031,-1.9608951,0
-1.3215445,2.4373274,2
-0.7140496,-2.4376576,0
3.6549425,-1.4308583,1
-0.035723466,-0.5845979,0
0.24614425,0.16518398,1
-1.5555773,2.3395016,2
-0.56651807,-0.21971814,0
-1.6292579,-0.22938505,0
-0.47928908,-1.0970929,0
0.8713373,-2.9547236,0
0.5817331,-0.7114932,1
-1.5081025,-0.44450575,0
0.7823253,-0.18785271,1
-0.8952852,0.98377293,2
-1.7215992,0.8455119,2
2.5375397,3.8923411,3
-2.224725,2.498113,2
-1.577639,0.41117275,2
1.3649421,2.7386663,3
1.4139827,-0.50484824,1
1.7348428,-2.1555266,1
-0.2856897,-2.663782,0
-0.9985691,-2.8576255,0
2.4330597,-2.221975,1
0.51647955,0.4725964,1
0.30321568,-1.0967661,1
-0.84426373,1.0950634,2
-1.8208874,0.8709468,2
0.82015145,-2.8534281,0
-1.3096671,0.5955785,2
-0.4700124,-0.14146417,2
3.4159822,1.5830656,3
1.5809414,0.5885751,3
-1.4063495,1.758529,2
-2.6081653,4.6974406,2
-1.6585311,-1.5443094,0
-1.3154238,0.679522,2
0.9142302,-0.92528754,1
4.031074,2.278484,3
-1.2193954,1.3865846,2
-0.04658741,0.5424652,2
-1.4448481,1.4217992,2
-1.3825645,-1.0857533,0
0.035726417,-1.3930813,0
3.6865757,0.8818255,1
-1.116435,-2.045827,0
-0.060064208,-1.4434669,0
-1.7394904,-0.67181087,0
-1.5748643,-2.4135127,0
0.05075941,1.2407651,2
-0.054525454,-1.1218747,0
-1.1792814,-0.68762934,0
0.4639255,-0.29640353,1
-1.6570983,1.9526777,2
-1.619685,1.3699504,2
0.024476297,0.8299528,2
-0.8267569,0.2552032,2
-1.7849894,-1.0230621,0
0.8475499,0.5944461,3
0.21478869,-1.8852199,0
-1.4739425,-0.51426256,0
-2.4424362,2.286404,2
-0.21977708,-2.2958095,0
-0.54820436,0.74209315,2
1.5602618,2.2739003,3
1.262723,0.11671129,1
2.1269226,-1.137385,1
0.08775359,-0.5137137,0
-0.3642644,-2.591787,0
-0.76972383,-1.9200809,0
-1.2694483,0.93374187,2
-1.7011294,-0.62979585,0
2.9026654,-0.12971829,3
-0.7778812,-0.599449,0
-0.32902497,-1.0917561,0
0.18504885,0.21778972,1
-1.353158,-1.6140707,0
-1.7290758,0.08638376,2
4.880878,-1.4506506,3
-0.87600577,-0.5638443,0
-1.502466,-1.0810676,0
0.18856244,1.5644395,2
-0.17549755,-1.621121,0
7.0989738,1.1122547,3
2.1262088,1.5029966,1
3.7595353,-1.3914627,3
-0.3082792,1.5119705,2
2.8811119,-1.955009,3
-1.480234,-1.2214385,0
-1.0035834,0.35555255,2
0.5736117,1.9515966,2
-0.007403584,-3.4621727,0
-0.7875749,2.3599827,2
-2.18271,1.1764507,2
1.0303103,-1.5864908,1
-0.6584176,-1.7057102,0
-1.1145003,-1.316748,0
-2.3267899,0.41180027,2
-1.3915341,-1.5562496,0
-1.7939,2.5902405,2
-1.0400394,1.3379087,2
0.051716696,-0.26522937,0
0.3848073,3.6174223,4
-0.2064463,-1.1423914,0
0.759439,1.8717406,2
-1.7759286,1.1118802,2
-1.7434231,-2.0724688,0
7.1875668,-0.117289774,1
-1.2910421,-0.5372585,0
-0.95850927,-0.24240409,0
-0.32694387,-2.6186216,0
-1.5822631,1.4568734,2
2.6296027,-0.98893636,3
-0.35969034,-0.48649102,0
-1.3446821,1.838737,2
-0.8591756,2.5979183,2
-1.9945204,2.0241606,2
-1.7804831,0.023844957,2
-1.0172998,0.6595504,2
0.49127117,0.8025848,2
0.33102444,-0.7797375,1
-0.24996576,-0.9388586,0
0.20914106,-0.3688084,4
-1.6601138,0.86885816,2
3.8486986,-0.60314864,3
-2.3200846,0.58819956,2
-1.8590801,0.89347875,2
-1.6510473,-0.5388788,0
-1.804138,2.8644652,2
3.7329683,0.8170288,1
-1.4379963,1.3623394,2
-0.7631254,-0.7518486,0
3.8664231,-0.8096062,3
-2.103174,-0.90649515,0
-2.4373803,1.8633956,2
-1.625954,-0.023683146,2
-1.1565143,-0.022780463,2
-1.2440047,-3.9152625,0
-1.2979282,-0.5390826,0
-1.4150579,-1.2194033,0
-0.54921526,-2.6912796,0
3.654548,0.22749673,3
-2.2928758,3.2077017,2
-0.3878317,-1.4980036,0
-0.7888166,1.2781867,2
6.9907117,0.5622254,3
-1.0510442,-0.29777086,0
0.8985532,-2.239533,3
2.0863779,0.08881721,3
-0.8480454,-1.2562575,0
1.039322,-2.2447171,0
-1.6488711,0.7603866,2
-1.3289888,0.15726992,2
0.48998728,-0.7829506,1
-0.6694897,-0.4670503,0
-1.4055982,1.6727207,2
-1.7169973,4.493592,2
-0.32220677,0.24884368,2
0.82735234,-0.276704,1
-1.6540821,-2.2518563,0
-1.8149887,4.5761147,2
-0.39445955,1.0669806,2
3.2300334,1.5214028,3
-1.3885823,-3.1028,0
-1.3481139,0.3635,2
0.015156357,1.2072661,2
-0.27756923,-0.20070292,2
-1.1410705,-1.8151742,0
0.48277405,-0.70570534,1
1.0117669,-1.6292301,1
-1.5780425,-1.7489257,0
-0.74985456,0.26157403,2
1.6109917,-1.0944318,1
-0.3265281,0.16484934,2
0.3389589,-0.7134796,1
-0.107395075,-2.2909815,0
-0.4201617,-1.3599316,0
-1.2946143,-1.1658053,0
5.3983765,3.7976465,3
1.7766187,2.7141078,3
-1.2578099,1.5009922,2
-1.0391953,0.02560145,2
-0.100594066,-2.0786164,0
-0.9851009,-1.5902407,0
-1.7584473,-2.8244877,0
-0.863197,-0.5278658,0
-0.6056217,-0.6609086,0
-1.058033,-0.68560016,0
-1.086269,-1.389185,0
0.7418023,-1.2804356,1
0.61876833,-1.4345741,1
3.0750988,3.7920148,3
-1.7826006,2.1695251,2
0.3526828,2.0663064,2
-1.1994638,1.3403906,2
-0.10456677,1.021827,2
0.2682357,-0.20793687,1
-1.444075,-1.4765121,0
-1.7940638,4.575762,2
2.8711817,0.5172522,3
1.027491,-0.33064002,1
-0.32659265,-0.7716519,0
-0.023454027,0.34771752,2
-0.30782476,-1.4111172,4
4.2237163,2.6433318,3
-1.5931436,-1.3568181,0
-0.7140179,-1.511166,0
-1.3054513,1.6790427,2
-0.3761282,-1.0270083,0
3.109395,-0.97223157,1
-1.6606338,-0.3484035,0
-1.5725427,-1.0926327,0
-1.273205,0.9415726,2
0.663419,-5.213875,0
3.4375577,-0.1480218,3
-0.7868504,-2.2446423,0
1.2030445,-1.2284143,1
-1.2809377,1.9729385,2
4.5344186,0.27103496,3
-1.2006589,1.7313366,2
0.23171283,-1.1553454,0
0.8963532,-2.0694046,1
-2.3839335,4.809041,2
-1.335556,-2.1345053,0
-1.2871653,-0.5681082,0
-0.27487153,-0.7503199,0
-1.6307833,-2.8527005,0
0.031368222,2.4648452,2
1.6485504,-0.11364141,3
2.2417893,-1.5482622,3
-1.7338905,-3.943536,0
-0.07089985,1.6515018,2
1.1027744,-0.4548518,3
0.18075898,-3.1158211,0
-0.8151489,1.3405818,2
2.2373765,0.2093407,1
-1.2034224,1.3075223,2
2.066884,0.11764325,1
3.3379214,0.7269325,3
-1.0513287,-0.59379697,0
0.3360281,-1.0549319,0
-0.537335,3.2535605,2
-1.2146926,0.527698,2
0.008919847,-2.188961,0
-2.0311863,-1.1272689,0
-1.991965,0.92476064,2
-1.5022885,-0.9727135,0
-1.4030726,-0.33528322,0
-0.7513174,-0.35989892,0
-0.78303295,3.1134217,2
-0.5670157,-2.1953447,0
-1.6330954,-2.8674831,0
2.7983797,1.0815454,3
0.16721106,0.7853507,2
-0.5085183,1.4951286,2
0.27464792,-2.857203,0
-1.462583,0.86388427,2
-0.27764606,5.2150564,2
0.3461571,-0.1546511,1
-1.9875523,1.292739,2
2.1393366,-0.085050955,1
2.0523176,-1.630896,3
1.6332679,2.0459588,3
0.10217318,0.33966684,2
0.020607859,-2.0225363,0
-1.741572,2.0457919,2
5.972689,-0.5778953,3
-1.8907925,1.4862232,2
-1.6214072,2.3293893,2
-1.2885364,-0.5320991,0
-1.359906,0.349263,2
-1.7647773,-2.5473197,0
0.0007202157,-0.24098238,2
-0.9312342,-1.4789884,0
-2.0360527,-0.32796186,0
0.055496387,0.34773815,2
2.102333,-1.1208861,3
-1.6856604,-0.084135555,0
-0.075377405,2.0200102,2
-1.4607205,-3.6155856,0
-1.6106052,2.6073778,2
3.8011348,2.4832442,3
-1.8694828,-0.37989587,0
-1.7510343,2.1663282,2
1.4083549,0.551515,1
-2.445824,1.2982605,2
-1.940126,3.50295,2
-1.9963377,0.2825197,2
-2.5936818,4.4507895,2
5.9101224,2.9530768,3
-0.8529486,-3.2667038,0
-0.4888859,0.67075413,2
-0.81812316,-0.8817147,0
0.011021702,-1.1468275,0
6.8862743,1.5980884,1
-1.3928378,0.9592891,2
-1.7437217,0.31433105,2
-1.2021394,-1.8066516,0
-1.2129022,-1.2213213,0
-1.4910829,-1.3610159,0
1.9610972,1.0648619,1
-1.2781215,-1.4759649,0
-1.0649753,-1.0146798,0
0.54570186,-0.3157075,1
7.2437367,0.57070905,3
-1.3998014,-3.5824113,0
-1.3515465,-1.4891217,0
-0.2949212,-2.42923,0
-1.7034185,-2.517281,0
-1.4409595,-1.4468099,0
-1.3051953,0.86225003,2
0.24198893,-0.33116418,0
1.608644,1.4155163,3
-1.0591478,0.7174285,2
3.566931,0.25854355,3
0.7239859,2.215123,2
-0.2207866,-0.30902058,0
-0.9890683,0.94802237,2
-1.5261803,-1.9208837,0
2.1559403,2.4773445,3
-1.0399766,-0.8573344,0
-0.607716,0.38273954,2
-0.43013123,-0.49766254,0
0.52217954,-2.3894799,1
2.5562384,1.5693254,3
-0.41836372,0.6432343,2
1.5471017,-2.127907,1
1.993807,2.6994836,4
0.18939006,-3.7628646,0
0.22478825,-1.6231475,0
3.720456,-2.2822912,3
0.75107974,2.0492337,2
2.0269933,0.76220596,3
-0.98656946,-2.5063384,0
-0.19079185,-1.4888135,0
-0.7363011,-2.353879,0
1.615392,-1.0075592,1
-0.98227113,1.1316355,2
0.52326983,-0.3048656,0
-0.6174127,-2.530381,0
0.98729444,0.071276024,1
-1.0198481,-3.200169,0
2.3270628,0.27207142,3
-1.0902342,-1.9243096,0
1.9474559,1.6369065,3
0.8402902,0.121387616,1
-2.117039,-0.27826947,0
-0.65093654,-1.5372448,0
-1.030664,-1.3929774,0
-0.5405273,-1.5931394,0
-0.86022145,-0.25497493,2
-3.1730297,2.5472791,2
-1.1033612,-4.2417736,0
-1.1369137,1.0013913,2
0.48287305,0.0802314,2
2.1914666,0.889666,3
-0.09172876,-2.712137,0
1.6594956,1.6667054,3
-1.6324222,2.3064253,2
0.5219331,-3.2106895,0
-1.8807845,-2.0836174,0
-0.5741821,0.29212654,2
-1.3569108,3.7104943,2
2.1875215,-2.6836631,1
-1.5379298,0.35721427,2
-0.9091005,-1.9404773,0
-0.64385927,-2.7029383,0
-0.1282554,1.6724101,2
-0.2830312,-2.6292424,0
-0.410782,-0.33427602,0
1.0838478,0.40678132,3
-0.83968985,-1.4461502,0
0.8515466,-0.2530483,1
-1.4326491,5.0352907,2
-0.8579218,-2.2953703,0
-0.6308596,0.13718204,2
-0.5411903,-0.9541151,0
-0.9306982,0.7616306,2
-0.6576534,-1.3872917,0
0.32774094,-2.504665,0
0.79627126,2.591473,1
-1.2673466,-1.0507835,0
-1.246114,0.76345754,2
-1.9005208,3.8649256,2
6.8969626,0.4187258,1
-0.47463223,-4.8932524,0
-0.5416333,-0.22082119,0
-1.0206611,2.301975,2
-0.8692468,0.1852497,2
-1.2408322,-0.43796194,0
1.0591294,1.4964846,1
-1.3657985,-2.2428122,0
-0.7271604,0.18352336,2
1.5267956,1.2792143,1
-1.4307367,0.42827392,2
-1.4874195,-0.6950617,0
-0.0004877469,-0.1337258,1
1.2569189,-3.0169976,1
-1.5516706,0.9423396,2
0.5851224,0.6567463,2
-1.2376462,-0.79621583,0
-1.136553,-2.1411016,0
-2.3603787,-1.1649624,0
-1.2953743,1.2225186,2
-0.043766182,3.0089643,2
0.67649686,1.4288845,1
-2.3918169,1.300394,2
0.44598,-0.7399868,1
-0.8797737,-3.4508896,0
-1.6508975,1.9606715,2
0.76620686,-0.6281833,1
1.5733994,-0.26954275,3
2.044737,0.06050191,3
-1.6450226,-2.9441597,0
2.9164805,1.6961839,3
-1.5130973,-1.6184437,0
-2.003605,-3.2469454,0
-0.11692615,-1.8177341,0
-1.0878631,-0.08024426,0
-0.2712773,0.27430534,2
0.09981697,-3.9980762,0
0.47059754,2.5176191,2
6.466672,0.11505498,3
-0.87273437,-1.5549855,4
-1.768187,-1.4707785,0
1.9154664,-0.7171787,1
-2.8716457,2.0697582,2
-0.8609081,1.5170166,2
0.5457918,-1.8932468,1
-0.45177117,-2.0252573,4
0.77189475,-0.7528254,1
-1.220127,1.8881483,2
-1.491742,-2.5604684,0
2.484788,-0.958106,3
6.6561646,-2.4362175,3
-0.7028616,1.9980116,2
-0.5936177,0.6854555,2
1.0423468,2.6723895,2
-1.4724766,-1.2044134,0
-2.0696356,-0.83437675,0
-1.0045694,-0.6326756,0
-0.64988816,-1.6895132,0
-0.8922798,0.5118113,2
-0.5206514,-2.0721283,0
-0.73392946,0.5726408,2
-2.048497,-1.2895607,0
-1.6071897,-1.5639375,0
-1.1060703,-3.0634012,0
3.5475104,1.0339884,3
-1.810904,-2.3996975,0
2.100373,-2.2063766,1
1.1792979,-0.45275313,1
-1.8599896,0.7338394,2
-0.9042084,-1.4219849,0
0.8987688,-0.36454314,3
-1.8820393,2.5215864,2
-0.9864954,-2.9698446,0
-1.857475,0.28095257,2
3.0236971,-2.3243384,1
3.1196039,-0.90633017,3
3.4324453,-0.71815753,3
-2.1561449,-0.9233786,0
-0.020584049,1.9458858,2
1.723136,0.6951583,3
2.7093608,-2.5569503,3
-1.7318127,-0.89997864,0
-0.27266672,-0.29340744,0
-1.7714201,2.214095,2
-1.1729553,4.963257,2
-0.9516036,0.5787327,2
-0.7834819,-2.7328923,0
-1.5070587,-1.5186342,0
1.4409232,1.5191003,3
-0.36269045,0.5262862,2
-0.30662742,-0.052116945,2
-2.6126025,4.0382066,2
-0.01799335,-0.9864552,0
0.73094785,-2.7011254,1
4.64821,0.9985389,3
-0.83337224,1.985955,2
-1.76951,2.0912297,2
-1.2489126,-1.5901036,0
-1.4350693,-0.72923744,0
-0.23253445,-2.9677994,0
-1.1533514,0.123271435,0
-0.6409113,-3.5736883,0
-1.0166137,-2.5685768,0
0.3829954,2.371698,2
1.2734605,-0.5208168,1
-1.036337,-0.1031314,0
-1.391883,1.1920196,2
-0.85878843,3.9661777,2
-0.9690948,2.4471328,2
-0.2180968,1.5691509,2
-0.8861617,0.6849055,2
-1.1234478,2.5046113,2
3.5449831,-1.3908662,3
-1.5965626,-2.1236928,0
5.5660353,-1.280629,3
-0.94603664,-1.4819225,0
-0.7814229,-2.7912164,0
-1.6176622,-3.065004,0
-0.31944185,-2.8134317,0
-1.7336534,0.7573839,2
-0.3272008,-1.9922622,0
-0.53088856,-0.6502952,0
0.5302648,2.0170457,1
-0.091233194,-2.9256136,0
0.6973378,-0.45612586,1
-0.85934633,0.5943529,2
-0.27752185,-1.110735,0
-0.42335457,0.83404696,2
-0.11239831,-3.4753046,0
2.7518647,-1.9995569,3
-1.0951288,1.8716065,2
-1.9379308,-2.577565,0
-0.28686216,-3.8058002,0
-1.3817731,-1.2813785,0
-1.7814763,0.7864025,2
0.78947335,-1.1469555,1
-0.92723036,0.6167868,2
-1.7100751,1.3552254,2
-1.9479038,-0.21850054,0
-0.76093495,0.66459095,2
-0.7465676,1.7147679,2
0.21439874,-3.3022993,0
-0.012081118,0.41225624,1
-0.51274276,-3.7508163,0
-0.10740337,-2.0145342,0
-1.4907633,0.7381844,2
-0.77942467,-1.3414035,0
2.7974768,1.0896231,3
-1.3505505,3.080061,2
-1.1374,-1.47218,0
-1.5003157,0.31134802,4
-1.4206091,1.2365057,2
-1.1546316,2.323786,2
3.6719427,3.945729,3
-1.5241166,0.25961697,2
4.92541,3.7572434,3
-0.50204414,-0.22504143,0
2.4723992,1.9267615,3
-1.6979327,-0.97823805,0
-1.1049842,-0.66004443,0
-2.316668,2.1790013,2
-0.3884929,0.5694197,2
-1.2400899,-0.54249763,0
2.6899707,-0.8183535,3
-0.478071,-1.7868809,0
-1.4541837,-0.5293165,0
0.058144774,2.0679295,2
-1.7327847,0.86520624,2
1.9748846,0.3393255,1
3.4437244,-0.40971965,1
4.4618955,-1.2934773,3
-1.9910856,-1.2589813,0
0.02547337,-0.5119236,1
-1.4519737,-1.2236941,0
-1.8553729,0.17162402,2
-1.2460177,-2.1533601,0
-0.43494016,2.1047065,2
-1.6743515,-3.7577565,0
-1.0449528,-1.4008551,0
3.6263783,1.7455276,3
-1.1167977,1.2987388,2
-0.6681875,1.2836156,2
-1.483023,2.6806,2
-0.46773213,1.0163696,2
3.8976226,4.3368597,3
-1.9017899,2.0297725,2
-1.4654366,1.7724245,2
-1.1244645,0.19372167,2
-1.3167335,-0.6660997,0
-1.417088,2.4664748,2
-0.38429537,1.3642244,2
-1.6696558,-2.3966463,0
0.25025007,1.9836283,4
3.4388897,1.1322184,3
-0.16550454,2.4321632,2
-0.8149442,2.1526814,2
-1.4673536,0.9962171,2
-0.5378023,-0.38253415,0
-0.32745266,-2.3885052,0
-1.1139308,-3.1244023,0
0.9299699,1.6300098,2
-1.592009,-0.64941937,0
-2.154157,-0.19588141,0
2.1806061,0.5185605,1
0.20711243,0.63287354,2
-0.87193924,-3.581135,0
-1.5128427,-0.39175934,0
0.8508342,-0.7995559,1
-0.11695249,1.3005353,2
2.50683,-0.25493294,3
1.395407,0.11220059,3
-2.4954865,6.347825,2
-1.5689211,0.3079641,2
-0.14692259,0.36273354,2
1.453039,3.3887944,3
0.15482156,1.3584347,2
-1.0796632,3.875191,2
-0.4763027,-2.975059,0
-0.8973599,2.2229538,2
-0.6107139,0.97362155,2
-0.90806866,-1.8049474,0
-1.4133219,3.4576414,2
-1.1658652,-0.60185844,4
2.414714,-0.6717137,3
2.0629773,2.6704686,1
-1.6408731,-0.34465647,0
0.6553484,-0.48589957,1
0.72105783,-2.3598652,1
7.5456376,-1.0667546,3
-1.2860352,0.42513734,2
2.622093,-1.3856163,1
0.98126364,-2.6685529,1
-0.8156062,-3.2757692,0
0.46664327,-1.9807736,0
-2.3506124,3.1791956,2
-0.8180744,0.82955116,2
3.7825224,-0.22590947,3
0.5687082,-1.0430168,1
3.2840965,3.254829,4
4.740185,-0.0017849188,3
-1.9677091,1.4269384,2
3.0129645,0.8336684,3
1.1915238,-0.84871024,1
-1.1754651,-1.2517495,0
-1.42378,-1.2909241,0
-1.0302182,0.7135239,2
-1.4624676,-0.6391992,0
-1.2557524,-0.42909318,0
3.2949324,-0.5598765,1
-1.6890073,0.34849364,2
-1.8408796,2.9875047,2
-1.9039431,-0.83816636,0
1.3803164,-1.8776308,1
-1.3063387,0.45870376,2
-0.7487876,0.9111025,2
0.8078268,-2.9833367,0
1.3222454,0.24376859,1
-1.3791231,1.0881835,2
-0.29453698,0.24913211,2
-1.7208475,6.1025796,2
-1.1534024,1.4432698,2
3.5515718,-1.8897133,3
-1.1683795,-0.5466919,0
2.1308966,-1.4110249,3
-1.4911112,-2.7351832,0
-2.0476096,-0.23652521,0
2.189744,-2.1890728,1
-0.29541454,-1.02498,0
-0.87749565,-1.9402395,0
-1.2009223,0.70065385,2
-0.19920515,-3.005699,0
-1.283646,0.8771206,2
-1.3811266,-2.335282,0
-1.6024247,2.0408869,2
-1.7429096,-1.6584793,0
-0.98452437,-1.7235593,0
-0.18465082,-1.0917645,0
-1.8426702,-2.4927692,0
-1.4330263,-2.0379043,0
2.1704257,2.912989,3
-1.0403088,1.1076131,2
1.85747,-2.3051467,1
-0.15777743,0.17072417,2
3.0873096,-0.09392337,4
0.8826997,-0.60607123,1
0.44482633,1.0338211,2
-1.6173619,-0.8419171,0
0.5556581,-0.35825205,1
0.17580998,-2.183714,0
-1.1406479,0.10240848,2
-0.21686912,-1.5500402,0
-1.0643177,1.6082077,2
4.460707,-0.12000565,1
2.9996436,2.4977765,3
1.6684287,1.2718369,3
-2.135358,1.6827775,2
-2.3664384,1.7616374,2
0.43344793,1.72071,1
-0.118679024,-0.49025327,0
-2.831487,4.7146287,2
4.8909388,1.9737437,3
-1.8352195,1.245574,2
-0.89175314,-1.3523699,0
-1.0444102,-0.9008678,0
-1.5118054,-1.2638407,0
-0.87394196,-3.0966642,0
-1.4540855,0.25795966,2
-1.1232345,-1.7678399,0
-2.6159866,1.84953,2
0.0865778,2.8802779,2
1.0207354,-0.97701156,1
-0.7931115,1.986934,2
0.6304329,1.3604392,2
3.0736785,-1.5697188,3
-1.0137596,4.2062516,2
-1.670336,2.6324096,2
-1.5949885,0.38684118,2
-0.66938645,-0.57468766,0
-1.2131063,-1.5849701,0
-1.0543857,-1.5440083,4
0.642337,-1.7155908,1
-1.0976229,0.78093463,2
-0.49333993,1.9808624,2
-0.8970075,-2.252246,0
-2.1496854,-0.58987373,0
-1.366807,-0.19245766,0
-0.8906623,-1.7255193,0
-0.98257446,-3.856185,0
2.8439353,2.1429505,3
-0.4653198,0.422543,2
4.1664734,3.6654344,3
-1.3329083,1.9303517,2
1.6525013,1.4450865,3
-0.21456863,-0.16975881,2
-0.889708,1.8951263,2
1.1285107,2.0695002,1
4.8770156,-1.2184083,3
-0.026994469,-1.3141413,0
-0.6011543,2.8845565,2
-1.3210998,3.361358,2
-1.1762704,3.0841265,2
-0.99349785,2.1772141,2
2.661322,-2.5095706,1
-1.0498674,-1.1054841,0
3.0949605,-0.5299087,3
-2.232076,-0.38362092,0
-1.2177196,-1.9673388,0
-1.6443024,1.0660878,2
-0.43045753,-0.3228798,0
-1.178886,-1.4053055,0
-0.24047515,-2.3179414,0
-0.92805785,0.0405553,2
-1.4683714,-2.4181812,0
0.26103303,0.3584209,1
-1.9267868,-0.09689771,0
1.2740356,1.3786676,1
-1.9605944,-0.37339473,0
-1.4941647,0.928279,2
-1.8240876,-0.5247836,0
-2.6035311,2.9019315,2
-2.4383242,3.7511485,2
0.29548055,-1.3428153,1
3.5791748,-1.809853,3
0.17076835,3.0510828,4
-0.1708239,0.60755175,1
-0.30649492,-1.2043394,0
-0.59357846,1.5262616,2
1.9211955,-0.6318183,3
-0.513765,-0.10001086,2
-0.48273286,0.34434444,2
-1.8771894,0.13735183,2
-1.6816561,-0.25294304,0
0.4437308,0.37351906,1
-1.1481158,-2.0517044,0
-1.3384417,1.4548786,2
-1.7909148,-0.6824034,0
0.80197585,0.6083046,4
-1.314158,-1.6660143,0
2.7672656,-0.65333956,3
-0.8149602,-0.6044186,0
-1.5736537,-0.2611907,0
3.6985207,1.1111181,1
3.4414134,0.6891578,3
0.32009342,-0.5618935,1
1.7104689,-1.3226115,3
0.9724338,-2.884292,0
-0.88716584,-0.35869896,0
-0.3002753,-0.59218127,0
-0.16065618,1.5381476,2
-1.4228446,-0.53707516,0
-0.52184224,-0.048611935,2
-0.35654372,1.9036269,2
1.8642766,0.47308165,3
-1.3315407,-2.6627033,0
0.24769191,1.2755814,2
1.0099679,1.8226644,3
-0.30035087,1.1099,2
3.5742102,0.31393433,3
-1.6514181,-2.9769683,0
-1.2198944,1.3794004,2
-0.47975126,1.8171235,2
-1.3132848,-2.4229405,0
-1.7780249,-0.7751983,0
2.1685615,4.022143,3
-1.0689931,-1.6317655,0
2.640526,1.482063,3
-0.8701645,-2.992005,0
-2.48417,2.1161354,2
-1.2689229,-1.5422353,0
-1.683037,-1.9903523,0
1.0049084,-0.84343266,1
-0.8166539,2.256035,2
0.49882185,1.1413215,1
-0.49388131,0.50224626,2
-1.3676308,0.8273478,2
3.4079337,-1.3002213,3
-1.7011526,-5.0314507,0
-1.7992811,1.5791985,2
-1.770326,1.5357345,2
-1.6403008,-1.9998249,0
-1.1870322,4.2889705,2
-0.5804913,2.3416128,2
1.1610204,-0.6387718,1
-0.46374863,4.3323846,4
-0.081065476,-1.236934,0
-1.6694182,0.3063501,2
-1.743027,-2.3724966,0
0.4054682,-3.6343598,0
-2.2776399,-2.38854,0
0.96361107,-0.5083013,1
-1.089753,-1.7629743,0
-2.0133076,1.1626898,2
0.7885677,0.26348907,1
-1.6239953,3.7144868,2
-1.5522518,-0.0003079325,2
2.8269515,-1.2318213,1
-2.2638562,1.5556443,2
4.0286174,-0.82715917,3
0.59353405,-0.52940273,1
3.2045474,1.0247142,3
-1.4828693,-0.653457,0
1.7954617,-2.11327,1
-1.0548252,-0.9141263,0
-0.9722413,-1.397208,0
-1.1836407,-0.3073786,0
0.20699836,0.40860504,2
-1.7735438,2.3556223,2
0.4128493,-0.01277779,1
-0.57798815,1.2470021,4
1.8546315,1.3949519,1
-0.57875603,-2.5503142,0
-1.818852,0.91487217,2
2.1171827,-0.9375034,1
4.4093885,1.4988855,3
-0.99871707,0.9068749,2
0.32063365,-1.3398421,1
0.25065953,-1.3486931,0
-2.0603673,0.7486205,2
-0.19581693,-1.9891526,0
-2.3798785,5.306722,2
1.4280267,-0.7625371,1
0.36817756,-1.4514747,0
3.426611,3.1292007,3
-1.9101777,1.8306046,2
-0.98685724,-1.4504893,0
-1.1890385,-4.3076997,0
3.8193061,-0.056591526,3
-2.2284374,0.93162245,2
-0.013525715,1.1698827,2
-1.2452186,1.1691163,2
2.2379105,-1.513452,4
2.1551757,-0.59439343,3
-0.07344386,-3.6195471,0
1.6122112,-1.0774399,1
0.27205297,3.9675145,2
-1.4045815,-1.8194709,0
-1.8474208,2.1967113,2
-0.83905715,-1.1035796,0
-1.117024,-1.8386452,0
-1.2057425,-2.470196,0
1.3364812,-2.4114807,4
-0.81734604,-3.583256,0
3.0110712,-0.6142758,3
-1.6123887,2.0649865,2
3.1214051,1.3004713,3
1.9497128,-2.87302,1
-1.5522766,-3.5763156,0
0.19052272,-3.1500385,0
-1.2694155,0.33871144,2
-1.1732845,-0.60464394,0
-1.2294608,-2.921191,0
-1.0637527,-1.1620398,0
3.320593,2.0852084,3
2.783933,-2.6593792,1
-1.4838135,-2.4263065,0
-2.1492605,4.419606,2
0.6593317,0.70657426,1
0.013642011,-0.95171386,1
-0.47198802,-3.00181,0
-0.48891985,0.85067326,2
-0.36949152,2.5339692,2
1.1326636,-0.081003316,3
-2.0370505,0.30358464,2
-1.5127844,-0.5680702,0
0.5220821,-1.8134987,1
-0.36786565,-1.8702129,0
0.7691105,0.17909086,1
-0.17127147,-0.5709923,0
3.841924,1.7604097,3
-1.5715952,-1.3821822,0
0.050692853,-0.51224184,0
-1.1449434,-1.1418954,0
-1.9230943,0.8149171,2
0.018927468,-1.781327,0
0.081818484,-0.37174428,1
4.0804157,0.97761244,3
-0.86322427,0.015899625,2
2.2720623,1.7011238,3
-1.9234583,2.4539566,2
2.3465738,-0.8789747,3
-0.2899173,1.6418202,2
0.7402155,-2.548692,0
-2.3573396,4.7624173,2
-1.7686839,-1.650769,0
-1.461372,1.1874489,2
4.2668066,1.1203296,3
-1.9999502,2.3712513,2
-1.2677852,-1.0148836,0
3.6320035,1.0823531,3
-0.60947055,-0.07501012,0
-0.10232736,-1.6863173,0
-0.16709596,-2.9949377,0
-0.4937582,-0.7685868,0
-0.7686954,3.1528666,2
3.008231,2.2687922,3
0.2716498,2.117656,1
-0.86116326,-1.082204,0
-0.26922894,2.289682,2
-1.2115251,-0.67734903,0
0.94835556,-0.9148834,1
1.3752031,-0.95756334,3
-2.1744523,1.5176607,2
4.4682345,0.9783303,3
-0.18430527,-0.09345198,2
-0.3692723,1.0349562,2
-1.0777376,-1.6249112,0
-2.1348474,6.226428,2
-0.99492574,4.7048373,2
-0.26448128,-0.5811344,0
-1.1776347,-3.5071375,0
-1.0735135,-0.83022124,0
0.04673952,-3.923672,0
-1.3524793,0.2365144,2
-0.60281247,3.0758243,2
-0.1981698,-3.3671348,0
0.17875674,-1.4470243,0
-1.8351606,1.564957,2
-0.413672,-1.1254594,0
-1.4854231,-0.99947,0
0.4641809,-0.9376249,1
-1.5090351,1.8261635,2
-0.21676959,-1.1583688,0
-1.8577418,1.1567626,2
-1.3408402,-1.1256928,0
0.4279981,-2.6205919,0
-2.2576952,0.6295908,2
-0.6654937,0.16369568,2
1.424036,-1.3324677,1
1.7703592,-4.0980773,0
2.4466546,1.9052747,3
-2.0740864,-1.4653955,0
-1.5163883,1.0339282,2
-1.2822895,-2.7311637,0
-0.38631058,1.7403494,2
-1.2190888,-1.9524434,0
0.093021005,-0.57912916,1
-1.9898758,-0.1483761,0
3.9118946,0.43728054,3
-1.0368956,1.6382594,2
-1.3792996,2.2836149,2
-0.92928314,0.18887499,2
-0.67544717,-0.61493427,0
2.044475,-1.9299066,1
2.305423,3.57649,3
-2.2860663,-0.35756487,0
0.452821,1.5268092,2
0.6343915,1.3185315,3
-1.7103688,-0.7077915,0
0.4246549,-2.4637735,0
2.4553785,-2.487483,3
-1.5099396,-1.2934247,0
-1.1190109,0.108112216,2
0.93473315,2.6698234,1
-1.9685005,1.636057,2
-0.58481914,3.0776017,2
-2.4274476,2.8928673,2
-0.5291898,1.6779096,2
-1.4226689,-2.9414303,0
-1.6038661,0.14212523,2
-1.4601114,-2.0212555,0
-1.0712799,1.1158725,2
-0.007045375,0.8471676,2
-1.4504635,1.1311045,2
-1.1592858,-2.057564,0
-1.4301488,-1.4402231,0
-1.9024178,2.8796258,2
3.2751026,1.3203566,3
-1.2742413,1.9847279,2
1.7309916,0.5184573,1
-1.9160361,2.0069723,2
-1.6141968,0.39330155,2
0.05089202,-2.7698734,0
-1.8483433,0.8252137,2
-1.4972478,-1.9261868,0
3.6890714,0.5769865,1
-0.7750732,-0.18295467,0
-0.9608352,-0.10700856,0
-1.1639585,-1.3395157,0
-1.9194934,1.5824422,2
-1.8615042,0.22087808,2
-1.1810778,-2.1711762,0
0.19297123,2.8194153,2
-0.7398836,-0.06635347,2
-1.5244814,0.2856235,2
-2.217221,0.31852716,2
4.2040977,-0.32413858,3
-0.73783696,4.3906913,2
-0.7239446,0.09498809,2
-1.3079185,-2.7129457,0
1.0451998,0.56029737,1
0.21714894,-0.07662046,1
-1.7838044,-1.3538338,0
0.535272,-0.66664296,1
-0.8331234,-0.9507504,0
-0.75786066,-3.2431808,0
1.2273905,2.3393667,3
-0.38397524,-1.2128468,0
-1.0115817,3.8518584,2
-0.4321335,0.47895527,2
-2.705784,4.1690297,2
2.900356,1.257441,3
-1.0755163,2.2228885,2
0.94109654,0.57746005,3
-0.2111232,-1.1019434,0
-1.6736865,3.8917024,2
3.144173,0.7596762,3
-0.23026925,0.61321616,2
-1.8002129,2.1761327,2
-0.43027338,-2.61787,0
0.78203756,2.473038,2
0.07152692,-0.72202,1
-0.7829747,1.2655563,2
-0.27294874,-0.12778987,0
1.5148734,0.06847198,1
0.013657165,0.36027735,1
-2.0868876,0.60283047,2
2.0646627,4.6731963,2
-1.6736289,-0.9917252,0
0.3756162,-0.14257011,1
0.34867272,0.3210342,2
-0.741269,-2.8193467,0
-0.5099495,-0.9832717,0
3.305611,2.2311018,3
-2.4488919,1.7264745,2
-0.68700534,-3.2057512,4
-0.10230494,0.3827126,2
-1.4555632,0.39459783,2
0.057010584,-1.8592325,0
-2.106129,3.2765217,2
-1.0220188,-0.2844156,0
0.80889606,-2.9995747,0
1.4296583,-2.633086,0
-0.10528392,0.88513154,2
1.9940568,-1.2699274,1
-2.0030875,1.8791051,2
-0.35496268,0.9476412,2
3.612006,1.1439703,3
0.24781334,0.23656563,2
9.340412,-0.5506509,1
-0.4805973,-1.9561602,0
1.4767444,0.3604527,3
-0.053382017,0.76023114,2
-1.2713042,-0.22898172,0
1.416011,-1.6666331,1
-0.8008142,0.69690555,2
-0.8350465,-0.96723384,0
-1.8603332,-2.1804273,0
-1.7392917,-0.69428784,0
-1.2950482,0.84918976,2
-1.530752,2.1091056,2
-1.0518432,-2.03492,0
-0.50522166,-1.2714396,0
-0.101418294,0.085255414,2
-0.71663177,2.076191,2
-1.6803362,-3.2686975,0
-0.8858776,-2.0186102,0
-1.1127424,2.7653768,2
-1.6752082,-2.4398272,0
-1.479463,0.912123,2
-2.2338398,4.2291236,2
-1.5471746,-4.4143877,0
0.2955716,0.06707254,2
-0.006155234,0.8223631,2
-0.9101675,0.82983965,4
-0.8460377,-1.4955832,0
-1.5354141,2.1370723,2
0.23988988,-3.0273447,0
1.0784143,-2.1906922,1
-1.3068373,-2.2000968,0
0.473805,-1.17609,1
-0.924413,-0.6461522,0
0.6870738,-3.1505487,0
-1.0379412,-2.378502,0
-1.7741191,0.87631434,2
-0.12895185,-0.066908814,2
-2.3737874,4.079817,2
-2.125081,-0.51548004,0
2.2364159,3.4651809,3
-0.43742588,-0.16734543,0
-0.096965104,2.225225,2
-0.31825793,-2.2319658,0
-0.7523758,1.2022104,2
-1.4087758,-0.6862132,0
-2.6214747,4.438059,2
0.56639576,-4.506288,0
1.029007,-0.4994408,1
-0.7721491,0.42376918,2
0.75947165,0.44634736,2
-2.1555922,1.5541984,2
0.44640473,2.1339104,2
1.7823333,-0.830657,1
-1.5062,-2.3940623,0
-1.6097336,1.9994977,2
-1.5203536,1.2343762,2
0.49893832,-1.3695505,1
-0.825986,-0.16672504,0
-1.5953779,1.1990068,2
0.75539035,-0.30259657,1
-0.5333821,-2.5836432,0
3.6165488,-0.22576217,3
-1.4261696,-3.3883874,0
-1.0404555,1.1390082,2
3.6865108,-0.30971926,3
-0.15163736,1.7743899,2
2.5380378,1.3012451,3
2.9106872,1.5782884,1
-1.2872589,-1.2260307,0
8.926969,-1.2356081,3
1.3716567,0.43255502,1
-0.1459603,-0.8802074,0
-1.8764403,1.683673,2
7.5423093,-1.0972891,3
0.1727418,0.22245844,4
1.7061553,1.7347754,3
0.2476896,1.2449553,2
-0.6441496,-0.6563987,0
0.44731385,-0.17623666,1
3.4378078,0.98572904,3
-0.88095576,0.1440861,2
-1.5821036,-1.9493982,0
-2.0017948,-2.9358459,0
-2.421328,-0.45749938,0
-0.6237791,0.54078186,2
1.2661312,-0.48502058,1
0.38463432,1.1029826,1
-1.7845623,3.1972325,2
-1.6818311,2.02715,2
-1.6288162,0.6111977,2
-0.054940727,-0.1868634,0
2.4722264,-0.7129551,3
0.8393234,2.120501,1
3.2914548,0.60857695,3
-1.7472878,-2.2538147,0
-0.25813192,0.6590163,2
-1.6544417,-1.9663508,0
-1.2485267,0.17588924,2
0.43480304,2.8464844,2
-0.6009564,-0.53120154,0
3.650969,0.56844556,3
-1.4085796,0.8016122,2
-1.1621025,-2.1391778,0
-1.1556785,-1.2386899,0
-0.19129145,1.1881891,2
2.762897,-3.9270098,3
0.21229705,0.47270256,1
-1.3332248,1.3461881,2
-0.9758554,-2.6475487,0
-1.6372097,-1.1011369,0
0.45667797,0.23732884,1
-0.72344047,-3.5663989,0
-0.6781386,-1.0212133,0
-1.347399,0.057918034,2
-1.5592046,-1.4234256,0
-0.55449903,-0.5823063,0
-1.563727,-2.5455549,0
-0.49393672,-1.3076985,0
-0.069426075,-2.3387043,0
-1.5358555,-2.4950027,0
2.6297228,1.0837312,3
0.4754532,2.8068798,2
4.584267,0.19450623,3
-1.3901179,-4.151617,0
2.0296977,0.91482013,3
-0.96760535,-0.43302768,0
-0.5868775,-0.7592035,0
-1.5268271,0.5895781,2
-1.2681793,1.100168,2
1.071835,-1.4477756,1
-0.998532,2.0295198,2
2.0295327,-4.370309,1
-0.8036082,0.6597723,2
-0.59891707,-2.2601268,0
-1.1544718,4.1142893,2
0.23371215,-0.5059033,0
-0.8608173,-1.0550134,0
1.0684378,0.36573064,3
4.472731,0.82062346,3
-1.0514917,-0.36895686,0
0.40597764,0.010013651,0
-1.7652621,-2.5556018,0
2.2420964,-1.5622091,3
-1.1944699,-1.7202446,0
-0.7101502,-2.2209067,0
-0.19327316,0.12637638,1
3.1587858,-1.32633,3
5.180529,0.660466,3
-0.003073471,0.8933265,4
-1.7675867,1.9206742,2
-0.6055818,-0.3806507,0
-0.8260072,-0.27675188,0
5.8339653,0.50586337,3
0.5354526,-1.4684712,1
-1.3384546,-2.1331675,0
1.2344939,-1.8162472,1
-0.8490719,1.5148312,2
2.1343496,-1.074631,1
0.8164061,-1.2759593,1
3.4850867,0.87448114,3
3.8818197,-0.2841441,3
-0.5585123,-0.4572395,0
-1.0988042,-0.00964351,2
0.7731028,-0.04263316,2
-1.5616908,0.4243902,2
-1.3201182,-0.010903373,2
-0.3603592,-1.0122945,0
-0.31470475,-0.72156614,0
-1.1727684,-3.425233,0
-1.4643413,-1.6183765,0
2.666073,-0.6855331,1
-1.5077107,-1.4881567,0
3.2644298,0.71626556,1
1.1147788,0.69921154,1
0.24926712,-1.2347736,1
-1.9632635,1.2278395,2
-1.3558869,-2.7692158,0
-0.9251646,-1.007144,0
-0.29827592,0.50879014,2
-0.79277194,-0.547934,0
-0.73915184,-1.3538417,0
-0.24831317,-0.785814,0
-0.7134062,-0.53405064,0
-1.4104201,-0.6195958,0
-1.1408498,-4.3830853,0
-1.523818,-1.2120332,0
-2.2425122,-0.44844574,0
2.1697946,-0.9175277,1
-1.2272933,1.0674802,2
-0.48366,-0.9502788,0
-0.7562325,-0.2346999,0
0.27893797,-0.29752868,1
-0.47409764,-0.7299698,0
-2.1504788,1.5084732,2
3.5577233,3.4985793,1
-0.38306564,-1.7058237,4
8.89587,1.4354032,3
3.9447863,0.6589373,3
-0.21616003,-1.9955143,0
-1.1305666,2.0575109,2
4.849396,-1.0701727,3
-1.5044842,1.8366959,2
-0.8764147,-0.9761092,0
1.4140477,-0.023736075,3
-2.0355928,2.7606728,2
-1.4657583,-1.7443208,0
-0.7216669,1.173793,2
-0.47531828,-0.3803923,0
1.9994056,-0.708604,1
-1.5189911,0.07561856,0
2.392534,0.28581405,1
-0.64950126,0.13611649,2
2.4793265,1.5960299,3
-1.7564256,2.1624172,2
0.70896554,-1.3120005,1
0.34852704,-1.9818599,1
5.646679,0.86358315,3
0.69717187,-1.2917802,0
0.8560453,-1.4460139,1
-0.1696109,-1.7903908,0
3.5703769,1.8595316,3
0.062435463,1.4622817,2
-0.9333014,0.060451426,2
1.3622272,1.9930053,2
-1.201792,-1.3834538,0
-1.5215323,1.4928222,2
-1.4664209,0.4021333,2
0.30113205,-1.3947555,1
-1.2267067,0.9876254,2
0.25297892,1.7344067,2
-0.38844875,0.57633126,2
-0.5705105,1.0732679,4
-1.6813879,-0.3384983,0
-1.4407169,0.1573539,2
-0.3988467,-2.6389322,0
0.31358021,-0.4173169,1
-0.5767907,-1.0849333,0
-0.3656337,1.7129004,2
-0.3945872,-0.72828007,0
-1.2079029,-1.1503265,0
0.64210325,0.70978355,1
-0.5165406,2.1169534,2
2.1885629,-0.14171019,3
-0.35366565,3.060215,2
-1.8699715,-2.9940832,0
-1.009283,-0.70419663,0
-1.583244,-1.141665,0
-0.52506477,0.95993084,2
-0.15115464,-0.23065434,0
-1.9550071,2.561571,2
4.005856,0.8615449,3
-1.181439,-2.60234,0
0.7478953,-0.93521476,1
-1.462186,0.6963579,2
-1.4080776,2.5058355,2
-1.2652435,1.9102398,2
-2.02972,1.5764068,2
-1.3010652,0.706388,2
-1.384715,-1.7828113,0
0.93804306,-0.9032606,1
-1.6129727,-3.3870463,0
-1.0724716,0.36338907,2
0.33323416,2.0216775,2
-1.5587279,-1.5229319,0
0.03544603,-0.01804655,1
-0.89275694,-1.5684797,0
0.4423583,-3.2818053,0
-0.75514466,0.34101236,2
-0.36596087,1.7015564,2
-2.046744,4.602758,2
-1.2306103,-2.1980653,0
-2.0626898,0.08755927,2
-1.7131467,0.84603155,2
-1.1854056,-0.691948,0
3.7051322,2.2929657,3
-0.89876693,-2.2054725,0
1.1898751,-1.9946995,3
-1.5073639,-0.4906782,0
2.3119662,1.5166227,3
3.5987575,1.9791257,3
3.2017112,0.56294435,3
-0.9480571,-0.29246336,0
-1.3878263,1.4849491,2
-1.0704474,2.4722636,2
-0.65091676,-1.0393023,0
1.0896404,-0.27396464,1
5.638218,-0.18825412,3
0.9575271,0.3138017,3
-0.028601715,-1.0761108,0
-0.82225984,-2.1319818,0
1.0745847,0.9314446,3
-0.5295878,-0.11878386,2
-0.94071525,2.9359212,2
-0.54308206,-0.7062314,0
1.9291841,0.7893936,3
0.2189071,0.48058182,1
1.1607981,0.057307765,1
-1.3265562,1.4168793,2
-1.1467217,-3.0718474,0
-1.3222787,2.727027,2
1.8490319,-0.8710082,3
0.8341157,-0.9860273,1
-0.3927037,-1.3649932,0
-1.1780281,-0.13166597,0
0.5030439,-1.7641003,0
0.2322346,0.9159969,2
0.7891075,1.5873961,2
-1.3894181,-2.237488,0
3.0173485,2.8070369,3
-1.9341477,-1.1734847,0
4.0933967,-0.01451109,3
-1.093911,0.18702655,2
-0.6563357,-0.07505095,2
-1.231859,-1.1444578,0
-0.12453835,-0.3021586,0
-0.61433893,-0.5925114,0
-1.8933787,0.2805006,2
-1.8431065,-3.3015501,0
-1.1986011,1.3286259,2
-2.3534052,1.4270109,2
2.874144,0.7916153,3
1.554985,1.8403175,1
-1.1396908,-0.691245,0
-0.2685674,-0.9209017,0
-0.46904296,1.0839499,2
2.9529119,-0.42484397,3
1.5387151,1.7721722,2
4.066838,2.4106636,3
-0.29478317,-1.483069,0
0.18521686,-2.6371496,0
-2.2352722,3.4207528,2
4.252686,-0.19030342,1
-1.1967535,-2.221621,0
-0.9602843,-0.21604417,0
-0.57079995,-2.2953656,0
0.93658024,-0.57828337,1
-2.1472983,0.25471628,2
-1.3531637,-1.9819238,0
-0.9060468,-0.9914687,0
-0.18266954,-2.642088,0
-1.9595517,-2.8129108,0
-1.9281774,-0.6989735,0
3.6293304,-0.6849124,3
0.72788864,-1.3747269,0
-1.2491874,-2.6049807,0
-1.1427529,-0.629313,0
-2.0032418,-0.02631372,0
-2.0474126,-1.7827052,0
-1.3197371,-1.579405,0
0.0024771148,-1.9860438,0
-1.5460494,-1.2931631,0
4.1057987,1.1787907,3
-1.4193193,-0.5058125,0
1.587827,0.46715873,1
-1.7258774,0.7016596,2
-1.3291669,-0.3303101,0
2.7575014,-1.7122564,1
5.0452785,2.1704466,3
-2.3796234,2.2914727,2
-0.27353913,-1.9725418,0
4.943761,4.8018317,3
1.5525455,2.2721193,3
-1.9195526,5.9338145,2
-1.1203747,-0.09903925,2
1.8642118,-0.37129748,3
-1.0099305,-1.5778575,0
-1.3238959,-0.5610115,0
-0.6337042,-3.368478,0
-0.18313393,0.15866853,2
-1.2705467,0.21869116,2
0.43884644,-1.7312443,0
-1.4917753,1.8765672,2
-0.24651843,-0.8984816,0
-1.4003459,0.65988,2
2.8584888,-2.449009,3
-1.0546113,1.8099545,2
0.09044943,-0.30700082,1
-0.7312568,-0.843856,0
-0.852696,-1.5046054,0
-1.13061,-2.3256671,0
3.1967635,-1.8936001,3
-0.70428604,1.1619247,2
-1.7896688,2.4576595,2
-0.81049687,-0.4490608,0
-2.6374552,2.222203,2
-1.7646374,1.1756961,2
1.1391253,0.484923,3
-0.26743227,0.1805259,2
-1.638132,-2.5293381,0
-1.8911989,2.8911307,2
-1.3893977,-1.8647658,0
-2.250436,1.6937423,2
3.2196727,-0.8597864,1
-1.2563156,-1.3078148,0
-1.3657916,0.11816861,2
-0.8429304,0.58689016,2
-0.64876497,-1.5875273,0
0.16936281,-2.2318532,0
1.1535262,2.3929565,2
-0.9977723,-1.3142518,0
5.007661,1.6283296,4
-1.185212,2.116108,2
0.92449784,-3.8969238,0
3.4345243,-0.36603814,3
-0.5808884,0.80228686,2
-0.87363464,-0.3073666,0
5.679692,-1.7828885,1
0.08568585,2.085162,2
3.2476864,-1.4181494,3
-2.2408397,4.5167885,2
-1.2434199,1.3758632,2
0.1828839,2.8898506,2
-0.25032082,0.030560259,2
0.58362347,1.8236861,2
-0.20326406,0.9966981,2
-1.3942775,-0.42632174,0
-1.33942,-0.24161188,0
1.1896883,-1.8556854,1
-1.4361173,1.7493604,2
-1.1161171,-2.1555407,0
1.0187354,0.1150502,1
-1.6381729,1.2036693,2
-1.6700811,-1.1494478,0
-0.19836663,0.4746722,2
-0.43826732,-1.469889,0
-0.8509435,3.713687,2
2.5745437,0.46628618,3
-0.8926421,-2.3296473,0
0.002948655,-3.6464465,0
3.1698349,3.8131707,3
0.07897752,-1.4884397,0
0.88785535,-3.7933939,0
-1.1257942,-0.36973757,0
-1.2362282,1.974206,2
-1.0190454,1.1185652,2
0.34659347,0.27086616,1
-1.5433359,1.2861153,2
-2.2491693,1.2207909,2
1.1426706,-3.1751664,1
-1.2409688,-1.9537984,0
-0.0476564,-0.91609263,0
-2.1575956,2.2367442,2
0.43340185,-0.75833386,1
3.2601092,-3.4072335,3
-1.4276093,0.43311465,2
-1.825883,3.6870482,2
-1.4224832,0.14405695,2
-2.022529,1.2050939,2
-0.44548306,-3.2598727,0
0.29789907,-2.6968565,0
-0.320603,2.4233587,2
5.488394,-0.39765877,3
-0.19898064,0.7664256,2
-1.01387,-2.3620157,0
4.7392945,-0.13618596,1
4.3236504,2.0948687,3
2.1775017,-0.66204864,1
-1.6563982,0.2984801,2
1.103267,-2.362862,1
-1.5276915,3.1466937,2
-1.3134001,-4.140945,0
0.050099287,-1.4179943,0
-1.1028366,-1.9550269,0
-2.3446782,1.4517593,2
-1.743278,-1.1846663,0
-1.8232859,0.9297934,2
-1.2406712,-3.1613019,0
-0.673412,-1.1799425,0
-0.94568336,-0.30052638,0
-1.882477,1.3911055,2
3.5219202,0.3979389,3
-0.3367761,-0.11985137,0
-2.140742,-0.11289919,0
-2.2001934,1.7141688,2
-1.0040914,-1.0106157,0
-0.16781417,-0.03709641,2
-1.3941637,2.271468,2
-1.5972035,-1.6793588,0
4.5052843,1.5639832,3
-0.2468371,1.0249918,2
-2.653395,1.4378601,2
-0.9791361,-3.8125262,0
-0.15636149,1.4193943,2
-1.4725074,-0.070608824,0
-0.016848119,-0.80344456,4
1.6383818,2.6578088,3
1.6585066,1.3490734,1
-1.9288585,2.5611694,2
-1.6949735,-2.4725635,0
1.4794202,1.626553,3
-1.8233484,0.53149956,2
-2.0103104,2.2817004,2
1.4671304,-1.2669877,4
1.5951028,2.0795624,2
-1.3008728,-0.32379383,0
-0.8621989,-0.8460185,0
-0.24708149,-2.0658958,0
-1.036148,-3.6155927,0
-1.9308501,2.282017,2
-1.9151158,1.9711363,2
1.7875817,-1.768925,3
0.84119034,2.7585351,2
1.2186385,-0.36996764,3
4.384359,2.5685382,3
