ROW_ID,Cluster,Anomaly Type,Top Deviating Features,Justification,Business Implication
85.0,cluster_2,Tipe B - Rare but Valid,POS_MONTHS_COUNT=1.37 (35.6x dari median) | EXT_SOURCE_1=-0.40 (30.6x dari median) | BUREAU_DAYS_CREDIT_MEAN=-1.46 (19.0x dari median) | BUREAU_ACTIVE_RATIO=-1.11 (17.7x dari median) | OWN_CAR_AGE=6.79 (15.9x dari median),Keadaan ekstrem secara statistik namun masih masuk secara logika riil (Tail-end customer).,"Berpeluang cross-selling khusus untuk Very High Net Worth Individual, bila bukan risiko gagal bayar."
89.0,cluster_4,Tipe A - Data Error,EXT_SOURCE_1=1.83 (134.6x dari median) | POS_SK_DPD_MEAN=16.97 (85.4x dari median) | ANNUITY_TO_INCOME=1.69 (19.4x dari median) | PREV_APPROVAL_RATE=0.96 (19.4x dari median) | BUREAU_ACTIVE_RATIO=-1.11 (17.7x dari median),"Deviasi fitur lebih dari 50x median klaster, kemungkinan kesalahan input sistem.",Tim data engineering perlu memperbaiki flow pipeline ingestion untuk capping nilai ekstrem.
183.0,cluster_4,Tipe A - Data Error,BUREAU_BB_SEVERE_DPD_MEAN=9.45 (185.5x dari median) | POS_SK_DPD_MEAN=15.15 (76.1x dari median) | BUREAU_BB_DPD_RATIO_MEAN=8.06 (42.5x dari median) | ANNUITY_TO_INCOME=2.34 (26.6x dari median) | EXT_SOURCE_1=0.32 (22.8x dari median),"Deviasi fitur lebih dari 50x median klaster, kemungkinan kesalahan input sistem.",Tim data engineering perlu memperbaiki flow pipeline ingestion untuk capping nilai ekstrem.
270.0,cluster_4,Tipe B - Rare but Valid,ANNUITY_TO_INCOME=2.35 (26.7x dari median) | CREDIT_TO_INCOME=3.76 (24.9x dari median) | CREDIT_TERM_MONTHS=1.68 (23.3x dari median) | POS_SK_DPD_MEAN=3.24 (15.5x dari median) | YEARS_BIRTH=1.48 (10.6x dari median),Keadaan ekstrem secara statistik namun masih masuk secara logika riil (Tail-end customer).,"Berpeluang cross-selling khusus untuk Very High Net Worth Individual, bila bukan risiko gagal bayar."
991.0,cluster_2,Tipe A - Data Error,POS_MONTHS_COUNT=2.66 (70.2x dari median) | REGION_RATING_CLIENT_W_CITY=1.92 (34.6x dari median) | CREDIT_TERM_MONTHS=1.68 (32.8x dari median) | YEARS_BIRTH=-0.90 (27.9x dari median) | EXT_SOURCE_3=-2.94 (27.5x dari median),"Deviasi fitur lebih dari 50x median klaster, kemungkinan kesalahan input sistem.",Tim data engineering perlu memperbaiki flow pipeline ingestion untuk capping nilai ekstrem.
1188.0,cluster_1,Tipe A - Data Error,EXT_SOURCE_1=-1.51 (112.8x dari median) | INST_SEVERE_LATE_RATIO=6.54 (39.9x dari median) | INST_DPD_MEAN=1.03 (10.0x dari median) | INST_LATE_RATIO=4.03 (7.4x dari median) | CNT_CHILDREN=3.60 (7.2x dari median),"Deviasi fitur lebih dari 50x median klaster, kemungkinan kesalahan input sistem.",Tim data engineering perlu memperbaiki flow pipeline ingestion untuk capping nilai ekstrem.
1318.0,cluster_2,Tipe A - Data Error,EXT_SOURCE_1=2.50 (184.4x dari median) | REGION_RATING_CLIENT_W_CITY=1.92 (34.6x dari median) | CREDIT_TERM_MONTHS=-1.08 (19.5x dari median) | BUREAU_DAYS_CREDIT_MEAN=-1.32 (17.1x dari median) | BUREAU_ACTIVE_RATIO=-0.58 (8.9x dari median),"Deviasi fitur lebih dari 50x median klaster, kemungkinan kesalahan input sistem.",Tim data engineering perlu memperbaiki flow pipeline ingestion untuk capping nilai ekstrem.
1570.0,cluster_0,Tipe A - Data Error,EXT_SOURCE_3=0.11 (53.0x dari median) | EXT_SOURCE_1=-0.30 (23.3x dari median) | YEARS_EMPLOYED=2.72 (19.7x dari median) | BUREAU_ACTIVE_RATIO=-1.11 (17.7x dari median) | PREV_REFUSED_COUNT=1.77 (16.3x dari median),"Deviasi fitur lebih dari 50x median klaster, kemungkinan kesalahan input sistem.",Tim data engineering perlu memperbaiki flow pipeline ingestion untuk capping nilai ekstrem.
1727.0,cluster_2,Tipe A - Data Error,EXT_SOURCE_1=2.67 (197.6x dari median) | BUREAU_DAYS_CREDIT_MEAN=-3.00 (40.0x dari median) | YEARS_BIRTH=0.73 (24.4x dari median) | CREDIT_TERM_MONTHS=1.17 (23.3x dari median) | BUREAU_ACTIVE_RATIO=-1.11 (17.7x dari median),"Deviasi fitur lebih dari 50x median klaster, kemungkinan kesalahan input sistem.",Tim data engineering perlu memperbaiki flow pipeline ingestion untuk capping nilai ekstrem.
1970.0,cluster_2,Tipe A - Data Error,EXT_SOURCE_1=0.85 (62.2x dari median) | BUREAU_BB_DPD_RATIO_MEAN=7.84 (41.3x dari median) | REGION_RATING_CLIENT_W_CITY=-2.04 (34.6x dari median) | POS_MONTHS_COUNT=-0.53 (15.1x dari median) | AMT_REQ_CREDIT_BUREAU_YEAR=1.85 (13.9x dari median),"Deviasi fitur lebih dari 50x median klaster, kemungkinan kesalahan input sistem.",Tim data engineering perlu memperbaiki flow pipeline ingestion untuk capping nilai ekstrem.
2202.0,cluster_4,Tipe B - Rare but Valid,REGION_RATING_CLIENT_W_CITY=-2.04 (34.6x dari median) | CREDIT_TERM_MONTHS=2.17 (29.8x dari median) | EXT_SOURCE_3=1.68 (14.1x dari median) | PREV_APPROVAL_RATE=-0.69 (12.1x dari median) | AMT_CREDIT=1.49 (9.3x dari median),Keadaan ekstrem secara statistik namun masih masuk secara logika riil (Tail-end customer).,"Berpeluang cross-selling khusus untuk Very High Net Worth Individual, bila bukan risiko gagal bayar."
2368.0,cluster_3,Tipe A - Data Error,EXT_SOURCE_1=-3.24 (242.0x dari median) | EXT_SOURCE_3=-2.07 (19.6x dari median) | YEARS_BIRTH=-1.04 (7.3x dari median) | BUREAU_DAYS_CREDIT_MEAN=0.88 (6.8x dari median) | BUREAU_ACTIVE_RATIO=0.64 (4.9x dari median),"Deviasi fitur lebih dari 50x median klaster, kemungkinan kesalahan input sistem.",Tim data engineering perlu memperbaiki flow pipeline ingestion untuk capping nilai ekstrem.
2494.0,cluster_2,Tipe A - Data Error,YEARS_BIRTH=1.65 (53.9x dari median) | BUREAU_ACTIVE_RATIO=2.03 (35.5x dari median) | CREDIT_TERM_MONTHS=-1.62 (29.7x dari median) | BUREAU_DEBT_TO_CREDIT_RATIO=2.23 (28.4x dari median) | POS_MONTHS_COUNT=-0.85 (23.7x dari median),"Deviasi fitur lebih dari 50x median klaster, kemungkinan kesalahan input sistem.",Tim data engineering perlu memperbaiki flow pipeline ingestion untuk capping nilai ekstrem.
2685.0,cluster_4,Tipe A - Data Error,POS_SK_DPD_MEAN=27.97 (141.3x dari median) | EXT_SOURCE_3=-1.40 (13.5x dari median) | PREV_APPROVAL_RATE=-0.69 (12.1x dari median) | CC_MONTHS_COUNT=3.41 (8.8x dari median) | AMT_ANNUITY=-0.64 (8.6x dari median),"Deviasi fitur lebih dari 50x median klaster, kemungkinan kesalahan input sistem.",Tim data engineering perlu memperbaiki flow pipeline ingestion untuk capping nilai ekstrem.
2873.0,cluster_1,Tipe B - Rare but Valid,INST_SEVERE_LATE_RATIO=6.21 (37.9x dari median) | REGION_RATING_CLIENT_W_CITY=1.92 (34.6x dari median) | INST_DPD_MEAN=1.22 (11.7x dari median) | BUREAU_ACTIVE_RATIO=2.03 (10.8x dari median) | INST_LATE_RATIO=4.69 (8.5x dari median),Keadaan ekstrem secara statistik namun masih masuk secara logika riil (Tail-end customer).,"Berpeluang cross-selling khusus untuk Very High Net Worth Individual, bila bukan risiko gagal bayar."
3620.0,cluster_4,Tipe A - Data Error,CC_SK_DPD_MEAN=24.14 (485.8x dari median) | PREV_APPROVAL_RATE=-1.40 (25.7x dari median) | BUREAU_ACTIVE_RATIO=-1.11 (17.7x dari median) | BUREAU_DAYS_CREDIT_MEAN=-2.75 (17.0x dari median) | AMT_ANNUITY=-1.22 (15.5x dari median),"Deviasi fitur lebih dari 50x median klaster, kemungkinan kesalahan input sistem.",Tim data engineering perlu memperbaiki flow pipeline ingestion untuk capping nilai ekstrem.
4244.0,cluster_2,Tipe B - Rare but Valid,BUREAU_DAYS_CREDIT_MEAN=-2.15 (28.4x dari median) | YEARS_BIRTH=-0.62 (18.9x dari median) | BUREAU_ACTIVE_RATIO=-1.11 (17.7x dari median) | OWN_CAR_AGE=5.57 (13.2x dari median) | AMT_ANNUITY=-1.01 (8.8x dari median),Keadaan ekstrem secara statistik namun masih masuk secara logika riil (Tail-end customer).,"Berpeluang cross-selling khusus untuk Very High Net Worth Individual, bila bukan risiko gagal bayar."
4734.0,cluster_2,Tipe A - Data Error,POS_MONTHS_COUNT=3.71 (98.2x dari median) | YEARS_BIRTH=0.68 (22.9x dari median) | BUREAU_DAYS_CREDIT_MEAN=-1.59 (20.7x dari median) | AMT_REQ_CREDIT_BUREAU_YEAR=2.43 (18.5x dari median) | CREDIT_TERM_MONTHS=-0.94 (16.9x dari median),"Deviasi fitur lebih dari 50x median klaster, kemungkinan kesalahan input sistem.",Tim data engineering perlu memperbaiki flow pipeline ingestion untuk capping nilai ekstrem.
5028.0,cluster_4,Tipe B - Rare but Valid,PREV_APPROVAL_RATE=-2.34 (43.7x dari median) | AMT_ANNUITY=-3.10 (37.9x dari median) | BUREAU_ACTIVE_RATIO=-1.11 (17.7x dari median) | AMT_CREDIT=-1.98 (14.8x dari median) | AMT_INCOME_TOTAL=-3.26 (14.3x dari median),Keadaan ekstrem secara statistik namun masih masuk secara logika riil (Tail-end customer).,"Berpeluang cross-selling khusus untuk Very High Net Worth Individual, bila bukan risiko gagal bayar."
5206.0,cluster_4,Tipe A - Data Error,EXT_SOURCE_1=1.25 (92.0x dari median) | ANNUITY_TO_INCOME=1.88 (21.6x dari median) | PREV_APPROVAL_RATE=0.96 (19.4x dari median) | CREDIT_TO_INCOME=1.74 (12.1x dari median) | BUREAU_ACTIVE_RATIO=0.46 (8.9x dari median),"Deviasi fitur lebih dari 50x median klaster, kemungkinan kesalahan input sistem.",Tim data engineering perlu memperbaiki flow pipeline ingestion untuk capping nilai ekstrem.
5223.0,cluster_1,Tipe B - Rare but Valid,EXT_SOURCE_1=-0.53 (40.1x dari median) | INST_SEVERE_LATE_RATIO=3.19 (19.9x dari median) | BUREAU_DAYS_CREDIT_MEAN=1.45 (9.3x dari median) | EXT_SOURCE_3=-0.58 (6.2x dari median) | OWN_CAR_AGE=1.55 (4.4x dari median),Keadaan ekstrem secara statistik namun masih masuk secara logika riil (Tail-end customer).,"Berpeluang cross-selling khusus untuk Very High Net Worth Individual, bila bukan risiko gagal bayar."
5799.0,cluster_2,Tipe A - Data Error,POS_SK_DPD_MEAN=16.99 (243.7x dari median) | POS_MONTHS_COUNT=3.87 (102.5x dari median) | EXT_SOURCE_1=1.08 (79.2x dari median) | CREDIT_TERM_MONTHS=0.99 (19.7x dari median) | AMT_INCOME_TOTAL=1.79 (15.4x dari median),"Deviasi fitur lebih dari 50x median klaster, kemungkinan kesalahan input sistem.",Tim data engineering perlu memperbaiki flow pipeline ingestion untuk capping nilai ekstrem.
5815.0,cluster_4,Tipe A - Data Error,CC_SK_DPD_MEAN=14.38 (289.8x dari median) | CREDIT_TERM_MONTHS=1.67 (23.2x dari median) | PREV_APPROVAL_RATE=-0.87 (15.7x dari median) | EXT_SOURCE_3=-1.43 (13.8x dari median) | BUREAU_ACTIVE_RATIO=-0.79 (12.4x dari median),"Deviasi fitur lebih dari 50x median klaster, kemungkinan kesalahan input sistem.",Tim data engineering perlu memperbaiki flow pipeline ingestion untuk capping nilai ekstrem.
5975.0,cluster_0,Tipe A - Data Error,EXT_SOURCE_3=-2.08 (972.0x dari median) | EXT_SOURCE_1=-1.24 (93.3x dari median) | BUREAU_ACTIVE_RATIO=2.03 (35.5x dari median) | REGION_RATING_CLIENT_W_CITY=1.92 (34.6x dari median) | PREV_REFUSED_COUNT=3.45 (32.6x dari median),"Deviasi fitur lebih dari 50x median klaster, kemungkinan kesalahan input sistem.",Tim data engineering perlu memperbaiki flow pipeline ingestion untuk capping nilai ekstrem.
6039.0,cluster_4,Tipe A - Data Error,CC_SK_DPD_MEAN=8.78 (177.3x dari median) | REGION_RATING_CLIENT_W_CITY=-2.04 (34.6x dari median) | PREV_APPROVAL_RATE=-1.24 (22.7x dari median) | EXT_SOURCE_3=-2.04 (19.4x dari median) | BUREAU_ACTIVE_RATIO=0.73 (13.3x dari median),"Deviasi fitur lebih dari 50x median klaster, kemungkinan kesalahan input sistem.",Tim data engineering perlu memperbaiki flow pipeline ingestion untuk capping nilai ekstrem.
6503.0,cluster_4,Tipe B - Rare but Valid,REGION_RATING_CLIENT_W_CITY=1.92 (34.6x dari median) | POS_SK_DPD_MEAN=5.01 (24.5x dari median) | BUREAU_ACTIVE_RATIO=0.99 (17.7x dari median) | CREDIT_TERM_MONTHS=-1.05 (12.9x dari median) | ANNUITY_TO_INCOME=0.78 (9.5x dari median),Keadaan ekstrem secara statistik namun masih masuk secara logika riil (Tail-end customer).,"Berpeluang cross-selling khusus untuk Very High Net Worth Individual, bila bukan risiko gagal bayar."
6655.0,cluster_2,Tipe A - Data Error,CC_SK_DPD_MEAN=15.55 (313.4x dari median) | EXT_SOURCE_1=1.45 (106.3x dari median) | CREDIT_TERM_MONTHS=1.67 (32.7x dari median) | YEARS_BIRTH=0.51 (17.5x dari median) | BUREAU_ACTIVE_RATIO=-0.66 (10.1x dari median),"Deviasi fitur lebih dari 50x median klaster, kemungkinan kesalahan input sistem.",Tim data engineering perlu memperbaiki flow pipeline ingestion untuk capping nilai ekstrem.
7225.0,cluster_0,Tipe A - Data Error,EXT_SOURCE_3=-1.24 (580.5x dari median) | EXT_SOURCE_1=1.69 (124.8x dari median) | YEARS_EMPLOYED=3.43 (24.6x dari median) | BUREAU_COUNT=4.66 (16.9x dari median) | BUREAU_DEBT_TO_CREDIT_RATIO=0.48 (7.9x dari median),"Deviasi fitur lebih dari 50x median klaster, kemungkinan kesalahan input sistem.",Tim data engineering perlu memperbaiki flow pipeline ingestion untuk capping nilai ekstrem.
7614.0,cluster_1,Tipe A - Data Error,EXT_SOURCE_1=1.36 (99.9x dari median) | REGION_RATING_CLIENT_W_CITY=1.92 (34.6x dari median) | EXT_SOURCE_2=-1.47 (15.3x dari median) | BUREAU_DAYS_CREDIT_MEAN=-1.85 (14.1x dari median) | CNT_CHILDREN=2.21 (4.8x dari median),"Deviasi fitur lebih dari 50x median klaster, kemungkinan kesalahan input sistem.",Tim data engineering perlu memperbaiki flow pipeline ingestion untuk capping nilai ekstrem.
7745.0,cluster_0,Tipe A - Data Error,EXT_SOURCE_3=-0.73 (342.5x dari median) | REGION_RATING_CLIENT_W_CITY=-2.04 (34.6x dari median) | CREDIT_TERM_MONTHS=1.68 (33.1x dari median) | PREV_REFUSED_COUNT=3.45 (32.6x dari median) | BUREAU_ACTIVE_RATIO=-1.11 (17.7x dari median),"Deviasi fitur lebih dari 50x median klaster, kemungkinan kesalahan input sistem.",Tim data engineering perlu memperbaiki flow pipeline ingestion untuk capping nilai ekstrem.
7916.0,cluster_0,Tipe A - Data Error,EXT_SOURCE_3=-2.44 (1141.2x dari median) | PREV_REFUSED_COUNT=8.46 (81.5x dari median) | BUREAU_COUNT=7.08 (26.2x dari median) | CREDIT_TERM_MONTHS=0.58 (12.2x dari median) | YEARS_BIRTH=1.56 (9.8x dari median),"Deviasi fitur lebih dari 50x median klaster, kemungkinan kesalahan input sistem.",Tim data engineering perlu memperbaiki flow pipeline ingestion untuk capping nilai ekstrem.
8580.0,cluster_1,Tipe A - Data Error,EXT_SOURCE_1=-0.99 (74.8x dari median) | REGION_RATING_CLIENT_W_CITY=1.92 (34.6x dari median) | INST_DPD_MAX=3.36 (21.9x dari median) | INST_DPD_MEAN=2.05 (19.0x dari median) | INST_SEVERE_LATE_RATIO=3.02 (18.9x dari median),"Deviasi fitur lebih dari 50x median klaster, kemungkinan kesalahan input sistem.",Tim data engineering perlu memperbaiki flow pipeline ingestion untuk capping nilai ekstrem.
8629.0,cluster_2,Tipe B - Rare but Valid,EXT_SOURCE_1=0.48 (35.0x dari median) | YEARS_BIRTH=0.97 (32.1x dari median) | POS_MONTHS_COUNT=-0.85 (23.7x dari median) | YEARS_EMPLOYED=3.83 (19.0x dari median) | BUREAU_DEBT_TO_CREDIT_RATIO=1.21 (15.9x dari median),Keadaan ekstrem secara statistik namun masih masuk secara logika riil (Tail-end customer).,"Berpeluang cross-selling khusus untuk Very High Net Worth Individual, bila bukan risiko gagal bayar."
8715.0,cluster_2,Tipe A - Data Error,BUREAU_BB_SEVERE_DPD_MEAN=10.00 (196.4x dari median) | EXT_SOURCE_1=-1.71 (127.8x dari median) | BUREAU_BB_DPD_RATIO_MEAN=5.63 (29.9x dari median) | EXT_SOURCE_3=-2.94 (27.5x dari median) | POS_MONTHS_COUNT=-0.77 (21.6x dari median),"Deviasi fitur lebih dari 50x median klaster, kemungkinan kesalahan input sistem.",Tim data engineering perlu memperbaiki flow pipeline ingestion untuk capping nilai ekstrem.
10392.0,cluster_2,Tipe B - Rare but Valid,CREDIT_TERM_MONTHS=1.96 (38.2x dari median) | BUREAU_DAYS_CREDIT_MEAN=-1.30 (16.7x dari median) | POS_MONTHS_COUNT=-0.57 (16.2x dari median) | YEARS_EMPLOYED=2.62 (13.4x dari median) | BUREAU_DEBT_TO_CREDIT_RATIO=0.84 (11.3x dari median),Keadaan ekstrem secara statistik namun masih masuk secara logika riil (Tail-end customer).,"Berpeluang cross-selling khusus untuk Very High Net Worth Individual, bila bukan risiko gagal bayar."
10655.0,cluster_3,Tipe A - Data Error,BUREAU_BB_SEVERE_DPD_MEAN=7.01 (137.8x dari median) | EXT_SOURCE_1=0.78 (56.6x dari median) | BUREAU_BB_DPD_RATIO_MEAN=4.64 (24.9x dari median) | EXT_SOURCE_3=-1.26 (12.3x dari median) | BUREAU_DAYS_CREDIT_MEAN=-1.03 (10.2x dari median),"Deviasi fitur lebih dari 50x median klaster, kemungkinan kesalahan input sistem.",Tim data engineering perlu memperbaiki flow pipeline ingestion untuk capping nilai ekstrem.
10848.0,cluster_3,Tipe B - Rare but Valid,INST_SEVERE_LATE_RATIO=6.92 (42.1x dari median) | REGION_RATING_CLIENT_W_CITY=1.92 (34.6x dari median) | YEARS_EMPLOYED=3.78 (13.0x dari median) | INST_LATE_RATIO=4.29 (7.8x dari median) | INST_DPD_MEAN=0.75 (7.6x dari median),Keadaan ekstrem secara statistik namun masih masuk secara logika riil (Tail-end customer).,"Berpeluang cross-selling khusus untuk Very High Net Worth Individual, bila bukan risiko gagal bayar."
11873.0,cluster_3,Tipe A - Data Error,EXT_SOURCE_1=2.35 (173.4x dari median) | REGION_RATING_CLIENT_W_CITY=-2.04 (34.6x dari median) | YEARS_EMPLOYED=3.52 (12.2x dari median) | BUREAU_DAYS_CREDIT_MEAN=1.45 (11.9x dari median) | YEARS_BIRTH=1.14 (10.1x dari median),"Deviasi fitur lebih dari 50x median klaster, kemungkinan kesalahan input sistem.",Tim data engineering perlu memperbaiki flow pipeline ingestion untuk capping nilai ekstrem.
12007.0,cluster_2,Tipe A - Data Error,POS_MONTHS_COUNT=4.11 (109.0x dari median) | YEARS_BIRTH=1.28 (41.9x dari median) | CREDIT_TERM_MONTHS=1.96 (38.1x dari median) | YEARS_EMPLOYED=5.35 (26.2x dari median) | BUREAU_DAYS_CREDIT_MEAN=-1.28 (16.5x dari median),"Deviasi fitur lebih dari 50x median klaster, kemungkinan kesalahan input sistem.",Tim data engineering perlu memperbaiki flow pipeline ingestion untuk capping nilai ekstrem.
12177.0,cluster_4,Tipe B - Rare but Valid,PREV_APPROVAL_RATE=-2.34 (43.7x dari median) | EXT_SOURCE_3=-2.33 (21.9x dari median) | CREDIT_TERM_MONTHS=1.26 (17.7x dari median) | BUREAU_ACTIVE_RATIO=0.99 (17.7x dari median) | PREV_REFUSED_COUNT=3.45 (8.6x dari median),Keadaan ekstrem secara statistik namun masih masuk secara logika riil (Tail-end customer).,"Berpeluang cross-selling khusus untuk Very High Net Worth Individual, bila bukan risiko gagal bayar."
12354.0,cluster_2,Tipe A - Data Error,EXT_SOURCE_1=2.19 (161.5x dari median) | YEARS_BIRTH=1.35 (44.3x dari median) | CREDIT_TERM_MONTHS=1.27 (25.0x dari median) | AMT_REQ_CREDIT_BUREAU_YEAR=3.00 (23.2x dari median) | BUREAU_DAYS_CREDIT_MEAN=0.51 (8.0x dari median),"Deviasi fitur lebih dari 50x median klaster, kemungkinan kesalahan input sistem.",Tim data engineering perlu memperbaiki flow pipeline ingestion untuk capping nilai ekstrem.
12412.0,cluster_4,Tipe A - Data Error,POS_SK_DPD_MEAN=14.33 (71.9x dari median) | ANNUITY_TO_INCOME=3.31 (37.2x dari median) | PREV_APPROVAL_RATE=0.96 (19.4x dari median) | CREDIT_TERM_MONTHS=-1.51 (19.0x dari median) | BUREAU_ACTIVE_RATIO=-1.11 (17.7x dari median),"Deviasi fitur lebih dari 50x median klaster, kemungkinan kesalahan input sistem.",Tim data engineering perlu memperbaiki flow pipeline ingestion untuk capping nilai ekstrem.
12574.0,cluster_2,Tipe B - Rare but Valid,POS_MONTHS_COUNT=1.41 (36.7x dari median) | AMT_REQ_CREDIT_BUREAU_YEAR=3.58 (27.8x dari median) | PREV_REFUSED_COUNT=6.23 (14.7x dari median) | YEARS_BIRTH=-0.42 (12.4x dari median) | BUREAU_COUNT=2.02 (12.2x dari median),Keadaan ekstrem secara statistik namun masih masuk secara logika riil (Tail-end customer).,"Berpeluang cross-selling khusus untuk Very High Net Worth Individual, bila bukan risiko gagal bayar."
12638.0,cluster_2,Tipe A - Data Error,EXT_SOURCE_1=-2.28 (170.3x dari median) | YEARS_BIRTH=-1.19 (37.0x dari median) | EXT_SOURCE_3=-2.07 (19.6x dari median) | BUREAU_COUNT=2.46 (14.7x dari median) | EXT_SOURCE_2=-2.48 (10.2x dari median),"Deviasi fitur lebih dari 50x median klaster, kemungkinan kesalahan input sistem.",Tim data engineering perlu memperbaiki flow pipeline ingestion untuk capping nilai ekstrem.
12861.0,cluster_4,Tipe B - Rare but Valid,CREDIT_TERM_MONTHS=1.28 (18.0x dari median) | PREV_APPROVAL_RATE=-0.69 (12.1x dari median) | BUREAU_COUNT=1.36 (8.6x dari median) | AMT_ANNUITY=0.69 (7.2x dari median) | AMT_CREDIT=1.17 (7.2x dari median),Keadaan ekstrem secara statistik namun masih masuk secara logika riil (Tail-end customer).,"Berpeluang cross-selling khusus untuk Very High Net Worth Individual, bila bukan risiko gagal bayar."
13090.0,cluster_2,Tipe B - Rare but Valid,REGION_RATING_CLIENT_W_CITY=1.92 (34.6x dari median) | POS_MONTHS_COUNT=-1.13 (31.3x dari median) | EXT_SOURCE_1=-0.39 (29.9x dari median) | BUREAU_DAYS_CREDIT_MEAN=-1.14 (14.6x dari median) | EXT_SOURCE_3=-1.30 (12.6x dari median),Keadaan ekstrem secara statistik namun masih masuk secara logika riil (Tail-end customer).,"Berpeluang cross-selling khusus untuk Very High Net Worth Individual, bila bukan risiko gagal bayar."
13373.0,cluster_3,Tipe B - Rare but Valid,REGION_RATING_CLIENT_W_CITY=1.92 (34.6x dari median) | INST_SEVERE_LATE_RATIO=3.19 (19.9x dari median) | INST_DPD_MAX=2.75 (18.1x dari median) | INST_DPD_MEAN=1.81 (16.9x dari median) | EXT_SOURCE_3=1.63 (13.6x dari median),Keadaan ekstrem secara statistik namun masih masuk secara logika riil (Tail-end customer).,"Berpeluang cross-selling khusus untuk Very High Net Worth Individual, bila bukan risiko gagal bayar."
13547.0,cluster_0,Tipe A - Data Error,EXT_SOURCE_3=0.55 (256.2x dari median) | YEARS_EMPLOYED=2.70 (19.6x dari median) | PREV_REFUSED_COUNT=1.77 (16.3x dari median) | BUREAU_ACTIVE_RATIO=0.73 (13.3x dari median) | POS_MONTHS_COUNT=3.95 (11.4x dari median),"Deviasi fitur lebih dari 50x median klaster, kemungkinan kesalahan input sistem.",Tim data engineering perlu memperbaiki flow pipeline ingestion untuk capping nilai ekstrem.
13816.0,cluster_2,Tipe A - Data Error,EXT_SOURCE_1=-2.98 (222.3x dari median) | YEARS_BIRTH=-1.03 (32.0x dari median) | CREDIT_TERM_MONTHS=-1.30 (23.7x dari median) | EXT_SOURCE_3=-2.08 (19.7x dari median) | OWN_CAR_AGE=6.79 (15.9x dari median),"Deviasi fitur lebih dari 50x median klaster, kemungkinan kesalahan input sistem.",Tim data engineering perlu memperbaiki flow pipeline ingestion untuk capping nilai ekstrem.
14182.0,cluster_0,Tipe A - Data Error,EXT_SOURCE_1=2.38 (175.4x dari median) | EXT_SOURCE_3=0.11 (53.0x dari median) | BUREAU_ACTIVE_RATIO=2.03 (35.5x dari median) | REGION_RATING_CLIENT_W_CITY=-2.04 (34.6x dari median) | CREDIT_TERM_MONTHS=1.67 (33.0x dari median),"Deviasi fitur lebih dari 50x median klaster, kemungkinan kesalahan input sistem.",Tim data engineering perlu memperbaiki flow pipeline ingestion untuk capping nilai ekstrem.
14964.0,cluster_0,Tipe A - Data Error,EXT_SOURCE_3=-1.44 (673.9x dari median) | PREV_REFUSED_COUNT=6.23 (59.8x dari median) | EXT_SOURCE_1=-0.65 (49.6x dari median) | REGION_RATING_CLIENT_W_CITY=1.92 (34.6x dari median) | CREDIT_TERM_MONTHS=-0.79 (14.0x dari median),"Deviasi fitur lebih dari 50x median klaster, kemungkinan kesalahan input sistem.",Tim data engineering perlu memperbaiki flow pipeline ingestion untuk capping nilai ekstrem.
15298.0,cluster_4,Tipe A - Data Error,CC_SK_DPD_MEAN=14.31 (288.4x dari median) | ANNUITY_TO_INCOME=3.15 (35.5x dari median) | BUREAU_ACTIVE_RATIO=-1.11 (17.7x dari median) | AMT_INCOME_TOTAL=-3.03 (13.2x dari median) | CREDIT_TO_INCOME=1.49 (10.5x dari median),"Deviasi fitur lebih dari 50x median klaster, kemungkinan kesalahan input sistem.",Tim data engineering perlu memperbaiki flow pipeline ingestion untuk capping nilai ekstrem.
15501.0,cluster_3,Tipe A - Data Error,EXT_SOURCE_1=0.93 (67.9x dari median) | REGION_RATING_CLIENT_W_CITY=-2.04 (34.6x dari median) | YEARS_EMPLOYED=4.62 (15.7x dari median) | BUREAU_ACTIVE_RATIO=2.03 (13.4x dari median) | ANNUITY_TO_INCOME=6.90 (12.9x dari median),"Deviasi fitur lebih dari 50x median klaster, kemungkinan kesalahan input sistem.",Tim data engineering perlu memperbaiki flow pipeline ingestion untuk capping nilai ekstrem.
15502.0,cluster_2,Tipe A - Data Error,EXT_SOURCE_1=0.74 (54.0x dari median) | YEARS_BIRTH=1.22 (40.2x dari median) | YEARS_EMPLOYED=5.55 (27.1x dari median) | EXT_SOURCE_3=-2.03 (19.3x dari median) | POS_MONTHS_COUNT=-0.41 (11.9x dari median),"Deviasi fitur lebih dari 50x median klaster, kemungkinan kesalahan input sistem.",Tim data engineering perlu memperbaiki flow pipeline ingestion untuk capping nilai ekstrem.
15613.0,cluster_2,Tipe B - Rare but Valid,POS_MONTHS_COUNT=1.89 (49.7x dari median) | YEARS_EMPLOYED=3.52 (17.6x dari median) | OWN_CAR_AGE=6.68 (15.7x dari median) | AMT_INCOME_TOTAL=-1.40 (13.8x dari median) | YEARS_BIRTH=0.33 (11.5x dari median),Keadaan ekstrem secara statistik namun masih masuk secara logika riil (Tail-end customer).,"Berpeluang cross-selling khusus untuk Very High Net Worth Individual, bila bukan risiko gagal bayar."
16306.0,cluster_2,Tipe A - Data Error,EXT_SOURCE_1=1.72 (126.6x dari median) | POS_MONTHS_COUNT=3.06 (81.0x dari median) | REGION_RATING_CLIENT_W_CITY=-2.04 (34.6x dari median) | AMT_REQ_CREDIT_BUREAU_YEAR=3.00 (23.2x dari median) | YEARS_BIRTH=0.63 (21.1x dari median),"Deviasi fitur lebih dari 50x median klaster, kemungkinan kesalahan input sistem.",Tim data engineering perlu memperbaiki flow pipeline ingestion untuk capping nilai ekstrem.
16973.0,cluster_0,Tipe A - Data Error,EXT_SOURCE_1=1.70 (125.2x dari median) | EXT_SOURCE_3=0.11 (53.0x dari median) | BUREAU_ACTIVE_RATIO=2.03 (35.5x dari median) | REGION_RATING_CLIENT_W_CITY=1.92 (34.6x dari median) | BUREAU_DEBT_TO_CREDIT_RATIO=1.88 (27.8x dari median),"Deviasi fitur lebih dari 50x median klaster, kemungkinan kesalahan input sistem.",Tim data engineering perlu memperbaiki flow pipeline ingestion untuk capping nilai ekstrem.
17008.0,cluster_2,Tipe A - Data Error,EXT_SOURCE_1=-2.43 (181.2x dari median) | POS_MONTHS_COUNT=1.53 (39.9x dari median) | AMT_REQ_CREDIT_BUREAU_YEAR=2.43 (18.5x dari median) | BUREAU_ACTIVE_RATIO=0.99 (17.7x dari median) | YEARS_EMPLOYED=3.45 (17.2x dari median),"Deviasi fitur lebih dari 50x median klaster, kemungkinan kesalahan input sistem.",Tim data engineering perlu memperbaiki flow pipeline ingestion untuk capping nilai ekstrem.
17064.0,cluster_4,Tipe B - Rare but Valid,EXT_SOURCE_1=0.50 (36.2x dari median) | PREV_APPROVAL_RATE=-1.24 (22.7x dari median) | BUREAU_ACTIVE_RATIO=-1.11 (17.7x dari median) | EXT_SOURCE_2=-2.44 (13.3x dari median) | CC_UTILIZATION_MEAN=4.03 (10.9x dari median),Keadaan ekstrem secara statistik namun masih masuk secara logika riil (Tail-end customer).,"Berpeluang cross-selling khusus untuk Very High Net Worth Individual, bila bukan risiko gagal bayar."
18575.0,cluster_2,Tipe B - Rare but Valid,REGION_RATING_CLIENT_W_CITY=-2.04 (34.6x dari median) | YEARS_BIRTH=0.76 (25.2x dari median) | YEARS_EMPLOYED=3.62 (18.1x dari median) | BUREAU_COUNT=2.68 (15.9x dari median) | AMT_INCOME_TOTAL=1.84 (15.8x dari median),Keadaan ekstrem secara statistik namun masih masuk secara logika riil (Tail-end customer).,"Berpeluang cross-selling khusus untuk Very High Net Worth Individual, bila bukan risiko gagal bayar."
19087.0,cluster_4,Tipe B - Rare but Valid,POS_SK_DPD_MEAN=6.42 (31.7x dari median) | EXT_SOURCE_3=1.34 (11.0x dari median) | BUREAU_ACTIVE_RATIO=-0.48 (7.1x dari median) | ANNUITY_TO_INCOME=0.50 (6.4x dari median) | AMT_ANNUITY=0.47 (4.6x dari median),Keadaan ekstrem secara statistik namun masih masuk secara logika riil (Tail-end customer).,"Berpeluang cross-selling khusus untuk Very High Net Worth Individual, bila bukan risiko gagal bayar."
19112.0,cluster_4,Tipe A - Data Error,EXT_SOURCE_1=-2.04 (152.2x dari median) | POS_SK_DPD_MEAN=18.34 (92.3x dari median) | BUREAU_BB_SEVERE_DPD_MEAN=4.06 (80.3x dari median) | PREV_APPROVAL_RATE=-2.06 (38.5x dari median) | CREDIT_TERM_MONTHS=1.68 (23.3x dari median),"Deviasi fitur lebih dari 50x median klaster, kemungkinan kesalahan input sistem.",Tim data engineering perlu memperbaiki flow pipeline ingestion untuk capping nilai ekstrem.
19213.0,cluster_4,Tipe A - Data Error,EXT_SOURCE_1=-2.52 (188.4x dari median) | BUREAU_BB_DPD_RATIO_MEAN=12.70 (66.3x dari median) | PREV_APPROVAL_RATE=0.96 (19.4x dari median) | AMT_ANNUITY=1.47 (16.5x dari median) | EXT_SOURCE_3=-1.44 (13.9x dari median),"Deviasi fitur lebih dari 50x median klaster, kemungkinan kesalahan input sistem.",Tim data engineering perlu memperbaiki flow pipeline ingestion untuk capping nilai ekstrem.
19387.0,cluster_0,Tipe A - Data Error,EXT_SOURCE_3=-0.70 (324.1x dari median) | INST_SEVERE_LATE_RATIO=5.15 (31.6x dari median) | EXT_SOURCE_1=0.20 (14.0x dari median) | INST_LATE_RATIO=3.80 (13.7x dari median) | BUREAU_COUNT=3.34 (11.8x dari median),"Deviasi fitur lebih dari 50x median klaster, kemungkinan kesalahan input sistem.",Tim data engineering perlu memperbaiki flow pipeline ingestion untuk capping nilai ekstrem.
19818.0,cluster_0,Tipe A - Data Error,EXT_SOURCE_3=-1.24 (580.5x dari median) | EXT_SOURCE_1=2.58 (190.9x dari median) | PREV_REFUSED_COUNT=4.56 (43.5x dari median) | YEARS_BIRTH=1.94 (12.4x dari median) | INST_LATE_RATIO=3.06 (11.2x dari median),"Deviasi fitur lebih dari 50x median klaster, kemungkinan kesalahan input sistem.",Tim data engineering perlu memperbaiki flow pipeline ingestion untuk capping nilai ekstrem.
20232.0,cluster_4,Tipe A - Data Error,POS_SK_DPD_MEAN=19.32 (97.3x dari median) | EXT_SOURCE_1=-0.59 (45.1x dari median) | BUREAU_ACTIVE_RATIO=-1.11 (17.7x dari median) | CREDIT_TERM_MONTHS=1.18 (16.6x dari median) | PREV_APPROVAL_RATE=-0.69 (12.1x dari median),"Deviasi fitur lebih dari 50x median klaster, kemungkinan kesalahan input sistem.",Tim data engineering perlu memperbaiki flow pipeline ingestion untuk capping nilai ekstrem.
20362.0,cluster_2,Tipe A - Data Error,POS_MONTHS_COUNT=3.27 (86.4x dari median) | YEARS_BIRTH=1.65 (53.8x dari median) | AMT_REQ_CREDIT_BUREAU_YEAR=1.85 (13.9x dari median) | PREV_COUNT=4.54 (13.7x dari median) | AMT_INCOME_TOTAL=1.56 (13.3x dari median),"Deviasi fitur lebih dari 50x median klaster, kemungkinan kesalahan input sistem.",Tim data engineering perlu memperbaiki flow pipeline ingestion untuk capping nilai ekstrem.
20727.0,cluster_3,Tipe A - Data Error,CREDIT_TO_INCOME=30.73 (59.0x dari median) | ANNUITY_TO_INCOME=17.93 (35.1x dari median) | INST_SEVERE_LATE_RATIO=4.39 (27.1x dari median) | AMT_INCOME_TOTAL=-3.69 (24.5x dari median) | BUREAU_DAYS_CREDIT_MEAN=1.45 (11.9x dari median),"Deviasi fitur lebih dari 50x median klaster, kemungkinan kesalahan input sistem.",Tim data engineering perlu memperbaiki flow pipeline ingestion untuk capping nilai ekstrem.
21061.0,cluster_4,Tipe B - Rare but Valid,BUREAU_ACTIVE_RATIO=2.03 (35.5x dari median) | REGION_RATING_CLIENT_W_CITY=1.92 (34.6x dari median) | CREDIT_TERM_MONTHS=-1.62 (20.5x dari median) | PREV_APPROVAL_RATE=0.96 (19.4x dari median) | EXT_SOURCE_2=-2.53 (13.8x dari median),Keadaan ekstrem secara statistik namun masih masuk secara logika riil (Tail-end customer).,"Berpeluang cross-selling khusus untuk Very High Net Worth Individual, bila bukan risiko gagal bayar."
21107.0,cluster_3,Tipe A - Data Error,EXT_SOURCE_1=1.28 (94.4x dari median) | REGION_RATING_CLIENT_W_CITY=1.92 (34.6x dari median) | INST_SEVERE_LATE_RATIO=5.63 (34.4x dari median) | INST_DPD_MEAN=1.55 (14.7x dari median) | EXT_SOURCE_3=-1.17 (11.5x dari median),"Deviasi fitur lebih dari 50x median klaster, kemungkinan kesalahan input sistem.",Tim data engineering perlu memperbaiki flow pipeline ingestion untuk capping nilai ekstrem.
21892.0,cluster_4,Tipe A - Data Error,EXT_SOURCE_1=-0.98 (73.5x dari median) | PREV_APPROVAL_RATE=0.96 (19.4x dari median) | BUREAU_ACTIVE_RATIO=-1.11 (17.7x dari median) | ANNUITY_TO_INCOME=1.08 (12.8x dari median) | BUREAU_DAYS_CREDIT_MEAN=1.45 (10.5x dari median),"Deviasi fitur lebih dari 50x median klaster, kemungkinan kesalahan input sistem.",Tim data engineering perlu memperbaiki flow pipeline ingestion untuk capping nilai ekstrem.
21901.0,cluster_2,Tipe B - Rare but Valid,POS_MONTHS_COUNT=0.88 (22.7x dari median) | INST_DPD_MAX=2.20 (22.2x dari median) | BUREAU_DAYS_CREDIT_MEAN=1.45 (20.8x dari median) | BUREAU_ACTIVE_RATIO=-1.11 (17.7x dari median) | INST_SEVERE_LATE_RATIO=2.63 (16.7x dari median),Keadaan ekstrem secara statistik namun masih masuk secara logika riil (Tail-end customer).,"Berpeluang cross-selling khusus untuk Very High Net Worth Individual, bila bukan risiko gagal bayar."
22058.0,cluster_3,Tipe B - Rare but Valid,INST_SEVERE_LATE_RATIO=3.58 (22.3x dari median) | BUREAU_DAYS_CREDIT_MEAN=-1.17 (11.3x dari median) | INST_LATE_RATIO=4.58 (8.3x dari median) | EXT_SOURCE_3=0.79 (6.1x dari median) | YEARS_EMPLOYED=1.20 (4.8x dari median),Keadaan ekstrem secara statistik namun masih masuk secara logika riil (Tail-end customer).,"Berpeluang cross-selling khusus untuk Very High Net Worth Individual, bila bukan risiko gagal bayar."
22115.0,cluster_2,Tipe A - Data Error,POS_MONTHS_COUNT=2.98 (78.8x dari median) | YEARS_BIRTH=1.30 (42.4x dari median) | REGION_RATING_CLIENT_W_CITY=-2.04 (34.6x dari median) | AMT_INCOME_TOTAL=2.08 (18.1x dari median) | AMT_REQ_CREDIT_BUREAU_YEAR=1.85 (13.9x dari median),"Deviasi fitur lebih dari 50x median klaster, kemungkinan kesalahan input sistem.",Tim data engineering perlu memperbaiki flow pipeline ingestion untuk capping nilai ekstrem.
22443.0,cluster_2,Tipe B - Rare but Valid,BUREAU_ACTIVE_RATIO=2.03 (35.5x dari median) | REGION_RATING_CLIENT_W_CITY=-2.04 (34.6x dari median) | POS_MONTHS_COUNT=0.88 (22.7x dari median) | CREDIT_TERM_MONTHS=0.93 (18.6x dari median) | AMT_INCOME_TOTAL=2.08 (18.1x dari median),Keadaan ekstrem secara statistik namun masih masuk secara logika riil (Tail-end customer).,"Berpeluang cross-selling khusus untuk Very High Net Worth Individual, bila bukan risiko gagal bayar."
22983.0,cluster_2,Tipe A - Data Error,EXT_SOURCE_1=1.76 (129.9x dari median) | POS_MONTHS_COUNT=3.27 (86.4x dari median) | YEARS_BIRTH=1.28 (41.9x dari median) | BUREAU_ACTIVE_RATIO=2.03 (35.5x dari median) | AMT_REQ_CREDIT_BUREAU_YEAR=3.00 (23.2x dari median),"Deviasi fitur lebih dari 50x median klaster, kemungkinan kesalahan input sistem.",Tim data engineering perlu memperbaiki flow pipeline ingestion untuk capping nilai ekstrem.
23018.0,cluster_1,Tipe B - Rare but Valid,OWN_CAR_AGE=6.68 (15.7x dari median) | EXT_SOURCE_2=0.87 (7.5x dari median) | BUREAU_DAYS_CREDIT_MEAN=-0.80 (6.7x dari median) | YEARS_EMPLOYED=2.12 (5.8x dari median) | EXT_SOURCE_3=-0.49 (5.4x dari median),Keadaan ekstrem secara statistik namun masih masuk secara logika riil (Tail-end customer).,"Berpeluang cross-selling khusus untuk Very High Net Worth Individual, bila bukan risiko gagal bayar."
23019.0,cluster_2,Tipe B - Rare but Valid,YEARS_BIRTH=-1.44 (45.0x dari median) | BUREAU_ACTIVE_RATIO=2.03 (35.5x dari median) | REGION_RATING_CLIENT_W_CITY=1.92 (34.6x dari median) | EXT_SOURCE_3=-2.27 (21.4x dari median) | BUREAU_DEBT_TO_CREDIT_RATIO=1.52 (19.7x dari median),Keadaan ekstrem secara statistik namun masih masuk secara logika riil (Tail-end customer).,"Berpeluang cross-selling khusus untuk Very High Net Worth Individual, bila bukan risiko gagal bayar."
23336.0,cluster_2,Tipe A - Data Error,POS_MONTHS_COUNT=2.01 (52.9x dari median) | BUREAU_DAYS_CREDIT_MEAN=1.45 (20.8x dari median) | YEARS_BIRTH=0.60 (20.1x dari median) | BUREAU_ACTIVE_RATIO=-1.11 (17.7x dari median) | CREDIT_TERM_MONTHS=0.69 (14.0x dari median),"Deviasi fitur lebih dari 50x median klaster, kemungkinan kesalahan input sistem.",Tim data engineering perlu memperbaiki flow pipeline ingestion untuk capping nilai ekstrem.
23442.0,cluster_4,Tipe A - Data Error,CC_SK_DPD_MEAN=5.02 (101.8x dari median) | REGION_RATING_CLIENT_W_CITY=1.92 (34.6x dari median) | CREDIT_TERM_MONTHS=1.26 (17.7x dari median) | ANNUITY_TO_INCOME=1.27 (14.9x dari median) | CREDIT_TO_INCOME=2.06 (14.1x dari median),"Deviasi fitur lebih dari 50x median klaster, kemungkinan kesalahan input sistem.",Tim data engineering perlu memperbaiki flow pipeline ingestion untuk capping nilai ekstrem.
23528.0,cluster_2,Tipe A - Data Error,EXT_SOURCE_1=1.82 (134.3x dari median) | YEARS_BIRTH=1.28 (41.9x dari median) | REGION_RATING_CLIENT_W_CITY=-2.04 (34.6x dari median) | CREDIT_TERM_MONTHS=1.68 (32.8x dari median) | AMT_INCOME_TOTAL=1.97 (17.0x dari median),"Deviasi fitur lebih dari 50x median klaster, kemungkinan kesalahan input sistem.",Tim data engineering perlu memperbaiki flow pipeline ingestion untuk capping nilai ekstrem.
23538.0,cluster_1,Tipe A - Data Error,EXT_SOURCE_1=1.37 (100.8x dari median) | REGION_RATING_CLIENT_W_CITY=1.92 (34.6x dari median) | EXT_SOURCE_2=1.15 (10.2x dari median) | BUREAU_DAYS_CREDIT_MEAN=1.45 (9.3x dari median) | YEARS_EMPLOYED=3.23 (8.3x dari median),"Deviasi fitur lebih dari 50x median klaster, kemungkinan kesalahan input sistem.",Tim data engineering perlu memperbaiki flow pipeline ingestion untuk capping nilai ekstrem.
23673.0,cluster_4,Tipe B - Rare but Valid,REGION_RATING_CLIENT_W_CITY=1.92 (34.6x dari median) | POS_SK_DPD_MEAN=4.32 (21.0x dari median) | BUREAU_ACTIVE_RATIO=-1.11 (17.7x dari median) | YEARS_BIRTH=1.86 (13.6x dari median) | EXT_SOURCE_2=-2.48 (13.5x dari median),Keadaan ekstrem secara statistik namun masih masuk secara logika riil (Tail-end customer).,"Berpeluang cross-selling khusus untuk Very High Net Worth Individual, bila bukan risiko gagal bayar."
23692.0,cluster_2,Tipe A - Data Error,EXT_SOURCE_1=-2.93 (218.6x dari median) | POS_MONTHS_COUNT=2.74 (72.3x dari median) | YEARS_BIRTH=1.09 (35.7x dari median) | BUREAU_COUNT=4.66 (26.9x dari median) | EXT_SOURCE_3=-2.13 (20.1x dari median),"Deviasi fitur lebih dari 50x median klaster, kemungkinan kesalahan input sistem.",Tim data engineering perlu memperbaiki flow pipeline ingestion untuk capping nilai ekstrem.
23981.0,cluster_3,Tipe A - Data Error,BUREAU_BB_SEVERE_DPD_MEAN=5.62 (110.8x dari median) | EXT_SOURCE_3=-2.94 (27.5x dari median) | BUREAU_BB_DPD_RATIO_MEAN=4.23 (22.8x dari median) | BUREAU_ACTIVE_RATIO=1.41 (9.6x dari median) | YEARS_EMPLOYED=2.08 (7.6x dari median),"Deviasi fitur lebih dari 50x median klaster, kemungkinan kesalahan input sistem.",Tim data engineering perlu memperbaiki flow pipeline ingestion untuk capping nilai ekstrem.
24095.0,cluster_2,Tipe A - Data Error,EXT_SOURCE_1=-2.21 (164.9x dari median) | POS_MONTHS_COUNT=2.01 (52.9x dari median) | YEARS_BIRTH=-1.13 (35.3x dari median) | CREDIT_TERM_MONTHS=-1.38 (25.2x dari median) | BUREAU_ACTIVE_RATIO=-1.11 (17.7x dari median),"Deviasi fitur lebih dari 50x median klaster, kemungkinan kesalahan input sistem.",Tim data engineering perlu memperbaiki flow pipeline ingestion untuk capping nilai ekstrem.
24661.0,cluster_2,Tipe B - Rare but Valid,CREDIT_TERM_MONTHS=1.97 (38.4x dari median) | REGION_RATING_CLIENT_W_CITY=-2.04 (34.6x dari median) | YEARS_BIRTH=-0.81 (24.9x dari median) | BUREAU_DAYS_CREDIT_MEAN=1.45 (20.8x dari median) | BUREAU_ACTIVE_RATIO=-1.11 (17.7x dari median),Keadaan ekstrem secara statistik namun masih masuk secara logika riil (Tail-end customer).,"Berpeluang cross-selling khusus untuk Very High Net Worth Individual, bila bukan risiko gagal bayar."
24936.0,cluster_4,Tipe B - Rare but Valid,PREV_APPROVAL_RATE=-1.87 (34.7x dari median) | EXT_SOURCE_1=0.43 (30.6x dari median) | POS_SK_DPD_MEAN=5.92 (29.1x dari median) | BUREAU_ACTIVE_RATIO=-1.11 (17.7x dari median) | CREDIT_TERM_MONTHS=-0.74 (8.8x dari median),Keadaan ekstrem secara statistik namun masih masuk secara logika riil (Tail-end customer).,"Berpeluang cross-selling khusus untuk Very High Net Worth Individual, bila bukan risiko gagal bayar."
24969.0,cluster_4,Tipe A - Data Error,EXT_SOURCE_1=1.89 (139.6x dari median) | POS_SK_DPD_MEAN=9.53 (47.5x dari median) | REGION_RATING_CLIENT_W_CITY=1.92 (34.6x dari median) | CREDIT_TERM_MONTHS=1.68 (23.3x dari median) | AMT_CREDIT=1.17 (7.2x dari median),"Deviasi fitur lebih dari 50x median klaster, kemungkinan kesalahan input sistem.",Tim data engineering perlu memperbaiki flow pipeline ingestion untuk capping nilai ekstrem.
25129.0,cluster_4,Tipe B - Rare but Valid,REGION_RATING_CLIENT_W_CITY=-2.04 (34.6x dari median) | PREV_APPROVAL_RATE=0.96 (19.4x dari median) | BUREAU_ACTIVE_RATIO=-1.11 (17.7x dari median) | EXT_SOURCE_1=0.18 (12.4x dari median) | BUREAU_DAYS_CREDIT_MEAN=1.45 (10.5x dari median),Keadaan ekstrem secara statistik namun masih masuk secara logika riil (Tail-end customer).,"Berpeluang cross-selling khusus untuk Very High Net Worth Individual, bila bukan risiko gagal bayar."
25228.0,cluster_4,Tipe A - Data Error,CC_SK_DPD_MEAN=7.85 (158.6x dari median) | CREDIT_TERM_MONTHS=1.67 (23.2x dari median) | PREV_APPROVAL_RATE=0.96 (19.4x dari median) | EXT_SOURCE_3=1.12 (9.1x dari median) | CC_MONTHS_COUNT=3.45 (8.9x dari median),"Deviasi fitur lebih dari 50x median klaster, kemungkinan kesalahan input sistem.",Tim data engineering perlu memperbaiki flow pipeline ingestion untuk capping nilai ekstrem.
25285.0,cluster_0,Tipe A - Data Error,EXT_SOURCE_3=-1.71 (796.8x dari median) | PREV_REFUSED_COUNT=9.02 (86.9x dari median) | EXT_SOURCE_1=0.79 (57.8x dari median) | POS_MONTHS_COUNT=7.54 (22.6x dari median) | PREV_COUNT=6.42 (10.8x dari median),"Deviasi fitur lebih dari 50x median klaster, kemungkinan kesalahan input sistem.",Tim data engineering perlu memperbaiki flow pipeline ingestion untuk capping nilai ekstrem.
25568.0,cluster_4,Tipe B - Rare but Valid,BUREAU_ACTIVE_RATIO=2.03 (35.5x dari median) | REGION_RATING_CLIENT_W_CITY=1.92 (34.6x dari median) | AMT_ANNUITY=-0.75 (9.9x dari median) | ANNUITY_TO_INCOME=-0.99 (9.8x dari median) | OWN_CAR_AGE=4.01 (9.8x dari median),Keadaan ekstrem secara statistik namun masih masuk secara logika riil (Tail-end customer).,"Berpeluang cross-selling khusus untuk Very High Net Worth Individual, bila bukan risiko gagal bayar."
25625.0,cluster_4,Tipe B - Rare but Valid,REGION_RATING_CLIENT_W_CITY=-2.04 (34.6x dari median) | PREV_APPROVAL_RATE=-1.68 (31.1x dari median) | CREDIT_TERM_MONTHS=1.97 (27.2x dari median) | YEARS_EMPLOYED=4.64 (14.7x dari median) | AMT_CREDIT=1.43 (8.9x dari median),Keadaan ekstrem secara statistik namun masih masuk secara logika riil (Tail-end customer).,"Berpeluang cross-selling khusus untuk Very High Net Worth Individual, bila bukan risiko gagal bayar."
25686.0,cluster_2,Tipe B - Rare but Valid,REGION_RATING_CLIENT_W_CITY=1.92 (34.6x dari median) | POS_MONTHS_COUNT=0.93 (23.7x dari median) | AMT_INCOME_TOTAL=2.26 (19.7x dari median) | YEARS_EMPLOYED=3.21 (16.1x dari median) | BUREAU_COUNT=2.46 (14.7x dari median),Keadaan ekstrem secara statistik namun masih masuk secara logika riil (Tail-end customer).,"Berpeluang cross-selling khusus untuk Very High Net Worth Individual, bila bukan risiko gagal bayar."
25691.0,cluster_3,Tipe A - Data Error,INST_SEVERE_LATE_RATIO=8.33 (50.5x dari median) | REGION_RATING_CLIENT_W_CITY=-2.04 (34.6x dari median) | EXT_SOURCE_3=-2.26 (21.3x dari median) | BUREAU_ACTIVE_RATIO=2.03 (13.4x dari median) | BUREAU_DAYS_CREDIT_MEAN=1.19 (9.6x dari median),"Deviasi fitur lebih dari 50x median klaster, kemungkinan kesalahan input sistem.",Tim data engineering perlu memperbaiki flow pipeline ingestion untuk capping nilai ekstrem.
25868.0,cluster_2,Tipe B - Rare but Valid,CREDIT_TERM_MONTHS=1.68 (32.8x dari median) | POS_MONTHS_COUNT=1.17 (30.2x dari median) | INST_DPD_MAX=2.29 (23.0x dari median) | AMT_REQ_CREDIT_BUREAU_YEAR=1.85 (13.9x dari median) | PREV_COUNT=3.37 (9.9x dari median),Keadaan ekstrem secara statistik namun masih masuk secara logika riil (Tail-end customer).,"Berpeluang cross-selling khusus untuk Very High Net Worth Individual, bila bukan risiko gagal bayar."
26028.0,cluster_4,Tipe A - Data Error,EXT_SOURCE_1=1.95 (144.0x dari median) | POS_SK_DPD_MEAN=13.87 (69.6x dari median) | BUREAU_ACTIVE_RATIO=2.03 (35.5x dari median) | AMT_ANNUITY=1.89 (21.6x dari median) | PREV_APPROVAL_RATE=-0.69 (12.1x dari median),"Deviasi fitur lebih dari 50x median klaster, kemungkinan kesalahan input sistem.",Tim data engineering perlu memperbaiki flow pipeline ingestion untuk capping nilai ekstrem.
26043.0,cluster_4,Tipe A - Data Error,EXT_SOURCE_1=1.70 (125.1x dari median) | REGION_RATING_CLIENT_W_CITY=-2.04 (34.6x dari median) | CREDIT_TERM_MONTHS=1.69 (23.5x dari median) | PREV_APPROVAL_RATE=0.96 (19.4x dari median) | BUREAU_ACTIVE_RATIO=-1.11 (17.7x dari median),"Deviasi fitur lebih dari 50x median klaster, kemungkinan kesalahan input sistem.",Tim data engineering perlu memperbaiki flow pipeline ingestion untuk capping nilai ekstrem.
26650.0,cluster_4,Tipe B - Rare but Valid,ANNUITY_TO_INCOME=1.45 (16.9x dari median) | EXT_SOURCE_3=-1.44 (14.0x dari median) | PREV_APPROVAL_RATE=-0.69 (12.1x dari median) | CNT_CHILDREN=4.99 (9.7x dari median) | YEARS_BIRTH=1.05 (7.3x dari median),Keadaan ekstrem secara statistik namun masih masuk secara logika riil (Tail-end customer).,"Berpeluang cross-selling khusus untuk Very High Net Worth Individual, bila bukan risiko gagal bayar."
26702.0,cluster_0,Tipe A - Data Error,EXT_SOURCE_3=-1.85 (865.6x dari median) | BUREAU_ACTIVE_RATIO=2.03 (35.5x dari median) | EXT_SOURCE_1=-0.40 (30.8x dari median) | PREV_REFUSED_COUNT=2.33 (21.7x dari median) | BUREAU_DEBT_TO_CREDIT_RATIO=1.34 (20.1x dari median),"Deviasi fitur lebih dari 50x median klaster, kemungkinan kesalahan input sistem.",Tim data engineering perlu memperbaiki flow pipeline ingestion untuk capping nilai ekstrem.
27012.0,cluster_4,Tipe A - Data Error,CC_SK_DPD_MEAN=11.44 (230.9x dari median) | REGION_RATING_CLIENT_W_CITY=1.92 (34.6x dari median) | PREV_APPROVAL_RATE=0.49 (10.4x dari median) | EXT_SOURCE_3=1.26 (10.3x dari median) | YEARS_BIRTH=1.26 (8.9x dari median),"Deviasi fitur lebih dari 50x median klaster, kemungkinan kesalahan input sistem.",Tim data engineering perlu memperbaiki flow pipeline ingestion untuk capping nilai ekstrem.
27075.0,cluster_0,Tipe B - Rare but Valid,EXT_SOURCE_3=0.09 (43.4x dari median) | CREDIT_TERM_MONTHS=2.17 (42.5x dari median) | EXT_SOURCE_1=0.36 (25.9x dari median) | POS_MONTHS_COUNT=5.65 (16.7x dari median) | PREV_REFUSED_COUNT=1.77 (16.3x dari median),Keadaan ekstrem secara statistik namun masih masuk secara logika riil (Tail-end customer).,"Berpeluang cross-selling khusus untuk Very High Net Worth Individual, bila bukan risiko gagal bayar."
27207.0,cluster_4,Tipe A - Data Error,EXT_SOURCE_1=-3.04 (226.7x dari median) | CREDIT_TERM_MONTHS=-1.56 (19.7x dari median) | PREV_APPROVAL_RATE=0.96 (19.4x dari median) | BUREAU_ACTIVE_RATIO=-1.11 (17.7x dari median) | AMT_CREDIT=-1.73 (13.0x dari median),"Deviasi fitur lebih dari 50x median klaster, kemungkinan kesalahan input sistem.",Tim data engineering perlu memperbaiki flow pipeline ingestion untuk capping nilai ekstrem.
27913.0,cluster_4,Tipe A - Data Error,CC_SK_DPD_MEAN=5.99 (121.2x dari median) | EXT_SOURCE_1=-0.75 (56.6x dari median) | BUREAU_COUNT=3.56 (20.8x dari median) | PREV_APPROVAL_RATE=0.96 (19.4x dari median) | CREDIT_TERM_MONTHS=0.69 (10.1x dari median),"Deviasi fitur lebih dari 50x median klaster, kemungkinan kesalahan input sistem.",Tim data engineering perlu memperbaiki flow pipeline ingestion untuk capping nilai ekstrem.
27942.0,cluster_3,Tipe B - Rare but Valid,YEARS_EMPLOYED=4.70 (16.0x dari median) | EXT_SOURCE_3=1.42 (11.8x dari median) | YEARS_BIRTH=1.23 (10.8x dari median) | BUREAU_DAYS_CREDIT_MEAN=-1.03 (10.1x dari median) | AMT_INCOME_TOTAL=0.39 (3.7x dari median),Keadaan ekstrem secara statistik namun masih masuk secara logika riil (Tail-end customer).,"Berpeluang cross-selling khusus untuk Very High Net Worth Individual, bila bukan risiko gagal bayar."
27991.0,cluster_2,Tipe B - Rare but Valid,YEARS_BIRTH=1.53 (49.9x dari median) | REGION_RATING_CLIENT_W_CITY=-2.04 (34.6x dari median) | CREDIT_TERM_MONTHS=1.76 (34.4x dari median) | PREV_REFUSED_COUNT=7.35 (17.2x dari median) | PREV_APPROVAL_RATE=-1.99 (13.5x dari median),Keadaan ekstrem secara statistik namun masih masuk secara logika riil (Tail-end customer).,"Berpeluang cross-selling khusus untuk Very High Net Worth Individual, bila bukan risiko gagal bayar."
28231.0,cluster_1,Tipe B - Rare but Valid,REGION_RATING_CLIENT_W_CITY=1.92 (34.6x dari median) | EXT_SOURCE_2=-1.96 (20.0x dari median) | INST_SEVERE_LATE_RATIO=2.73 (17.2x dari median) | BUREAU_DAYS_CREDIT_MEAN=-1.43 (11.1x dari median) | EXT_SOURCE_3=-1.04 (10.3x dari median),Keadaan ekstrem secara statistik namun masih masuk secara logika riil (Tail-end customer).,"Berpeluang cross-selling khusus untuk Very High Net Worth Individual, bila bukan risiko gagal bayar."
28637.0,cluster_3,Tipe B - Rare but Valid,INST_SEVERE_LATE_RATIO=4.74 (29.1x dari median) | BUREAU_DAYS_CREDIT_MEAN=1.45 (11.9x dari median) | YEARS_BIRTH=-0.96 (6.7x dari median) | BUREAU_ACTIVE_RATIO=-1.11 (5.8x dari median) | INST_LATE_RATIO=2.78 (5.4x dari median),Keadaan ekstrem secara statistik namun masih masuk secara logika riil (Tail-end customer).,"Berpeluang cross-selling khusus untuk Very High Net Worth Individual, bila bukan risiko gagal bayar."
28658.0,cluster_2,Tipe A - Data Error,EXT_SOURCE_1=-2.12 (158.5x dari median) | YEARS_BIRTH=-1.37 (42.8x dari median) | CREDIT_TERM_MONTHS=1.67 (32.8x dari median) | BUREAU_DAYS_CREDIT_MEAN=1.45 (20.8x dari median) | BUREAU_ACTIVE_RATIO=-1.11 (17.7x dari median),"Deviasi fitur lebih dari 50x median klaster, kemungkinan kesalahan input sistem.",Tim data engineering perlu memperbaiki flow pipeline ingestion untuk capping nilai ekstrem.
28736.0,cluster_0,Tipe A - Data Error,EXT_SOURCE_3=-0.91 (423.6x dari median) | PREV_REFUSED_COUNT=4.00 (38.0x dari median) | CREDIT_TERM_MONTHS=-1.62 (29.9x dari median) | INST_LATE_RATIO=3.26 (11.9x dari median) | BUREAU_ACTIVE_RATIO=-0.58 (8.9x dari median),"Deviasi fitur lebih dari 50x median klaster, kemungkinan kesalahan input sistem.",Tim data engineering perlu memperbaiki flow pipeline ingestion untuk capping nilai ekstrem.
28967.0,cluster_0,Tipe A - Data Error,EXT_SOURCE_3=-0.88 (410.3x dari median) | PREV_REFUSED_COUNT=4.56 (43.5x dari median) | CREDIT_TERM_MONTHS=1.70 (33.4x dari median) | EXT_SOURCE_1=0.22 (15.5x dari median) | YEARS_EMPLOYED=1.92 (14.2x dari median),"Deviasi fitur lebih dari 50x median klaster, kemungkinan kesalahan input sistem.",Tim data engineering perlu memperbaiki flow pipeline ingestion untuk capping nilai ekstrem.
29806.0,cluster_3,Tipe A - Data Error,BUREAU_BB_SEVERE_DPD_MEAN=23.41 (458.2x dari median) | BUREAU_BB_DPD_RATIO_MEAN=10.99 (57.5x dari median) | INST_LATE_RATIO=4.29 (7.8x dari median) | EXT_SOURCE_3=-0.62 (6.5x dari median) | YEARS_BIRTH=-0.81 (5.4x dari median),"Deviasi fitur lebih dari 50x median klaster, kemungkinan kesalahan input sistem.",Tim data engineering perlu memperbaiki flow pipeline ingestion untuk capping nilai ekstrem.
29823.0,cluster_0,Tipe A - Data Error,EXT_SOURCE_3=-2.07 (964.5x dari median) | EXT_SOURCE_1=1.43 (105.0x dari median) | CREDIT_TERM_MONTHS=-1.07 (19.5x dari median) | OWN_CAR_AGE=6.79 (15.9x dari median) | BUREAU_DEBT_TO_CREDIT_RATIO=0.85 (13.2x dari median),"Deviasi fitur lebih dari 50x median klaster, kemungkinan kesalahan input sistem.",Tim data engineering perlu memperbaiki flow pipeline ingestion untuk capping nilai ekstrem.
29874.0,cluster_4,Tipe A - Data Error,EXT_SOURCE_1=2.05 (151.3x dari median) | REGION_RATING_CLIENT_W_CITY=1.92 (34.6x dari median) | PREV_APPROVAL_RATE=0.96 (19.4x dari median) | BUREAU_ACTIVE_RATIO=-1.11 (17.7x dari median) | AMT_ANNUITY=-1.20 (15.4x dari median),"Deviasi fitur lebih dari 50x median klaster, kemungkinan kesalahan input sistem.",Tim data engineering perlu memperbaiki flow pipeline ingestion untuk capping nilai ekstrem.
30471.0,cluster_0,Tipe A - Data Error,EXT_SOURCE_3=-0.86 (401.3x dari median) | BUREAU_BB_SEVERE_DPD_MEAN=12.60 (247.0x dari median) | EXT_SOURCE_1=-2.19 (163.5x dari median) | BUREAU_BB_DPD_RATIO_MEAN=7.64 (40.3x dari median) | BUREAU_ACTIVE_RATIO=-1.11 (17.7x dari median),"Deviasi fitur lebih dari 50x median klaster, kemungkinan kesalahan input sistem.",Tim data engineering perlu memperbaiki flow pipeline ingestion untuk capping nilai ekstrem.
30609.0,cluster_0,Tipe A - Data Error,EXT_SOURCE_3=-1.13 (527.1x dari median) | PREV_REFUSED_COUNT=6.23 (59.8x dari median) | YEARS_EMPLOYED=3.97 (28.4x dari median) | OWN_CAR_AGE=6.68 (15.7x dari median) | BUREAU_DEBT_TO_CREDIT_RATIO=1.01 (15.4x dari median),"Deviasi fitur lebih dari 50x median klaster, kemungkinan kesalahan input sistem.",Tim data engineering perlu memperbaiki flow pipeline ingestion untuk capping nilai ekstrem.
30645.0,cluster_0,Tipe A - Data Error,EXT_SOURCE_3=0.11 (53.0x dari median) | YEARS_EMPLOYED=4.31 (30.7x dari median) | BUREAU_ACTIVE_RATIO=-1.11 (17.7x dari median) | PREV_REFUSED_COUNT=1.77 (16.3x dari median) | POS_MONTHS_COUNT=4.76 (13.9x dari median),"Deviasi fitur lebih dari 50x median klaster, kemungkinan kesalahan input sistem.",Tim data engineering perlu memperbaiki flow pipeline ingestion untuk capping nilai ekstrem.
31512.0,cluster_1,Tipe A - Data Error,BUREAU_BB_SEVERE_DPD_MEAN=4.74 (93.5x dari median) | EXT_SOURCE_1=-0.94 (70.6x dari median) | BUREAU_BB_DPD_RATIO_MEAN=2.09 (11.7x dari median) | EXT_SOURCE_3=-0.60 (6.4x dari median) | BUREAU_COUNT=2.02 (6.1x dari median),"Deviasi fitur lebih dari 50x median klaster, kemungkinan kesalahan input sistem.",Tim data engineering perlu memperbaiki flow pipeline ingestion untuk capping nilai ekstrem.
32058.0,cluster_2,Tipe A - Data Error,EXT_SOURCE_1=-1.98 (147.7x dari median) | YEARS_BIRTH=-1.63 (51.1x dari median) | BUREAU_ACTIVE_RATIO=2.03 (35.5x dari median) | CREDIT_TERM_MONTHS=-1.51 (27.7x dari median) | AMT_REQ_CREDIT_BUREAU_YEAR=3.00 (23.2x dari median),"Deviasi fitur lebih dari 50x median klaster, kemungkinan kesalahan input sistem.",Tim data engineering perlu memperbaiki flow pipeline ingestion untuk capping nilai ekstrem.
32234.0,cluster_2,Tipe B - Rare but Valid,INST_SEVERE_LATE_RATIO=3.30 (20.6x dari median) | POS_MONTHS_COUNT=-0.69 (19.4x dari median) | AMT_INCOME_TOTAL=1.40 (11.9x dari median) | CREDIT_TERM_MONTHS=0.53 (11.1x dari median) | YEARS_BIRTH=0.24 (8.7x dari median),Keadaan ekstrem secara statistik namun masih masuk secara logika riil (Tail-end customer).,"Berpeluang cross-selling khusus untuk Very High Net Worth Individual, bila bukan risiko gagal bayar."
32246.0,cluster_1,Tipe B - Rare but Valid,INST_DPD_MAX=5.83 (37.3x dari median) | INST_DPD_MEAN=1.80 (16.9x dari median) | INST_SEVERE_LATE_RATIO=1.43 (9.5x dari median) | BUREAU_DAYS_CREDIT_MEAN=1.45 (9.3x dari median) | EXT_SOURCE_2=0.74 (6.2x dari median),Keadaan ekstrem secara statistik namun masih masuk secara logika riil (Tail-end customer).,"Berpeluang cross-selling khusus untuk Very High Net Worth Individual, bila bukan risiko gagal bayar."
32249.0,cluster_1,Tipe A - Data Error,EXT_SOURCE_1=-1.06 (79.4x dari median) | REGION_RATING_CLIENT_W_CITY=1.92 (34.6x dari median) | INST_SEVERE_LATE_RATIO=4.08 (25.3x dari median) | INST_DPD_MEAN=1.98 (18.4x dari median) | INST_DPD_MAX=1.83 (12.4x dari median),"Deviasi fitur lebih dari 50x median klaster, kemungkinan kesalahan input sistem.",Tim data engineering perlu memperbaiki flow pipeline ingestion untuk capping nilai ekstrem.
32561.0,cluster_0,Tipe A - Data Error,EXT_SOURCE_3=0.25 (120.1x dari median) | EXT_SOURCE_1=0.65 (46.9x dari median) | INST_DPD_MAX=1.78 (13.5x dari median) | CREDIT_TERM_MONTHS=-0.69 (12.3x dari median) | PREV_REFUSED_COUNT=1.22 (10.9x dari median),"Deviasi fitur lebih dari 50x median klaster, kemungkinan kesalahan input sistem.",Tim data engineering perlu memperbaiki flow pipeline ingestion untuk capping nilai ekstrem.
32810.0,cluster_2,Tipe A - Data Error,BUREAU_BB_SEVERE_DPD_MEAN=7.33 (144.2x dari median) | POS_MONTHS_COUNT=2.54 (66.9x dari median) | BUREAU_BB_DPD_RATIO_MEAN=8.31 (43.7x dari median) | YEARS_BIRTH=-1.16 (36.2x dari median) | PREV_REFUSED_COUNT=12.92 (29.4x dari median),"Deviasi fitur lebih dari 50x median klaster, kemungkinan kesalahan input sistem.",Tim data engineering perlu memperbaiki flow pipeline ingestion untuk capping nilai ekstrem.
32998.0,cluster_3,Tipe B - Rare but Valid,BUREAU_BB_DPD_RATIO_MEAN=7.55 (39.8x dari median) | INST_SEVERE_LATE_RATIO=2.19 (14.0x dari median) | INST_DPD_MEAN=0.78 (7.9x dari median) | INST_LATE_RATIO=3.97 (7.3x dari median) | YEARS_BIRTH=-0.70 (4.6x dari median),Keadaan ekstrem secara statistik namun masih masuk secara logika riil (Tail-end customer).,"Berpeluang cross-selling khusus untuk Very High Net Worth Individual, bila bukan risiko gagal bayar."
33028.0,cluster_2,Tipe A - Data Error,EXT_SOURCE_1=-2.12 (158.5x dari median) | POS_MONTHS_COUNT=5.24 (139.2x dari median) | YEARS_BIRTH=-1.16 (36.0x dari median) | REGION_RATING_CLIENT_W_CITY=-2.04 (34.6x dari median) | BUREAU_DAYS_CREDIT_MEAN=1.45 (20.8x dari median),"Deviasi fitur lebih dari 50x median klaster, kemungkinan kesalahan input sistem.",Tim data engineering perlu memperbaiki flow pipeline ingestion untuk capping nilai ekstrem.
33776.0,cluster_2,Tipe A - Data Error,EXT_SOURCE_1=-1.55 (115.8x dari median) | CC_SK_DPD_MEAN=4.25 (86.4x dari median) | INST_DPD_MAX=7.12 (69.4x dari median) | POS_MONTHS_COUNT=1.29 (33.5x dari median) | YEARS_BIRTH=-1.06 (32.8x dari median),"Deviasi fitur lebih dari 50x median klaster, kemungkinan kesalahan input sistem.",Tim data engineering perlu memperbaiki flow pipeline ingestion untuk capping nilai ekstrem.
34246.0,cluster_4,Tipe A - Data Error,BUREAU_BB_SEVERE_DPD_MEAN=8.97 (176.2x dari median) | POS_SK_DPD_MEAN=22.71 (114.6x dari median) | BUREAU_BB_DPD_RATIO_MEAN=8.78 (46.2x dari median) | PREV_APPROVAL_RATE=-2.34 (43.7x dari median) | ANNUITY_TO_INCOME=1.64 (18.9x dari median),"Deviasi fitur lebih dari 50x median klaster, kemungkinan kesalahan input sistem.",Tim data engineering perlu memperbaiki flow pipeline ingestion untuk capping nilai ekstrem.
34306.0,cluster_1,Tipe A - Data Error,EXT_SOURCE_1=1.54 (113.2x dari median) | EXT_SOURCE_2=1.04 (9.1x dari median) | CC_MONTHS_COUNT=3.45 (8.9x dari median) | YEARS_BIRTH=1.10 (6.9x dari median) | INST_LATE_RATIO=2.62 (5.2x dari median),"Deviasi fitur lebih dari 50x median klaster, kemungkinan kesalahan input sistem.",Tim data engineering perlu memperbaiki flow pipeline ingestion untuk capping nilai ekstrem.
34615.0,cluster_0,Tipe A - Data Error,EXT_SOURCE_3=-2.94 (1375.3x dari median) | BUREAU_BB_SEVERE_DPD_MEAN=3.35 (66.4x dari median) | BUREAU_BB_DPD_RATIO_MEAN=2.49 (13.8x dari median) | BUREAU_ACTIVE_RATIO=0.61 (11.3x dari median) | CREDIT_TERM_MONTHS=-0.57 (9.9x dari median),"Deviasi fitur lebih dari 50x median klaster, kemungkinan kesalahan input sistem.",Tim data engineering perlu memperbaiki flow pipeline ingestion untuk capping nilai ekstrem.
34633.0,cluster_2,Tipe A - Data Error,POS_MONTHS_COUNT=2.98 (78.8x dari median) | EXT_SOURCE_1=0.97 (70.7x dari median) | BUREAU_ACTIVE_RATIO=2.03 (35.5x dari median) | REGION_RATING_CLIENT_W_CITY=-2.04 (34.6x dari median) | CREDIT_TERM_MONTHS=1.68 (32.9x dari median),"Deviasi fitur lebih dari 50x median klaster, kemungkinan kesalahan input sistem.",Tim data engineering perlu memperbaiki flow pipeline ingestion untuk capping nilai ekstrem.
34878.0,cluster_2,Tipe A - Data Error,POS_MONTHS_COUNT=2.42 (63.7x dari median) | INST_DPD_MAX=3.55 (35.2x dari median) | BUREAU_BB_SEVERE_DPD_MEAN=1.19 (24.2x dari median) | BUREAU_BB_DPD_RATIO_MEAN=3.11 (17.0x dari median) | AMT_INCOME_TOTAL=1.56 (13.3x dari median),"Deviasi fitur lebih dari 50x median klaster, kemungkinan kesalahan input sistem.",Tim data engineering perlu memperbaiki flow pipeline ingestion untuk capping nilai ekstrem.
35065.0,cluster_1,Tipe B - Rare but Valid,REGION_RATING_CLIENT_W_CITY=1.92 (34.6x dari median) | INST_SEVERE_LATE_RATIO=4.74 (29.1x dari median) | INST_DPD_MEAN=1.10 (10.7x dari median) | EXT_SOURCE_2=-0.74 (8.2x dari median) | BUREAU_ACTIVE_RATIO=1.25 (7.0x dari median),Keadaan ekstrem secara statistik namun masih masuk secara logika riil (Tail-end customer).,"Berpeluang cross-selling khusus untuk Very High Net Worth Individual, bila bukan risiko gagal bayar."
35651.0,cluster_2,Tipe A - Data Error,EXT_SOURCE_1=-1.03 (77.7x dari median) | REGION_RATING_CLIENT_W_CITY=-2.04 (34.6x dari median) | YEARS_BIRTH=-0.88 (27.0x dari median) | BUREAU_DAYS_CREDIT_MEAN=1.45 (20.8x dari median) | BUREAU_ACTIVE_RATIO=-1.11 (17.7x dari median),"Deviasi fitur lebih dari 50x median klaster, kemungkinan kesalahan input sistem.",Tim data engineering perlu memperbaiki flow pipeline ingestion untuk capping nilai ekstrem.
35862.0,cluster_2,Tipe A - Data Error,POS_MONTHS_COUNT=3.27 (86.4x dari median) | EXT_SOURCE_1=0.80 (58.5x dari median) | BUREAU_DEBT_TO_CREDIT_RATIO=1.07 (14.1x dari median) | BUREAU_ACTIVE_RATIO=0.64 (11.8x dari median) | EXT_SOURCE_3=-1.15 (11.3x dari median),"Deviasi fitur lebih dari 50x median klaster, kemungkinan kesalahan input sistem.",Tim data engineering perlu memperbaiki flow pipeline ingestion untuk capping nilai ekstrem.
35877.0,cluster_1,Tipe B - Rare but Valid,INST_DPD_MEAN=2.60 (23.9x dari median) | INST_SEVERE_LATE_RATIO=3.58 (22.3x dari median) | INST_DPD_MAX=3.33 (21.7x dari median) | POS_SK_DPD_MEAN=1.34 (20.1x dari median) | EXT_SOURCE_2=-1.23 (13.0x dari median),Keadaan ekstrem secara statistik namun masih masuk secara logika riil (Tail-end customer).,"Berpeluang cross-selling khusus untuk Very High Net Worth Individual, bila bukan risiko gagal bayar."
35908.0,cluster_2,Tipe A - Data Error,EXT_SOURCE_1=1.00 (73.5x dari median) | YEARS_BIRTH=1.24 (40.7x dari median) | POS_MONTHS_COUNT=-0.77 (21.6x dari median) | BUREAU_DAYS_CREDIT_MEAN=1.45 (20.8x dari median) | BUREAU_ACTIVE_RATIO=-1.11 (17.7x dari median),"Deviasi fitur lebih dari 50x median klaster, kemungkinan kesalahan input sistem.",Tim data engineering perlu memperbaiki flow pipeline ingestion untuk capping nilai ekstrem.
36657.0,cluster_2,Tipe A - Data Error,EXT_SOURCE_1=2.01 (148.3x dari median) | BUREAU_DAYS_CREDIT_MEAN=-1.64 (21.3x dari median) | POS_MONTHS_COUNT=-0.73 (20.5x dari median) | BUREAU_COUNT=3.34 (19.6x dari median) | YEARS_BIRTH=-0.41 (12.0x dari median),"Deviasi fitur lebih dari 50x median klaster, kemungkinan kesalahan input sistem.",Tim data engineering perlu memperbaiki flow pipeline ingestion untuk capping nilai ekstrem.
37284.0,cluster_2,Tipe B - Rare but Valid,REGION_RATING_CLIENT_W_CITY=1.92 (34.6x dari median) | YEARS_BIRTH=-0.54 (16.2x dari median) | EXT_SOURCE_3=-1.55 (14.9x dari median) | AMT_INCOME_TOTAL=-1.06 (10.7x dari median) | BUREAU_DAYS_CREDIT_MEAN=-0.86 (10.7x dari median),Keadaan ekstrem secara statistik namun masih masuk secara logika riil (Tail-end customer).,"Berpeluang cross-selling khusus untuk Very High Net Worth Individual, bila bukan risiko gagal bayar."
37528.0,cluster_2,Tipe A - Data Error,POS_MONTHS_COUNT=3.14 (83.1x dari median) | EXT_SOURCE_1=0.54 (39.1x dari median) | CREDIT_TERM_MONTHS=1.66 (32.6x dari median) | AMT_REQ_CREDIT_BUREAU_YEAR=1.85 (13.9x dari median) | EXT_SOURCE_3=-1.17 (11.5x dari median),"Deviasi fitur lebih dari 50x median klaster, kemungkinan kesalahan input sistem.",Tim data engineering perlu memperbaiki flow pipeline ingestion untuk capping nilai ekstrem.
37906.0,cluster_4,Tipe A - Data Error,CC_SK_DPD_MEAN=14.11 (284.3x dari median) | EXT_SOURCE_1=1.25 (91.7x dari median) | CREDIT_TERM_MONTHS=1.67 (23.1x dari median) | BUREAU_ACTIVE_RATIO=0.69 (12.7x dari median) | CREDIT_TO_INCOME=1.32 (9.4x dari median),"Deviasi fitur lebih dari 50x median klaster, kemungkinan kesalahan input sistem.",Tim data engineering perlu memperbaiki flow pipeline ingestion untuk capping nilai ekstrem.
38098.0,cluster_1,Tipe A - Data Error,EXT_SOURCE_1=1.91 (140.7x dari median) | REGION_RATING_CLIENT_W_CITY=1.92 (34.6x dari median) | EXT_SOURCE_3=-1.56 (15.0x dari median) | INST_SEVERE_LATE_RATIO=1.31 (8.8x dari median) | INST_DPD_MEAN=0.79 (7.9x dari median),"Deviasi fitur lebih dari 50x median klaster, kemungkinan kesalahan input sistem.",Tim data engineering perlu memperbaiki flow pipeline ingestion untuk capping nilai ekstrem.
38385.0,cluster_4,Tipe B - Rare but Valid,BUREAU_ACTIVE_RATIO=-1.11 (17.7x dari median) | AMT_ANNUITY=1.41 (15.8x dari median) | EXT_SOURCE_3=1.60 (13.3x dari median) | YEARS_EMPLOYED=4.00 (12.8x dari median) | POS_SK_DPD_MEAN=2.52 (11.8x dari median),Keadaan ekstrem secara statistik namun masih masuk secara logika riil (Tail-end customer).,"Berpeluang cross-selling khusus untuk Very High Net Worth Individual, bila bukan risiko gagal bayar."
38388.0,cluster_2,Tipe B - Rare but Valid,INST_DPD_MAX=4.97 (48.8x dari median) | POS_MONTHS_COUNT=1.73 (45.3x dari median) | YEARS_BIRTH=1.09 (35.8x dari median) | BUREAU_DAYS_CREDIT_MEAN=1.45 (20.8x dari median) | BUREAU_ACTIVE_RATIO=-1.11 (17.7x dari median),Keadaan ekstrem secara statistik namun masih masuk secara logika riil (Tail-end customer).,"Berpeluang cross-selling khusus untuk Very High Net Worth Individual, bila bukan risiko gagal bayar."
38621.0,cluster_3,Tipe A - Data Error,EXT_SOURCE_1=1.56 (115.0x dari median) | BUREAU_BB_DPD_RATIO_MEAN=7.18 (37.9x dari median) | REGION_RATING_CLIENT_W_CITY=-2.04 (34.6x dari median) | EXT_SOURCE_3=-0.75 (7.8x dari median) | CNT_CHILDREN=3.60 (7.2x dari median),"Deviasi fitur lebih dari 50x median klaster, kemungkinan kesalahan input sistem.",Tim data engineering perlu memperbaiki flow pipeline ingestion untuk capping nilai ekstrem.
38750.0,cluster_3,Tipe B - Rare but Valid,INST_SEVERE_LATE_RATIO=4.39 (27.1x dari median) | EXT_SOURCE_3=-2.32 (21.8x dari median) | YEARS_BIRTH=-1.35 (9.8x dari median) | AMT_INCOME_TOTAL=1.24 (9.5x dari median) | CREDIT_TERM_MONTHS=1.97 (4.9x dari median),Keadaan ekstrem secara statistik namun masih masuk secara logika riil (Tail-end customer).,"Berpeluang cross-selling khusus untuk Very High Net Worth Individual, bila bukan risiko gagal bayar."
38873.0,cluster_2,Tipe A - Data Error,EXT_SOURCE_1=-0.80 (60.7x dari median) | POS_MONTHS_COUNT=1.33 (34.5x dari median) | YEARS_EMPLOYED=2.40 (12.3x dari median) | YEARS_BIRTH=-0.32 (9.1x dari median) | PREV_APPROVAL_RATE=0.96 (8.0x dari median),"Deviasi fitur lebih dari 50x median klaster, kemungkinan kesalahan input sistem.",Tim data engineering perlu memperbaiki flow pipeline ingestion untuk capping nilai ekstrem.
39028.0,cluster_1,Tipe A - Data Error,EXT_SOURCE_1=-0.84 (63.4x dari median) | REGION_RATING_CLIENT_W_CITY=1.92 (34.6x dari median) | BUREAU_DAYS_CREDIT_MEAN=-1.19 (9.4x dari median) | EXT_SOURCE_2=0.89 (7.7x dari median) | POS_MONTHS_COUNT=2.38 (6.8x dari median),"Deviasi fitur lebih dari 50x median klaster, kemungkinan kesalahan input sistem.",Tim data engineering perlu memperbaiki flow pipeline ingestion untuk capping nilai ekstrem.
39040.0,cluster_4,Tipe A - Data Error,CC_SK_DPD_MEAN=17.50 (352.5x dari median) | BUREAU_ACTIVE_RATIO=2.03 (35.5x dari median) | PREV_APPROVAL_RATE=-1.24 (22.7x dari median) | YEARS_BIRTH=1.48 (10.6x dari median) | ANNUITY_TO_INCOME=0.79 (9.6x dari median),"Deviasi fitur lebih dari 50x median klaster, kemungkinan kesalahan input sistem.",Tim data engineering perlu memperbaiki flow pipeline ingestion untuk capping nilai ekstrem.
39180.0,cluster_4,Tipe A - Data Error,EXT_SOURCE_1=-2.40 (179.3x dari median) | PREV_APPROVAL_RATE=0.96 (19.4x dari median) | BUREAU_ACTIVE_RATIO=-1.11 (17.7x dari median) | CREDIT_TERM_MONTHS=-0.93 (11.4x dari median) | YEARS_BIRTH=-1.22 (10.5x dari median),"Deviasi fitur lebih dari 50x median klaster, kemungkinan kesalahan input sistem.",Tim data engineering perlu memperbaiki flow pipeline ingestion untuk capping nilai ekstrem.
39390.0,cluster_3,Tipe B - Rare but Valid,BUREAU_BB_SEVERE_DPD_MEAN=1.40 (28.3x dari median) | AMT_INCOME_TOTAL=-2.51 (16.4x dari median) | EXT_SOURCE_3=-1.67 (16.0x dari median) | INST_SEVERE_LATE_RATIO=2.19 (14.0x dari median) | EXT_SOURCE_2=-2.64 (11.0x dari median),Keadaan ekstrem secara statistik namun masih masuk secara logika riil (Tail-end customer).,"Berpeluang cross-selling khusus untuk Very High Net Worth Individual, bila bukan risiko gagal bayar."
39490.0,cluster_2,Tipe A - Data Error,POS_MONTHS_COUNT=6.86 (182.4x dari median) | EXT_SOURCE_1=1.48 (108.8x dari median) | YEARS_BIRTH=1.57 (51.2x dari median) | BUREAU_BB_DPD_RATIO_MEAN=3.49 (18.9x dari median) | BUREAU_DEBT_TO_CREDIT_RATIO=1.06 (14.0x dari median),"Deviasi fitur lebih dari 50x median klaster, kemungkinan kesalahan input sistem.",Tim data engineering perlu memperbaiki flow pipeline ingestion untuk capping nilai ekstrem.
39696.0,cluster_1,Tipe B - Rare but Valid,EXT_SOURCE_1=-0.49 (37.5x dari median) | OWN_CAR_AGE=6.79 (15.9x dari median) | INST_SEVERE_LATE_RATIO=2.19 (14.0x dari median) | INST_DPD_MAX=1.50 (10.3x dari median) | INST_DPD_MEAN=1.04 (10.2x dari median),Keadaan ekstrem secara statistik namun masih masuk secara logika riil (Tail-end customer).,"Berpeluang cross-selling khusus untuk Very High Net Worth Individual, bila bukan risiko gagal bayar."
39810.0,cluster_4,Tipe B - Rare but Valid,REGION_RATING_CLIENT_W_CITY=1.92 (34.6x dari median) | EXT_SOURCE_1=0.45 (32.8x dari median) | PREV_APPROVAL_RATE=-1.51 (27.9x dari median) | CREDIT_TERM_MONTHS=0.94 (13.4x dari median) | BUREAU_ACTIVE_RATIO=0.69 (12.7x dari median),Keadaan ekstrem secara statistik namun masih masuk secara logika riil (Tail-end customer).,"Berpeluang cross-selling khusus untuk Very High Net Worth Individual, bila bukan risiko gagal bayar."
40086.0,cluster_4,Tipe B - Rare but Valid,AMT_ANNUITY=-1.86 (23.1x dari median) | PREV_APPROVAL_RATE=0.96 (19.4x dari median) | BUREAU_ACTIVE_RATIO=0.99 (17.7x dari median) | ANNUITY_TO_INCOME=-1.06 (10.6x dari median) | CREDIT_TERM_MONTHS=0.66 (9.7x dari median),Keadaan ekstrem secara statistik namun masih masuk secara logika riil (Tail-end customer).,"Berpeluang cross-selling khusus untuk Very High Net Worth Individual, bila bukan risiko gagal bayar."
40329.0,cluster_2,Tipe B - Rare but Valid,REGION_RATING_CLIENT_W_CITY=1.92 (34.6x dari median) | YEARS_EMPLOYED=3.10 (15.6x dari median) | POS_MONTHS_COUNT=0.48 (11.9x dari median) | EXT_SOURCE_3=1.41 (11.7x dari median) | PREV_APPROVAL_RATE=0.96 (8.0x dari median),Keadaan ekstrem secara statistik namun masih masuk secara logika riil (Tail-end customer).,"Berpeluang cross-selling khusus untuk Very High Net Worth Individual, bila bukan risiko gagal bayar."
40432.0,cluster_4,Tipe B - Rare but Valid,EXT_SOURCE_3=1.34 (11.0x dari median) | CREDIT_TERM_MONTHS=-0.79 (9.5x dari median) | BUREAU_ACTIVE_RATIO=0.46 (8.9x dari median) | PREV_APPROVAL_RATE=-0.50 (8.6x dari median) | POS_SK_DPD_MEAN=1.68 (7.5x dari median),Keadaan ekstrem secara statistik namun masih masuk secara logika riil (Tail-end customer).,"Berpeluang cross-selling khusus untuk Very High Net Worth Individual, bila bukan risiko gagal bayar."
40598.0,cluster_2,Tipe B - Rare but Valid,BUREAU_ACTIVE_RATIO=2.03 (35.5x dari median) | REGION_RATING_CLIENT_W_CITY=1.92 (34.6x dari median) | AMT_REQ_CREDIT_BUREAU_YEAR=3.58 (27.8x dari median) | YEARS_BIRTH=-0.83 (25.5x dari median) | CREDIT_TERM_MONTHS=1.27 (25.0x dari median),Keadaan ekstrem secara statistik namun masih masuk secara logika riil (Tail-end customer).,"Berpeluang cross-selling khusus untuk Very High Net Worth Individual, bila bukan risiko gagal bayar."
40897.0,cluster_2,Tipe B - Rare but Valid,REGION_RATING_CLIENT_W_CITY=1.92 (34.6x dari median) | CREDIT_TERM_MONTHS=-1.09 (19.6x dari median) | YEARS_BIRTH=0.48 (16.5x dari median) | AMT_INCOME_TOTAL=1.84 (15.8x dari median) | AMT_REQ_CREDIT_BUREAU_YEAR=1.85 (13.9x dari median),Keadaan ekstrem secara statistik namun masih masuk secara logika riil (Tail-end customer).,"Berpeluang cross-selling khusus untuk Very High Net Worth Individual, bila bukan risiko gagal bayar."
41035.0,cluster_0,Tipe A - Data Error,EXT_SOURCE_3=-0.81 (378.9x dari median) | PREV_REFUSED_COUNT=7.90 (76.1x dari median) | BUREAU_COUNT=5.76 (21.2x dari median) | CREDIT_TERM_MONTHS=-0.94 (17.0x dari median) | PREV_COUNT=6.19 (10.4x dari median),"Deviasi fitur lebih dari 50x median klaster, kemungkinan kesalahan input sistem.",Tim data engineering perlu memperbaiki flow pipeline ingestion untuk capping nilai ekstrem.
41395.0,cluster_2,Tipe B - Rare but Valid,CREDIT_TERM_MONTHS=1.96 (38.2x dari median) | REGION_RATING_CLIENT_W_CITY=1.92 (34.6x dari median) | BUREAU_DAYS_CREDIT_MEAN=1.45 (20.8x dari median) | BUREAU_ACTIVE_RATIO=-1.11 (17.7x dari median) | POS_MONTHS_COUNT=-0.61 (17.3x dari median),Keadaan ekstrem secara statistik namun masih masuk secara logika riil (Tail-end customer).,"Berpeluang cross-selling khusus untuk Very High Net Worth Individual, bila bukan risiko gagal bayar."
41526.0,cluster_3,Tipe A - Data Error,EXT_SOURCE_1=-1.37 (102.8x dari median) | REGION_RATING_CLIENT_W_CITY=-2.04 (34.6x dari median) | AMT_INCOME_TOTAL=2.31 (16.9x dari median) | BUREAU_ACTIVE_RATIO=2.03 (13.4x dari median) | CC_MONTHS_COUNT=3.45 (8.9x dari median),"Deviasi fitur lebih dari 50x median klaster, kemungkinan kesalahan input sistem.",Tim data engineering perlu memperbaiki flow pipeline ingestion untuk capping nilai ekstrem.
41650.0,cluster_1,Tipe A - Data Error,EXT_SOURCE_1=0.91 (66.5x dari median) | REGION_RATING_CLIENT_W_CITY=1.92 (34.6x dari median) | EXT_SOURCE_2=-2.29 (23.3x dari median) | BUREAU_DAYS_CREDIT_MEAN=-2.81 (20.8x dari median) | AMT_REQ_CREDIT_BUREAU_YEAR=3.58 (8.9x dari median),"Deviasi fitur lebih dari 50x median klaster, kemungkinan kesalahan input sistem.",Tim data engineering perlu memperbaiki flow pipeline ingestion untuk capping nilai ekstrem.
41774.0,cluster_2,Tipe A - Data Error,POS_MONTHS_COUNT=2.58 (68.0x dari median) | YEARS_BIRTH=1.16 (38.2x dari median) | CREDIT_TERM_MONTHS=1.96 (38.1x dari median) | CREDIT_TO_INCOME=5.27 (23.1x dari median) | ANNUITY_TO_INCOME=3.25 (13.1x dari median),"Deviasi fitur lebih dari 50x median klaster, kemungkinan kesalahan input sistem.",Tim data engineering perlu memperbaiki flow pipeline ingestion untuk capping nilai ekstrem.
42085.0,cluster_0,Tipe A - Data Error,EXT_SOURCE_3=-0.55 (254.2x dari median) | YEARS_EMPLOYED=5.35 (37.8x dari median) | REGION_RATING_CLIENT_W_CITY=1.92 (34.6x dari median) | BUREAU_COUNT=3.12 (11.0x dari median) | YEARS_BIRTH=1.27 (7.8x dari median),"Deviasi fitur lebih dari 50x median klaster, kemungkinan kesalahan input sistem.",Tim data engineering perlu memperbaiki flow pipeline ingestion untuk capping nilai ekstrem.
42203.0,cluster_0,Tipe A - Data Error,EXT_SOURCE_3=-1.50 (699.8x dari median) | BUREAU_ACTIVE_RATIO=2.03 (35.5x dari median) | POS_MONTHS_COUNT=6.17 (18.3x dari median) | BUREAU_DEBT_TO_CREDIT_RATIO=1.07 (16.3x dari median) | OWN_CAR_AGE=6.68 (15.7x dari median),"Deviasi fitur lebih dari 50x median klaster, kemungkinan kesalahan input sistem.",Tim data engineering perlu memperbaiki flow pipeline ingestion untuk capping nilai ekstrem.
42557.0,cluster_0,Tipe A - Data Error,EXT_SOURCE_3=-0.70 (324.1x dari median) | EXT_SOURCE_1=1.96 (144.4x dari median) | PREV_REFUSED_COUNT=6.23 (59.8x dari median) | REGION_RATING_CLIENT_W_CITY=1.92 (34.6x dari median) | BUREAU_DEBT_TO_CREDIT_RATIO=1.36 (20.4x dari median),"Deviasi fitur lebih dari 50x median klaster, kemungkinan kesalahan input sistem.",Tim data engineering perlu memperbaiki flow pipeline ingestion untuk capping nilai ekstrem.
42623.0,cluster_2,Tipe A - Data Error,POS_MONTHS_COUNT=2.86 (75.6x dari median) | YEARS_BIRTH=1.33 (43.6x dari median) | REGION_RATING_CLIENT_W_CITY=1.92 (34.6x dari median) | BUREAU_COUNT=5.98 (34.2x dari median) | CREDIT_TERM_MONTHS=1.68 (32.8x dari median),"Deviasi fitur lebih dari 50x median klaster, kemungkinan kesalahan input sistem.",Tim data engineering perlu memperbaiki flow pipeline ingestion untuk capping nilai ekstrem.
42950.0,cluster_4,Tipe A - Data Error,CC_SK_DPD_MEAN=25.28 (508.7x dari median) | EXT_SOURCE_1=-0.22 (17.4x dari median) | EXT_SOURCE_3=-1.74 (16.6x dari median) | PREV_APPROVAL_RATE=-0.69 (12.1x dari median) | AMT_ANNUITY=-0.72 (9.6x dari median),"Deviasi fitur lebih dari 50x median klaster, kemungkinan kesalahan input sistem.",Tim data engineering perlu memperbaiki flow pipeline ingestion untuk capping nilai ekstrem.
43025.0,cluster_2,Tipe A - Data Error,POS_MONTHS_COUNT=2.42 (63.7x dari median) | ANNUITY_TO_INCOME=5.79 (22.5x dari median) | CREDIT_TO_INCOME=5.05 (22.2x dari median) | AMT_REQ_CREDIT_BUREAU_YEAR=1.85 (13.9x dari median) | AMT_INCOME_TOTAL=-1.40 (13.8x dari median),"Deviasi fitur lebih dari 50x median klaster, kemungkinan kesalahan input sistem.",Tim data engineering perlu memperbaiki flow pipeline ingestion untuk capping nilai ekstrem.
43112.0,cluster_4,Tipe B - Rare but Valid,PREV_APPROVAL_RATE=-1.51 (27.9x dari median) | BUREAU_COUNT=3.34 (19.6x dari median) | EXT_SOURCE_3=1.69 (14.2x dari median) | BUREAU_DAYS_CREDIT_MEAN=-1.13 (6.4x dari median) | YEARS_BIRTH=-0.65 (6.1x dari median),Keadaan ekstrem secara statistik namun masih masuk secara logika riil (Tail-end customer).,"Berpeluang cross-selling khusus untuk Very High Net Worth Individual, bila bukan risiko gagal bayar."
43707.0,cluster_1,Tipe B - Rare but Valid,EXT_SOURCE_3=-2.26 (21.3x dari median) | BUREAU_DAYS_CREDIT_MEAN=-1.37 (10.7x dari median) | EXT_SOURCE_2=1.02 (8.9x dari median) | YEARS_BIRTH=1.16 (7.2x dari median) | INST_LATE_RATIO=3.80 (7.1x dari median),Keadaan ekstrem secara statistik namun masih masuk secara logika riil (Tail-end customer).,"Berpeluang cross-selling khusus untuk Very High Net Worth Individual, bila bukan risiko gagal bayar."
43949.0,cluster_2,Tipe A - Data Error,EXT_SOURCE_1=1.75 (129.2x dari median) | YEARS_BIRTH=0.88 (29.1x dari median) | EXT_SOURCE_3=-2.02 (19.2x dari median) | YEARS_EMPLOYED=3.65 (18.2x dari median) | AMT_REQ_CREDIT_BUREAU_YEAR=1.85 (13.9x dari median),"Deviasi fitur lebih dari 50x median klaster, kemungkinan kesalahan input sistem.",Tim data engineering perlu memperbaiki flow pipeline ingestion untuk capping nilai ekstrem.
44083.0,cluster_1,Tipe B - Rare but Valid,REGION_RATING_CLIENT_W_CITY=1.92 (34.6x dari median) | INST_DPD_MAX=5.01 (32.2x dari median) | INST_DPD_MEAN=2.19 (20.3x dari median) | EXT_SOURCE_1=-0.21 (16.4x dari median) | OWN_CAR_AGE=6.68 (15.7x dari median),Keadaan ekstrem secara statistik namun masih masuk secara logika riil (Tail-end customer).,"Berpeluang cross-selling khusus untuk Very High Net Worth Individual, bila bukan risiko gagal bayar."
44196.0,cluster_2,Tipe B - Rare but Valid,BUREAU_ACTIVE_RATIO=2.03 (35.5x dari median) | BUREAU_DEBT_TO_CREDIT_RATIO=1.80 (23.2x dari median) | AMT_REQ_CREDIT_BUREAU_YEAR=3.00 (23.2x dari median) | POS_MONTHS_COUNT=0.76 (19.4x dari median) | BUREAU_DAYS_CREDIT_MEAN=-0.93 (11.7x dari median),Keadaan ekstrem secara statistik namun masih masuk secara logika riil (Tail-end customer).,"Berpeluang cross-selling khusus untuk Very High Net Worth Individual, bila bukan risiko gagal bayar."
44264.0,cluster_4,Tipe A - Data Error,CC_SK_DPD_MEAN=57.79 (1161.7x dari median) | EXT_SOURCE_1=1.82 (134.4x dari median) | PREV_APPROVAL_RATE=-2.34 (43.7x dari median) | INST_DPD_MEAN=66.10 (22.6x dari median) | EXT_SOURCE_3=1.45 (12.0x dari median),"Deviasi fitur lebih dari 50x median klaster, kemungkinan kesalahan input sistem.",Tim data engineering perlu memperbaiki flow pipeline ingestion untuk capping nilai ekstrem.
44839.0,cluster_4,Tipe B - Rare but Valid,CREDIT_TERM_MONTHS=1.97 (27.2x dari median) | POS_SK_DPD_MEAN=4.82 (23.5x dari median) | BUREAU_COUNT=2.90 (17.1x dari median) | EXT_SOURCE_3=-1.70 (16.3x dari median) | CREDIT_TO_INCOME=1.86 (12.8x dari median),Keadaan ekstrem secara statistik namun masih masuk secara logika riil (Tail-end customer).,"Berpeluang cross-selling khusus untuk Very High Net Worth Individual, bila bukan risiko gagal bayar."
45294.0,cluster_2,Tipe A - Data Error,EXT_SOURCE_1=1.66 (122.3x dari median) | POS_MONTHS_COUNT=3.95 (104.7x dari median) | YEARS_BIRTH=-0.56 (17.0x dari median) | EXT_SOURCE_3=-1.51 (14.5x dari median) | BUREAU_COUNT=2.24 (13.4x dari median),"Deviasi fitur lebih dari 50x median klaster, kemungkinan kesalahan input sistem.",Tim data engineering perlu memperbaiki flow pipeline ingestion untuk capping nilai ekstrem.
45892.0,cluster_1,Tipe B - Rare but Valid,BUREAU_BB_SEVERE_DPD_MEAN=1.59 (32.1x dari median) | BUREAU_BB_DPD_RATIO_MEAN=5.83 (31.0x dari median) | INST_SEVERE_LATE_RATIO=2.80 (17.6x dari median) | INST_DPD_MEAN=1.83 (17.1x dari median) | INST_DPD_MAX=2.26 (15.1x dari median),Keadaan ekstrem secara statistik namun masih masuk secara logika riil (Tail-end customer).,"Berpeluang cross-selling khusus untuk Very High Net Worth Individual, bila bukan risiko gagal bayar."
45939.0,cluster_2,Tipe A - Data Error,EXT_SOURCE_1=-1.72 (128.5x dari median) | YEARS_BIRTH=-1.08 (33.4x dari median) | CREDIT_TERM_MONTHS=-1.56 (28.7x dari median) | AMT_REQ_CREDIT_BUREAU_YEAR=3.58 (27.8x dari median) | BUREAU_DAYS_CREDIT_MEAN=-1.84 (24.1x dari median),"Deviasi fitur lebih dari 50x median klaster, kemungkinan kesalahan input sistem.",Tim data engineering perlu memperbaiki flow pipeline ingestion untuk capping nilai ekstrem.
46107.0,cluster_1,Tipe A - Data Error,EXT_SOURCE_1=-1.95 (145.7x dari median) | EXT_SOURCE_2=-1.00 (10.7x dari median) | BUREAU_DAYS_CREDIT_MEAN=1.45 (9.3x dari median) | YEARS_BIRTH=-1.71 (8.1x dari median) | PREV_APPROVAL_RATE=-2.34 (6.7x dari median),"Deviasi fitur lebih dari 50x median klaster, kemungkinan kesalahan input sistem.",Tim data engineering perlu memperbaiki flow pipeline ingestion untuk capping nilai ekstrem.
46393.0,cluster_4,Tipe B - Rare but Valid,PREV_APPROVAL_RATE=0.96 (19.4x dari median) | CREDIT_TERM_MONTHS=1.27 (17.8x dari median) | CNT_CHILDREN=7.78 (14.5x dari median) | CREDIT_TO_INCOME=1.72 (11.9x dari median) | ANNUITY_TO_INCOME=0.95 (11.4x dari median),Keadaan ekstrem secara statistik namun masih masuk secara logika riil (Tail-end customer).,"Berpeluang cross-selling khusus untuk Very High Net Worth Individual, bila bukan risiko gagal bayar."
46396.0,cluster_4,Tipe A - Data Error,CC_SK_DPD_MEAN=3.77 (76.8x dari median) | ANNUITY_TO_INCOME=1.13 (13.4x dari median) | BUREAU_COUNT=2.02 (12.2x dari median) | EXT_SOURCE_1=0.13 (8.3x dari median) | CREDIT_TO_INCOME=1.12 (8.1x dari median),"Deviasi fitur lebih dari 50x median klaster, kemungkinan kesalahan input sistem.",Tim data engineering perlu memperbaiki flow pipeline ingestion untuk capping nilai ekstrem.
46762.0,cluster_4,Tipe B - Rare but Valid,PREV_APPROVAL_RATE=0.96 (19.4x dari median) | AMT_ANNUITY=1.69 (19.1x dari median) | CREDIT_TERM_MONTHS=0.99 (14.1x dari median) | EXT_SOURCE_3=-1.38 (13.4x dari median) | AMT_CREDIT=1.83 (11.7x dari median),Keadaan ekstrem secara statistik namun masih masuk secara logika riil (Tail-end customer).,"Berpeluang cross-selling khusus untuk Very High Net Worth Individual, bila bukan risiko gagal bayar."
46953.0,cluster_3,Tipe B - Rare but Valid,REGION_RATING_CLIENT_W_CITY=1.92 (34.6x dari median) | INST_SEVERE_LATE_RATIO=4.74 (29.1x dari median) | BUREAU_DAYS_CREDIT_MEAN=1.45 (11.9x dari median) | INST_DPD_MEAN=1.06 (10.4x dari median) | INST_LATE_RATIO=3.46 (6.5x dari median),Keadaan ekstrem secara statistik namun masih masuk secara logika riil (Tail-end customer).,"Berpeluang cross-selling khusus untuk Very High Net Worth Individual, bila bukan risiko gagal bayar."
47532.0,cluster_4,Tipe B - Rare but Valid,PREV_APPROVAL_RATE=0.96 (19.4x dari median) | BUREAU_ACTIVE_RATIO=-1.11 (17.7x dari median) | EXT_SOURCE_2=-2.43 (13.2x dari median) | ANNUITY_TO_INCOME=1.05 (12.5x dari median) | BUREAU_DAYS_CREDIT_MEAN=1.45 (10.5x dari median),Keadaan ekstrem secara statistik namun masih masuk secara logika riil (Tail-end customer).,"Berpeluang cross-selling khusus untuk Very High Net Worth Individual, bila bukan risiko gagal bayar."
47607.0,cluster_4,Tipe A - Data Error,CC_SK_DPD_MEAN=12.65 (255.0x dari median) | CREDIT_TERM_MONTHS=1.67 (23.2x dari median) | PREV_APPROVAL_RATE=-0.69 (12.1x dari median) | CC_MONTHS_COUNT=3.41 (8.8x dari median) | YEARS_BIRTH=1.18 (8.2x dari median),"Deviasi fitur lebih dari 50x median klaster, kemungkinan kesalahan input sistem.",Tim data engineering perlu memperbaiki flow pipeline ingestion untuk capping nilai ekstrem.
47714.0,cluster_0,Tipe A - Data Error,EXT_SOURCE_3=-2.26 (1055.5x dari median) | EXT_SOURCE_1=2.11 (155.8x dari median) | PREV_REFUSED_COUNT=3.45 (32.6x dari median) | YEARS_EMPLOYED=2.34 (17.1x dari median) | CREDIT_TERM_MONTHS=0.33 (7.4x dari median),"Deviasi fitur lebih dari 50x median klaster, kemungkinan kesalahan input sistem.",Tim data engineering perlu memperbaiki flow pipeline ingestion untuk capping nilai ekstrem.
48053.0,cluster_3,Tipe C - Risk Signal,AMT_INCOME_TOTAL=-2.33 (15.1x dari median) | YEARS_BIRTH=1.61 (13.9x dari median) | BUREAU_DAYS_CREDIT_MEAN=1.45 (11.9x dari median) | ANNUITY_TO_INCOME=5.94 (11.0x dari median) | INST_LATE_RATIO=4.82 (8.7x dari median),Kombinasi finansial kontradiktif (contoh: rasio cicilan atau kredit terlalu besar di saat income rendah / profil berisiko).,Tim analis risiko (Underwriting) wajib memberikan manual review sebelum memberikan persetujuan.
48646.0,cluster_0,Tipe A - Data Error,EXT_SOURCE_1=2.03 (150.0x dari median) | EXT_SOURCE_3=-0.21 (96.6x dari median) | PREV_REFUSED_COUNT=5.12 (48.9x dari median) | CREDIT_TERM_MONTHS=-1.39 (25.5x dari median) | POS_MONTHS_COUNT=6.25 (18.5x dari median),"Deviasi fitur lebih dari 50x median klaster, kemungkinan kesalahan input sistem.",Tim data engineering perlu memperbaiki flow pipeline ingestion untuk capping nilai ekstrem.
48705.0,cluster_4,Tipe A - Data Error,CC_SK_DPD_MEAN=7.02 (142.1x dari median) | PREV_APPROVAL_RATE=-2.34 (43.7x dari median) | BUREAU_ACTIVE_RATIO=0.99 (17.7x dari median) | CREDIT_TERM_MONTHS=0.85 (12.3x dari median) | CC_MONTHS_COUNT=3.41 (8.8x dari median),"Deviasi fitur lebih dari 50x median klaster, kemungkinan kesalahan input sistem.",Tim data engineering perlu memperbaiki flow pipeline ingestion untuk capping nilai ekstrem.
49182.0,cluster_2,Tipe B - Rare but Valid,CREDIT_TERM_MONTHS=1.68 (32.8x dari median) | EXT_SOURCE_1=0.36 (25.4x dari median) | BUREAU_DAYS_CREDIT_MEAN=-1.26 (16.3x dari median) | CREDIT_TO_INCOME=2.93 (13.3x dari median) | EXT_SOURCE_3=-1.30 (12.7x dari median),Keadaan ekstrem secara statistik namun masih masuk secara logika riil (Tail-end customer).,"Berpeluang cross-selling khusus untuk Very High Net Worth Individual, bila bukan risiko gagal bayar."
49329.0,cluster_2,Tipe A - Data Error,POS_MONTHS_COUNT=5.08 (134.9x dari median) | CREDIT_TERM_MONTHS=-1.10 (19.8x dari median) | EXT_SOURCE_3=-2.02 (19.1x dari median) | AMT_ANNUITY=-2.05 (16.9x dari median) | BUREAU_COUNT=2.24 (13.4x dari median),"Deviasi fitur lebih dari 50x median klaster, kemungkinan kesalahan input sistem.",Tim data engineering perlu memperbaiki flow pipeline ingestion untuk capping nilai ekstrem.
49343.0,cluster_2,Tipe A - Data Error,EXT_SOURCE_1=-1.37 (102.5x dari median) | YEARS_BIRTH=1.19 (39.2x dari median) | POS_MONTHS_COUNT=1.21 (31.3x dari median) | BUREAU_DAYS_CREDIT_MEAN=1.45 (20.8x dari median) | CREDIT_TERM_MONTHS=0.92 (18.4x dari median),"Deviasi fitur lebih dari 50x median klaster, kemungkinan kesalahan input sistem.",Tim data engineering perlu memperbaiki flow pipeline ingestion untuk capping nilai ekstrem.
49445.0,cluster_0,Tipe A - Data Error,EXT_SOURCE_1=1.46 (107.2x dari median) | EXT_SOURCE_3=0.11 (53.0x dari median) | PREV_REFUSED_COUNT=5.12 (48.9x dari median) | REGION_RATING_CLIENT_W_CITY=1.92 (34.6x dari median) | CREDIT_TERM_MONTHS=0.91 (18.4x dari median),"Deviasi fitur lebih dari 50x median klaster, kemungkinan kesalahan input sistem.",Tim data engineering perlu memperbaiki flow pipeline ingestion untuk capping nilai ekstrem.
49462.0,cluster_0,Tipe A - Data Error,EXT_SOURCE_3=-0.34 (159.1x dari median) | PREV_REFUSED_COUNT=6.23 (59.8x dari median) | REGION_RATING_CLIENT_W_CITY=1.92 (34.6x dari median) | YEARS_EMPLOYED=4.60 (32.7x dari median) | BUREAU_ACTIVE_RATIO=-1.11 (17.7x dari median),"Deviasi fitur lebih dari 50x median klaster, kemungkinan kesalahan input sistem.",Tim data engineering perlu memperbaiki flow pipeline ingestion untuk capping nilai ekstrem.
49524.0,cluster_0,Tipe A - Data Error,EXT_SOURCE_3=-2.26 (1055.5x dari median) | PREV_REFUSED_COUNT=7.35 (70.6x dari median) | BUREAU_ACTIVE_RATIO=0.99 (17.7x dari median) | POS_MONTHS_COUNT=5.69 (16.8x dari median) | PREV_COUNT=5.95 (9.9x dari median),"Deviasi fitur lebih dari 50x median klaster, kemungkinan kesalahan input sistem.",Tim data engineering perlu memperbaiki flow pipeline ingestion untuk capping nilai ekstrem.
49598.0,cluster_2,Tipe B - Rare but Valid,REGION_RATING_CLIENT_W_CITY=-2.04 (34.6x dari median) | YEARS_BIRTH=0.86 (28.6x dari median) | POS_MONTHS_COUNT=0.93 (23.7x dari median) | CREDIT_TERM_MONTHS=0.99 (19.8x dari median) | BUREAU_ACTIVE_RATIO=0.99 (17.7x dari median),Keadaan ekstrem secara statistik namun masih masuk secara logika riil (Tail-end customer).,"Berpeluang cross-selling khusus untuk Very High Net Worth Individual, bila bukan risiko gagal bayar."
49881.0,cluster_2,Tipe B - Rare but Valid,REGION_RATING_CLIENT_W_CITY=1.92 (34.6x dari median) | POS_MONTHS_COUNT=1.29 (33.5x dari median) | BUREAU_DAYS_CREDIT_MEAN=-2.24 (29.5x dari median) | BUREAU_ACTIVE_RATIO=-1.11 (17.7x dari median) | AMT_INCOME_TOTAL=1.56 (13.3x dari median),Keadaan ekstrem secara statistik namun masih masuk secara logika riil (Tail-end customer).,"Berpeluang cross-selling khusus untuk Very High Net Worth Individual, bila bukan risiko gagal bayar."
49906.0,cluster_0,Tipe A - Data Error,EXT_SOURCE_3=-1.61 (749.6x dari median) | PREV_REFUSED_COUNT=4.56 (43.5x dari median) | CREDIT_TERM_MONTHS=2.08 (40.7x dari median) | REGION_RATING_CLIENT_W_CITY=1.92 (34.6x dari median) | EXT_SOURCE_1=-0.24 (19.1x dari median),"Deviasi fitur lebih dari 50x median klaster, kemungkinan kesalahan input sistem.",Tim data engineering perlu memperbaiki flow pipeline ingestion untuk capping nilai ekstrem.
50120.0,cluster_3,Tipe A - Data Error,EXT_SOURCE_1=-0.69 (52.3x dari median) | REGION_RATING_CLIENT_W_CITY=1.92 (34.6x dari median) | EXT_SOURCE_2=-2.33 (9.8x dari median) | YEARS_BIRTH=-1.20 (8.6x dari median) | BUREAU_DAYS_CREDIT_MEAN=1.04 (8.2x dari median),"Deviasi fitur lebih dari 50x median klaster, kemungkinan kesalahan input sistem.",Tim data engineering perlu memperbaiki flow pipeline ingestion untuk capping nilai ekstrem.
50675.0,cluster_2,Tipe B - Rare but Valid,REGION_RATING_CLIENT_W_CITY=1.92 (34.6x dari median) | POS_MONTHS_COUNT=-1.13 (31.3x dari median) | YEARS_BIRTH=0.90 (29.8x dari median) | INST_SEVERE_LATE_RATIO=3.85 (23.9x dari median) | EXT_SOURCE_3=-0.95 (9.5x dari median),Keadaan ekstrem secara statistik namun masih masuk secara logika riil (Tail-end customer).,"Berpeluang cross-selling khusus untuk Very High Net Worth Individual, bila bukan risiko gagal bayar."
50993.0,cluster_0,Tipe A - Data Error,EXT_SOURCE_3=-1.55 (725.0x dari median) | EXT_SOURCE_1=-1.07 (80.8x dari median) | PREV_REFUSED_COUNT=5.67 (54.3x dari median) | INST_DPD_MAX=6.39 (46.0x dari median) | POS_SK_DPD_MEAN=2.02 (29.9x dari median),"Deviasi fitur lebih dari 50x median klaster, kemungkinan kesalahan input sistem.",Tim data engineering perlu memperbaiki flow pipeline ingestion untuk capping nilai ekstrem.
51238.0,cluster_3,Tipe B - Rare but Valid,INST_SEVERE_LATE_RATIO=7.80 (47.4x dari median) | BUREAU_DAYS_CREDIT_MEAN=-2.46 (22.8x dari median) | EXT_SOURCE_2=-1.77 (7.7x dari median) | INST_DPD_MEAN=0.71 (7.3x dari median) | YEARS_BIRTH=-0.98 (6.8x dari median),Keadaan ekstrem secara statistik namun masih masuk secara logika riil (Tail-end customer).,"Berpeluang cross-selling khusus untuk Very High Net Worth Individual, bila bukan risiko gagal bayar."
51775.0,cluster_2,Tipe A - Data Error,EXT_SOURCE_1=2.44 (180.3x dari median) | POS_MONTHS_COUNT=1.85 (48.6x dari median) | YEARS_BIRTH=1.17 (38.3x dari median) | REGION_RATING_CLIENT_W_CITY=-2.04 (34.6x dari median) | YEARS_EMPLOYED=3.74 (18.6x dari median),"Deviasi fitur lebih dari 50x median klaster, kemungkinan kesalahan input sistem.",Tim data engineering perlu memperbaiki flow pipeline ingestion untuk capping nilai ekstrem.
52246.0,cluster_1,Tipe B - Rare but Valid,EXT_SOURCE_1=0.49 (35.4x dari median) | REGION_RATING_CLIENT_W_CITY=1.92 (34.6x dari median) | BUREAU_DAYS_CREDIT_MEAN=1.45 (9.3x dari median) | PREV_APPROVAL_RATE=-2.34 (6.7x dari median) | BUREAU_ACTIVE_RATIO=-1.11 (4.3x dari median),Keadaan ekstrem secara statistik namun masih masuk secara logika riil (Tail-end customer).,"Berpeluang cross-selling khusus untuk Very High Net Worth Individual, bila bukan risiko gagal bayar."
52497.0,cluster_2,Tipe B - Rare but Valid,EXT_SOURCE_1=-0.50 (37.9x dari median) | YEARS_BIRTH=-1.05 (32.7x dari median) | BUREAU_DAYS_CREDIT_MEAN=-1.91 (25.1x dari median) | PREV_COUNT=5.95 (18.3x dari median) | PREV_REFUSED_COUNT=7.35 (17.2x dari median),Keadaan ekstrem secara statistik namun masih masuk secara logika riil (Tail-end customer).,"Berpeluang cross-selling khusus untuk Very High Net Worth Individual, bila bukan risiko gagal bayar."
52570.0,cluster_3,Tipe C - Risk Signal,INST_SEVERE_LATE_RATIO=3.82 (23.7x dari median) | AMT_INCOME_TOTAL=-2.13 (13.7x dari median) | BUREAU_DAYS_CREDIT_MEAN=1.45 (11.9x dari median) | ANNUITY_TO_INCOME=4.80 (8.7x dari median) | INST_DPD_MEAN=0.75 (7.6x dari median),Kombinasi finansial kontradiktif (contoh: rasio cicilan atau kredit terlalu besar di saat income rendah / profil berisiko).,Tim analis risiko (Underwriting) wajib memberikan manual review sebelum memberikan persetujuan.
52890.0,cluster_0,Tipe A - Data Error,EXT_SOURCE_3=0.53 (246.9x dari median) | BUREAU_BB_SEVERE_DPD_MEAN=5.11 (100.7x dari median) | EXT_SOURCE_1=-0.36 (28.0x dari median) | BUREAU_BB_DPD_RATIO_MEAN=3.49 (19.0x dari median) | BUREAU_ACTIVE_RATIO=-1.11 (17.7x dari median),"Deviasi fitur lebih dari 50x median klaster, kemungkinan kesalahan input sistem.",Tim data engineering perlu memperbaiki flow pipeline ingestion untuk capping nilai ekstrem.
53185.0,cluster_1,Tipe B - Rare but Valid,BUREAU_ACTIVE_RATIO=2.03 (10.8x dari median) | CNT_CHILDREN=3.60 (7.2x dari median) | BUREAU_DAYS_CREDIT_MEAN=0.72 (4.1x dari median) | EXT_SOURCE_3=0.54 (3.8x dari median) | PREV_APPROVAL_RATE=-1.02 (3.5x dari median),Keadaan ekstrem secara statistik namun masih masuk secara logika riil (Tail-end customer).,"Berpeluang cross-selling khusus untuk Very High Net Worth Individual, bila bukan risiko gagal bayar."
53408.0,cluster_4,Tipe B - Rare but Valid,PREV_APPROVAL_RATE=0.96 (19.4x dari median) | AMT_ANNUITY=1.61 (18.3x dari median) | CREDIT_TERM_MONTHS=-1.08 (13.3x dari median) | ANNUITY_TO_INCOME=1.09 (13.0x dari median) | BUREAU_ACTIVE_RATIO=0.46 (8.9x dari median),Keadaan ekstrem secara statistik namun masih masuk secara logika riil (Tail-end customer).,"Berpeluang cross-selling khusus untuk Very High Net Worth Individual, bila bukan risiko gagal bayar."
53935.0,cluster_4,Tipe A - Data Error,EXT_SOURCE_1=1.26 (92.7x dari median) | PREV_APPROVAL_RATE=-2.34 (43.7x dari median) | BUREAU_ACTIVE_RATIO=0.61 (11.3x dari median) | INST_SEVERE_LATE_RATIO=39.69 (10.1x dari median) | BUREAU_COUNT=1.36 (8.6x dari median),"Deviasi fitur lebih dari 50x median klaster, kemungkinan kesalahan input sistem.",Tim data engineering perlu memperbaiki flow pipeline ingestion untuk capping nilai ekstrem.
54629.0,cluster_2,Tipe A - Data Error,BUREAU_BB_SEVERE_DPD_MEAN=6.45 (126.9x dari median) | EXT_SOURCE_1=1.18 (87.0x dari median) | POS_MONTHS_COUNT=2.14 (56.1x dari median) | CREDIT_TERM_MONTHS=-1.45 (26.5x dari median) | BUREAU_BB_DPD_RATIO_MEAN=4.45 (23.9x dari median),"Deviasi fitur lebih dari 50x median klaster, kemungkinan kesalahan input sistem.",Tim data engineering perlu memperbaiki flow pipeline ingestion untuk capping nilai ekstrem.
54853.0,cluster_1,Tipe B - Rare but Valid,INST_SEVERE_LATE_RATIO=3.02 (18.9x dari median) | INST_DPD_MAX=1.47 (10.1x dari median) | EXT_SOURCE_3=1.14 (9.3x dari median) | INST_DPD_MEAN=0.94 (9.2x dari median) | EXT_SOURCE_2=0.85 (7.2x dari median),Keadaan ekstrem secara statistik namun masih masuk secara logika riil (Tail-end customer).,"Berpeluang cross-selling khusus untuk Very High Net Worth Individual, bila bukan risiko gagal bayar."
54934.0,cluster_2,Tipe A - Data Error,EXT_SOURCE_1=2.74 (202.3x dari median) | YEARS_BIRTH=1.67 (54.5x dari median) | CREDIT_TERM_MONTHS=1.67 (32.7x dari median) | YEARS_EMPLOYED=4.76 (23.4x dari median) | AMT_REQ_CREDIT_BUREAU_YEAR=2.43 (18.5x dari median),"Deviasi fitur lebih dari 50x median klaster, kemungkinan kesalahan input sistem.",Tim data engineering perlu memperbaiki flow pipeline ingestion untuk capping nilai ekstrem.
55376.0,cluster_4,Tipe A - Data Error,POS_SK_DPD_MEAN=24.23 (122.3x dari median) | EXT_SOURCE_1=1.19 (87.3x dari median) | PREV_APPROVAL_RATE=-2.34 (43.7x dari median) | INST_DPD_MEAN=111.40 (38.7x dari median) | CREDIT_TERM_MONTHS=1.26 (17.7x dari median),"Deviasi fitur lebih dari 50x median klaster, kemungkinan kesalahan input sistem.",Tim data engineering perlu memperbaiki flow pipeline ingestion untuk capping nilai ekstrem.
56040.0,cluster_2,Tipe A - Data Error,EXT_SOURCE_1=0.70 (50.9x dari median) | POS_MONTHS_COUNT=1.49 (38.9x dari median) | AMT_REQ_CREDIT_BUREAU_YEAR=3.00 (23.2x dari median) | BUREAU_COUNT=2.90 (17.1x dari median) | EXT_SOURCE_3=-1.59 (15.3x dari median),"Deviasi fitur lebih dari 50x median klaster, kemungkinan kesalahan input sistem.",Tim data engineering perlu memperbaiki flow pipeline ingestion untuk capping nilai ekstrem.
56139.0,cluster_0,Tipe A - Data Error,EXT_SOURCE_3=-0.60 (277.6x dari median) | REGION_RATING_CLIENT_W_CITY=1.92 (34.6x dari median) | BUREAU_ACTIVE_RATIO=0.99 (17.7x dari median) | OWN_CAR_AGE=3.45 (8.6x dari median) | BUREAU_DEBT_TO_CREDIT_RATIO=0.48 (7.9x dari median),"Deviasi fitur lebih dari 50x median klaster, kemungkinan kesalahan input sistem.",Tim data engineering perlu memperbaiki flow pipeline ingestion untuk capping nilai ekstrem.
56286.0,cluster_0,Tipe A - Data Error,EXT_SOURCE_3=-2.17 (1014.6x dari median) | EXT_SOURCE_1=2.67 (197.1x dari median) | PREV_REFUSED_COUNT=5.12 (48.9x dari median) | BUREAU_COUNT=5.32 (19.5x dari median) | POS_MONTHS_COUNT=3.06 (8.6x dari median),"Deviasi fitur lebih dari 50x median klaster, kemungkinan kesalahan input sistem.",Tim data engineering perlu memperbaiki flow pipeline ingestion untuk capping nilai ekstrem.
57073.0,cluster_3,Tipe B - Rare but Valid,EXT_SOURCE_3=-2.17 (20.5x dari median) | BUREAU_ACTIVE_RATIO=2.03 (13.4x dari median) | AMT_INCOME_TOTAL=1.56 (11.8x dari median) | INST_LATE_RATIO=5.57 (9.9x dari median) | CNT_CHILDREN=3.60 (7.2x dari median),Keadaan ekstrem secara statistik namun masih masuk secara logika riil (Tail-end customer).,"Berpeluang cross-selling khusus untuk Very High Net Worth Individual, bila bukan risiko gagal bayar."
57346.0,cluster_2,Tipe A - Data Error,EXT_SOURCE_1=0.84 (61.5x dari median) | CREDIT_TERM_MONTHS=2.16 (42.0x dari median) | YEARS_BIRTH=-1.09 (33.8x dari median) | POS_MONTHS_COUNT=1.13 (29.1x dari median) | BUREAU_ACTIVE_RATIO=-1.11 (17.7x dari median),"Deviasi fitur lebih dari 50x median klaster, kemungkinan kesalahan input sistem.",Tim data engineering perlu memperbaiki flow pipeline ingestion untuk capping nilai ekstrem.
57528.0,cluster_2,Tipe B - Rare but Valid,REGION_RATING_CLIENT_W_CITY=1.92 (34.6x dari median) | POS_MONTHS_COUNT=-0.69 (19.4x dari median) | EXT_SOURCE_3=-1.25 (12.3x dari median) | AMT_ANNUITY=-1.22 (10.5x dari median) | BUREAU_COUNT=1.36 (8.6x dari median),Keadaan ekstrem secara statistik namun masih masuk secara logika riil (Tail-end customer).,"Berpeluang cross-selling khusus untuk Very High Net Worth Individual, bila bukan risiko gagal bayar."
59689.0,cluster_3,Tipe B - Rare but Valid,YEARS_BIRTH=-1.58 (11.6x dari median) | AMT_INCOME_TOTAL=-1.66 (10.5x dari median) | EXT_SOURCE_2=-1.69 (7.4x dari median) | EXT_SOURCE_3=0.82 (6.4x dari median) | BUREAU_ACTIVE_RATIO=-1.11 (5.8x dari median),Keadaan ekstrem secara statistik namun masih masuk secara logika riil (Tail-end customer).,"Berpeluang cross-selling khusus untuk Very High Net Worth Individual, bila bukan risiko gagal bayar."
59743.0,cluster_4,Tipe A - Data Error,CC_SK_DPD_MEAN=15.69 (316.2x dari median) | PREV_APPROVAL_RATE=0.96 (19.4x dari median) | BUREAU_ACTIVE_RATIO=-1.11 (17.7x dari median) | EXT_SOURCE_3=1.79 (15.0x dari median) | CREDIT_TERM_MONTHS=0.86 (12.4x dari median),"Deviasi fitur lebih dari 50x median klaster, kemungkinan kesalahan input sistem.",Tim data engineering perlu memperbaiki flow pipeline ingestion untuk capping nilai ekstrem.
60057.0,cluster_1,Tipe B - Rare but Valid,EXT_SOURCE_1=-0.53 (40.2x dari median) | INST_SEVERE_LATE_RATIO=3.82 (23.7x dari median) | INST_DPD_MEAN=1.92 (17.9x dari median) | INST_DPD_MAX=1.78 (12.1x dari median) | INST_LATE_RATIO=5.46 (9.7x dari median),Keadaan ekstrem secara statistik namun masih masuk secara logika riil (Tail-end customer).,"Berpeluang cross-selling khusus untuk Very High Net Worth Individual, bila bukan risiko gagal bayar."
60284.0,cluster_1,Tipe B - Rare but Valid,INST_DPD_MAX=2.99 (19.6x dari median) | INST_DPD_MEAN=1.43 (13.6x dari median) | INST_SEVERE_LATE_RATIO=2.07 (13.3x dari median) | BUREAU_DAYS_CREDIT_MEAN=1.45 (9.3x dari median) | EXT_SOURCE_2=-0.56 (6.4x dari median),Keadaan ekstrem secara statistik namun masih masuk secara logika riil (Tail-end customer).,"Berpeluang cross-selling khusus untuk Very High Net Worth Individual, bila bukan risiko gagal bayar."
61091.0,cluster_2,Tipe B - Rare but Valid,YEARS_BIRTH=-1.59 (49.9x dari median) | BUREAU_ACTIVE_RATIO=2.03 (35.5x dari median) | REGION_RATING_CLIENT_W_CITY=1.92 (34.6x dari median) | BUREAU_DEBT_TO_CREDIT_RATIO=1.63 (21.1x dari median) | BUREAU_DAYS_CREDIT_MEAN=1.32 (19.0x dari median),Keadaan ekstrem secara statistik namun masih masuk secara logika riil (Tail-end customer).,"Berpeluang cross-selling khusus untuk Very High Net Worth Individual, bila bukan risiko gagal bayar."
61199.0,cluster_2,Tipe A - Data Error,POS_MONTHS_COUNT=5.00 (132.8x dari median) | EXT_SOURCE_1=1.61 (118.9x dari median) | CREDIT_TERM_MONTHS=-1.63 (30.0x dari median) | EXT_SOURCE_3=-2.13 (20.1x dari median) | AMT_ANNUITY=-1.96 (16.2x dari median),"Deviasi fitur lebih dari 50x median klaster, kemungkinan kesalahan input sistem.",Tim data engineering perlu memperbaiki flow pipeline ingestion untuk capping nilai ekstrem.
61413.0,cluster_2,Tipe A - Data Error,BUREAU_BB_SEVERE_DPD_MEAN=5.68 (112.0x dari median) | YEARS_BIRTH=1.41 (46.2x dari median) | REGION_RATING_CLIENT_W_CITY=1.92 (34.6x dari median) | BUREAU_BB_DPD_RATIO_MEAN=5.94 (31.6x dari median) | POS_MONTHS_COUNT=1.17 (30.2x dari median),"Deviasi fitur lebih dari 50x median klaster, kemungkinan kesalahan input sistem.",Tim data engineering perlu memperbaiki flow pipeline ingestion untuk capping nilai ekstrem.
61449.0,cluster_3,Tipe B - Rare but Valid,REGION_RATING_CLIENT_W_CITY=-2.04 (34.6x dari median) | INST_SEVERE_LATE_RATIO=5.63 (34.4x dari median) | BUREAU_DAYS_CREDIT_MEAN=-2.27 (21.1x dari median) | EXT_SOURCE_3=1.14 (9.2x dari median) | INST_DPD_MEAN=0.70 (7.2x dari median),Keadaan ekstrem secara statistik namun masih masuk secara logika riil (Tail-end customer).,"Berpeluang cross-selling khusus untuk Very High Net Worth Individual, bila bukan risiko gagal bayar."
61604.0,cluster_2,Tipe B - Rare but Valid,AMT_REQ_CREDIT_BUREAU_YEAR=3.58 (27.8x dari median) | CREDIT_TERM_MONTHS=1.27 (25.0x dari median) | YEARS_BIRTH=0.72 (24.1x dari median) | BUREAU_ACTIVE_RATIO=-1.11 (17.7x dari median) | BUREAU_DAYS_CREDIT_MEAN=1.22 (17.7x dari median),Keadaan ekstrem secara statistik namun masih masuk secara logika riil (Tail-end customer).,"Berpeluang cross-selling khusus untuk Very High Net Worth Individual, bila bukan risiko gagal bayar."
61643.0,cluster_2,Tipe B - Rare but Valid,REGION_RATING_CLIENT_W_CITY=-2.04 (34.6x dari median) | POS_MONTHS_COUNT=1.33 (34.5x dari median) | BUREAU_ACTIVE_RATIO=-1.11 (17.7x dari median) | OWN_CAR_AGE=6.79 (15.9x dari median) | EXT_SOURCE_3=1.16 (9.4x dari median),Keadaan ekstrem secara statistik namun masih masuk secara logika riil (Tail-end customer).,"Berpeluang cross-selling khusus untuk Very High Net Worth Individual, bila bukan risiko gagal bayar."
61777.0,cluster_1,Tipe A - Data Error,EXT_SOURCE_1=-1.31 (98.3x dari median) | REGION_RATING_CLIENT_W_CITY=1.92 (34.6x dari median) | EXT_SOURCE_2=-2.65 (26.8x dari median) | EXT_SOURCE_3=-1.72 (16.5x dari median) | BUREAU_ACTIVE_RATIO=2.03 (10.8x dari median),"Deviasi fitur lebih dari 50x median klaster, kemungkinan kesalahan input sistem.",Tim data engineering perlu memperbaiki flow pipeline ingestion untuk capping nilai ekstrem.
61832.0,cluster_2,Tipe B - Rare but Valid,AMT_REQ_CREDIT_BUREAU_YEAR=3.00 (23.2x dari median) | BUREAU_DEBT_TO_CREDIT_RATIO=1.36 (17.8x dari median) | CREDIT_TERM_MONTHS=-0.89 (15.9x dari median) | BUREAU_DAYS_CREDIT_MEAN=0.99 (14.5x dari median) | PREV_APPROVAL_RATE=-1.44 (9.5x dari median),Keadaan ekstrem secara statistik namun masih masuk secara logika riil (Tail-end customer).,"Berpeluang cross-selling khusus untuk Very High Net Worth Individual, bila bukan risiko gagal bayar."
62194.0,cluster_3,Tipe B - Rare but Valid,EXT_SOURCE_1=-0.47 (35.6x dari median) | INST_SEVERE_LATE_RATIO=5.15 (31.6x dari median) | BUREAU_DAYS_CREDIT_MEAN=1.45 (11.9x dari median) | INST_DPD_MEAN=1.04 (10.2x dari median) | CREDIT_TERM_MONTHS=3.12 (8.4x dari median),Keadaan ekstrem secara statistik namun masih masuk secara logika riil (Tail-end customer).,"Berpeluang cross-selling khusus untuk Very High Net Worth Individual, bila bukan risiko gagal bayar."
62333.0,cluster_2,Tipe A - Data Error,POS_MONTHS_COUNT=3.55 (93.9x dari median) | YEARS_BIRTH=1.52 (49.6x dari median) | REGION_RATING_CLIENT_W_CITY=-2.04 (34.6x dari median) | PREV_COUNT=5.25 (16.0x dari median) | AMT_REQ_CREDIT_BUREAU_YEAR=1.85 (13.9x dari median),"Deviasi fitur lebih dari 50x median klaster, kemungkinan kesalahan input sistem.",Tim data engineering perlu memperbaiki flow pipeline ingestion untuk capping nilai ekstrem.
63288.0,cluster_2,Tipe A - Data Error,EXT_SOURCE_1=1.05 (76.8x dari median) | YEARS_BIRTH=1.07 (35.1x dari median) | REGION_RATING_CLIENT_W_CITY=-2.04 (34.6x dari median) | CREDIT_TERM_MONTHS=0.87 (17.5x dari median) | BUREAU_ACTIVE_RATIO=0.78 (14.2x dari median),"Deviasi fitur lebih dari 50x median klaster, kemungkinan kesalahan input sistem.",Tim data engineering perlu memperbaiki flow pipeline ingestion untuk capping nilai ekstrem.
63739.0,cluster_0,Tipe A - Data Error,EXT_SOURCE_3=-1.04 (484.7x dari median) | EXT_SOURCE_1=-2.26 (168.8x dari median) | PREV_REFUSED_COUNT=13.47 (130.4x dari median) | CREDIT_TERM_MONTHS=-0.81 (14.4x dari median) | PREV_COUNT=7.37 (12.5x dari median),"Deviasi fitur lebih dari 50x median klaster, kemungkinan kesalahan input sistem.",Tim data engineering perlu memperbaiki flow pipeline ingestion untuk capping nilai ekstrem.
63779.0,cluster_2,Tipe B - Rare but Valid,REGION_RATING_CLIENT_W_CITY=1.92 (34.6x dari median) | EXT_SOURCE_1=0.47 (33.8x dari median) | PREV_COUNT=8.31 (25.9x dari median) | POS_MONTHS_COUNT=1.01 (25.9x dari median) | EXT_SOURCE_3=-2.67 (25.0x dari median),Keadaan ekstrem secara statistik namun masih masuk secara logika riil (Tail-end customer).,"Berpeluang cross-selling khusus untuk Very High Net Worth Individual, bila bukan risiko gagal bayar."
63905.0,cluster_4,Tipe A - Data Error,EXT_SOURCE_1=1.93 (142.1x dari median) | POS_SK_DPD_MEAN=13.09 (65.6x dari median) | REGION_RATING_CLIENT_W_CITY=1.92 (34.6x dari median) | EXT_SOURCE_2=-2.33 (12.8x dari median) | AMT_ANNUITY=1.11 (12.3x dari median),"Deviasi fitur lebih dari 50x median klaster, kemungkinan kesalahan input sistem.",Tim data engineering perlu memperbaiki flow pipeline ingestion untuk capping nilai ekstrem.
64818.0,cluster_1,Tipe B - Rare but Valid,BUREAU_DAYS_CREDIT_MEAN=1.45 (9.3x dari median) | PREV_APPROVAL_RATE=-2.34 (6.7x dari median) | EXT_SOURCE_2=0.58 (4.6x dari median) | YEARS_EMPLOYED=1.48 (4.3x dari median) | BUREAU_ACTIVE_RATIO=-1.11 (4.3x dari median),Keadaan ekstrem secara statistik namun masih masuk secara logika riil (Tail-end customer).,"Berpeluang cross-selling khusus untuk Very High Net Worth Individual, bila bukan risiko gagal bayar."
66485.0,cluster_4,Tipe B - Rare but Valid,EXT_SOURCE_1=0.41 (29.8x dari median) | ANNUITY_TO_INCOME=1.83 (21.0x dari median) | AMT_ANNUITY=1.65 (18.7x dari median) | BUREAU_ACTIVE_RATIO=-1.11 (17.7x dari median) | CREDIT_TERM_MONTHS=-1.07 (13.2x dari median),Keadaan ekstrem secara statistik namun masih masuk secara logika riil (Tail-end customer).,"Berpeluang cross-selling khusus untuk Very High Net Worth Individual, bila bukan risiko gagal bayar."
67161.0,cluster_2,Tipe A - Data Error,EXT_SOURCE_1=-1.61 (120.5x dari median) | BUREAU_DAYS_CREDIT_MEAN=-1.52 (19.8x dari median) | CREDIT_TERM_MONTHS=0.86 (17.3x dari median) | INST_SEVERE_LATE_RATIO=2.23 (14.2x dari median) | BUREAU_DEBT_TO_CREDIT_RATIO=1.01 (13.5x dari median),"Deviasi fitur lebih dari 50x median klaster, kemungkinan kesalahan input sistem.",Tim data engineering perlu memperbaiki flow pipeline ingestion untuk capping nilai ekstrem.
67275.0,cluster_2,Tipe A - Data Error,EXT_SOURCE_1=1.91 (140.8x dari median) | YEARS_BIRTH=0.92 (30.5x dari median) | CREDIT_TERM_MONTHS=-1.48 (27.1x dari median) | EXT_SOURCE_3=-1.51 (14.6x dari median) | BUREAU_DEBT_TO_CREDIT_RATIO=0.70 (9.7x dari median),"Deviasi fitur lebih dari 50x median klaster, kemungkinan kesalahan input sistem.",Tim data engineering perlu memperbaiki flow pipeline ingestion untuk capping nilai ekstrem.
67339.0,cluster_0,Tipe A - Data Error,EXT_SOURCE_3=0.45 (209.8x dari median) | EXT_SOURCE_1=1.54 (113.7x dari median) | CREDIT_TERM_MONTHS=1.68 (33.1x dari median) | YEARS_EMPLOYED=4.18 (29.8x dari median) | BUREAU_ACTIVE_RATIO=0.78 (14.2x dari median),"Deviasi fitur lebih dari 50x median klaster, kemungkinan kesalahan input sistem.",Tim data engineering perlu memperbaiki flow pipeline ingestion untuk capping nilai ekstrem.
67362.0,cluster_2,Tipe A - Data Error,EXT_SOURCE_1=-1.67 (125.2x dari median) | POS_MONTHS_COUNT=2.38 (62.6x dari median) | BUREAU_ACTIVE_RATIO=2.03 (35.5x dari median) | YEARS_BIRTH=-1.04 (32.4x dari median) | BUREAU_DEBT_TO_CREDIT_RATIO=1.49 (19.3x dari median),"Deviasi fitur lebih dari 50x median klaster, kemungkinan kesalahan input sistem.",Tim data engineering perlu memperbaiki flow pipeline ingestion untuk capping nilai ekstrem.
67398.0,cluster_1,Tipe A - Data Error,POS_SK_DPD_MEAN=20.69 (296.6x dari median) | EXT_SOURCE_1=-1.79 (134.2x dari median) | EXT_SOURCE_2=-1.64 (16.9x dari median) | OWN_CAR_AGE=3.00 (7.6x dari median) | YEARS_EMPLOYED=1.69 (4.8x dari median),"Deviasi fitur lebih dari 50x median klaster, kemungkinan kesalahan input sistem.",Tim data engineering perlu memperbaiki flow pipeline ingestion untuk capping nilai ekstrem.
67646.0,cluster_2,Tipe B - Rare but Valid,BUREAU_ACTIVE_RATIO=2.03 (35.5x dari median) | YEARS_BIRTH=-0.82 (25.2x dari median) | BUREAU_DEBT_TO_CREDIT_RATIO=1.73 (22.4x dari median) | AMT_REQ_CREDIT_BUREAU_YEAR=2.43 (18.5x dari median) | EXT_SOURCE_1=0.26 (18.2x dari median),Keadaan ekstrem secara statistik namun masih masuk secara logika riil (Tail-end customer).,"Berpeluang cross-selling khusus untuk Very High Net Worth Individual, bila bukan risiko gagal bayar."
67925.0,cluster_0,Tipe A - Data Error,EXT_SOURCE_3=1.01 (471.1x dari median) | REGION_RATING_CLIENT_W_CITY=-2.04 (34.6x dari median) | BUREAU_ACTIVE_RATIO=-1.11 (17.7x dari median) | OWN_CAR_AGE=6.68 (15.7x dari median) | YEARS_BIRTH=-1.33 (10.2x dari median),"Deviasi fitur lebih dari 50x median klaster, kemungkinan kesalahan input sistem.",Tim data engineering perlu memperbaiki flow pipeline ingestion untuk capping nilai ekstrem.
67939.0,cluster_2,Tipe B - Rare but Valid,CREDIT_TERM_MONTHS=-1.21 (21.9x dari median) | BUREAU_ACTIVE_RATIO=0.78 (14.2x dari median) | YEARS_BIRTH=-0.46 (13.6x dari median) | BUREAU_DEBT_TO_CREDIT_RATIO=0.74 (10.1x dari median) | AMT_CREDIT=-1.19 (6.8x dari median),Keadaan ekstrem secara statistik namun masih masuk secara logika riil (Tail-end customer).,"Berpeluang cross-selling khusus untuk Very High Net Worth Individual, bila bukan risiko gagal bayar."
68119.0,cluster_4,Tipe B - Rare but Valid,POS_SK_DPD_MEAN=9.83 (49.0x dari median) | REGION_RATING_CLIENT_W_CITY=1.92 (34.6x dari median) | CREDIT_TERM_MONTHS=1.69 (23.5x dari median) | PREV_APPROVAL_RATE=0.96 (19.4x dari median) | EXT_SOURCE_2=-2.62 (14.2x dari median),Keadaan ekstrem secara statistik namun masih masuk secara logika riil (Tail-end customer).,"Berpeluang cross-selling khusus untuk Very High Net Worth Individual, bila bukan risiko gagal bayar."
68341.0,cluster_0,Tipe A - Data Error,EXT_SOURCE_3=-0.36 (168.7x dari median) | PREV_REFUSED_COUNT=12.92 (125.0x dari median) | CREDIT_TERM_MONTHS=1.96 (38.5x dari median) | YEARS_BIRTH=-1.47 (11.2x dari median) | PREV_COUNT=6.42 (10.8x dari median),"Deviasi fitur lebih dari 50x median klaster, kemungkinan kesalahan input sistem.",Tim data engineering perlu memperbaiki flow pipeline ingestion untuk capping nilai ekstrem.
68425.0,cluster_0,Tipe A - Data Error,EXT_SOURCE_3=-0.83 (387.9x dari median) | BUREAU_BB_DPD_RATIO_MEAN=5.25 (28.0x dari median) | CREDIT_TERM_MONTHS=-0.98 (17.8x dari median) | YEARS_EMPLOYED=1.52 (11.5x dari median) | PREV_REFUSED_COUNT=1.22 (10.9x dari median),"Deviasi fitur lebih dari 50x median klaster, kemungkinan kesalahan input sistem.",Tim data engineering perlu memperbaiki flow pipeline ingestion untuk capping nilai ekstrem.
68854.0,cluster_3,Tipe A - Data Error,INST_SEVERE_LATE_RATIO=8.53 (51.7x dari median) | BUREAU_ACTIVE_RATIO=2.03 (13.4x dari median) | INST_DPD_MEAN=0.86 (8.5x dari median) | AMT_INCOME_TOTAL=-1.28 (7.9x dari median) | YEARS_EMPLOYED=2.00 (7.4x dari median),"Deviasi fitur lebih dari 50x median klaster, kemungkinan kesalahan input sistem.",Tim data engineering perlu memperbaiki flow pipeline ingestion untuk capping nilai ekstrem.
68953.0,cluster_1,Tipe A - Data Error,BUREAU_BB_SEVERE_DPD_MEAN=12.30 (241.2x dari median) | BUREAU_BB_DPD_RATIO_MEAN=7.36 (38.9x dari median) | INST_SEVERE_LATE_RATIO=3.28 (20.5x dari median) | EXT_SOURCE_2=-1.86 (19.1x dari median) | BUREAU_DAYS_CREDIT_MEAN=-1.38 (10.8x dari median),"Deviasi fitur lebih dari 50x median klaster, kemungkinan kesalahan input sistem.",Tim data engineering perlu memperbaiki flow pipeline ingestion untuk capping nilai ekstrem.
69085.0,cluster_0,Tipe A - Data Error,EXT_SOURCE_3=-0.85 (396.9x dari median) | BUREAU_BB_SEVERE_DPD_MEAN=7.40 (145.5x dari median) | EXT_SOURCE_1=-0.50 (38.3x dari median) | BUREAU_ACTIVE_RATIO=2.03 (35.5x dari median) | CREDIT_TERM_MONTHS=-1.62 (30.0x dari median),"Deviasi fitur lebih dari 50x median klaster, kemungkinan kesalahan input sistem.",Tim data engineering perlu memperbaiki flow pipeline ingestion untuk capping nilai ekstrem.
69276.0,cluster_0,Tipe A - Data Error,EXT_SOURCE_3=-0.29 (135.1x dari median) | EXT_SOURCE_1=-1.79 (134.3x dari median) | PREV_REFUSED_COUNT=5.67 (54.3x dari median) | REGION_RATING_CLIENT_W_CITY=1.92 (34.6x dari median) | CREDIT_TERM_MONTHS=0.77 (15.7x dari median),"Deviasi fitur lebih dari 50x median klaster, kemungkinan kesalahan input sistem.",Tim data engineering perlu memperbaiki flow pipeline ingestion untuk capping nilai ekstrem.
69332.0,cluster_2,Tipe A - Data Error,YEARS_BIRTH=-1.66 (52.0x dari median) | AMT_REQ_CREDIT_BUREAU_YEAR=3.00 (23.2x dari median) | CREDIT_TERM_MONTHS=-0.78 (13.9x dari median) | BUREAU_DAYS_CREDIT_MEAN=0.89 (13.2x dari median) | BUREAU_DEBT_TO_CREDIT_RATIO=0.97 (12.9x dari median),"Deviasi fitur lebih dari 50x median klaster, kemungkinan kesalahan input sistem.",Tim data engineering perlu memperbaiki flow pipeline ingestion untuk capping nilai ekstrem.
69361.0,cluster_1,Tipe B - Rare but Valid,EXT_SOURCE_2=-1.70 (17.5x dari median) | PREV_REFUSED_COUNT=5.12 (12.3x dari median) | BUREAU_DAYS_CREDIT_MEAN=1.45 (9.3x dari median) | PREV_APPROVAL_RATE=-2.04 (5.9x dari median) | PREV_COUNT=1.48 (4.7x dari median),Keadaan ekstrem secara statistik namun masih masuk secara logika riil (Tail-end customer).,"Berpeluang cross-selling khusus untuk Very High Net Worth Individual, bila bukan risiko gagal bayar."
69422.0,cluster_2,Tipe A - Data Error,EXT_SOURCE_1=-1.26 (94.4x dari median) | BUREAU_ACTIVE_RATIO=2.03 (35.5x dari median) | AMT_REQ_CREDIT_BUREAU_YEAR=3.58 (27.8x dari median) | YEARS_BIRTH=-0.83 (25.5x dari median) | BUREAU_DEBT_TO_CREDIT_RATIO=1.84 (23.7x dari median),"Deviasi fitur lebih dari 50x median klaster, kemungkinan kesalahan input sistem.",Tim data engineering perlu memperbaiki flow pipeline ingestion untuk capping nilai ekstrem.
69768.0,cluster_2,Tipe A - Data Error,EXT_SOURCE_1=-1.88 (140.7x dari median) | REGION_RATING_CLIENT_W_CITY=1.92 (34.6x dari median) | YEARS_BIRTH=-1.09 (33.9x dari median) | POS_MONTHS_COUNT=-0.49 (14.0x dari median) | CREDIT_TERM_MONTHS=-0.74 (13.0x dari median),"Deviasi fitur lebih dari 50x median klaster, kemungkinan kesalahan input sistem.",Tim data engineering perlu memperbaiki flow pipeline ingestion untuk capping nilai ekstrem.
70188.0,cluster_2,Tipe A - Data Error,EXT_SOURCE_1=2.05 (151.5x dari median) | POS_MONTHS_COUNT=1.25 (32.4x dari median) | INST_PAYMENT_RATIO_MEAN=0.16 (15.4x dari median) | YEARS_BIRTH=0.44 (14.9x dari median) | EXT_SOURCE_3=-1.37 (13.3x dari median),"Deviasi fitur lebih dari 50x median klaster, kemungkinan kesalahan input sistem.",Tim data engineering perlu memperbaiki flow pipeline ingestion untuk capping nilai ekstrem.
70303.0,cluster_4,Tipe A - Data Error,EXT_SOURCE_1=1.39 (102.3x dari median) | REGION_RATING_CLIENT_W_CITY=1.92 (34.6x dari median) | CREDIT_TERM_MONTHS=-1.39 (17.5x dari median) | AMT_ANNUITY=-1.28 (16.3x dari median) | AMT_CREDIT=-1.89 (14.2x dari median),"Deviasi fitur lebih dari 50x median klaster, kemungkinan kesalahan input sistem.",Tim data engineering perlu memperbaiki flow pipeline ingestion untuk capping nilai ekstrem.
70347.0,cluster_2,Tipe B - Rare but Valid,YEARS_BIRTH=1.31 (43.0x dari median) | CREDIT_TERM_MONTHS=1.17 (23.2x dari median) | YEARS_EMPLOYED=4.56 (22.5x dari median) | BUREAU_DAYS_CREDIT_MEAN=-1.42 (18.4x dari median) | OWN_CAR_AGE=6.68 (15.7x dari median),Keadaan ekstrem secara statistik namun masih masuk secara logika riil (Tail-end customer).,"Berpeluang cross-selling khusus untuk Very High Net Worth Individual, bila bukan risiko gagal bayar."
70374.0,cluster_2,Tipe A - Data Error,EXT_SOURCE_1=2.65 (195.8x dari median) | REGION_RATING_CLIENT_W_CITY=-2.04 (34.6x dari median) | YEARS_BIRTH=0.94 (30.9x dari median) | BUREAU_BB_DPD_RATIO_MEAN=5.44 (29.0x dari median) | POS_MONTHS_COUNT=1.09 (28.1x dari median),"Deviasi fitur lebih dari 50x median klaster, kemungkinan kesalahan input sistem.",Tim data engineering perlu memperbaiki flow pipeline ingestion untuk capping nilai ekstrem.
70591.0,cluster_4,Tipe B - Rare but Valid,POS_SK_DPD_MEAN=6.75 (33.3x dari median) | EXT_SOURCE_1=0.44 (31.6x dari median) | PREV_APPROVAL_RATE=0.96 (19.4x dari median) | YEARS_EMPLOYED=4.68 (14.8x dari median) | EXT_SOURCE_3=-0.88 (8.9x dari median),Keadaan ekstrem secara statistik namun masih masuk secara logika riil (Tail-end customer).,"Berpeluang cross-selling khusus untuk Very High Net Worth Individual, bila bukan risiko gagal bayar."
70902.0,cluster_4,Tipe A - Data Error,BUREAU_BB_DPD_RATIO_MEAN=12.07 (63.1x dari median) | REGION_RATING_CLIENT_W_CITY=1.92 (34.6x dari median) | EXT_SOURCE_1=0.44 (31.8x dari median) | EXT_SOURCE_3=-1.96 (18.6x dari median) | PREV_APPROVAL_RATE=-0.92 (16.7x dari median),"Deviasi fitur lebih dari 50x median klaster, kemungkinan kesalahan input sistem.",Tim data engineering perlu memperbaiki flow pipeline ingestion untuk capping nilai ekstrem.
71987.0,cluster_4,Tipe A - Data Error,CC_SK_DPD_MEAN=12.46 (251.3x dari median) | REGION_RATING_CLIENT_W_CITY=-2.04 (34.6x dari median) | BUREAU_ACTIVE_RATIO=1.25 (22.2x dari median) | PREV_APPROVAL_RATE=0.96 (19.4x dari median) | AMT_ANNUITY=1.05 (11.5x dari median),"Deviasi fitur lebih dari 50x median klaster, kemungkinan kesalahan input sistem.",Tim data engineering perlu memperbaiki flow pipeline ingestion untuk capping nilai ekstrem.
72023.0,cluster_2,Tipe B - Rare but Valid,POS_MONTHS_COUNT=1.41 (36.7x dari median) | YEARS_BIRTH=0.79 (26.4x dari median) | BUREAU_COUNT=3.78 (22.0x dari median) | CREDIT_TERM_MONTHS=-1.08 (19.5x dari median) | AMT_REQ_CREDIT_BUREAU_YEAR=2.43 (18.5x dari median),Keadaan ekstrem secara statistik namun masih masuk secara logika riil (Tail-end customer).,"Berpeluang cross-selling khusus untuk Very High Net Worth Individual, bila bukan risiko gagal bayar."
72211.0,cluster_1,Tipe B - Rare but Valid,REGION_RATING_CLIENT_W_CITY=1.92 (34.6x dari median) | EXT_SOURCE_2=-2.62 (26.5x dari median) | OWN_CAR_AGE=6.68 (15.7x dari median) | YEARS_BIRTH=-1.91 (9.2x dari median) | BUREAU_ACTIVE_RATIO=-1.11 (4.3x dari median),Keadaan ekstrem secara statistik namun masih masuk secara logika riil (Tail-end customer).,"Berpeluang cross-selling khusus untuk Very High Net Worth Individual, bila bukan risiko gagal bayar."
72625.0,cluster_2,Tipe A - Data Error,EXT_SOURCE_1=-1.38 (103.1x dari median) | YEARS_BIRTH=-1.46 (45.6x dari median) | REGION_RATING_CLIENT_W_CITY=1.92 (34.6x dari median) | EXT_SOURCE_3=-2.12 (20.1x dari median) | POS_MONTHS_COUNT=0.68 (17.3x dari median),"Deviasi fitur lebih dari 50x median klaster, kemungkinan kesalahan input sistem.",Tim data engineering perlu memperbaiki flow pipeline ingestion untuk capping nilai ekstrem.
72750.0,cluster_4,Tipe B - Rare but Valid,PREV_APPROVAL_RATE=0.96 (19.4x dari median) | BUREAU_ACTIVE_RATIO=-1.11 (17.7x dari median) | BUREAU_DAYS_CREDIT_MEAN=1.45 (10.5x dari median) | BUREAU_COUNT=-1.06 (4.9x dari median) | INST_SEVERE_LATE_RATIO=19.45 (4.4x dari median),Keadaan ekstrem secara statistik namun masih masuk secara logika riil (Tail-end customer).,"Berpeluang cross-selling khusus untuk Very High Net Worth Individual, bila bukan risiko gagal bayar."
72804.0,cluster_2,Tipe A - Data Error,EXT_SOURCE_1=1.09 (80.3x dari median) | YEARS_BIRTH=0.72 (24.1x dari median) | POS_MONTHS_COUNT=0.60 (15.1x dari median) | AMT_INCOME_TOTAL=1.40 (11.9x dari median) | BUREAU_DEBT_TO_CREDIT_RATIO=0.74 (10.2x dari median),"Deviasi fitur lebih dari 50x median klaster, kemungkinan kesalahan input sistem.",Tim data engineering perlu memperbaiki flow pipeline ingestion untuk capping nilai ekstrem.
72853.0,cluster_2,Tipe B - Rare but Valid,POS_MONTHS_COUNT=-1.13 (31.3x dari median) | EXT_SOURCE_1=-0.32 (24.5x dari median) | CREDIT_TERM_MONTHS=1.19 (23.6x dari median) | BUREAU_DAYS_CREDIT_MEAN=1.45 (20.8x dari median) | BUREAU_ACTIVE_RATIO=-1.11 (17.7x dari median),Keadaan ekstrem secara statistik namun masih masuk secara logika riil (Tail-end customer).,"Berpeluang cross-selling khusus untuk Very High Net Worth Individual, bila bukan risiko gagal bayar."
73377.0,cluster_4,Tipe B - Rare but Valid,PREV_APPROVAL_RATE=0.96 (19.4x dari median) | BUREAU_ACTIVE_RATIO=-1.11 (17.7x dari median) | ANNUITY_TO_INCOME=1.16 (13.7x dari median) | YEARS_BIRTH=-1.31 (11.3x dari median) | AMT_ANNUITY=0.92 (9.9x dari median),Keadaan ekstrem secara statistik namun masih masuk secara logika riil (Tail-end customer).,"Berpeluang cross-selling khusus untuk Very High Net Worth Individual, bila bukan risiko gagal bayar."
74122.0,cluster_4,Tipe A - Data Error,BUREAU_BB_SEVERE_DPD_MEAN=23.89 (467.5x dari median) | EXT_SOURCE_1=-2.73 (203.8x dari median) | BUREAU_BB_DPD_RATIO_MEAN=18.07 (93.9x dari median) | BUREAU_ACTIVE_RATIO=2.03 (35.5x dari median) | REGION_RATING_CLIENT_W_CITY=1.92 (34.6x dari median),"Deviasi fitur lebih dari 50x median klaster, kemungkinan kesalahan input sistem.",Tim data engineering perlu memperbaiki flow pipeline ingestion untuk capping nilai ekstrem.
74413.0,cluster_4,Tipe B - Rare but Valid,PREV_APPROVAL_RATE=0.96 (19.4x dari median) | ANNUITY_TO_INCOME=1.08 (12.8x dari median) | EXT_SOURCE_2=-1.86 (10.4x dari median) | CREDIT_TERM_MONTHS=-0.79 (9.5x dari median) | BUREAU_ACTIVE_RATIO=0.46 (8.9x dari median),Keadaan ekstrem secara statistik namun masih masuk secara logika riil (Tail-end customer).,"Berpeluang cross-selling khusus untuk Very High Net Worth Individual, bila bukan risiko gagal bayar."
74475.0,cluster_2,Tipe B - Rare but Valid,REGION_RATING_CLIENT_W_CITY=1.92 (34.6x dari median) | POS_MONTHS_COUNT=-0.93 (25.9x dari median) | BUREAU_DAYS_CREDIT_MEAN=1.45 (20.8x dari median) | BUREAU_ACTIVE_RATIO=-1.11 (17.7x dari median) | YEARS_BIRTH=0.48 (16.4x dari median),Keadaan ekstrem secara statistik namun masih masuk secara logika riil (Tail-end customer).,"Berpeluang cross-selling khusus untuk Very High Net Worth Individual, bila bukan risiko gagal bayar."
74508.0,cluster_2,Tipe A - Data Error,EXT_SOURCE_1=1.09 (79.6x dari median) | POS_MONTHS_COUNT=1.77 (46.4x dari median) | YEARS_EMPLOYED=3.01 (15.2x dari median) | BUREAU_BB_SEVERE_DPD_MEAN=0.59 (12.4x dari median) | BUREAU_BB_DPD_RATIO_MEAN=2.17 (12.2x dari median),"Deviasi fitur lebih dari 50x median klaster, kemungkinan kesalahan input sistem.",Tim data engineering perlu memperbaiki flow pipeline ingestion untuk capping nilai ekstrem.
74634.0,cluster_0,Tipe A - Data Error,EXT_SOURCE_1=2.43 (179.5x dari median) | PREV_REFUSED_COUNT=7.90 (76.1x dari median) | EXT_SOURCE_3=0.11 (53.0x dari median) | BUREAU_ACTIVE_RATIO=-1.11 (17.7x dari median) | CREDIT_TERM_MONTHS=0.86 (17.5x dari median),"Deviasi fitur lebih dari 50x median klaster, kemungkinan kesalahan input sistem.",Tim data engineering perlu memperbaiki flow pipeline ingestion untuk capping nilai ekstrem.
74873.0,cluster_4,Tipe A - Data Error,CC_SK_DPD_MEAN=9.30 (187.9x dari median) | EXT_SOURCE_1=0.50 (36.1x dari median) | ANNUITY_TO_INCOME=2.15 (24.5x dari median) | CREDIT_TERM_MONTHS=-1.52 (19.1x dari median) | AMT_CREDIT=-1.81 (13.6x dari median),"Deviasi fitur lebih dari 50x median klaster, kemungkinan kesalahan input sistem.",Tim data engineering perlu memperbaiki flow pipeline ingestion untuk capping nilai ekstrem.
75806.0,cluster_2,Tipe B - Rare but Valid,EXT_SOURCE_1=-0.49 (37.2x dari median) | BUREAU_ACTIVE_RATIO=1.51 (26.6x dari median) | AMT_ANNUITY=-2.04 (16.8x dari median) | CREDIT_TERM_MONTHS=-0.92 (16.5x dari median) | BUREAU_DEBT_TO_CREDIT_RATIO=1.02 (13.5x dari median),Keadaan ekstrem secara statistik namun masih masuk secara logika riil (Tail-end customer).,"Berpeluang cross-selling khusus untuk Very High Net Worth Individual, bila bukan risiko gagal bayar."
76232.0,cluster_3,Tipe A - Data Error,BUREAU_BB_SEVERE_DPD_MEAN=9.07 (178.1x dari median) | REGION_RATING_CLIENT_W_CITY=1.92 (34.6x dari median) | BUREAU_BB_DPD_RATIO_MEAN=6.02 (31.9x dari median) | INST_SEVERE_LATE_RATIO=4.39 (27.1x dari median) | INST_DPD_MEAN=2.21 (20.4x dari median),"Deviasi fitur lebih dari 50x median klaster, kemungkinan kesalahan input sistem.",Tim data engineering perlu memperbaiki flow pipeline ingestion untuk capping nilai ekstrem.
76282.0,cluster_4,Tipe B - Rare but Valid,CC_SK_DPD_MEAN=1.78 (36.8x dari median) | EXT_SOURCE_1=-0.33 (25.5x dari median) | AMT_ANNUITY=-1.64 (20.5x dari median) | AMT_CREDIT=-1.18 (9.2x dari median) | BUREAU_ACTIVE_RATIO=0.46 (8.9x dari median),Keadaan ekstrem secara statistik namun masih masuk secara logika riil (Tail-end customer).,"Berpeluang cross-selling khusus untuk Very High Net Worth Individual, bila bukan risiko gagal bayar."
76480.0,cluster_2,Tipe A - Data Error,POS_MONTHS_COUNT=3.31 (87.4x dari median) | REGION_RATING_CLIENT_W_CITY=1.92 (34.6x dari median) | CREDIT_TERM_MONTHS=1.67 (32.7x dari median) | BUREAU_COUNT=3.78 (22.0x dari median) | BUREAU_DAYS_CREDIT_MEAN=-1.62 (21.2x dari median),"Deviasi fitur lebih dari 50x median klaster, kemungkinan kesalahan input sistem.",Tim data engineering perlu memperbaiki flow pipeline ingestion untuk capping nilai ekstrem.
76560.0,cluster_2,Tipe A - Data Error,BUREAU_BB_SEVERE_DPD_MEAN=7.60 (149.3x dari median) | BUREAU_BB_DPD_RATIO_MEAN=6.40 (33.9x dari median) | BUREAU_DAYS_CREDIT_MEAN=-2.25 (29.7x dari median) | YEARS_BIRTH=-0.84 (26.0x dari median) | BUREAU_ACTIVE_RATIO=-1.11 (17.7x dari median),"Deviasi fitur lebih dari 50x median klaster, kemungkinan kesalahan input sistem.",Tim data engineering perlu memperbaiki flow pipeline ingestion untuk capping nilai ekstrem.
76587.0,cluster_2,Tipe A - Data Error,EXT_SOURCE_1=1.99 (146.8x dari median) | POS_MONTHS_COUNT=3.35 (88.5x dari median) | YEARS_BIRTH=1.16 (38.1x dari median) | AMT_REQ_CREDIT_BUREAU_YEAR=3.58 (27.8x dari median) | BUREAU_ACTIVE_RATIO=1.41 (24.8x dari median),"Deviasi fitur lebih dari 50x median klaster, kemungkinan kesalahan input sistem.",Tim data engineering perlu memperbaiki flow pipeline ingestion untuk capping nilai ekstrem.
76732.0,cluster_1,Tipe B - Rare but Valid,INST_SEVERE_LATE_RATIO=1.56 (10.2x dari median) | INST_DPD_MAX=1.26 (8.8x dari median) | EXT_SOURCE_3=0.99 (7.9x dari median) | YEARS_BIRTH=-1.57 (7.4x dari median) | EXT_SOURCE_2=0.81 (6.9x dari median),Keadaan ekstrem secara statistik namun masih masuk secara logika riil (Tail-end customer).,"Berpeluang cross-selling khusus untuk Very High Net Worth Individual, bila bukan risiko gagal bayar."
76734.0,cluster_0,Tipe A - Data Error,EXT_SOURCE_3=0.98 (458.7x dari median) | EXT_SOURCE_1=1.72 (126.9x dari median) | INST_SEVERE_LATE_RATIO=8.06 (48.9x dari median) | PREV_REFUSED_COUNT=2.89 (27.2x dari median) | INST_LATE_RATIO=5.09 (18.0x dari median),"Deviasi fitur lebih dari 50x median klaster, kemungkinan kesalahan input sistem.",Tim data engineering perlu memperbaiki flow pipeline ingestion untuk capping nilai ekstrem.
76846.0,cluster_2,Tipe C - Risk Signal,BUREAU_ACTIVE_RATIO=2.03 (35.5x dari median) | REGION_RATING_CLIENT_W_CITY=1.92 (34.6x dari median) | YEARS_BIRTH=-1.06 (32.9x dari median) | CREDIT_TERM_MONTHS=1.18 (23.3x dari median) | CREDIT_TO_INCOME=4.43 (19.6x dari median),Kombinasi finansial kontradiktif (contoh: rasio cicilan atau kredit terlalu besar di saat income rendah / profil berisiko).,Tim analis risiko (Underwriting) wajib memberikan manual review sebelum memberikan persetujuan.
76932.0,cluster_1,Tipe A - Data Error,EXT_SOURCE_1=-0.82 (61.7x dari median) | PREV_COUNT=3.60 (10.1x dari median) | PREV_REFUSED_COUNT=4.00 (9.8x dari median) | BUREAU_DAYS_CREDIT_MEAN=1.45 (9.3x dari median) | YEARS_BIRTH=-1.55 (7.3x dari median),"Deviasi fitur lebih dari 50x median klaster, kemungkinan kesalahan input sistem.",Tim data engineering perlu memperbaiki flow pipeline ingestion untuk capping nilai ekstrem.
77142.0,cluster_1,Tipe B - Rare but Valid,REGION_RATING_CLIENT_W_CITY=1.92 (34.6x dari median) | EXT_SOURCE_2=-2.33 (23.6x dari median) | INST_SEVERE_LATE_RATIO=3.37 (21.0x dari median) | BUREAU_DAYS_CREDIT_MEAN=1.45 (9.3x dari median) | YEARS_BIRTH=-1.71 (8.1x dari median),Keadaan ekstrem secara statistik namun masih masuk secara logika riil (Tail-end customer).,"Berpeluang cross-selling khusus untuk Very High Net Worth Individual, bila bukan risiko gagal bayar."
77165.0,cluster_3,Tipe A - Data Error,EXT_SOURCE_1=-3.23 (240.9x dari median) | REGION_RATING_CLIENT_W_CITY=1.92 (34.6x dari median) | YEARS_BIRTH=-1.35 (9.8x dari median) | EXT_SOURCE_3=-0.94 (9.4x dari median) | AMT_INCOME_TOTAL=-1.06 (6.3x dari median),"Deviasi fitur lebih dari 50x median klaster, kemungkinan kesalahan input sistem.",Tim data engineering perlu memperbaiki flow pipeline ingestion untuk capping nilai ekstrem.
77387.0,cluster_0,Tipe A - Data Error,EXT_SOURCE_3=-1.34 (624.2x dari median) | PREV_REFUSED_COUNT=4.56 (43.5x dari median) | BUREAU_COUNT=2.02 (6.8x dari median) | BUREAU_DEBT_TO_CREDIT_RATIO=0.31 (5.4x dari median) | BUREAU_ACTIVE_RATIO=0.24 (5.1x dari median),"Deviasi fitur lebih dari 50x median klaster, kemungkinan kesalahan input sistem.",Tim data engineering perlu memperbaiki flow pipeline ingestion untuk capping nilai ekstrem.
77589.0,cluster_0,Tipe A - Data Error,EXT_SOURCE_3=-0.18 (82.1x dari median) | INST_SEVERE_LATE_RATIO=7.33 (44.6x dari median) | INST_LATE_RATIO=5.63 (19.7x dari median) | INST_DPD_MEAN=0.96 (10.4x dari median) | BUREAU_COUNT=1.58 (5.1x dari median),"Deviasi fitur lebih dari 50x median klaster, kemungkinan kesalahan input sistem.",Tim data engineering perlu memperbaiki flow pipeline ingestion untuk capping nilai ekstrem.
77738.0,cluster_2,Tipe B - Rare but Valid,CREDIT_TERM_MONTHS=1.97 (38.4x dari median) | BUREAU_COUNT=5.10 (29.3x dari median) | YEARS_BIRTH=-0.93 (28.9x dari median) | BUREAU_ACTIVE_RATIO=-0.66 (10.1x dari median) | POS_MONTHS_COUNT=0.40 (9.7x dari median),Keadaan ekstrem secara statistik namun masih masuk secara logika riil (Tail-end customer).,"Berpeluang cross-selling khusus untuk Very High Net Worth Individual, bila bukan risiko gagal bayar."
77976.0,cluster_2,Tipe B - Rare but Valid,YEARS_BIRTH=1.07 (35.4x dari median) | REGION_RATING_CLIENT_W_CITY=-2.04 (34.6x dari median) | POS_MONTHS_COUNT=-0.73 (20.5x dari median) | AMT_ANNUITY=2.16 (15.8x dari median) | EXT_SOURCE_3=-1.62 (15.6x dari median),Keadaan ekstrem secara statistik namun masih masuk secara logika riil (Tail-end customer).,"Berpeluang cross-selling khusus untuk Very High Net Worth Individual, bila bukan risiko gagal bayar."
78255.0,cluster_4,Tipe B - Rare but Valid,EXT_SOURCE_3=-2.94 (27.5x dari median) | PREV_APPROVAL_RATE=0.96 (19.4x dari median) | CREDIT_TERM_MONTHS=-0.74 (8.8x dari median) | ANNUITY_TO_INCOME=-0.81 (7.8x dari median) | YEARS_BIRTH=-0.80 (7.3x dari median),Keadaan ekstrem secara statistik namun masih masuk secara logika riil (Tail-end customer).,"Berpeluang cross-selling khusus untuk Very High Net Worth Individual, bila bukan risiko gagal bayar."
78366.0,cluster_0,Tipe A - Data Error,EXT_SOURCE_3=0.11 (53.0x dari median) | PREV_REFUSED_COUNT=5.12 (48.9x dari median) | INST_SEVERE_LATE_RATIO=5.30 (32.5x dari median) | BUREAU_ACTIVE_RATIO=-1.11 (17.7x dari median) | CREDIT_TERM_MONTHS=-0.81 (14.4x dari median),"Deviasi fitur lebih dari 50x median klaster, kemungkinan kesalahan input sistem.",Tim data engineering perlu memperbaiki flow pipeline ingestion untuk capping nilai ekstrem.
78998.0,cluster_0,Tipe A - Data Error,EXT_SOURCE_3=-1.00 (467.4x dari median) | PREV_REFUSED_COUNT=5.67 (54.3x dari median) | EXT_SOURCE_1=-0.71 (53.9x dari median) | REGION_RATING_CLIENT_W_CITY=-2.04 (34.6x dari median) | INST_DPD_MAX=2.73 (20.3x dari median),"Deviasi fitur lebih dari 50x median klaster, kemungkinan kesalahan input sistem.",Tim data engineering perlu memperbaiki flow pipeline ingestion untuk capping nilai ekstrem.
79170.0,cluster_2,Tipe B - Rare but Valid,POS_MONTHS_COUNT=1.89 (49.7x dari median) | YEARS_BIRTH=1.33 (43.6x dari median) | EXT_SOURCE_3=-1.75 (16.7x dari median) | BUREAU_DAYS_CREDIT_MEAN=0.68 (10.3x dari median) | AMT_REQ_CREDIT_BUREAU_YEAR=-1.03 (9.3x dari median),Keadaan ekstrem secara statistik namun masih masuk secara logika riil (Tail-end customer).,"Berpeluang cross-selling khusus untuk Very High Net Worth Individual, bila bukan risiko gagal bayar."
79868.0,cluster_4,Tipe B - Rare but Valid,POS_SK_DPD_MEAN=7.87 (39.0x dari median) | EXT_SOURCE_3=-1.93 (18.4x dari median) | EXT_SOURCE_2=-2.71 (14.7x dari median) | PREV_APPROVAL_RATE=-0.69 (12.1x dari median) | BUREAU_DEBT_TO_CREDIT_RATIO=0.97 (3.9x dari median),Keadaan ekstrem secara statistik namun masih masuk secara logika riil (Tail-end customer).,"Berpeluang cross-selling khusus untuk Very High Net Worth Individual, bila bukan risiko gagal bayar."
79901.0,cluster_0,Tipe A - Data Error,EXT_SOURCE_3=0.61 (288.2x dari median) | REGION_RATING_CLIENT_W_CITY=1.92 (34.6x dari median) | INST_SEVERE_LATE_RATIO=2.14 (13.7x dari median) | BUREAU_COUNT=3.56 (12.7x dari median) | YEARS_BIRTH=-1.31 (10.0x dari median),"Deviasi fitur lebih dari 50x median klaster, kemungkinan kesalahan input sistem.",Tim data engineering perlu memperbaiki flow pipeline ingestion untuk capping nilai ekstrem.
80441.0,cluster_4,Tipe B - Rare but Valid,POS_SK_DPD_MEAN=7.89 (39.1x dari median) | PREV_APPROVAL_RATE=0.96 (19.4x dari median) | BUREAU_ACTIVE_RATIO=-1.11 (17.7x dari median) | CREDIT_TERM_MONTHS=1.26 (17.7x dari median) | BUREAU_DAYS_CREDIT_MEAN=1.45 (10.5x dari median),Keadaan ekstrem secara statistik namun masih masuk secara logika riil (Tail-end customer).,"Berpeluang cross-selling khusus untuk Very High Net Worth Individual, bila bukan risiko gagal bayar."
80943.0,cluster_0,Tipe A - Data Error,EXT_SOURCE_3=0.35 (162.8x dari median) | PREV_REFUSED_COUNT=2.89 (27.2x dari median) | POS_MONTHS_COUNT=5.00 (14.6x dari median) | CREDIT_TERM_MONTHS=0.53 (11.2x dari median) | BUREAU_ACTIVE_RATIO=-0.62 (9.5x dari median),"Deviasi fitur lebih dari 50x median klaster, kemungkinan kesalahan input sistem.",Tim data engineering perlu memperbaiki flow pipeline ingestion untuk capping nilai ekstrem.
81043.0,cluster_4,Tipe A - Data Error,CC_SK_DPD_MEAN=6.96 (140.8x dari median) | REGION_RATING_CLIENT_W_CITY=1.92 (34.6x dari median) | AMT_ANNUITY=-1.93 (24.0x dari median) | BUREAU_COUNT=3.34 (19.6x dari median) | OWN_CAR_AGE=6.68 (15.7x dari median),"Deviasi fitur lebih dari 50x median klaster, kemungkinan kesalahan input sistem.",Tim data engineering perlu memperbaiki flow pipeline ingestion untuk capping nilai ekstrem.
81225.0,cluster_0,Tipe A - Data Error,EXT_SOURCE_3=1.11 (519.9x dari median) | PREV_REFUSED_COUNT=5.12 (48.9x dari median) | BUREAU_ACTIVE_RATIO=2.03 (35.5x dari median) | POS_MONTHS_COUNT=5.89 (17.4x dari median) | YEARS_BIRTH=1.85 (11.8x dari median),"Deviasi fitur lebih dari 50x median klaster, kemungkinan kesalahan input sistem.",Tim data engineering perlu memperbaiki flow pipeline ingestion untuk capping nilai ekstrem.
81615.0,cluster_0,Tipe A - Data Error,EXT_SOURCE_3=-2.26 (1053.4x dari median) | REGION_RATING_CLIENT_W_CITY=-2.04 (34.6x dari median) | CREDIT_TERM_MONTHS=-1.62 (29.9x dari median) | BUREAU_BB_DPD_RATIO_MEAN=3.28 (17.9x dari median) | INST_LATE_RATIO=3.69 (13.3x dari median),"Deviasi fitur lebih dari 50x median klaster, kemungkinan kesalahan input sistem.",Tim data engineering perlu memperbaiki flow pipeline ingestion untuk capping nilai ekstrem.
82130.0,cluster_2,Tipe A - Data Error,CC_SK_DPD_MEAN=19.62 (395.0x dari median) | EXT_SOURCE_1=1.19 (87.0x dari median) | YEARS_BIRTH=1.14 (37.3x dari median) | POS_MONTHS_COUNT=-0.97 (27.0x dari median) | YEARS_EMPLOYED=1.73 (9.1x dari median),"Deviasi fitur lebih dari 50x median klaster, kemungkinan kesalahan input sistem.",Tim data engineering perlu memperbaiki flow pipeline ingestion untuk capping nilai ekstrem.
82211.0,cluster_2,Tipe B - Rare but Valid,POS_MONTHS_COUNT=1.21 (31.3x dari median) | YEARS_BIRTH=0.83 (27.4x dari median) | BUREAU_ACTIVE_RATIO=1.41 (24.8x dari median) | EXT_SOURCE_3=-2.26 (21.3x dari median) | BUREAU_DEBT_TO_CREDIT_RATIO=1.29 (16.8x dari median),Keadaan ekstrem secara statistik namun masih masuk secara logika riil (Tail-end customer).,"Berpeluang cross-selling khusus untuk Very High Net Worth Individual, bila bukan risiko gagal bayar."
82258.0,cluster_2,Tipe A - Data Error,EXT_SOURCE_1=1.65 (121.7x dari median) | POS_MONTHS_COUNT=1.85 (48.6x dari median) | REGION_RATING_CLIENT_W_CITY=-2.04 (34.6x dari median) | CREDIT_TERM_MONTHS=1.70 (33.2x dari median) | YEARS_BIRTH=-0.91 (28.2x dari median),"Deviasi fitur lebih dari 50x median klaster, kemungkinan kesalahan input sistem.",Tim data engineering perlu memperbaiki flow pipeline ingestion untuk capping nilai ekstrem.
82484.0,cluster_2,Tipe A - Data Error,EXT_SOURCE_1=1.10 (80.4x dari median) | POS_MONTHS_COUNT=1.57 (41.0x dari median) | REGION_RATING_CLIENT_W_CITY=-2.04 (34.6x dari median) | BUREAU_DAYS_CREDIT_MEAN=-2.01 (26.5x dari median) | YEARS_BIRTH=0.66 (22.2x dari median),"Deviasi fitur lebih dari 50x median klaster, kemungkinan kesalahan input sistem.",Tim data engineering perlu memperbaiki flow pipeline ingestion untuk capping nilai ekstrem.
83120.0,cluster_2,Tipe B - Rare but Valid,POS_MONTHS_COUNT=1.29 (33.5x dari median) | BUREAU_ACTIVE_RATIO=1.14 (20.3x dari median) | YEARS_BIRTH=0.51 (17.3x dari median) | BUREAU_DEBT_TO_CREDIT_RATIO=0.92 (12.4x dari median) | CREDIT_TERM_MONTHS=-0.58 (10.0x dari median),Keadaan ekstrem secara statistik namun masih masuk secara logika riil (Tail-end customer).,"Berpeluang cross-selling khusus untuk Very High Net Worth Individual, bila bukan risiko gagal bayar."
83659.0,cluster_0,Tipe A - Data Error,EXT_SOURCE_3=-0.96 (450.0x dari median) | CREDIT_TERM_MONTHS=1.97 (38.7x dari median) | REGION_RATING_CLIENT_W_CITY=1.92 (34.6x dari median) | PREV_REFUSED_COUNT=3.45 (32.6x dari median) | BUREAU_ACTIVE_RATIO=0.78 (14.2x dari median),"Deviasi fitur lebih dari 50x median klaster, kemungkinan kesalahan input sistem.",Tim data engineering perlu memperbaiki flow pipeline ingestion untuk capping nilai ekstrem.
83871.0,cluster_2,Tipe A - Data Error,POS_SK_DPD_MEAN=11.16 (160.4x dari median) | YEARS_BIRTH=1.53 (49.8x dari median) | POS_MONTHS_COUNT=1.49 (38.9x dari median) | REGION_RATING_CLIENT_W_CITY=-2.04 (34.6x dari median) | BUREAU_DAYS_CREDIT_MEAN=1.45 (20.8x dari median),"Deviasi fitur lebih dari 50x median klaster, kemungkinan kesalahan input sistem.",Tim data engineering perlu memperbaiki flow pipeline ingestion untuk capping nilai ekstrem.
84069.0,cluster_2,Tipe B - Rare but Valid,EXT_SOURCE_1=-0.47 (36.2x dari median) | REGION_RATING_CLIENT_W_CITY=-2.04 (34.6x dari median) | YEARS_BIRTH=-0.89 (27.4x dari median) | CREDIT_TERM_MONTHS=-1.48 (27.1x dari median) | BUREAU_DAYS_CREDIT_MEAN=1.45 (20.8x dari median),Keadaan ekstrem secara statistik namun masih masuk secara logika riil (Tail-end customer).,"Berpeluang cross-selling khusus untuk Very High Net Worth Individual, bila bukan risiko gagal bayar."
84164.0,cluster_2,Tipe A - Data Error,EXT_SOURCE_1=-1.79 (134.0x dari median) | YEARS_BIRTH=-1.08 (33.5x dari median) | BUREAU_ACTIVE_RATIO=0.99 (17.7x dari median) | POS_MONTHS_COUNT=0.68 (17.3x dari median) | AMT_REQ_CREDIT_BUREAU_YEAR=1.85 (13.9x dari median),"Deviasi fitur lebih dari 50x median klaster, kemungkinan kesalahan input sistem.",Tim data engineering perlu memperbaiki flow pipeline ingestion untuk capping nilai ekstrem.
84223.0,cluster_0,Tipe A - Data Error,EXT_SOURCE_3=-1.93 (903.3x dari median) | EXT_SOURCE_1=-1.11 (83.5x dari median) | PREV_REFUSED_COUNT=2.89 (27.2x dari median) | BUREAU_BB_DPD_RATIO_MEAN=3.99 (21.5x dari median) | BUREAU_DEBT_TO_CREDIT_RATIO=0.58 (9.4x dari median),"Deviasi fitur lebih dari 50x median klaster, kemungkinan kesalahan input sistem.",Tim data engineering perlu memperbaiki flow pipeline ingestion untuk capping nilai ekstrem.
84473.0,cluster_2,Tipe A - Data Error,CC_SK_DPD_MEAN=25.23 (507.6x dari median) | EXT_SOURCE_1=1.16 (84.8x dari median) | REGION_RATING_CLIENT_W_CITY=1.92 (34.6x dari median) | YEARS_BIRTH=1.01 (33.2x dari median) | POS_MONTHS_COUNT=-0.93 (25.9x dari median),"Deviasi fitur lebih dari 50x median klaster, kemungkinan kesalahan input sistem.",Tim data engineering perlu memperbaiki flow pipeline ingestion untuk capping nilai ekstrem.
84632.0,cluster_4,Tipe A - Data Error,BUREAU_BB_SEVERE_DPD_MEAN=37.66 (736.4x dari median) | BUREAU_BB_DPD_RATIO_MEAN=23.77 (123.3x dari median) | POS_SK_DPD_MEAN=21.74 (109.7x dari median) | BUREAU_ACTIVE_RATIO=2.03 (35.5x dari median) | PREV_APPROVAL_RATE=0.96 (19.4x dari median),"Deviasi fitur lebih dari 50x median klaster, kemungkinan kesalahan input sistem.",Tim data engineering perlu memperbaiki flow pipeline ingestion untuk capping nilai ekstrem.
84642.0,cluster_4,Tipe B - Rare but Valid,POS_SK_DPD_MEAN=8.25 (41.0x dari median) | REGION_RATING_CLIENT_W_CITY=1.92 (34.6x dari median) | PREV_APPROVAL_RATE=-1.76 (32.6x dari median) | CC_UTILIZATION_MEAN=3.56 (9.8x dari median) | BUREAU_ACTIVE_RATIO=0.46 (8.9x dari median),Keadaan ekstrem secara statistik namun masih masuk secara logika riil (Tail-end customer).,"Berpeluang cross-selling khusus untuk Very High Net Worth Individual, bila bukan risiko gagal bayar."
84781.0,cluster_2,Tipe B - Rare but Valid,YEARS_BIRTH=1.35 (44.1x dari median) | REGION_RATING_CLIENT_W_CITY=-2.04 (34.6x dari median) | CREDIT_TERM_MONTHS=1.70 (33.2x dari median) | BUREAU_DAYS_CREDIT_MEAN=1.45 (20.8x dari median) | BUREAU_ACTIVE_RATIO=-1.11 (17.7x dari median),Keadaan ekstrem secara statistik namun masih masuk secara logika riil (Tail-end customer).,"Berpeluang cross-selling khusus untuk Very High Net Worth Individual, bila bukan risiko gagal bayar."
84898.0,cluster_4,Tipe A - Data Error,CC_SK_DPD_MEAN=14.72 (296.7x dari median) | AMT_ANNUITY=-1.90 (23.6x dari median) | PREV_APPROVAL_RATE=0.96 (19.4x dari median) | ANNUITY_TO_INCOME=-1.26 (12.8x dari median) | AMT_CREDIT=-1.40 (10.7x dari median),"Deviasi fitur lebih dari 50x median klaster, kemungkinan kesalahan input sistem.",Tim data engineering perlu memperbaiki flow pipeline ingestion untuk capping nilai ekstrem.
85610.0,cluster_4,Tipe B - Rare but Valid,EXT_SOURCE_1=-0.39 (29.6x dari median) | AMT_ANNUITY=-1.94 (24.1x dari median) | CREDIT_TERM_MONTHS=-1.51 (19.0x dari median) | AMT_CREDIT=-2.52 (18.5x dari median) | ANNUITY_TO_INCOME=-1.27 (12.9x dari median),Keadaan ekstrem secara statistik namun masih masuk secara logika riil (Tail-end customer).,"Berpeluang cross-selling khusus untuk Very High Net Worth Individual, bila bukan risiko gagal bayar."
85886.0,cluster_2,Tipe B - Rare but Valid,POS_MONTHS_COUNT=1.65 (43.2x dari median) | BUREAU_DAYS_CREDIT_MEAN=1.45 (20.8x dari median) | BUREAU_ACTIVE_RATIO=-1.11 (17.7x dari median) | AMT_INCOME_TOTAL=1.40 (11.9x dari median) | EXT_SOURCE_3=-1.16 (11.4x dari median),Keadaan ekstrem secara statistik namun masih masuk secara logika riil (Tail-end customer).,"Berpeluang cross-selling khusus untuk Very High Net Worth Individual, bila bukan risiko gagal bayar."
87344.0,cluster_2,Tipe B - Rare but Valid,CREDIT_TERM_MONTHS=1.26 (25.0x dari median) | POS_MONTHS_COUNT=0.97 (24.8x dari median) | EXT_SOURCE_3=-1.90 (18.1x dari median) | INST_DPD_MAX=1.77 (18.0x dari median) | BUREAU_ACTIVE_RATIO=0.89 (16.1x dari median),Keadaan ekstrem secara statistik namun masih masuk secara logika riil (Tail-end customer).,"Berpeluang cross-selling khusus untuk Very High Net Worth Individual, bila bukan risiko gagal bayar."
87435.0,cluster_2,Tipe B - Rare but Valid,YEARS_BIRTH=1.48 (48.3x dari median) | AMT_REQ_CREDIT_BUREAU_YEAR=3.58 (27.8x dari median) | CREDIT_TERM_MONTHS=-1.31 (23.8x dari median) | PREV_COUNT=7.60 (23.6x dari median) | EXT_SOURCE_3=-2.48 (23.3x dari median),Keadaan ekstrem secara statistik namun masih masuk secara logika riil (Tail-end customer).,"Berpeluang cross-selling khusus untuk Very High Net Worth Individual, bila bukan risiko gagal bayar."
87741.0,cluster_4,Tipe A - Data Error,EXT_SOURCE_1=1.88 (138.8x dari median) | POS_SK_DPD_MEAN=7.93 (39.4x dari median) | CREDIT_TERM_MONTHS=1.26 (17.7x dari median) | ANNUITY_TO_INCOME=-1.33 (13.5x dari median) | BUREAU_COUNT=2.24 (13.4x dari median),"Deviasi fitur lebih dari 50x median klaster, kemungkinan kesalahan input sistem.",Tim data engineering perlu memperbaiki flow pipeline ingestion untuk capping nilai ekstrem.
87912.0,cluster_2,Tipe A - Data Error,EXT_SOURCE_1=-1.09 (82.2x dari median) | YEARS_BIRTH=-1.38 (43.2x dari median) | AMT_REQ_CREDIT_BUREAU_YEAR=3.58 (27.8x dari median) | POS_MONTHS_COUNT=1.01 (25.9x dari median) | PREV_REFUSED_COUNT=6.79 (15.9x dari median),"Deviasi fitur lebih dari 50x median klaster, kemungkinan kesalahan input sistem.",Tim data engineering perlu memperbaiki flow pipeline ingestion untuk capping nilai ekstrem.
87976.0,cluster_3,Tipe A - Data Error,EXT_SOURCE_1=-1.67 (125.2x dari median) | INST_SEVERE_LATE_RATIO=3.02 (18.9x dari median) | BUREAU_DAYS_CREDIT_MEAN=-1.18 (11.5x dari median) | INST_DPD_MEAN=1.04 (10.2x dari median) | INST_LATE_RATIO=3.80 (7.1x dari median),"Deviasi fitur lebih dari 50x median klaster, kemungkinan kesalahan input sistem.",Tim data engineering perlu memperbaiki flow pipeline ingestion untuk capping nilai ekstrem.
88867.0,cluster_2,Tipe A - Data Error,POS_MONTHS_COUNT=4.23 (112.3x dari median) | EXT_SOURCE_1=-1.03 (77.2x dari median) | EXT_SOURCE_3=-2.54 (23.8x dari median) | CREDIT_TERM_MONTHS=-1.05 (18.9x dari median) | YEARS_BIRTH=-0.41 (12.2x dari median),"Deviasi fitur lebih dari 50x median klaster, kemungkinan kesalahan input sistem.",Tim data engineering perlu memperbaiki flow pipeline ingestion untuk capping nilai ekstrem.
90046.0,cluster_2,Tipe B - Rare but Valid,EXT_SOURCE_1=0.52 (37.7x dari median) | CREDIT_TERM_MONTHS=-1.09 (19.7x dari median) | YEARS_BIRTH=-0.53 (15.8x dari median) | BUREAU_COUNT=2.24 (13.4x dari median) | INST_LATE_RATIO=2.90 (11.6x dari median),Keadaan ekstrem secara statistik namun masih masuk secara logika riil (Tail-end customer).,"Berpeluang cross-selling khusus untuk Very High Net Worth Individual, bila bukan risiko gagal bayar."
90071.0,cluster_0,Tipe A - Data Error,EXT_SOURCE_3=-2.03 (949.2x dari median) | EXT_SOURCE_1=0.54 (38.9x dari median) | PREV_REFUSED_COUNT=4.00 (38.0x dari median) | BUREAU_ACTIVE_RATIO=1.51 (26.6x dari median) | CREDIT_TERM_MONTHS=1.29 (25.7x dari median),"Deviasi fitur lebih dari 50x median klaster, kemungkinan kesalahan input sistem.",Tim data engineering perlu memperbaiki flow pipeline ingestion untuk capping nilai ekstrem.
91369.0,cluster_0,Tipe A - Data Error,EXT_SOURCE_3=-1.36 (635.9x dari median) | EXT_SOURCE_1=1.23 (90.0x dari median) | PREV_REFUSED_COUNT=4.00 (38.0x dari median) | BUREAU_DEBT_TO_CREDIT_RATIO=1.29 (19.5x dari median) | CREDIT_TERM_MONTHS=-0.94 (17.0x dari median),"Deviasi fitur lebih dari 50x median klaster, kemungkinan kesalahan input sistem.",Tim data engineering perlu memperbaiki flow pipeline ingestion untuk capping nilai ekstrem.
92160.0,cluster_0,Tipe A - Data Error,EXT_SOURCE_3=-1.03 (480.4x dari median) | EXT_SOURCE_1=-0.82 (62.1x dari median) | PREV_REFUSED_COUNT=3.45 (32.6x dari median) | CREDIT_TERM_MONTHS=-1.48 (27.3x dari median) | BUREAU_ACTIVE_RATIO=0.86 (15.5x dari median),"Deviasi fitur lebih dari 50x median klaster, kemungkinan kesalahan input sistem.",Tim data engineering perlu memperbaiki flow pipeline ingestion untuk capping nilai ekstrem.
92181.0,cluster_0,Tipe A - Data Error,EXT_SOURCE_3=0.50 (233.1x dari median) | EXT_SOURCE_1=2.67 (197.3x dari median) | YEARS_EMPLOYED=4.25 (30.3x dari median) | BUREAU_DEBT_TO_CREDIT_RATIO=-0.59 (7.4x dari median) | PREV_REFUSED_COUNT=-0.45 (5.4x dari median),"Deviasi fitur lebih dari 50x median klaster, kemungkinan kesalahan input sistem.",Tim data engineering perlu memperbaiki flow pipeline ingestion untuk capping nilai ekstrem.
92355.0,cluster_4,Tipe B - Rare but Valid,REGION_RATING_CLIENT_W_CITY=-2.04 (34.6x dari median) | PREV_APPROVAL_RATE=0.96 (19.4x dari median) | AMT_ANNUITY=1.42 (16.0x dari median) | EXT_SOURCE_3=-1.31 (12.8x dari median) | BUREAU_COUNT=1.58 (9.8x dari median),Keadaan ekstrem secara statistik namun masih masuk secara logika riil (Tail-end customer).,"Berpeluang cross-selling khusus untuk Very High Net Worth Individual, bila bukan risiko gagal bayar."
92642.0,cluster_3,Tipe B - Rare but Valid,INST_SEVERE_LATE_RATIO=6.21 (37.9x dari median) | REGION_RATING_CLIENT_W_CITY=1.92 (34.6x dari median) | AMT_INCOME_TOTAL=-1.96 (12.6x dari median) | INST_DPD_MEAN=1.12 (10.9x dari median) | INST_LATE_RATIO=3.36 (6.3x dari median),Keadaan ekstrem secara statistik namun masih masuk secara logika riil (Tail-end customer).,"Berpeluang cross-selling khusus untuk Very High Net Worth Individual, bila bukan risiko gagal bayar."
93013.0,cluster_4,Tipe A - Data Error,CC_SK_DPD_MEAN=18.92 (380.9x dari median) | POS_SK_DPD_MEAN=5.57 (27.3x dari median) | CREDIT_TERM_MONTHS=1.67 (23.2x dari median) | PREV_APPROVAL_RATE=0.96 (19.4x dari median) | EXT_SOURCE_3=1.34 (11.0x dari median),"Deviasi fitur lebih dari 50x median klaster, kemungkinan kesalahan input sistem.",Tim data engineering perlu memperbaiki flow pipeline ingestion untuk capping nilai ekstrem.
93056.0,cluster_2,Tipe A - Data Error,EXT_SOURCE_1=-1.92 (143.3x dari median) | YEARS_BIRTH=-1.06 (33.0x dari median) | BUREAU_DAYS_CREDIT_MEAN=1.45 (20.8x dari median) | BUREAU_ACTIVE_RATIO=-1.11 (17.7x dari median) | AMT_ANNUITY=-1.40 (11.9x dari median),"Deviasi fitur lebih dari 50x median klaster, kemungkinan kesalahan input sistem.",Tim data engineering perlu memperbaiki flow pipeline ingestion untuk capping nilai ekstrem.
93076.0,cluster_1,Tipe A - Data Error,EXT_SOURCE_1=-1.61 (120.3x dari median) | OWN_CAR_AGE=6.68 (15.7x dari median) | BUREAU_ACTIVE_RATIO=2.03 (10.8x dari median) | CNT_CHILDREN=3.60 (7.2x dari median) | BUREAU_DAYS_CREDIT_MEAN=1.02 (6.2x dari median),"Deviasi fitur lebih dari 50x median klaster, kemungkinan kesalahan input sistem.",Tim data engineering perlu memperbaiki flow pipeline ingestion untuk capping nilai ekstrem.
93305.0,cluster_2,Tipe B - Rare but Valid,CREDIT_TERM_MONTHS=1.96 (38.1x dari median) | POS_MONTHS_COUNT=1.01 (25.9x dari median) | YEARS_BIRTH=0.55 (18.5x dari median) | EXT_SOURCE_3=1.40 (11.6x dari median) | AMT_INCOME_TOTAL=1.05 (8.7x dari median),Keadaan ekstrem secara statistik namun masih masuk secara logika riil (Tail-end customer).,"Berpeluang cross-selling khusus untuk Very High Net Worth Individual, bila bukan risiko gagal bayar."
94006.0,cluster_3,Tipe A - Data Error,EXT_SOURCE_1=1.08 (79.5x dari median) | BUREAU_DAYS_CREDIT_MEAN=-1.20 (11.6x dari median) | EXT_SOURCE_3=1.29 (10.6x dari median) | CREDIT_TO_INCOME=4.20 (7.2x dari median) | CREDIT_TERM_MONTHS=2.17 (5.5x dari median),"Deviasi fitur lebih dari 50x median klaster, kemungkinan kesalahan input sistem.",Tim data engineering perlu memperbaiki flow pipeline ingestion untuk capping nilai ekstrem.
94414.0,cluster_3,Tipe B - Rare but Valid,BUREAU_DAYS_CREDIT_MEAN=1.45 (11.9x dari median) | YEARS_BIRTH=-1.23 (8.8x dari median) | EXT_SOURCE_2=-1.82 (7.9x dari median) | OWN_CAR_AGE=3.11 (7.8x dari median) | AMT_INCOME_TOTAL=-1.06 (6.3x dari median),Keadaan ekstrem secara statistik namun masih masuk secara logika riil (Tail-end customer).,"Berpeluang cross-selling khusus untuk Very High Net Worth Individual, bila bukan risiko gagal bayar."
94812.0,cluster_2,Tipe B - Rare but Valid,EXT_SOURCE_1=0.66 (47.8x dari median) | CREDIT_TERM_MONTHS=1.67 (32.7x dari median) | POS_MONTHS_COUNT=-0.81 (22.7x dari median) | YEARS_BIRTH=0.55 (18.7x dari median) | BUREAU_DAYS_CREDIT_MEAN=-0.87 (10.9x dari median),Keadaan ekstrem secara statistik namun masih masuk secara logika riil (Tail-end customer).,"Berpeluang cross-selling khusus untuk Very High Net Worth Individual, bila bukan risiko gagal bayar."
94915.0,cluster_4,Tipe A - Data Error,POS_SK_DPD_MEAN=24.22 (122.3x dari median) | PREV_APPROVAL_RATE=-2.34 (43.7x dari median) | INST_DPD_MEAN=110.97 (38.6x dari median) | AMT_ANNUITY=2.18 (25.0x dari median) | ANNUITY_TO_INCOME=1.16 (13.7x dari median),"Deviasi fitur lebih dari 50x median klaster, kemungkinan kesalahan input sistem.",Tim data engineering perlu memperbaiki flow pipeline ingestion untuk capping nilai ekstrem.
95252.0,cluster_2,Tipe A - Data Error,EXT_SOURCE_1=-2.11 (157.4x dari median) | YEARS_BIRTH=-1.21 (37.7x dari median) | POS_MONTHS_COUNT=-0.65 (18.4x dari median) | AMT_INCOME_TOTAL=-1.53 (15.0x dari median) | CREDIT_TERM_MONTHS=-0.80 (14.1x dari median),"Deviasi fitur lebih dari 50x median klaster, kemungkinan kesalahan input sistem.",Tim data engineering perlu memperbaiki flow pipeline ingestion untuk capping nilai ekstrem.
95409.0,cluster_2,Tipe A - Data Error,EXT_SOURCE_1=-1.42 (106.4x dari median) | CREDIT_TERM_MONTHS=1.96 (38.1x dari median) | BUREAU_DAYS_CREDIT_MEAN=-1.18 (15.1x dari median) | CREDIT_TO_INCOME=3.11 (14.0x dari median) | POS_MONTHS_COUNT=0.56 (14.0x dari median),"Deviasi fitur lebih dari 50x median klaster, kemungkinan kesalahan input sistem.",Tim data engineering perlu memperbaiki flow pipeline ingestion untuk capping nilai ekstrem.
95510.0,cluster_2,Tipe A - Data Error,EXT_SOURCE_1=-0.79 (59.7x dari median) | YEARS_BIRTH=-1.01 (31.4x dari median) | AMT_REQ_CREDIT_BUREAU_YEAR=3.58 (27.8x dari median) | BUREAU_DEBT_TO_CREDIT_RATIO=1.39 (18.1x dari median) | PREV_COUNT=4.54 (13.7x dari median),"Deviasi fitur lebih dari 50x median klaster, kemungkinan kesalahan input sistem.",Tim data engineering perlu memperbaiki flow pipeline ingestion untuk capping nilai ekstrem.
95592.0,cluster_4,Tipe B - Rare but Valid,EXT_SOURCE_1=0.36 (25.9x dari median) | POS_SK_DPD_MEAN=4.86 (23.8x dari median) | BUREAU_ACTIVE_RATIO=-1.11 (17.7x dari median) | ANNUITY_TO_INCOME=0.96 (11.5x dari median) | PREV_APPROVAL_RATE=0.41 (8.9x dari median),Keadaan ekstrem secara statistik namun masih masuk secara logika riil (Tail-end customer).,"Berpeluang cross-selling khusus untuk Very High Net Worth Individual, bila bukan risiko gagal bayar."
95813.0,cluster_2,Tipe B - Rare but Valid,BUREAU_ACTIVE_RATIO=1.79 (31.4x dari median) | POS_MONTHS_COUNT=-1.13 (31.3x dari median) | YEARS_BIRTH=-0.74 (22.6x dari median) | EXT_SOURCE_3=-2.13 (20.2x dari median) | BUREAU_DEBT_TO_CREDIT_RATIO=1.47 (19.2x dari median),Keadaan ekstrem secara statistik namun masih masuk secara logika riil (Tail-end customer).,"Berpeluang cross-selling khusus untuk Very High Net Worth Individual, bila bukan risiko gagal bayar."
96315.0,cluster_4,Tipe B - Rare but Valid,PREV_APPROVAL_RATE=0.96 (19.4x dari median) | BUREAU_ACTIVE_RATIO=-1.11 (17.7x dari median) | BUREAU_DAYS_CREDIT_MEAN=1.45 (10.5x dari median) | EXT_SOURCE_2=-1.78 (10.0x dari median) | YEARS_BIRTH=-0.72 (6.6x dari median),Keadaan ekstrem secara statistik namun masih masuk secara logika riil (Tail-end customer).,"Berpeluang cross-selling khusus untuk Very High Net Worth Individual, bila bukan risiko gagal bayar."
96734.0,cluster_2,Tipe A - Data Error,EXT_SOURCE_1=-2.08 (155.4x dari median) | YEARS_BIRTH=-1.74 (54.5x dari median) | BUREAU_ACTIVE_RATIO=2.03 (35.5x dari median) | CREDIT_TERM_MONTHS=-1.30 (23.6x dari median) | EXT_SOURCE_3=-1.51 (14.5x dari median),"Deviasi fitur lebih dari 50x median klaster, kemungkinan kesalahan input sistem.",Tim data engineering perlu memperbaiki flow pipeline ingestion untuk capping nilai ekstrem.
97127.0,cluster_4,Tipe B - Rare but Valid,CREDIT_TERM_MONTHS=1.95 (26.9x dari median) | CREDIT_TO_INCOME=1.14 (8.3x dari median) | PREV_APPROVAL_RATE=-0.45 (7.6x dari median) | AMT_CREDIT=1.18 (7.2x dari median) | YEARS_BIRTH=-0.50 (4.9x dari median),Keadaan ekstrem secara statistik namun masih masuk secara logika riil (Tail-end customer).,"Berpeluang cross-selling khusus untuk Very High Net Worth Individual, bila bukan risiko gagal bayar."
97161.0,cluster_2,Tipe A - Data Error,BUREAU_BB_SEVERE_DPD_MEAN=2.63 (52.4x dari median) | EXT_SOURCE_1=-0.48 (36.4x dari median) | REGION_RATING_CLIENT_W_CITY=1.92 (34.6x dari median) | YEARS_BIRTH=0.82 (27.2x dari median) | CREDIT_TERM_MONTHS=1.28 (25.4x dari median),"Deviasi fitur lebih dari 50x median klaster, kemungkinan kesalahan input sistem.",Tim data engineering perlu memperbaiki flow pipeline ingestion untuk capping nilai ekstrem.
97618.0,cluster_2,Tipe A - Data Error,EXT_SOURCE_1=1.65 (121.2x dari median) | POS_MONTHS_COUNT=2.94 (77.7x dari median) | YEARS_BIRTH=1.70 (55.4x dari median) | EXT_SOURCE_3=-2.08 (19.7x dari median) | AMT_REQ_CREDIT_BUREAU_YEAR=2.43 (18.5x dari median),"Deviasi fitur lebih dari 50x median klaster, kemungkinan kesalahan input sistem.",Tim data engineering perlu memperbaiki flow pipeline ingestion untuk capping nilai ekstrem.
97627.0,cluster_0,Tipe A - Data Error,EXT_SOURCE_3=0.30 (139.1x dari median) | EXT_SOURCE_1=1.37 (100.4x dari median) | PREV_REFUSED_COUNT=5.12 (48.9x dari median) | REGION_RATING_CLIENT_W_CITY=1.92 (34.6x dari median) | CREDIT_TERM_MONTHS=1.28 (25.5x dari median),"Deviasi fitur lebih dari 50x median klaster, kemungkinan kesalahan input sistem.",Tim data engineering perlu memperbaiki flow pipeline ingestion untuk capping nilai ekstrem.
97966.0,cluster_4,Tipe A - Data Error,CC_SK_DPD_MEAN=11.37 (229.3x dari median) | ANNUITY_TO_INCOME=2.20 (25.1x dari median) | PREV_APPROVAL_RATE=0.96 (19.4x dari median) | YEARS_EMPLOYED=4.57 (14.5x dari median) | BUREAU_ACTIVE_RATIO=0.78 (14.2x dari median),"Deviasi fitur lebih dari 50x median klaster, kemungkinan kesalahan input sistem.",Tim data engineering perlu memperbaiki flow pipeline ingestion untuk capping nilai ekstrem.
98187.0,cluster_1,Tipe B - Rare but Valid,OWN_CAR_AGE=6.68 (15.7x dari median) | EXT_SOURCE_2=-1.41 (14.7x dari median) | YEARS_BIRTH=-1.76 (8.4x dari median) | BUREAU_ACTIVE_RATIO=-1.11 (4.3x dari median) | INST_DPD_MEAN=0.21 (2.9x dari median),Keadaan ekstrem secara statistik namun masih masuk secara logika riil (Tail-end customer).,"Berpeluang cross-selling khusus untuk Very High Net Worth Individual, bila bukan risiko gagal bayar."
98450.0,cluster_2,Tipe A - Data Error,BUREAU_BB_SEVERE_DPD_MEAN=3.13 (62.1x dari median) | YEARS_BIRTH=1.75 (56.8x dari median) | REGION_RATING_CLIENT_W_CITY=1.92 (34.6x dari median) | POS_MONTHS_COUNT=1.33 (34.5x dari median) | BUREAU_BB_DPD_RATIO_MEAN=3.07 (16.8x dari median),"Deviasi fitur lebih dari 50x median klaster, kemungkinan kesalahan input sistem.",Tim data engineering perlu memperbaiki flow pipeline ingestion untuk capping nilai ekstrem.
98546.0,cluster_2,Tipe A - Data Error,EXT_SOURCE_1=-2.34 (174.4x dari median) | EXT_SOURCE_3=-2.38 (22.4x dari median) | PREV_REFUSED_COUNT=9.57 (22.1x dari median) | POS_MONTHS_COUNT=0.76 (19.4x dari median) | PREV_COUNT=4.31 (13.0x dari median),"Deviasi fitur lebih dari 50x median klaster, kemungkinan kesalahan input sistem.",Tim data engineering perlu memperbaiki flow pipeline ingestion untuk capping nilai ekstrem.
99866.0,cluster_4,Tipe B - Rare but Valid,BUREAU_ACTIVE_RATIO=2.03 (35.5x dari median) | POS_SK_DPD_MEAN=5.66 (27.8x dari median) | PREV_APPROVAL_RATE=0.96 (19.4x dari median) | AMT_ANNUITY=-1.13 (14.4x dari median) | EXT_SOURCE_2=-1.84 (10.3x dari median),Keadaan ekstrem secara statistik namun masih masuk secara logika riil (Tail-end customer).,"Berpeluang cross-selling khusus untuk Very High Net Worth Individual, bila bukan risiko gagal bayar."
99993.0,cluster_1,Tipe B - Rare but Valid,EXT_SOURCE_2=1.14 (10.0x dari median) | BUREAU_DAYS_CREDIT_MEAN=1.45 (9.3x dari median) | YEARS_BIRTH=-1.87 (9.0x dari median) | INST_LATE_RATIO=2.32 (4.7x dari median) | BUREAU_ACTIVE_RATIO=-1.11 (4.3x dari median),Keadaan ekstrem secara statistik namun masih masuk secara logika riil (Tail-end customer).,"Berpeluang cross-selling khusus untuk Very High Net Worth Individual, bila bukan risiko gagal bayar."
100321.0,cluster_2,Tipe A - Data Error,POS_MONTHS_COUNT=2.42 (63.7x dari median) | YEARS_BIRTH=1.30 (42.5x dari median) | BUREAU_BB_DPD_RATIO_MEAN=5.34 (28.4x dari median) | EXT_SOURCE_3=-2.53 (23.7x dari median) | AMT_INCOME_TOTAL=1.24 (10.3x dari median),"Deviasi fitur lebih dari 50x median klaster, kemungkinan kesalahan input sistem.",Tim data engineering perlu memperbaiki flow pipeline ingestion untuk capping nilai ekstrem.
100412.0,cluster_3,Tipe C - Risk Signal,YEARS_BIRTH=1.69 (14.5x dari median) | AMT_INCOME_TOTAL=-2.13 (13.7x dari median) | BUREAU_ACTIVE_RATIO=2.03 (13.4x dari median) | BUREAU_DAYS_CREDIT_MEAN=1.27 (10.3x dari median) | INST_LATE_RATIO=3.80 (7.1x dari median),Kombinasi finansial kontradiktif (contoh: rasio cicilan atau kredit terlalu besar di saat income rendah / profil berisiko).,Tim analis risiko (Underwriting) wajib memberikan manual review sebelum memberikan persetujuan.
100446.0,cluster_4,Tipe A - Data Error,BUREAU_BB_SEVERE_DPD_MEAN=21.12 (413.4x dari median) | BUREAU_BB_DPD_RATIO_MEAN=28.40 (147.0x dari median) | POS_SK_DPD_MEAN=5.98 (29.5x dari median) | BUREAU_ACTIVE_RATIO=-1.11 (17.7x dari median) | AMT_ANNUITY=1.18 (13.1x dari median),"Deviasi fitur lebih dari 50x median klaster, kemungkinan kesalahan input sistem.",Tim data engineering perlu memperbaiki flow pipeline ingestion untuk capping nilai ekstrem.
100469.0,cluster_2,Tipe A - Data Error,POS_MONTHS_COUNT=4.56 (120.9x dari median) | REGION_RATING_CLIENT_W_CITY=1.92 (34.6x dari median) | YEARS_EMPLOYED=4.17 (20.6x dari median) | YEARS_BIRTH=0.55 (18.6x dari median) | BUREAU_DAYS_CREDIT_MEAN=-0.78 (9.6x dari median),"Deviasi fitur lebih dari 50x median klaster, kemungkinan kesalahan input sistem.",Tim data engineering perlu memperbaiki flow pipeline ingestion untuk capping nilai ekstrem.
100557.0,cluster_2,Tipe A - Data Error,EXT_SOURCE_1=-1.38 (103.7x dari median) | POS_SK_DPD_MEAN=4.35 (63.2x dari median) | REGION_RATING_CLIENT_W_CITY=-2.04 (34.6x dari median) | EXT_SOURCE_3=-2.61 (24.4x dari median) | POS_MONTHS_COUNT=0.84 (21.6x dari median),"Deviasi fitur lebih dari 50x median klaster, kemungkinan kesalahan input sistem.",Tim data engineering perlu memperbaiki flow pipeline ingestion untuk capping nilai ekstrem.
100862.0,cluster_0,Tipe A - Data Error,EXT_SOURCE_3=0.60 (283.6x dari median) | EXT_SOURCE_1=-2.91 (216.8x dari median) | CREDIT_TERM_MONTHS=1.68 (33.1x dari median) | YEARS_EMPLOYED=1.59 (12.0x dari median) | POS_MONTHS_COUNT=3.75 (10.7x dari median),"Deviasi fitur lebih dari 50x median klaster, kemungkinan kesalahan input sistem.",Tim data engineering perlu memperbaiki flow pipeline ingestion untuk capping nilai ekstrem.
100953.0,cluster_2,Tipe A - Data Error,EXT_SOURCE_1=0.81 (59.0x dari median) | YEARS_BIRTH=-1.35 (42.3x dari median) | CREDIT_TERM_MONTHS=-1.62 (29.7x dari median) | PREV_REFUSED_COUNT=8.46 (19.6x dari median) | POS_MONTHS_COUNT=0.76 (19.4x dari median),"Deviasi fitur lebih dari 50x median klaster, kemungkinan kesalahan input sistem.",Tim data engineering perlu memperbaiki flow pipeline ingestion untuk capping nilai ekstrem.
101138.0,cluster_4,Tipe A - Data Error,EXT_SOURCE_1=-1.76 (131.6x dari median) | BUREAU_BB_DPD_RATIO_MEAN=13.28 (69.3x dari median) | BUREAU_ACTIVE_RATIO=2.03 (35.5x dari median) | REGION_RATING_CLIENT_W_CITY=-2.04 (34.6x dari median) | PREV_APPROVAL_RATE=0.96 (19.4x dari median),"Deviasi fitur lebih dari 50x median klaster, kemungkinan kesalahan input sistem.",Tim data engineering perlu memperbaiki flow pipeline ingestion untuk capping nilai ekstrem.
101289.0,cluster_2,Tipe A - Data Error,YEARS_BIRTH=1.62 (52.9x dari median) | POS_MONTHS_COUNT=1.89 (49.7x dari median) | AMT_REQ_CREDIT_BUREAU_YEAR=3.58 (27.8x dari median) | BUREAU_COUNT=3.34 (19.6x dari median) | EXT_SOURCE_3=-1.71 (16.4x dari median),"Deviasi fitur lebih dari 50x median klaster, kemungkinan kesalahan input sistem.",Tim data engineering perlu memperbaiki flow pipeline ingestion untuk capping nilai ekstrem.
101658.0,cluster_2,Tipe A - Data Error,EXT_SOURCE_1=2.42 (179.0x dari median) | YEARS_BIRTH=-1.04 (32.2x dari median) | BUREAU_ACTIVE_RATIO=0.99 (17.7x dari median) | AMT_REQ_CREDIT_BUREAU_YEAR=1.85 (13.9x dari median) | PREV_APPROVAL_RATE=-1.44 (9.5x dari median),"Deviasi fitur lebih dari 50x median klaster, kemungkinan kesalahan input sistem.",Tim data engineering perlu memperbaiki flow pipeline ingestion untuk capping nilai ekstrem.
101687.0,cluster_2,Tipe A - Data Error,EXT_SOURCE_1=1.74 (128.5x dari median) | POS_MONTHS_COUNT=3.75 (99.3x dari median) | INST_DPD_MAX=5.13 (50.3x dari median) | YEARS_BIRTH=1.46 (47.7x dari median) | BUREAU_ACTIVE_RATIO=2.03 (35.5x dari median),"Deviasi fitur lebih dari 50x median klaster, kemungkinan kesalahan input sistem.",Tim data engineering perlu memperbaiki flow pipeline ingestion untuk capping nilai ekstrem.
101816.0,cluster_4,Tipe A - Data Error,EXT_SOURCE_1=-1.70 (126.9x dari median) | POS_SK_DPD_MEAN=6.97 (34.4x dari median) | BUREAU_ACTIVE_RATIO=1.25 (22.2x dari median) | AMT_ANNUITY=-1.18 (15.1x dari median) | CREDIT_TERM_MONTHS=0.84 (12.2x dari median),"Deviasi fitur lebih dari 50x median klaster, kemungkinan kesalahan input sistem.",Tim data engineering perlu memperbaiki flow pipeline ingestion untuk capping nilai ekstrem.
102066.0,cluster_0,Tipe A - Data Error,EXT_SOURCE_3=-0.35 (163.9x dari median) | PREV_REFUSED_COUNT=2.89 (27.2x dari median) | BUREAU_COUNT=3.78 (13.5x dari median) | INST_LATE_RATIO=3.17 (11.6x dari median) | YEARS_EMPLOYED=1.43 (10.8x dari median),"Deviasi fitur lebih dari 50x median klaster, kemungkinan kesalahan input sistem.",Tim data engineering perlu memperbaiki flow pipeline ingestion untuk capping nilai ekstrem.
102177.0,cluster_2,Tipe B - Rare but Valid,AMT_REQ_CREDIT_BUREAU_YEAR=2.43 (18.5x dari median) | BUREAU_ACTIVE_RATIO=0.99 (17.7x dari median) | YEARS_BIRTH=0.41 (14.1x dari median) | POS_MONTHS_COUNT=-0.45 (13.0x dari median) | BUREAU_DEBT_TO_CREDIT_RATIO=0.91 (12.3x dari median),Keadaan ekstrem secara statistik namun masih masuk secara logika riil (Tail-end customer).,"Berpeluang cross-selling khusus untuk Very High Net Worth Individual, bila bukan risiko gagal bayar."
102983.0,cluster_2,Tipe A - Data Error,EXT_SOURCE_1=0.83 (60.3x dari median) | REGION_RATING_CLIENT_W_CITY=1.92 (34.6x dari median) | CREDIT_TERM_MONTHS=0.87 (17.5x dari median) | OWN_CAR_AGE=6.68 (15.7x dari median) | AMT_REQ_CREDIT_BUREAU_YEAR=1.85 (13.9x dari median),"Deviasi fitur lebih dari 50x median klaster, kemungkinan kesalahan input sistem.",Tim data engineering perlu memperbaiki flow pipeline ingestion untuk capping nilai ekstrem.
103085.0,cluster_4,Tipe B - Rare but Valid,POS_SK_DPD_MEAN=5.71 (28.1x dari median) | CREDIT_TERM_MONTHS=1.26 (17.7x dari median) | BUREAU_ACTIVE_RATIO=-1.11 (17.7x dari median) | EXT_SOURCE_2=-2.16 (11.9x dari median) | BUREAU_DAYS_CREDIT_MEAN=1.45 (10.5x dari median),Keadaan ekstrem secara statistik namun masih masuk secara logika riil (Tail-end customer).,"Berpeluang cross-selling khusus untuk Very High Net Worth Individual, bila bukan risiko gagal bayar."
103362.0,cluster_1,Tipe A - Data Error,INST_PAYMENT_RATIO_MEAN=1.46 (138.1x dari median) | REGION_RATING_CLIENT_W_CITY=1.92 (34.6x dari median) | EXT_SOURCE_1=-0.37 (28.5x dari median) | EXT_SOURCE_2=-2.52 (25.5x dari median) | BUREAU_DAYS_CREDIT_MEAN=1.45 (9.3x dari median),"Deviasi fitur lebih dari 50x median klaster, kemungkinan kesalahan input sistem.",Tim data engineering perlu memperbaiki flow pipeline ingestion untuk capping nilai ekstrem.
103479.0,cluster_2,Tipe A - Data Error,EXT_SOURCE_1=1.95 (143.9x dari median) | YEARS_BIRTH=0.87 (29.0x dari median) | INST_DPD_MAX=2.46 (24.6x dari median) | YEARS_EMPLOYED=4.44 (21.9x dari median) | EXT_SOURCE_3=-1.44 (13.9x dari median),"Deviasi fitur lebih dari 50x median klaster, kemungkinan kesalahan input sistem.",Tim data engineering perlu memperbaiki flow pipeline ingestion untuk capping nilai ekstrem.
103641.0,cluster_0,Tipe A - Data Error,EXT_SOURCE_3=-1.30 (608.5x dari median) | BUREAU_COUNT=3.34 (11.8x dari median) | BUREAU_BB_DPD_RATIO_MEAN=1.15 (6.9x dari median) | BUREAU_BB_SEVERE_DPD_MEAN=0.26 (6.2x dari median) | BUREAU_DEBT_TO_CREDIT_RATIO=0.29 (5.2x dari median),"Deviasi fitur lebih dari 50x median klaster, kemungkinan kesalahan input sistem.",Tim data engineering perlu memperbaiki flow pipeline ingestion untuk capping nilai ekstrem.
103774.0,cluster_3,Tipe A - Data Error,EXT_SOURCE_1=-1.02 (77.1x dari median) | INST_SEVERE_LATE_RATIO=6.21 (37.9x dari median) | EXT_SOURCE_3=-1.79 (17.1x dari median) | BUREAU_DAYS_CREDIT_MEAN=-1.36 (13.0x dari median) | BUREAU_BB_DPD_RATIO_MEAN=2.20 (12.3x dari median),"Deviasi fitur lebih dari 50x median klaster, kemungkinan kesalahan input sistem.",Tim data engineering perlu memperbaiki flow pipeline ingestion untuk capping nilai ekstrem.
103832.0,cluster_2,Tipe B - Rare but Valid,REGION_RATING_CLIENT_W_CITY=1.92 (34.6x dari median) | YEARS_BIRTH=-0.71 (21.8x dari median) | AMT_REQ_CREDIT_BUREAU_YEAR=2.43 (18.5x dari median) | PREV_APPROVAL_RATE=-1.64 (11.0x dari median) | CREDIT_TERM_MONTHS=-0.59 (10.1x dari median),Keadaan ekstrem secara statistik namun masih masuk secara logika riil (Tail-end customer).,"Berpeluang cross-selling khusus untuk Very High Net Worth Individual, bila bukan risiko gagal bayar."
104075.0,cluster_1,Tipe B - Rare but Valid,OWN_CAR_AGE=6.68 (15.7x dari median) | EXT_SOURCE_2=-1.29 (13.5x dari median) | BUREAU_DAYS_CREDIT_MEAN=1.45 (9.3x dari median) | CNT_CHILDREN=3.60 (7.2x dari median) | BUREAU_ACTIVE_RATIO=-1.11 (4.3x dari median),Keadaan ekstrem secara statistik namun masih masuk secara logika riil (Tail-end customer).,"Berpeluang cross-selling khusus untuk Very High Net Worth Individual, bila bukan risiko gagal bayar."
104229.0,cluster_3,Tipe B - Rare but Valid,INST_SEVERE_LATE_RATIO=3.82 (23.7x dari median) | BUREAU_DAYS_CREDIT_MEAN=1.45 (11.9x dari median) | YEARS_BIRTH=1.35 (11.8x dari median) | INST_DPD_MEAN=0.78 (7.9x dari median) | INST_DPD_MAX=1.07 (7.6x dari median),Keadaan ekstrem secara statistik namun masih masuk secara logika riil (Tail-end customer).,"Berpeluang cross-selling khusus untuk Very High Net Worth Individual, bila bukan risiko gagal bayar."
104311.0,cluster_4,Tipe B - Rare but Valid,POS_SK_DPD_MEAN=4.44 (21.6x dari median) | PREV_APPROVAL_RATE=0.96 (19.4x dari median) | CREDIT_TERM_MONTHS=-1.51 (19.0x dari median) | AMT_CREDIT=-0.96 (7.7x dari median) | BUREAU_DAYS_CREDIT_MEAN=-0.92 (5.0x dari median),Keadaan ekstrem secara statistik namun masih masuk secara logika riil (Tail-end customer).,"Berpeluang cross-selling khusus untuk Very High Net Worth Individual, bila bukan risiko gagal bayar."
105081.0,cluster_2,Tipe A - Data Error,EXT_SOURCE_1=-1.04 (78.0x dari median) | BUREAU_ACTIVE_RATIO=2.03 (35.5x dari median) | REGION_RATING_CLIENT_W_CITY=1.92 (34.6x dari median) | CREDIT_TERM_MONTHS=1.28 (25.4x dari median) | AMT_INCOME_TOTAL=-2.51 (24.0x dari median),"Deviasi fitur lebih dari 50x median klaster, kemungkinan kesalahan input sistem.",Tim data engineering perlu memperbaiki flow pipeline ingestion untuk capping nilai ekstrem.
105144.0,cluster_2,Tipe A - Data Error,CC_SK_DPD_MEAN=23.91 (481.2x dari median) | EXT_SOURCE_1=-0.55 (42.0x dari median) | REGION_RATING_CLIENT_W_CITY=1.92 (34.6x dari median) | POS_MONTHS_COUNT=-1.01 (28.1x dari median) | YEARS_BIRTH=0.54 (18.3x dari median),"Deviasi fitur lebih dari 50x median klaster, kemungkinan kesalahan input sistem.",Tim data engineering perlu memperbaiki flow pipeline ingestion untuk capping nilai ekstrem.
105220.0,cluster_4,Tipe B - Rare but Valid,PREV_APPROVAL_RATE=0.96 (19.4x dari median) | YEARS_BIRTH=-1.36 (11.7x dari median) | EXT_SOURCE_2=-1.74 (9.8x dari median) | OWN_CAR_AGE=3.45 (8.6x dari median) | ANNUITY_TO_INCOME=0.56 (7.1x dari median),Keadaan ekstrem secara statistik namun masih masuk secara logika riil (Tail-end customer).,"Berpeluang cross-selling khusus untuk Very High Net Worth Individual, bila bukan risiko gagal bayar."
105455.0,cluster_4,Tipe B - Rare but Valid,BUREAU_ACTIVE_RATIO=2.03 (35.5x dari median) | PREV_APPROVAL_RATE=-1.24 (22.7x dari median) | ANNUITY_TO_INCOME=0.90 (10.8x dari median) | BUREAU_DAYS_CREDIT_MEAN=1.33 (9.7x dari median) | AMT_ANNUITY=0.75 (8.0x dari median),Keadaan ekstrem secara statistik namun masih masuk secara logika riil (Tail-end customer).,"Berpeluang cross-selling khusus untuk Very High Net Worth Individual, bila bukan risiko gagal bayar."
105551.0,cluster_2,Tipe B - Rare but Valid,YEARS_BIRTH=-1.31 (40.8x dari median) | REGION_RATING_CLIENT_W_CITY=1.92 (34.6x dari median) | BUREAU_ACTIVE_RATIO=0.99 (17.7x dari median) | POS_MONTHS_COUNT=0.52 (13.0x dari median) | CREDIT_TERM_MONTHS=0.60 (12.4x dari median),Keadaan ekstrem secara statistik namun masih masuk secara logika riil (Tail-end customer).,"Berpeluang cross-selling khusus untuk Very High Net Worth Individual, bila bukan risiko gagal bayar."
105754.0,cluster_0,Tipe A - Data Error,EXT_SOURCE_3=1.19 (559.3x dari median) | EXT_SOURCE_1=0.80 (58.3x dari median) | YEARS_EMPLOYED=3.02 (21.8x dari median) | BUREAU_ACTIVE_RATIO=-1.11 (17.7x dari median) | YEARS_BIRTH=1.35 (8.3x dari median),"Deviasi fitur lebih dari 50x median klaster, kemungkinan kesalahan input sistem.",Tim data engineering perlu memperbaiki flow pipeline ingestion untuk capping nilai ekstrem.
105788.0,cluster_2,Tipe A - Data Error,EXT_SOURCE_1=1.51 (111.3x dari median) | POS_MONTHS_COUNT=1.29 (33.5x dari median) | YEARS_BIRTH=1.01 (33.4x dari median) | BUREAU_ACTIVE_RATIO=-1.11 (17.7x dari median) | AMT_ANNUITY=-2.06 (17.0x dari median),"Deviasi fitur lebih dari 50x median klaster, kemungkinan kesalahan input sistem.",Tim data engineering perlu memperbaiki flow pipeline ingestion untuk capping nilai ekstrem.
105807.0,cluster_4,Tipe A - Data Error,EXT_SOURCE_1=1.87 (137.8x dari median) | PREV_APPROVAL_RATE=-1.97 (36.7x dari median) | POS_SK_DPD_MEAN=6.22 (30.6x dari median) | EXT_SOURCE_3=-2.45 (23.0x dari median) | ANNUITY_TO_INCOME=1.08 (12.8x dari median),"Deviasi fitur lebih dari 50x median klaster, kemungkinan kesalahan input sistem.",Tim data engineering perlu memperbaiki flow pipeline ingestion untuk capping nilai ekstrem.
106129.0,cluster_2,Tipe A - Data Error,EXT_SOURCE_1=0.78 (56.9x dari median) | CREDIT_TERM_MONTHS=1.88 (36.6x dari median) | BUREAU_DAYS_CREDIT_MEAN=1.45 (20.8x dari median) | POS_MONTHS_COUNT=0.72 (18.4x dari median) | BUREAU_ACTIVE_RATIO=-1.11 (17.7x dari median),"Deviasi fitur lebih dari 50x median klaster, kemungkinan kesalahan input sistem.",Tim data engineering perlu memperbaiki flow pipeline ingestion untuk capping nilai ekstrem.
106248.0,cluster_2,Tipe B - Rare but Valid,REGION_RATING_CLIENT_W_CITY=1.92 (34.6x dari median) | CREDIT_TERM_MONTHS=-1.21 (21.9x dari median) | POS_MONTHS_COUNT=0.72 (18.4x dari median) | AMT_INCOME_TOTAL=1.84 (15.8x dari median) | YEARS_EMPLOYED=2.28 (11.7x dari median),Keadaan ekstrem secara statistik namun masih masuk secara logika riil (Tail-end customer).,"Berpeluang cross-selling khusus untuk Very High Net Worth Individual, bila bukan risiko gagal bayar."
106510.0,cluster_4,Tipe A - Data Error,POS_SK_DPD_MEAN=12.90 (64.7x dari median) | BUREAU_ACTIVE_RATIO=1.51 (26.6x dari median) | PREV_APPROVAL_RATE=0.96 (19.4x dari median) | BUREAU_DEBT_TO_CREDIT_RATIO=3.82 (12.4x dari median) | YEARS_BIRTH=1.23 (8.7x dari median),"Deviasi fitur lebih dari 50x median klaster, kemungkinan kesalahan input sistem.",Tim data engineering perlu memperbaiki flow pipeline ingestion untuk capping nilai ekstrem.
106902.0,cluster_2,Tipe B - Rare but Valid,BUREAU_ACTIVE_RATIO=2.03 (35.5x dari median) | REGION_RATING_CLIENT_W_CITY=-2.04 (34.6x dari median) | AMT_REQ_CREDIT_BUREAU_YEAR=3.00 (23.2x dari median) | BUREAU_DEBT_TO_CREDIT_RATIO=1.35 (17.6x dari median) | POS_MONTHS_COUNT=-0.61 (17.3x dari median),Keadaan ekstrem secara statistik namun masih masuk secara logika riil (Tail-end customer).,"Berpeluang cross-selling khusus untuk Very High Net Worth Individual, bila bukan risiko gagal bayar."
107064.0,cluster_4,Tipe B - Rare but Valid,BUREAU_ACTIVE_RATIO=2.03 (35.5x dari median) | PREV_APPROVAL_RATE=-1.02 (18.5x dari median) | POS_SK_DPD_MEAN=3.65 (17.6x dari median) | YEARS_BIRTH=1.14 (7.9x dari median) | EXT_SOURCE_3=0.94 (7.5x dari median),Keadaan ekstrem secara statistik namun masih masuk secara logika riil (Tail-end customer).,"Berpeluang cross-selling khusus untuk Very High Net Worth Individual, bila bukan risiko gagal bayar."
107225.0,cluster_2,Tipe A - Data Error,YEARS_BIRTH=-1.63 (51.3x dari median) | CREDIT_TERM_MONTHS=-1.21 (21.9x dari median) | BUREAU_DAYS_CREDIT_MEAN=1.45 (20.8x dari median) | POS_MONTHS_COUNT=0.80 (20.5x dari median) | BUREAU_ACTIVE_RATIO=-1.11 (17.7x dari median),"Deviasi fitur lebih dari 50x median klaster, kemungkinan kesalahan input sistem.",Tim data engineering perlu memperbaiki flow pipeline ingestion untuk capping nilai ekstrem.
107485.0,cluster_2,Tipe A - Data Error,POS_MONTHS_COUNT=2.86 (75.6x dari median) | CREDIT_TERM_MONTHS=3.12 (60.2x dari median) | YEARS_BIRTH=1.31 (43.0x dari median) | CREDIT_TO_INCOME=9.32 (40.1x dari median) | REGION_RATING_CLIENT_W_CITY=1.92 (34.6x dari median),"Deviasi fitur lebih dari 50x median klaster, kemungkinan kesalahan input sistem.",Tim data engineering perlu memperbaiki flow pipeline ingestion untuk capping nilai ekstrem.
107699.0,cluster_2,Tipe A - Data Error,EXT_SOURCE_1=1.23 (90.5x dari median) | YEARS_BIRTH=1.01 (33.3x dari median) | CREDIT_TERM_MONTHS=1.69 (33.2x dari median) | POS_MONTHS_COUNT=-0.89 (24.8x dari median) | YEARS_EMPLOYED=2.58 (13.2x dari median),"Deviasi fitur lebih dari 50x median klaster, kemungkinan kesalahan input sistem.",Tim data engineering perlu memperbaiki flow pipeline ingestion untuk capping nilai ekstrem.
107728.0,cluster_1,Tipe A - Data Error,EXT_SOURCE_1=-1.11 (83.3x dari median) | REGION_RATING_CLIENT_W_CITY=1.92 (34.6x dari median) | EXT_SOURCE_3=-1.75 (16.7x dari median) | EXT_SOURCE_2=-1.36 (14.2x dari median) | BUREAU_DAYS_CREDIT_MEAN=-1.10 (8.7x dari median),"Deviasi fitur lebih dari 50x median klaster, kemungkinan kesalahan input sistem.",Tim data engineering perlu memperbaiki flow pipeline ingestion untuk capping nilai ekstrem.
107925.0,cluster_2,Tipe A - Data Error,EXT_SOURCE_1=-2.01 (150.6x dari median) | YEARS_BIRTH=-1.33 (41.7x dari median) | BUREAU_COUNT=4.88 (28.1x dari median) | EXT_SOURCE_3=-2.60 (24.4x dari median) | BUREAU_DEBT_TO_CREDIT_RATIO=1.14 (15.0x dari median),"Deviasi fitur lebih dari 50x median klaster, kemungkinan kesalahan input sistem.",Tim data engineering perlu memperbaiki flow pipeline ingestion untuk capping nilai ekstrem.
107990.0,cluster_2,Tipe A - Data Error,EXT_SOURCE_1=2.08 (153.7x dari median) | REGION_RATING_CLIENT_W_CITY=-2.04 (34.6x dari median) | CREDIT_TERM_MONTHS=1.68 (32.9x dari median) | YEARS_BIRTH=0.85 (28.2x dari median) | BUREAU_ACTIVE_RATIO=-1.11 (17.7x dari median),"Deviasi fitur lebih dari 50x median klaster, kemungkinan kesalahan input sistem.",Tim data engineering perlu memperbaiki flow pipeline ingestion untuk capping nilai ekstrem.
108158.0,cluster_4,Tipe A - Data Error,EXT_SOURCE_1=-1.14 (85.7x dari median) | BUREAU_ACTIVE_RATIO=2.03 (35.5x dari median) | REGION_RATING_CLIENT_W_CITY=1.92 (34.6x dari median) | PREV_APPROVAL_RATE=-1.24 (22.7x dari median) | CREDIT_TERM_MONTHS=-1.07 (13.2x dari median),"Deviasi fitur lebih dari 50x median klaster, kemungkinan kesalahan input sistem.",Tim data engineering perlu memperbaiki flow pipeline ingestion untuk capping nilai ekstrem.
108379.0,cluster_0,Tipe A - Data Error,EXT_SOURCE_3=-1.13 (527.1x dari median) | EXT_SOURCE_1=1.72 (126.8x dari median) | REGION_RATING_CLIENT_W_CITY=-2.04 (34.6x dari median) | BUREAU_ACTIVE_RATIO=1.25 (22.2x dari median) | CC_MONTHS_COUNT=3.37 (8.7x dari median),"Deviasi fitur lebih dari 50x median klaster, kemungkinan kesalahan input sistem.",Tim data engineering perlu memperbaiki flow pipeline ingestion untuk capping nilai ekstrem.
108397.0,cluster_4,Tipe B - Rare but Valid,ANNUITY_TO_INCOME=1.94 (22.3x dari median) | OWN_CAR_AGE=6.79 (15.9x dari median) | AMT_ANNUITY=1.00 (10.9x dari median) | YEARS_BIRTH=-1.24 (10.7x dari median) | EXT_SOURCE_3=-0.87 (8.8x dari median),Keadaan ekstrem secara statistik namun masih masuk secara logika riil (Tail-end customer).,"Berpeluang cross-selling khusus untuk Very High Net Worth Individual, bila bukan risiko gagal bayar."
108436.0,cluster_1,Tipe B - Rare but Valid,REGION_RATING_CLIENT_W_CITY=-2.04 (34.6x dari median) | INST_SEVERE_LATE_RATIO=3.82 (23.7x dari median) | INST_DPD_MEAN=1.43 (13.6x dari median) | EXT_SOURCE_2=-1.13 (11.9x dari median) | INST_DPD_MAX=1.73 (11.8x dari median),Keadaan ekstrem secara statistik namun masih masuk secara logika riil (Tail-end customer).,"Berpeluang cross-selling khusus untuk Very High Net Worth Individual, bila bukan risiko gagal bayar."
108528.0,cluster_4,Tipe A - Data Error,EXT_SOURCE_1=2.29 (168.9x dari median) | CREDIT_TERM_MONTHS=1.16 (16.4x dari median) | BUREAU_ACTIVE_RATIO=0.86 (15.5x dari median) | EXT_SOURCE_3=-0.98 (9.8x dari median) | AMT_ANNUITY=-0.51 (7.1x dari median),"Deviasi fitur lebih dari 50x median klaster, kemungkinan kesalahan input sistem.",Tim data engineering perlu memperbaiki flow pipeline ingestion untuk capping nilai ekstrem.
109324.0,cluster_3,Tipe B - Rare but Valid,INST_SEVERE_LATE_RATIO=4.74 (29.1x dari median) | EXT_SOURCE_3=-1.94 (18.4x dari median) | INST_DPD_MEAN=1.56 (14.7x dari median) | BUREAU_ACTIVE_RATIO=2.03 (13.4x dari median) | INST_LATE_RATIO=4.14 (7.6x dari median),Keadaan ekstrem secara statistik namun masih masuk secara logika riil (Tail-end customer).,"Berpeluang cross-selling khusus untuk Very High Net Worth Individual, bila bukan risiko gagal bayar."
109409.0,cluster_3,Tipe C - Risk Signal,YEARS_BIRTH=1.68 (14.4x dari median) | EXT_SOURCE_3=1.33 (11.0x dari median) | CC_MONTHS_COUNT=3.45 (8.9x dari median) | AMT_INCOME_TOTAL=-1.40 (8.7x dari median) | CREDIT_TO_INCOME=4.42 (7.6x dari median),Kombinasi finansial kontradiktif (contoh: rasio cicilan atau kredit terlalu besar di saat income rendah / profil berisiko).,Tim analis risiko (Underwriting) wajib memberikan manual review sebelum memberikan persetujuan.
109624.0,cluster_2,Tipe B - Rare but Valid,EXT_SOURCE_1=0.58 (42.0x dari median) | REGION_RATING_CLIENT_W_CITY=-2.04 (34.6x dari median) | BUREAU_DAYS_CREDIT_MEAN=1.45 (20.8x dari median) | BUREAU_ACTIVE_RATIO=-1.11 (17.7x dari median) | POS_MONTHS_COUNT=0.52 (13.0x dari median),Keadaan ekstrem secara statistik namun masih masuk secara logika riil (Tail-end customer).,"Berpeluang cross-selling khusus untuk Very High Net Worth Individual, bila bukan risiko gagal bayar."
110051.0,cluster_4,Tipe A - Data Error,BUREAU_BB_SEVERE_DPD_MEAN=3.04 (60.4x dari median) | BUREAU_COUNT=4.44 (25.7x dari median) | PREV_APPROVAL_RATE=-1.35 (24.8x dari median) | POS_SK_DPD_MEAN=3.56 (17.1x dari median) | BUREAU_BB_DPD_RATIO_MEAN=2.16 (12.1x dari median),"Deviasi fitur lebih dari 50x median klaster, kemungkinan kesalahan input sistem.",Tim data engineering perlu memperbaiki flow pipeline ingestion untuk capping nilai ekstrem.
110231.0,cluster_2,Tipe B - Rare but Valid,POS_MONTHS_COUNT=-1.13 (31.3x dari median) | YEARS_BIRTH=0.70 (23.3x dari median) | BUREAU_DAYS_CREDIT_MEAN=1.45 (20.8x dari median) | BUREAU_ACTIVE_RATIO=-1.11 (17.7x dari median) | CREDIT_TERM_MONTHS=-0.90 (16.2x dari median),Keadaan ekstrem secara statistik namun masih masuk secara logika riil (Tail-end customer).,"Berpeluang cross-selling khusus untuk Very High Net Worth Individual, bila bukan risiko gagal bayar."
110259.0,cluster_0,Tipe A - Data Error,EXT_SOURCE_3=-0.65 (300.9x dari median) | EXT_SOURCE_1=0.91 (66.5x dari median) | PREV_REFUSED_COUNT=5.12 (48.9x dari median) | BUREAU_ACTIVE_RATIO=0.46 (8.9x dari median) | YEARS_BIRTH=-0.85 (6.9x dari median),"Deviasi fitur lebih dari 50x median klaster, kemungkinan kesalahan input sistem.",Tim data engineering perlu memperbaiki flow pipeline ingestion untuk capping nilai ekstrem.
110413.0,cluster_1,Tipe B - Rare but Valid,REGION_RATING_CLIENT_W_CITY=-2.04 (34.6x dari median) | EXT_SOURCE_2=-2.23 (22.7x dari median) | BUREAU_DAYS_CREDIT_MEAN=1.45 (9.3x dari median) | INST_LATE_RATIO=3.40 (6.4x dari median) | INST_DPD_MEAN=0.58 (6.1x dari median),Keadaan ekstrem secara statistik namun masih masuk secara logika riil (Tail-end customer).,"Berpeluang cross-selling khusus untuk Very High Net Worth Individual, bila bukan risiko gagal bayar."
110460.0,cluster_4,Tipe A - Data Error,EXT_SOURCE_1=-1.43 (107.3x dari median) | POS_SK_DPD_MEAN=11.81 (59.1x dari median) | PREV_APPROVAL_RATE=-1.10 (20.0x dari median) | YEARS_BIRTH=-1.21 (10.4x dari median) | AMT_ANNUITY=-0.73 (9.7x dari median),"Deviasi fitur lebih dari 50x median klaster, kemungkinan kesalahan input sistem.",Tim data engineering perlu memperbaiki flow pipeline ingestion untuk capping nilai ekstrem.
110514.0,cluster_2,Tipe A - Data Error,EXT_SOURCE_1=2.06 (151.7x dari median) | BUREAU_DEBT_TO_CREDIT_RATIO=1.27 (16.6x dari median) | POS_MONTHS_COUNT=0.64 (16.2x dari median) | YEARS_EMPLOYED=2.52 (12.9x dari median) | BUREAU_DAYS_CREDIT_MEAN=-1.00 (12.7x dari median),"Deviasi fitur lebih dari 50x median klaster, kemungkinan kesalahan input sistem.",Tim data engineering perlu memperbaiki flow pipeline ingestion untuk capping nilai ekstrem.
110622.0,cluster_2,Tipe B - Rare but Valid,YEARS_BIRTH=1.44 (47.0x dari median) | AMT_REQ_CREDIT_BUREAU_YEAR=3.58 (27.8x dari median) | AMT_ANNUITY=-2.39 (19.6x dari median) | CREDIT_TERM_MONTHS=0.71 (14.5x dari median) | PREV_COUNT=3.60 (10.7x dari median),Keadaan ekstrem secara statistik namun masih masuk secara logika riil (Tail-end customer).,"Berpeluang cross-selling khusus untuk Very High Net Worth Individual, bila bukan risiko gagal bayar."
110745.0,cluster_3,Tipe A - Data Error,EXT_SOURCE_1=-0.84 (63.4x dari median) | REGION_RATING_CLIENT_W_CITY=-2.04 (34.6x dari median) | YEARS_BIRTH=-1.23 (8.8x dari median) | EXT_SOURCE_3=-0.45 (5.1x dari median) | BUREAU_DAYS_CREDIT_MEAN=0.68 (5.0x dari median),"Deviasi fitur lebih dari 50x median klaster, kemungkinan kesalahan input sistem.",Tim data engineering perlu memperbaiki flow pipeline ingestion untuk capping nilai ekstrem.
110841.0,cluster_0,Tipe A - Data Error,EXT_SOURCE_3=1.27 (593.7x dari median) | BUREAU_COUNT=4.44 (16.1x dari median) | CREDIT_TERM_MONTHS=-0.85 (15.3x dari median) | YEARS_BIRTH=1.52 (9.5x dari median) | INST_LATE_RATIO=2.47 (9.2x dari median),"Deviasi fitur lebih dari 50x median klaster, kemungkinan kesalahan input sistem.",Tim data engineering perlu memperbaiki flow pipeline ingestion untuk capping nilai ekstrem.
110863.0,cluster_2,Tipe A - Data Error,EXT_SOURCE_1=1.52 (112.0x dari median) | CREDIT_TERM_MONTHS=1.96 (38.1x dari median) | REGION_RATING_CLIENT_W_CITY=-2.04 (34.6x dari median) | YEARS_BIRTH=0.84 (27.8x dari median) | YEARS_EMPLOYED=4.14 (20.5x dari median),"Deviasi fitur lebih dari 50x median klaster, kemungkinan kesalahan input sistem.",Tim data engineering perlu memperbaiki flow pipeline ingestion untuk capping nilai ekstrem.
110951.0,cluster_4,Tipe A - Data Error,CC_SK_DPD_MEAN=4.67 (94.8x dari median) | REGION_RATING_CLIENT_W_CITY=1.92 (34.6x dari median) | PREV_APPROVAL_RATE=0.96 (19.4x dari median) | ANNUITY_TO_INCOME=1.51 (17.5x dari median) | CREDIT_TO_INCOME=1.43 (10.1x dari median),"Deviasi fitur lebih dari 50x median klaster, kemungkinan kesalahan input sistem.",Tim data engineering perlu memperbaiki flow pipeline ingestion untuk capping nilai ekstrem.
110960.0,cluster_0,Tipe A - Data Error,EXT_SOURCE_3=-1.17 (547.9x dari median) | EXT_SOURCE_1=2.30 (170.0x dari median) | REGION_RATING_CLIENT_W_CITY=1.92 (34.6x dari median) | POS_MONTHS_COUNT=4.27 (12.4x dari median) | BUREAU_ACTIVE_RATIO=-0.62 (9.5x dari median),"Deviasi fitur lebih dari 50x median klaster, kemungkinan kesalahan input sistem.",Tim data engineering perlu memperbaiki flow pipeline ingestion untuk capping nilai ekstrem.
111309.0,cluster_4,Tipe A - Data Error,CC_SK_DPD_MEAN=3.94 (80.1x dari median) | REGION_RATING_CLIENT_W_CITY=-2.04 (34.6x dari median) | ANNUITY_TO_INCOME=2.05 (23.4x dari median) | CREDIT_TERM_MONTHS=1.66 (23.0x dari median) | CREDIT_TO_INCOME=3.37 (22.4x dari median),"Deviasi fitur lebih dari 50x median klaster, kemungkinan kesalahan input sistem.",Tim data engineering perlu memperbaiki flow pipeline ingestion untuk capping nilai ekstrem.
111471.0,cluster_2,Tipe A - Data Error,POS_MONTHS_COUNT=3.18 (84.2x dari median) | CREDIT_TERM_MONTHS=2.15 (41.9x dari median) | YEARS_BIRTH=-0.51 (15.3x dari median) | PREV_REFUSED_COUNT=5.67 (13.5x dari median) | EXT_SOURCE_3=-1.17 (11.5x dari median),"Deviasi fitur lebih dari 50x median klaster, kemungkinan kesalahan input sistem.",Tim data engineering perlu memperbaiki flow pipeline ingestion untuk capping nilai ekstrem.
111535.0,cluster_0,Tipe A - Data Error,EXT_SOURCE_3=-0.35 (163.9x dari median) | REGION_RATING_CLIENT_W_CITY=1.92 (34.6x dari median) | YEARS_EMPLOYED=4.20 (30.0x dari median) | OWN_CAR_AGE=6.79 (15.9x dari median) | BUREAU_DEBT_TO_CREDIT_RATIO=0.91 (14.0x dari median),"Deviasi fitur lebih dari 50x median klaster, kemungkinan kesalahan input sistem.",Tim data engineering perlu memperbaiki flow pipeline ingestion untuk capping nilai ekstrem.
112058.0,cluster_2,Tipe A - Data Error,EXT_SOURCE_1=-1.12 (83.9x dari median) | YEARS_BIRTH=-0.93 (28.8x dari median) | BUREAU_ACTIVE_RATIO=-1.11 (17.7x dari median) | OWN_CAR_AGE=6.68 (15.7x dari median) | ANNUITY_TO_INCOME=2.75 (11.2x dari median),"Deviasi fitur lebih dari 50x median klaster, kemungkinan kesalahan input sistem.",Tim data engineering perlu memperbaiki flow pipeline ingestion untuk capping nilai ekstrem.
112072.0,cluster_2,Tipe A - Data Error,YEARS_BIRTH=-1.63 (51.0x dari median) | REGION_RATING_CLIENT_W_CITY=1.92 (34.6x dari median) | BUREAU_ACTIVE_RATIO=-1.11 (17.7x dari median) | AMT_INCOME_TOTAL=1.97 (17.0x dari median) | CREDIT_TERM_MONTHS=-0.92 (16.5x dari median),"Deviasi fitur lebih dari 50x median klaster, kemungkinan kesalahan input sistem.",Tim data engineering perlu memperbaiki flow pipeline ingestion untuk capping nilai ekstrem.
112249.0,cluster_4,Tipe A - Data Error,POS_SK_DPD_MEAN=23.78 (120.0x dari median) | INST_DPD_MEAN=163.15 (57.2x dari median) | PREV_APPROVAL_RATE=-2.34 (43.7x dari median) | BUREAU_ACTIVE_RATIO=-1.11 (17.7x dari median) | INST_SEVERE_LATE_RATIO=31.72 (7.9x dari median),"Deviasi fitur lebih dari 50x median klaster, kemungkinan kesalahan input sistem.",Tim data engineering perlu memperbaiki flow pipeline ingestion untuk capping nilai ekstrem.
112344.0,cluster_4,Tipe A - Data Error,EXT_SOURCE_1=1.92 (141.7x dari median) | POS_SK_DPD_MEAN=10.61 (53.0x dari median) | CREDIT_TERM_MONTHS=-1.62 (20.5x dari median) | PREV_APPROVAL_RATE=0.96 (19.4x dari median) | EXT_SOURCE_3=-1.58 (15.2x dari median),"Deviasi fitur lebih dari 50x median klaster, kemungkinan kesalahan input sistem.",Tim data engineering perlu memperbaiki flow pipeline ingestion untuk capping nilai ekstrem.
113086.0,cluster_0,Tipe A - Data Error,EXT_SOURCE_3=-0.60 (277.6x dari median) | EXT_SOURCE_1=1.61 (118.5x dari median) | CREDIT_TERM_MONTHS=2.12 (41.5x dari median) | BUREAU_ACTIVE_RATIO=2.03 (35.5x dari median) | PREV_REFUSED_COUNT=3.45 (32.6x dari median),"Deviasi fitur lebih dari 50x median klaster, kemungkinan kesalahan input sistem.",Tim data engineering perlu memperbaiki flow pipeline ingestion untuk capping nilai ekstrem.
113274.0,cluster_2,Tipe B - Rare but Valid,REGION_RATING_CLIENT_W_CITY=1.92 (34.6x dari median) | CREDIT_TERM_MONTHS=1.70 (33.2x dari median) | BUREAU_COUNT=4.88 (28.1x dari median) | INST_SEVERE_LATE_RATIO=4.30 (26.5x dari median) | EXT_SOURCE_1=-0.30 (23.3x dari median),Keadaan ekstrem secara statistik namun masih masuk secara logika riil (Tail-end customer).,"Berpeluang cross-selling khusus untuk Very High Net Worth Individual, bila bukan risiko gagal bayar."
113465.0,cluster_4,Tipe A - Data Error,CC_SK_DPD_MEAN=18.30 (368.6x dari median) | ANNUITY_TO_INCOME=4.35 (48.6x dari median) | CREDIT_TO_INCOME=3.85 (25.5x dari median) | BUREAU_ACTIVE_RATIO=-1.11 (17.7x dari median) | PREV_APPROVAL_RATE=-0.69 (12.1x dari median),"Deviasi fitur lebih dari 50x median klaster, kemungkinan kesalahan input sistem.",Tim data engineering perlu memperbaiki flow pipeline ingestion untuk capping nilai ekstrem.
113710.0,cluster_0,Tipe A - Data Error,EXT_SOURCE_3=0.38 (177.0x dari median) | EXT_SOURCE_1=1.62 (119.5x dari median) | YEARS_EMPLOYED=2.82 (20.4x dari median) | INST_LATE_RATIO=2.44 (9.1x dari median) | YEARS_BIRTH=1.24 (7.6x dari median),"Deviasi fitur lebih dari 50x median klaster, kemungkinan kesalahan input sistem.",Tim data engineering perlu memperbaiki flow pipeline ingestion untuk capping nilai ekstrem.
113732.0,cluster_2,Tipe B - Rare but Valid,EXT_SOURCE_1=0.38 (27.3x dari median) | POS_MONTHS_COUNT=-0.77 (21.6x dari median) | EXT_SOURCE_3=-1.71 (16.3x dari median) | BUREAU_DAYS_CREDIT_MEAN=0.91 (13.4x dari median) | BUREAU_DEBT_TO_CREDIT_RATIO=0.75 (10.2x dari median),Keadaan ekstrem secara statistik namun masih masuk secara logika riil (Tail-end customer).,"Berpeluang cross-selling khusus untuk Very High Net Worth Individual, bila bukan risiko gagal bayar."
113739.0,cluster_1,Tipe B - Rare but Valid,INST_SEVERE_LATE_RATIO=6.21 (37.9x dari median) | INST_DPD_MEAN=1.33 (12.7x dari median) | INST_LATE_RATIO=4.69 (8.5x dari median) | EXT_SOURCE_2=0.87 (7.4x dari median) | YEARS_BIRTH=1.13 (7.0x dari median),Keadaan ekstrem secara statistik namun masih masuk secara logika riil (Tail-end customer).,"Berpeluang cross-selling khusus untuk Very High Net Worth Individual, bila bukan risiko gagal bayar."
113877.0,cluster_0,Tipe A - Data Error,EXT_SOURCE_3=1.15 (539.8x dari median) | EXT_SOURCE_1=2.58 (190.8x dari median) | REGION_RATING_CLIENT_W_CITY=-2.04 (34.6x dari median) | YEARS_EMPLOYED=4.39 (31.2x dari median) | BUREAU_ACTIVE_RATIO=-0.48 (7.1x dari median),"Deviasi fitur lebih dari 50x median klaster, kemungkinan kesalahan input sistem.",Tim data engineering perlu memperbaiki flow pipeline ingestion untuk capping nilai ekstrem.
113957.0,cluster_4,Tipe A - Data Error,CC_SK_DPD_MEAN=20.13 (405.2x dari median) | REGION_RATING_CLIENT_W_CITY=-2.04 (34.6x dari median) | PREV_APPROVAL_RATE=0.96 (19.4x dari median) | YEARS_EMPLOYED=4.17 (13.3x dari median) | BUREAU_ACTIVE_RATIO=0.46 (8.9x dari median),"Deviasi fitur lebih dari 50x median klaster, kemungkinan kesalahan input sistem.",Tim data engineering perlu memperbaiki flow pipeline ingestion untuk capping nilai ekstrem.
114071.0,cluster_0,Tipe A - Data Error,EXT_SOURCE_3=-2.25 (1051.4x dari median) | BUREAU_BB_SEVERE_DPD_MEAN=11.00 (215.9x dari median) | EXT_SOURCE_1=1.17 (86.2x dari median) | PREV_REFUSED_COUNT=6.79 (65.2x dari median) | BUREAU_BB_DPD_RATIO_MEAN=8.32 (43.8x dari median),"Deviasi fitur lebih dari 50x median klaster, kemungkinan kesalahan input sistem.",Tim data engineering perlu memperbaiki flow pipeline ingestion untuk capping nilai ekstrem.
114216.0,cluster_2,Tipe B - Rare but Valid,BUREAU_ACTIVE_RATIO=2.03 (35.5x dari median) | YEARS_BIRTH=-1.04 (32.4x dari median) | POS_MONTHS_COUNT=-0.81 (22.7x dari median) | EXT_SOURCE_3=-2.19 (20.6x dari median) | BUREAU_DEBT_TO_CREDIT_RATIO=1.54 (20.0x dari median),Keadaan ekstrem secara statistik namun masih masuk secara logika riil (Tail-end customer).,"Berpeluang cross-selling khusus untuk Very High Net Worth Individual, bila bukan risiko gagal bayar."
114231.0,cluster_2,Tipe A - Data Error,EXT_SOURCE_1=1.19 (87.1x dari median) | CREDIT_TERM_MONTHS=2.17 (42.2x dari median) | REGION_RATING_CLIENT_W_CITY=1.92 (34.6x dari median) | YEARS_EMPLOYED=4.20 (20.8x dari median) | BUREAU_DAYS_CREDIT_MEAN=-1.59 (20.7x dari median),"Deviasi fitur lebih dari 50x median klaster, kemungkinan kesalahan input sistem.",Tim data engineering perlu memperbaiki flow pipeline ingestion untuk capping nilai ekstrem.
114668.0,cluster_4,Tipe C - Risk Signal,ANNUITY_TO_INCOME=4.26 (47.6x dari median) | CREDIT_TO_INCOME=4.70 (30.9x dari median) | BUREAU_ACTIVE_RATIO=-1.11 (17.7x dari median) | EXT_SOURCE_2=-2.71 (14.7x dari median) | CREDIT_TERM_MONTHS=0.87 (12.5x dari median),Kombinasi finansial kontradiktif (contoh: rasio cicilan atau kredit terlalu besar di saat income rendah / profil berisiko).,Tim analis risiko (Underwriting) wajib memberikan manual review sebelum memberikan persetujuan.
114975.0,cluster_2,Tipe A - Data Error,YEARS_BIRTH=-1.81 (57.0x dari median) | BUREAU_ACTIVE_RATIO=2.03 (35.5x dari median) | EXT_SOURCE_3=-2.48 (23.3x dari median) | CREDIT_TERM_MONTHS=-1.08 (19.5x dari median) | BUREAU_DEBT_TO_CREDIT_RATIO=1.32 (17.3x dari median),"Deviasi fitur lebih dari 50x median klaster, kemungkinan kesalahan input sistem.",Tim data engineering perlu memperbaiki flow pipeline ingestion untuk capping nilai ekstrem.
115348.0,cluster_4,Tipe A - Data Error,EXT_SOURCE_1=-1.36 (102.2x dari median) | CC_SK_DPD_MEAN=2.47 (50.7x dari median) | BUREAU_ACTIVE_RATIO=-1.11 (17.7x dari median) | CREDIT_TERM_MONTHS=-1.41 (17.7x dari median) | BUREAU_DAYS_CREDIT_MEAN=-2.07 (12.6x dari median),"Deviasi fitur lebih dari 50x median klaster, kemungkinan kesalahan input sistem.",Tim data engineering perlu memperbaiki flow pipeline ingestion untuk capping nilai ekstrem.
115670.0,cluster_2,Tipe A - Data Error,EXT_SOURCE_1=1.23 (90.0x dari median) | YEARS_BIRTH=0.75 (25.0x dari median) | CREDIT_TERM_MONTHS=0.88 (17.7x dari median) | BUREAU_DAYS_CREDIT_MEAN=-1.03 (13.1x dari median) | POS_MONTHS_COUNT=0.44 (10.8x dari median),"Deviasi fitur lebih dari 50x median klaster, kemungkinan kesalahan input sistem.",Tim data engineering perlu memperbaiki flow pipeline ingestion untuk capping nilai ekstrem.
115828.0,cluster_4,Tipe B - Rare but Valid,PREV_APPROVAL_RATE=-1.24 (22.7x dari median) | AMT_ANNUITY=1.56 (17.6x dari median) | AMT_INCOME_TOTAL=1.84 (9.6x dari median) | BUREAU_ACTIVE_RATIO=0.46 (8.9x dari median) | AMT_CREDIT=1.20 (7.3x dari median),Keadaan ekstrem secara statistik namun masih masuk secara logika riil (Tail-end customer).,"Berpeluang cross-selling khusus untuk Very High Net Worth Individual, bila bukan risiko gagal bayar."
115885.0,cluster_2,Tipe A - Data Error,POS_MONTHS_COUNT=3.14 (83.1x dari median) | EXT_SOURCE_1=-0.92 (69.7x dari median) | CREDIT_TERM_MONTHS=1.97 (38.4x dari median) | YEARS_BIRTH=-0.63 (19.0x dari median) | AMT_INCOME_TOTAL=1.84 (15.8x dari median),"Deviasi fitur lebih dari 50x median klaster, kemungkinan kesalahan input sistem.",Tim data engineering perlu memperbaiki flow pipeline ingestion untuk capping nilai ekstrem.
115970.0,cluster_4,Tipe A - Data Error,EXT_SOURCE_1=1.11 (81.4x dari median) | BUREAU_ACTIVE_RATIO=2.03 (35.5x dari median) | REGION_RATING_CLIENT_W_CITY=-2.04 (34.6x dari median) | CREDIT_TERM_MONTHS=1.68 (23.3x dari median) | ANNUITY_TO_INCOME=1.80 (20.7x dari median),"Deviasi fitur lebih dari 50x median klaster, kemungkinan kesalahan input sistem.",Tim data engineering perlu memperbaiki flow pipeline ingestion untuk capping nilai ekstrem.
116078.0,cluster_1,Tipe A - Data Error,EXT_SOURCE_1=-1.49 (111.7x dari median) | EXT_SOURCE_3=-2.40 (22.6x dari median) | OWN_CAR_AGE=6.68 (15.7x dari median) | INST_SEVERE_LATE_RATIO=2.28 (14.6x dari median) | BUREAU_ACTIVE_RATIO=2.03 (10.8x dari median),"Deviasi fitur lebih dari 50x median klaster, kemungkinan kesalahan input sistem.",Tim data engineering perlu memperbaiki flow pipeline ingestion untuk capping nilai ekstrem.
116338.0,cluster_2,Tipe A - Data Error,EXT_SOURCE_1=1.94 (143.2x dari median) | POS_MONTHS_COUNT=-0.93 (25.9x dari median) | BUREAU_ACTIVE_RATIO=0.86 (15.5x dari median) | YEARS_BIRTH=-0.43 (12.8x dari median) | PREV_APPROVAL_RATE=0.96 (8.0x dari median),"Deviasi fitur lebih dari 50x median klaster, kemungkinan kesalahan input sistem.",Tim data engineering perlu memperbaiki flow pipeline ingestion untuk capping nilai ekstrem.
116439.0,cluster_4,Tipe B - Rare but Valid,REGION_RATING_CLIENT_W_CITY=1.92 (34.6x dari median) | ANNUITY_TO_INCOME=1.70 (19.6x dari median) | PREV_APPROVAL_RATE=0.96 (19.4x dari median) | CREDIT_TO_INCOME=2.46 (16.7x dari median) | CREDIT_TERM_MONTHS=1.18 (16.6x dari median),Keadaan ekstrem secara statistik namun masih masuk secara logika riil (Tail-end customer).,"Berpeluang cross-selling khusus untuk Very High Net Worth Individual, bila bukan risiko gagal bayar."
116514.0,cluster_1,Tipe A - Data Error,EXT_SOURCE_1=0.75 (54.9x dari median) | EXT_SOURCE_3=-1.23 (12.0x dari median) | BUREAU_ACTIVE_RATIO=2.03 (10.8x dari median) | INST_LATE_RATIO=3.98 (7.3x dari median) | BUREAU_DAYS_CREDIT_MEAN=1.13 (7.0x dari median),"Deviasi fitur lebih dari 50x median klaster, kemungkinan kesalahan input sistem.",Tim data engineering perlu memperbaiki flow pipeline ingestion untuk capping nilai ekstrem.
116791.0,cluster_4,Tipe B - Rare but Valid,REGION_RATING_CLIENT_W_CITY=1.92 (34.6x dari median) | EXT_SOURCE_3=-2.37 (22.3x dari median) | PREV_APPROVAL_RATE=0.96 (19.4x dari median) | BUREAU_ACTIVE_RATIO=0.99 (17.7x dari median) | YEARS_BIRTH=1.35 (9.6x dari median),Keadaan ekstrem secara statistik namun masih masuk secara logika riil (Tail-end customer).,"Berpeluang cross-selling khusus untuk Very High Net Worth Individual, bila bukan risiko gagal bayar."
116973.0,cluster_0,Tipe A - Data Error,EXT_SOURCE_1=1.61 (118.9x dari median) | EXT_SOURCE_3=0.11 (53.0x dari median) | PREV_REFUSED_COUNT=4.56 (43.5x dari median) | CREDIT_TERM_MONTHS=-1.47 (27.2x dari median) | BUREAU_ACTIVE_RATIO=-1.11 (17.7x dari median),"Deviasi fitur lebih dari 50x median klaster, kemungkinan kesalahan input sistem.",Tim data engineering perlu memperbaiki flow pipeline ingestion untuk capping nilai ekstrem.
116979.0,cluster_2,Tipe A - Data Error,EXT_SOURCE_1=-2.08 (155.1x dari median) | REGION_RATING_CLIENT_W_CITY=1.92 (34.6x dari median) | BUREAU_COUNT=5.32 (30.6x dari median) | YEARS_BIRTH=-0.60 (18.2x dari median) | BUREAU_DAYS_CREDIT_MEAN=-0.98 (12.4x dari median),"Deviasi fitur lebih dari 50x median klaster, kemungkinan kesalahan input sistem.",Tim data engineering perlu memperbaiki flow pipeline ingestion untuk capping nilai ekstrem.
117154.0,cluster_2,Tipe A - Data Error,EXT_SOURCE_1=2.18 (160.9x dari median) | YEARS_BIRTH=1.60 (52.2x dari median) | REGION_RATING_CLIENT_W_CITY=-2.04 (34.6x dari median) | AMT_REQ_CREDIT_BUREAU_YEAR=1.85 (13.9x dari median) | AMT_INCOME_TOTAL=1.40 (11.9x dari median),"Deviasi fitur lebih dari 50x median klaster, kemungkinan kesalahan input sistem.",Tim data engineering perlu memperbaiki flow pipeline ingestion untuk capping nilai ekstrem.
117386.0,cluster_2,Tipe A - Data Error,EXT_SOURCE_1=1.04 (76.0x dari median) | BUREAU_ACTIVE_RATIO=1.14 (20.3x dari median) | EXT_SOURCE_3=-1.88 (17.9x dari median) | YEARS_BIRTH=-0.50 (14.9x dari median) | BUREAU_COUNT=2.02 (12.2x dari median),"Deviasi fitur lebih dari 50x median klaster, kemungkinan kesalahan input sistem.",Tim data engineering perlu memperbaiki flow pipeline ingestion untuk capping nilai ekstrem.
118260.0,cluster_1,Tipe A - Data Error,EXT_SOURCE_1=-1.46 (109.6x dari median) | REGION_RATING_CLIENT_W_CITY=1.92 (34.6x dari median) | EXT_SOURCE_2=-2.04 (20.8x dari median) | YEARS_BIRTH=-1.44 (6.7x dari median) | INST_LATE_RATIO=3.34 (6.3x dari median),"Deviasi fitur lebih dari 50x median klaster, kemungkinan kesalahan input sistem.",Tim data engineering perlu memperbaiki flow pipeline ingestion untuk capping nilai ekstrem.
118814.0,cluster_4,Tipe B - Rare but Valid,PREV_APPROVAL_RATE=-2.34 (43.7x dari median) | BUREAU_BB_SEVERE_DPD_MEAN=0.99 (20.3x dari median) | CREDIT_TERM_MONTHS=-1.39 (17.4x dari median) | EXT_SOURCE_3=-1.17 (11.5x dari median) | YEARS_BIRTH=1.51 (10.8x dari median),Keadaan ekstrem secara statistik namun masih masuk secara logika riil (Tail-end customer).,"Berpeluang cross-selling khusus untuk Very High Net Worth Individual, bila bukan risiko gagal bayar."
119108.0,cluster_2,Tipe B - Rare but Valid,EXT_SOURCE_1=-0.61 (46.4x dari median) | BUREAU_ACTIVE_RATIO=2.03 (35.5x dari median) | POS_MONTHS_COUNT=1.17 (30.2x dari median) | CREDIT_TERM_MONTHS=-1.57 (28.8x dari median) | YEARS_BIRTH=-0.68 (20.9x dari median),Keadaan ekstrem secara statistik namun masih masuk secara logika riil (Tail-end customer).,"Berpeluang cross-selling khusus untuk Very High Net Worth Individual, bila bukan risiko gagal bayar."
119664.0,cluster_4,Tipe A - Data Error,BUREAU_BB_SEVERE_DPD_MEAN=2.90 (57.6x dari median) | BUREAU_BB_DPD_RATIO_MEAN=5.86 (31.1x dari median) | BUREAU_ACTIVE_RATIO=1.41 (24.8x dari median) | PREV_APPROVAL_RATE=0.96 (19.4x dari median) | EXT_SOURCE_3=-1.28 (12.5x dari median),"Deviasi fitur lebih dari 50x median klaster, kemungkinan kesalahan input sistem.",Tim data engineering perlu memperbaiki flow pipeline ingestion untuk capping nilai ekstrem.
119990.0,cluster_1,Tipe B - Rare but Valid,INST_SEVERE_LATE_RATIO=5.15 (31.6x dari median) | EXT_SOURCE_3=-2.94 (27.5x dari median) | EXT_SOURCE_1=-0.20 (15.7x dari median) | BUREAU_DAYS_CREDIT_MEAN=-1.09 (8.7x dari median) | EXT_SOURCE_2=0.91 (7.9x dari median),Keadaan ekstrem secara statistik namun masih masuk secara logika riil (Tail-end customer).,"Berpeluang cross-selling khusus untuk Very High Net Worth Individual, bila bukan risiko gagal bayar."
120530.0,cluster_2,Tipe B - Rare but Valid,CREDIT_TERM_MONTHS=1.67 (32.8x dari median) | POS_MONTHS_COUNT=-1.13 (31.3x dari median) | YEARS_BIRTH=0.58 (19.5x dari median) | YEARS_EMPLOYED=3.83 (19.0x dari median) | INST_DPD_MAX=1.68 (17.2x dari median),Keadaan ekstrem secara statistik namun masih masuk secara logika riil (Tail-end customer).,"Berpeluang cross-selling khusus untuk Very High Net Worth Individual, bila bukan risiko gagal bayar."
120733.0,cluster_2,Tipe B - Rare but Valid,BUREAU_ACTIVE_RATIO=2.03 (35.5x dari median) | YEARS_BIRTH=-0.94 (29.1x dari median) | CREDIT_TERM_MONTHS=-1.31 (23.8x dari median) | BUREAU_DAYS_CREDIT_MEAN=1.29 (18.6x dari median) | POS_MONTHS_COUNT=-0.57 (16.2x dari median),Keadaan ekstrem secara statistik namun masih masuk secara logika riil (Tail-end customer).,"Berpeluang cross-selling khusus untuk Very High Net Worth Individual, bila bukan risiko gagal bayar."
121009.0,cluster_1,Tipe A - Data Error,EXT_SOURCE_1=0.73 (53.2x dari median) | BUREAU_ACTIVE_RATIO=2.03 (10.8x dari median) | CNT_CHILDREN=3.60 (7.2x dari median) | BUREAU_DEBT_TO_CREDIT_RATIO=1.74 (5.3x dari median) | EXT_SOURCE_2=0.53 (4.1x dari median),"Deviasi fitur lebih dari 50x median klaster, kemungkinan kesalahan input sistem.",Tim data engineering perlu memperbaiki flow pipeline ingestion untuk capping nilai ekstrem.
121235.0,cluster_4,Tipe A - Data Error,CC_SK_DPD_MEAN=7.05 (142.5x dari median) | BUREAU_ACTIVE_RATIO=-1.11 (17.7x dari median) | CREDIT_TERM_MONTHS=-1.40 (17.6x dari median) | EXT_SOURCE_2=-2.36 (12.9x dari median) | BUREAU_DAYS_CREDIT_MEAN=1.45 (10.5x dari median),"Deviasi fitur lebih dari 50x median klaster, kemungkinan kesalahan input sistem.",Tim data engineering perlu memperbaiki flow pipeline ingestion untuk capping nilai ekstrem.
121538.0,cluster_2,Tipe B - Rare but Valid,EXT_SOURCE_1=-0.63 (47.6x dari median) | CREDIT_TERM_MONTHS=1.68 (32.8x dari median) | YEARS_BIRTH=-0.98 (30.5x dari median) | POS_MONTHS_COUNT=-1.01 (28.1x dari median) | BUREAU_DEBT_TO_CREDIT_RATIO=1.54 (20.0x dari median),Keadaan ekstrem secara statistik namun masih masuk secara logika riil (Tail-end customer).,"Berpeluang cross-selling khusus untuk Very High Net Worth Individual, bila bukan risiko gagal bayar."
121777.0,cluster_3,Tipe A - Data Error,POS_SK_DPD_MEAN=7.47 (107.8x dari median) | CC_SK_DPD_MEAN=4.02 (81.7x dari median) | EXT_SOURCE_1=0.58 (42.3x dari median) | YEARS_BIRTH=0.80 (7.4x dari median) | CC_UTILIZATION_MAX=1.39 (4.0x dari median),"Deviasi fitur lebih dari 50x median klaster, kemungkinan kesalahan input sistem.",Tim data engineering perlu memperbaiki flow pipeline ingestion untuk capping nilai ekstrem.
122244.0,cluster_4,Tipe A - Data Error,POS_SK_DPD_MEAN=15.18 (76.3x dari median) | EXT_SOURCE_1=0.95 (69.9x dari median) | PREV_APPROVAL_RATE=0.96 (19.4x dari median) | CREDIT_TERM_MONTHS=-1.51 (19.1x dari median) | BUREAU_ACTIVE_RATIO=-1.11 (17.7x dari median),"Deviasi fitur lebih dari 50x median klaster, kemungkinan kesalahan input sistem.",Tim data engineering perlu memperbaiki flow pipeline ingestion untuk capping nilai ekstrem.
122621.0,cluster_4,Tipe A - Data Error,CC_SK_DPD_MEAN=18.61 (374.8x dari median) | CREDIT_TERM_MONTHS=1.70 (23.5x dari median) | PREV_APPROVAL_RATE=-0.69 (12.1x dari median) | CREDIT_TO_INCOME=1.28 (9.2x dari median) | EXT_SOURCE_3=1.10 (8.9x dari median),"Deviasi fitur lebih dari 50x median klaster, kemungkinan kesalahan input sistem.",Tim data engineering perlu memperbaiki flow pipeline ingestion untuk capping nilai ekstrem.
122885.0,cluster_2,Tipe A - Data Error,EXT_SOURCE_1=-1.32 (99.3x dari median) | CREDIT_TERM_MONTHS=1.68 (32.8x dari median) | POS_MONTHS_COUNT=-0.69 (19.4x dari median) | YEARS_BIRTH=-0.42 (12.3x dari median) | YEARS_EMPLOYED=2.06 (10.7x dari median),"Deviasi fitur lebih dari 50x median klaster, kemungkinan kesalahan input sistem.",Tim data engineering perlu memperbaiki flow pipeline ingestion untuk capping nilai ekstrem.
123283.0,cluster_2,Tipe B - Rare but Valid,REGION_RATING_CLIENT_W_CITY=-2.04 (34.6x dari median) | YEARS_BIRTH=-1.07 (33.2x dari median) | CREDIT_TERM_MONTHS=-1.38 (25.2x dari median) | BUREAU_DAYS_CREDIT_MEAN=1.45 (20.8x dari median) | BUREAU_ACTIVE_RATIO=-1.11 (17.7x dari median),Keadaan ekstrem secara statistik namun masih masuk secara logika riil (Tail-end customer).,"Berpeluang cross-selling khusus untuk Very High Net Worth Individual, bila bukan risiko gagal bayar."
123340.0,cluster_2,Tipe A - Data Error,EXT_SOURCE_1=2.62 (193.5x dari median) | REGION_RATING_CLIENT_W_CITY=-2.04 (34.6x dari median) | POS_MONTHS_COUNT=-1.13 (31.3x dari median) | YEARS_BIRTH=0.95 (31.3x dari median) | PREV_APPROVAL_RATE=-2.34 (16.1x dari median),"Deviasi fitur lebih dari 50x median klaster, kemungkinan kesalahan input sistem.",Tim data engineering perlu memperbaiki flow pipeline ingestion untuk capping nilai ekstrem.
123501.0,cluster_4,Tipe B - Rare but Valid,BUREAU_BB_DPD_RATIO_MEAN=8.79 (46.2x dari median) | BUREAU_ACTIVE_RATIO=2.03 (35.5x dari median) | CREDIT_TERM_MONTHS=1.96 (27.0x dari median) | PREV_APPROVAL_RATE=0.96 (19.4x dari median) | AMT_ANNUITY=1.06 (11.7x dari median),Keadaan ekstrem secara statistik namun masih masuk secara logika riil (Tail-end customer).,"Berpeluang cross-selling khusus untuk Very High Net Worth Individual, bila bukan risiko gagal bayar."
123827.0,cluster_2,Tipe A - Data Error,POS_MONTHS_COUNT=2.58 (68.0x dari median) | CREDIT_TERM_MONTHS=1.28 (25.4x dari median) | AMT_INCOME_TOTAL=-1.96 (19.0x dari median) | EXT_SOURCE_3=-1.87 (17.8x dari median) | BUREAU_DEBT_TO_CREDIT_RATIO=1.26 (16.5x dari median),"Deviasi fitur lebih dari 50x median klaster, kemungkinan kesalahan input sistem.",Tim data engineering perlu memperbaiki flow pipeline ingestion untuk capping nilai ekstrem.
124284.0,cluster_1,Tipe B - Rare but Valid,INST_SEVERE_LATE_RATIO=6.32 (38.5x dari median) | EXT_SOURCE_3=-1.86 (17.7x dari median) | EXT_SOURCE_2=-1.32 (13.8x dari median) | BUREAU_COUNT=4.66 (12.7x dari median) | INST_DPD_MEAN=0.87 (8.7x dari median),Keadaan ekstrem secara statistik namun masih masuk secara logika riil (Tail-end customer).,"Berpeluang cross-selling khusus untuk Very High Net Worth Individual, bila bukan risiko gagal bayar."
124356.0,cluster_2,Tipe A - Data Error,CC_SK_DPD_MEAN=24.41 (491.2x dari median) | YEARS_BIRTH=0.83 (27.5x dari median) | POS_MONTHS_COUNT=-0.73 (20.5x dari median) | YEARS_EMPLOYED=2.73 (13.9x dari median) | CREDIT_TERM_MONTHS=0.54 (11.3x dari median),"Deviasi fitur lebih dari 50x median klaster, kemungkinan kesalahan input sistem.",Tim data engineering perlu memperbaiki flow pipeline ingestion untuk capping nilai ekstrem.
124520.0,cluster_4,Tipe B - Rare but Valid,EXT_SOURCE_1=0.68 (49.7x dari median) | REGION_RATING_CLIENT_W_CITY=1.92 (34.6x dari median) | PREV_APPROVAL_RATE=-1.24 (22.7x dari median) | CREDIT_TERM_MONTHS=-1.49 (18.8x dari median) | YEARS_BIRTH=-1.47 (12.6x dari median),Keadaan ekstrem secara statistik namun masih masuk secara logika riil (Tail-end customer).,"Berpeluang cross-selling khusus untuk Very High Net Worth Individual, bila bukan risiko gagal bayar."
124545.0,cluster_3,Tipe A - Data Error,EXT_SOURCE_1=-1.35 (101.5x dari median) | BUREAU_ACTIVE_RATIO=2.03 (13.4x dari median) | YEARS_BIRTH=-1.54 (11.2x dari median) | BUREAU_DAYS_CREDIT_MEAN=1.22 (9.8x dari median) | AMT_INCOME_TOTAL=1.24 (9.5x dari median),"Deviasi fitur lebih dari 50x median klaster, kemungkinan kesalahan input sistem.",Tim data engineering perlu memperbaiki flow pipeline ingestion untuk capping nilai ekstrem.
124744.0,cluster_3,Tipe B - Rare but Valid,INST_SEVERE_LATE_RATIO=6.21 (37.9x dari median) | INST_DPD_MEAN=1.70 (15.9x dari median) | INST_LATE_RATIO=4.69 (8.5x dari median) | BUREAU_DAYS_CREDIT_MEAN=-0.84 (8.4x dari median) | AMT_INCOME_TOTAL=-1.06 (6.3x dari median),Keadaan ekstrem secara statistik namun masih masuk secara logika riil (Tail-end customer).,"Berpeluang cross-selling khusus untuk Very High Net Worth Individual, bila bukan risiko gagal bayar."
124919.0,cluster_2,Tipe A - Data Error,POS_MONTHS_COUNT=4.15 (110.1x dari median) | REGION_RATING_CLIENT_W_CITY=-2.04 (34.6x dari median) | BUREAU_COUNT=5.54 (31.8x dari median) | EXT_SOURCE_3=-2.75 (25.7x dari median) | YEARS_BIRTH=-0.82 (25.3x dari median),"Deviasi fitur lebih dari 50x median klaster, kemungkinan kesalahan input sistem.",Tim data engineering perlu memperbaiki flow pipeline ingestion untuk capping nilai ekstrem.
125469.0,cluster_2,Tipe B - Rare but Valid,EXT_SOURCE_1=0.54 (38.9x dari median) | REGION_RATING_CLIENT_W_CITY=1.92 (34.6x dari median) | CREDIT_TERM_MONTHS=1.67 (32.7x dari median) | YEARS_BIRTH=-0.91 (28.1x dari median) | BUREAU_DAYS_CREDIT_MEAN=-1.01 (12.9x dari median),Keadaan ekstrem secara statistik namun masih masuk secara logika riil (Tail-end customer).,"Berpeluang cross-selling khusus untuk Very High Net Worth Individual, bila bukan risiko gagal bayar."
125705.0,cluster_0,Tipe A - Data Error,EXT_SOURCE_3=-1.53 (714.2x dari median) | PREV_REFUSED_COUNT=6.23 (59.8x dari median) | EXT_SOURCE_1=-0.65 (49.2x dari median) | BUREAU_ACTIVE_RATIO=1.14 (20.3x dari median) | BUREAU_DEBT_TO_CREDIT_RATIO=1.23 (18.6x dari median),"Deviasi fitur lebih dari 50x median klaster, kemungkinan kesalahan input sistem.",Tim data engineering perlu memperbaiki flow pipeline ingestion untuk capping nilai ekstrem.
125769.0,cluster_3,Tipe A - Data Error,EXT_SOURCE_1=-1.92 (143.2x dari median) | REGION_RATING_CLIENT_W_CITY=1.92 (34.6x dari median) | EXT_SOURCE_3=-2.65 (24.8x dari median) | INST_SEVERE_LATE_RATIO=2.97 (18.6x dari median) | BUREAU_ACTIVE_RATIO=2.03 (13.4x dari median),"Deviasi fitur lebih dari 50x median klaster, kemungkinan kesalahan input sistem.",Tim data engineering perlu memperbaiki flow pipeline ingestion untuk capping nilai ekstrem.
125782.0,cluster_1,Tipe A - Data Error,EXT_SOURCE_1=1.79 (132.2x dari median) | INST_SEVERE_LATE_RATIO=6.66 (40.6x dari median) | BUREAU_BB_DPD_RATIO_MEAN=3.35 (18.2x dari median) | INST_DPD_MEAN=1.47 (13.9x dari median) | EXT_SOURCE_2=-1.20 (12.6x dari median),"Deviasi fitur lebih dari 50x median klaster, kemungkinan kesalahan input sistem.",Tim data engineering perlu memperbaiki flow pipeline ingestion untuk capping nilai ekstrem.
125982.0,cluster_2,Tipe A - Data Error,EXT_SOURCE_1=-0.86 (64.6x dari median) | YEARS_BIRTH=-0.93 (28.9x dari median) | CREDIT_TERM_MONTHS=-1.52 (27.9x dari median) | BUREAU_DAYS_CREDIT_MEAN=-1.79 (23.4x dari median) | AMT_ANNUITY=-1.62 (13.6x dari median),"Deviasi fitur lebih dari 50x median klaster, kemungkinan kesalahan input sistem.",Tim data engineering perlu memperbaiki flow pipeline ingestion untuk capping nilai ekstrem.
125992.0,cluster_0,Tipe A - Data Error,EXT_SOURCE_3=-0.33 (154.3x dari median) | CREDIT_TERM_MONTHS=1.67 (33.0x dari median) | EXT_SOURCE_1=-0.42 (31.9x dari median) | INST_SEVERE_LATE_RATIO=4.83 (29.7x dari median) | YEARS_EMPLOYED=3.91 (27.9x dari median),"Deviasi fitur lebih dari 50x median klaster, kemungkinan kesalahan input sistem.",Tim data engineering perlu memperbaiki flow pipeline ingestion untuk capping nilai ekstrem.
126139.0,cluster_4,Tipe B - Rare but Valid,POS_SK_DPD_MEAN=4.58 (22.3x dari median) | AMT_ANNUITY=-1.32 (16.8x dari median) | YEARS_EMPLOYED=4.62 (14.6x dari median) | EXT_SOURCE_3=1.03 (8.3x dari median) | BUREAU_DAYS_CREDIT_MEAN=-1.25 (7.2x dari median),Keadaan ekstrem secara statistik namun masih masuk secara logika riil (Tail-end customer).,"Berpeluang cross-selling khusus untuk Very High Net Worth Individual, bila bukan risiko gagal bayar."
126168.0,cluster_4,Tipe A - Data Error,EXT_SOURCE_1=1.76 (129.6x dari median) | CREDIT_TERM_MONTHS=1.52 (21.1x dari median) | BUREAU_BB_DPD_RATIO_MEAN=3.11 (17.0x dari median) | YEARS_BIRTH=1.64 (11.8x dari median) | YEARS_EMPLOYED=2.53 (8.5x dari median),"Deviasi fitur lebih dari 50x median klaster, kemungkinan kesalahan input sistem.",Tim data engineering perlu memperbaiki flow pipeline ingestion untuk capping nilai ekstrem.
126449.0,cluster_0,Tipe A - Data Error,EXT_SOURCE_3=-2.73 (1277.3x dari median) | INST_SEVERE_LATE_RATIO=6.92 (42.1x dari median) | BUREAU_ACTIVE_RATIO=2.03 (35.5x dari median) | INST_DPD_MEAN=1.34 (14.1x dari median) | INST_LATE_RATIO=3.31 (12.0x dari median),"Deviasi fitur lebih dari 50x median klaster, kemungkinan kesalahan input sistem.",Tim data engineering perlu memperbaiki flow pipeline ingestion untuk capping nilai ekstrem.
126727.0,cluster_4,Tipe A - Data Error,EXT_SOURCE_1=-1.83 (136.7x dari median) | POS_SK_DPD_MEAN=9.56 (47.6x dari median) | CREDIT_TERM_MONTHS=-1.21 (15.1x dari median) | PREV_APPROVAL_RATE=-0.69 (12.1x dari median) | YEARS_BIRTH=-1.07 (9.4x dari median),"Deviasi fitur lebih dari 50x median klaster, kemungkinan kesalahan input sistem.",Tim data engineering perlu memperbaiki flow pipeline ingestion untuk capping nilai ekstrem.
126916.0,cluster_2,Tipe A - Data Error,EXT_SOURCE_1=-3.22 (239.8x dari median) | POS_MONTHS_COUNT=1.17 (30.2x dari median) | EXT_SOURCE_3=-2.17 (20.5x dari median) | AMT_ANNUITY=-2.34 (19.2x dari median) | BUREAU_ACTIVE_RATIO=0.99 (17.7x dari median),"Deviasi fitur lebih dari 50x median klaster, kemungkinan kesalahan input sistem.",Tim data engineering perlu memperbaiki flow pipeline ingestion untuk capping nilai ekstrem.
127007.0,cluster_2,Tipe A - Data Error,EXT_SOURCE_1=1.77 (130.6x dari median) | YEARS_BIRTH=1.13 (37.2x dari median) | POS_MONTHS_COUNT=-0.81 (22.7x dari median) | BUREAU_DAYS_CREDIT_MEAN=1.45 (20.8x dari median) | BUREAU_ACTIVE_RATIO=-1.11 (17.7x dari median),"Deviasi fitur lebih dari 50x median klaster, kemungkinan kesalahan input sistem.",Tim data engineering perlu memperbaiki flow pipeline ingestion untuk capping nilai ekstrem.
127074.0,cluster_4,Tipe B - Rare but Valid,REGION_RATING_CLIENT_W_CITY=1.92 (34.6x dari median) | POS_SK_DPD_MEAN=4.81 (23.5x dari median) | PREV_APPROVAL_RATE=0.96 (19.4x dari median) | CREDIT_TERM_MONTHS=-1.39 (17.5x dari median) | YEARS_BIRTH=1.97 (14.4x dari median),Keadaan ekstrem secara statistik namun masih masuk secara logika riil (Tail-end customer).,"Berpeluang cross-selling khusus untuk Very High Net Worth Individual, bila bukan risiko gagal bayar."
127517.0,cluster_2,Tipe B - Rare but Valid,YEARS_BIRTH=-0.97 (29.9x dari median) | BUREAU_DAYS_CREDIT_MEAN=-2.21 (29.2x dari median) | CREDIT_TERM_MONTHS=1.19 (23.5x dari median) | BUREAU_ACTIVE_RATIO=-1.11 (17.7x dari median) | POS_MONTHS_COUNT=0.36 (8.6x dari median),Keadaan ekstrem secara statistik namun masih masuk secara logika riil (Tail-end customer).,"Berpeluang cross-selling khusus untuk Very High Net Worth Individual, bila bukan risiko gagal bayar."
127883.0,cluster_0,Tipe A - Data Error,EXT_SOURCE_3=-0.65 (300.9x dari median) | PREV_REFUSED_COUNT=6.23 (59.8x dari median) | BUREAU_ACTIVE_RATIO=2.03 (35.5x dari median) | BUREAU_DEBT_TO_CREDIT_RATIO=1.64 (24.5x dari median) | CREDIT_TERM_MONTHS=-1.08 (19.6x dari median),"Deviasi fitur lebih dari 50x median klaster, kemungkinan kesalahan input sistem.",Tim data engineering perlu memperbaiki flow pipeline ingestion untuk capping nilai ekstrem.
128147.0,cluster_3,Tipe C - Risk Signal,EXT_SOURCE_1=0.46 (33.0x dari median) | ANNUITY_TO_INCOME=7.43 (14.0x dari median) | EXT_SOURCE_3=-1.34 (13.0x dari median) | AMT_INCOME_TOTAL=-1.73 (11.0x dari median) | BUREAU_COUNT=2.68 (7.7x dari median),Kombinasi finansial kontradiktif (contoh: rasio cicilan atau kredit terlalu besar di saat income rendah / profil berisiko).,Tim analis risiko (Underwriting) wajib memberikan manual review sebelum memberikan persetujuan.
129047.0,cluster_4,Tipe A - Data Error,BUREAU_BB_SEVERE_DPD_MEAN=6.38 (125.6x dari median) | BUREAU_BB_DPD_RATIO_MEAN=6.95 (36.7x dari median) | CREDIT_TERM_MONTHS=-1.07 (13.2x dari median) | YEARS_BIRTH=-0.84 (7.6x dari median) | EXT_SOURCE_3=-0.63 (6.6x dari median),"Deviasi fitur lebih dari 50x median klaster, kemungkinan kesalahan input sistem.",Tim data engineering perlu memperbaiki flow pipeline ingestion untuk capping nilai ekstrem.
130106.0,cluster_2,Tipe A - Data Error,BUREAU_BB_DPD_RATIO_MEAN=13.12 (68.5x dari median) | EXT_SOURCE_1=0.76 (55.7x dari median) | BUREAU_ACTIVE_RATIO=2.03 (35.5x dari median) | REGION_RATING_CLIENT_W_CITY=-2.04 (34.6x dari median) | BUREAU_DEBT_TO_CREDIT_RATIO=1.68 (21.7x dari median),"Deviasi fitur lebih dari 50x median klaster, kemungkinan kesalahan input sistem.",Tim data engineering perlu memperbaiki flow pipeline ingestion untuk capping nilai ekstrem.
130267.0,cluster_3,Tipe B - Rare but Valid,INST_SEVERE_LATE_RATIO=5.15 (31.6x dari median) | EXT_SOURCE_1=-0.30 (23.3x dari median) | BUREAU_DAYS_CREDIT_MEAN=-1.26 (12.2x dari median) | EXT_SOURCE_3=1.37 (11.3x dari median) | INST_LATE_RATIO=3.80 (7.1x dari median),Keadaan ekstrem secara statistik namun masih masuk secara logika riil (Tail-end customer).,"Berpeluang cross-selling khusus untuk Very High Net Worth Individual, bila bukan risiko gagal bayar."
130489.0,cluster_2,Tipe A - Data Error,POS_MONTHS_COUNT=3.75 (99.3x dari median) | EXT_SOURCE_1=-1.09 (81.8x dari median) | REGION_RATING_CLIENT_W_CITY=-2.04 (34.6x dari median) | BUREAU_DAYS_CREDIT_MEAN=1.45 (20.8x dari median) | BUREAU_ACTIVE_RATIO=-1.11 (17.7x dari median),"Deviasi fitur lebih dari 50x median klaster, kemungkinan kesalahan input sistem.",Tim data engineering perlu memperbaiki flow pipeline ingestion untuk capping nilai ekstrem.
130642.0,cluster_2,Tipe B - Rare but Valid,BUREAU_ACTIVE_RATIO=2.03 (35.5x dari median) | AMT_REQ_CREDIT_BUREAU_YEAR=3.58 (27.8x dari median) | AMT_ANNUITY=-2.51 (20.5x dari median) | BUREAU_DEBT_TO_CREDIT_RATIO=1.47 (19.1x dari median) | YEARS_BIRTH=0.48 (16.3x dari median),Keadaan ekstrem secara statistik namun masih masuk secara logika riil (Tail-end customer).,"Berpeluang cross-selling khusus untuk Very High Net Worth Individual, bila bukan risiko gagal bayar."
130649.0,cluster_0,Tipe A - Data Error,EXT_SOURCE_3=-0.40 (187.8x dari median) | EXT_SOURCE_1=-0.95 (71.6x dari median) | REGION_RATING_CLIENT_W_CITY=-2.04 (34.6x dari median) | PREV_REFUSED_COUNT=3.45 (32.6x dari median) | YEARS_BIRTH=-1.05 (8.3x dari median),"Deviasi fitur lebih dari 50x median klaster, kemungkinan kesalahan input sistem.",Tim data engineering perlu memperbaiki flow pipeline ingestion untuk capping nilai ekstrem.
130968.0,cluster_4,Tipe A - Data Error,EXT_SOURCE_1=2.04 (150.7x dari median) | POS_SK_DPD_MEAN=7.46 (37.0x dari median) | REGION_RATING_CLIENT_W_CITY=-2.04 (34.6x dari median) | CREDIT_TERM_MONTHS=1.69 (23.5x dari median) | PREV_APPROVAL_RATE=0.96 (19.4x dari median),"Deviasi fitur lebih dari 50x median klaster, kemungkinan kesalahan input sistem.",Tim data engineering perlu memperbaiki flow pipeline ingestion untuk capping nilai ekstrem.
131205.0,cluster_4,Tipe A - Data Error,POS_SK_DPD_MEAN=16.96 (85.3x dari median) | BUREAU_ACTIVE_RATIO=-1.11 (17.7x dari median) | AMT_ANNUITY=-0.94 (12.2x dari median) | YEARS_BIRTH=1.57 (11.3x dari median) | BUREAU_DAYS_CREDIT_MEAN=-1.86 (11.2x dari median),"Deviasi fitur lebih dari 50x median klaster, kemungkinan kesalahan input sistem.",Tim data engineering perlu memperbaiki flow pipeline ingestion untuk capping nilai ekstrem.
131212.0,cluster_4,Tipe B - Rare but Valid,BUREAU_ACTIVE_RATIO=2.03 (35.5x dari median) | POS_SK_DPD_MEAN=2.76 (13.1x dari median) | PREV_APPROVAL_RATE=0.30 (6.8x dari median) | AMT_ANNUITY=-0.35 (5.2x dari median) | ANNUITY_TO_INCOME=-0.56 (5.1x dari median),Keadaan ekstrem secara statistik namun masih masuk secara logika riil (Tail-end customer).,"Berpeluang cross-selling khusus untuk Very High Net Worth Individual, bila bukan risiko gagal bayar."
131321.0,cluster_4,Tipe B - Rare but Valid,REGION_RATING_CLIENT_W_CITY=-2.04 (34.6x dari median) | POS_SK_DPD_MEAN=6.24 (30.8x dari median) | PREV_APPROVAL_RATE=0.96 (19.4x dari median) | BUREAU_ACTIVE_RATIO=0.99 (17.7x dari median) | CREDIT_TERM_MONTHS=0.53 (8.0x dari median),Keadaan ekstrem secara statistik namun masih masuk secara logika riil (Tail-end customer).,"Berpeluang cross-selling khusus untuk Very High Net Worth Individual, bila bukan risiko gagal bayar."
131841.0,cluster_2,Tipe A - Data Error,EXT_SOURCE_1=1.25 (91.7x dari median) | POS_MONTHS_COUNT=1.41 (36.7x dari median) | REGION_RATING_CLIENT_W_CITY=-2.04 (34.6x dari median) | YEARS_BIRTH=0.68 (22.9x dari median) | BUREAU_DEBT_TO_CREDIT_RATIO=1.72 (22.2x dari median),"Deviasi fitur lebih dari 50x median klaster, kemungkinan kesalahan input sistem.",Tim data engineering perlu memperbaiki flow pipeline ingestion untuk capping nilai ekstrem.
131979.0,cluster_4,Tipe A - Data Error,POS_SK_DPD_MEAN=24.54 (123.9x dari median) | EXT_SOURCE_1=1.05 (77.0x dari median) | AMT_ANNUITY=1.95 (22.3x dari median) | PREV_APPROVAL_RATE=0.96 (19.4x dari median) | CREDIT_TERM_MONTHS=-1.48 (18.6x dari median),"Deviasi fitur lebih dari 50x median klaster, kemungkinan kesalahan input sistem.",Tim data engineering perlu memperbaiki flow pipeline ingestion untuk capping nilai ekstrem.
132958.0,cluster_0,Tipe A - Data Error,EXT_SOURCE_3=-2.21 (1032.3x dari median) | PREV_REFUSED_COUNT=4.00 (38.0x dari median) | BUREAU_COUNT=8.40 (31.3x dari median) | CREDIT_TERM_MONTHS=1.28 (25.6x dari median) | POS_MONTHS_COUNT=6.17 (18.3x dari median),"Deviasi fitur lebih dari 50x median klaster, kemungkinan kesalahan input sistem.",Tim data engineering perlu memperbaiki flow pipeline ingestion untuk capping nilai ekstrem.
133081.0,cluster_4,Tipe B - Rare but Valid,CC_SK_DPD_MEAN=0.90 (19.0x dari median) | CREDIT_TERM_MONTHS=1.26 (17.8x dari median) | PREV_APPROVAL_RATE=0.41 (8.9x dari median) | BUREAU_ACTIVE_RATIO=0.46 (8.9x dari median) | CC_MONTHS_COUNT=3.17 (8.3x dari median),Keadaan ekstrem secara statistik namun masih masuk secara logika riil (Tail-end customer).,"Berpeluang cross-selling khusus untuk Very High Net Worth Individual, bila bukan risiko gagal bayar."
133796.0,cluster_0,Tipe A - Data Error,EXT_SOURCE_3=-1.85 (862.6x dari median) | EXT_SOURCE_1=-2.87 (214.1x dari median) | BUREAU_BB_SEVERE_DPD_MEAN=3.45 (68.3x dari median) | BUREAU_ACTIVE_RATIO=2.03 (35.5x dari median) | REGION_RATING_CLIENT_W_CITY=-2.04 (34.6x dari median),"Deviasi fitur lebih dari 50x median klaster, kemungkinan kesalahan input sistem.",Tim data engineering perlu memperbaiki flow pipeline ingestion untuk capping nilai ekstrem.
134317.0,cluster_0,Tipe A - Data Error,EXT_SOURCE_3=0.11 (53.0x dari median) | CREDIT_TERM_MONTHS=1.66 (32.7x dari median) | BUREAU_ACTIVE_RATIO=-1.11 (17.7x dari median) | PREV_REFUSED_COUNT=1.77 (16.3x dari median) | INST_LATE_RATIO=2.39 (9.0x dari median),"Deviasi fitur lebih dari 50x median klaster, kemungkinan kesalahan input sistem.",Tim data engineering perlu memperbaiki flow pipeline ingestion untuk capping nilai ekstrem.
134380.0,cluster_2,Tipe A - Data Error,EXT_SOURCE_1=-2.37 (177.3x dari median) | POS_MONTHS_COUNT=2.30 (60.4x dari median) | YEARS_BIRTH=-1.16 (36.3x dari median) | EXT_SOURCE_3=-1.46 (14.1x dari median) | BUREAU_COUNT=1.58 (9.8x dari median),"Deviasi fitur lebih dari 50x median klaster, kemungkinan kesalahan input sistem.",Tim data engineering perlu memperbaiki flow pipeline ingestion untuk capping nilai ekstrem.
134552.0,cluster_0,Tipe A - Data Error,EXT_SOURCE_3=-1.48 (692.4x dari median) | PREV_REFUSED_COUNT=6.23 (59.8x dari median) | CREDIT_TERM_MONTHS=1.68 (33.1x dari median) | PREV_COUNT=6.19 (10.4x dari median) | YEARS_BIRTH=1.45 (9.0x dari median),"Deviasi fitur lebih dari 50x median klaster, kemungkinan kesalahan input sistem.",Tim data engineering perlu memperbaiki flow pipeline ingestion untuk capping nilai ekstrem.
134783.0,cluster_1,Tipe A - Data Error,POS_SK_DPD_MEAN=5.26 (76.2x dari median) | BUREAU_DAYS_CREDIT_MEAN=-1.84 (14.0x dari median) | POS_MONTHS_COUNT=2.66 (7.5x dari median) | INST_LATE_RATIO=3.80 (7.1x dari median) | PREV_APPROVAL_RATE=-2.34 (6.7x dari median),"Deviasi fitur lebih dari 50x median klaster, kemungkinan kesalahan input sistem.",Tim data engineering perlu memperbaiki flow pipeline ingestion untuk capping nilai ekstrem.
135297.0,cluster_0,Tipe A - Data Error,EXT_SOURCE_3=-1.93 (903.3x dari median) | EXT_SOURCE_1=-1.80 (134.7x dari median) | PREV_REFUSED_COUNT=4.56 (43.5x dari median) | CREDIT_TERM_MONTHS=-1.37 (25.1x dari median) | POS_MONTHS_COUNT=3.31 (9.3x dari median),"Deviasi fitur lebih dari 50x median klaster, kemungkinan kesalahan input sistem.",Tim data engineering perlu memperbaiki flow pipeline ingestion untuk capping nilai ekstrem.
135446.0,cluster_1,Tipe B - Rare but Valid,INST_SEVERE_LATE_RATIO=2.03 (13.1x dari median) | EXT_SOURCE_2=-0.58 (6.6x dari median) | EXT_SOURCE_3=0.47 (3.2x dari median) | INST_DPD_MEAN=0.19 (2.6x dari median) | INST_LATE_RATIO=0.90 (2.4x dari median),Keadaan ekstrem secara statistik namun masih masuk secara logika riil (Tail-end customer).,"Berpeluang cross-selling khusus untuk Very High Net Worth Individual, bila bukan risiko gagal bayar."
135471.0,cluster_4,Tipe B - Rare but Valid,ANNUITY_TO_INCOME=2.82 (31.9x dari median) | CREDIT_TO_INCOME=4.33 (28.5x dari median) | CREDIT_TERM_MONTHS=1.67 (23.2x dari median) | PREV_APPROVAL_RATE=0.96 (19.4x dari median) | BUREAU_ACTIVE_RATIO=-1.11 (17.7x dari median),Keadaan ekstrem secara statistik namun masih masuk secara logika riil (Tail-end customer).,"Berpeluang cross-selling khusus untuk Very High Net Worth Individual, bila bukan risiko gagal bayar."
135625.0,cluster_2,Tipe A - Data Error,EXT_SOURCE_1=1.16 (85.2x dari median) | POS_MONTHS_COUNT=1.73 (45.3x dari median) | YEARS_BIRTH=0.82 (27.3x dari median) | AMT_REQ_CREDIT_BUREAU_YEAR=3.00 (23.2x dari median) | YEARS_EMPLOYED=4.19 (20.7x dari median),"Deviasi fitur lebih dari 50x median klaster, kemungkinan kesalahan input sistem.",Tim data engineering perlu memperbaiki flow pipeline ingestion untuk capping nilai ekstrem.
135863.0,cluster_4,Tipe A - Data Error,CC_SK_DPD_MEAN=10.53 (212.6x dari median) | EXT_SOURCE_1=0.55 (39.9x dari median) | CREDIT_TERM_MONTHS=1.26 (17.8x dari median) | BUREAU_ACTIVE_RATIO=-1.11 (17.7x dari median) | PREV_APPROVAL_RATE=-0.92 (16.7x dari median),"Deviasi fitur lebih dari 50x median klaster, kemungkinan kesalahan input sistem.",Tim data engineering perlu memperbaiki flow pipeline ingestion untuk capping nilai ekstrem.
136114.0,cluster_2,Tipe B - Rare but Valid,REGION_RATING_CLIENT_W_CITY=1.92 (34.6x dari median) | EXT_SOURCE_1=-0.41 (31.4x dari median) | AMT_INCOME_TOTAL=-2.51 (24.0x dari median) | YEARS_BIRTH=-0.73 (22.3x dari median) | POS_MONTHS_COUNT=-0.69 (19.4x dari median),Keadaan ekstrem secara statistik namun masih masuk secara logika riil (Tail-end customer).,"Berpeluang cross-selling khusus untuk Very High Net Worth Individual, bila bukan risiko gagal bayar."
136507.0,cluster_2,Tipe A - Data Error,EXT_SOURCE_1=1.65 (121.6x dari median) | CREDIT_TERM_MONTHS=2.16 (41.9x dari median) | BUREAU_ACTIVE_RATIO=0.99 (17.7x dari median) | BUREAU_DEBT_TO_CREDIT_RATIO=1.29 (16.9x dari median) | YEARS_BIRTH=-0.52 (15.6x dari median),"Deviasi fitur lebih dari 50x median klaster, kemungkinan kesalahan input sistem.",Tim data engineering perlu memperbaiki flow pipeline ingestion untuk capping nilai ekstrem.
136651.0,cluster_2,Tipe A - Data Error,EXT_SOURCE_1=-1.24 (92.9x dari median) | AMT_REQ_CREDIT_BUREAU_YEAR=3.58 (27.8x dari median) | POS_MONTHS_COUNT=0.97 (24.8x dari median) | YEARS_BIRTH=0.51 (17.2x dari median) | BUREAU_DAYS_CREDIT_MEAN=0.83 (12.3x dari median),"Deviasi fitur lebih dari 50x median klaster, kemungkinan kesalahan input sistem.",Tim data engineering perlu memperbaiki flow pipeline ingestion untuk capping nilai ekstrem.
136908.0,cluster_2,Tipe A - Data Error,EXT_SOURCE_1=-1.93 (144.5x dari median) | YEARS_BIRTH=-1.32 (41.1x dari median) | REGION_RATING_CLIENT_W_CITY=-2.04 (34.6x dari median) | BUREAU_ACTIVE_RATIO=1.41 (24.8x dari median) | EXT_SOURCE_3=-2.64 (24.7x dari median),"Deviasi fitur lebih dari 50x median klaster, kemungkinan kesalahan input sistem.",Tim data engineering perlu memperbaiki flow pipeline ingestion untuk capping nilai ekstrem.
137125.0,cluster_1,Tipe B - Rare but Valid,INST_SEVERE_LATE_RATIO=3.37 (21.0x dari median) | EXT_SOURCE_2=-1.89 (19.3x dari median) | BUREAU_DAYS_CREDIT_MEAN=1.45 (9.3x dari median) | INST_DPD_MEAN=0.92 (9.1x dari median) | YEARS_BIRTH=-1.69 (8.0x dari median),Keadaan ekstrem secara statistik namun masih masuk secara logika riil (Tail-end customer).,"Berpeluang cross-selling khusus untuk Very High Net Worth Individual, bila bukan risiko gagal bayar."
137600.0,cluster_4,Tipe A - Data Error,POS_SK_DPD_MEAN=13.42 (67.3x dari median) | REGION_RATING_CLIENT_W_CITY=1.92 (34.6x dari median) | AMT_ANNUITY=-1.85 (23.1x dari median) | PREV_APPROVAL_RATE=0.96 (19.4x dari median) | BUREAU_ACTIVE_RATIO=-1.11 (17.7x dari median),"Deviasi fitur lebih dari 50x median klaster, kemungkinan kesalahan input sistem.",Tim data engineering perlu memperbaiki flow pipeline ingestion untuk capping nilai ekstrem.
137832.0,cluster_2,Tipe B - Rare but Valid,REGION_RATING_CLIENT_W_CITY=1.92 (34.6x dari median) | YEARS_BIRTH=0.91 (30.3x dari median) | POS_MONTHS_COUNT=-0.85 (23.7x dari median) | YEARS_EMPLOYED=4.28 (21.1x dari median) | CREDIT_TERM_MONTHS=0.88 (17.7x dari median),Keadaan ekstrem secara statistik namun masih masuk secara logika riil (Tail-end customer).,"Berpeluang cross-selling khusus untuk Very High Net Worth Individual, bila bukan risiko gagal bayar."
138008.0,cluster_4,Tipe A - Data Error,EXT_SOURCE_1=2.63 (194.0x dari median) | PREV_APPROVAL_RATE=0.96 (19.4x dari median) | BUREAU_ACTIVE_RATIO=-1.11 (17.7x dari median) | EXT_SOURCE_3=1.78 (15.0x dari median) | POS_SK_DPD_MEAN=2.91 (13.8x dari median),"Deviasi fitur lebih dari 50x median klaster, kemungkinan kesalahan input sistem.",Tim data engineering perlu memperbaiki flow pipeline ingestion untuk capping nilai ekstrem.
138325.0,cluster_3,Tipe A - Data Error,EXT_SOURCE_1=-1.03 (77.6x dari median) | REGION_RATING_CLIENT_W_CITY=1.92 (34.6x dari median) | INST_SEVERE_LATE_RATIO=3.58 (22.3x dari median) | AMT_INCOME_TOTAL=1.70 (12.8x dari median) | EXT_SOURCE_3=-1.20 (11.8x dari median),"Deviasi fitur lebih dari 50x median klaster, kemungkinan kesalahan input sistem.",Tim data engineering perlu memperbaiki flow pipeline ingestion untuk capping nilai ekstrem.
138366.0,cluster_2,Tipe A - Data Error,EXT_SOURCE_1=-1.18 (88.3x dari median) | BUREAU_ACTIVE_RATIO=2.03 (35.5x dari median) | REGION_RATING_CLIENT_W_CITY=-2.04 (34.6x dari median) | YEARS_BIRTH=-1.03 (32.0x dari median) | BUREAU_DEBT_TO_CREDIT_RATIO=1.92 (24.6x dari median),"Deviasi fitur lebih dari 50x median klaster, kemungkinan kesalahan input sistem.",Tim data engineering perlu memperbaiki flow pipeline ingestion untuk capping nilai ekstrem.
138619.0,cluster_2,Tipe B - Rare but Valid,REGION_RATING_CLIENT_W_CITY=1.92 (34.6x dari median) | CREDIT_TERM_MONTHS=1.66 (32.5x dari median) | EXT_SOURCE_3=-1.15 (11.3x dari median) | POS_MONTHS_COUNT=-0.37 (10.8x dari median) | BUREAU_DEBT_TO_CREDIT_RATIO=0.62 (8.7x dari median),Keadaan ekstrem secara statistik namun masih masuk secara logika riil (Tail-end customer).,"Berpeluang cross-selling khusus untuk Very High Net Worth Individual, bila bukan risiko gagal bayar."
139183.0,cluster_0,Tipe A - Data Error,EXT_SOURCE_3=-1.20 (560.2x dari median) | PREV_REFUSED_COUNT=3.45 (32.6x dari median) | CREDIT_TERM_MONTHS=1.28 (25.5x dari median) | YEARS_EMPLOYED=2.38 (17.4x dari median) | PREV_COUNT=4.54 (7.4x dari median),"Deviasi fitur lebih dari 50x median klaster, kemungkinan kesalahan input sistem.",Tim data engineering perlu memperbaiki flow pipeline ingestion untuk capping nilai ekstrem.
139238.0,cluster_2,Tipe B - Rare but Valid,EXT_SOURCE_1=0.61 (44.3x dari median) | REGION_RATING_CLIENT_W_CITY=1.92 (34.6x dari median) | CREDIT_TERM_MONTHS=1.68 (32.8x dari median) | YEARS_BIRTH=-1.03 (31.9x dari median) | AMT_REQ_CREDIT_BUREAU_YEAR=3.58 (27.8x dari median),Keadaan ekstrem secara statistik namun masih masuk secara logika riil (Tail-end customer).,"Berpeluang cross-selling khusus untuk Very High Net Worth Individual, bila bukan risiko gagal bayar."
139699.0,cluster_2,Tipe B - Rare but Valid,YEARS_BIRTH=1.46 (47.6x dari median) | REGION_RATING_CLIENT_W_CITY=-2.04 (34.6x dari median) | AMT_INCOME_TOTAL=1.70 (14.6x dari median) | AMT_REQ_CREDIT_BUREAU_YEAR=1.85 (13.9x dari median) | PREV_COUNT=4.07 (12.2x dari median),Keadaan ekstrem secara statistik namun masih masuk secara logika riil (Tail-end customer).,"Berpeluang cross-selling khusus untuk Very High Net Worth Individual, bila bukan risiko gagal bayar."
140173.0,cluster_3,Tipe B - Rare but Valid,REGION_RATING_CLIENT_W_CITY=1.92 (34.6x dari median) | INST_SEVERE_LATE_RATIO=4.23 (26.1x dari median) | INST_DPD_MAX=2.80 (18.4x dari median) | YEARS_EMPLOYED=5.43 (18.3x dari median) | INST_DPD_MEAN=1.96 (18.2x dari median),Keadaan ekstrem secara statistik namun masih masuk secara logika riil (Tail-end customer).,"Berpeluang cross-selling khusus untuk Very High Net Worth Individual, bila bukan risiko gagal bayar."
140210.0,cluster_2,Tipe A - Data Error,POS_MONTHS_COUNT=3.47 (91.8x dari median) | EXT_SOURCE_1=0.93 (68.0x dari median) | CREDIT_TERM_MONTHS=1.68 (32.9x dari median) | YEARS_EMPLOYED=2.59 (13.2x dari median) | BUREAU_ACTIVE_RATIO=0.69 (12.7x dari median),"Deviasi fitur lebih dari 50x median klaster, kemungkinan kesalahan input sistem.",Tim data engineering perlu memperbaiki flow pipeline ingestion untuk capping nilai ekstrem.
140277.0,cluster_2,Tipe A - Data Error,EXT_SOURCE_1=1.84 (135.6x dari median) | REGION_RATING_CLIENT_W_CITY=-2.04 (34.6x dari median) | AMT_INCOME_TOTAL=1.56 (13.3x dari median) | AMT_REQ_CREDIT_BUREAU_YEAR=1.27 (9.3x dari median) | EXT_SOURCE_3=0.95 (7.6x dari median),"Deviasi fitur lebih dari 50x median klaster, kemungkinan kesalahan input sistem.",Tim data engineering perlu memperbaiki flow pipeline ingestion untuk capping nilai ekstrem.
140491.0,cluster_2,Tipe A - Data Error,EXT_SOURCE_1=-1.95 (146.2x dari median) | CREDIT_TERM_MONTHS=-1.41 (25.7x dari median) | AMT_REQ_CREDIT_BUREAU_YEAR=1.85 (13.9x dari median) | YEARS_BIRTH=-0.40 (11.8x dari median) | POS_MONTHS_COUNT=0.44 (10.8x dari median),"Deviasi fitur lebih dari 50x median klaster, kemungkinan kesalahan input sistem.",Tim data engineering perlu memperbaiki flow pipeline ingestion untuk capping nilai ekstrem.
140644.0,cluster_2,Tipe A - Data Error,EXT_SOURCE_1=2.34 (173.0x dari median) | POS_MONTHS_COUNT=1.45 (37.8x dari median) | REGION_RATING_CLIENT_W_CITY=-2.04 (34.6x dari median) | YEARS_BIRTH=0.71 (23.6x dari median) | AMT_REQ_CREDIT_BUREAU_YEAR=3.00 (23.2x dari median),"Deviasi fitur lebih dari 50x median klaster, kemungkinan kesalahan input sistem.",Tim data engineering perlu memperbaiki flow pipeline ingestion untuk capping nilai ekstrem.
140645.0,cluster_2,Tipe A - Data Error,POS_MONTHS_COUNT=4.27 (113.3x dari median) | EXT_SOURCE_1=-0.70 (52.9x dari median) | BUREAU_ACTIVE_RATIO=2.03 (35.5x dari median) | INST_DPD_MAX=3.44 (34.1x dari median) | BUREAU_DEBT_TO_CREDIT_RATIO=1.70 (22.0x dari median),"Deviasi fitur lebih dari 50x median klaster, kemungkinan kesalahan input sistem.",Tim data engineering perlu memperbaiki flow pipeline ingestion untuk capping nilai ekstrem.
140756.0,cluster_2,Tipe B - Rare but Valid,CREDIT_TERM_MONTHS=1.70 (33.2x dari median) | POS_MONTHS_COUNT=-1.13 (31.3x dari median) | YEARS_BIRTH=0.83 (27.6x dari median) | BUREAU_DAYS_CREDIT_MEAN=1.45 (20.8x dari median) | YEARS_EMPLOYED=3.97 (19.7x dari median),Keadaan ekstrem secara statistik namun masih masuk secara logika riil (Tail-end customer).,"Berpeluang cross-selling khusus untuk Very High Net Worth Individual, bila bukan risiko gagal bayar."
140761.0,cluster_4,Tipe A - Data Error,POS_SK_DPD_MEAN=16.49 (82.9x dari median) | REGION_RATING_CLIENT_W_CITY=1.92 (34.6x dari median) | BUREAU_ACTIVE_RATIO=-1.11 (17.7x dari median) | ANNUITY_TO_INCOME=1.42 (16.5x dari median) | CREDIT_TERM_MONTHS=-1.10 (13.6x dari median),"Deviasi fitur lebih dari 50x median klaster, kemungkinan kesalahan input sistem.",Tim data engineering perlu memperbaiki flow pipeline ingestion untuk capping nilai ekstrem.
140794.0,cluster_3,Tipe A - Data Error,EXT_SOURCE_1=-1.90 (142.0x dari median) | INST_SEVERE_LATE_RATIO=4.39 (27.1x dari median) | YEARS_BIRTH=-1.31 (9.5x dari median) | AMT_INCOME_TOTAL=0.63 (5.4x dari median) | EXT_SOURCE_3=-0.49 (5.4x dari median),"Deviasi fitur lebih dari 50x median klaster, kemungkinan kesalahan input sistem.",Tim data engineering perlu memperbaiki flow pipeline ingestion untuk capping nilai ekstrem.
140897.0,cluster_3,Tipe A - Data Error,EXT_SOURCE_1=2.88 (212.9x dari median) | REGION_RATING_CLIENT_W_CITY=-2.04 (34.6x dari median) | BUREAU_DAYS_CREDIT_MEAN=-2.24 (20.9x dari median) | YEARS_EMPLOYED=3.58 (12.4x dari median) | YEARS_BIRTH=1.06 (9.5x dari median),"Deviasi fitur lebih dari 50x median klaster, kemungkinan kesalahan input sistem.",Tim data engineering perlu memperbaiki flow pipeline ingestion untuk capping nilai ekstrem.
140954.0,cluster_4,Tipe A - Data Error,EXT_SOURCE_1=2.46 (182.1x dari median) | BUREAU_ACTIVE_RATIO=2.03 (35.5x dari median) | REGION_RATING_CLIENT_W_CITY=-2.04 (34.6x dari median) | CREDIT_TERM_MONTHS=-1.38 (17.3x dari median) | AMT_ANNUITY=1.11 (12.3x dari median),"Deviasi fitur lebih dari 50x median klaster, kemungkinan kesalahan input sistem.",Tim data engineering perlu memperbaiki flow pipeline ingestion untuk capping nilai ekstrem.
140955.0,cluster_4,Tipe A - Data Error,CC_SK_DPD_MEAN=18.92 (381.0x dari median) | REGION_RATING_CLIENT_W_CITY=1.92 (34.6x dari median) | PREV_APPROVAL_RATE=0.96 (19.4x dari median) | AMT_ANNUITY=-1.52 (19.2x dari median) | CREDIT_TERM_MONTHS=0.83 (12.1x dari median),"Deviasi fitur lebih dari 50x median klaster, kemungkinan kesalahan input sistem.",Tim data engineering perlu memperbaiki flow pipeline ingestion untuk capping nilai ekstrem.
141197.0,cluster_2,Tipe B - Rare but Valid,REGION_RATING_CLIENT_W_CITY=1.92 (34.6x dari median) | POS_MONTHS_COUNT=1.09 (28.1x dari median) | AMT_REQ_CREDIT_BUREAU_YEAR=2.43 (18.5x dari median) | EXT_SOURCE_1=0.26 (18.4x dari median) | BUREAU_ACTIVE_RATIO=-1.11 (17.7x dari median),Keadaan ekstrem secara statistik namun masih masuk secara logika riil (Tail-end customer).,"Berpeluang cross-selling khusus untuk Very High Net Worth Individual, bila bukan risiko gagal bayar."
141343.0,cluster_2,Tipe B - Rare but Valid,YEARS_BIRTH=-1.29 (40.3x dari median) | BUREAU_DAYS_CREDIT_MEAN=1.45 (20.8x dari median) | BUREAU_ACTIVE_RATIO=-1.11 (17.7x dari median) | PREV_APPROVAL_RATE=-1.35 (8.8x dari median) | AMT_ANNUITY=-0.83 (7.4x dari median),Keadaan ekstrem secara statistik namun masih masuk secara logika riil (Tail-end customer).,"Berpeluang cross-selling khusus untuk Very High Net Worth Individual, bila bukan risiko gagal bayar."
141371.0,cluster_3,Tipe B - Rare but Valid,EXT_SOURCE_1=0.50 (36.4x dari median) | REGION_RATING_CLIENT_W_CITY=-2.04 (34.6x dari median) | AMT_INCOME_TOTAL=2.47 (18.0x dari median) | BUREAU_DAYS_CREDIT_MEAN=1.45 (11.9x dari median) | CNT_CHILDREN=3.60 (7.2x dari median),Keadaan ekstrem secara statistik namun masih masuk secara logika riil (Tail-end customer).,"Berpeluang cross-selling khusus untuk Very High Net Worth Individual, bila bukan risiko gagal bayar."
141382.0,cluster_2,Tipe B - Rare but Valid,POS_MONTHS_COUNT=1.25 (32.4x dari median) | BUREAU_DAYS_CREDIT_MEAN=1.45 (20.8x dari median) | BUREAU_ACTIVE_RATIO=-1.11 (17.7x dari median) | YEARS_BIRTH=-0.36 (10.4x dari median) | AMT_ANNUITY=-0.87 (7.8x dari median),Keadaan ekstrem secara statistik namun masih masuk secara logika riil (Tail-end customer).,"Berpeluang cross-selling khusus untuk Very High Net Worth Individual, bila bukan risiko gagal bayar."
141692.0,cluster_2,Tipe A - Data Error,POS_MONTHS_COUNT=2.26 (59.4x dari median) | BUREAU_ACTIVE_RATIO=2.03 (35.5x dari median) | REGION_RATING_CLIENT_W_CITY=-2.04 (34.6x dari median) | AMT_REQ_CREDIT_BUREAU_YEAR=3.58 (27.8x dari median) | YEARS_BIRTH=0.72 (23.9x dari median),"Deviasi fitur lebih dari 50x median klaster, kemungkinan kesalahan input sistem.",Tim data engineering perlu memperbaiki flow pipeline ingestion untuk capping nilai ekstrem.
141799.0,cluster_2,Tipe B - Rare but Valid,REGION_RATING_CLIENT_W_CITY=-2.04 (34.6x dari median) | BUREAU_DAYS_CREDIT_MEAN=1.45 (20.8x dari median) | BUREAU_ACTIVE_RATIO=-1.11 (17.7x dari median) | AMT_INCOME_TOTAL=0.86 (6.8x dari median) | POS_MONTHS_COUNT=0.28 (6.5x dari median),Keadaan ekstrem secara statistik namun masih masuk secara logika riil (Tail-end customer).,"Berpeluang cross-selling khusus untuk Very High Net Worth Individual, bila bukan risiko gagal bayar."
141982.0,cluster_2,Tipe A - Data Error,EXT_SOURCE_1=1.15 (84.3x dari median) | YEARS_BIRTH=1.70 (55.2x dari median) | BUREAU_ACTIVE_RATIO=2.03 (35.5x dari median) | REGION_RATING_CLIENT_W_CITY=-2.04 (34.6x dari median) | POS_MONTHS_COUNT=1.29 (33.5x dari median),"Deviasi fitur lebih dari 50x median klaster, kemungkinan kesalahan input sistem.",Tim data engineering perlu memperbaiki flow pipeline ingestion untuk capping nilai ekstrem.
141993.0,cluster_2,Tipe A - Data Error,CC_SK_DPD_MEAN=22.22 (447.2x dari median) | EXT_SOURCE_1=1.82 (133.9x dari median) | CREDIT_TERM_MONTHS=1.96 (38.1x dari median) | YEARS_BIRTH=0.90 (29.7x dari median) | CREDIT_TO_INCOME=2.92 (13.2x dari median),"Deviasi fitur lebih dari 50x median klaster, kemungkinan kesalahan input sistem.",Tim data engineering perlu memperbaiki flow pipeline ingestion untuk capping nilai ekstrem.
142260.0,cluster_2,Tipe A - Data Error,POS_SK_DPD_MEAN=12.29 (176.6x dari median) | EXT_SOURCE_1=2.04 (150.8x dari median) | POS_MONTHS_COUNT=3.14 (83.1x dari median) | BUREAU_DAYS_CREDIT_MEAN=1.45 (20.8x dari median) | YEARS_BIRTH=0.57 (19.3x dari median),"Deviasi fitur lebih dari 50x median klaster, kemungkinan kesalahan input sistem.",Tim data engineering perlu memperbaiki flow pipeline ingestion untuk capping nilai ekstrem.
142470.0,cluster_2,Tipe B - Rare but Valid,POS_MONTHS_COUNT=1.69 (44.3x dari median) | YEARS_BIRTH=0.55 (18.5x dari median) | EXT_SOURCE_3=-1.53 (14.7x dari median) | AMT_INCOME_TOTAL=1.56 (13.3x dari median) | BUREAU_COUNT=1.58 (9.8x dari median),Keadaan ekstrem secara statistik namun masih masuk secara logika riil (Tail-end customer).,"Berpeluang cross-selling khusus untuk Very High Net Worth Individual, bila bukan risiko gagal bayar."
142795.0,cluster_2,Tipe B - Rare but Valid,POS_MONTHS_COUNT=1.33 (34.5x dari median) | INST_DPD_MAX=3.32 (32.9x dari median) | CREDIT_TERM_MONTHS=-1.06 (19.2x dari median) | BUREAU_COUNT=2.24 (13.4x dari median) | PREV_REFUSED_COUNT=4.56 (11.0x dari median),Keadaan ekstrem secara statistik namun masih masuk secara logika riil (Tail-end customer).,"Berpeluang cross-selling khusus untuk Very High Net Worth Individual, bila bukan risiko gagal bayar."
143258.0,cluster_2,Tipe B - Rare but Valid,POS_MONTHS_COUNT=-0.93 (25.9x dari median) | CREDIT_TERM_MONTHS=-0.88 (15.6x dari median) | AMT_ANNUITY=-1.68 (14.0x dari median) | BUREAU_COUNT=1.58 (9.8x dari median) | AMT_CREDIT=-1.73 (9.4x dari median),Keadaan ekstrem secara statistik namun masih masuk secara logika riil (Tail-end customer).,"Berpeluang cross-selling khusus untuk Very High Net Worth Individual, bila bukan risiko gagal bayar."
143273.0,cluster_1,Tipe A - Data Error,EXT_SOURCE_1=0.79 (57.5x dari median) | EXT_SOURCE_2=-1.42 (14.8x dari median) | YEARS_BIRTH=-1.39 (6.4x dari median) | BUREAU_DEBT_TO_CREDIT_RATIO=1.45 (4.6x dari median) | BUREAU_DAYS_CREDIT_MEAN=0.66 (3.7x dari median),"Deviasi fitur lebih dari 50x median klaster, kemungkinan kesalahan input sistem.",Tim data engineering perlu memperbaiki flow pipeline ingestion untuk capping nilai ekstrem.
143298.0,cluster_2,Tipe C - Risk Signal,YEARS_BIRTH=1.02 (33.8x dari median) | INST_DPD_MAX=3.20 (31.8x dari median) | AMT_INCOME_TOTAL=-2.98 (28.3x dari median) | INST_SEVERE_LATE_RATIO=4.59 (28.3x dari median) | CREDIT_TO_INCOME=4.85 (21.3x dari median),Kombinasi finansial kontradiktif (contoh: rasio cicilan atau kredit terlalu besar di saat income rendah / profil berisiko).,Tim analis risiko (Underwriting) wajib memberikan manual review sebelum memberikan persetujuan.
143610.0,cluster_2,Tipe B - Rare but Valid,BUREAU_DAYS_CREDIT_MEAN=1.45 (20.8x dari median) | CREDIT_TERM_MONTHS=-1.08 (19.5x dari median) | BUREAU_ACTIVE_RATIO=-1.11 (17.7x dari median) | PREV_REFUSED_COUNT=5.12 (12.3x dari median) | PREV_APPROVAL_RATE=-1.68 (11.3x dari median),Keadaan ekstrem secara statistik namun masih masuk secara logika riil (Tail-end customer).,"Berpeluang cross-selling khusus untuk Very High Net Worth Individual, bila bukan risiko gagal bayar."
143664.0,cluster_3,Tipe A - Data Error,EXT_SOURCE_1=2.94 (217.7x dari median) | REGION_RATING_CLIENT_W_CITY=-2.04 (34.6x dari median) | YEARS_EMPLOYED=4.22 (14.5x dari median) | YEARS_BIRTH=1.31 (11.4x dari median) | EXT_SOURCE_3=1.24 (10.1x dari median),"Deviasi fitur lebih dari 50x median klaster, kemungkinan kesalahan input sistem.",Tim data engineering perlu memperbaiki flow pipeline ingestion untuk capping nilai ekstrem.
143726.0,cluster_2,Tipe A - Data Error,BUREAU_BB_SEVERE_DPD_MEAN=32.34 (632.5x dari median) | BUREAU_BB_DPD_RATIO_MEAN=18.04 (93.8x dari median) | EXT_SOURCE_1=-0.76 (57.5x dari median) | YEARS_BIRTH=-0.91 (28.1x dari median) | CREDIT_TERM_MONTHS=-1.08 (19.6x dari median),"Deviasi fitur lebih dari 50x median klaster, kemungkinan kesalahan input sistem.",Tim data engineering perlu memperbaiki flow pipeline ingestion untuk capping nilai ekstrem.
143873.0,cluster_4,Tipe A - Data Error,CC_SK_DPD_MEAN=21.04 (423.7x dari median) | CREDIT_TERM_MONTHS=-1.48 (18.6x dari median) | BUREAU_ACTIVE_RATIO=0.78 (14.2x dari median) | EXT_SOURCE_1=0.14 (9.7x dari median) | CC_MONTHS_COUNT=3.45 (8.9x dari median),"Deviasi fitur lebih dari 50x median klaster, kemungkinan kesalahan input sistem.",Tim data engineering perlu memperbaiki flow pipeline ingestion untuk capping nilai ekstrem.
144153.0,cluster_3,Tipe A - Data Error,EXT_SOURCE_1=0.88 (64.6x dari median) | REGION_RATING_CLIENT_W_CITY=-2.04 (34.6x dari median) | INST_DPD_MAX=2.95 (19.3x dari median) | BUREAU_ACTIVE_RATIO=2.03 (13.4x dari median) | INST_SEVERE_LATE_RATIO=1.65 (10.8x dari median),"Deviasi fitur lebih dari 50x median klaster, kemungkinan kesalahan input sistem.",Tim data engineering perlu memperbaiki flow pipeline ingestion untuk capping nilai ekstrem.
144284.0,cluster_2,Tipe A - Data Error,EXT_SOURCE_1=-3.01 (224.9x dari median) | POS_MONTHS_COUNT=1.69 (44.3x dari median) | YEARS_BIRTH=-1.14 (35.4x dari median) | REGION_RATING_CLIENT_W_CITY=1.92 (34.6x dari median) | BUREAU_ACTIVE_RATIO=1.25 (22.2x dari median),"Deviasi fitur lebih dari 50x median klaster, kemungkinan kesalahan input sistem.",Tim data engineering perlu memperbaiki flow pipeline ingestion untuk capping nilai ekstrem.
144397.0,cluster_4,Tipe A - Data Error,BUREAU_BB_SEVERE_DPD_MEAN=26.83 (525.0x dari median) | BUREAU_BB_DPD_RATIO_MEAN=15.05 (78.4x dari median) | PREV_APPROVAL_RATE=-1.24 (22.7x dari median) | POS_SK_DPD_MEAN=4.04 (19.6x dari median) | BUREAU_ACTIVE_RATIO=-1.11 (17.7x dari median),"Deviasi fitur lebih dari 50x median klaster, kemungkinan kesalahan input sistem.",Tim data engineering perlu memperbaiki flow pipeline ingestion untuk capping nilai ekstrem.
144495.0,cluster_1,Tipe B - Rare but Valid,EXT_SOURCE_1=0.60 (43.9x dari median) | REGION_RATING_CLIENT_W_CITY=-2.04 (34.6x dari median) | OWN_CAR_AGE=6.68 (15.7x dari median) | EXT_SOURCE_2=-1.27 (13.3x dari median) | EXT_SOURCE_3=-1.15 (11.3x dari median),Keadaan ekstrem secara statistik namun masih masuk secara logika riil (Tail-end customer).,"Berpeluang cross-selling khusus untuk Very High Net Worth Individual, bila bukan risiko gagal bayar."
144747.0,cluster_2,Tipe A - Data Error,POS_MONTHS_COUNT=4.31 (114.4x dari median) | YEARS_BIRTH=1.67 (54.3x dari median) | AMT_ANNUITY=-4.04 (32.4x dari median) | BUREAU_DAYS_CREDIT_MEAN=-1.81 (23.7x dari median) | BUREAU_ACTIVE_RATIO=-1.11 (17.7x dari median),"Deviasi fitur lebih dari 50x median klaster, kemungkinan kesalahan input sistem.",Tim data engineering perlu memperbaiki flow pipeline ingestion untuk capping nilai ekstrem.
144863.0,cluster_0,Tipe A - Data Error,EXT_SOURCE_3=-2.65 (1237.3x dari median) | BUREAU_BB_SEVERE_DPD_MEAN=4.98 (98.2x dari median) | BUREAU_BB_DPD_RATIO_MEAN=6.20 (32.9x dari median) | BUREAU_DEBT_TO_CREDIT_RATIO=1.55 (23.1x dari median) | CREDIT_TERM_MONTHS=-1.08 (19.7x dari median),"Deviasi fitur lebih dari 50x median klaster, kemungkinan kesalahan input sistem.",Tim data engineering perlu memperbaiki flow pipeline ingestion untuk capping nilai ekstrem.
144879.0,cluster_1,Tipe B - Rare but Valid,INST_SEVERE_LATE_RATIO=3.19 (19.9x dari median) | INST_DPD_MEAN=1.43 (13.5x dari median) | INST_LATE_RATIO=6.83 (11.9x dari median) | EXT_SOURCE_3=-1.14 (11.2x dari median) | BUREAU_COUNT=3.34 (9.4x dari median),Keadaan ekstrem secara statistik namun masih masuk secara logika riil (Tail-end customer).,"Berpeluang cross-selling khusus untuk Very High Net Worth Individual, bila bukan risiko gagal bayar."
145041.0,cluster_0,Tipe A - Data Error,EXT_SOURCE_3=1.87 (876.3x dari median) | EXT_SOURCE_1=-1.15 (86.2x dari median) | REGION_RATING_CLIENT_W_CITY=1.92 (34.6x dari median) | CREDIT_TERM_MONTHS=1.17 (23.4x dari median) | BUREAU_ACTIVE_RATIO=-0.58 (8.9x dari median),"Deviasi fitur lebih dari 50x median klaster, kemungkinan kesalahan input sistem.",Tim data engineering perlu memperbaiki flow pipeline ingestion untuk capping nilai ekstrem.
145895.0,cluster_1,Tipe A - Data Error,EXT_SOURCE_1=0.78 (57.1x dari median) | INST_SEVERE_LATE_RATIO=5.15 (31.6x dari median) | BUREAU_DAYS_CREDIT_MEAN=-1.41 (11.0x dari median) | CNT_CHILDREN=3.60 (7.2x dari median) | BUREAU_ACTIVE_RATIO=-1.11 (4.3x dari median),"Deviasi fitur lebih dari 50x median klaster, kemungkinan kesalahan input sistem.",Tim data engineering perlu memperbaiki flow pipeline ingestion untuk capping nilai ekstrem.
146193.0,cluster_1,Tipe A - Data Error,EXT_SOURCE_1=-2.75 (205.6x dari median) | INST_SEVERE_LATE_RATIO=6.21 (37.9x dari median) | EXT_SOURCE_3=-2.46 (23.1x dari median) | BUREAU_BB_DPD_RATIO_MEAN=4.09 (22.0x dari median) | BUREAU_ACTIVE_RATIO=2.03 (10.8x dari median),"Deviasi fitur lebih dari 50x median klaster, kemungkinan kesalahan input sistem.",Tim data engineering perlu memperbaiki flow pipeline ingestion untuk capping nilai ekstrem.
146197.0,cluster_2,Tipe B - Rare but Valid,BUREAU_DAYS_CREDIT_MEAN=-2.73 (36.4x dari median) | BUREAU_BB_DPD_RATIO_MEAN=6.20 (32.9x dari median) | CREDIT_TERM_MONTHS=-1.57 (28.7x dari median) | BUREAU_ACTIVE_RATIO=-1.11 (17.7x dari median) | YEARS_BIRTH=-0.58 (17.6x dari median),Keadaan ekstrem secara statistik namun masih masuk secara logika riil (Tail-end customer).,"Berpeluang cross-selling khusus untuk Very High Net Worth Individual, bila bukan risiko gagal bayar."
146377.0,cluster_0,Tipe A - Data Error,EXT_SOURCE_3=0.54 (251.6x dari median) | REGION_RATING_CLIENT_W_CITY=-2.04 (34.6x dari median) | BUREAU_ACTIVE_RATIO=1.25 (22.2x dari median) | YEARS_EMPLOYED=2.19 (16.1x dari median) | BUREAU_DEBT_TO_CREDIT_RATIO=0.49 (8.0x dari median),"Deviasi fitur lebih dari 50x median klaster, kemungkinan kesalahan input sistem.",Tim data engineering perlu memperbaiki flow pipeline ingestion untuk capping nilai ekstrem.
146413.0,cluster_2,Tipe A - Data Error,EXT_SOURCE_1=2.13 (157.5x dari median) | POS_MONTHS_COUNT=4.19 (111.2x dari median) | YEARS_BIRTH=1.11 (36.5x dari median) | CREDIT_TERM_MONTHS=1.67 (32.6x dari median) | BUREAU_DAYS_CREDIT_MEAN=1.45 (20.8x dari median),"Deviasi fitur lebih dari 50x median klaster, kemungkinan kesalahan input sistem.",Tim data engineering perlu memperbaiki flow pipeline ingestion untuk capping nilai ekstrem.
146573.0,cluster_2,Tipe B - Rare but Valid,REGION_RATING_CLIENT_W_CITY=-2.04 (34.6x dari median) | POS_MONTHS_COUNT=-1.13 (31.3x dari median) | YEARS_BIRTH=0.83 (27.6x dari median) | CREDIT_TERM_MONTHS=0.86 (17.3x dari median) | PREV_APPROVAL_RATE=-2.34 (16.1x dari median),Keadaan ekstrem secara statistik namun masih masuk secara logika riil (Tail-end customer).,"Berpeluang cross-selling khusus untuk Very High Net Worth Individual, bila bukan risiko gagal bayar."
146592.0,cluster_3,Tipe B - Rare but Valid,EXT_SOURCE_1=0.60 (43.5x dari median) | INST_DPD_MAX=3.96 (25.6x dari median) | INST_DPD_MEAN=2.09 (19.4x dari median) | INST_SEVERE_LATE_RATIO=2.60 (16.5x dari median) | BUREAU_DAYS_CREDIT_MEAN=-0.69 (7.1x dari median),Keadaan ekstrem secara statistik namun masih masuk secara logika riil (Tail-end customer).,"Berpeluang cross-selling khusus untuk Very High Net Worth Individual, bila bukan risiko gagal bayar."
146923.0,cluster_4,Tipe A - Data Error,POS_SK_DPD_MEAN=25.09 (126.7x dari median) | EXT_SOURCE_1=0.70 (51.0x dari median) | PREV_APPROVAL_RATE=0.96 (19.4x dari median) | AMT_ANNUITY=1.18 (13.1x dari median) | BUREAU_DAYS_CREDIT_MEAN=-1.65 (9.8x dari median),"Deviasi fitur lebih dari 50x median klaster, kemungkinan kesalahan input sistem.",Tim data engineering perlu memperbaiki flow pipeline ingestion untuk capping nilai ekstrem.
147327.0,cluster_2,Tipe B - Rare but Valid,CREDIT_TERM_MONTHS=1.26 (24.9x dari median) | YEARS_BIRTH=0.36 (12.6x dari median) | POS_MONTHS_COUNT=0.48 (11.9x dari median) | BUREAU_DAYS_CREDIT_MEAN=-0.87 (10.9x dari median) | BUREAU_COUNT=1.58 (9.8x dari median),Keadaan ekstrem secara statistik namun masih masuk secara logika riil (Tail-end customer).,"Berpeluang cross-selling khusus untuk Very High Net Worth Individual, bila bukan risiko gagal bayar."
147494.0,cluster_1,Tipe A - Data Error,EXT_SOURCE_1=0.80 (58.1x dari median) | EXT_SOURCE_3=-1.90 (18.1x dari median) | INST_LATE_RATIO=3.51 (6.6x dari median) | CNT_CHILDREN=2.21 (4.8x dari median) | BUREAU_COUNT=1.36 (4.4x dari median),"Deviasi fitur lebih dari 50x median klaster, kemungkinan kesalahan input sistem.",Tim data engineering perlu memperbaiki flow pipeline ingestion untuk capping nilai ekstrem.
147499.0,cluster_2,Tipe A - Data Error,EXT_SOURCE_1=0.90 (65.8x dari median) | BUREAU_DAYS_CREDIT_MEAN=-2.26 (29.9x dari median) | CREDIT_TERM_MONTHS=1.00 (19.9x dari median) | BUREAU_COUNT=2.24 (13.4x dari median) | AMT_INCOME_TOTAL=1.56 (13.3x dari median),"Deviasi fitur lebih dari 50x median klaster, kemungkinan kesalahan input sistem.",Tim data engineering perlu memperbaiki flow pipeline ingestion untuk capping nilai ekstrem.
147638.0,cluster_4,Tipe A - Data Error,CC_SK_DPD_MEAN=18.19 (366.4x dari median) | REGION_RATING_CLIENT_W_CITY=-2.04 (34.6x dari median) | PREV_APPROVAL_RATE=0.96 (19.4x dari median) | EXT_SOURCE_3=2.11 (18.0x dari median) | BUREAU_ACTIVE_RATIO=-1.11 (17.7x dari median),"Deviasi fitur lebih dari 50x median klaster, kemungkinan kesalahan input sistem.",Tim data engineering perlu memperbaiki flow pipeline ingestion untuk capping nilai ekstrem.
147685.0,cluster_0,Tipe A - Data Error,POS_SK_DPD_MEAN=12.45 (178.8x dari median) | EXT_SOURCE_3=0.11 (53.0x dari median) | YEARS_EMPLOYED=2.00 (14.7x dari median) | CREDIT_TERM_MONTHS=-0.74 (13.2x dari median) | BUREAU_ACTIVE_RATIO=-0.48 (7.1x dari median),"Deviasi fitur lebih dari 50x median klaster, kemungkinan kesalahan input sistem.",Tim data engineering perlu memperbaiki flow pipeline ingestion untuk capping nilai ekstrem.
147885.0,cluster_1,Tipe A - Data Error,EXT_SOURCE_1=-2.75 (205.4x dari median) | INST_SEVERE_LATE_RATIO=5.15 (31.6x dari median) | EXT_SOURCE_2=-1.57 (16.3x dari median) | INST_DPD_MEAN=1.00 (9.8x dari median) | EXT_SOURCE_3=-0.77 (8.0x dari median),"Deviasi fitur lebih dari 50x median klaster, kemungkinan kesalahan input sistem.",Tim data engineering perlu memperbaiki flow pipeline ingestion untuk capping nilai ekstrem.
148062.0,cluster_2,Tipe C - Risk Signal,YEARS_BIRTH=1.12 (36.8x dari median) | REGION_RATING_CLIENT_W_CITY=1.92 (34.6x dari median) | BUREAU_DAYS_CREDIT_MEAN=1.45 (20.8x dari median) | AMT_INCOME_TOTAL=-2.04 (19.7x dari median) | BUREAU_ACTIVE_RATIO=-1.11 (17.7x dari median),Kombinasi finansial kontradiktif (contoh: rasio cicilan atau kredit terlalu besar di saat income rendah / profil berisiko).,Tim analis risiko (Underwriting) wajib memberikan manual review sebelum memberikan persetujuan.
148068.0,cluster_2,Tipe A - Data Error,CC_SK_DPD_MEAN=22.82 (459.3x dari median) | YEARS_BIRTH=1.52 (49.5x dari median) | REGION_RATING_CLIENT_W_CITY=-2.04 (34.6x dari median) | POS_MONTHS_COUNT=-1.13 (31.3x dari median) | BUREAU_DAYS_CREDIT_MEAN=1.45 (20.8x dari median),"Deviasi fitur lebih dari 50x median klaster, kemungkinan kesalahan input sistem.",Tim data engineering perlu memperbaiki flow pipeline ingestion untuk capping nilai ekstrem.
148097.0,cluster_1,Tipe A - Data Error,EXT_SOURCE_1=1.84 (135.4x dari median) | INST_SEVERE_LATE_RATIO=5.76 (35.2x dari median) | BUREAU_DAYS_CREDIT_MEAN=-1.31 (10.3x dari median) | YEARS_EMPLOYED=4.05 (10.1x dari median) | EXT_SOURCE_2=-0.60 (6.8x dari median),"Deviasi fitur lebih dari 50x median klaster, kemungkinan kesalahan input sistem.",Tim data engineering perlu memperbaiki flow pipeline ingestion untuk capping nilai ekstrem.
148277.0,cluster_0,Tipe A - Data Error,EXT_SOURCE_3=0.37 (172.3x dari median) | BUREAU_ACTIVE_RATIO=2.03 (35.5x dari median) | REGION_RATING_CLIENT_W_CITY=-2.04 (34.6x dari median) | PREV_REFUSED_COUNT=2.89 (27.2x dari median) | BUREAU_DEBT_TO_CREDIT_RATIO=0.79 (12.2x dari median),"Deviasi fitur lebih dari 50x median klaster, kemungkinan kesalahan input sistem.",Tim data engineering perlu memperbaiki flow pipeline ingestion untuk capping nilai ekstrem.
148458.0,cluster_4,Tipe B - Rare but Valid,CC_SK_DPD_MEAN=2.26 (46.3x dari median) | BUREAU_ACTIVE_RATIO=0.99 (17.7x dari median) | AMT_ANNUITY=-1.25 (15.9x dari median) | EXT_SOURCE_3=-1.10 (10.9x dari median) | AMT_CREDIT=-1.33 (10.2x dari median),Keadaan ekstrem secara statistik namun masih masuk secara logika riil (Tail-end customer).,"Berpeluang cross-selling khusus untuk Very High Net Worth Individual, bila bukan risiko gagal bayar."
148718.0,cluster_1,Tipe B - Rare but Valid,INST_SEVERE_LATE_RATIO=2.49 (15.8x dari median) | YEARS_BIRTH=-1.36 (6.3x dari median) | BUREAU_DAYS_CREDIT_MEAN=0.90 (5.4x dari median) | EXT_SOURCE_3=-0.32 (3.9x dari median) | BUREAU_ACTIVE_RATIO=0.46 (3.2x dari median),Keadaan ekstrem secara statistik namun masih masuk secara logika riil (Tail-end customer).,"Berpeluang cross-selling khusus untuk Very High Net Worth Individual, bila bukan risiko gagal bayar."
148863.0,cluster_2,Tipe A - Data Error,EXT_SOURCE_1=-0.87 (65.8x dari median) | YEARS_BIRTH=-0.96 (29.6x dari median) | BUREAU_DEBT_TO_CREDIT_RATIO=1.14 (15.0x dari median) | BUREAU_ACTIVE_RATIO=0.78 (14.2x dari median) | CREDIT_TERM_MONTHS=0.41 (8.9x dari median),"Deviasi fitur lebih dari 50x median klaster, kemungkinan kesalahan input sistem.",Tim data engineering perlu memperbaiki flow pipeline ingestion untuk capping nilai ekstrem.
148895.0,cluster_4,Tipe B - Rare but Valid,POS_SK_DPD_MEAN=7.39 (36.6x dari median) | CREDIT_TERM_MONTHS=1.68 (23.3x dari median) | EXT_SOURCE_3=-1.50 (14.5x dari median) | PREV_APPROVAL_RATE=-0.69 (12.1x dari median) | BUREAU_DAYS_CREDIT_MEAN=-1.61 (9.5x dari median),Keadaan ekstrem secara statistik namun masih masuk secara logika riil (Tail-end customer).,"Berpeluang cross-selling khusus untuk Very High Net Worth Individual, bila bukan risiko gagal bayar."
149033.0,cluster_2,Tipe A - Data Error,POS_MONTHS_COUNT=1.97 (51.8x dari median) | CREDIT_TERM_MONTHS=1.96 (38.1x dari median) | REGION_RATING_CLIENT_W_CITY=1.92 (34.6x dari median) | YEARS_BIRTH=-0.81 (24.8x dari median) | BUREAU_COUNT=3.12 (18.3x dari median),"Deviasi fitur lebih dari 50x median klaster, kemungkinan kesalahan input sistem.",Tim data engineering perlu memperbaiki flow pipeline ingestion untuk capping nilai ekstrem.
149169.0,cluster_2,Tipe B - Rare but Valid,BUREAU_COUNT=5.10 (29.3x dari median) | YEARS_BIRTH=-0.54 (16.4x dari median) | BUREAU_DAYS_CREDIT_MEAN=-1.17 (15.0x dari median) | PREV_COUNT=3.37 (9.9x dari median) | PREV_APPROVAL_RATE=-1.47 (9.7x dari median),Keadaan ekstrem secara statistik namun masih masuk secara logika riil (Tail-end customer).,"Berpeluang cross-selling khusus untuk Very High Net Worth Individual, bila bukan risiko gagal bayar."
149402.0,cluster_3,Tipe A - Data Error,EXT_SOURCE_1=1.10 (80.9x dari median) | CREDIT_TO_INCOME=7.12 (12.9x dari median) | BUREAU_DAYS_CREDIT_MEAN=1.45 (11.9x dari median) | YEARS_BIRTH=1.09 (9.7x dari median) | AMT_INCOME_TOTAL=-1.40 (8.7x dari median),"Deviasi fitur lebih dari 50x median klaster, kemungkinan kesalahan input sistem.",Tim data engineering perlu memperbaiki flow pipeline ingestion untuk capping nilai ekstrem.
149880.0,cluster_4,Tipe A - Data Error,BUREAU_BB_SEVERE_DPD_MEAN=15.95 (312.4x dari median) | BUREAU_BB_DPD_RATIO_MEAN=9.25 (48.6x dari median) | REGION_RATING_CLIENT_W_CITY=1.92 (34.6x dari median) | POS_SK_DPD_MEAN=5.60 (27.5x dari median) | EXT_SOURCE_3=-2.78 (25.9x dari median),"Deviasi fitur lebih dari 50x median klaster, kemungkinan kesalahan input sistem.",Tim data engineering perlu memperbaiki flow pipeline ingestion untuk capping nilai ekstrem.
150102.0,cluster_0,Tipe A - Data Error,EXT_SOURCE_3=0.56 (260.8x dari median) | PREV_REFUSED_COUNT=14.03 (135.8x dari median) | BUREAU_DEBT_TO_CREDIT_RATIO=0.94 (14.5x dari median) | CREDIT_TERM_MONTHS=0.63 (13.0x dari median) | PREV_COUNT=5.95 (9.9x dari median),"Deviasi fitur lebih dari 50x median klaster, kemungkinan kesalahan input sistem.",Tim data engineering perlu memperbaiki flow pipeline ingestion untuk capping nilai ekstrem.
150258.0,cluster_2,Tipe B - Rare but Valid,CREDIT_TERM_MONTHS=1.67 (32.7x dari median) | POS_MONTHS_COUNT=-1.13 (31.3x dari median) | BUREAU_DAYS_CREDIT_MEAN=-1.65 (21.6x dari median) | EXT_SOURCE_1=0.26 (18.5x dari median) | BUREAU_ACTIVE_RATIO=-1.11 (17.7x dari median),Keadaan ekstrem secara statistik namun masih masuk secara logika riil (Tail-end customer).,"Berpeluang cross-selling khusus untuk Very High Net Worth Individual, bila bukan risiko gagal bayar."
150500.0,cluster_4,Tipe A - Data Error,EXT_SOURCE_1=2.29 (169.3x dari median) | CC_SK_DPD_MEAN=6.93 (140.2x dari median) | BUREAU_ACTIVE_RATIO=2.03 (35.5x dari median) | REGION_RATING_CLIENT_W_CITY=1.92 (34.6x dari median) | CREDIT_TERM_MONTHS=-1.39 (17.4x dari median),"Deviasi fitur lebih dari 50x median klaster, kemungkinan kesalahan input sistem.",Tim data engineering perlu memperbaiki flow pipeline ingestion untuk capping nilai ekstrem.
150520.0,cluster_2,Tipe A - Data Error,EXT_SOURCE_1=0.80 (58.5x dari median) | CREDIT_TERM_MONTHS=-1.51 (27.6x dari median) | AMT_REQ_CREDIT_BUREAU_YEAR=2.43 (18.5x dari median) | POS_MONTHS_COUNT=-0.61 (17.3x dari median) | PREV_APPROVAL_RATE=-1.97 (13.4x dari median),"Deviasi fitur lebih dari 50x median klaster, kemungkinan kesalahan input sistem.",Tim data engineering perlu memperbaiki flow pipeline ingestion untuk capping nilai ekstrem.
150846.0,cluster_0,Tipe A - Data Error,EXT_SOURCE_3=-1.22 (568.4x dari median) | EXT_SOURCE_1=2.52 (186.3x dari median) | YEARS_EMPLOYED=3.53 (25.3x dari median) | BUREAU_COUNT=3.56 (12.7x dari median) | PREV_REFUSED_COUNT=1.22 (10.9x dari median),"Deviasi fitur lebih dari 50x median klaster, kemungkinan kesalahan input sistem.",Tim data engineering perlu memperbaiki flow pipeline ingestion untuk capping nilai ekstrem.
151125.0,cluster_2,Tipe B - Rare but Valid,POS_MONTHS_COUNT=1.25 (32.4x dari median) | AMT_REQ_CREDIT_BUREAU_YEAR=2.43 (18.5x dari median) | BUREAU_DEBT_TO_CREDIT_RATIO=1.37 (17.9x dari median) | BUREAU_ACTIVE_RATIO=0.99 (17.7x dari median) | AMT_ANNUITY=-1.52 (12.8x dari median),Keadaan ekstrem secara statistik namun masih masuk secara logika riil (Tail-end customer).,"Berpeluang cross-selling khusus untuk Very High Net Worth Individual, bila bukan risiko gagal bayar."
151430.0,cluster_2,Tipe A - Data Error,EXT_SOURCE_1=-2.16 (161.6x dari median) | BUREAU_ACTIVE_RATIO=2.03 (35.5x dari median) | POS_MONTHS_COUNT=-0.85 (23.7x dari median) | YEARS_BIRTH=-0.75 (23.1x dari median) | CREDIT_TERM_MONTHS=-0.93 (16.7x dari median),"Deviasi fitur lebih dari 50x median klaster, kemungkinan kesalahan input sistem.",Tim data engineering perlu memperbaiki flow pipeline ingestion untuk capping nilai ekstrem.
151495.0,cluster_2,Tipe B - Rare but Valid,REGION_RATING_CLIENT_W_CITY=1.92 (34.6x dari median) | BUREAU_DAYS_CREDIT_MEAN=-1.36 (17.5x dari median) | POS_MONTHS_COUNT=-0.61 (17.3x dari median) | AMT_INCOME_TOTAL=-1.66 (16.2x dari median) | CREDIT_TERM_MONTHS=0.71 (14.5x dari median),Keadaan ekstrem secara statistik namun masih masuk secara logika riil (Tail-end customer).,"Berpeluang cross-selling khusus untuk Very High Net Worth Individual, bila bukan risiko gagal bayar."
151548.0,cluster_2,Tipe A - Data Error,POS_SK_DPD_MEAN=14.19 (203.8x dari median) | EXT_SOURCE_1=-2.61 (195.2x dari median) | POS_MONTHS_COUNT=1.97 (51.8x dari median) | REGION_RATING_CLIENT_W_CITY=-2.04 (34.6x dari median) | YEARS_BIRTH=-0.82 (25.2x dari median),"Deviasi fitur lebih dari 50x median klaster, kemungkinan kesalahan input sistem.",Tim data engineering perlu memperbaiki flow pipeline ingestion untuk capping nilai ekstrem.
151605.0,cluster_2,Tipe A - Data Error,CC_SK_DPD_MEAN=6.73 (136.2x dari median) | YEARS_BIRTH=1.19 (39.1x dari median) | REGION_RATING_CLIENT_W_CITY=-2.04 (34.6x dari median) | CREDIT_TERM_MONTHS=1.70 (33.2x dari median) | BUREAU_DAYS_CREDIT_MEAN=-1.75 (23.0x dari median),"Deviasi fitur lebih dari 50x median klaster, kemungkinan kesalahan input sistem.",Tim data engineering perlu memperbaiki flow pipeline ingestion untuk capping nilai ekstrem.
151677.0,cluster_0,Tipe A - Data Error,EXT_SOURCE_3=0.11 (53.0x dari median) | INST_SEVERE_LATE_RATIO=3.28 (20.5x dari median) | BUREAU_ACTIVE_RATIO=-1.11 (17.7x dari median) | INST_LATE_RATIO=2.48 (9.3x dari median) | YEARS_EMPLOYED=1.03 (8.1x dari median),"Deviasi fitur lebih dari 50x median klaster, kemungkinan kesalahan input sistem.",Tim data engineering perlu memperbaiki flow pipeline ingestion untuk capping nilai ekstrem.
152649.0,cluster_1,Tipe B - Rare but Valid,REGION_RATING_CLIENT_W_CITY=1.92 (34.6x dari median) | OWN_CAR_AGE=6.68 (15.7x dari median) | EXT_SOURCE_2=-1.42 (14.8x dari median) | EXT_SOURCE_1=0.19 (13.1x dari median) | EXT_SOURCE_3=1.42 (11.8x dari median),Keadaan ekstrem secara statistik namun masih masuk secara logika riil (Tail-end customer).,"Berpeluang cross-selling khusus untuk Very High Net Worth Individual, bila bukan risiko gagal bayar."
153304.0,cluster_2,Tipe A - Data Error,POS_SK_DPD_MEAN=18.13 (260.0x dari median) | BUREAU_BB_SEVERE_DPD_MEAN=5.74 (113.0x dari median) | POS_MONTHS_COUNT=3.79 (100.4x dari median) | YEARS_BIRTH=1.43 (46.6x dari median) | BUREAU_BB_DPD_RATIO_MEAN=4.84 (25.9x dari median),"Deviasi fitur lebih dari 50x median klaster, kemungkinan kesalahan input sistem.",Tim data engineering perlu memperbaiki flow pipeline ingestion untuk capping nilai ekstrem.
154651.0,cluster_4,Tipe A - Data Error,POS_SK_DPD_MEAN=15.62 (78.5x dari median) | BUREAU_ACTIVE_RATIO=0.78 (14.2x dari median) | YEARS_BIRTH=1.77 (12.9x dari median) | BUREAU_DAYS_CREDIT_MEAN=-1.51 (8.9x dari median) | ANNUITY_TO_INCOME=0.31 (4.3x dari median),"Deviasi fitur lebih dari 50x median klaster, kemungkinan kesalahan input sistem.",Tim data engineering perlu memperbaiki flow pipeline ingestion untuk capping nilai ekstrem.
154770.0,cluster_0,Tipe A - Data Error,EXT_SOURCE_3=-1.03 (480.4x dari median) | EXT_SOURCE_1=0.87 (63.9x dari median) | REGION_RATING_CLIENT_W_CITY=-2.04 (34.6x dari median) | INST_PAYMENT_RATIO_MEAN=0.23 (22.4x dari median) | PREV_REFUSED_COUNT=1.22 (10.9x dari median),"Deviasi fitur lebih dari 50x median klaster, kemungkinan kesalahan input sistem.",Tim data engineering perlu memperbaiki flow pipeline ingestion untuk capping nilai ekstrem.
154771.0,cluster_2,Tipe A - Data Error,EXT_SOURCE_1=1.84 (136.0x dari median) | BUREAU_COUNT=3.12 (18.3x dari median) | AMT_ANNUITY=-1.78 (14.8x dari median) | YEARS_EMPLOYED=2.20 (11.4x dari median) | BUREAU_DAYS_CREDIT_MEAN=-0.66 (8.1x dari median),"Deviasi fitur lebih dari 50x median klaster, kemungkinan kesalahan input sistem.",Tim data engineering perlu memperbaiki flow pipeline ingestion untuk capping nilai ekstrem.
154839.0,cluster_2,Tipe B - Rare but Valid,YEARS_BIRTH=0.92 (30.6x dari median) | CREDIT_TERM_MONTHS=-1.30 (23.6x dari median) | YEARS_EMPLOYED=4.63 (22.8x dari median) | POS_MONTHS_COUNT=-0.61 (17.3x dari median) | BUREAU_BB_DPD_RATIO_MEAN=1.38 (8.1x dari median),Keadaan ekstrem secara statistik namun masih masuk secara logika riil (Tail-end customer).,"Berpeluang cross-selling khusus untuk Very High Net Worth Individual, bila bukan risiko gagal bayar."
155274.0,cluster_2,Tipe A - Data Error,EXT_SOURCE_1=0.87 (63.5x dari median) | REGION_RATING_CLIENT_W_CITY=-2.04 (34.6x dari median) | POS_MONTHS_COUNT=-1.13 (31.3x dari median) | CREDIT_TERM_MONTHS=-1.40 (25.5x dari median) | YEARS_BIRTH=-0.81 (24.8x dari median),"Deviasi fitur lebih dari 50x median klaster, kemungkinan kesalahan input sistem.",Tim data engineering perlu memperbaiki flow pipeline ingestion untuk capping nilai ekstrem.
155335.0,cluster_0,Tipe A - Data Error,EXT_SOURCE_3=-1.76 (819.4x dari median) | EXT_SOURCE_1=1.53 (112.5x dari median) | CREDIT_TERM_MONTHS=1.17 (23.4x dari median) | INST_LATE_RATIO=2.69 (10.0x dari median) | POS_MONTHS_COUNT=3.10 (8.7x dari median),"Deviasi fitur lebih dari 50x median klaster, kemungkinan kesalahan input sistem.",Tim data engineering perlu memperbaiki flow pipeline ingestion untuk capping nilai ekstrem.
155568.0,cluster_0,Tipe A - Data Error,EXT_SOURCE_3=0.11 (53.0x dari median) | INST_SEVERE_LATE_RATIO=5.38 (32.9x dari median) | BUREAU_ACTIVE_RATIO=-1.11 (17.7x dari median) | CREDIT_TERM_MONTHS=-0.81 (14.4x dari median) | INST_LATE_RATIO=3.61 (13.0x dari median),"Deviasi fitur lebih dari 50x median klaster, kemungkinan kesalahan input sistem.",Tim data engineering perlu memperbaiki flow pipeline ingestion untuk capping nilai ekstrem.
156315.0,cluster_2,Tipe B - Rare but Valid,BUREAU_COUNT=4.22 (24.5x dari median) | YEARS_BIRTH=0.64 (21.4x dari median) | EXT_SOURCE_1=0.29 (20.9x dari median) | CREDIT_TERM_MONTHS=-1.08 (19.6x dari median) | AMT_REQ_CREDIT_BUREAU_YEAR=1.85 (13.9x dari median),Keadaan ekstrem secara statistik namun masih masuk secara logika riil (Tail-end customer).,"Berpeluang cross-selling khusus untuk Very High Net Worth Individual, bila bukan risiko gagal bayar."
156327.0,cluster_0,Tipe A - Data Error,BUREAU_BB_SEVERE_DPD_MEAN=63.21 (1235.4x dari median) | BUREAU_BB_DPD_RATIO_MEAN=31.31 (162.0x dari median) | EXT_SOURCE_3=0.11 (53.0x dari median) | EXT_SOURCE_1=-0.69 (52.2x dari median) | BUREAU_ACTIVE_RATIO=-1.11 (17.7x dari median),"Deviasi fitur lebih dari 50x median klaster, kemungkinan kesalahan input sistem.",Tim data engineering perlu memperbaiki flow pipeline ingestion untuk capping nilai ekstrem.
156540.0,cluster_2,Tipe B - Rare but Valid,AMT_ANNUITY=-2.30 (18.9x dari median) | EXT_SOURCE_3=-1.83 (17.4x dari median) | EXT_SOURCE_1=0.19 (13.5x dari median) | AMT_CREDIT=-1.73 (9.4x dari median) | BUREAU_DAYS_CREDIT_MEAN=0.61 (9.3x dari median),Keadaan ekstrem secara statistik namun masih masuk secara logika riil (Tail-end customer).,"Berpeluang cross-selling khusus untuk Very High Net Worth Individual, bila bukan risiko gagal bayar."
156567.0,cluster_2,Tipe A - Data Error,EXT_SOURCE_1=1.92 (141.8x dari median) | YEARS_BIRTH=-0.63 (19.3x dari median) | POS_MONTHS_COUNT=-0.65 (18.4x dari median) | AMT_INCOME_TOTAL=-1.28 (12.7x dari median) | BUREAU_ACTIVE_RATIO=0.46 (8.9x dari median),"Deviasi fitur lebih dari 50x median klaster, kemungkinan kesalahan input sistem.",Tim data engineering perlu memperbaiki flow pipeline ingestion untuk capping nilai ekstrem.
156736.0,cluster_2,Tipe B - Rare but Valid,REGION_RATING_CLIENT_W_CITY=-2.04 (34.6x dari median) | BUREAU_ACTIVE_RATIO=1.41 (24.8x dari median) | POS_MONTHS_COUNT=0.84 (21.6x dari median) | BUREAU_DEBT_TO_CREDIT_RATIO=0.96 (12.8x dari median) | CREDIT_TERM_MONTHS=-0.58 (10.0x dari median),Keadaan ekstrem secara statistik namun masih masuk secara logika riil (Tail-end customer).,"Berpeluang cross-selling khusus untuk Very High Net Worth Individual, bila bukan risiko gagal bayar."
158137.0,cluster_0,Tipe A - Data Error,EXT_SOURCE_3=-1.69 (790.2x dari median) | EXT_SOURCE_1=-1.94 (145.0x dari median) | CREDIT_TERM_MONTHS=-0.94 (16.9x dari median) | YEARS_BIRTH=-1.40 (10.7x dari median) | BUREAU_COUNT=2.24 (7.6x dari median),"Deviasi fitur lebih dari 50x median klaster, kemungkinan kesalahan input sistem.",Tim data engineering perlu memperbaiki flow pipeline ingestion untuk capping nilai ekstrem.
158171.0,cluster_0,Tipe A - Data Error,EXT_SOURCE_1=-2.45 (183.1x dari median) | EXT_SOURCE_3=-0.24 (111.1x dari median) | PREV_REFUSED_COUNT=11.25 (108.7x dari median) | REGION_RATING_CLIENT_W_CITY=-2.04 (34.6x dari median) | CREDIT_TERM_MONTHS=-1.62 (29.9x dari median),"Deviasi fitur lebih dari 50x median klaster, kemungkinan kesalahan input sistem.",Tim data engineering perlu memperbaiki flow pipeline ingestion untuk capping nilai ekstrem.
159365.0,cluster_4,Tipe A - Data Error,POS_SK_DPD_MEAN=17.99 (90.6x dari median) | PREV_APPROVAL_RATE=-1.87 (34.7x dari median) | CREDIT_TERM_MONTHS=1.73 (24.0x dari median) | AMT_ANNUITY=-1.31 (16.7x dari median) | ANNUITY_TO_INCOME=-0.95 (9.3x dari median),"Deviasi fitur lebih dari 50x median klaster, kemungkinan kesalahan input sistem.",Tim data engineering perlu memperbaiki flow pipeline ingestion untuk capping nilai ekstrem.
159559.0,cluster_2,Tipe B - Rare but Valid,EXT_SOURCE_1=-0.61 (46.5x dari median) | CREDIT_TERM_MONTHS=1.97 (38.4x dari median) | REGION_RATING_CLIENT_W_CITY=-2.04 (34.6x dari median) | POS_MONTHS_COUNT=1.05 (27.0x dari median) | YEARS_BIRTH=-0.62 (18.9x dari median),Keadaan ekstrem secara statistik namun masih masuk secara logika riil (Tail-end customer).,"Berpeluang cross-selling khusus untuk Very High Net Worth Individual, bila bukan risiko gagal bayar."
159685.0,cluster_4,Tipe B - Rare but Valid,PREV_APPROVAL_RATE=0.96 (19.4x dari median) | AMT_ANNUITY=1.68 (19.1x dari median) | ANNUITY_TO_INCOME=1.60 (18.5x dari median) | AMT_CREDIT=1.23 (7.6x dari median) | CREDIT_TO_INCOME=0.91 (6.8x dari median),Keadaan ekstrem secara statistik namun masih masuk secara logika riil (Tail-end customer).,"Berpeluang cross-selling khusus untuk Very High Net Worth Individual, bila bukan risiko gagal bayar."
160179.0,cluster_2,Tipe A - Data Error,EXT_SOURCE_1=1.63 (120.4x dari median) | CREDIT_TERM_MONTHS=1.67 (32.7x dari median) | BUREAU_ACTIVE_RATIO=1.25 (22.2x dari median) | BUREAU_DEBT_TO_CREDIT_RATIO=1.09 (14.4x dari median) | BUREAU_DAYS_CREDIT_MEAN=0.86 (12.8x dari median),"Deviasi fitur lebih dari 50x median klaster, kemungkinan kesalahan input sistem.",Tim data engineering perlu memperbaiki flow pipeline ingestion untuk capping nilai ekstrem.
160242.0,cluster_3,Tipe B - Rare but Valid,REGION_RATING_CLIENT_W_CITY=1.92 (34.6x dari median) | BUREAU_ACTIVE_RATIO=2.03 (13.4x dari median) | AMT_INCOME_TOTAL=-1.28 (7.9x dari median) | CNT_CHILDREN=3.60 (7.2x dari median) | CC_UTILIZATION_MAX=2.40 (6.1x dari median),Keadaan ekstrem secara statistik namun masih masuk secara logika riil (Tail-end customer).,"Berpeluang cross-selling khusus untuk Very High Net Worth Individual, bila bukan risiko gagal bayar."
160503.0,cluster_4,Tipe B - Rare but Valid,CREDIT_TERM_MONTHS=1.70 (23.5x dari median) | PREV_APPROVAL_RATE=0.96 (19.4x dari median) | CREDIT_TO_INCOME=2.36 (16.0x dari median) | ANNUITY_TO_INCOME=1.19 (14.1x dari median) | BUREAU_COUNT=2.02 (12.2x dari median),Keadaan ekstrem secara statistik namun masih masuk secara logika riil (Tail-end customer).,"Berpeluang cross-selling khusus untuk Very High Net Worth Individual, bila bukan risiko gagal bayar."
160661.0,cluster_0,Tipe A - Data Error,BUREAU_BB_SEVERE_DPD_MEAN=26.15 (511.6x dari median) | BUREAU_BB_DPD_RATIO_MEAN=16.33 (85.0x dari median) | PREV_REFUSED_COUNT=6.79 (65.2x dari median) | EXT_SOURCE_3=0.11 (53.0x dari median) | CREDIT_TERM_MONTHS=-0.80 (14.2x dari median),"Deviasi fitur lebih dari 50x median klaster, kemungkinan kesalahan input sistem.",Tim data engineering perlu memperbaiki flow pipeline ingestion untuk capping nilai ekstrem.
160697.0,cluster_1,Tipe A - Data Error,POS_SK_DPD_MEAN=16.32 (234.2x dari median) | BUREAU_DAYS_CREDIT_MEAN=-1.50 (11.6x dari median) | YEARS_EMPLOYED=3.60 (9.1x dari median) | YEARS_BIRTH=1.47 (8.8x dari median) | BUREAU_COUNT=2.46 (7.2x dari median),"Deviasi fitur lebih dari 50x median klaster, kemungkinan kesalahan input sistem.",Tim data engineering perlu memperbaiki flow pipeline ingestion untuk capping nilai ekstrem.
161133.0,cluster_3,Tipe B - Rare but Valid,REGION_RATING_CLIENT_W_CITY=-2.04 (34.6x dari median) | YEARS_EMPLOYED=4.41 (15.1x dari median) | BUREAU_ACTIVE_RATIO=2.03 (13.4x dari median) | YEARS_BIRTH=1.34 (11.7x dari median) | BUREAU_DAYS_CREDIT_MEAN=1.43 (11.7x dari median),Keadaan ekstrem secara statistik namun masih masuk secara logika riil (Tail-end customer).,"Berpeluang cross-selling khusus untuk Very High Net Worth Individual, bila bukan risiko gagal bayar."
161169.0,cluster_2,Tipe A - Data Error,EXT_SOURCE_1=-1.06 (80.0x dari median) | YEARS_BIRTH=-1.58 (49.5x dari median) | BUREAU_ACTIVE_RATIO=2.03 (35.5x dari median) | CREDIT_TERM_MONTHS=-1.62 (29.7x dari median) | AMT_REQ_CREDIT_BUREAU_YEAR=3.00 (23.2x dari median),"Deviasi fitur lebih dari 50x median klaster, kemungkinan kesalahan input sistem.",Tim data engineering perlu memperbaiki flow pipeline ingestion untuk capping nilai ekstrem.
161770.0,cluster_2,Tipe A - Data Error,INST_DPD_MAX=6.36 (62.1x dari median) | REGION_RATING_CLIENT_W_CITY=1.92 (34.6x dari median) | CREDIT_TERM_MONTHS=1.67 (32.7x dari median) | YEARS_BIRTH=-0.86 (26.6x dari median) | BUREAU_ACTIVE_RATIO=0.91 (16.5x dari median),"Deviasi fitur lebih dari 50x median klaster, kemungkinan kesalahan input sistem.",Tim data engineering perlu memperbaiki flow pipeline ingestion untuk capping nilai ekstrem.
161986.0,cluster_0,Tipe A - Data Error,EXT_SOURCE_3=-1.26 (588.6x dari median) | EXT_SOURCE_1=2.47 (182.3x dari median) | CREDIT_TERM_MONTHS=1.96 (38.4x dari median) | REGION_RATING_CLIENT_W_CITY=-2.04 (34.6x dari median) | PREV_REFUSED_COUNT=2.33 (21.7x dari median),"Deviasi fitur lebih dari 50x median klaster, kemungkinan kesalahan input sistem.",Tim data engineering perlu memperbaiki flow pipeline ingestion untuk capping nilai ekstrem.
162579.0,cluster_2,Tipe A - Data Error,EXT_SOURCE_1=-1.45 (108.8x dari median) | POS_MONTHS_COUNT=3.31 (87.4x dari median) | YEARS_BIRTH=-1.11 (34.5x dari median) | EXT_SOURCE_3=-2.53 (23.7x dari median) | CREDIT_TERM_MONTHS=-1.08 (19.5x dari median),"Deviasi fitur lebih dari 50x median klaster, kemungkinan kesalahan input sistem.",Tim data engineering perlu memperbaiki flow pipeline ingestion untuk capping nilai ekstrem.
162585.0,cluster_2,Tipe A - Data Error,EXT_SOURCE_1=-2.19 (163.8x dari median) | POS_MONTHS_COUNT=1.45 (37.8x dari median) | REGION_RATING_CLIENT_W_CITY=1.92 (34.6x dari median) | YEARS_BIRTH=-1.06 (33.0x dari median) | PREV_REFUSED_COUNT=12.92 (29.4x dari median),"Deviasi fitur lebih dari 50x median klaster, kemungkinan kesalahan input sistem.",Tim data engineering perlu memperbaiki flow pipeline ingestion untuk capping nilai ekstrem.
162830.0,cluster_2,Tipe B - Rare but Valid,YEARS_BIRTH=1.48 (48.3x dari median) | BUREAU_BB_DPD_RATIO_MEAN=4.74 (25.4x dari median) | BUREAU_ACTIVE_RATIO=1.41 (24.8x dari median) | EXT_SOURCE_3=-2.42 (22.8x dari median) | INST_SEVERE_LATE_RATIO=3.14 (19.7x dari median),Keadaan ekstrem secara statistik namun masih masuk secara logika riil (Tail-end customer).,"Berpeluang cross-selling khusus untuk Very High Net Worth Individual, bila bukan risiko gagal bayar."
163134.0,cluster_0,Tipe A - Data Error,EXT_SOURCE_3=-0.61 (282.3x dari median) | PREV_REFUSED_COUNT=1.77 (16.3x dari median) | YEARS_EMPLOYED=1.53 (11.5x dari median) | INST_LATE_RATIO=2.48 (9.3x dari median) | POS_MONTHS_COUNT=2.14 (5.7x dari median),"Deviasi fitur lebih dari 50x median klaster, kemungkinan kesalahan input sistem.",Tim data engineering perlu memperbaiki flow pipeline ingestion untuk capping nilai ekstrem.
163158.0,cluster_0,Tipe A - Data Error,EXT_SOURCE_3=-2.20 (1025.8x dari median) | EXT_SOURCE_1=-1.55 (116.5x dari median) | PREV_REFUSED_COUNT=2.89 (27.2x dari median) | CREDIT_TERM_MONTHS=-1.08 (19.7x dari median) | YEARS_BIRTH=-1.16 (9.0x dari median),"Deviasi fitur lebih dari 50x median klaster, kemungkinan kesalahan input sistem.",Tim data engineering perlu memperbaiki flow pipeline ingestion untuk capping nilai ekstrem.
163319.0,cluster_0,Tipe A - Data Error,EXT_SOURCE_3=1.12 (523.9x dari median) | REGION_RATING_CLIENT_W_CITY=1.92 (34.6x dari median) | YEARS_EMPLOYED=2.89 (20.9x dari median) | EXT_SOURCE_1=0.26 (18.1x dari median) | BUREAU_ACTIVE_RATIO=0.69 (12.7x dari median),"Deviasi fitur lebih dari 50x median klaster, kemungkinan kesalahan input sistem.",Tim data engineering perlu memperbaiki flow pipeline ingestion untuk capping nilai ekstrem.
163583.0,cluster_4,Tipe A - Data Error,CC_SK_DPD_MEAN=17.44 (351.2x dari median) | EXT_SOURCE_1=-1.34 (100.2x dari median) | PREV_APPROVAL_RATE=-1.44 (26.5x dari median) | BUREAU_COUNT=2.90 (17.1x dari median) | PREV_REFUSED_COUNT=3.45 (8.6x dari median),"Deviasi fitur lebih dari 50x median klaster, kemungkinan kesalahan input sistem.",Tim data engineering perlu memperbaiki flow pipeline ingestion untuk capping nilai ekstrem.
164352.0,cluster_2,Tipe A - Data Error,EXT_SOURCE_1=2.50 (184.8x dari median) | CREDIT_TERM_MONTHS=2.17 (42.2x dari median) | YEARS_BIRTH=0.82 (27.1x dari median) | AMT_INCOME_TOTAL=2.47 (21.6x dari median) | YEARS_EMPLOYED=3.48 (17.4x dari median),"Deviasi fitur lebih dari 50x median klaster, kemungkinan kesalahan input sistem.",Tim data engineering perlu memperbaiki flow pipeline ingestion untuk capping nilai ekstrem.
164391.0,cluster_1,Tipe A - Data Error,BUREAU_BB_SEVERE_DPD_MEAN=3.40 (67.4x dari median) | INST_SEVERE_LATE_RATIO=3.82 (23.7x dari median) | INST_DPD_MEAN=1.91 (17.8x dari median) | BUREAU_BB_DPD_RATIO_MEAN=2.85 (15.7x dari median) | INST_DPD_MAX=2.01 (13.5x dari median),"Deviasi fitur lebih dari 50x median klaster, kemungkinan kesalahan input sistem.",Tim data engineering perlu memperbaiki flow pipeline ingestion untuk capping nilai ekstrem.
164681.0,cluster_2,Tipe A - Data Error,EXT_SOURCE_1=-1.54 (115.5x dari median) | YEARS_BIRTH=-1.39 (43.4x dari median) | BUREAU_ACTIVE_RATIO=2.03 (35.5x dari median) | REGION_RATING_CLIENT_W_CITY=1.92 (34.6x dari median) | AMT_REQ_CREDIT_BUREAU_YEAR=3.58 (27.8x dari median),"Deviasi fitur lebih dari 50x median klaster, kemungkinan kesalahan input sistem.",Tim data engineering perlu memperbaiki flow pipeline ingestion untuk capping nilai ekstrem.
164994.0,cluster_4,Tipe B - Rare but Valid,CREDIT_TERM_MONTHS=2.17 (29.8x dari median) | BUREAU_ACTIVE_RATIO=-1.11 (17.7x dari median) | AMT_ANNUITY=1.46 (16.5x dari median) | CREDIT_TO_INCOME=2.31 (15.7x dari median) | AMT_CREDIT=2.05 (13.2x dari median),Keadaan ekstrem secara statistik namun masih masuk secara logika riil (Tail-end customer).,"Berpeluang cross-selling khusus untuk Very High Net Worth Individual, bila bukan risiko gagal bayar."
165357.0,cluster_4,Tipe A - Data Error,POS_SK_DPD_MEAN=22.13 (111.6x dari median) | PREV_APPROVAL_RATE=-0.69 (12.1x dari median) | YEARS_BIRTH=-1.24 (10.7x dari median) | AMT_ANNUITY=-0.68 (9.2x dari median) | CC_MONTHS_COUNT=3.05 (8.0x dari median),"Deviasi fitur lebih dari 50x median klaster, kemungkinan kesalahan input sistem.",Tim data engineering perlu memperbaiki flow pipeline ingestion untuk capping nilai ekstrem.
165385.0,cluster_2,Tipe B - Rare but Valid,CREDIT_TERM_MONTHS=1.28 (25.4x dari median) | YEARS_BIRTH=-0.67 (20.5x dari median) | EXT_SOURCE_3=-2.10 (19.9x dari median) | POS_MONTHS_COUNT=-0.69 (19.4x dari median) | OWN_CAR_AGE=6.68 (15.7x dari median),Keadaan ekstrem secara statistik namun masih masuk secara logika riil (Tail-end customer).,"Berpeluang cross-selling khusus untuk Very High Net Worth Individual, bila bukan risiko gagal bayar."
165526.0,cluster_2,Tipe B - Rare but Valid,BUREAU_ACTIVE_RATIO=2.03 (35.5x dari median) | POS_MONTHS_COUNT=1.29 (33.5x dari median) | CREDIT_TERM_MONTHS=-1.62 (29.8x dari median) | AMT_REQ_CREDIT_BUREAU_YEAR=3.58 (27.8x dari median) | YEARS_BIRTH=0.63 (21.3x dari median),Keadaan ekstrem secara statistik namun masih masuk secara logika riil (Tail-end customer).,"Berpeluang cross-selling khusus untuk Very High Net Worth Individual, bila bukan risiko gagal bayar."
165729.0,cluster_3,Tipe A - Data Error,EXT_SOURCE_1=1.07 (78.4x dari median) | REGION_RATING_CLIENT_W_CITY=-2.04 (34.6x dari median) | BUREAU_DAYS_CREDIT_MEAN=1.45 (11.9x dari median) | AMT_INCOME_TOTAL=1.24 (9.5x dari median) | CNT_CHILDREN=3.60 (7.2x dari median),"Deviasi fitur lebih dari 50x median klaster, kemungkinan kesalahan input sistem.",Tim data engineering perlu memperbaiki flow pipeline ingestion untuk capping nilai ekstrem.
166364.0,cluster_4,Tipe B - Rare but Valid,PREV_APPROVAL_RATE=0.96 (19.4x dari median) | CREDIT_TERM_MONTHS=1.26 (17.8x dari median) | ANNUITY_TO_INCOME=-0.69 (6.5x dari median) | EXT_SOURCE_3=-0.48 (5.3x dari median) | AMT_INCOME_TOTAL=0.86 (5.0x dari median),Keadaan ekstrem secara statistik namun masih masuk secara logika riil (Tail-end customer).,"Berpeluang cross-selling khusus untuk Very High Net Worth Individual, bila bukan risiko gagal bayar."
166388.0,cluster_1,Tipe A - Data Error,EXT_SOURCE_1=-0.79 (59.7x dari median) | EXT_SOURCE_3=1.04 (8.4x dari median) | BUREAU_DAYS_CREDIT_MEAN=-0.66 (5.7x dari median) | EXT_SOURCE_2=0.64 (5.2x dari median) | INST_LATE_RATIO=2.56 (5.1x dari median),"Deviasi fitur lebih dari 50x median klaster, kemungkinan kesalahan input sistem.",Tim data engineering perlu memperbaiki flow pipeline ingestion untuk capping nilai ekstrem.
166617.0,cluster_2,Tipe B - Rare but Valid,REGION_RATING_CLIENT_W_CITY=1.92 (34.6x dari median) | POS_MONTHS_COUNT=0.93 (23.7x dari median) | BUREAU_DAYS_CREDIT_MEAN=1.45 (20.8x dari median) | BUREAU_ACTIVE_RATIO=-1.11 (17.7x dari median) | CREDIT_TERM_MONTHS=0.85 (17.2x dari median),Keadaan ekstrem secara statistik namun masih masuk secara logika riil (Tail-end customer).,"Berpeluang cross-selling khusus untuk Very High Net Worth Individual, bila bukan risiko gagal bayar."
166766.0,cluster_4,Tipe B - Rare but Valid,CREDIT_TERM_MONTHS=1.26 (17.8x dari median) | PREV_APPROVAL_RATE=-0.69 (12.1x dari median) | CREDIT_TO_INCOME=1.06 (7.8x dari median) | BUREAU_DAYS_CREDIT_MEAN=-1.32 (7.7x dari median) | EXT_SOURCE_3=0.88 (6.9x dari median),Keadaan ekstrem secara statistik namun masih masuk secara logika riil (Tail-end customer).,"Berpeluang cross-selling khusus untuk Very High Net Worth Individual, bila bukan risiko gagal bayar."
166984.0,cluster_2,Tipe A - Data Error,EXT_SOURCE_1=-1.47 (109.9x dari median) | POS_MONTHS_COUNT=3.91 (103.6x dari median) | REGION_RATING_CLIENT_W_CITY=-2.04 (34.6x dari median) | YEARS_BIRTH=-0.76 (23.3x dari median) | AMT_REQ_CREDIT_BUREAU_YEAR=2.43 (18.5x dari median),"Deviasi fitur lebih dari 50x median klaster, kemungkinan kesalahan input sistem.",Tim data engineering perlu memperbaiki flow pipeline ingestion untuk capping nilai ekstrem.
166993.0,cluster_2,Tipe A - Data Error,EXT_SOURCE_1=-1.67 (125.4x dari median) | CREDIT_TERM_MONTHS=1.68 (32.8x dari median) | BUREAU_COUNT=3.56 (20.8x dari median) | PREV_APPROVAL_RATE=-1.24 (8.0x dari median) | BUREAU_ACTIVE_RATIO=0.39 (7.6x dari median),"Deviasi fitur lebih dari 50x median klaster, kemungkinan kesalahan input sistem.",Tim data engineering perlu memperbaiki flow pipeline ingestion untuk capping nilai ekstrem.
167112.0,cluster_4,Tipe B - Rare but Valid,POS_SK_DPD_MEAN=2.95 (14.0x dari median) | YEARS_BIRTH=1.76 (12.8x dari median) | CREDIT_TERM_MONTHS=0.86 (12.4x dari median) | PREV_APPROVAL_RATE=-0.50 (8.6x dari median) | BUREAU_COUNT=1.36 (8.6x dari median),Keadaan ekstrem secara statistik namun masih masuk secara logika riil (Tail-end customer).,"Berpeluang cross-selling khusus untuk Very High Net Worth Individual, bila bukan risiko gagal bayar."
167277.0,cluster_2,Tipe A - Data Error,EXT_SOURCE_1=1.26 (92.6x dari median) | BUREAU_COUNT=5.98 (34.2x dari median) | AMT_ANNUITY=-1.63 (13.6x dari median) | POS_MONTHS_COUNT=-0.37 (10.8x dari median) | EXT_SOURCE_3=-1.07 (10.6x dari median),"Deviasi fitur lebih dari 50x median klaster, kemungkinan kesalahan input sistem.",Tim data engineering perlu memperbaiki flow pipeline ingestion untuk capping nilai ekstrem.
167648.0,cluster_2,Tipe B - Rare but Valid,EXT_SOURCE_1=0.52 (37.6x dari median) | BUREAU_ACTIVE_RATIO=-1.11 (17.7x dari median) | POS_MONTHS_COUNT=-0.61 (17.3x dari median) | AMT_ANNUITY=-1.93 (16.0x dari median) | BUREAU_DAYS_CREDIT_MEAN=-1.03 (13.1x dari median),Keadaan ekstrem secara statistik namun masih masuk secara logika riil (Tail-end customer).,"Berpeluang cross-selling khusus untuk Very High Net Worth Individual, bila bukan risiko gagal bayar."
167939.0,cluster_0,Tipe A - Data Error,EXT_SOURCE_3=0.11 (53.0x dari median) | YEARS_EMPLOYED=4.45 (31.7x dari median) | PREV_REFUSED_COUNT=2.89 (27.2x dari median) | CREDIT_TERM_MONTHS=1.28 (25.6x dari median) | INST_SEVERE_LATE_RATIO=3.14 (19.7x dari median),"Deviasi fitur lebih dari 50x median klaster, kemungkinan kesalahan input sistem.",Tim data engineering perlu memperbaiki flow pipeline ingestion untuk capping nilai ekstrem.
168296.0,cluster_2,Tipe A - Data Error,BUREAU_BB_SEVERE_DPD_MEAN=6.92 (136.2x dari median) | BUREAU_BB_DPD_RATIO_MEAN=5.85 (31.1x dari median) | YEARS_BIRTH=-0.99 (30.7x dari median) | BUREAU_DAYS_CREDIT_MEAN=-2.19 (28.9x dari median) | CREDIT_TERM_MONTHS=-1.30 (23.7x dari median),"Deviasi fitur lebih dari 50x median klaster, kemungkinan kesalahan input sistem.",Tim data engineering perlu memperbaiki flow pipeline ingestion untuk capping nilai ekstrem.
168320.0,cluster_2,Tipe B - Rare but Valid,REGION_RATING_CLIENT_W_CITY=-2.04 (34.6x dari median) | POS_MONTHS_COUNT=-0.57 (16.2x dari median) | YEARS_BIRTH=0.36 (12.6x dari median) | YEARS_EMPLOYED=1.91 (10.0x dari median) | AMT_ANNUITY=-1.04 (9.0x dari median),Keadaan ekstrem secara statistik namun masih masuk secara logika riil (Tail-end customer).,"Berpeluang cross-selling khusus untuk Very High Net Worth Individual, bila bukan risiko gagal bayar."
168466.0,cluster_4,Tipe B - Rare but Valid,PREV_APPROVAL_RATE=0.96 (19.4x dari median) | CREDIT_TERM_MONTHS=1.30 (18.3x dari median) | BUREAU_DAYS_CREDIT_MEAN=-2.91 (18.1x dari median) | BUREAU_ACTIVE_RATIO=-1.11 (17.7x dari median) | POS_SK_DPD_MEAN=2.53 (11.9x dari median),Keadaan ekstrem secara statistik namun masih masuk secara logika riil (Tail-end customer).,"Berpeluang cross-selling khusus untuk Very High Net Worth Individual, bila bukan risiko gagal bayar."
168826.0,cluster_2,Tipe B - Rare but Valid,INST_DPD_MAX=3.86 (38.1x dari median) | CREDIT_TERM_MONTHS=1.68 (32.8x dari median) | POS_MONTHS_COUNT=0.80 (20.5x dari median) | EXT_SOURCE_3=-2.05 (19.5x dari median) | POS_SK_DPD_MEAN=0.98 (15.0x dari median),Keadaan ekstrem secara statistik namun masih masuk secara logika riil (Tail-end customer).,"Berpeluang cross-selling khusus untuk Very High Net Worth Individual, bila bukan risiko gagal bayar."
169184.0,cluster_2,Tipe B - Rare but Valid,REGION_RATING_CLIENT_W_CITY=1.92 (34.6x dari median) | CREDIT_TERM_MONTHS=1.67 (32.8x dari median) | YEARS_BIRTH=0.90 (29.8x dari median) | YEARS_EMPLOYED=4.55 (22.4x dari median) | BUREAU_ACTIVE_RATIO=0.99 (17.7x dari median),Keadaan ekstrem secara statistik namun masih masuk secara logika riil (Tail-end customer).,"Berpeluang cross-selling khusus untuk Very High Net Worth Individual, bila bukan risiko gagal bayar."
169548.0,cluster_1,Tipe B - Rare but Valid,INST_SEVERE_LATE_RATIO=6.21 (37.9x dari median) | EXT_SOURCE_2=-2.40 (24.3x dari median) | INST_DPD_MEAN=1.40 (13.3x dari median) | BUREAU_DAYS_CREDIT_MEAN=1.45 (9.3x dari median) | INST_LATE_RATIO=3.80 (7.1x dari median),Keadaan ekstrem secara statistik namun masih masuk secara logika riil (Tail-end customer).,"Berpeluang cross-selling khusus untuk Very High Net Worth Individual, bila bukan risiko gagal bayar."
169763.0,cluster_4,Tipe B - Rare but Valid,EXT_SOURCE_1=-0.59 (45.0x dari median) | REGION_RATING_CLIENT_W_CITY=-2.04 (34.6x dari median) | BUREAU_ACTIVE_RATIO=1.25 (22.2x dari median) | PREV_APPROVAL_RATE=0.96 (19.4x dari median) | CREDIT_TERM_MONTHS=0.88 (12.7x dari median),Keadaan ekstrem secara statistik namun masih masuk secara logika riil (Tail-end customer).,"Berpeluang cross-selling khusus untuk Very High Net Worth Individual, bila bukan risiko gagal bayar."
169818.0,cluster_2,Tipe B - Rare but Valid,POS_MONTHS_COUNT=0.97 (24.8x dari median) | OWN_CAR_AGE=6.79 (15.9x dari median) | BUREAU_DEBT_TO_CREDIT_RATIO=0.64 (8.9x dari median) | BUREAU_COUNT=1.36 (8.6x dari median) | CREDIT_TERM_MONTHS=0.21 (4.9x dari median),Keadaan ekstrem secara statistik namun masih masuk secara logika riil (Tail-end customer).,"Berpeluang cross-selling khusus untuk Very High Net Worth Individual, bila bukan risiko gagal bayar."
169860.0,cluster_2,Tipe A - Data Error,CC_SK_DPD_MEAN=2.78 (56.9x dari median) | INST_DPD_MAX=4.75 (46.6x dari median) | BUREAU_ACTIVE_RATIO=2.03 (35.5x dari median) | CREDIT_TERM_MONTHS=1.69 (33.2x dari median) | INST_DPD_MEAN=1.86 (20.9x dari median),"Deviasi fitur lebih dari 50x median klaster, kemungkinan kesalahan input sistem.",Tim data engineering perlu memperbaiki flow pipeline ingestion untuk capping nilai ekstrem.
170233.0,cluster_0,Tipe A - Data Error,EXT_SOURCE_3=-1.73 (809.8x dari median) | BUREAU_BB_DPD_RATIO_MEAN=26.43 (136.9x dari median) | INST_SEVERE_LATE_RATIO=7.05 (42.9x dari median) | BUREAU_ACTIVE_RATIO=2.03 (35.5x dari median) | REGION_RATING_CLIENT_W_CITY=-2.04 (34.6x dari median),"Deviasi fitur lebih dari 50x median klaster, kemungkinan kesalahan input sistem.",Tim data engineering perlu memperbaiki flow pipeline ingestion untuk capping nilai ekstrem.
170328.0,cluster_4,Tipe B - Rare but Valid,BUREAU_BB_SEVERE_DPD_MEAN=2.46 (49.1x dari median) | BUREAU_BB_DPD_RATIO_MEAN=6.59 (34.9x dari median) | PREV_APPROVAL_RATE=-1.74 (32.2x dari median) | EXT_SOURCE_3=-1.62 (15.6x dari median) | BUREAU_ACTIVE_RATIO=0.86 (15.5x dari median),Keadaan ekstrem secara statistik namun masih masuk secara logika riil (Tail-end customer).,"Berpeluang cross-selling khusus untuk Very High Net Worth Individual, bila bukan risiko gagal bayar."
170339.0,cluster_0,Tipe A - Data Error,EXT_SOURCE_3=-0.64 (296.3x dari median) | PREV_REFUSED_COUNT=4.00 (38.0x dari median) | REGION_RATING_CLIENT_W_CITY=-2.04 (34.6x dari median) | CREDIT_TERM_MONTHS=-1.07 (19.5x dari median) | BUREAU_ACTIVE_RATIO=0.73 (13.3x dari median),"Deviasi fitur lebih dari 50x median klaster, kemungkinan kesalahan input sistem.",Tim data engineering perlu memperbaiki flow pipeline ingestion untuk capping nilai ekstrem.
170394.0,cluster_4,Tipe B - Rare but Valid,PREV_APPROVAL_RATE=-1.24 (22.7x dari median) | BUREAU_ACTIVE_RATIO=-1.11 (17.7x dari median) | ANNUITY_TO_INCOME=1.37 (16.0x dari median) | BUREAU_DAYS_CREDIT_MEAN=1.45 (10.5x dari median) | YEARS_BIRTH=-1.21 (10.5x dari median),Keadaan ekstrem secara statistik namun masih masuk secara logika riil (Tail-end customer).,"Berpeluang cross-selling khusus untuk Very High Net Worth Individual, bila bukan risiko gagal bayar."
171154.0,cluster_2,Tipe A - Data Error,BUREAU_BB_SEVERE_DPD_MEAN=7.59 (149.3x dari median) | BUREAU_BB_DPD_RATIO_MEAN=8.85 (46.5x dari median) | POS_MONTHS_COUNT=-1.13 (31.3x dari median) | EXT_SOURCE_3=-2.14 (20.2x dari median) | BUREAU_ACTIVE_RATIO=0.99 (17.7x dari median),"Deviasi fitur lebih dari 50x median klaster, kemungkinan kesalahan input sistem.",Tim data engineering perlu memperbaiki flow pipeline ingestion untuk capping nilai ekstrem.
171381.0,cluster_0,Tipe A - Data Error,EXT_SOURCE_3=-2.31 (1077.2x dari median) | BUREAU_BB_SEVERE_DPD_MEAN=3.23 (64.0x dari median) | BUREAU_BB_DPD_RATIO_MEAN=4.79 (25.7x dari median) | INST_SEVERE_LATE_RATIO=3.19 (19.9x dari median) | CREDIT_TERM_MONTHS=-1.07 (19.5x dari median),"Deviasi fitur lebih dari 50x median klaster, kemungkinan kesalahan input sistem.",Tim data engineering perlu memperbaiki flow pipeline ingestion untuk capping nilai ekstrem.
171981.0,cluster_1,Tipe A - Data Error,EXT_SOURCE_1=2.04 (150.6x dari median) | EXT_SOURCE_3=1.40 (11.6x dari median) | EXT_SOURCE_2=1.17 (10.4x dari median) | BUREAU_DAYS_CREDIT_MEAN=-0.97 (7.9x dari median) | YEARS_EMPLOYED=1.80 (5.1x dari median),"Deviasi fitur lebih dari 50x median klaster, kemungkinan kesalahan input sistem.",Tim data engineering perlu memperbaiki flow pipeline ingestion untuk capping nilai ekstrem.
172356.0,cluster_0,Tipe A - Data Error,EXT_SOURCE_3=-2.27 (1061.5x dari median) | PREV_REFUSED_COUNT=5.12 (48.9x dari median) | CREDIT_TERM_MONTHS=2.15 (42.1x dari median) | REGION_RATING_CLIENT_W_CITY=-2.04 (34.6x dari median) | YEARS_EMPLOYED=4.18 (29.8x dari median),"Deviasi fitur lebih dari 50x median klaster, kemungkinan kesalahan input sistem.",Tim data engineering perlu memperbaiki flow pipeline ingestion untuk capping nilai ekstrem.
172683.0,cluster_2,Tipe A - Data Error,EXT_SOURCE_1=-1.37 (102.5x dari median) | INST_SEVERE_LATE_RATIO=5.00 (30.7x dari median) | POS_MONTHS_COUNT=-0.81 (22.7x dari median) | BUREAU_DAYS_CREDIT_MEAN=1.45 (20.8x dari median) | YEARS_BIRTH=0.53 (17.8x dari median),"Deviasi fitur lebih dari 50x median klaster, kemungkinan kesalahan input sistem.",Tim data engineering perlu memperbaiki flow pipeline ingestion untuk capping nilai ekstrem.
172726.0,cluster_0,Tipe A - Data Error,EXT_SOURCE_1=2.03 (149.5x dari median) | EXT_SOURCE_3=0.32 (148.6x dari median) | REGION_RATING_CLIENT_W_CITY=-2.04 (34.6x dari median) | PREV_REFUSED_COUNT=3.45 (32.6x dari median) | OWN_CAR_AGE=6.68 (15.7x dari median),"Deviasi fitur lebih dari 50x median klaster, kemungkinan kesalahan input sistem.",Tim data engineering perlu memperbaiki flow pipeline ingestion untuk capping nilai ekstrem.
172970.0,cluster_4,Tipe A - Data Error,EXT_SOURCE_1=0.88 (64.6x dari median) | EXT_SOURCE_3=-2.94 (27.5x dari median) | POS_SK_DPD_MEAN=3.92 (18.9x dari median) | BUREAU_BB_DPD_RATIO_MEAN=2.57 (14.2x dari median) | CREDIT_TERM_MONTHS=-0.78 (9.4x dari median),"Deviasi fitur lebih dari 50x median klaster, kemungkinan kesalahan input sistem.",Tim data engineering perlu memperbaiki flow pipeline ingestion untuk capping nilai ekstrem.
173166.0,cluster_4,Tipe B - Rare but Valid,EXT_SOURCE_1=-0.26 (20.3x dari median) | AMT_ANNUITY=1.64 (18.5x dari median) | ANNUITY_TO_INCOME=1.13 (13.3x dari median) | EXT_SOURCE_3=1.51 (12.6x dari median) | BUREAU_DAYS_CREDIT_MEAN=-1.56 (9.2x dari median),Keadaan ekstrem secara statistik namun masih masuk secara logika riil (Tail-end customer).,"Berpeluang cross-selling khusus untuk Very High Net Worth Individual, bila bukan risiko gagal bayar."
173274.0,cluster_2,Tipe A - Data Error,EXT_SOURCE_1=0.97 (70.8x dari median) | YEARS_BIRTH=-1.12 (34.9x dari median) | BUREAU_ACTIVE_RATIO=0.99 (17.7x dari median) | AMT_REQ_CREDIT_BUREAU_YEAR=1.85 (13.9x dari median) | BUREAU_DEBT_TO_CREDIT_RATIO=0.96 (12.8x dari median),"Deviasi fitur lebih dari 50x median klaster, kemungkinan kesalahan input sistem.",Tim data engineering perlu memperbaiki flow pipeline ingestion untuk capping nilai ekstrem.
173635.0,cluster_2,Tipe A - Data Error,BUREAU_BB_SEVERE_DPD_MEAN=9.32 (183.0x dari median) | REGION_RATING_CLIENT_W_CITY=1.92 (34.6x dari median) | BUREAU_BB_DPD_RATIO_MEAN=5.47 (29.2x dari median) | POS_MONTHS_COUNT=-0.97 (27.0x dari median) | YEARS_BIRTH=-0.85 (26.1x dari median),"Deviasi fitur lebih dari 50x median klaster, kemungkinan kesalahan input sistem.",Tim data engineering perlu memperbaiki flow pipeline ingestion untuk capping nilai ekstrem.
173907.0,cluster_2,Tipe A - Data Error,EXT_SOURCE_1=-2.70 (201.4x dari median) | YEARS_BIRTH=-1.28 (39.9x dari median) | REGION_RATING_CLIENT_W_CITY=-2.04 (34.6x dari median) | BUREAU_DAYS_CREDIT_MEAN=1.45 (20.8x dari median) | CREDIT_TERM_MONTHS=-1.08 (19.5x dari median),"Deviasi fitur lebih dari 50x median klaster, kemungkinan kesalahan input sistem.",Tim data engineering perlu memperbaiki flow pipeline ingestion untuk capping nilai ekstrem.
174773.0,cluster_0,Tipe A - Data Error,EXT_SOURCE_3=-1.76 (819.4x dari median) | EXT_SOURCE_1=0.90 (65.7x dari median) | REGION_RATING_CLIENT_W_CITY=-2.04 (34.6x dari median) | PREV_REFUSED_COUNT=3.45 (32.6x dari median) | CREDIT_TERM_MONTHS=-1.20 (22.0x dari median),"Deviasi fitur lebih dari 50x median klaster, kemungkinan kesalahan input sistem.",Tim data engineering perlu memperbaiki flow pipeline ingestion untuk capping nilai ekstrem.
174937.0,cluster_3,Tipe A - Data Error,BUREAU_BB_SEVERE_DPD_MEAN=15.89 (311.4x dari median) | BUREAU_BB_DPD_RATIO_MEAN=15.71 (81.8x dari median) | EXT_SOURCE_1=0.39 (27.9x dari median) | INST_SEVERE_LATE_RATIO=3.82 (23.7x dari median) | EXT_SOURCE_3=-2.00 (19.0x dari median),"Deviasi fitur lebih dari 50x median klaster, kemungkinan kesalahan input sistem.",Tim data engineering perlu memperbaiki flow pipeline ingestion untuk capping nilai ekstrem.
175250.0,cluster_4,Tipe A - Data Error,BUREAU_BB_SEVERE_DPD_MEAN=3.95 (78.2x dari median) | BUREAU_ACTIVE_RATIO=-1.11 (17.7x dari median) | CREDIT_TERM_MONTHS=1.17 (16.6x dari median) | BUREAU_DAYS_CREDIT_MEAN=-1.99 (12.1x dari median) | POS_SK_DPD_MEAN=2.41 (11.3x dari median),"Deviasi fitur lebih dari 50x median klaster, kemungkinan kesalahan input sistem.",Tim data engineering perlu memperbaiki flow pipeline ingestion untuk capping nilai ekstrem.
175475.0,cluster_2,Tipe A - Data Error,CC_SK_DPD_MEAN=16.23 (327.0x dari median) | POS_MONTHS_COUNT=-1.01 (28.1x dari median) | BUREAU_DAYS_CREDIT_MEAN=1.45 (20.8x dari median) | YEARS_EMPLOYED=3.75 (18.7x dari median) | BUREAU_ACTIVE_RATIO=-1.11 (17.7x dari median),"Deviasi fitur lebih dari 50x median klaster, kemungkinan kesalahan input sistem.",Tim data engineering perlu memperbaiki flow pipeline ingestion untuk capping nilai ekstrem.
175681.0,cluster_2,Tipe B - Rare but Valid,YEARS_BIRTH=1.09 (35.9x dari median) | REGION_RATING_CLIENT_W_CITY=-2.04 (34.6x dari median) | CREDIT_TERM_MONTHS=1.68 (32.8x dari median) | AMT_INCOME_TOTAL=2.47 (21.6x dari median) | POS_MONTHS_COUNT=-0.65 (18.4x dari median),Keadaan ekstrem secara statistik namun masih masuk secara logika riil (Tail-end customer).,"Berpeluang cross-selling khusus untuk Very High Net Worth Individual, bila bukan risiko gagal bayar."
175797.0,cluster_2,Tipe A - Data Error,POS_MONTHS_COUNT=3.87 (102.5x dari median) | BUREAU_ACTIVE_RATIO=2.03 (35.5x dari median) | AMT_ANNUITY=-3.60 (28.9x dari median) | AMT_REQ_CREDIT_BUREAU_YEAR=3.58 (27.8x dari median) | EXT_SOURCE_3=-1.97 (18.7x dari median),"Deviasi fitur lebih dari 50x median klaster, kemungkinan kesalahan input sistem.",Tim data engineering perlu memperbaiki flow pipeline ingestion untuk capping nilai ekstrem.
176058.0,cluster_2,Tipe A - Data Error,EXT_SOURCE_1=-1.46 (109.5x dari median) | YEARS_BIRTH=-1.52 (47.5x dari median) | BUREAU_BB_DPD_RATIO_MEAN=3.87 (20.9x dari median) | AMT_INCOME_TOTAL=2.31 (20.1x dari median) | CREDIT_TERM_MONTHS=0.92 (18.4x dari median),"Deviasi fitur lebih dari 50x median klaster, kemungkinan kesalahan input sistem.",Tim data engineering perlu memperbaiki flow pipeline ingestion untuk capping nilai ekstrem.
176132.0,cluster_4,Tipe B - Rare but Valid,POS_SK_DPD_MEAN=7.05 (34.9x dari median) | REGION_RATING_CLIENT_W_CITY=1.92 (34.6x dari median) | CREDIT_TERM_MONTHS=-1.45 (18.3x dari median) | BUREAU_ACTIVE_RATIO=-1.11 (17.7x dari median) | ANNUITY_TO_INCOME=1.29 (15.1x dari median),Keadaan ekstrem secara statistik namun masih masuk secara logika riil (Tail-end customer).,"Berpeluang cross-selling khusus untuk Very High Net Worth Individual, bila bukan risiko gagal bayar."
176511.0,cluster_4,Tipe B - Rare but Valid,POS_SK_DPD_MEAN=5.78 (28.4x dari median) | PREV_APPROVAL_RATE=0.96 (19.4x dari median) | BUREAU_ACTIVE_RATIO=-1.11 (17.7x dari median) | ANNUITY_TO_INCOME=1.08 (12.8x dari median) | BUREAU_DAYS_CREDIT_MEAN=1.45 (10.5x dari median),Keadaan ekstrem secara statistik namun masih masuk secara logika riil (Tail-end customer).,"Berpeluang cross-selling khusus untuk Very High Net Worth Individual, bila bukan risiko gagal bayar."
176727.0,cluster_3,Tipe A - Data Error,EXT_SOURCE_1=2.12 (156.5x dari median) | REGION_RATING_CLIENT_W_CITY=1.92 (34.6x dari median) | AMT_INCOME_TOTAL=2.31 (16.9x dari median) | EXT_SOURCE_3=1.64 (13.7x dari median) | BUREAU_DAYS_CREDIT_MEAN=-0.35 (4.1x dari median),"Deviasi fitur lebih dari 50x median klaster, kemungkinan kesalahan input sistem.",Tim data engineering perlu memperbaiki flow pipeline ingestion untuk capping nilai ekstrem.
177078.0,cluster_4,Tipe A - Data Error,CC_SK_DPD_MEAN=19.09 (384.4x dari median) | EXT_SOURCE_1=-0.60 (45.5x dari median) | PREV_APPROVAL_RATE=-1.74 (32.2x dari median) | BUREAU_ACTIVE_RATIO=-1.11 (17.7x dari median) | CREDIT_TERM_MONTHS=-1.08 (13.3x dari median),"Deviasi fitur lebih dari 50x median klaster, kemungkinan kesalahan input sistem.",Tim data engineering perlu memperbaiki flow pipeline ingestion untuk capping nilai ekstrem.
177341.0,cluster_2,Tipe A - Data Error,EXT_SOURCE_1=-1.45 (108.4x dari median) | YEARS_BIRTH=-1.68 (52.8x dari median) | BUREAU_ACTIVE_RATIO=2.03 (35.5x dari median) | REGION_RATING_CLIENT_W_CITY=1.92 (34.6x dari median) | CREDIT_TERM_MONTHS=-1.62 (29.6x dari median),"Deviasi fitur lebih dari 50x median klaster, kemungkinan kesalahan input sistem.",Tim data engineering perlu memperbaiki flow pipeline ingestion untuk capping nilai ekstrem.
177439.0,cluster_0,Tipe A - Data Error,EXT_SOURCE_3=-2.09 (974.5x dari median) | EXT_SOURCE_1=2.71 (200.6x dari median) | YEARS_EMPLOYED=3.17 (22.8x dari median) | PREV_REFUSED_COUNT=1.77 (16.3x dari median) | BUREAU_COUNT=3.34 (11.8x dari median),"Deviasi fitur lebih dari 50x median klaster, kemungkinan kesalahan input sistem.",Tim data engineering perlu memperbaiki flow pipeline ingestion untuk capping nilai ekstrem.
177447.0,cluster_2,Tipe B - Rare but Valid,REGION_RATING_CLIENT_W_CITY=1.92 (34.6x dari median) | YEARS_BIRTH=-1.08 (33.5x dari median) | EXT_SOURCE_1=-0.29 (22.3x dari median) | AMT_ANNUITY=1.68 (12.1x dari median) | CREDIT_TERM_MONTHS=0.45 (9.5x dari median),Keadaan ekstrem secara statistik namun masih masuk secara logika riil (Tail-end customer).,"Berpeluang cross-selling khusus untuk Very High Net Worth Individual, bila bukan risiko gagal bayar."
177542.0,cluster_2,Tipe B - Rare but Valid,REGION_RATING_CLIENT_W_CITY=-2.04 (34.6x dari median) | POS_MONTHS_COUNT=0.72 (18.4x dari median) | CREDIT_TERM_MONTHS=-0.94 (16.9x dari median) | YEARS_BIRTH=0.41 (14.2x dari median) | EXT_SOURCE_3=-1.19 (11.7x dari median),Keadaan ekstrem secara statistik namun masih masuk secara logika riil (Tail-end customer).,"Berpeluang cross-selling khusus untuk Very High Net Worth Individual, bila bukan risiko gagal bayar."
177790.0,cluster_4,Tipe B - Rare but Valid,REGION_RATING_CLIENT_W_CITY=1.92 (34.6x dari median) | CREDIT_TERM_MONTHS=1.67 (23.1x dari median) | EXT_SOURCE_1=-0.29 (22.3x dari median) | PREV_APPROVAL_RATE=0.96 (19.4x dari median) | BUREAU_COUNT=1.80 (11.0x dari median),Keadaan ekstrem secara statistik namun masih masuk secara logika riil (Tail-end customer).,"Berpeluang cross-selling khusus untuk Very High Net Worth Individual, bila bukan risiko gagal bayar."
178300.0,cluster_4,Tipe A - Data Error,EXT_SOURCE_1=0.78 (56.6x dari median) | EXT_SOURCE_3=-2.03 (19.2x dari median) | BUREAU_ACTIVE_RATIO=0.89 (16.1x dari median) | PREV_APPROVAL_RATE=-0.69 (12.1x dari median) | EXT_SOURCE_2=-1.60 (9.0x dari median),"Deviasi fitur lebih dari 50x median klaster, kemungkinan kesalahan input sistem.",Tim data engineering perlu memperbaiki flow pipeline ingestion untuk capping nilai ekstrem.
178837.0,cluster_2,Tipe B - Rare but Valid,YEARS_BIRTH=-1.31 (40.8x dari median) | BUREAU_ACTIVE_RATIO=2.03 (35.5x dari median) | AMT_REQ_CREDIT_BUREAU_YEAR=2.43 (18.5x dari median) | PREV_REFUSED_COUNT=7.35 (17.2x dari median) | EXT_SOURCE_1=0.24 (16.7x dari median),Keadaan ekstrem secara statistik namun masih masuk secara logika riil (Tail-end customer).,"Berpeluang cross-selling khusus untuk Very High Net Worth Individual, bila bukan risiko gagal bayar."
179673.0,cluster_4,Tipe A - Data Error,CC_SK_DPD_MEAN=7.96 (161.0x dari median) | REGION_RATING_CLIENT_W_CITY=-2.04 (34.6x dari median) | PREV_APPROVAL_RATE=-1.02 (18.5x dari median) | BUREAU_BB_DPD_RATIO_MEAN=2.80 (15.4x dari median) | EXT_SOURCE_3=-0.88 (8.9x dari median),"Deviasi fitur lebih dari 50x median klaster, kemungkinan kesalahan input sistem.",Tim data engineering perlu memperbaiki flow pipeline ingestion untuk capping nilai ekstrem.
179692.0,cluster_2,Tipe A - Data Error,EXT_SOURCE_1=2.41 (177.7x dari median) | YEARS_BIRTH=0.89 (29.4x dari median) | POS_MONTHS_COUNT=0.72 (18.4x dari median) | BUREAU_COUNT=2.02 (12.2x dari median) | YEARS_EMPLOYED=1.89 (9.9x dari median),"Deviasi fitur lebih dari 50x median klaster, kemungkinan kesalahan input sistem.",Tim data engineering perlu memperbaiki flow pipeline ingestion untuk capping nilai ekstrem.
179847.0,cluster_3,Tipe A - Data Error,EXT_SOURCE_1=-1.26 (94.6x dari median) | REGION_RATING_CLIENT_W_CITY=1.92 (34.6x dari median) | BUREAU_ACTIVE_RATIO=1.41 (9.6x dari median) | YEARS_BIRTH=-1.07 (7.5x dari median) | CNT_CHILDREN=3.60 (7.2x dari median),"Deviasi fitur lebih dari 50x median klaster, kemungkinan kesalahan input sistem.",Tim data engineering perlu memperbaiki flow pipeline ingestion untuk capping nilai ekstrem.
179888.0,cluster_2,Tipe A - Data Error,POS_MONTHS_COUNT=2.46 (64.8x dari median) | AMT_REQ_CREDIT_BUREAU_YEAR=2.43 (18.5x dari median) | BUREAU_DEBT_TO_CREDIT_RATIO=1.01 (13.4x dari median) | CREDIT_TERM_MONTHS=0.52 (10.9x dari median) | BUREAU_ACTIVE_RATIO=0.46 (8.9x dari median),"Deviasi fitur lebih dari 50x median klaster, kemungkinan kesalahan input sistem.",Tim data engineering perlu memperbaiki flow pipeline ingestion untuk capping nilai ekstrem.
180228.0,cluster_1,Tipe B - Rare but Valid,EXT_SOURCE_3=-1.89 (18.0x dari median) | OWN_CAR_AGE=6.68 (15.7x dari median) | INST_LATE_RATIO=8.23 (14.1x dari median) | PREV_APPROVAL_RATE=-2.34 (6.7x dari median) | BUREAU_DAYS_CREDIT_MEAN=0.78 (4.5x dari median),Keadaan ekstrem secara statistik namun masih masuk secara logika riil (Tail-end customer).,"Berpeluang cross-selling khusus untuk Very High Net Worth Individual, bila bukan risiko gagal bayar."
180398.0,cluster_1,Tipe B - Rare but Valid,EXT_SOURCE_1=0.40 (28.7x dari median) | BUREAU_DAYS_CREDIT_MEAN=-1.72 (13.2x dari median) | EXT_SOURCE_3=0.81 (6.2x dari median) | POS_MONTHS_COUNT=1.69 (5.2x dari median) | BUREAU_COUNT=0.92 (3.3x dari median),Keadaan ekstrem secara statistik namun masih masuk secara logika riil (Tail-end customer).,"Berpeluang cross-selling khusus untuk Very High Net Worth Individual, bila bukan risiko gagal bayar."
180575.0,cluster_2,Tipe A - Data Error,EXT_SOURCE_1=2.00 (147.6x dari median) | POS_MONTHS_COUNT=1.93 (50.7x dari median) | CREDIT_TERM_MONTHS=1.88 (36.6x dari median) | REGION_RATING_CLIENT_W_CITY=-2.04 (34.6x dari median) | BUREAU_COUNT=4.66 (26.9x dari median),"Deviasi fitur lebih dari 50x median klaster, kemungkinan kesalahan input sistem.",Tim data engineering perlu memperbaiki flow pipeline ingestion untuk capping nilai ekstrem.
180690.0,cluster_2,Tipe A - Data Error,BUREAU_BB_SEVERE_DPD_MEAN=33.81 (661.3x dari median) | POS_MONTHS_COUNT=3.51 (92.8x dari median) | BUREAU_BB_DPD_RATIO_MEAN=15.95 (83.0x dari median) | YEARS_BIRTH=-1.42 (44.5x dari median) | REGION_RATING_CLIENT_W_CITY=-2.04 (34.6x dari median),"Deviasi fitur lebih dari 50x median klaster, kemungkinan kesalahan input sistem.",Tim data engineering perlu memperbaiki flow pipeline ingestion untuk capping nilai ekstrem.
181203.0,cluster_2,Tipe A - Data Error,EXT_SOURCE_1=-0.95 (71.7x dari median) | POS_MONTHS_COUNT=2.42 (63.7x dari median) | BUREAU_ACTIVE_RATIO=2.03 (35.5x dari median) | BUREAU_DEBT_TO_CREDIT_RATIO=1.53 (19.9x dari median) | BUREAU_DAYS_CREDIT_MEAN=1.23 (17.8x dari median),"Deviasi fitur lebih dari 50x median klaster, kemungkinan kesalahan input sistem.",Tim data engineering perlu memperbaiki flow pipeline ingestion untuk capping nilai ekstrem.
181342.0,cluster_4,Tipe B - Rare but Valid,POS_SK_DPD_MEAN=9.56 (47.7x dari median) | AMT_ANNUITY=2.39 (27.5x dari median) | PREV_APPROVAL_RATE=-1.02 (18.5x dari median) | AMT_CREDIT=1.77 (11.3x dari median) | EXT_SOURCE_3=1.29 (10.6x dari median),Keadaan ekstrem secara statistik namun masih masuk secara logika riil (Tail-end customer).,"Berpeluang cross-selling khusus untuk Very High Net Worth Individual, bila bukan risiko gagal bayar."
181464.0,cluster_2,Tipe A - Data Error,POS_MONTHS_COUNT=4.31 (114.4x dari median) | EXT_SOURCE_1=1.39 (102.4x dari median) | BUREAU_COUNT=5.76 (33.0x dari median) | YEARS_BIRTH=0.95 (31.3x dari median) | AMT_INCOME_TOTAL=1.59 (13.5x dari median),"Deviasi fitur lebih dari 50x median klaster, kemungkinan kesalahan input sistem.",Tim data engineering perlu memperbaiki flow pipeline ingestion untuk capping nilai ekstrem.
181554.0,cluster_3,Tipe C - Risk Signal,REGION_RATING_CLIENT_W_CITY=1.92 (34.6x dari median) | AMT_INCOME_TOTAL=-1.96 (12.6x dari median) | CREDIT_TO_INCOME=4.66 (8.1x dari median) | EXT_SOURCE_3=0.85 (6.7x dari median) | ANNUITY_TO_INCOME=3.60 (6.2x dari median),Kombinasi finansial kontradiktif (contoh: rasio cicilan atau kredit terlalu besar di saat income rendah / profil berisiko).,Tim analis risiko (Underwriting) wajib memberikan manual review sebelum memberikan persetujuan.
181658.0,cluster_4,Tipe B - Rare but Valid,BUREAU_ACTIVE_RATIO=-1.11 (17.7x dari median) | BUREAU_DAYS_CREDIT_MEAN=-2.45 (15.1x dari median) | EXT_SOURCE_3=1.66 (13.9x dari median) | PREV_APPROVAL_RATE=0.49 (10.4x dari median) | CC_UTILIZATION_MEAN=3.83 (10.4x dari median),Keadaan ekstrem secara statistik namun masih masuk secara logika riil (Tail-end customer).,"Berpeluang cross-selling khusus untuk Very High Net Worth Individual, bila bukan risiko gagal bayar."
181982.0,cluster_0,Tipe A - Data Error,EXT_SOURCE_3=-0.76 (356.2x dari median) | EXT_SOURCE_1=2.15 (158.9x dari median) | REGION_RATING_CLIENT_W_CITY=-2.04 (34.6x dari median) | CREDIT_TERM_MONTHS=-0.88 (15.8x dari median) | POS_MONTHS_COUNT=4.96 (14.5x dari median),"Deviasi fitur lebih dari 50x median klaster, kemungkinan kesalahan input sistem.",Tim data engineering perlu memperbaiki flow pipeline ingestion untuk capping nilai ekstrem.
182191.0,cluster_1,Tipe B - Rare but Valid,REGION_RATING_CLIENT_W_CITY=-2.04 (34.6x dari median) | EXT_SOURCE_3=-2.47 (23.2x dari median) | OWN_CAR_AGE=6.68 (15.7x dari median) | EXT_SOURCE_2=-1.05 (11.2x dari median) | YEARS_BIRTH=-1.65 (7.8x dari median),Keadaan ekstrem secara statistik namun masih masuk secara logika riil (Tail-end customer).,"Berpeluang cross-selling khusus untuk Very High Net Worth Individual, bila bukan risiko gagal bayar."
182246.0,cluster_4,Tipe A - Data Error,CC_SK_DPD_MEAN=15.45 (311.3x dari median) | PREV_APPROVAL_RATE=-2.34 (43.7x dari median) | REGION_RATING_CLIENT_W_CITY=1.92 (34.6x dari median) | AMT_ANNUITY=-0.99 (12.8x dari median) | CREDIT_TERM_MONTHS=0.84 (12.2x dari median),"Deviasi fitur lebih dari 50x median klaster, kemungkinan kesalahan input sistem.",Tim data engineering perlu memperbaiki flow pipeline ingestion untuk capping nilai ekstrem.
182380.0,cluster_2,Tipe B - Rare but Valid,REGION_RATING_CLIENT_W_CITY=-2.04 (34.6x dari median) | YEARS_BIRTH=0.78 (26.0x dari median) | EXT_SOURCE_3=-2.33 (21.9x dari median) | BUREAU_ACTIVE_RATIO=1.09 (19.5x dari median) | AMT_INCOME_TOTAL=2.08 (18.1x dari median),Keadaan ekstrem secara statistik namun masih masuk secara logika riil (Tail-end customer).,"Berpeluang cross-selling khusus untuk Very High Net Worth Individual, bila bukan risiko gagal bayar."
182753.0,cluster_4,Tipe A - Data Error,BUREAU_BB_SEVERE_DPD_MEAN=11.12 (218.2x dari median) | POS_SK_DPD_MEAN=24.16 (122.0x dari median) | BUREAU_BB_DPD_RATIO_MEAN=8.33 (43.8x dari median) | PREV_APPROVAL_RATE=-2.34 (43.7x dari median) | BUREAU_ACTIVE_RATIO=2.03 (35.5x dari median),"Deviasi fitur lebih dari 50x median klaster, kemungkinan kesalahan input sistem.",Tim data engineering perlu memperbaiki flow pipeline ingestion untuk capping nilai ekstrem.
182895.0,cluster_4,Tipe B - Rare but Valid,CREDIT_TERM_MONTHS=2.17 (29.8x dari median) | PREV_APPROVAL_RATE=-1.60 (29.7x dari median) | BUREAU_ACTIVE_RATIO=-1.11 (17.7x dari median) | BUREAU_DAYS_CREDIT_MEAN=-2.57 (15.9x dari median) | AMT_ANNUITY=-1.24 (15.7x dari median),Keadaan ekstrem secara statistik namun masih masuk secara logika riil (Tail-end customer).,"Berpeluang cross-selling khusus untuk Very High Net Worth Individual, bila bukan risiko gagal bayar."
183092.0,cluster_1,Tipe A - Data Error,EXT_SOURCE_1=-1.03 (77.5x dari median) | INST_SEVERE_LATE_RATIO=4.97 (30.6x dari median) | BUREAU_DAYS_CREDIT_MEAN=1.45 (9.3x dari median) | INST_DPD_MEAN=0.65 (6.7x dari median) | INST_DPD_MAX=0.71 (5.4x dari median),"Deviasi fitur lebih dari 50x median klaster, kemungkinan kesalahan input sistem.",Tim data engineering perlu memperbaiki flow pipeline ingestion untuk capping nilai ekstrem.
183100.0,cluster_4,Tipe A - Data Error,CC_SK_DPD_MEAN=8.04 (162.4x dari median) | PREV_APPROVAL_RATE=0.96 (19.4x dari median) | BUREAU_ACTIVE_RATIO=-1.11 (17.7x dari median) | CREDIT_TERM_MONTHS=-1.38 (17.3x dari median) | BUREAU_DAYS_CREDIT_MEAN=1.45 (10.5x dari median),"Deviasi fitur lebih dari 50x median klaster, kemungkinan kesalahan input sistem.",Tim data engineering perlu memperbaiki flow pipeline ingestion untuk capping nilai ekstrem.
183782.0,cluster_2,Tipe B - Rare but Valid,CREDIT_TERM_MONTHS=1.68 (32.9x dari median) | AMT_REQ_CREDIT_BUREAU_YEAR=1.85 (13.9x dari median) | PREV_APPROVAL_RATE=-1.56 (10.4x dari median) | PREV_COUNT=2.90 (8.4x dari median) | EXT_SOURCE_3=1.03 (8.3x dari median),Keadaan ekstrem secara statistik namun masih masuk secara logika riil (Tail-end customer).,"Berpeluang cross-selling khusus untuk Very High Net Worth Individual, bila bukan risiko gagal bayar."
183918.0,cluster_2,Tipe A - Data Error,EXT_SOURCE_1=1.23 (90.1x dari median) | REGION_RATING_CLIENT_W_CITY=-2.04 (34.6x dari median) | POS_MONTHS_COUNT=1.21 (31.3x dari median) | BUREAU_ACTIVE_RATIO=0.99 (17.7x dari median) | YEARS_BIRTH=-0.48 (14.3x dari median),"Deviasi fitur lebih dari 50x median klaster, kemungkinan kesalahan input sistem.",Tim data engineering perlu memperbaiki flow pipeline ingestion untuk capping nilai ekstrem.
184010.0,cluster_4,Tipe A - Data Error,EXT_SOURCE_1=-1.03 (77.5x dari median) | BUREAU_ACTIVE_RATIO=2.03 (35.5x dari median) | PREV_APPROVAL_RATE=-1.40 (25.7x dari median) | ANNUITY_TO_INCOME=1.36 (15.9x dari median) | BUREAU_BB_DPD_RATIO_MEAN=2.47 (13.7x dari median),"Deviasi fitur lebih dari 50x median klaster, kemungkinan kesalahan input sistem.",Tim data engineering perlu memperbaiki flow pipeline ingestion untuk capping nilai ekstrem.
184014.0,cluster_0,Tipe A - Data Error,BUREAU_BB_SEVERE_DPD_MEAN=11.51 (225.7x dari median) | EXT_SOURCE_3=0.11 (53.0x dari median) | BUREAU_BB_DPD_RATIO_MEAN=9.24 (48.5x dari median) | PREV_REFUSED_COUNT=4.56 (43.5x dari median) | YEARS_EMPLOYED=3.68 (26.4x dari median),"Deviasi fitur lebih dari 50x median klaster, kemungkinan kesalahan input sistem.",Tim data engineering perlu memperbaiki flow pipeline ingestion untuk capping nilai ekstrem.
184253.0,cluster_0,Tipe A - Data Error,EXT_SOURCE_3=-1.30 (604.5x dari median) | EXT_SOURCE_1=1.85 (136.7x dari median) | PREV_REFUSED_COUNT=6.23 (59.8x dari median) | CREDIT_TERM_MONTHS=0.80 (16.3x dari median) | BUREAU_ACTIVE_RATIO=0.69 (12.7x dari median),"Deviasi fitur lebih dari 50x median klaster, kemungkinan kesalahan input sistem.",Tim data engineering perlu memperbaiki flow pipeline ingestion untuk capping nilai ekstrem.
184730.0,cluster_2,Tipe B - Rare but Valid,BUREAU_BB_DPD_RATIO_MEAN=5.64 (30.0x dari median) | YEARS_BIRTH=-0.92 (28.3x dari median) | AMT_REQ_CREDIT_BUREAU_YEAR=1.85 (13.9x dari median) | EXT_SOURCE_3=-0.79 (8.1x dari median) | PREV_APPROVAL_RATE=-1.24 (8.0x dari median),Keadaan ekstrem secara statistik namun masih masuk secara logika riil (Tail-end customer).,"Berpeluang cross-selling khusus untuk Very High Net Worth Individual, bila bukan risiko gagal bayar."
185509.0,cluster_2,Tipe B - Rare but Valid,EXT_SOURCE_1=0.53 (38.4x dari median) | CREDIT_TERM_MONTHS=1.70 (33.2x dari median) | YEARS_BIRTH=-0.95 (29.4x dari median) | BUREAU_ACTIVE_RATIO=-1.11 (17.7x dari median) | BUREAU_DAYS_CREDIT_MEAN=0.96 (14.1x dari median),Keadaan ekstrem secara statistik namun masih masuk secara logika riil (Tail-end customer).,"Berpeluang cross-selling khusus untuk Very High Net Worth Individual, bila bukan risiko gagal bayar."
185767.0,cluster_4,Tipe B - Rare but Valid,REGION_RATING_CLIENT_W_CITY=1.92 (34.6x dari median) | PREV_APPROVAL_RATE=0.96 (19.4x dari median) | CC_SK_DPD_MEAN=0.88 (18.7x dari median) | CC_MONTHS_COUNT=3.41 (8.8x dari median) | ANNUITY_TO_INCOME=0.69 (8.5x dari median),Keadaan ekstrem secara statistik namun masih masuk secara logika riil (Tail-end customer).,"Berpeluang cross-selling khusus untuk Very High Net Worth Individual, bila bukan risiko gagal bayar."
185927.0,cluster_2,Tipe A - Data Error,BUREAU_BB_SEVERE_DPD_MEAN=4.74 (93.5x dari median) | REGION_RATING_CLIENT_W_CITY=-2.04 (34.6x dari median) | CREDIT_TERM_MONTHS=-1.62 (29.8x dari median) | EXT_SOURCE_3=-2.23 (21.1x dari median) | BUREAU_BB_DPD_RATIO_MEAN=3.75 (20.3x dari median),"Deviasi fitur lebih dari 50x median klaster, kemungkinan kesalahan input sistem.",Tim data engineering perlu memperbaiki flow pipeline ingestion untuk capping nilai ekstrem.
186204.0,cluster_1,Tipe B - Rare but Valid,YEARS_EMPLOYED=4.59 (11.3x dari median) | BUREAU_DAYS_CREDIT_MEAN=1.45 (9.3x dari median) | PREV_APPROVAL_RATE=-2.34 (6.7x dari median) | EXT_SOURCE_2=0.71 (5.9x dari median) | YEARS_BIRTH=0.77 (5.1x dari median),Keadaan ekstrem secara statistik namun masih masuk secara logika riil (Tail-end customer).,"Berpeluang cross-selling khusus untuk Very High Net Worth Individual, bila bukan risiko gagal bayar."
186214.0,cluster_4,Tipe A - Data Error,CC_SK_DPD_MEAN=14.73 (296.9x dari median) | CREDIT_TERM_MONTHS=1.66 (23.0x dari median) | BUREAU_COUNT=2.68 (15.9x dari median) | EXT_SOURCE_2=-2.35 (12.8x dari median) | PREV_APPROVAL_RATE=-0.69 (12.1x dari median),"Deviasi fitur lebih dari 50x median klaster, kemungkinan kesalahan input sistem.",Tim data engineering perlu memperbaiki flow pipeline ingestion untuk capping nilai ekstrem.
186318.0,cluster_3,Tipe B - Rare but Valid,INST_DPD_MAX=3.10 (20.3x dari median) | INST_SEVERE_LATE_RATIO=2.43 (15.5x dari median) | INST_DPD_MEAN=1.60 (15.0x dari median) | YEARS_EMPLOYED=3.60 (12.5x dari median) | BUREAU_DAYS_CREDIT_MEAN=1.45 (11.9x dari median),Keadaan ekstrem secara statistik namun masih masuk secara logika riil (Tail-end customer).,"Berpeluang cross-selling khusus untuk Very High Net Worth Individual, bila bukan risiko gagal bayar."
186394.0,cluster_4,Tipe A - Data Error,POS_SK_DPD_MEAN=24.59 (124.1x dari median) | PREV_APPROVAL_RATE=-2.34 (43.7x dari median) | CREDIT_TERM_MONTHS=-1.38 (17.3x dari median) | AMT_ANNUITY=0.94 (10.2x dari median) | BUREAU_ACTIVE_RATIO=-0.66 (10.1x dari median),"Deviasi fitur lebih dari 50x median klaster, kemungkinan kesalahan input sistem.",Tim data engineering perlu memperbaiki flow pipeline ingestion untuk capping nilai ekstrem.
186408.0,cluster_0,Tipe A - Data Error,EXT_SOURCE_3=0.40 (186.4x dari median) | BUREAU_DEBT_TO_CREDIT_RATIO=1.73 (25.7x dari median) | YEARS_EMPLOYED=2.68 (19.4x dari median) | CC_MONTHS_COUNT=3.53 (9.1x dari median) | BUREAU_ACTIVE_RATIO=0.46 (8.9x dari median),"Deviasi fitur lebih dari 50x median klaster, kemungkinan kesalahan input sistem.",Tim data engineering perlu memperbaiki flow pipeline ingestion untuk capping nilai ekstrem.
186558.0,cluster_4,Tipe B - Rare but Valid,POS_SK_DPD_MEAN=7.59 (37.6x dari median) | REGION_RATING_CLIENT_W_CITY=1.92 (34.6x dari median) | PREV_APPROVAL_RATE=0.96 (19.4x dari median) | CREDIT_TERM_MONTHS=-1.51 (19.0x dari median) | BUREAU_ACTIVE_RATIO=-1.11 (17.7x dari median),Keadaan ekstrem secara statistik namun masih masuk secara logika riil (Tail-end customer).,"Berpeluang cross-selling khusus untuk Very High Net Worth Individual, bila bukan risiko gagal bayar."
187053.0,cluster_2,Tipe B - Rare but Valid,REGION_RATING_CLIENT_W_CITY=-2.04 (34.6x dari median) | YEARS_BIRTH=-0.72 (22.0x dari median) | BUREAU_DAYS_CREDIT_MEAN=1.45 (20.8x dari median) | POS_MONTHS_COUNT=0.80 (20.5x dari median) | CREDIT_TERM_MONTHS=-1.07 (19.3x dari median),Keadaan ekstrem secara statistik namun masih masuk secara logika riil (Tail-end customer).,"Berpeluang cross-selling khusus untuk Very High Net Worth Individual, bila bukan risiko gagal bayar."
187456.0,cluster_2,Tipe A - Data Error,POS_MONTHS_COUNT=2.98 (78.8x dari median) | CREDIT_TERM_MONTHS=1.97 (38.4x dari median) | YEARS_BIRTH=-0.96 (29.6x dari median) | EXT_SOURCE_3=-2.39 (22.5x dari median) | BUREAU_ACTIVE_RATIO=0.86 (15.5x dari median),"Deviasi fitur lebih dari 50x median klaster, kemungkinan kesalahan input sistem.",Tim data engineering perlu memperbaiki flow pipeline ingestion untuk capping nilai ekstrem.
188002.0,cluster_2,Tipe A - Data Error,CC_SK_DPD_MEAN=9.73 (196.4x dari median) | EXT_SOURCE_1=-2.07 (155.0x dari median) | CREDIT_TERM_MONTHS=1.68 (32.8x dari median) | YEARS_BIRTH=-0.90 (27.8x dari median) | POS_MONTHS_COUNT=1.01 (25.9x dari median),"Deviasi fitur lebih dari 50x median klaster, kemungkinan kesalahan input sistem.",Tim data engineering perlu memperbaiki flow pipeline ingestion untuk capping nilai ekstrem.
188157.0,cluster_2,Tipe B - Rare but Valid,EXT_SOURCE_1=-0.48 (36.9x dari median) | YEARS_BIRTH=-0.94 (29.0x dari median) | BUREAU_DAYS_CREDIT_MEAN=-0.92 (11.5x dari median) | BUREAU_ACTIVE_RATIO=0.46 (8.9x dari median) | AMT_INCOME_TOTAL=0.86 (6.8x dari median),Keadaan ekstrem secara statistik namun masih masuk secara logika riil (Tail-end customer).,"Berpeluang cross-selling khusus untuk Very High Net Worth Individual, bila bukan risiko gagal bayar."
188184.0,cluster_2,Tipe B - Rare but Valid,YEARS_BIRTH=-1.18 (36.7x dari median) | POS_MONTHS_COUNT=1.25 (32.4x dari median) | CREDIT_TERM_MONTHS=-1.56 (28.6x dari median) | AMT_INCOME_TOTAL=2.47 (21.6x dari median) | BUREAU_COUNT=2.46 (14.7x dari median),Keadaan ekstrem secara statistik namun masih masuk secara logika riil (Tail-end customer).,"Berpeluang cross-selling khusus untuk Very High Net Worth Individual, bila bukan risiko gagal bayar."
188427.0,cluster_2,Tipe A - Data Error,EXT_SOURCE_1=2.00 (147.2x dari median) | INST_DPD_MAX=5.75 (56.2x dari median) | POS_MONTHS_COUNT=1.77 (46.4x dari median) | YEARS_BIRTH=0.84 (27.8x dari median) | BUREAU_DAYS_CREDIT_MEAN=-1.50 (19.5x dari median),"Deviasi fitur lebih dari 50x median klaster, kemungkinan kesalahan input sistem.",Tim data engineering perlu memperbaiki flow pipeline ingestion untuk capping nilai ekstrem.
188477.0,cluster_1,Tipe B - Rare but Valid,POS_MONTHS_COUNT=5.12 (13.6x dari median) | YEARS_BIRTH=1.75 (10.3x dari median) | PREV_COUNT=3.37 (9.5x dari median) | BUREAU_DAYS_CREDIT_MEAN=1.45 (9.3x dari median) | EXT_SOURCE_2=0.94 (8.1x dari median),Keadaan ekstrem secara statistik namun masih masuk secara logika riil (Tail-end customer).,"Berpeluang cross-selling khusus untuk Very High Net Worth Individual, bila bukan risiko gagal bayar."
188627.0,cluster_4,Tipe A - Data Error,CC_SK_DPD_MEAN=7.55 (152.7x dari median) | REGION_RATING_CLIENT_W_CITY=1.92 (34.6x dari median) | CREDIT_TERM_MONTHS=1.68 (23.3x dari median) | BUREAU_ACTIVE_RATIO=0.64 (11.8x dari median) | AMT_CREDIT=1.18 (7.2x dari median),"Deviasi fitur lebih dari 50x median klaster, kemungkinan kesalahan input sistem.",Tim data engineering perlu memperbaiki flow pipeline ingestion untuk capping nilai ekstrem.
189049.0,cluster_3,Tipe A - Data Error,EXT_SOURCE_1=1.76 (129.7x dari median) | EXT_SOURCE_3=-2.41 (22.6x dari median) | BUREAU_DAYS_CREDIT_MEAN=1.20 (9.7x dari median) | BUREAU_ACTIVE_RATIO=1.25 (8.6x dari median) | ANNUITY_TO_INCOME=3.37 (5.8x dari median),"Deviasi fitur lebih dari 50x median klaster, kemungkinan kesalahan input sistem.",Tim data engineering perlu memperbaiki flow pipeline ingestion untuk capping nilai ekstrem.
189092.0,cluster_4,Tipe A - Data Error,POS_SK_DPD_MEAN=15.71 (78.9x dari median) | BUREAU_ACTIVE_RATIO=2.03 (35.5x dari median) | AMT_ANNUITY=-1.37 (17.4x dari median) | YEARS_BIRTH=1.96 (14.4x dari median) | EXT_SOURCE_3=-1.16 (11.4x dari median),"Deviasi fitur lebih dari 50x median klaster, kemungkinan kesalahan input sistem.",Tim data engineering perlu memperbaiki flow pipeline ingestion untuk capping nilai ekstrem.
189094.0,cluster_2,Tipe B - Rare but Valid,CREDIT_TERM_MONTHS=1.28 (25.4x dari median) | INST_SEVERE_LATE_RATIO=3.82 (23.7x dari median) | INST_DPD_MAX=1.35 (14.0x dari median) | BUREAU_COUNT=1.80 (11.0x dari median) | INST_DPD_MEAN=0.83 (9.8x dari median),Keadaan ekstrem secara statistik namun masih masuk secara logika riil (Tail-end customer).,"Berpeluang cross-selling khusus untuk Very High Net Worth Individual, bila bukan risiko gagal bayar."
189184.0,cluster_4,Tipe B - Rare but Valid,POS_SK_DPD_MEAN=9.91 (49.4x dari median) | EXT_SOURCE_1=0.46 (33.4x dari median) | PREV_APPROVAL_RATE=-1.02 (18.5x dari median) | BUREAU_COUNT=3.12 (18.3x dari median) | EXT_SOURCE_3=1.39 (11.4x dari median),Keadaan ekstrem secara statistik namun masih masuk secara logika riil (Tail-end customer).,"Berpeluang cross-selling khusus untuk Very High Net Worth Individual, bila bukan risiko gagal bayar."
189261.0,cluster_4,Tipe A - Data Error,EXT_SOURCE_1=1.93 (142.6x dari median) | AMT_ANNUITY=-2.22 (27.5x dari median) | POS_SK_DPD_MEAN=5.57 (27.4x dari median) | AMT_CREDIT=-1.52 (11.5x dari median) | BUREAU_COUNT=1.80 (11.0x dari median),"Deviasi fitur lebih dari 50x median klaster, kemungkinan kesalahan input sistem.",Tim data engineering perlu memperbaiki flow pipeline ingestion untuk capping nilai ekstrem.
189304.0,cluster_2,Tipe A - Data Error,EXT_SOURCE_1=2.31 (170.6x dari median) | BUREAU_ACTIVE_RATIO=2.03 (35.5x dari median) | REGION_RATING_CLIENT_W_CITY=-2.04 (34.6x dari median) | BUREAU_DEBT_TO_CREDIT_RATIO=1.49 (19.3x dari median) | YEARS_BIRTH=-0.46 (13.6x dari median),"Deviasi fitur lebih dari 50x median klaster, kemungkinan kesalahan input sistem.",Tim data engineering perlu memperbaiki flow pipeline ingestion untuk capping nilai ekstrem.
189409.0,cluster_2,Tipe C - Risk Signal,YEARS_BIRTH=-0.70 (21.3x dari median) | BUREAU_DAYS_CREDIT_MEAN=1.45 (20.8x dari median) | AMT_INCOME_TOTAL=-2.13 (20.5x dari median) | BUREAU_ACTIVE_RATIO=-1.11 (17.7x dari median) | POS_MONTHS_COUNT=-0.61 (17.3x dari median),Kombinasi finansial kontradiktif (contoh: rasio cicilan atau kredit terlalu besar di saat income rendah / profil berisiko).,Tim analis risiko (Underwriting) wajib memberikan manual review sebelum memberikan persetujuan.
189641.0,cluster_4,Tipe A - Data Error,EXT_SOURCE_1=-0.70 (52.9x dari median) | PREV_APPROVAL_RATE=-1.24 (22.7x dari median) | BUREAU_ACTIVE_RATIO=-1.11 (17.7x dari median) | YEARS_BIRTH=-1.23 (10.6x dari median) | BUREAU_DAYS_CREDIT_MEAN=1.45 (10.5x dari median),"Deviasi fitur lebih dari 50x median klaster, kemungkinan kesalahan input sistem.",Tim data engineering perlu memperbaiki flow pipeline ingestion untuk capping nilai ekstrem.
190004.0,cluster_4,Tipe B - Rare but Valid,BUREAU_ACTIVE_RATIO=2.03 (35.5x dari median) | PREV_APPROVAL_RATE=0.96 (19.4x dari median) | EXT_SOURCE_3=-1.01 (10.1x dari median) | BUREAU_DAYS_CREDIT_MEAN=1.36 (9.9x dari median) | POS_SK_DPD_MEAN=1.96 (9.0x dari median),Keadaan ekstrem secara statistik namun masih masuk secara logika riil (Tail-end customer).,"Berpeluang cross-selling khusus untuk Very High Net Worth Individual, bila bukan risiko gagal bayar."
190053.0,cluster_2,Tipe A - Data Error,EXT_SOURCE_1=1.66 (122.4x dari median) | POS_MONTHS_COUNT=1.81 (47.5x dari median) | REGION_RATING_CLIENT_W_CITY=-2.04 (34.6x dari median) | YEARS_BIRTH=0.94 (31.1x dari median) | AMT_INCOME_TOTAL=2.31 (20.1x dari median),"Deviasi fitur lebih dari 50x median klaster, kemungkinan kesalahan input sistem.",Tim data engineering perlu memperbaiki flow pipeline ingestion untuk capping nilai ekstrem.
190254.0,cluster_0,Tipe A - Data Error,EXT_SOURCE_1=2.45 (180.8x dari median) | EXT_SOURCE_3=-0.18 (82.1x dari median) | CREDIT_TERM_MONTHS=2.16 (42.3x dari median) | YEARS_EMPLOYED=3.25 (23.4x dari median) | BUREAU_DEBT_TO_CREDIT_RATIO=1.08 (16.4x dari median),"Deviasi fitur lebih dari 50x median klaster, kemungkinan kesalahan input sistem.",Tim data engineering perlu memperbaiki flow pipeline ingestion untuk capping nilai ekstrem.
190357.0,cluster_0,Tipe A - Data Error,EXT_SOURCE_3=-1.51 (703.4x dari median) | EXT_SOURCE_1=0.97 (71.3x dari median) | CREDIT_TERM_MONTHS=0.67 (13.8x dari median) | POS_MONTHS_COUNT=3.47 (9.8x dari median) | BUREAU_ACTIVE_RATIO=-0.58 (8.9x dari median),"Deviasi fitur lebih dari 50x median klaster, kemungkinan kesalahan input sistem.",Tim data engineering perlu memperbaiki flow pipeline ingestion untuk capping nilai ekstrem.
190647.0,cluster_2,Tipe B - Rare but Valid,POS_MONTHS_COUNT=1.77 (46.4x dari median) | AMT_REQ_CREDIT_BUREAU_YEAR=3.58 (27.8x dari median) | BUREAU_ACTIVE_RATIO=0.99 (17.7x dari median) | PREV_COUNT=4.54 (13.7x dari median) | YEARS_BIRTH=-0.42 (12.4x dari median),Keadaan ekstrem secara statistik namun masih masuk secara logika riil (Tail-end customer).,"Berpeluang cross-selling khusus untuk Very High Net Worth Individual, bila bukan risiko gagal bayar."
191009.0,cluster_2,Tipe B - Rare but Valid,REGION_RATING_CLIENT_W_CITY=1.92 (34.6x dari median) | POS_MONTHS_COUNT=-0.97 (27.0x dari median) | BUREAU_DAYS_CREDIT_MEAN=1.45 (20.8x dari median) | BUREAU_ACTIVE_RATIO=-1.11 (17.7x dari median) | CREDIT_TERM_MONTHS=0.86 (17.3x dari median),Keadaan ekstrem secara statistik namun masih masuk secara logika riil (Tail-end customer).,"Berpeluang cross-selling khusus untuk Very High Net Worth Individual, bila bukan risiko gagal bayar."
191256.0,cluster_4,Tipe A - Data Error,CC_SK_DPD_MEAN=8.30 (167.8x dari median) | EXT_SOURCE_1=2.09 (154.3x dari median) | AMT_ANNUITY=-2.95 (36.1x dari median) | AMT_CREDIT=-3.26 (23.7x dari median) | CREDIT_TERM_MONTHS=-1.48 (18.6x dari median),"Deviasi fitur lebih dari 50x median klaster, kemungkinan kesalahan input sistem.",Tim data engineering perlu memperbaiki flow pipeline ingestion untuk capping nilai ekstrem.
191401.0,cluster_2,Tipe B - Rare but Valid,CREDIT_TERM_MONTHS=2.14 (41.6x dari median) | POS_MONTHS_COUNT=1.41 (36.7x dari median) | REGION_RATING_CLIENT_W_CITY=1.92 (34.6x dari median) | INST_DPD_MAX=2.30 (23.1x dari median) | EXT_SOURCE_3=-1.87 (17.8x dari median),Keadaan ekstrem secara statistik namun masih masuk secara logika riil (Tail-end customer).,"Berpeluang cross-selling khusus untuk Very High Net Worth Individual, bila bukan risiko gagal bayar."
191864.0,cluster_4,Tipe A - Data Error,POS_SK_DPD_MEAN=17.82 (89.7x dari median) | ANNUITY_TO_INCOME=2.85 (32.1x dari median) | CREDIT_TO_INCOME=3.69 (24.5x dari median) | CREDIT_TERM_MONTHS=1.17 (16.5x dari median) | BUREAU_ACTIVE_RATIO=0.78 (14.2x dari median),"Deviasi fitur lebih dari 50x median klaster, kemungkinan kesalahan input sistem.",Tim data engineering perlu memperbaiki flow pipeline ingestion untuk capping nilai ekstrem.
192005.0,cluster_2,Tipe A - Data Error,EXT_SOURCE_1=-2.22 (165.9x dari median) | YEARS_BIRTH=-1.43 (44.7x dari median) | CREDIT_TERM_MONTHS=2.15 (41.8x dari median) | REGION_RATING_CLIENT_W_CITY=1.92 (34.6x dari median) | AMT_REQ_CREDIT_BUREAU_YEAR=3.00 (23.2x dari median),"Deviasi fitur lebih dari 50x median klaster, kemungkinan kesalahan input sistem.",Tim data engineering perlu memperbaiki flow pipeline ingestion untuk capping nilai ekstrem.
192426.0,cluster_4,Tipe A - Data Error,EXT_SOURCE_1=-1.83 (136.7x dari median) | PREV_APPROVAL_RATE=0.96 (19.4x dari median) | POS_SK_DPD_MEAN=2.43 (11.4x dari median) | AMT_ANNUITY=-0.84 (11.0x dari median) | EXT_SOURCE_3=-1.02 (10.2x dari median),"Deviasi fitur lebih dari 50x median klaster, kemungkinan kesalahan input sistem.",Tim data engineering perlu memperbaiki flow pipeline ingestion untuk capping nilai ekstrem.
192531.0,cluster_0,Tipe A - Data Error,EXT_SOURCE_3=-2.10 (979.4x dari median) | EXT_SOURCE_1=1.65 (121.4x dari median) | PREV_REFUSED_COUNT=5.67 (54.3x dari median) | CREDIT_TERM_MONTHS=0.99 (19.9x dari median) | YEARS_EMPLOYED=2.58 (18.8x dari median),"Deviasi fitur lebih dari 50x median klaster, kemungkinan kesalahan input sistem.",Tim data engineering perlu memperbaiki flow pipeline ingestion untuk capping nilai ekstrem.
193089.0,cluster_2,Tipe A - Data Error,POS_MONTHS_COUNT=2.50 (65.8x dari median) | INST_SEVERE_LATE_RATIO=5.24 (32.1x dari median) | CREDIT_TERM_MONTHS=1.30 (25.7x dari median) | CC_SK_DPD_MEAN=0.99 (20.9x dari median) | BUREAU_DAYS_CREDIT_MEAN=1.45 (20.8x dari median),"Deviasi fitur lebih dari 50x median klaster, kemungkinan kesalahan input sistem.",Tim data engineering perlu memperbaiki flow pipeline ingestion untuk capping nilai ekstrem.
193211.0,cluster_3,Tipe A - Data Error,EXT_SOURCE_1=1.04 (76.5x dari median) | REGION_RATING_CLIENT_W_CITY=1.92 (34.6x dari median) | BUREAU_ACTIVE_RATIO=2.03 (13.4x dari median) | CREDIT_TO_INCOME=5.91 (10.5x dari median) | ANNUITY_TO_INCOME=5.23 (9.5x dari median),"Deviasi fitur lebih dari 50x median klaster, kemungkinan kesalahan input sistem.",Tim data engineering perlu memperbaiki flow pipeline ingestion untuk capping nilai ekstrem.
193517.0,cluster_0,Tipe A - Data Error,EXT_SOURCE_3=-2.57 (1198.7x dari median) | PREV_REFUSED_COUNT=3.45 (32.6x dari median) | INST_SEVERE_LATE_RATIO=4.39 (27.1x dari median) | BUREAU_DEBT_TO_CREDIT_RATIO=0.94 (14.5x dari median) | CREDIT_TERM_MONTHS=-0.80 (14.3x dari median),"Deviasi fitur lebih dari 50x median klaster, kemungkinan kesalahan input sistem.",Tim data engineering perlu memperbaiki flow pipeline ingestion untuk capping nilai ekstrem.
194100.0,cluster_4,Tipe A - Data Error,BUREAU_BB_SEVERE_DPD_MEAN=8.51 (167.1x dari median) | BUREAU_BB_DPD_RATIO_MEAN=7.49 (39.5x dari median) | POS_SK_DPD_MEAN=3.36 (16.1x dari median) | AMT_ANNUITY=-1.04 (13.4x dari median) | ANNUITY_TO_INCOME=-1.28 (13.0x dari median),"Deviasi fitur lebih dari 50x median klaster, kemungkinan kesalahan input sistem.",Tim data engineering perlu memperbaiki flow pipeline ingestion untuk capping nilai ekstrem.
194133.0,cluster_1,Tipe A - Data Error,EXT_SOURCE_1=-3.25 (242.0x dari median) | INST_SEVERE_LATE_RATIO=6.00 (36.7x dari median) | INST_DPD_MEAN=1.05 (10.2x dari median) | BUREAU_DAYS_CREDIT_MEAN=1.45 (9.3x dari median) | INST_LATE_RATIO=3.94 (7.3x dari median),"Deviasi fitur lebih dari 50x median klaster, kemungkinan kesalahan input sistem.",Tim data engineering perlu memperbaiki flow pipeline ingestion untuk capping nilai ekstrem.
194170.0,cluster_2,Tipe B - Rare but Valid,POS_MONTHS_COUNT=1.33 (34.5x dari median) | CREDIT_TERM_MONTHS=1.68 (32.9x dari median) | AMT_REQ_CREDIT_BUREAU_YEAR=3.58 (27.8x dari median) | EXT_SOURCE_3=-2.36 (22.2x dari median) | AMT_INCOME_TOTAL=2.20 (19.1x dari median),Keadaan ekstrem secara statistik namun masih masuk secara logika riil (Tail-end customer).,"Berpeluang cross-selling khusus untuk Very High Net Worth Individual, bila bukan risiko gagal bayar."
194559.0,cluster_4,Tipe B - Rare but Valid,PREV_APPROVAL_RATE=0.96 (19.4x dari median) | YEARS_BIRTH=1.75 (12.7x dari median) | EXT_SOURCE_3=1.40 (11.6x dari median) | CREDIT_TERM_MONTHS=-0.87 (10.5x dari median) | POS_SK_DPD_MEAN=1.54 (6.8x dari median),Keadaan ekstrem secara statistik namun masih masuk secara logika riil (Tail-end customer).,"Berpeluang cross-selling khusus untuk Very High Net Worth Individual, bila bukan risiko gagal bayar."
194611.0,cluster_0,Tipe A - Data Error,EXT_SOURCE_1=2.34 (173.0x dari median) | EXT_SOURCE_3=-0.10 (43.5x dari median) | PREV_REFUSED_COUNT=2.89 (27.2x dari median) | YEARS_EMPLOYED=3.68 (26.3x dari median) | POS_MONTHS_COUNT=4.27 (12.4x dari median),"Deviasi fitur lebih dari 50x median klaster, kemungkinan kesalahan input sistem.",Tim data engineering perlu memperbaiki flow pipeline ingestion untuk capping nilai ekstrem.
194744.0,cluster_3,Tipe B - Rare but Valid,INST_SEVERE_LATE_RATIO=3.02 (18.9x dari median) | BUREAU_DAYS_CREDIT_MEAN=1.45 (11.9x dari median) | AMT_INCOME_TOTAL=1.24 (9.5x dari median) | BUREAU_ACTIVE_RATIO=-1.11 (5.8x dari median) | INST_LATE_RATIO=2.47 (4.9x dari median),Keadaan ekstrem secara statistik namun masih masuk secara logika riil (Tail-end customer).,"Berpeluang cross-selling khusus untuk Very High Net Worth Individual, bila bukan risiko gagal bayar."
195575.0,cluster_2,Tipe A - Data Error,EXT_SOURCE_1=-2.83 (211.5x dari median) | POS_MONTHS_COUNT=2.66 (70.2x dari median) | BUREAU_COUNT=4.88 (28.1x dari median) | YEARS_BIRTH=0.37 (12.9x dari median) | EXT_SOURCE_3=-1.30 (12.6x dari median),"Deviasi fitur lebih dari 50x median klaster, kemungkinan kesalahan input sistem.",Tim data engineering perlu memperbaiki flow pipeline ingestion untuk capping nilai ekstrem.
195943.0,cluster_3,Tipe B - Rare but Valid,INST_SEVERE_LATE_RATIO=4.50 (27.7x dari median) | EXT_SOURCE_3=-1.57 (15.1x dari median) | YEARS_BIRTH=-1.13 (8.0x dari median) | INST_LATE_RATIO=3.48 (6.5x dari median) | BUREAU_DAYS_CREDIT_MEAN=0.69 (5.1x dari median),Keadaan ekstrem secara statistik namun masih masuk secara logika riil (Tail-end customer).,"Berpeluang cross-selling khusus untuk Very High Net Worth Individual, bila bukan risiko gagal bayar."
195949.0,cluster_2,Tipe B - Rare but Valid,CREDIT_TERM_MONTHS=1.67 (32.7x dari median) | INST_SEVERE_LATE_RATIO=3.48 (21.6x dari median) | EXT_SOURCE_3=-1.68 (16.1x dari median) | YEARS_BIRTH=0.42 (14.5x dari median) | YEARS_EMPLOYED=2.63 (13.4x dari median),Keadaan ekstrem secara statistik namun masih masuk secara logika riil (Tail-end customer).,"Berpeluang cross-selling khusus untuk Very High Net Worth Individual, bila bukan risiko gagal bayar."
196091.0,cluster_2,Tipe A - Data Error,EXT_SOURCE_1=-1.29 (97.1x dari median) | BUREAU_ACTIVE_RATIO=2.03 (35.5x dari median) | POS_MONTHS_COUNT=-1.13 (31.3x dari median) | YEARS_BIRTH=-0.93 (28.8x dari median) | CREDIT_TERM_MONTHS=-1.31 (23.8x dari median),"Deviasi fitur lebih dari 50x median klaster, kemungkinan kesalahan input sistem.",Tim data engineering perlu memperbaiki flow pipeline ingestion untuk capping nilai ekstrem.
196668.0,cluster_4,Tipe B - Rare but Valid,CREDIT_TERM_MONTHS=1.69 (23.5x dari median) | POS_SK_DPD_MEAN=4.80 (23.4x dari median) | BUREAU_ACTIVE_RATIO=-1.11 (17.7x dari median) | EXT_SOURCE_3=0.99 (7.9x dari median) | CREDIT_TO_INCOME=1.07 (7.8x dari median),Keadaan ekstrem secara statistik namun masih masuk secara logika riil (Tail-end customer).,"Berpeluang cross-selling khusus untuk Very High Net Worth Individual, bila bukan risiko gagal bayar."
196866.0,cluster_1,Tipe B - Rare but Valid,BUREAU_DAYS_CREDIT_MEAN=-2.53 (18.9x dari median) | INST_LATE_RATIO=8.23 (14.1x dari median) | EXT_SOURCE_3=1.60 (13.3x dari median) | INST_DPD_MEAN=1.24 (11.9x dari median) | EXT_SOURCE_2=-0.97 (10.4x dari median),Keadaan ekstrem secara statistik namun masih masuk secara logika riil (Tail-end customer).,"Berpeluang cross-selling khusus untuk Very High Net Worth Individual, bila bukan risiko gagal bayar."
196962.0,cluster_4,Tipe B - Rare but Valid,AMT_ANNUITY=-1.78 (22.2x dari median) | POS_SK_DPD_MEAN=3.95 (19.1x dari median) | AMT_CREDIT=-1.33 (10.2x dari median) | ANNUITY_TO_INCOME=-0.86 (8.4x dari median) | YEARS_BIRTH=-0.68 (6.3x dari median),Keadaan ekstrem secara statistik namun masih masuk secara logika riil (Tail-end customer).,"Berpeluang cross-selling khusus untuk Very High Net Worth Individual, bila bukan risiko gagal bayar."
197079.0,cluster_0,Tipe A - Data Error,EXT_SOURCE_3=0.59 (274.5x dari median) | EXT_SOURCE_1=-1.84 (137.4x dari median) | CREDIT_TERM_MONTHS=2.17 (42.5x dari median) | CREDIT_TO_INCOME=3.60 (13.8x dari median) | BUREAU_COUNT=3.34 (11.8x dari median),"Deviasi fitur lebih dari 50x median klaster, kemungkinan kesalahan input sistem.",Tim data engineering perlu memperbaiki flow pipeline ingestion untuk capping nilai ekstrem.
197824.0,cluster_4,Tipe B - Rare but Valid,EXT_SOURCE_1=-0.39 (30.1x dari median) | ANNUITY_TO_INCOME=2.16 (24.6x dari median) | BUREAU_ACTIVE_RATIO=-1.11 (17.7x dari median) | BUREAU_DAYS_CREDIT_MEAN=-2.71 (16.8x dari median) | AMT_INCOME_TOTAL=-2.51 (10.8x dari median),Keadaan ekstrem secara statistik namun masih masuk secara logika riil (Tail-end customer).,"Berpeluang cross-selling khusus untuk Very High Net Worth Individual, bila bukan risiko gagal bayar."
198036.0,cluster_2,Tipe B - Rare but Valid,BUREAU_ACTIVE_RATIO=2.03 (35.5x dari median) | BUREAU_DEBT_TO_CREDIT_RATIO=1.52 (19.8x dari median) | YEARS_BIRTH=-0.44 (12.9x dari median) | CREDIT_TERM_MONTHS=-0.70 (12.2x dari median) | BUREAU_DAYS_CREDIT_MEAN=0.81 (12.0x dari median),Keadaan ekstrem secara statistik namun masih masuk secara logika riil (Tail-end customer).,"Berpeluang cross-selling khusus untuk Very High Net Worth Individual, bila bukan risiko gagal bayar."
198165.0,cluster_3,Tipe C - Risk Signal,EXT_SOURCE_3=-1.92 (18.3x dari median) | INST_SEVERE_LATE_RATIO=2.60 (16.5x dari median) | YEARS_EMPLOYED=4.11 (14.1x dari median) | AMT_INCOME_TOTAL=-1.73 (11.0x dari median) | INST_DPD_MEAN=0.92 (9.1x dari median),Kombinasi finansial kontradiktif (contoh: rasio cicilan atau kredit terlalu besar di saat income rendah / profil berisiko).,Tim analis risiko (Underwriting) wajib memberikan manual review sebelum memberikan persetujuan.
198501.0,cluster_2,Tipe A - Data Error,POS_MONTHS_COUNT=4.11 (109.0x dari median) | EXT_SOURCE_1=-1.41 (105.8x dari median) | YEARS_BIRTH=-1.38 (43.1x dari median) | AMT_REQ_CREDIT_BUREAU_YEAR=3.00 (23.2x dari median) | BUREAU_ACTIVE_RATIO=0.99 (17.7x dari median),"Deviasi fitur lebih dari 50x median klaster, kemungkinan kesalahan input sistem.",Tim data engineering perlu memperbaiki flow pipeline ingestion untuk capping nilai ekstrem.
198696.0,cluster_0,Tipe A - Data Error,PREV_REFUSED_COUNT=19.60 (190.1x dari median) | EXT_SOURCE_1=0.88 (64.6x dari median) | EXT_SOURCE_3=0.11 (53.0x dari median) | PREV_COUNT=10.66 (18.6x dari median) | BUREAU_ACTIVE_RATIO=-1.11 (17.7x dari median),"Deviasi fitur lebih dari 50x median klaster, kemungkinan kesalahan input sistem.",Tim data engineering perlu memperbaiki flow pipeline ingestion untuk capping nilai ekstrem.
199089.0,cluster_2,Tipe A - Data Error,EXT_SOURCE_1=1.17 (85.7x dari median) | POS_MONTHS_COUNT=2.10 (55.1x dari median) | YEARS_BIRTH=1.39 (45.6x dari median) | AMT_REQ_CREDIT_BUREAU_YEAR=3.58 (27.8x dari median) | CREDIT_TERM_MONTHS=1.17 (23.2x dari median),"Deviasi fitur lebih dari 50x median klaster, kemungkinan kesalahan input sistem.",Tim data engineering perlu memperbaiki flow pipeline ingestion untuk capping nilai ekstrem.
199155.0,cluster_4,Tipe B - Rare but Valid,REGION_RATING_CLIENT_W_CITY=-2.04 (34.6x dari median) | PREV_APPROVAL_RATE=-1.51 (27.9x dari median) | ANNUITY_TO_INCOME=1.83 (21.0x dari median) | CREDIT_TERM_MONTHS=-1.48 (18.6x dari median) | BUREAU_ACTIVE_RATIO=-1.11 (17.7x dari median),Keadaan ekstrem secara statistik namun masih masuk secara logika riil (Tail-end customer).,"Berpeluang cross-selling khusus untuk Very High Net Worth Individual, bila bukan risiko gagal bayar."
199557.0,cluster_4,Tipe A - Data Error,CC_SK_DPD_MEAN=6.14 (124.4x dari median) | PREV_APPROVAL_RATE=-2.34 (43.7x dari median) | BUREAU_ACTIVE_RATIO=1.18 (20.9x dari median) | CREDIT_TERM_MONTHS=1.26 (17.7x dari median) | EXT_SOURCE_3=-1.83 (17.5x dari median),"Deviasi fitur lebih dari 50x median klaster, kemungkinan kesalahan input sistem.",Tim data engineering perlu memperbaiki flow pipeline ingestion untuk capping nilai ekstrem.
199872.0,cluster_4,Tipe B - Rare but Valid,AMT_ANNUITY=-2.30 (28.4x dari median) | POS_SK_DPD_MEAN=5.57 (27.4x dari median) | PREV_APPROVAL_RATE=0.96 (19.4x dari median) | BUREAU_COUNT=2.68 (15.9x dari median) | EXT_SOURCE_3=-1.40 (13.6x dari median),Keadaan ekstrem secara statistik namun masih masuk secara logika riil (Tail-end customer).,"Berpeluang cross-selling khusus untuk Very High Net Worth Individual, bila bukan risiko gagal bayar."
200163.0,cluster_2,Tipe A - Data Error,POS_MONTHS_COUNT=3.14 (83.1x dari median) | REGION_RATING_CLIENT_W_CITY=-2.04 (34.6x dari median) | AMT_INCOME_TOTAL=-0.68 (7.2x dari median) | BUREAU_ACTIVE_RATIO=-0.48 (7.1x dari median) | PREV_APPROVAL_RATE=0.63 (5.6x dari median),"Deviasi fitur lebih dari 50x median klaster, kemungkinan kesalahan input sistem.",Tim data engineering perlu memperbaiki flow pipeline ingestion untuk capping nilai ekstrem.
200183.0,cluster_1,Tipe A - Data Error,EXT_SOURCE_1=-1.63 (121.9x dari median) | INST_SEVERE_LATE_RATIO=3.28 (20.5x dari median) | INST_DPD_MEAN=1.17 (11.3x dari median) | BUREAU_DAYS_CREDIT_MEAN=1.45 (9.3x dari median) | INST_DPD_MAX=1.22 (8.6x dari median),"Deviasi fitur lebih dari 50x median klaster, kemungkinan kesalahan input sistem.",Tim data engineering perlu memperbaiki flow pipeline ingestion untuk capping nilai ekstrem.
200356.0,cluster_2,Tipe A - Data Error,EXT_SOURCE_1=-2.91 (217.4x dari median) | YEARS_BIRTH=-1.25 (39.0x dari median) | POS_MONTHS_COUNT=1.41 (36.7x dari median) | REGION_RATING_CLIENT_W_CITY=1.92 (34.6x dari median) | AMT_REQ_CREDIT_BUREAU_YEAR=3.00 (23.2x dari median),"Deviasi fitur lebih dari 50x median klaster, kemungkinan kesalahan input sistem.",Tim data engineering perlu memperbaiki flow pipeline ingestion untuk capping nilai ekstrem.
200563.0,cluster_1,Tipe B - Rare but Valid,INST_SEVERE_LATE_RATIO=7.12 (43.3x dari median) | BUREAU_ACTIVE_RATIO=2.03 (10.8x dari median) | BUREAU_DAYS_CREDIT_MEAN=-1.31 (10.3x dari median) | INST_DPD_MEAN=0.67 (6.9x dari median) | YEARS_BIRTH=1.04 (6.6x dari median),Keadaan ekstrem secara statistik namun masih masuk secara logika riil (Tail-end customer).,"Berpeluang cross-selling khusus untuk Very High Net Worth Individual, bila bukan risiko gagal bayar."
200767.0,cluster_2,Tipe A - Data Error,EXT_SOURCE_1=-0.74 (55.7x dari median) | BUREAU_ACTIVE_RATIO=1.34 (23.6x dari median) | AMT_REQ_CREDIT_BUREAU_YEAR=3.00 (23.2x dari median) | YEARS_BIRTH=-0.70 (21.2x dari median) | BUREAU_DEBT_TO_CREDIT_RATIO=1.46 (19.0x dari median),"Deviasi fitur lebih dari 50x median klaster, kemungkinan kesalahan input sistem.",Tim data engineering perlu memperbaiki flow pipeline ingestion untuk capping nilai ekstrem.
200786.0,cluster_1,Tipe B - Rare but Valid,REGION_RATING_CLIENT_W_CITY=1.92 (34.6x dari median) | EXT_SOURCE_1=0.24 (16.7x dari median) | BUREAU_COUNT=5.76 (15.4x dari median) | EXT_SOURCE_2=-1.44 (15.0x dari median) | BUREAU_DAYS_CREDIT_MEAN=-1.36 (10.6x dari median),Keadaan ekstrem secara statistik namun masih masuk secara logika riil (Tail-end customer).,"Berpeluang cross-selling khusus untuk Very High Net Worth Individual, bila bukan risiko gagal bayar."
200956.0,cluster_3,Tipe A - Data Error,EXT_SOURCE_1=1.00 (72.9x dari median) | INST_SEVERE_LATE_RATIO=8.33 (50.5x dari median) | BUREAU_DAYS_CREDIT_MEAN=-1.05 (10.3x dari median) | EXT_SOURCE_3=-1.01 (10.1x dari median) | INST_DPD_MEAN=0.92 (9.1x dari median),"Deviasi fitur lebih dari 50x median klaster, kemungkinan kesalahan input sistem.",Tim data engineering perlu memperbaiki flow pipeline ingestion untuk capping nilai ekstrem.
201389.0,cluster_1,Tipe B - Rare but Valid,EXT_SOURCE_1=0.65 (47.3x dari median) | INST_SEVERE_LATE_RATIO=3.02 (18.9x dari median) | BUREAU_DAYS_CREDIT_MEAN=1.45 (9.3x dari median) | INST_DPD_MAX=1.30 (9.1x dari median) | INST_DPD_MEAN=0.78 (7.9x dari median),Keadaan ekstrem secara statistik namun masih masuk secara logika riil (Tail-end customer).,"Berpeluang cross-selling khusus untuk Very High Net Worth Individual, bila bukan risiko gagal bayar."
201812.0,cluster_2,Tipe B - Rare but Valid,POS_MONTHS_COUNT=1.33 (34.5x dari median) | CREDIT_TERM_MONTHS=1.68 (32.8x dari median) | AMT_REQ_CREDIT_BUREAU_YEAR=3.58 (27.8x dari median) | YEARS_BIRTH=0.71 (23.7x dari median) | BUREAU_ACTIVE_RATIO=1.25 (22.2x dari median),Keadaan ekstrem secara statistik namun masih masuk secara logika riil (Tail-end customer).,"Berpeluang cross-selling khusus untuk Very High Net Worth Individual, bila bukan risiko gagal bayar."
202489.0,cluster_2,Tipe A - Data Error,EXT_SOURCE_1=-1.82 (136.4x dari median) | YEARS_BIRTH=-1.15 (35.7x dari median) | BUREAU_ACTIVE_RATIO=2.03 (35.5x dari median) | POS_MONTHS_COUNT=1.09 (28.1x dari median) | BUREAU_DEBT_TO_CREDIT_RATIO=1.73 (22.3x dari median),"Deviasi fitur lebih dari 50x median klaster, kemungkinan kesalahan input sistem.",Tim data engineering perlu memperbaiki flow pipeline ingestion untuk capping nilai ekstrem.
202495.0,cluster_2,Tipe A - Data Error,EXT_SOURCE_1=-1.47 (110.4x dari median) | AMT_REQ_CREDIT_BUREAU_YEAR=3.00 (23.2x dari median) | BUREAU_DAYS_CREDIT_MEAN=-1.42 (18.4x dari median) | BUREAU_ACTIVE_RATIO=-1.11 (17.7x dari median) | POS_MONTHS_COUNT=0.68 (17.3x dari median),"Deviasi fitur lebih dari 50x median klaster, kemungkinan kesalahan input sistem.",Tim data engineering perlu memperbaiki flow pipeline ingestion untuk capping nilai ekstrem.
203192.0,cluster_2,Tipe A - Data Error,EXT_SOURCE_1=1.21 (89.1x dari median) | YEARS_BIRTH=1.44 (47.1x dari median) | POS_MONTHS_COUNT=1.33 (34.5x dari median) | CREDIT_TERM_MONTHS=1.26 (24.9x dari median) | BUREAU_DEBT_TO_CREDIT_RATIO=1.43 (18.6x dari median),"Deviasi fitur lebih dari 50x median klaster, kemungkinan kesalahan input sistem.",Tim data engineering perlu memperbaiki flow pipeline ingestion untuk capping nilai ekstrem.
203542.0,cluster_2,Tipe B - Rare but Valid,BUREAU_ACTIVE_RATIO=2.03 (35.5x dari median) | REGION_RATING_CLIENT_W_CITY=1.92 (34.6x dari median) | CREDIT_TERM_MONTHS=1.68 (32.9x dari median) | YEARS_BIRTH=-0.56 (16.8x dari median) | CREDIT_TO_INCOME=3.51 (15.7x dari median),Keadaan ekstrem secara statistik namun masih masuk secara logika riil (Tail-end customer).,"Berpeluang cross-selling khusus untuk Very High Net Worth Individual, bila bukan risiko gagal bayar."
203701.0,cluster_0,Tipe A - Data Error,EXT_SOURCE_3=0.78 (364.3x dari median) | CREDIT_TERM_MONTHS=1.96 (38.4x dari median) | PREV_REFUSED_COUNT=4.00 (38.0x dari median) | BUREAU_DEBT_TO_CREDIT_RATIO=1.09 (16.6x dari median) | POS_MONTHS_COUNT=4.96 (14.5x dari median),"Deviasi fitur lebih dari 50x median klaster, kemungkinan kesalahan input sistem.",Tim data engineering perlu memperbaiki flow pipeline ingestion untuk capping nilai ekstrem.
203768.0,cluster_4,Tipe A - Data Error,EXT_SOURCE_1=1.00 (73.4x dari median) | CREDIT_TERM_MONTHS=1.27 (17.8x dari median) | BUREAU_ACTIVE_RATIO=-1.11 (17.7x dari median) | PREV_APPROVAL_RATE=-0.87 (15.7x dari median) | CREDIT_TO_INCOME=1.56 (10.9x dari median),"Deviasi fitur lebih dari 50x median klaster, kemungkinan kesalahan input sistem.",Tim data engineering perlu memperbaiki flow pipeline ingestion untuk capping nilai ekstrem.
204143.0,cluster_3,Tipe A - Data Error,EXT_SOURCE_1=2.75 (203.5x dari median) | YEARS_EMPLOYED=4.07 (14.0x dari median) | EXT_SOURCE_3=1.33 (11.0x dari median) | YEARS_BIRTH=0.84 (7.7x dari median) | BUREAU_DAYS_CREDIT_MEAN=-0.55 (5.9x dari median),"Deviasi fitur lebih dari 50x median klaster, kemungkinan kesalahan input sistem.",Tim data engineering perlu memperbaiki flow pipeline ingestion untuk capping nilai ekstrem.
204172.0,cluster_3,Tipe B - Rare but Valid,INST_SEVERE_LATE_RATIO=4.74 (29.1x dari median) | BUREAU_ACTIVE_RATIO=2.03 (13.4x dari median) | EXT_SOURCE_3=1.48 (12.3x dari median) | YEARS_BIRTH=1.26 (11.1x dari median) | BUREAU_DAYS_CREDIT_MEAN=1.17 (9.4x dari median),Keadaan ekstrem secara statistik namun masih masuk secara logika riil (Tail-end customer).,"Berpeluang cross-selling khusus untuk Very High Net Worth Individual, bila bukan risiko gagal bayar."
204202.0,cluster_2,Tipe B - Rare but Valid,REGION_RATING_CLIENT_W_CITY=1.92 (34.6x dari median) | EXT_SOURCE_1=0.40 (28.9x dari median) | YEARS_BIRTH=-0.93 (28.7x dari median) | BUREAU_COUNT=4.00 (23.2x dari median) | AMT_REQ_CREDIT_BUREAU_YEAR=3.00 (23.2x dari median),Keadaan ekstrem secara statistik namun masih masuk secara logika riil (Tail-end customer).,"Berpeluang cross-selling khusus untuk Very High Net Worth Individual, bila bukan risiko gagal bayar."
204419.0,cluster_2,Tipe A - Data Error,EXT_SOURCE_1=-1.12 (83.9x dari median) | REGION_RATING_CLIENT_W_CITY=1.92 (34.6x dari median) | POS_MONTHS_COUNT=0.88 (22.7x dari median) | AMT_REQ_CREDIT_BUREAU_YEAR=2.43 (18.5x dari median) | BUREAU_ACTIVE_RATIO=-1.11 (17.7x dari median),"Deviasi fitur lebih dari 50x median klaster, kemungkinan kesalahan input sistem.",Tim data engineering perlu memperbaiki flow pipeline ingestion untuk capping nilai ekstrem.
204477.0,cluster_2,Tipe B - Rare but Valid,REGION_RATING_CLIENT_W_CITY=1.92 (34.6x dari median) | BUREAU_ACTIVE_RATIO=1.41 (24.8x dari median) | YEARS_EMPLOYED=3.62 (18.0x dari median) | YEARS_BIRTH=0.52 (17.7x dari median) | AMT_INCOME_TOTAL=1.24 (10.3x dari median),Keadaan ekstrem secara statistik namun masih masuk secara logika riil (Tail-end customer).,"Berpeluang cross-selling khusus untuk Very High Net Worth Individual, bila bukan risiko gagal bayar."
204699.0,cluster_0,Tipe A - Data Error,EXT_SOURCE_3=-1.05 (489.0x dari median) | EXT_SOURCE_1=-1.36 (102.3x dari median) | REGION_RATING_CLIENT_W_CITY=1.92 (34.6x dari median) | CREDIT_TERM_MONTHS=1.68 (33.1x dari median) | INST_DPD_MAX=3.63 (26.6x dari median),"Deviasi fitur lebih dari 50x median klaster, kemungkinan kesalahan input sistem.",Tim data engineering perlu memperbaiki flow pipeline ingestion untuk capping nilai ekstrem.
204943.0,cluster_2,Tipe A - Data Error,EXT_SOURCE_1=1.59 (117.0x dari median) | YEARS_BIRTH=1.42 (46.4x dari median) | BUREAU_DAYS_CREDIT_MEAN=-1.85 (24.2x dari median) | POS_MONTHS_COUNT=-0.85 (23.7x dari median) | EXT_SOURCE_3=1.42 (11.8x dari median),"Deviasi fitur lebih dari 50x median klaster, kemungkinan kesalahan input sistem.",Tim data engineering perlu memperbaiki flow pipeline ingestion untuk capping nilai ekstrem.
204990.0,cluster_2,Tipe A - Data Error,EXT_SOURCE_1=-2.24 (167.5x dari median) | YEARS_BIRTH=-1.11 (34.6x dari median) | POS_MONTHS_COUNT=0.52 (13.0x dari median) | BUREAU_DAYS_CREDIT_MEAN=0.79 (11.8x dari median) | BUREAU_ACTIVE_RATIO=0.46 (8.9x dari median),"Deviasi fitur lebih dari 50x median klaster, kemungkinan kesalahan input sistem.",Tim data engineering perlu memperbaiki flow pipeline ingestion untuk capping nilai ekstrem.
205153.0,cluster_0,Tipe A - Data Error,EXT_SOURCE_3=-0.73 (342.5x dari median) | EXT_SOURCE_1=0.71 (51.8x dari median) | REGION_RATING_CLIENT_W_CITY=1.92 (34.6x dari median) | PREV_REFUSED_COUNT=2.33 (21.7x dari median) | YEARS_EMPLOYED=1.52 (11.5x dari median),"Deviasi fitur lebih dari 50x median klaster, kemungkinan kesalahan input sistem.",Tim data engineering perlu memperbaiki flow pipeline ingestion untuk capping nilai ekstrem.
205665.0,cluster_2,Tipe B - Rare but Valid,EXT_SOURCE_1=0.50 (35.8x dari median) | CREDIT_TERM_MONTHS=1.69 (33.2x dari median) | BUREAU_DAYS_CREDIT_MEAN=-2.14 (28.3x dari median) | BUREAU_ACTIVE_RATIO=-1.11 (17.7x dari median) | POS_MONTHS_COUNT=-0.61 (17.3x dari median),Keadaan ekstrem secara statistik namun masih masuk secara logika riil (Tail-end customer).,"Berpeluang cross-selling khusus untuk Very High Net Worth Individual, bila bukan risiko gagal bayar."
206099.0,cluster_2,Tipe A - Data Error,POS_MONTHS_COUNT=2.82 (74.5x dari median) | CREDIT_TERM_MONTHS=1.69 (33.2x dari median) | YEARS_BIRTH=-0.76 (23.4x dari median) | EXT_SOURCE_3=-2.24 (21.1x dari median) | BUREAU_DAYS_CREDIT_MEAN=-1.46 (18.9x dari median),"Deviasi fitur lebih dari 50x median klaster, kemungkinan kesalahan input sistem.",Tim data engineering perlu memperbaiki flow pipeline ingestion untuk capping nilai ekstrem.
206109.0,cluster_2,Tipe A - Data Error,EXT_SOURCE_1=-0.90 (68.1x dari median) | CREDIT_TERM_MONTHS=-0.79 (13.9x dari median) | BUREAU_DEBT_TO_CREDIT_RATIO=0.82 (11.1x dari median) | YEARS_BIRTH=-0.30 (8.7x dari median) | PREV_APPROVAL_RATE=0.96 (8.0x dari median),"Deviasi fitur lebih dari 50x median klaster, kemungkinan kesalahan input sistem.",Tim data engineering perlu memperbaiki flow pipeline ingestion untuk capping nilai ekstrem.
206162.0,cluster_3,Tipe C - Risk Signal,EXT_SOURCE_3=-1.73 (16.6x dari median) | AMT_INCOME_TOTAL=-2.31 (15.0x dari median) | ANNUITY_TO_INCOME=6.84 (12.8x dari median) | INST_DPD_MAX=1.11 (7.9x dari median) | CREDIT_TO_INCOME=4.33 (7.5x dari median),Kombinasi finansial kontradiktif (contoh: rasio cicilan atau kredit terlalu besar di saat income rendah / profil berisiko).,Tim analis risiko (Underwriting) wajib memberikan manual review sebelum memberikan persetujuan.
206540.0,cluster_2,Tipe B - Rare but Valid,YEARS_BIRTH=-1.25 (39.0x dari median) | BUREAU_ACTIVE_RATIO=2.03 (35.5x dari median) | REGION_RATING_CLIENT_W_CITY=-2.04 (34.6x dari median) | AMT_INCOME_TOTAL=2.31 (20.1x dari median) | POS_MONTHS_COUNT=-0.61 (17.3x dari median),Keadaan ekstrem secara statistik namun masih masuk secara logika riil (Tail-end customer).,"Berpeluang cross-selling khusus untuk Very High Net Worth Individual, bila bukan risiko gagal bayar."
207021.0,cluster_0,Tipe A - Data Error,EXT_SOURCE_3=0.76 (355.5x dari median) | EXT_SOURCE_1=1.38 (101.5x dari median) | PREV_REFUSED_COUNT=3.45 (32.6x dari median) | CREDIT_TERM_MONTHS=1.00 (20.1x dari median) | BUREAU_DEBT_TO_CREDIT_RATIO=0.91 (14.0x dari median),"Deviasi fitur lebih dari 50x median klaster, kemungkinan kesalahan input sistem.",Tim data engineering perlu memperbaiki flow pipeline ingestion untuk capping nilai ekstrem.
207066.0,cluster_1,Tipe A - Data Error,EXT_SOURCE_1=-1.03 (77.7x dari median) | EXT_SOURCE_2=-2.65 (26.7x dari median) | EXT_SOURCE_3=-1.95 (18.5x dari median) | CNT_CHILDREN=2.21 (4.8x dari median) | YEARS_BIRTH=-0.97 (4.2x dari median),"Deviasi fitur lebih dari 50x median klaster, kemungkinan kesalahan input sistem.",Tim data engineering perlu memperbaiki flow pipeline ingestion untuk capping nilai ekstrem.
207359.0,cluster_2,Tipe A - Data Error,EXT_SOURCE_1=1.55 (114.1x dari median) | CREDIT_TERM_MONTHS=1.68 (32.8x dari median) | AMT_REQ_CREDIT_BUREAU_YEAR=3.58 (27.8x dari median) | POS_MONTHS_COUNT=-0.65 (18.4x dari median) | BUREAU_ACTIVE_RATIO=0.78 (14.2x dari median),"Deviasi fitur lebih dari 50x median klaster, kemungkinan kesalahan input sistem.",Tim data engineering perlu memperbaiki flow pipeline ingestion untuk capping nilai ekstrem.
207437.0,cluster_0,Tipe A - Data Error,EXT_SOURCE_3=-2.21 (1032.3x dari median) | EXT_SOURCE_1=1.23 (90.6x dari median) | PREV_REFUSED_COUNT=4.56 (43.5x dari median) | BUREAU_COUNT=4.22 (15.2x dari median) | CREDIT_TERM_MONTHS=0.41 (8.8x dari median),"Deviasi fitur lebih dari 50x median klaster, kemungkinan kesalahan input sistem.",Tim data engineering perlu memperbaiki flow pipeline ingestion untuk capping nilai ekstrem.
207735.0,cluster_4,Tipe B - Rare but Valid,BUREAU_ACTIVE_RATIO=2.03 (35.5x dari median) | PREV_APPROVAL_RATE=0.96 (19.4x dari median) | AMT_ANNUITY=-1.25 (15.9x dari median) | EXT_SOURCE_3=1.48 (12.3x dari median) | AMT_CREDIT=-1.34 (10.3x dari median),Keadaan ekstrem secara statistik namun masih masuk secara logika riil (Tail-end customer).,"Berpeluang cross-selling khusus untuk Very High Net Worth Individual, bila bukan risiko gagal bayar."
208114.0,cluster_0,Tipe A - Data Error,EXT_SOURCE_3=-2.12 (991.5x dari median) | INST_SEVERE_LATE_RATIO=5.72 (35.0x dari median) | REGION_RATING_CLIENT_W_CITY=1.92 (34.6x dari median) | CREDIT_TERM_MONTHS=1.28 (25.5x dari median) | PREV_REFUSED_COUNT=1.77 (16.3x dari median),"Deviasi fitur lebih dari 50x median klaster, kemungkinan kesalahan input sistem.",Tim data engineering perlu memperbaiki flow pipeline ingestion untuk capping nilai ekstrem.
208193.0,cluster_1,Tipe A - Data Error,EXT_SOURCE_1=2.38 (176.1x dari median) | REGION_RATING_CLIENT_W_CITY=-2.04 (34.6x dari median) | EXT_SOURCE_3=1.39 (11.4x dari median) | EXT_SOURCE_2=1.21 (10.8x dari median) | YEARS_EMPLOYED=3.05 (7.9x dari median),"Deviasi fitur lebih dari 50x median klaster, kemungkinan kesalahan input sistem.",Tim data engineering perlu memperbaiki flow pipeline ingestion untuk capping nilai ekstrem.
208646.0,cluster_0,Tipe A - Data Error,EXT_SOURCE_3=-2.01 (938.7x dari median) | EXT_SOURCE_1=2.30 (169.9x dari median) | CREDIT_TERM_MONTHS=-1.08 (19.7x dari median) | INST_LATE_RATIO=2.10 (8.0x dari median) | YEARS_BIRTH=1.15 (7.0x dari median),"Deviasi fitur lebih dari 50x median klaster, kemungkinan kesalahan input sistem.",Tim data engineering perlu memperbaiki flow pipeline ingestion untuk capping nilai ekstrem.
208663.0,cluster_1,Tipe A - Data Error,EXT_SOURCE_1=2.16 (159.5x dari median) | INST_SEVERE_LATE_RATIO=5.91 (36.1x dari median) | EXT_SOURCE_2=-0.93 (10.0x dari median) | INST_DPD_MEAN=0.95 (9.3x dari median) | EXT_SOURCE_3=0.82 (6.4x dari median),"Deviasi fitur lebih dari 50x median klaster, kemungkinan kesalahan input sistem.",Tim data engineering perlu memperbaiki flow pipeline ingestion untuk capping nilai ekstrem.
208712.0,cluster_3,Tipe A - Data Error,EXT_SOURCE_1=-0.75 (56.6x dari median) | INST_SEVERE_LATE_RATIO=5.91 (36.1x dari median) | REGION_RATING_CLIENT_W_CITY=1.92 (34.6x dari median) | INST_DPD_MEAN=1.31 (12.5x dari median) | INST_DPD_MAX=1.56 (10.7x dari median),"Deviasi fitur lebih dari 50x median klaster, kemungkinan kesalahan input sistem.",Tim data engineering perlu memperbaiki flow pipeline ingestion untuk capping nilai ekstrem.
208751.0,cluster_0,Tipe A - Data Error,EXT_SOURCE_3=-1.70 (793.5x dari median) | BUREAU_BB_SEVERE_DPD_MEAN=5.54 (109.1x dari median) | PREV_REFUSED_COUNT=10.13 (97.8x dari median) | EXT_SOURCE_1=-0.67 (50.5x dari median) | BUREAU_ACTIVE_RATIO=2.03 (35.5x dari median),"Deviasi fitur lebih dari 50x median klaster, kemungkinan kesalahan input sistem.",Tim data engineering perlu memperbaiki flow pipeline ingestion untuk capping nilai ekstrem.
209003.0,cluster_3,Tipe A - Data Error,EXT_SOURCE_1=-1.44 (108.1x dari median) | INST_SEVERE_LATE_RATIO=3.95 (24.4x dari median) | INST_DPD_MAX=3.53 (22.9x dari median) | INST_DPD_MEAN=2.31 (21.3x dari median) | EXT_SOURCE_2=-2.48 (10.4x dari median),"Deviasi fitur lebih dari 50x median klaster, kemungkinan kesalahan input sistem.",Tim data engineering perlu memperbaiki flow pipeline ingestion untuk capping nilai ekstrem.
209110.0,cluster_4,Tipe A - Data Error,CC_SK_DPD_MEAN=31.29 (629.5x dari median) | ANNUITY_TO_INCOME=3.04 (34.2x dari median) | CREDIT_TO_INCOME=3.33 (22.2x dari median) | PREV_APPROVAL_RATE=0.96 (19.4x dari median) | AMT_ANNUITY=1.30 (14.5x dari median),"Deviasi fitur lebih dari 50x median klaster, kemungkinan kesalahan input sistem.",Tim data engineering perlu memperbaiki flow pipeline ingestion untuk capping nilai ekstrem.
209267.0,cluster_0,Tipe A - Data Error,EXT_SOURCE_3=-0.89 (414.7x dari median) | REGION_RATING_CLIENT_W_CITY=1.92 (34.6x dari median) | PREV_REFUSED_COUNT=2.33 (21.7x dari median) | POS_MONTHS_COUNT=3.87 (11.1x dari median) | INST_SEVERE_LATE_RATIO=1.70 (11.1x dari median),"Deviasi fitur lebih dari 50x median klaster, kemungkinan kesalahan input sistem.",Tim data engineering perlu memperbaiki flow pipeline ingestion untuk capping nilai ekstrem.
210214.0,cluster_2,Tipe A - Data Error,EXT_SOURCE_1=1.07 (78.8x dari median) | YEARS_BIRTH=-0.95 (29.3x dari median) | BUREAU_ACTIVE_RATIO=1.41 (24.8x dari median) | CREDIT_TERM_MONTHS=1.25 (24.8x dari median) | AMT_REQ_CREDIT_BUREAU_YEAR=2.43 (18.5x dari median),"Deviasi fitur lebih dari 50x median klaster, kemungkinan kesalahan input sistem.",Tim data engineering perlu memperbaiki flow pipeline ingestion untuk capping nilai ekstrem.
210469.0,cluster_2,Tipe A - Data Error,EXT_SOURCE_1=1.16 (85.3x dari median) | POS_MONTHS_COUNT=2.46 (64.8x dari median) | YEARS_BIRTH=1.23 (40.4x dari median) | CREDIT_TERM_MONTHS=1.28 (25.4x dari median) | BUREAU_COUNT=3.12 (18.3x dari median),"Deviasi fitur lebih dari 50x median klaster, kemungkinan kesalahan input sistem.",Tim data engineering perlu memperbaiki flow pipeline ingestion untuk capping nilai ekstrem.
210631.0,cluster_4,Tipe A - Data Error,EXT_SOURCE_1=1.35 (99.6x dari median) | BUREAU_BB_SEVERE_DPD_MEAN=3.10 (61.6x dari median) | AMT_ANNUITY=1.93 (22.0x dari median) | POS_SK_DPD_MEAN=4.23 (20.5x dari median) | PREV_APPROVAL_RATE=0.96 (19.4x dari median),"Deviasi fitur lebih dari 50x median klaster, kemungkinan kesalahan input sistem.",Tim data engineering perlu memperbaiki flow pipeline ingestion untuk capping nilai ekstrem.
211267.0,cluster_4,Tipe A - Data Error,EXT_SOURCE_1=0.72 (52.5x dari median) | BUREAU_BB_SEVERE_DPD_MEAN=1.29 (26.2x dari median) | CREDIT_TERM_MONTHS=1.67 (23.2x dari median) | BUREAU_COUNT=3.78 (22.0x dari median) | EXT_SOURCE_3=-2.22 (20.9x dari median),"Deviasi fitur lebih dari 50x median klaster, kemungkinan kesalahan input sistem.",Tim data engineering perlu memperbaiki flow pipeline ingestion untuk capping nilai ekstrem.
211400.0,cluster_1,Tipe B - Rare but Valid,REGION_RATING_CLIENT_W_CITY=-2.04 (34.6x dari median) | EXT_SOURCE_2=1.36 (12.3x dari median) | BUREAU_DAYS_CREDIT_MEAN=1.45 (9.3x dari median) | AMT_INCOME_TOTAL=2.47 (6.7x dari median) | PREV_APPROVAL_RATE=-2.34 (6.7x dari median),Keadaan ekstrem secara statistik namun masih masuk secara logika riil (Tail-end customer).,"Berpeluang cross-selling khusus untuk Very High Net Worth Individual, bila bukan risiko gagal bayar."
211479.0,cluster_3,Tipe A - Data Error,EXT_SOURCE_1=1.01 (73.8x dari median) | OWN_CAR_AGE=6.68 (15.7x dari median) | BUREAU_DAYS_CREDIT_MEAN=-0.84 (8.5x dari median) | CNT_CHILDREN=2.21 (4.8x dari median) | EXT_SOURCE_3=0.63 (4.7x dari median),"Deviasi fitur lebih dari 50x median klaster, kemungkinan kesalahan input sistem.",Tim data engineering perlu memperbaiki flow pipeline ingestion untuk capping nilai ekstrem.
211510.0,cluster_4,Tipe A - Data Error,CC_SK_DPD_MEAN=12.55 (253.1x dari median) | POS_SK_DPD_MEAN=26.57 (134.2x dari median) | BUREAU_ACTIVE_RATIO=1.25 (22.2x dari median) | CREDIT_TERM_MONTHS=1.27 (17.8x dari median) | PREV_APPROVAL_RATE=-0.69 (12.1x dari median),"Deviasi fitur lebih dari 50x median klaster, kemungkinan kesalahan input sistem.",Tim data engineering perlu memperbaiki flow pipeline ingestion untuk capping nilai ekstrem.
211652.0,cluster_4,Tipe A - Data Error,CC_SK_DPD_MEAN=7.37 (149.0x dari median) | BUREAU_ACTIVE_RATIO=2.03 (35.5x dari median) | REGION_RATING_CLIENT_W_CITY=1.92 (34.6x dari median) | CREDIT_TERM_MONTHS=1.67 (23.2x dari median) | EXT_SOURCE_2=-2.30 (12.6x dari median),"Deviasi fitur lebih dari 50x median klaster, kemungkinan kesalahan input sistem.",Tim data engineering perlu memperbaiki flow pipeline ingestion untuk capping nilai ekstrem.
211892.0,cluster_0,Tipe A - Data Error,EXT_SOURCE_3=0.36 (167.5x dari median) | EXT_SOURCE_1=1.87 (137.8x dari median) | REGION_RATING_CLIENT_W_CITY=-2.04 (34.6x dari median) | BUREAU_ACTIVE_RATIO=0.99 (17.7x dari median) | POS_MONTHS_COUNT=3.55 (10.1x dari median),"Deviasi fitur lebih dari 50x median klaster, kemungkinan kesalahan input sistem.",Tim data engineering perlu memperbaiki flow pipeline ingestion untuk capping nilai ekstrem.
211981.0,cluster_1,Tipe A - Data Error,EXT_SOURCE_1=-2.25 (168.3x dari median) | OWN_CAR_AGE=6.68 (15.7x dari median) | BUREAU_DAYS_CREDIT_MEAN=1.45 (9.3x dari median) | YEARS_BIRTH=-1.87 (9.0x dari median) | EXT_SOURCE_2=-0.72 (8.0x dari median),"Deviasi fitur lebih dari 50x median klaster, kemungkinan kesalahan input sistem.",Tim data engineering perlu memperbaiki flow pipeline ingestion untuk capping nilai ekstrem.
212863.0,cluster_2,Tipe A - Data Error,EXT_SOURCE_1=1.43 (105.6x dari median) | POS_MONTHS_COUNT=1.93 (50.7x dari median) | REGION_RATING_CLIENT_W_CITY=1.92 (34.6x dari median) | BUREAU_DEBT_TO_CREDIT_RATIO=1.63 (21.1x dari median) | AMT_INCOME_TOTAL=-1.66 (16.2x dari median),"Deviasi fitur lebih dari 50x median klaster, kemungkinan kesalahan input sistem.",Tim data engineering perlu memperbaiki flow pipeline ingestion untuk capping nilai ekstrem.
212993.0,cluster_4,Tipe B - Rare but Valid,REGION_RATING_CLIENT_W_CITY=1.92 (34.6x dari median) | PREV_APPROVAL_RATE=0.96 (19.4x dari median) | BUREAU_ACTIVE_RATIO=-1.11 (17.7x dari median) | AMT_ANNUITY=-0.80 (10.6x dari median) | BUREAU_DAYS_CREDIT_MEAN=1.45 (10.5x dari median),Keadaan ekstrem secara statistik namun masih masuk secara logika riil (Tail-end customer).,"Berpeluang cross-selling khusus untuk Very High Net Worth Individual, bila bukan risiko gagal bayar."
213250.0,cluster_1,Tipe B - Rare but Valid,OWN_CAR_AGE=6.68 (15.7x dari median) | BUREAU_DAYS_CREDIT_MEAN=1.45 (9.3x dari median) | EXT_SOURCE_2=0.87 (7.5x dari median) | BUREAU_ACTIVE_RATIO=-1.11 (4.3x dari median) | AMT_INCOME_TOTAL=0.73 (2.7x dari median),Keadaan ekstrem secara statistik namun masih masuk secara logika riil (Tail-end customer).,"Berpeluang cross-selling khusus untuk Very High Net Worth Individual, bila bukan risiko gagal bayar."
214109.0,cluster_4,Tipe B - Rare but Valid,CREDIT_TERM_MONTHS=-1.62 (20.5x dari median) | PREV_APPROVAL_RATE=0.96 (19.4x dari median) | BUREAU_ACTIVE_RATIO=-1.11 (17.7x dari median) | AMT_CREDIT=-1.73 (13.0x dari median) | EXT_SOURCE_2=-2.03 (11.3x dari median),Keadaan ekstrem secara statistik namun masih masuk secara logika riil (Tail-end customer).,"Berpeluang cross-selling khusus untuk Very High Net Worth Individual, bila bukan risiko gagal bayar."
214674.0,cluster_1,Tipe A - Data Error,EXT_SOURCE_1=2.27 (167.4x dari median) | REGION_RATING_CLIENT_W_CITY=-2.04 (34.6x dari median) | EXT_SOURCE_2=1.24 (11.0x dari median) | EXT_SOURCE_3=0.93 (7.3x dari median) | YEARS_BIRTH=0.80 (5.3x dari median),"Deviasi fitur lebih dari 50x median klaster, kemungkinan kesalahan input sistem.",Tim data engineering perlu memperbaiki flow pipeline ingestion untuk capping nilai ekstrem.
214684.0,cluster_2,Tipe A - Data Error,EXT_SOURCE_1=2.80 (206.8x dari median) | YEARS_BIRTH=1.40 (45.8x dari median) | CREDIT_TERM_MONTHS=1.97 (38.4x dari median) | REGION_RATING_CLIENT_W_CITY=-2.04 (34.6x dari median) | BUREAU_DEBT_TO_CREDIT_RATIO=1.30 (17.0x dari median),"Deviasi fitur lebih dari 50x median klaster, kemungkinan kesalahan input sistem.",Tim data engineering perlu memperbaiki flow pipeline ingestion untuk capping nilai ekstrem.
214945.0,cluster_3,Tipe B - Rare but Valid,REGION_RATING_CLIENT_W_CITY=1.92 (34.6x dari median) | OWN_CAR_AGE=6.68 (15.7x dari median) | CNT_CHILDREN=3.60 (7.2x dari median) | EXT_SOURCE_2=-0.99 (4.8x dari median) | CC_UTILIZATION_MAX=1.50 (4.2x dari median),Keadaan ekstrem secara statistik namun masih masuk secara logika riil (Tail-end customer).,"Berpeluang cross-selling khusus untuk Very High Net Worth Individual, bila bukan risiko gagal bayar."
215228.0,cluster_1,Tipe B - Rare but Valid,BUREAU_ACTIVE_RATIO=2.03 (10.8x dari median) | EXT_SOURCE_2=0.76 (6.4x dari median) | YEARS_BIRTH=-1.31 (6.0x dari median) | BUREAU_DAYS_CREDIT_MEAN=0.90 (5.4x dari median) | PREV_APPROVAL_RATE=0.96 (1.3x dari median),Keadaan ekstrem secara statistik namun masih masuk secara logika riil (Tail-end customer).,"Berpeluang cross-selling khusus untuk Very High Net Worth Individual, bila bukan risiko gagal bayar."
215381.0,cluster_2,Tipe A - Data Error,EXT_SOURCE_1=1.21 (88.6x dari median) | BUREAU_ACTIVE_RATIO=2.03 (35.5x dari median) | YEARS_BIRTH=-0.93 (28.9x dari median) | POS_MONTHS_COUNT=-0.85 (23.7x dari median) | BUREAU_DAYS_CREDIT_MEAN=1.40 (20.1x dari median),"Deviasi fitur lebih dari 50x median klaster, kemungkinan kesalahan input sistem.",Tim data engineering perlu memperbaiki flow pipeline ingestion untuk capping nilai ekstrem.
215748.0,cluster_0,Tipe A - Data Error,EXT_SOURCE_3=1.49 (697.4x dari median) | PREV_REFUSED_COUNT=4.56 (43.5x dari median) | YEARS_EMPLOYED=3.17 (22.8x dari median) | BUREAU_ACTIVE_RATIO=-1.11 (17.7x dari median) | BUREAU_DAYS_CREDIT_MEAN=-2.51 (7.5x dari median),"Deviasi fitur lebih dari 50x median klaster, kemungkinan kesalahan input sistem.",Tim data engineering perlu memperbaiki flow pipeline ingestion untuk capping nilai ekstrem.
215866.0,cluster_2,Tipe B - Rare but Valid,POS_MONTHS_COUNT=1.53 (39.9x dari median) | EXT_SOURCE_1=0.54 (39.2x dari median) | YEARS_BIRTH=1.17 (38.4x dari median) | CREDIT_TERM_MONTHS=1.30 (25.7x dari median) | BUREAU_DAYS_CREDIT_MEAN=0.62 (9.5x dari median),Keadaan ekstrem secara statistik namun masih masuk secara logika riil (Tail-end customer).,"Berpeluang cross-selling khusus untuk Very High Net Worth Individual, bila bukan risiko gagal bayar."
216791.0,cluster_3,Tipe A - Data Error,EXT_SOURCE_1=1.63 (120.4x dari median) | BUREAU_DAYS_CREDIT_MEAN=-2.80 (25.8x dari median) | YEARS_EMPLOYED=3.96 (13.6x dari median) | EXT_SOURCE_3=-1.13 (11.1x dari median) | YEARS_BIRTH=0.85 (7.7x dari median),"Deviasi fitur lebih dari 50x median klaster, kemungkinan kesalahan input sistem.",Tim data engineering perlu memperbaiki flow pipeline ingestion untuk capping nilai ekstrem.
217159.0,cluster_1,Tipe B - Rare but Valid,REGION_RATING_CLIENT_W_CITY=-2.04 (34.6x dari median) | EXT_SOURCE_1=0.46 (33.4x dari median) | BUREAU_DAYS_CREDIT_MEAN=1.45 (9.3x dari median) | YEARS_BIRTH=-1.91 (9.2x dari median) | PREV_APPROVAL_RATE=-2.34 (6.7x dari median),Keadaan ekstrem secara statistik namun masih masuk secara logika riil (Tail-end customer).,"Berpeluang cross-selling khusus untuk Very High Net Worth Individual, bila bukan risiko gagal bayar."
217233.0,cluster_4,Tipe B - Rare but Valid,BUREAU_ACTIVE_RATIO=0.78 (14.2x dari median) | EXT_SOURCE_3=1.48 (12.3x dari median) | YEARS_BIRTH=-1.27 (11.0x dari median) | ANNUITY_TO_INCOME=-1.08 (10.8x dari median) | AMT_ANNUITY=-0.71 (9.4x dari median),Keadaan ekstrem secara statistik namun masih masuk secara logika riil (Tail-end customer).,"Berpeluang cross-selling khusus untuk Very High Net Worth Individual, bila bukan risiko gagal bayar."
217235.0,cluster_1,Tipe B - Rare but Valid,BUREAU_DAYS_CREDIT_MEAN=-2.31 (17.3x dari median) | EXT_SOURCE_2=1.17 (10.4x dari median) | CNT_CHILDREN=2.21 (4.8x dari median) | AMT_INCOME_TOTAL=1.24 (3.9x dari median) | EXT_SOURCE_3=0.54 (3.8x dari median),Keadaan ekstrem secara statistik namun masih masuk secara logika riil (Tail-end customer).,"Berpeluang cross-selling khusus untuk Very High Net Worth Individual, bila bukan risiko gagal bayar."
217638.0,cluster_1,Tipe B - Rare but Valid,YEARS_EMPLOYED=3.83 (9.6x dari median) | BUREAU_DAYS_CREDIT_MEAN=1.45 (9.3x dari median) | PREV_APPROVAL_RATE=-2.34 (6.7x dari median) | YEARS_BIRTH=0.83 (5.4x dari median) | OWN_CAR_AGE=1.66 (4.7x dari median),Keadaan ekstrem secara statistik namun masih masuk secara logika riil (Tail-end customer).,"Berpeluang cross-selling khusus untuk Very High Net Worth Individual, bila bukan risiko gagal bayar."
217835.0,cluster_2,Tipe A - Data Error,EXT_SOURCE_1=-1.15 (86.4x dari median) | BUREAU_ACTIVE_RATIO=2.03 (35.5x dari median) | BUREAU_DEBT_TO_CREDIT_RATIO=1.59 (20.5x dari median) | AMT_REQ_CREDIT_BUREAU_YEAR=2.43 (18.5x dari median) | BUREAU_DAYS_CREDIT_MEAN=0.72 (10.9x dari median),"Deviasi fitur lebih dari 50x median klaster, kemungkinan kesalahan input sistem.",Tim data engineering perlu memperbaiki flow pipeline ingestion untuk capping nilai ekstrem.
218263.0,cluster_2,Tipe B - Rare but Valid,BUREAU_BB_DPD_RATIO_MEAN=3.61 (19.6x dari median) | AMT_REQ_CREDIT_BUREAU_YEAR=2.43 (18.5x dari median) | CREDIT_TERM_MONTHS=0.71 (14.5x dari median) | BUREAU_DEBT_TO_CREDIT_RATIO=0.82 (11.1x dari median) | BUREAU_DAYS_CREDIT_MEAN=0.65 (9.9x dari median),Keadaan ekstrem secara statistik namun masih masuk secara logika riil (Tail-end customer).,"Berpeluang cross-selling khusus untuk Very High Net Worth Individual, bila bukan risiko gagal bayar."
218420.0,cluster_2,Tipe A - Data Error,EXT_SOURCE_1=0.84 (61.3x dari median) | INST_DPD_MAX=4.28 (42.1x dari median) | INST_SEVERE_LATE_RATIO=3.72 (23.1x dari median) | POS_MONTHS_COUNT=0.80 (20.5x dari median) | BUREAU_DEBT_TO_CREDIT_RATIO=1.54 (20.0x dari median),"Deviasi fitur lebih dari 50x median klaster, kemungkinan kesalahan input sistem.",Tim data engineering perlu memperbaiki flow pipeline ingestion untuk capping nilai ekstrem.
218649.0,cluster_2,Tipe B - Rare but Valid,REGION_RATING_CLIENT_W_CITY=-2.04 (34.6x dari median) | AMT_INCOME_TOTAL=2.39 (20.9x dari median) | BUREAU_COUNT=3.34 (19.6x dari median) | POS_MONTHS_COUNT=0.76 (19.4x dari median) | EXT_SOURCE_3=-1.12 (11.1x dari median),Keadaan ekstrem secara statistik namun masih masuk secara logika riil (Tail-end customer).,"Berpeluang cross-selling khusus untuk Very High Net Worth Individual, bila bukan risiko gagal bayar."
218779.0,cluster_3,Tipe B - Rare but Valid,REGION_RATING_CLIENT_W_CITY=1.92 (34.6x dari median) | INST_SEVERE_LATE_RATIO=3.37 (21.0x dari median) | EXT_SOURCE_2=-2.02 (8.7x dari median) | INST_LATE_RATIO=3.80 (7.1x dari median) | EXT_SOURCE_3=-0.62 (6.5x dari median),Keadaan ekstrem secara statistik namun masih masuk secara logika riil (Tail-end customer).,"Berpeluang cross-selling khusus untuk Very High Net Worth Individual, bila bukan risiko gagal bayar."
219141.0,cluster_2,Tipe A - Data Error,EXT_SOURCE_1=-0.70 (52.9x dari median) | CREDIT_TERM_MONTHS=1.27 (25.1x dari median) | POS_MONTHS_COUNT=0.72 (18.4x dari median) | BUREAU_COUNT=3.12 (18.3x dari median) | BUREAU_ACTIVE_RATIO=0.88 (15.9x dari median),"Deviasi fitur lebih dari 50x median klaster, kemungkinan kesalahan input sistem.",Tim data engineering perlu memperbaiki flow pipeline ingestion untuk capping nilai ekstrem.
219260.0,cluster_0,Tipe A - Data Error,EXT_SOURCE_3=0.53 (246.9x dari median) | OWN_CAR_AGE=6.68 (15.7x dari median) | YEARS_EMPLOYED=1.46 (11.0x dari median) | BUREAU_DEBT_TO_CREDIT_RATIO=-0.59 (7.4x dari median) | CREDIT_TERM_MONTHS=0.32 (7.2x dari median),"Deviasi fitur lebih dari 50x median klaster, kemungkinan kesalahan input sistem.",Tim data engineering perlu memperbaiki flow pipeline ingestion untuk capping nilai ekstrem.
219615.0,cluster_2,Tipe A - Data Error,EXT_SOURCE_1=1.89 (139.1x dari median) | POS_MONTHS_COUNT=1.53 (39.9x dari median) | REGION_RATING_CLIENT_W_CITY=-2.04 (34.6x dari median) | BUREAU_DAYS_CREDIT_MEAN=1.45 (20.8x dari median) | YEARS_BIRTH=0.59 (19.8x dari median),"Deviasi fitur lebih dari 50x median klaster, kemungkinan kesalahan input sistem.",Tim data engineering perlu memperbaiki flow pipeline ingestion untuk capping nilai ekstrem.
219650.0,cluster_2,Tipe A - Data Error,EXT_SOURCE_1=1.98 (146.3x dari median) | POS_MONTHS_COUNT=3.43 (90.7x dari median) | YEARS_BIRTH=0.89 (29.4x dari median) | AMT_REQ_CREDIT_BUREAU_YEAR=3.00 (23.2x dari median) | INST_DPD_MAX=1.96 (19.8x dari median),"Deviasi fitur lebih dari 50x median klaster, kemungkinan kesalahan input sistem.",Tim data engineering perlu memperbaiki flow pipeline ingestion untuk capping nilai ekstrem.
220062.0,cluster_1,Tipe B - Rare but Valid,REGION_RATING_CLIENT_W_CITY=1.92 (34.6x dari median) | INST_SEVERE_LATE_RATIO=3.82 (23.7x dari median) | EXT_SOURCE_2=-2.18 (22.1x dari median) | INST_LATE_RATIO=7.12 (12.3x dari median) | INST_DPD_MEAN=0.97 (9.6x dari median),Keadaan ekstrem secara statistik namun masih masuk secara logika riil (Tail-end customer).,"Berpeluang cross-selling khusus untuk Very High Net Worth Individual, bila bukan risiko gagal bayar."
220092.0,cluster_1,Tipe B - Rare but Valid,INST_DPD_MAX=5.13 (32.9x dari median) | POS_SK_DPD_MEAN=1.79 (26.6x dari median) | INST_DPD_MEAN=2.13 (19.8x dari median) | EXT_SOURCE_3=1.69 (14.2x dari median) | BUREAU_DAYS_CREDIT_MEAN=-1.55 (12.0x dari median),Keadaan ekstrem secara statistik namun masih masuk secara logika riil (Tail-end customer).,"Berpeluang cross-selling khusus untuk Very High Net Worth Individual, bila bukan risiko gagal bayar."
221109.0,cluster_2,Tipe B - Rare but Valid,BUREAU_ACTIVE_RATIO=0.99 (17.7x dari median) | POS_MONTHS_COUNT=-0.45 (13.0x dari median) | YEARS_BIRTH=0.36 (12.5x dari median) | BUREAU_DAYS_CREDIT_MEAN=-0.92 (11.5x dari median) | PREV_APPROVAL_RATE=-1.68 (11.3x dari median),Keadaan ekstrem secara statistik namun masih masuk secara logika riil (Tail-end customer).,"Berpeluang cross-selling khusus untuk Very High Net Worth Individual, bila bukan risiko gagal bayar."
221168.0,cluster_2,Tipe A - Data Error,BUREAU_BB_SEVERE_DPD_MEAN=6.84 (134.5x dari median) | EXT_SOURCE_1=1.53 (112.7x dari median) | BUREAU_DAYS_CREDIT_MEAN=-1.62 (21.1x dari median) | BUREAU_BB_DPD_RATIO_MEAN=3.89 (21.0x dari median) | POS_MONTHS_COUNT=-0.69 (19.4x dari median),"Deviasi fitur lebih dari 50x median klaster, kemungkinan kesalahan input sistem.",Tim data engineering perlu memperbaiki flow pipeline ingestion untuk capping nilai ekstrem.
221792.0,cluster_3,Tipe A - Data Error,EXT_SOURCE_1=1.97 (145.5x dari median) | YEARS_EMPLOYED=3.26 (11.4x dari median) | AMT_INCOME_TOTAL=-1.66 (10.5x dari median) | ANNUITY_TO_INCOME=3.74 (6.5x dari median) | BUREAU_DAYS_CREDIT_MEAN=-0.38 (4.4x dari median),"Deviasi fitur lebih dari 50x median klaster, kemungkinan kesalahan input sistem.",Tim data engineering perlu memperbaiki flow pipeline ingestion untuk capping nilai ekstrem.
222023.0,cluster_4,Tipe A - Data Error,CC_SK_DPD_MEAN=6.94 (140.4x dari median) | EXT_SOURCE_1=1.09 (79.9x dari median) | REGION_RATING_CLIENT_W_CITY=-2.04 (34.6x dari median) | PREV_APPROVAL_RATE=0.96 (19.4x dari median) | BUREAU_COUNT=2.68 (15.9x dari median),"Deviasi fitur lebih dari 50x median klaster, kemungkinan kesalahan input sistem.",Tim data engineering perlu memperbaiki flow pipeline ingestion untuk capping nilai ekstrem.
222136.0,cluster_4,Tipe B - Rare but Valid,POS_SK_DPD_MEAN=9.74 (48.6x dari median) | ANNUITY_TO_INCOME=1.24 (14.6x dari median) | EXT_SOURCE_1=0.20 (13.9x dari median) | CREDIT_TO_INCOME=1.38 (9.8x dari median) | CREDIT_TERM_MONTHS=0.52 (8.0x dari median),Keadaan ekstrem secara statistik namun masih masuk secara logika riil (Tail-end customer).,"Berpeluang cross-selling khusus untuk Very High Net Worth Individual, bila bukan risiko gagal bayar."
222258.0,cluster_4,Tipe A - Data Error,CC_SK_DPD_MEAN=4.20 (85.3x dari median) | EXT_SOURCE_1=0.83 (60.7x dari median) | CREDIT_TERM_MONTHS=1.27 (17.8x dari median) | ANNUITY_TO_INCOME=1.34 (15.7x dari median) | CREDIT_TO_INCOME=2.15 (14.7x dari median),"Deviasi fitur lebih dari 50x median klaster, kemungkinan kesalahan input sistem.",Tim data engineering perlu memperbaiki flow pipeline ingestion untuk capping nilai ekstrem.
222410.0,cluster_1,Tipe A - Data Error,EXT_SOURCE_1=1.82 (134.3x dari median) | REGION_RATING_CLIENT_W_CITY=-2.04 (34.6x dari median) | INST_SEVERE_LATE_RATIO=5.15 (31.6x dari median) | BUREAU_BB_SEVERE_DPD_MEAN=1.37 (27.7x dari median) | INST_DPD_MEAN=2.18 (20.2x dari median),"Deviasi fitur lebih dari 50x median klaster, kemungkinan kesalahan input sistem.",Tim data engineering perlu memperbaiki flow pipeline ingestion untuk capping nilai ekstrem.
222587.0,cluster_3,Tipe A - Data Error,EXT_SOURCE_1=-1.07 (80.7x dari median) | BUREAU_BB_DPD_RATIO_MEAN=12.09 (63.2x dari median) | INST_DPD_MAX=2.99 (19.6x dari median) | INST_DPD_MEAN=1.59 (15.0x dari median) | POS_SK_DPD_MEAN=0.93 (14.3x dari median),"Deviasi fitur lebih dari 50x median klaster, kemungkinan kesalahan input sistem.",Tim data engineering perlu memperbaiki flow pipeline ingestion untuk capping nilai ekstrem.
222816.0,cluster_4,Tipe A - Data Error,CC_SK_DPD_MEAN=2.82 (57.6x dari median) | REGION_RATING_CLIENT_W_CITY=1.92 (34.6x dari median) | CREDIT_TERM_MONTHS=1.67 (23.2x dari median) | PREV_APPROVAL_RATE=0.96 (19.4x dari median) | EXT_SOURCE_1=0.26 (18.4x dari median),"Deviasi fitur lebih dari 50x median klaster, kemungkinan kesalahan input sistem.",Tim data engineering perlu memperbaiki flow pipeline ingestion untuk capping nilai ekstrem.
223708.0,cluster_4,Tipe A - Data Error,CC_SK_DPD_MEAN=8.29 (167.6x dari median) | BUREAU_ACTIVE_RATIO=2.03 (35.5x dari median) | CREDIT_TERM_MONTHS=1.27 (17.8x dari median) | CC_MONTHS_COUNT=3.45 (8.9x dari median) | CC_UTILIZATION_MAX=2.11 (5.5x dari median),"Deviasi fitur lebih dari 50x median klaster, kemungkinan kesalahan input sistem.",Tim data engineering perlu memperbaiki flow pipeline ingestion untuk capping nilai ekstrem.
223735.0,cluster_4,Tipe A - Data Error,EXT_SOURCE_1=-2.47 (184.1x dari median) | CC_SK_DPD_MEAN=6.23 (126.1x dari median) | CREDIT_TERM_MONTHS=1.70 (23.5x dari median) | CREDIT_TO_INCOME=1.64 (11.5x dari median) | YEARS_BIRTH=-1.04 (9.2x dari median),"Deviasi fitur lebih dari 50x median klaster, kemungkinan kesalahan input sistem.",Tim data engineering perlu memperbaiki flow pipeline ingestion untuk capping nilai ekstrem.
224138.0,cluster_4,Tipe B - Rare but Valid,PREV_APPROVAL_RATE=0.96 (19.4x dari median) | AMT_ANNUITY=-1.43 (18.0x dari median) | EXT_SOURCE_3=1.80 (15.2x dari median) | YEARS_EMPLOYED=4.04 (12.9x dari median) | BUREAU_ACTIVE_RATIO=0.46 (8.9x dari median),Keadaan ekstrem secara statistik namun masih masuk secara logika riil (Tail-end customer).,"Berpeluang cross-selling khusus untuk Very High Net Worth Individual, bila bukan risiko gagal bayar."
224386.0,cluster_1,Tipe A - Data Error,EXT_SOURCE_1=-1.66 (124.3x dari median) | REGION_RATING_CLIENT_W_CITY=1.92 (34.6x dari median) | INST_SEVERE_LATE_RATIO=5.15 (31.6x dari median) | EXT_SOURCE_2=-0.94 (10.2x dari median) | BUREAU_ACTIVE_RATIO=0.99 (5.7x dari median),"Deviasi fitur lebih dari 50x median klaster, kemungkinan kesalahan input sistem.",Tim data engineering perlu memperbaiki flow pipeline ingestion untuk capping nilai ekstrem.
224754.0,cluster_2,Tipe A - Data Error,EXT_SOURCE_1=-1.44 (108.0x dari median) | YEARS_BIRTH=-1.59 (50.0x dari median) | POS_MONTHS_COUNT=1.81 (47.5x dari median) | REGION_RATING_CLIENT_W_CITY=-2.04 (34.6x dari median) | PREV_REFUSED_COUNT=9.02 (20.8x dari median),"Deviasi fitur lebih dari 50x median klaster, kemungkinan kesalahan input sistem.",Tim data engineering perlu memperbaiki flow pipeline ingestion untuk capping nilai ekstrem.
224921.0,cluster_2,Tipe A - Data Error,POS_MONTHS_COUNT=2.06 (54.0x dari median) | REGION_RATING_CLIENT_W_CITY=-2.04 (34.6x dari median) | YEARS_EMPLOYED=3.62 (18.0x dari median) | YEARS_BIRTH=0.47 (16.1x dari median) | AMT_REQ_CREDIT_BUREAU_YEAR=1.85 (13.9x dari median),"Deviasi fitur lebih dari 50x median klaster, kemungkinan kesalahan input sistem.",Tim data engineering perlu memperbaiki flow pipeline ingestion untuk capping nilai ekstrem.
225339.0,cluster_4,Tipe A - Data Error,POS_SK_DPD_MEAN=22.95 (115.8x dari median) | REGION_RATING_CLIENT_W_CITY=-2.04 (34.6x dari median) | AMT_ANNUITY=2.54 (29.3x dari median) | PREV_APPROVAL_RATE=0.96 (19.4x dari median) | BUREAU_ACTIVE_RATIO=-1.11 (17.7x dari median),"Deviasi fitur lebih dari 50x median klaster, kemungkinan kesalahan input sistem.",Tim data engineering perlu memperbaiki flow pipeline ingestion untuk capping nilai ekstrem.
225382.0,cluster_2,Tipe A - Data Error,EXT_SOURCE_1=2.63 (194.1x dari median) | BUREAU_DAYS_CREDIT_MEAN=1.45 (20.8x dari median) | POS_MONTHS_COUNT=-0.69 (19.4x dari median) | BUREAU_ACTIVE_RATIO=-1.11 (17.7x dari median) | CREDIT_TERM_MONTHS=0.85 (17.2x dari median),"Deviasi fitur lebih dari 50x median klaster, kemungkinan kesalahan input sistem.",Tim data engineering perlu memperbaiki flow pipeline ingestion untuk capping nilai ekstrem.
225762.0,cluster_2,Tipe A - Data Error,EXT_SOURCE_1=1.30 (95.9x dari median) | INST_SEVERE_LATE_RATIO=3.37 (21.0x dari median) | YEARS_BIRTH=-0.62 (18.8x dari median) | CREDIT_TERM_MONTHS=0.85 (17.2x dari median) | AMT_REQ_CREDIT_BUREAU_YEAR=1.85 (13.9x dari median),"Deviasi fitur lebih dari 50x median klaster, kemungkinan kesalahan input sistem.",Tim data engineering perlu memperbaiki flow pipeline ingestion untuk capping nilai ekstrem.
226243.0,cluster_2,Tipe A - Data Error,EXT_SOURCE_1=1.90 (140.0x dari median) | POS_MONTHS_COUNT=2.54 (66.9x dari median) | YEARS_BIRTH=1.44 (47.0x dari median) | BUREAU_ACTIVE_RATIO=2.03 (35.5x dari median) | BUREAU_BB_DPD_RATIO_MEAN=6.53 (34.6x dari median),"Deviasi fitur lebih dari 50x median klaster, kemungkinan kesalahan input sistem.",Tim data engineering perlu memperbaiki flow pipeline ingestion untuk capping nilai ekstrem.
226910.0,cluster_2,Tipe B - Rare but Valid,BUREAU_ACTIVE_RATIO=2.03 (35.5x dari median) | REGION_RATING_CLIENT_W_CITY=-2.04 (34.6x dari median) | EXT_SOURCE_3=-2.03 (19.3x dari median) | AMT_INCOME_TOTAL=2.20 (19.1x dari median) | POS_MONTHS_COUNT=0.60 (15.1x dari median),Keadaan ekstrem secara statistik namun masih masuk secara logika riil (Tail-end customer).,"Berpeluang cross-selling khusus untuk Very High Net Worth Individual, bila bukan risiko gagal bayar."
226977.0,cluster_4,Tipe A - Data Error,CC_SK_DPD_MEAN=9.87 (199.2x dari median) | EXT_SOURCE_1=-0.81 (61.4x dari median) | REGION_RATING_CLIENT_W_CITY=-2.04 (34.6x dari median) | BUREAU_ACTIVE_RATIO=-1.11 (17.7x dari median) | CREDIT_TERM_MONTHS=1.19 (16.8x dari median),"Deviasi fitur lebih dari 50x median klaster, kemungkinan kesalahan input sistem.",Tim data engineering perlu memperbaiki flow pipeline ingestion untuk capping nilai ekstrem.
227023.0,cluster_2,Tipe A - Data Error,EXT_SOURCE_1=-2.43 (181.6x dari median) | YEARS_BIRTH=-1.21 (37.7x dari median) | REGION_RATING_CLIENT_W_CITY=1.92 (34.6x dari median) | BUREAU_DEBT_TO_CREDIT_RATIO=1.41 (18.4x dari median) | BUREAU_ACTIVE_RATIO=0.99 (17.7x dari median),"Deviasi fitur lebih dari 50x median klaster, kemungkinan kesalahan input sistem.",Tim data engineering perlu memperbaiki flow pipeline ingestion untuk capping nilai ekstrem.
227113.0,cluster_2,Tipe A - Data Error,EXT_SOURCE_1=-1.88 (140.6x dari median) | YEARS_BIRTH=-1.37 (42.8x dari median) | AMT_REQ_CREDIT_BUREAU_YEAR=3.58 (27.8x dari median) | AMT_INCOME_TOTAL=-2.51 (24.0x dari median) | PREV_COUNT=6.89 (21.3x dari median),"Deviasi fitur lebih dari 50x median klaster, kemungkinan kesalahan input sistem.",Tim data engineering perlu memperbaiki flow pipeline ingestion untuk capping nilai ekstrem.
227173.0,cluster_2,Tipe A - Data Error,EXT_SOURCE_1=0.84 (61.4x dari median) | POS_MONTHS_COUNT=0.93 (23.7x dari median) | EXT_SOURCE_3=-2.42 (22.7x dari median) | CREDIT_TERM_MONTHS=-1.08 (19.4x dari median) | BUREAU_DEBT_TO_CREDIT_RATIO=1.12 (14.7x dari median),"Deviasi fitur lebih dari 50x median klaster, kemungkinan kesalahan input sistem.",Tim data engineering perlu memperbaiki flow pipeline ingestion untuk capping nilai ekstrem.
227347.0,cluster_3,Tipe A - Data Error,EXT_SOURCE_1=0.84 (61.5x dari median) | OWN_CAR_AGE=6.68 (15.7x dari median) | EXT_SOURCE_3=-1.40 (13.5x dari median) | BUREAU_DAYS_CREDIT_MEAN=-1.27 (12.2x dari median) | AMT_INCOME_TOTAL=-1.59 (10.0x dari median),"Deviasi fitur lebih dari 50x median klaster, kemungkinan kesalahan input sistem.",Tim data engineering perlu memperbaiki flow pipeline ingestion untuk capping nilai ekstrem.
227382.0,cluster_0,Tipe A - Data Error,EXT_SOURCE_3=0.11 (53.0x dari median) | CREDIT_TERM_MONTHS=1.68 (33.1x dari median) | INST_SEVERE_LATE_RATIO=4.74 (29.1x dari median) | INST_DPD_MAX=2.19 (16.5x dari median) | INST_DPD_MEAN=1.22 (12.9x dari median),"Deviasi fitur lebih dari 50x median klaster, kemungkinan kesalahan input sistem.",Tim data engineering perlu memperbaiki flow pipeline ingestion untuk capping nilai ekstrem.
227460.0,cluster_2,Tipe B - Rare but Valid,POS_MONTHS_COUNT=1.61 (42.1x dari median) | INST_DPD_MAX=3.59 (35.5x dari median) | BUREAU_ACTIVE_RATIO=2.03 (35.5x dari median) | YEARS_BIRTH=-0.58 (17.6x dari median) | CREDIT_TERM_MONTHS=-0.94 (16.8x dari median),Keadaan ekstrem secara statistik namun masih masuk secara logika riil (Tail-end customer).,"Berpeluang cross-selling khusus untuk Very High Net Worth Individual, bila bukan risiko gagal bayar."
228439.0,cluster_4,Tipe A - Data Error,EXT_SOURCE_1=-2.04 (152.6x dari median) | PREV_APPROVAL_RATE=-2.34 (43.7x dari median) | BUREAU_ACTIVE_RATIO=-1.11 (17.7x dari median) | CREDIT_TERM_MONTHS=-1.31 (16.4x dari median) | AMT_ANNUITY=1.21 (13.4x dari median),"Deviasi fitur lebih dari 50x median klaster, kemungkinan kesalahan input sistem.",Tim data engineering perlu memperbaiki flow pipeline ingestion untuk capping nilai ekstrem.
228719.0,cluster_2,Tipe A - Data Error,EXT_SOURCE_1=2.31 (170.7x dari median) | CREDIT_TERM_MONTHS=1.96 (38.2x dari median) | REGION_RATING_CLIENT_W_CITY=-2.04 (34.6x dari median) | BUREAU_DAYS_CREDIT_MEAN=1.45 (20.8x dari median) | BUREAU_ACTIVE_RATIO=-1.11 (17.7x dari median),"Deviasi fitur lebih dari 50x median klaster, kemungkinan kesalahan input sistem.",Tim data engineering perlu memperbaiki flow pipeline ingestion untuk capping nilai ekstrem.
229227.0,cluster_2,Tipe A - Data Error,EXT_SOURCE_1=1.46 (107.3x dari median) | YEARS_BIRTH=1.63 (53.1x dari median) | INST_DPD_MAX=3.72 (36.7x dari median) | POS_MONTHS_COUNT=1.29 (33.5x dari median) | EXT_SOURCE_3=-2.22 (21.0x dari median),"Deviasi fitur lebih dari 50x median klaster, kemungkinan kesalahan input sistem.",Tim data engineering perlu memperbaiki flow pipeline ingestion untuk capping nilai ekstrem.
229247.0,cluster_3,Tipe A - Data Error,EXT_SOURCE_1=-2.20 (164.3x dari median) | EXT_SOURCE_3=-1.77 (16.9x dari median) | BUREAU_ACTIVE_RATIO=2.03 (13.4x dari median) | YEARS_BIRTH=-1.69 (12.5x dari median) | BUREAU_DAYS_CREDIT_MEAN=1.06 (8.4x dari median),"Deviasi fitur lebih dari 50x median klaster, kemungkinan kesalahan input sistem.",Tim data engineering perlu memperbaiki flow pipeline ingestion untuk capping nilai ekstrem.
229467.0,cluster_0,Tipe A - Data Error,EXT_SOURCE_3=0.30 (139.1x dari median) | EXT_SOURCE_1=0.71 (52.1x dari median) | PREV_REFUSED_COUNT=4.56 (43.5x dari median) | BUREAU_DEBT_TO_CREDIT_RATIO=-0.50 (6.2x dari median) | INST_LATE_RATIO=1.39 (5.6x dari median),"Deviasi fitur lebih dari 50x median klaster, kemungkinan kesalahan input sistem.",Tim data engineering perlu memperbaiki flow pipeline ingestion untuk capping nilai ekstrem.
229574.0,cluster_4,Tipe B - Rare but Valid,POS_SK_DPD_MEAN=6.81 (33.6x dari median) | PREV_APPROVAL_RATE=-1.02 (18.5x dari median) | BUREAU_ACTIVE_RATIO=0.99 (17.7x dari median) | EXT_SOURCE_3=-1.85 (17.6x dari median) | CREDIT_TERM_MONTHS=-1.09 (13.4x dari median),Keadaan ekstrem secara statistik namun masih masuk secara logika riil (Tail-end customer).,"Berpeluang cross-selling khusus untuk Very High Net Worth Individual, bila bukan risiko gagal bayar."
229850.0,cluster_2,Tipe A - Data Error,EXT_SOURCE_1=2.12 (156.4x dari median) | YEARS_BIRTH=-1.23 (38.4x dari median) | REGION_RATING_CLIENT_W_CITY=-2.04 (34.6x dari median) | AMT_INCOME_TOTAL=2.47 (21.6x dari median) | CREDIT_TERM_MONTHS=-1.10 (19.8x dari median),"Deviasi fitur lebih dari 50x median klaster, kemungkinan kesalahan input sistem.",Tim data engineering perlu memperbaiki flow pipeline ingestion untuk capping nilai ekstrem.
230161.0,cluster_4,Tipe A - Data Error,BUREAU_BB_SEVERE_DPD_MEAN=10.88 (213.4x dari median) | EXT_SOURCE_1=1.99 (146.7x dari median) | BUREAU_BB_DPD_RATIO_MEAN=6.40 (33.9x dari median) | POS_SK_DPD_MEAN=4.86 (23.7x dari median) | CREDIT_TERM_MONTHS=-1.62 (20.5x dari median),"Deviasi fitur lebih dari 50x median klaster, kemungkinan kesalahan input sistem.",Tim data engineering perlu memperbaiki flow pipeline ingestion untuk capping nilai ekstrem.
230220.0,cluster_2,Tipe B - Rare but Valid,CREDIT_TERM_MONTHS=2.16 (41.9x dari median) | AMT_INCOME_TOTAL=2.31 (20.1x dari median) | BUREAU_COUNT=2.68 (15.9x dari median) | BUREAU_DAYS_CREDIT_MEAN=-1.21 (15.5x dari median) | AMT_REQ_CREDIT_BUREAU_YEAR=1.85 (13.9x dari median),Keadaan ekstrem secara statistik namun masih masuk secara logika riil (Tail-end customer).,"Berpeluang cross-selling khusus untuk Very High Net Worth Individual, bila bukan risiko gagal bayar."
230322.0,cluster_0,Tipe A - Data Error,EXT_SOURCE_3=-1.24 (576.5x dari median) | EXT_SOURCE_1=-2.32 (173.0x dari median) | PREV_REFUSED_COUNT=5.12 (48.9x dari median) | REGION_RATING_CLIENT_W_CITY=1.92 (34.6x dari median) | CREDIT_TERM_MONTHS=1.68 (33.1x dari median),"Deviasi fitur lebih dari 50x median klaster, kemungkinan kesalahan input sistem.",Tim data engineering perlu memperbaiki flow pipeline ingestion untuk capping nilai ekstrem.
230412.0,cluster_0,Tipe B - Rare but Valid,EXT_SOURCE_3=-0.08 (38.7x dari median) | YEARS_EMPLOYED=3.20 (23.0x dari median) | BUREAU_COUNT=2.24 (7.6x dari median) | BUREAU_ACTIVE_RATIO=0.36 (7.1x dari median) | PREV_REFUSED_COUNT=-0.45 (5.4x dari median),Keadaan ekstrem secara statistik namun masih masuk secara logika riil (Tail-end customer).,"Berpeluang cross-selling khusus untuk Very High Net Worth Individual, bila bukan risiko gagal bayar."
230483.0,cluster_2,Tipe A - Data Error,EXT_SOURCE_1=2.84 (209.8x dari median) | YEARS_BIRTH=1.12 (36.8x dari median) | BUREAU_DAYS_CREDIT_MEAN=1.45 (20.8x dari median) | BUREAU_ACTIVE_RATIO=-1.11 (17.7x dari median) | AMT_INCOME_TOTAL=1.24 (10.3x dari median),"Deviasi fitur lebih dari 50x median klaster, kemungkinan kesalahan input sistem.",Tim data engineering perlu memperbaiki flow pipeline ingestion untuk capping nilai ekstrem.
230491.0,cluster_4,Tipe A - Data Error,CC_SK_DPD_MEAN=8.29 (167.4x dari median) | AMT_ANNUITY=1.00 (10.9x dari median) | CC_MONTHS_COUNT=3.37 (8.7x dari median) | YEARS_BIRTH=-0.86 (7.8x dari median) | BUREAU_ACTIVE_RATIO=-0.48 (7.1x dari median),"Deviasi fitur lebih dari 50x median klaster, kemungkinan kesalahan input sistem.",Tim data engineering perlu memperbaiki flow pipeline ingestion untuk capping nilai ekstrem.
230495.0,cluster_4,Tipe B - Rare but Valid,EXT_SOURCE_1=-0.50 (38.5x dari median) | PREV_APPROVAL_RATE=0.96 (19.4x dari median) | BUREAU_ACTIVE_RATIO=-1.11 (17.7x dari median) | EXT_SOURCE_3=1.81 (15.3x dari median) | CREDIT_TERM_MONTHS=0.78 (11.4x dari median),Keadaan ekstrem secara statistik namun masih masuk secara logika riil (Tail-end customer).,"Berpeluang cross-selling khusus untuk Very High Net Worth Individual, bila bukan risiko gagal bayar."
231136.0,cluster_4,Tipe B - Rare but Valid,REGION_RATING_CLIENT_W_CITY=1.92 (34.6x dari median) | PREV_APPROVAL_RATE=0.96 (19.4x dari median) | BUREAU_ACTIVE_RATIO=0.46 (8.9x dari median) | CREDIT_TERM_MONTHS=0.56 (8.5x dari median) | YEARS_BIRTH=1.18 (8.3x dari median),Keadaan ekstrem secara statistik namun masih masuk secara logika riil (Tail-end customer).,"Berpeluang cross-selling khusus untuk Very High Net Worth Individual, bila bukan risiko gagal bayar."
231559.0,cluster_2,Tipe B - Rare but Valid,CREDIT_TERM_MONTHS=1.70 (33.2x dari median) | YEARS_BIRTH=-0.85 (26.0x dari median) | BUREAU_DAYS_CREDIT_MEAN=1.45 (20.8x dari median) | BUREAU_ACTIVE_RATIO=-1.11 (17.7x dari median) | BUREAU_DEBT_TO_CREDIT_RATIO=-0.59 (6.2x dari median),Keadaan ekstrem secara statistik namun masih masuk secara logika riil (Tail-end customer).,"Berpeluang cross-selling khusus untuk Very High Net Worth Individual, bila bukan risiko gagal bayar."
232399.0,cluster_0,Tipe A - Data Error,EXT_SOURCE_3=-1.80 (838.2x dari median) | EXT_SOURCE_1=-2.07 (154.5x dari median) | REGION_RATING_CLIENT_W_CITY=-2.04 (34.6x dari median) | BUREAU_ACTIVE_RATIO=1.25 (22.2x dari median) | BUREAU_DEBT_TO_CREDIT_RATIO=0.97 (14.9x dari median),"Deviasi fitur lebih dari 50x median klaster, kemungkinan kesalahan input sistem.",Tim data engineering perlu memperbaiki flow pipeline ingestion untuk capping nilai ekstrem.
232868.0,cluster_4,Tipe B - Rare but Valid,REGION_RATING_CLIENT_W_CITY=1.92 (34.6x dari median) | EXT_SOURCE_1=-0.39 (30.2x dari median) | CREDIT_TERM_MONTHS=1.28 (18.0x dari median) | BUREAU_ACTIVE_RATIO=-1.11 (17.7x dari median) | BUREAU_DAYS_CREDIT_MEAN=-1.99 (12.1x dari median),Keadaan ekstrem secara statistik namun masih masuk secara logika riil (Tail-end customer).,"Berpeluang cross-selling khusus untuk Very High Net Worth Individual, bila bukan risiko gagal bayar."
233785.0,cluster_2,Tipe A - Data Error,INST_PAYMENT_RATIO_MEAN=6.76 (610.9x dari median) | BUREAU_DAYS_CREDIT_MEAN=-0.94 (11.9x dari median) | PREV_REFUSED_COUNT=4.56 (11.0x dari median) | AMT_INCOME_TOTAL=1.24 (10.3x dari median) | YEARS_BIRTH=-0.34 (10.0x dari median),"Deviasi fitur lebih dari 50x median klaster, kemungkinan kesalahan input sistem.",Tim data engineering perlu memperbaiki flow pipeline ingestion untuk capping nilai ekstrem.
234097.0,cluster_2,Tipe A - Data Error,INST_DPD_MAX=7.03 (68.6x dari median) | POS_MONTHS_COUNT=1.81 (47.5x dari median) | YEARS_BIRTH=1.07 (35.1x dari median) | POS_SK_DPD_MEAN=2.25 (33.2x dari median) | CREDIT_TERM_MONTHS=0.85 (17.2x dari median),"Deviasi fitur lebih dari 50x median klaster, kemungkinan kesalahan input sistem.",Tim data engineering perlu memperbaiki flow pipeline ingestion untuk capping nilai ekstrem.
234122.0,cluster_0,Tipe A - Data Error,EXT_SOURCE_1=2.04 (150.8x dari median) | EXT_SOURCE_3=0.18 (86.6x dari median) | CREDIT_TERM_MONTHS=1.67 (33.0x dari median) | YEARS_EMPLOYED=4.50 (32.0x dari median) | BUREAU_COUNT=4.66 (16.9x dari median),"Deviasi fitur lebih dari 50x median klaster, kemungkinan kesalahan input sistem.",Tim data engineering perlu memperbaiki flow pipeline ingestion untuk capping nilai ekstrem.
234197.0,cluster_3,Tipe A - Data Error,EXT_SOURCE_1=2.02 (149.2x dari median) | REGION_RATING_CLIENT_W_CITY=1.92 (34.6x dari median) | YEARS_EMPLOYED=3.73 (12.9x dari median) | BUREAU_DAYS_CREDIT_MEAN=1.45 (11.9x dari median) | ANNUITY_TO_INCOME=4.66 (8.4x dari median),"Deviasi fitur lebih dari 50x median klaster, kemungkinan kesalahan input sistem.",Tim data engineering perlu memperbaiki flow pipeline ingestion untuk capping nilai ekstrem.
234905.0,cluster_4,Tipe B - Rare but Valid,EXT_SOURCE_1=-0.56 (42.7x dari median) | REGION_RATING_CLIENT_W_CITY=-2.04 (34.6x dari median) | AMT_ANNUITY=-1.78 (22.2x dari median) | PREV_APPROVAL_RATE=0.96 (19.4x dari median) | BUREAU_ACTIVE_RATIO=-1.11 (17.7x dari median),Keadaan ekstrem secara statistik namun masih masuk secara logika riil (Tail-end customer).,"Berpeluang cross-selling khusus untuk Very High Net Worth Individual, bila bukan risiko gagal bayar."
234972.0,cluster_2,Tipe A - Data Error,POS_MONTHS_COUNT=2.62 (69.1x dari median) | EXT_SOURCE_1=0.70 (50.9x dari median) | YEARS_BIRTH=-1.34 (41.8x dari median) | PREV_COUNT=7.60 (23.6x dari median) | CREDIT_TERM_MONTHS=-1.30 (23.6x dari median),"Deviasi fitur lebih dari 50x median klaster, kemungkinan kesalahan input sistem.",Tim data engineering perlu memperbaiki flow pipeline ingestion untuk capping nilai ekstrem.
234973.0,cluster_2,Tipe A - Data Error,EXT_SOURCE_1=0.90 (66.1x dari median) | POS_MONTHS_COUNT=-0.69 (19.4x dari median) | INST_DPD_MAX=1.67 (17.1x dari median) | POS_SK_DPD_MEAN=0.93 (14.2x dari median) | BUREAU_DEBT_TO_CREDIT_RATIO=0.86 (11.6x dari median),"Deviasi fitur lebih dari 50x median klaster, kemungkinan kesalahan input sistem.",Tim data engineering perlu memperbaiki flow pipeline ingestion untuk capping nilai ekstrem.
235000.0,cluster_1,Tipe B - Rare but Valid,INST_PAYMENT_RATIO_MEAN=0.39 (37.7x dari median) | EXT_SOURCE_3=-1.62 (15.6x dari median) | EXT_SOURCE_2=1.01 (8.9x dari median) | YEARS_BIRTH=-1.51 (7.1x dari median) | BUREAU_DAYS_CREDIT_MEAN=0.62 (3.4x dari median),Keadaan ekstrem secara statistik namun masih masuk secara logika riil (Tail-end customer).,"Berpeluang cross-selling khusus untuk Very High Net Worth Individual, bila bukan risiko gagal bayar."
235438.0,cluster_1,Tipe A - Data Error,EXT_SOURCE_1=1.15 (84.3x dari median) | REGION_RATING_CLIENT_W_CITY=1.92 (34.6x dari median) | EXT_SOURCE_3=-1.71 (16.3x dari median) | BUREAU_COUNT=3.78 (10.5x dari median) | YEARS_EMPLOYED=1.72 (4.9x dari median),"Deviasi fitur lebih dari 50x median klaster, kemungkinan kesalahan input sistem.",Tim data engineering perlu memperbaiki flow pipeline ingestion untuk capping nilai ekstrem.
235562.0,cluster_2,Tipe A - Data Error,EXT_SOURCE_1=1.21 (89.0x dari median) | POS_MONTHS_COUNT=1.85 (48.6x dari median) | BUREAU_ACTIVE_RATIO=2.03 (35.5x dari median) | YEARS_BIRTH=-0.51 (15.2x dari median) | YEARS_EMPLOYED=2.24 (11.5x dari median),"Deviasi fitur lebih dari 50x median klaster, kemungkinan kesalahan input sistem.",Tim data engineering perlu memperbaiki flow pipeline ingestion untuk capping nilai ekstrem.
236061.0,cluster_4,Tipe B - Rare but Valid,CC_AMT_BALANCE_MEAN=5.88 (20.1x dari median) | BUREAU_ACTIVE_RATIO=-1.11 (17.7x dari median) | CREDIT_TERM_MONTHS=0.87 (12.5x dari median) | PREV_APPROVAL_RATE=-0.69 (12.1x dari median) | AMT_ANNUITY=0.75 (8.0x dari median),Keadaan ekstrem secara statistik namun masih masuk secara logika riil (Tail-end customer).,"Berpeluang cross-selling khusus untuk Very High Net Worth Individual, bila bukan risiko gagal bayar."
236321.0,cluster_2,Tipe A - Data Error,EXT_SOURCE_1=0.95 (69.5x dari median) | POS_MONTHS_COUNT=2.42 (63.7x dari median) | REGION_RATING_CLIENT_W_CITY=-2.04 (34.6x dari median) | YEARS_BIRTH=-0.99 (30.8x dari median) | BUREAU_DAYS_CREDIT_MEAN=-1.90 (25.0x dari median),"Deviasi fitur lebih dari 50x median klaster, kemungkinan kesalahan input sistem.",Tim data engineering perlu memperbaiki flow pipeline ingestion untuk capping nilai ekstrem.
236423.0,cluster_4,Tipe A - Data Error,EXT_SOURCE_1=-1.07 (80.6x dari median) | POS_SK_DPD_MEAN=4.33 (21.0x dari median) | AMT_ANNUITY=1.27 (14.2x dari median) | BUREAU_COUNT=1.36 (8.6x dari median) | AMT_CREDIT=1.23 (7.6x dari median),"Deviasi fitur lebih dari 50x median klaster, kemungkinan kesalahan input sistem.",Tim data engineering perlu memperbaiki flow pipeline ingestion untuk capping nilai ekstrem.
236631.0,cluster_2,Tipe A - Data Error,INST_DPD_MAX=7.69 (74.8x dari median) | POS_SK_DPD_MEAN=3.87 (56.2x dari median) | CREDIT_TERM_MONTHS=2.16 (42.0x dari median) | REGION_RATING_CLIENT_W_CITY=-2.04 (34.6x dari median) | POS_MONTHS_COUNT=0.80 (20.5x dari median),"Deviasi fitur lebih dari 50x median klaster, kemungkinan kesalahan input sistem.",Tim data engineering perlu memperbaiki flow pipeline ingestion untuk capping nilai ekstrem.
237119.0,cluster_1,Tipe A - Data Error,EXT_SOURCE_1=-2.97 (221.6x dari median) | EXT_SOURCE_3=-2.65 (24.8x dari median) | EXT_SOURCE_2=-1.71 (17.6x dari median) | OWN_CAR_AGE=6.68 (15.7x dari median) | BUREAU_ACTIVE_RATIO=2.03 (10.8x dari median),"Deviasi fitur lebih dari 50x median klaster, kemungkinan kesalahan input sistem.",Tim data engineering perlu memperbaiki flow pipeline ingestion untuk capping nilai ekstrem.
237132.0,cluster_4,Tipe B - Rare but Valid,EXT_SOURCE_1=-0.64 (48.4x dari median) | CREDIT_TERM_MONTHS=-1.62 (20.5x dari median) | BUREAU_ACTIVE_RATIO=-1.11 (17.7x dari median) | POS_SK_DPD_MEAN=3.65 (17.6x dari median) | EXT_SOURCE_3=1.68 (14.1x dari median),Keadaan ekstrem secara statistik namun masih masuk secara logika riil (Tail-end customer).,"Berpeluang cross-selling khusus untuk Very High Net Worth Individual, bila bukan risiko gagal bayar."
237205.0,cluster_2,Tipe B - Rare but Valid,AMT_REQ_CREDIT_BUREAU_YEAR=3.58 (27.8x dari median) | AMT_ANNUITY=-2.35 (19.3x dari median) | YEARS_BIRTH=-0.49 (14.6x dari median) | BUREAU_ACTIVE_RATIO=0.78 (14.2x dari median) | PREV_REFUSED_COUNT=5.67 (13.5x dari median),Keadaan ekstrem secara statistik namun masih masuk secara logika riil (Tail-end customer).,"Berpeluang cross-selling khusus untuk Very High Net Worth Individual, bila bukan risiko gagal bayar."
237599.0,cluster_1,Tipe A - Data Error,EXT_SOURCE_1=0.74 (54.0x dari median) | REGION_RATING_CLIENT_W_CITY=1.92 (34.6x dari median) | EXT_SOURCE_3=-1.04 (10.3x dari median) | CNT_CHILDREN=3.60 (7.2x dari median) | CREDIT_TERM_MONTHS=2.11 (5.4x dari median),"Deviasi fitur lebih dari 50x median klaster, kemungkinan kesalahan input sistem.",Tim data engineering perlu memperbaiki flow pipeline ingestion untuk capping nilai ekstrem.
238686.0,cluster_2,Tipe B - Rare but Valid,YEARS_BIRTH=1.29 (42.3x dari median) | POS_MONTHS_COUNT=0.93 (23.7x dari median) | BUREAU_DAYS_CREDIT_MEAN=-1.78 (23.3x dari median) | YEARS_EMPLOYED=3.91 (19.4x dari median) | BUREAU_ACTIVE_RATIO=-1.11 (17.7x dari median),Keadaan ekstrem secara statistik namun masih masuk secara logika riil (Tail-end customer).,"Berpeluang cross-selling khusus untuk Very High Net Worth Individual, bila bukan risiko gagal bayar."
238749.0,cluster_2,Tipe A - Data Error,EXT_SOURCE_1=2.11 (155.6x dari median) | BUREAU_DAYS_CREDIT_MEAN=-1.38 (17.9x dari median) | INST_DPD_MAX=1.68 (17.2x dari median) | CREDIT_TERM_MONTHS=0.54 (11.3x dari median) | AMT_REQ_CREDIT_BUREAU_YEAR=1.27 (9.3x dari median),"Deviasi fitur lebih dari 50x median klaster, kemungkinan kesalahan input sistem.",Tim data engineering perlu memperbaiki flow pipeline ingestion untuk capping nilai ekstrem.
238870.0,cluster_4,Tipe B - Rare but Valid,PREV_APPROVAL_RATE=0.96 (19.4x dari median) | BUREAU_ACTIVE_RATIO=-1.11 (17.7x dari median) | BUREAU_DAYS_CREDIT_MEAN=1.45 (10.5x dari median) | ANNUITY_TO_INCOME=-0.62 (5.8x dari median) | CREDIT_TERM_MONTHS=0.33 (5.4x dari median),Keadaan ekstrem secara statistik namun masih masuk secara logika riil (Tail-end customer).,"Berpeluang cross-selling khusus untuk Very High Net Worth Individual, bila bukan risiko gagal bayar."
238955.0,cluster_4,Tipe A - Data Error,CC_SK_DPD_MEAN=10.80 (217.9x dari median) | PREV_APPROVAL_RATE=-2.34 (43.7x dari median) | ANNUITY_TO_INCOME=2.68 (30.3x dari median) | AMT_ANNUITY=2.43 (27.9x dari median) | BUREAU_ACTIVE_RATIO=-1.11 (17.7x dari median),"Deviasi fitur lebih dari 50x median klaster, kemungkinan kesalahan input sistem.",Tim data engineering perlu memperbaiki flow pipeline ingestion untuk capping nilai ekstrem.
239019.0,cluster_3,Tipe A - Data Error,EXT_SOURCE_1=1.01 (73.7x dari median) | REGION_RATING_CLIENT_W_CITY=1.92 (34.6x dari median) | CC_MONTHS_COUNT=3.41 (8.8x dari median) | BUREAU_DAYS_CREDIT_MEAN=-0.61 (6.4x dari median) | YEARS_BIRTH=0.64 (6.1x dari median),"Deviasi fitur lebih dari 50x median klaster, kemungkinan kesalahan input sistem.",Tim data engineering perlu memperbaiki flow pipeline ingestion untuk capping nilai ekstrem.
239257.0,cluster_2,Tipe A - Data Error,EXT_SOURCE_1=1.14 (83.8x dari median) | CREDIT_TERM_MONTHS=2.16 (42.0x dari median) | REGION_RATING_CLIENT_W_CITY=-2.04 (34.6x dari median) | AMT_INCOME_TOTAL=2.20 (19.1x dari median) | BUREAU_DEBT_TO_CREDIT_RATIO=1.43 (18.6x dari median),"Deviasi fitur lebih dari 50x median klaster, kemungkinan kesalahan input sistem.",Tim data engineering perlu memperbaiki flow pipeline ingestion untuk capping nilai ekstrem.
240107.0,cluster_2,Tipe B - Rare but Valid,REGION_RATING_CLIENT_W_CITY=-2.04 (34.6x dari median) | POS_MONTHS_COUNT=-1.13 (31.3x dari median) | BUREAU_DAYS_CREDIT_MEAN=1.45 (20.8x dari median) | AMT_INCOME_TOTAL=2.31 (20.1x dari median) | BUREAU_ACTIVE_RATIO=-1.11 (17.7x dari median),Keadaan ekstrem secara statistik namun masih masuk secara logika riil (Tail-end customer).,"Berpeluang cross-selling khusus untuk Very High Net Worth Individual, bila bukan risiko gagal bayar."
240206.0,cluster_2,Tipe B - Rare but Valid,YEARS_BIRTH=-1.24 (38.5x dari median) | POS_MONTHS_COUNT=-0.69 (19.4x dari median) | EXT_SOURCE_3=-1.38 (13.4x dari median) | BUREAU_DEBT_TO_CREDIT_RATIO=0.85 (11.4x dari median) | BUREAU_COUNT=1.58 (9.8x dari median),Keadaan ekstrem secara statistik namun masih masuk secara logika riil (Tail-end customer).,"Berpeluang cross-selling khusus untuk Very High Net Worth Individual, bila bukan risiko gagal bayar."
240211.0,cluster_4,Tipe B - Rare but Valid,POS_SK_DPD_MEAN=8.70 (43.3x dari median) | AMT_ANNUITY=-2.84 (34.9x dari median) | PREV_APPROVAL_RATE=0.96 (19.4x dari median) | BUREAU_ACTIVE_RATIO=-1.11 (17.7x dari median) | AMT_CREDIT=-2.29 (16.9x dari median),Keadaan ekstrem secara statistik namun masih masuk secara logika riil (Tail-end customer).,"Berpeluang cross-selling khusus untuk Very High Net Worth Individual, bila bukan risiko gagal bayar."
240255.0,cluster_3,Tipe B - Rare but Valid,INST_SEVERE_LATE_RATIO=6.37 (38.9x dari median) | INST_DPD_MEAN=1.45 (13.7x dari median) | BUREAU_ACTIVE_RATIO=2.03 (13.4x dari median) | YEARS_BIRTH=1.32 (11.5x dari median) | INST_DPD_MAX=1.62 (11.1x dari median),Keadaan ekstrem secara statistik namun masih masuk secara logika riil (Tail-end customer).,"Berpeluang cross-selling khusus untuk Very High Net Worth Individual, bila bukan risiko gagal bayar."
240698.0,cluster_3,Tipe A - Data Error,EXT_SOURCE_1=0.94 (68.8x dari median) | REGION_RATING_CLIENT_W_CITY=-2.04 (34.6x dari median) | BUREAU_DAYS_CREDIT_MEAN=-0.80 (8.1x dari median) | EXT_SOURCE_3=0.98 (7.8x dari median) | YEARS_EMPLOYED=1.98 (7.3x dari median),"Deviasi fitur lebih dari 50x median klaster, kemungkinan kesalahan input sistem.",Tim data engineering perlu memperbaiki flow pipeline ingestion untuk capping nilai ekstrem.
240701.0,cluster_4,Tipe A - Data Error,EXT_SOURCE_1=-1.12 (84.3x dari median) | BUREAU_ACTIVE_RATIO=2.03 (35.5x dari median) | AMT_ANNUITY=-1.56 (19.6x dari median) | AMT_CREDIT=-1.16 (9.1x dari median) | BUREAU_DAYS_CREDIT_MEAN=1.07 (8.0x dari median),"Deviasi fitur lebih dari 50x median klaster, kemungkinan kesalahan input sistem.",Tim data engineering perlu memperbaiki flow pipeline ingestion untuk capping nilai ekstrem.
240723.0,cluster_2,Tipe A - Data Error,YEARS_BIRTH=1.67 (54.5x dari median) | REGION_RATING_CLIENT_W_CITY=-2.04 (34.6x dari median) | AMT_INCOME_TOTAL=2.47 (21.6x dari median) | BUREAU_COUNT=2.90 (17.1x dari median) | AMT_REQ_CREDIT_BUREAU_YEAR=1.85 (13.9x dari median),"Deviasi fitur lebih dari 50x median klaster, kemungkinan kesalahan input sistem.",Tim data engineering perlu memperbaiki flow pipeline ingestion untuk capping nilai ekstrem.
241346.0,cluster_4,Tipe A - Data Error,EXT_SOURCE_1=1.97 (145.6x dari median) | PREV_APPROVAL_RATE=-1.51 (27.9x dari median) | EXT_SOURCE_3=-1.97 (18.7x dari median) | BUREAU_ACTIVE_RATIO=0.86 (15.5x dari median) | EXT_SOURCE_2=-2.69 (14.5x dari median),"Deviasi fitur lebih dari 50x median klaster, kemungkinan kesalahan input sistem.",Tim data engineering perlu memperbaiki flow pipeline ingestion untuk capping nilai ekstrem.
241410.0,cluster_2,Tipe A - Data Error,EXT_SOURCE_1=-1.87 (139.6x dari median) | REGION_RATING_CLIENT_W_CITY=-2.04 (34.6x dari median) | POS_MONTHS_COUNT=-1.13 (31.3x dari median) | YEARS_BIRTH=-1.00 (31.0x dari median) | AMT_INCOME_TOTAL=2.08 (18.1x dari median),"Deviasi fitur lebih dari 50x median klaster, kemungkinan kesalahan input sistem.",Tim data engineering perlu memperbaiki flow pipeline ingestion untuk capping nilai ekstrem.
241437.0,cluster_1,Tipe B - Rare but Valid,REGION_RATING_CLIENT_W_CITY=1.92 (34.6x dari median) | EXT_SOURCE_3=-1.63 (15.6x dari median) | BUREAU_BB_DPD_RATIO_MEAN=1.55 (9.0x dari median) | BUREAU_COUNT=3.12 (8.8x dari median) | INST_SEVERE_LATE_RATIO=1.08 (7.4x dari median),Keadaan ekstrem secara statistik namun masih masuk secara logika riil (Tail-end customer).,"Berpeluang cross-selling khusus untuk Very High Net Worth Individual, bila bukan risiko gagal bayar."
241444.0,cluster_3,Tipe C - Risk Signal,YEARS_EMPLOYED=6.36 (21.3x dari median) | YEARS_BIRTH=1.70 (14.6x dari median) | EXT_SOURCE_3=0.93 (7.3x dari median) | ANNUITY_TO_INCOME=3.11 (5.3x dari median) | AMT_INCOME_TOTAL=0.39 (3.7x dari median),Kombinasi finansial kontradiktif (contoh: rasio cicilan atau kredit terlalu besar di saat income rendah / profil berisiko).,Tim analis risiko (Underwriting) wajib memberikan manual review sebelum memberikan persetujuan.
241945.0,cluster_4,Tipe A - Data Error,CC_SK_DPD_MEAN=23.06 (464.2x dari median) | BUREAU_ACTIVE_RATIO=1.41 (24.8x dari median) | PREV_APPROVAL_RATE=0.96 (19.4x dari median) | ANNUITY_TO_INCOME=1.21 (14.2x dari median) | EXT_SOURCE_3=-1.44 (13.9x dari median),"Deviasi fitur lebih dari 50x median klaster, kemungkinan kesalahan input sistem.",Tim data engineering perlu memperbaiki flow pipeline ingestion untuk capping nilai ekstrem.
242028.0,cluster_2,Tipe B - Rare but Valid,POS_MONTHS_COUNT=1.05 (27.0x dari median) | CREDIT_TERM_MONTHS=-1.31 (23.8x dari median) | AMT_REQ_CREDIT_BUREAU_YEAR=3.00 (23.2x dari median) | BUREAU_DEBT_TO_CREDIT_RATIO=1.53 (19.9x dari median) | YEARS_EMPLOYED=2.16 (11.2x dari median),Keadaan ekstrem secara statistik namun masih masuk secara logika riil (Tail-end customer).,"Berpeluang cross-selling khusus untuk Very High Net Worth Individual, bila bukan risiko gagal bayar."
242296.0,cluster_1,Tipe B - Rare but Valid,REGION_RATING_CLIENT_W_CITY=1.92 (34.6x dari median) | EXT_SOURCE_3=-1.91 (18.2x dari median) | YEARS_BIRTH=-1.74 (8.3x dari median) | BUREAU_ACTIVE_RATIO=1.14 (6.5x dari median) | BUREAU_DAYS_CREDIT_MEAN=1.01 (6.1x dari median),Keadaan ekstrem secara statistik namun masih masuk secara logika riil (Tail-end customer).,"Berpeluang cross-selling khusus untuk Very High Net Worth Individual, bila bukan risiko gagal bayar."
242343.0,cluster_1,Tipe A - Data Error,EXT_SOURCE_1=1.61 (118.3x dari median) | EXT_SOURCE_2=-1.44 (15.0x dari median) | EXT_SOURCE_3=-1.18 (11.6x dari median) | CNT_CHILDREN=2.21 (4.8x dari median) | BUREAU_ACTIVE_RATIO=0.46 (3.2x dari median),"Deviasi fitur lebih dari 50x median klaster, kemungkinan kesalahan input sistem.",Tim data engineering perlu memperbaiki flow pipeline ingestion untuk capping nilai ekstrem.
242799.0,cluster_0,Tipe A - Data Error,EXT_SOURCE_3=-1.75 (816.2x dari median) | EXT_SOURCE_1=-2.11 (157.7x dari median) | REGION_RATING_CLIENT_W_CITY=-2.04 (34.6x dari median) | INST_LATE_RATIO=4.20 (15.0x dari median) | BUREAU_DEBT_TO_CREDIT_RATIO=0.77 (12.0x dari median),"Deviasi fitur lebih dari 50x median klaster, kemungkinan kesalahan input sistem.",Tim data engineering perlu memperbaiki flow pipeline ingestion untuk capping nilai ekstrem.
242962.0,cluster_2,Tipe B - Rare but Valid,BUREAU_ACTIVE_RATIO=2.03 (35.5x dari median) | YEARS_BIRTH=0.78 (26.0x dari median) | POS_MONTHS_COUNT=-0.85 (23.7x dari median) | AMT_REQ_CREDIT_BUREAU_YEAR=2.43 (18.5x dari median) | BUREAU_DAYS_CREDIT_MEAN=1.04 (15.2x dari median),Keadaan ekstrem secara statistik namun masih masuk secara logika riil (Tail-end customer).,"Berpeluang cross-selling khusus untuk Very High Net Worth Individual, bila bukan risiko gagal bayar."
243093.0,cluster_2,Tipe A - Data Error,EXT_SOURCE_1=-2.43 (181.1x dari median) | YEARS_BIRTH=-1.13 (35.1x dari median) | CREDIT_TERM_MONTHS=1.68 (32.8x dari median) | BUREAU_DEBT_TO_CREDIT_RATIO=1.82 (23.4x dari median) | BUREAU_DAYS_CREDIT_MEAN=-0.63 (7.5x dari median),"Deviasi fitur lebih dari 50x median klaster, kemungkinan kesalahan input sistem.",Tim data engineering perlu memperbaiki flow pipeline ingestion untuk capping nilai ekstrem.
243535.0,cluster_4,Tipe A - Data Error,EXT_SOURCE_1=0.86 (63.2x dari median) | REGION_RATING_CLIENT_W_CITY=1.92 (34.6x dari median) | PREV_APPROVAL_RATE=0.96 (19.4x dari median) | BUREAU_BB_DPD_RATIO_MEAN=3.10 (17.0x dari median) | AMT_ANNUITY=-1.10 (14.1x dari median),"Deviasi fitur lebih dari 50x median klaster, kemungkinan kesalahan input sistem.",Tim data engineering perlu memperbaiki flow pipeline ingestion untuk capping nilai ekstrem.
244163.0,cluster_0,Tipe A - Data Error,BUREAU_BB_SEVERE_DPD_MEAN=22.93 (448.8x dari median) | BUREAU_BB_DPD_RATIO_MEAN=12.13 (63.4x dari median) | EXT_SOURCE_3=0.11 (53.0x dari median) | BUREAU_ACTIVE_RATIO=2.03 (35.5x dari median) | PREV_REFUSED_COUNT=3.45 (32.6x dari median),"Deviasi fitur lebih dari 50x median klaster, kemungkinan kesalahan input sistem.",Tim data engineering perlu memperbaiki flow pipeline ingestion untuk capping nilai ekstrem.
244523.0,cluster_2,Tipe A - Data Error,EXT_SOURCE_1=0.74 (53.6x dari median) | CREDIT_TERM_MONTHS=-1.07 (19.3x dari median) | POS_MONTHS_COUNT=-0.41 (11.9x dari median) | BUREAU_ACTIVE_RATIO=0.46 (8.9x dari median) | YEARS_BIRTH=-0.30 (8.6x dari median),"Deviasi fitur lebih dari 50x median klaster, kemungkinan kesalahan input sistem.",Tim data engineering perlu memperbaiki flow pipeline ingestion untuk capping nilai ekstrem.
244641.0,cluster_3,Tipe C - Risk Signal,AMT_INCOME_TOTAL=-3.11 (20.5x dari median) | CREDIT_TO_INCOME=6.75 (12.2x dari median) | BUREAU_DAYS_CREDIT_MEAN=1.45 (11.9x dari median) | YEARS_BIRTH=1.34 (11.7x dari median) | ANNUITY_TO_INCOME=5.64 (10.4x dari median),Kombinasi finansial kontradiktif (contoh: rasio cicilan atau kredit terlalu besar di saat income rendah / profil berisiko).,Tim analis risiko (Underwriting) wajib memberikan manual review sebelum memberikan persetujuan.
244857.0,cluster_2,Tipe A - Data Error,EXT_SOURCE_1=-1.28 (96.1x dari median) | BUREAU_BB_SEVERE_DPD_MEAN=3.54 (70.1x dari median) | AMT_REQ_CREDIT_BUREAU_YEAR=3.00 (23.2x dari median) | BUREAU_BB_DPD_RATIO_MEAN=3.23 (17.6x dari median) | YEARS_BIRTH=-0.56 (17.1x dari median),"Deviasi fitur lebih dari 50x median klaster, kemungkinan kesalahan input sistem.",Tim data engineering perlu memperbaiki flow pipeline ingestion untuk capping nilai ekstrem.
244957.0,cluster_4,Tipe A - Data Error,CC_SK_DPD_MEAN=27.41 (551.6x dari median) | BUREAU_BB_SEVERE_DPD_MEAN=7.93 (155.8x dari median) | AMT_ANNUITY=-2.32 (28.7x dari median) | BUREAU_BB_DPD_RATIO_MEAN=4.78 (25.6x dari median) | POS_SK_DPD_MEAN=4.74 (23.1x dari median),"Deviasi fitur lebih dari 50x median klaster, kemungkinan kesalahan input sistem.",Tim data engineering perlu memperbaiki flow pipeline ingestion untuk capping nilai ekstrem.
245201.0,cluster_2,Tipe A - Data Error,POS_MONTHS_COUNT=2.54 (66.9x dari median) | REGION_RATING_CLIENT_W_CITY=-2.04 (34.6x dari median) | BUREAU_ACTIVE_RATIO=1.68 (29.5x dari median) | YEARS_BIRTH=0.78 (26.0x dari median) | EXT_SOURCE_3=-2.46 (23.1x dari median),"Deviasi fitur lebih dari 50x median klaster, kemungkinan kesalahan input sistem.",Tim data engineering perlu memperbaiki flow pipeline ingestion untuk capping nilai ekstrem.
245648.0,cluster_2,Tipe A - Data Error,EXT_SOURCE_1=1.65 (121.9x dari median) | POS_MONTHS_COUNT=3.51 (92.8x dari median) | YEARS_BIRTH=-0.68 (20.9x dari median) | CREDIT_TERM_MONTHS=0.99 (19.8x dari median) | EXT_SOURCE_3=-1.80 (17.1x dari median),"Deviasi fitur lebih dari 50x median klaster, kemungkinan kesalahan input sistem.",Tim data engineering perlu memperbaiki flow pipeline ingestion untuk capping nilai ekstrem.
245842.0,cluster_4,Tipe A - Data Error,BUREAU_BB_SEVERE_DPD_MEAN=6.98 (137.4x dari median) | EXT_SOURCE_1=1.28 (93.8x dari median) | BUREAU_BB_DPD_RATIO_MEAN=5.08 (27.1x dari median) | PREV_APPROVAL_RATE=0.96 (19.4x dari median) | AMT_ANNUITY=-1.48 (18.6x dari median),"Deviasi fitur lebih dari 50x median klaster, kemungkinan kesalahan input sistem.",Tim data engineering perlu memperbaiki flow pipeline ingestion untuk capping nilai ekstrem.
246369.0,cluster_4,Tipe B - Rare but Valid,POS_SK_DPD_MEAN=8.24 (40.9x dari median) | AMT_ANNUITY=1.11 (12.3x dari median) | PREV_APPROVAL_RATE=-0.69 (12.1x dari median) | CC_AMT_BALANCE_MEAN=3.43 (12.1x dari median) | CC_UTILIZATION_MEAN=3.63 (9.9x dari median),Keadaan ekstrem secara statistik namun masih masuk secara logika riil (Tail-end customer).,"Berpeluang cross-selling khusus untuk Very High Net Worth Individual, bila bukan risiko gagal bayar."
247049.0,cluster_4,Tipe A - Data Error,EXT_SOURCE_1=-1.49 (111.8x dari median) | POS_SK_DPD_MEAN=11.89 (59.5x dari median) | PREV_APPROVAL_RATE=0.96 (19.4x dari median) | CREDIT_TERM_MONTHS=-1.40 (17.6x dari median) | EXT_SOURCE_3=1.64 (13.8x dari median),"Deviasi fitur lebih dari 50x median klaster, kemungkinan kesalahan input sistem.",Tim data engineering perlu memperbaiki flow pipeline ingestion untuk capping nilai ekstrem.
247128.0,cluster_4,Tipe B - Rare but Valid,POS_SK_DPD_MEAN=8.13 (40.4x dari median) | AMT_ANNUITY=-1.78 (22.2x dari median) | PREV_APPROVAL_RATE=0.96 (19.4x dari median) | ANNUITY_TO_INCOME=-1.07 (10.7x dari median) | AMT_CREDIT=-1.33 (10.2x dari median),Keadaan ekstrem secara statistik namun masih masuk secara logika riil (Tail-end customer).,"Berpeluang cross-selling khusus untuk Very High Net Worth Individual, bila bukan risiko gagal bayar."
247167.0,cluster_1,Tipe B - Rare but Valid,OWN_CAR_AGE=6.68 (15.7x dari median) | EXT_SOURCE_3=-1.45 (14.0x dari median) | EXT_SOURCE_2=-1.05 (11.2x dari median) | BUREAU_ACTIVE_RATIO=2.03 (10.8x dari median) | YEARS_BIRTH=-1.78 (8.5x dari median),Keadaan ekstrem secara statistik namun masih masuk secara logika riil (Tail-end customer).,"Berpeluang cross-selling khusus untuk Very High Net Worth Individual, bila bukan risiko gagal bayar."
248306.0,cluster_4,Tipe A - Data Error,CC_SK_DPD_MEAN=17.03 (343.1x dari median) | PREV_APPROVAL_RATE=-2.34 (43.7x dari median) | EXT_SOURCE_3=-2.22 (20.9x dari median) | CREDIT_TERM_MONTHS=0.88 (12.7x dari median) | CC_MONTHS_COUNT=3.41 (8.8x dari median),"Deviasi fitur lebih dari 50x median klaster, kemungkinan kesalahan input sistem.",Tim data engineering perlu memperbaiki flow pipeline ingestion untuk capping nilai ekstrem.
249514.0,cluster_1,Tipe A - Data Error,EXT_SOURCE_1=1.58 (116.4x dari median) | REGION_RATING_CLIENT_W_CITY=1.92 (34.6x dari median) | EXT_SOURCE_3=-1.76 (16.8x dari median) | YEARS_BIRTH=0.81 (5.3x dari median) | BUREAU_COUNT=1.58 (5.0x dari median),"Deviasi fitur lebih dari 50x median klaster, kemungkinan kesalahan input sistem.",Tim data engineering perlu memperbaiki flow pipeline ingestion untuk capping nilai ekstrem.
249923.0,cluster_4,Tipe B - Rare but Valid,REGION_RATING_CLIENT_W_CITY=-2.04 (34.6x dari median) | PREV_APPROVAL_RATE=0.96 (19.4x dari median) | BUREAU_ACTIVE_RATIO=-1.11 (17.7x dari median) | CREDIT_TERM_MONTHS=-1.39 (17.4x dari median) | BUREAU_DAYS_CREDIT_MEAN=-2.33 (14.3x dari median),Keadaan ekstrem secara statistik namun masih masuk secara logika riil (Tail-end customer).,"Berpeluang cross-selling khusus untuk Very High Net Worth Individual, bila bukan risiko gagal bayar."
250381.0,cluster_4,Tipe B - Rare but Valid,REGION_RATING_CLIENT_W_CITY=-2.04 (34.6x dari median) | POS_SK_DPD_MEAN=5.55 (27.3x dari median) | PREV_APPROVAL_RATE=0.96 (19.4x dari median) | EXT_SOURCE_3=-1.36 (13.2x dari median) | ANNUITY_TO_INCOME=-1.12 (11.2x dari median),Keadaan ekstrem secara statistik namun masih masuk secara logika riil (Tail-end customer).,"Berpeluang cross-selling khusus untuk Very High Net Worth Individual, bila bukan risiko gagal bayar."
250415.0,cluster_4,Tipe B - Rare but Valid,POS_SK_DPD_MEAN=5.84 (28.7x dari median) | BUREAU_ACTIVE_RATIO=-1.11 (17.7x dari median) | CREDIT_TERM_MONTHS=-1.06 (13.1x dari median) | EXT_SOURCE_3=1.47 (12.2x dari median) | PREV_APPROVAL_RATE=-0.69 (12.1x dari median),Keadaan ekstrem secara statistik namun masih masuk secara logika riil (Tail-end customer).,"Berpeluang cross-selling khusus untuk Very High Net Worth Individual, bila bukan risiko gagal bayar."
250512.0,cluster_2,Tipe A - Data Error,CC_SK_DPD_MEAN=9.89 (199.7x dari median) | EXT_SOURCE_1=1.60 (118.1x dari median) | POS_MONTHS_COUNT=-0.77 (21.6x dari median) | CREDIT_TERM_MONTHS=-1.12 (20.2x dari median) | INST_LATE_RATIO=4.45 (17.3x dari median),"Deviasi fitur lebih dari 50x median klaster, kemungkinan kesalahan input sistem.",Tim data engineering perlu memperbaiki flow pipeline ingestion untuk capping nilai ekstrem.
251046.0,cluster_2,Tipe A - Data Error,POS_MONTHS_COUNT=3.31 (87.4x dari median) | YEARS_BIRTH=1.64 (53.3x dari median) | EXT_SOURCE_1=0.67 (48.7x dari median) | PREV_COUNT=7.37 (22.9x dari median) | EXT_SOURCE_3=-1.41 (13.7x dari median),"Deviasi fitur lebih dari 50x median klaster, kemungkinan kesalahan input sistem.",Tim data engineering perlu memperbaiki flow pipeline ingestion untuk capping nilai ekstrem.
251078.0,cluster_0,Tipe A - Data Error,EXT_SOURCE_3=0.56 (260.8x dari median) | YEARS_EMPLOYED=2.51 (18.3x dari median) | INST_LATE_RATIO=2.82 (10.4x dari median) | BUREAU_ACTIVE_RATIO=0.46 (8.9x dari median) | BUREAU_COUNT=2.46 (8.5x dari median),"Deviasi fitur lebih dari 50x median klaster, kemungkinan kesalahan input sistem.",Tim data engineering perlu memperbaiki flow pipeline ingestion untuk capping nilai ekstrem.
251193.0,cluster_2,Tipe A - Data Error,EXT_SOURCE_1=2.23 (164.5x dari median) | CREDIT_TERM_MONTHS=1.97 (38.4x dari median) | POS_MONTHS_COUNT=-0.73 (20.5x dari median) | YEARS_EMPLOYED=3.11 (15.6x dari median) | BUREAU_COUNT=1.36 (8.6x dari median),"Deviasi fitur lebih dari 50x median klaster, kemungkinan kesalahan input sistem.",Tim data engineering perlu memperbaiki flow pipeline ingestion untuk capping nilai ekstrem.
251752.0,cluster_2,Tipe B - Rare but Valid,YEARS_BIRTH=0.97 (31.9x dari median) | YEARS_EMPLOYED=4.97 (24.4x dari median) | CREDIT_TERM_MONTHS=0.60 (12.5x dari median) | BUREAU_COUNT=1.58 (9.8x dari median) | PREV_APPROVAL_RATE=-1.10 (7.0x dari median),Keadaan ekstrem secara statistik namun masih masuk secara logika riil (Tail-end customer).,"Berpeluang cross-selling khusus untuk Very High Net Worth Individual, bila bukan risiko gagal bayar."
252045.0,cluster_1,Tipe B - Rare but Valid,EXT_SOURCE_3=-2.94 (27.5x dari median) | EXT_SOURCE_2=-2.59 (26.1x dari median) | BUREAU_ACTIVE_RATIO=2.03 (10.8x dari median) | YEARS_BIRTH=-1.91 (9.2x dari median) | BUREAU_DAYS_CREDIT_MEAN=1.39 (8.8x dari median),Keadaan ekstrem secara statistik namun masih masuk secara logika riil (Tail-end customer).,"Berpeluang cross-selling khusus untuk Very High Net Worth Individual, bila bukan risiko gagal bayar."
252352.0,cluster_2,Tipe A - Data Error,BUREAU_BB_SEVERE_DPD_MEAN=9.29 (182.5x dari median) | BUREAU_BB_DPD_RATIO_MEAN=7.82 (41.2x dari median) | BUREAU_DAYS_CREDIT_MEAN=-1.02 (12.9x dari median) | BUREAU_DEBT_TO_CREDIT_RATIO=0.70 (9.6x dari median) | BUREAU_ACTIVE_RATIO=-0.48 (7.1x dari median),"Deviasi fitur lebih dari 50x median klaster, kemungkinan kesalahan input sistem.",Tim data engineering perlu memperbaiki flow pipeline ingestion untuk capping nilai ekstrem.
252686.0,cluster_0,Tipe A - Data Error,EXT_SOURCE_3=-2.48 (1157.7x dari median) | EXT_SOURCE_1=0.89 (65.0x dari median) | REGION_RATING_CLIENT_W_CITY=-2.04 (34.6x dari median) | CREDIT_TERM_MONTHS=-1.62 (29.9x dari median) | PREV_REFUSED_COUNT=2.89 (27.2x dari median),"Deviasi fitur lebih dari 50x median klaster, kemungkinan kesalahan input sistem.",Tim data engineering perlu memperbaiki flow pipeline ingestion untuk capping nilai ekstrem.
253077.0,cluster_2,Tipe A - Data Error,BUREAU_BB_SEVERE_DPD_MEAN=7.63 (150.0x dari median) | EXT_SOURCE_1=0.61 (44.4x dari median) | REGION_RATING_CLIENT_W_CITY=-2.04 (34.6x dari median) | YEARS_BIRTH=0.98 (32.3x dari median) | POS_MONTHS_COUNT=-0.69 (19.4x dari median),"Deviasi fitur lebih dari 50x median klaster, kemungkinan kesalahan input sistem.",Tim data engineering perlu memperbaiki flow pipeline ingestion untuk capping nilai ekstrem.
253942.0,cluster_2,Tipe B - Rare but Valid,CREDIT_TERM_MONTHS=0.85 (17.2x dari median) | OWN_CAR_AGE=6.68 (15.7x dari median) | YEARS_BIRTH=0.42 (14.5x dari median) | EXT_SOURCE_3=-1.50 (14.5x dari median) | POS_MONTHS_COUNT=-0.45 (13.0x dari median),Keadaan ekstrem secara statistik namun masih masuk secara logika riil (Tail-end customer).,"Berpeluang cross-selling khusus untuk Very High Net Worth Individual, bila bukan risiko gagal bayar."
254019.0,cluster_2,Tipe A - Data Error,EXT_SOURCE_1=-1.02 (76.7x dari median) | POS_MONTHS_COUNT=1.93 (50.7x dari median) | YEARS_BIRTH=-1.21 (37.7x dari median) | CREDIT_TERM_MONTHS=1.70 (33.2x dari median) | CREDIT_TO_INCOME=5.10 (22.4x dari median),"Deviasi fitur lebih dari 50x median klaster, kemungkinan kesalahan input sistem.",Tim data engineering perlu memperbaiki flow pipeline ingestion untuk capping nilai ekstrem.
254119.0,cluster_2,Tipe B - Rare but Valid,CREDIT_TERM_MONTHS=1.95 (38.1x dari median) | AMT_REQ_CREDIT_BUREAU_YEAR=2.43 (18.5x dari median) | BUREAU_DAYS_CREDIT_MEAN=-1.41 (18.3x dari median) | BUREAU_ACTIVE_RATIO=-1.11 (17.7x dari median) | EXT_SOURCE_3=1.66 (13.9x dari median),Keadaan ekstrem secara statistik namun masih masuk secara logika riil (Tail-end customer).,"Berpeluang cross-selling khusus untuk Very High Net Worth Individual, bila bukan risiko gagal bayar."
254365.0,cluster_2,Tipe A - Data Error,EXT_SOURCE_1=0.74 (53.9x dari median) | AMT_REQ_CREDIT_BUREAU_YEAR=3.00 (23.2x dari median) | YEARS_BIRTH=-0.65 (19.8x dari median) | BUREAU_DEBT_TO_CREDIT_RATIO=0.90 (12.1x dari median) | AMT_INCOME_TOTAL=1.40 (11.9x dari median),"Deviasi fitur lebih dari 50x median klaster, kemungkinan kesalahan input sistem.",Tim data engineering perlu memperbaiki flow pipeline ingestion untuk capping nilai ekstrem.
254980.0,cluster_1,Tipe B - Rare but Valid,INST_SEVERE_LATE_RATIO=6.92 (42.1x dari median) | REGION_RATING_CLIENT_W_CITY=-2.04 (34.6x dari median) | BUREAU_BB_DPD_RATIO_MEAN=5.62 (29.9x dari median) | YEARS_BIRTH=1.48 (8.9x dari median) | INST_DPD_MEAN=0.76 (7.7x dari median),Keadaan ekstrem secara statistik namun masih masuk secara logika riil (Tail-end customer).,"Berpeluang cross-selling khusus untuk Very High Net Worth Individual, bila bukan risiko gagal bayar."
255578.0,cluster_3,Tipe A - Data Error,BUREAU_BB_SEVERE_DPD_MEAN=49.39 (965.5x dari median) | BUREAU_BB_DPD_RATIO_MEAN=28.62 (148.2x dari median) | EXT_SOURCE_1=1.41 (103.7x dari median) | BUREAU_DAYS_CREDIT_MEAN=-0.80 (8.1x dari median) | YEARS_BIRTH=-0.86 (5.9x dari median),"Deviasi fitur lebih dari 50x median klaster, kemungkinan kesalahan input sistem.",Tim data engineering perlu memperbaiki flow pipeline ingestion untuk capping nilai ekstrem.
255787.0,cluster_1,Tipe B - Rare but Valid,INST_SEVERE_LATE_RATIO=4.64 (28.6x dari median) | INST_DPD_MEAN=1.98 (18.4x dari median) | INST_DPD_MAX=2.17 (14.5x dari median) | BUREAU_DAYS_CREDIT_MEAN=1.45 (9.3x dari median) | YEARS_BIRTH=-1.43 (6.6x dari median),Keadaan ekstrem secara statistik namun masih masuk secara logika riil (Tail-end customer).,"Berpeluang cross-selling khusus untuk Very High Net Worth Individual, bila bukan risiko gagal bayar."
255832.0,cluster_2,Tipe B - Rare but Valid,REGION_RATING_CLIENT_W_CITY=1.92 (34.6x dari median) | POS_MONTHS_COUNT=0.76 (19.4x dari median) | BUREAU_COUNT=2.24 (13.4x dari median) | YEARS_BIRTH=0.30 (10.5x dari median) | EXT_SOURCE_3=-0.89 (9.0x dari median),Keadaan ekstrem secara statistik namun masih masuk secara logika riil (Tail-end customer).,"Berpeluang cross-selling khusus untuk Very High Net Worth Individual, bila bukan risiko gagal bayar."
256567.0,cluster_4,Tipe B - Rare but Valid,POS_SK_DPD_MEAN=7.04 (34.8x dari median) | CREDIT_TERM_MONTHS=1.88 (25.9x dari median) | PREV_APPROVAL_RATE=0.96 (19.4x dari median) | YEARS_EMPLOYED=4.63 (14.6x dari median) | YEARS_BIRTH=1.60 (11.6x dari median),Keadaan ekstrem secara statistik namun masih masuk secara logika riil (Tail-end customer).,"Berpeluang cross-selling khusus untuk Very High Net Worth Individual, bila bukan risiko gagal bayar."
256627.0,cluster_1,Tipe B - Rare but Valid,EXT_SOURCE_2=-1.35 (14.2x dari median) | BUREAU_DAYS_CREDIT_MEAN=1.45 (9.3x dari median) | YEARS_BIRTH=-1.24 (5.6x dari median) | BUREAU_ACTIVE_RATIO=-1.11 (4.3x dari median) | INST_LATE_RATIO=1.34 (3.1x dari median),Keadaan ekstrem secara statistik namun masih masuk secara logika riil (Tail-end customer).,"Berpeluang cross-selling khusus untuk Very High Net Worth Individual, bila bukan risiko gagal bayar."
256690.0,cluster_2,Tipe B - Rare but Valid,BUREAU_BB_SEVERE_DPD_MEAN=1.73 (34.7x dari median) | INST_DPD_MAX=2.43 (24.3x dari median) | EXT_SOURCE_1=-0.29 (22.9x dari median) | YEARS_EMPLOYED=2.65 (13.5x dari median) | POS_MONTHS_COUNT=0.52 (13.0x dari median),Keadaan ekstrem secara statistik namun masih masuk secara logika riil (Tail-end customer).,"Berpeluang cross-selling khusus untuk Very High Net Worth Individual, bila bukan risiko gagal bayar."
257026.0,cluster_2,Tipe A - Data Error,EXT_SOURCE_1=1.81 (133.7x dari median) | EXT_SOURCE_3=-2.75 (25.7x dari median) | YEARS_BIRTH=0.61 (20.5x dari median) | CREDIT_TERM_MONTHS=-1.08 (19.6x dari median) | POS_MONTHS_COUNT=-0.65 (18.4x dari median),"Deviasi fitur lebih dari 50x median klaster, kemungkinan kesalahan input sistem.",Tim data engineering perlu memperbaiki flow pipeline ingestion untuk capping nilai ekstrem.
257118.0,cluster_1,Tipe A - Data Error,EXT_SOURCE_1=0.76 (55.3x dari median) | BUREAU_DAYS_CREDIT_MEAN=-1.10 (8.8x dari median) | CNT_CHILDREN=3.60 (7.2x dari median) | EXT_SOURCE_3=0.80 (6.2x dari median) | POS_MONTHS_COUNT=1.01 (3.5x dari median),"Deviasi fitur lebih dari 50x median klaster, kemungkinan kesalahan input sistem.",Tim data engineering perlu memperbaiki flow pipeline ingestion untuk capping nilai ekstrem.
257148.0,cluster_2,Tipe A - Data Error,POS_MONTHS_COUNT=2.54 (66.9x dari median) | AMT_REQ_CREDIT_BUREAU_YEAR=3.58 (27.8x dari median) | YEARS_BIRTH=0.80 (26.5x dari median) | BUREAU_DAYS_CREDIT_MEAN=-1.60 (20.9x dari median) | EXT_SOURCE_3=-1.93 (18.3x dari median),"Deviasi fitur lebih dari 50x median klaster, kemungkinan kesalahan input sistem.",Tim data engineering perlu memperbaiki flow pipeline ingestion untuk capping nilai ekstrem.
257751.0,cluster_2,Tipe A - Data Error,CC_SK_DPD_MEAN=19.90 (400.7x dari median) | BUREAU_DAYS_CREDIT_MEAN=-2.51 (33.3x dari median) | POS_MONTHS_COUNT=-1.05 (29.1x dari median) | BUREAU_ACTIVE_RATIO=-1.11 (17.7x dari median) | YEARS_BIRTH=-0.59 (17.7x dari median),"Deviasi fitur lebih dari 50x median klaster, kemungkinan kesalahan input sistem.",Tim data engineering perlu memperbaiki flow pipeline ingestion untuk capping nilai ekstrem.
257821.0,cluster_3,Tipe B - Rare but Valid,INST_SEVERE_LATE_RATIO=5.63 (34.4x dari median) | YEARS_BIRTH=-1.29 (9.3x dari median) | INST_DPD_MEAN=0.90 (8.9x dari median) | INST_LATE_RATIO=3.40 (6.4x dari median) | BUREAU_DAYS_CREDIT_MEAN=-0.51 (5.5x dari median),Keadaan ekstrem secara statistik namun masih masuk secara logika riil (Tail-end customer).,"Berpeluang cross-selling khusus untuk Very High Net Worth Individual, bila bukan risiko gagal bayar."
257958.0,cluster_0,Tipe A - Data Error,EXT_SOURCE_3=-0.92 (428.0x dari median) | EXT_SOURCE_1=1.05 (76.9x dari median) | BUREAU_ACTIVE_RATIO=2.03 (35.5x dari median) | REGION_RATING_CLIENT_W_CITY=-2.04 (34.6x dari median) | BUREAU_DEBT_TO_CREDIT_RATIO=1.78 (26.4x dari median),"Deviasi fitur lebih dari 50x median klaster, kemungkinan kesalahan input sistem.",Tim data engineering perlu memperbaiki flow pipeline ingestion untuk capping nilai ekstrem.
258101.0,cluster_3,Tipe A - Data Error,EXT_SOURCE_1=-2.79 (208.4x dari median) | AMT_INCOME_TOTAL=-3.26 (21.5x dari median) | BUREAU_DAYS_CREDIT_MEAN=1.45 (11.9x dari median) | ANNUITY_TO_INCOME=5.62 (10.3x dari median) | YEARS_BIRTH=1.13 (10.0x dari median),"Deviasi fitur lebih dari 50x median klaster, kemungkinan kesalahan input sistem.",Tim data engineering perlu memperbaiki flow pipeline ingestion untuk capping nilai ekstrem.
258127.0,cluster_4,Tipe A - Data Error,POS_SK_DPD_MEAN=17.89 (90.1x dari median) | PREV_APPROVAL_RATE=-2.34 (43.7x dari median) | CREDIT_TERM_MONTHS=1.27 (17.8x dari median) | CREDIT_TO_INCOME=1.79 (12.4x dari median) | ANNUITY_TO_INCOME=1.01 (12.1x dari median),"Deviasi fitur lebih dari 50x median klaster, kemungkinan kesalahan input sistem.",Tim data engineering perlu memperbaiki flow pipeline ingestion untuk capping nilai ekstrem.
258128.0,cluster_2,Tipe B - Rare but Valid,REGION_RATING_CLIENT_W_CITY=1.92 (34.6x dari median) | POS_MONTHS_COUNT=-0.69 (19.4x dari median) | AMT_ANNUITY=-2.30 (18.9x dari median) | AMT_REQ_CREDIT_BUREAU_YEAR=2.43 (18.5x dari median) | BUREAU_ACTIVE_RATIO=0.78 (14.2x dari median),Keadaan ekstrem secara statistik namun masih masuk secara logika riil (Tail-end customer).,"Berpeluang cross-selling khusus untuk Very High Net Worth Individual, bila bukan risiko gagal bayar."
258315.0,cluster_1,Tipe A - Data Error,EXT_SOURCE_1=1.74 (128.4x dari median) | INST_SEVERE_LATE_RATIO=4.08 (25.3x dari median) | EXT_SOURCE_3=1.12 (9.1x dari median) | CC_MONTHS_COUNT=3.41 (8.8x dari median) | EXT_SOURCE_2=0.98 (8.5x dari median),"Deviasi fitur lebih dari 50x median klaster, kemungkinan kesalahan input sistem.",Tim data engineering perlu memperbaiki flow pipeline ingestion untuk capping nilai ekstrem.
258892.0,cluster_2,Tipe A - Data Error,EXT_SOURCE_1=1.27 (93.1x dari median) | POS_MONTHS_COUNT=-1.01 (28.1x dari median) | CREDIT_TERM_MONTHS=-1.37 (24.9x dari median) | YEARS_EMPLOYED=2.93 (14.8x dari median) | PREV_APPROVAL_RATE=0.96 (8.0x dari median),"Deviasi fitur lebih dari 50x median klaster, kemungkinan kesalahan input sistem.",Tim data engineering perlu memperbaiki flow pipeline ingestion untuk capping nilai ekstrem.
259147.0,cluster_2,Tipe A - Data Error,EXT_SOURCE_1=1.91 (140.6x dari median) | POS_MONTHS_COUNT=3.55 (93.9x dari median) | YEARS_BIRTH=0.43 (14.7x dari median) | PREV_COUNT=3.60 (10.7x dari median) | AMT_INCOME_TOTAL=1.08 (8.9x dari median),"Deviasi fitur lebih dari 50x median klaster, kemungkinan kesalahan input sistem.",Tim data engineering perlu memperbaiki flow pipeline ingestion untuk capping nilai ekstrem.
259266.0,cluster_3,Tipe A - Data Error,INST_SEVERE_LATE_RATIO=8.33 (50.5x dari median) | BUREAU_DAYS_CREDIT_MEAN=-1.49 (14.2x dari median) | INST_LATE_RATIO=5.28 (9.4x dari median) | INST_DPD_MEAN=0.92 (9.1x dari median) | EXT_SOURCE_3=-0.59 (6.3x dari median),"Deviasi fitur lebih dari 50x median klaster, kemungkinan kesalahan input sistem.",Tim data engineering perlu memperbaiki flow pipeline ingestion untuk capping nilai ekstrem.
259398.0,cluster_4,Tipe B - Rare but Valid,CREDIT_TERM_MONTHS=-1.41 (17.8x dari median) | BUREAU_ACTIVE_RATIO=-1.11 (17.7x dari median) | AMT_ANNUITY=-1.14 (14.6x dari median) | EXT_SOURCE_1=0.21 (14.6x dari median) | AMT_CREDIT=-1.81 (13.6x dari median),Keadaan ekstrem secara statistik namun masih masuk secara logika riil (Tail-end customer).,"Berpeluang cross-selling khusus untuk Very High Net Worth Individual, bila bukan risiko gagal bayar."
259523.0,cluster_0,Tipe A - Data Error,EXT_SOURCE_3=-0.90 (419.2x dari median) | PREV_REFUSED_COUNT=6.79 (65.2x dari median) | BUREAU_BB_SEVERE_DPD_MEAN=2.19 (43.8x dari median) | CREDIT_TERM_MONTHS=0.87 (17.6x dari median) | POS_MONTHS_COUNT=3.99 (11.5x dari median),"Deviasi fitur lebih dari 50x median klaster, kemungkinan kesalahan input sistem.",Tim data engineering perlu memperbaiki flow pipeline ingestion untuk capping nilai ekstrem.
259786.0,cluster_2,Tipe A - Data Error,YEARS_BIRTH=-1.66 (52.2x dari median) | POS_MONTHS_COUNT=1.77 (46.4x dari median) | BUREAU_ACTIVE_RATIO=2.03 (35.5x dari median) | AMT_REQ_CREDIT_BUREAU_YEAR=3.58 (27.8x dari median) | EXT_SOURCE_3=-2.20 (20.8x dari median),"Deviasi fitur lebih dari 50x median klaster, kemungkinan kesalahan input sistem.",Tim data engineering perlu memperbaiki flow pipeline ingestion untuk capping nilai ekstrem.
259834.0,cluster_2,Tipe B - Rare but Valid,CREDIT_TERM_MONTHS=1.68 (32.8x dari median) | BUREAU_ACTIVE_RATIO=1.41 (24.8x dari median) | AMT_REQ_CREDIT_BUREAU_YEAR=3.00 (23.2x dari median) | BUREAU_DEBT_TO_CREDIT_RATIO=1.38 (18.0x dari median) | PREV_APPROVAL_RATE=-1.37 (9.0x dari median),Keadaan ekstrem secara statistik namun masih masuk secara logika riil (Tail-end customer).,"Berpeluang cross-selling khusus untuk Very High Net Worth Individual, bila bukan risiko gagal bayar."
259912.0,cluster_4,Tipe A - Data Error,CC_SK_DPD_MEAN=7.01 (141.7x dari median) | CREDIT_TERM_MONTHS=1.67 (23.2x dari median) | BUREAU_ACTIVE_RATIO=0.99 (17.7x dari median) | PREV_APPROVAL_RATE=-0.69 (12.1x dari median) | ANNUITY_TO_INCOME=-1.06 (10.6x dari median),"Deviasi fitur lebih dari 50x median klaster, kemungkinan kesalahan input sistem.",Tim data engineering perlu memperbaiki flow pipeline ingestion untuk capping nilai ekstrem.
260255.0,cluster_2,Tipe A - Data Error,EXT_SOURCE_1=1.01 (74.1x dari median) | POS_MONTHS_COUNT=2.10 (55.1x dari median) | REGION_RATING_CLIENT_W_CITY=1.92 (34.6x dari median) | CREDIT_TERM_MONTHS=0.87 (17.5x dari median) | YEARS_EMPLOYED=2.65 (13.5x dari median),"Deviasi fitur lebih dari 50x median klaster, kemungkinan kesalahan input sistem.",Tim data engineering perlu memperbaiki flow pipeline ingestion untuk capping nilai ekstrem.
260470.0,cluster_2,Tipe A - Data Error,EXT_SOURCE_1=2.07 (153.0x dari median) | REGION_RATING_CLIENT_W_CITY=-2.04 (34.6x dari median) | POS_MONTHS_COUNT=1.17 (30.2x dari median) | CREDIT_TERM_MONTHS=1.17 (23.2x dari median) | YEARS_BIRTH=-0.53 (16.0x dari median),"Deviasi fitur lebih dari 50x median klaster, kemungkinan kesalahan input sistem.",Tim data engineering perlu memperbaiki flow pipeline ingestion untuk capping nilai ekstrem.
260796.0,cluster_2,Tipe A - Data Error,EXT_SOURCE_1=3.08 (227.4x dari median) | POS_MONTHS_COUNT=2.14 (56.1x dari median) | YEARS_BIRTH=0.79 (26.3x dari median) | BUREAU_DAYS_CREDIT_MEAN=-1.09 (13.9x dari median) | BUREAU_COUNT=1.80 (11.0x dari median),"Deviasi fitur lebih dari 50x median klaster, kemungkinan kesalahan input sistem.",Tim data engineering perlu memperbaiki flow pipeline ingestion untuk capping nilai ekstrem.
260797.0,cluster_4,Tipe A - Data Error,EXT_SOURCE_1=2.28 (168.0x dari median) | POS_SK_DPD_MEAN=3.83 (18.5x dari median) | CREDIT_TERM_MONTHS=-1.35 (16.9x dari median) | ANNUITY_TO_INCOME=1.37 (16.0x dari median) | AMT_ANNUITY=1.26 (14.1x dari median),"Deviasi fitur lebih dari 50x median klaster, kemungkinan kesalahan input sistem.",Tim data engineering perlu memperbaiki flow pipeline ingestion untuk capping nilai ekstrem.
260982.0,cluster_1,Tipe A - Data Error,EXT_SOURCE_1=2.61 (192.5x dari median) | BUREAU_BB_SEVERE_DPD_MEAN=5.31 (104.7x dari median) | INST_DPD_MAX=3.54 (23.0x dari median) | INST_DPD_MEAN=2.05 (19.0x dari median) | BUREAU_BB_DPD_RATIO_MEAN=3.46 (18.8x dari median),"Deviasi fitur lebih dari 50x median klaster, kemungkinan kesalahan input sistem.",Tim data engineering perlu memperbaiki flow pipeline ingestion untuk capping nilai ekstrem.
261156.0,cluster_2,Tipe B - Rare but Valid,BUREAU_BB_DPD_RATIO_MEAN=6.76 (35.8x dari median) | REGION_RATING_CLIENT_W_CITY=1.92 (34.6x dari median) | POS_MONTHS_COUNT=1.09 (28.1x dari median) | EXT_SOURCE_1=0.38 (27.5x dari median) | YEARS_BIRTH=-0.73 (22.5x dari median),Keadaan ekstrem secara statistik namun masih masuk secara logika riil (Tail-end customer).,"Berpeluang cross-selling khusus untuk Very High Net Worth Individual, bila bukan risiko gagal bayar."
261507.0,cluster_1,Tipe B - Rare but Valid,REGION_RATING_CLIENT_W_CITY=-2.04 (34.6x dari median) | EXT_SOURCE_2=1.53 (13.9x dari median) | BUREAU_DAYS_CREDIT_MEAN=1.45 (9.3x dari median) | PREV_APPROVAL_RATE=-2.34 (6.7x dari median) | AMT_INCOME_TOTAL=1.84 (5.2x dari median),Keadaan ekstrem secara statistik namun masih masuk secara logika riil (Tail-end customer).,"Berpeluang cross-selling khusus untuk Very High Net Worth Individual, bila bukan risiko gagal bayar."
261560.0,cluster_2,Tipe A - Data Error,EXT_SOURCE_1=-0.70 (53.3x dari median) | POS_MONTHS_COUNT=0.97 (24.8x dari median) | EXT_SOURCE_3=-2.35 (22.1x dari median) | INST_DPD_MAX=2.12 (21.3x dari median) | BUREAU_COUNT=3.34 (19.6x dari median),"Deviasi fitur lebih dari 50x median klaster, kemungkinan kesalahan input sistem.",Tim data engineering perlu memperbaiki flow pipeline ingestion untuk capping nilai ekstrem.
261683.0,cluster_1,Tipe B - Rare but Valid,REGION_RATING_CLIENT_W_CITY=1.92 (34.6x dari median) | INST_SEVERE_LATE_RATIO=3.28 (20.5x dari median) | EXT_SOURCE_3=-1.72 (16.5x dari median) | BUREAU_ACTIVE_RATIO=2.03 (10.8x dari median) | INST_DPD_MEAN=0.93 (9.2x dari median),Keadaan ekstrem secara statistik namun masih masuk secara logika riil (Tail-end customer).,"Berpeluang cross-selling khusus untuk Very High Net Worth Individual, bila bukan risiko gagal bayar."
261763.0,cluster_1,Tipe A - Data Error,EXT_SOURCE_1=-1.14 (86.0x dari median) | INST_SEVERE_LATE_RATIO=7.80 (47.4x dari median) | REGION_RATING_CLIENT_W_CITY=-2.04 (34.6x dari median) | EXT_SOURCE_3=-2.55 (23.9x dari median) | OWN_CAR_AGE=6.68 (15.7x dari median),"Deviasi fitur lebih dari 50x median klaster, kemungkinan kesalahan input sistem.",Tim data engineering perlu memperbaiki flow pipeline ingestion untuk capping nilai ekstrem.
262551.0,cluster_0,Tipe A - Data Error,EXT_SOURCE_3=1.29 (604.9x dari median) | PREV_REFUSED_COUNT=2.33 (21.7x dari median) | CREDIT_TERM_MONTHS=-1.10 (20.0x dari median) | INST_DPD_MAX=2.40 (17.9x dari median) | EXT_SOURCE_1=0.24 (17.1x dari median),"Deviasi fitur lebih dari 50x median klaster, kemungkinan kesalahan input sistem.",Tim data engineering perlu memperbaiki flow pipeline ingestion untuk capping nilai ekstrem.
262644.0,cluster_0,Tipe A - Data Error,EXT_SOURCE_3=-2.54 (1185.0x dari median) | EXT_SOURCE_1=2.01 (148.4x dari median) | BUREAU_ACTIVE_RATIO=1.49 (26.2x dari median) | BUREAU_COUNT=4.00 (14.4x dari median) | BUREAU_DEBT_TO_CREDIT_RATIO=0.74 (11.6x dari median),"Deviasi fitur lebih dari 50x median klaster, kemungkinan kesalahan input sistem.",Tim data engineering perlu memperbaiki flow pipeline ingestion untuk capping nilai ekstrem.
262939.0,cluster_4,Tipe B - Rare but Valid,CC_SK_DPD_MEAN=1.57 (32.4x dari median) | PREV_APPROVAL_RATE=0.96 (19.4x dari median) | AMT_ANNUITY=-1.51 (19.0x dari median) | BUREAU_COUNT=2.02 (12.2x dari median) | EXT_SOURCE_3=1.34 (11.0x dari median),Keadaan ekstrem secara statistik namun masih masuk secara logika riil (Tail-end customer).,"Berpeluang cross-selling khusus untuk Very High Net Worth Individual, bila bukan risiko gagal bayar."
262996.0,cluster_2,Tipe A - Data Error,CC_SK_DPD_MEAN=18.10 (364.5x dari median) | EXT_SOURCE_1=1.98 (146.0x dari median) | POS_MONTHS_COUNT=-1.13 (31.3x dari median) | CREDIT_TERM_MONTHS=1.26 (25.0x dari median) | BUREAU_ACTIVE_RATIO=0.89 (16.1x dari median),"Deviasi fitur lebih dari 50x median klaster, kemungkinan kesalahan input sistem.",Tim data engineering perlu memperbaiki flow pipeline ingestion untuk capping nilai ekstrem.
263212.0,cluster_0,Tipe A - Data Error,EXT_SOURCE_3=0.17 (81.9x dari median) | REGION_RATING_CLIENT_W_CITY=1.92 (34.6x dari median) | PREV_REFUSED_COUNT=2.89 (27.2x dari median) | INST_DPD_MAX=3.15 (23.2x dari median) | POS_MONTHS_COUNT=3.99 (11.5x dari median),"Deviasi fitur lebih dari 50x median klaster, kemungkinan kesalahan input sistem.",Tim data engineering perlu memperbaiki flow pipeline ingestion untuk capping nilai ekstrem.
263351.0,cluster_2,Tipe A - Data Error,EXT_SOURCE_1=-1.26 (94.4x dari median) | POS_MONTHS_COUNT=1.93 (50.7x dari median) | AMT_REQ_CREDIT_BUREAU_YEAR=3.58 (27.8x dari median) | AMT_INCOME_TOTAL=2.47 (21.6x dari median) | PREV_COUNT=4.54 (13.7x dari median),"Deviasi fitur lebih dari 50x median klaster, kemungkinan kesalahan input sistem.",Tim data engineering perlu memperbaiki flow pipeline ingestion untuk capping nilai ekstrem.
263363.0,cluster_0,Tipe A - Data Error,EXT_SOURCE_3=-1.58 (735.6x dari median) | PREV_REFUSED_COUNT=22.39 (217.3x dari median) | REGION_RATING_CLIENT_W_CITY=1.92 (34.6x dari median) | CREDIT_TERM_MONTHS=-1.32 (24.3x dari median) | BUREAU_DEBT_TO_CREDIT_RATIO=1.39 (20.9x dari median),"Deviasi fitur lebih dari 50x median klaster, kemungkinan kesalahan input sistem.",Tim data engineering perlu memperbaiki flow pipeline ingestion untuk capping nilai ekstrem.
263428.0,cluster_1,Tipe A - Data Error,POS_SK_DPD_MEAN=15.40 (221.0x dari median) | EXT_SOURCE_1=-0.59 (44.7x dari median) | OWN_CAR_AGE=6.68 (15.7x dari median) | BUREAU_ACTIVE_RATIO=2.03 (10.8x dari median) | POS_MONTHS_COUNT=2.70 (7.6x dari median),"Deviasi fitur lebih dari 50x median klaster, kemungkinan kesalahan input sistem.",Tim data engineering perlu memperbaiki flow pipeline ingestion untuk capping nilai ekstrem.
264125.0,cluster_2,Tipe A - Data Error,POS_MONTHS_COUNT=2.70 (71.2x dari median) | EXT_SOURCE_1=-0.48 (36.9x dari median) | BUREAU_BB_SEVERE_DPD_MEAN=0.56 (11.9x dari median) | AMT_ANNUITY=-1.35 (11.5x dari median) | BUREAU_BB_DPD_RATIO_MEAN=1.97 (11.1x dari median),"Deviasi fitur lebih dari 50x median klaster, kemungkinan kesalahan input sistem.",Tim data engineering perlu memperbaiki flow pipeline ingestion untuk capping nilai ekstrem.
264328.0,cluster_4,Tipe B - Rare but Valid,PREV_APPROVAL_RATE=0.96 (19.4x dari median) | ANNUITY_TO_INCOME=0.90 (10.9x dari median) | CREDIT_TERM_MONTHS=0.53 (8.0x dari median) | AMT_ANNUITY=0.75 (8.0x dari median) | CREDIT_TO_INCOME=1.08 (7.9x dari median),Keadaan ekstrem secara statistik namun masih masuk secara logika riil (Tail-end customer).,"Berpeluang cross-selling khusus untuk Very High Net Worth Individual, bila bukan risiko gagal bayar."
264787.0,cluster_2,Tipe A - Data Error,CC_SK_DPD_MEAN=6.26 (126.7x dari median) | REGION_RATING_CLIENT_W_CITY=1.92 (34.6x dari median) | CREDIT_TERM_MONTHS=1.28 (25.4x dari median) | BUREAU_ACTIVE_RATIO=-1.11 (17.7x dari median) | YEARS_BIRTH=0.50 (16.9x dari median),"Deviasi fitur lebih dari 50x median klaster, kemungkinan kesalahan input sistem.",Tim data engineering perlu memperbaiki flow pipeline ingestion untuk capping nilai ekstrem.
264911.0,cluster_2,Tipe A - Data Error,EXT_SOURCE_1=1.57 (115.7x dari median) | YEARS_BIRTH=1.11 (36.6x dari median) | CREDIT_TERM_MONTHS=1.69 (33.2x dari median) | POS_MONTHS_COUNT=0.80 (20.5x dari median) | AMT_INCOME_TOTAL=1.70 (14.6x dari median),"Deviasi fitur lebih dari 50x median klaster, kemungkinan kesalahan input sistem.",Tim data engineering perlu memperbaiki flow pipeline ingestion untuk capping nilai ekstrem.
264974.0,cluster_3,Tipe A - Data Error,EXT_SOURCE_1=1.75 (128.7x dari median) | BUREAU_BB_SEVERE_DPD_MEAN=1.49 (30.0x dari median) | BUREAU_BB_DPD_RATIO_MEAN=3.37 (18.3x dari median) | EXT_SOURCE_3=-1.57 (15.1x dari median) | BUREAU_DAYS_CREDIT_MEAN=-1.03 (10.1x dari median),"Deviasi fitur lebih dari 50x median klaster, kemungkinan kesalahan input sistem.",Tim data engineering perlu memperbaiki flow pipeline ingestion untuk capping nilai ekstrem.
265813.0,cluster_2,Tipe B - Rare but Valid,YEARS_BIRTH=1.37 (44.8x dari median) | AMT_REQ_CREDIT_BUREAU_YEAR=3.58 (27.8x dari median) | POS_MONTHS_COUNT=-0.53 (15.1x dari median) | PREV_APPROVAL_RATE=-1.93 (13.1x dari median) | AMT_ANNUITY=1.59 (11.4x dari median),Keadaan ekstrem secara statistik namun masih masuk secara logika riil (Tail-end customer).,"Berpeluang cross-selling khusus untuk Very High Net Worth Individual, bila bukan risiko gagal bayar."
265843.0,cluster_2,Tipe B - Rare but Valid,INST_DPD_MAX=3.85 (38.0x dari median) | CREDIT_TERM_MONTHS=1.68 (32.8x dari median) | CC_SK_DPD_MEAN=1.16 (24.3x dari median) | POS_MONTHS_COUNT=-0.85 (23.7x dari median) | YEARS_EMPLOYED=3.61 (18.0x dari median),Keadaan ekstrem secara statistik namun masih masuk secara logika riil (Tail-end customer).,"Berpeluang cross-selling khusus untuk Very High Net Worth Individual, bila bukan risiko gagal bayar."
265854.0,cluster_3,Tipe A - Data Error,EXT_SOURCE_1=-2.42 (180.4x dari median) | INST_SEVERE_LATE_RATIO=6.92 (42.1x dari median) | BUREAU_BB_DPD_RATIO_MEAN=7.67 (40.4x dari median) | REGION_RATING_CLIENT_W_CITY=1.92 (34.6x dari median) | EXT_SOURCE_3=-1.71 (16.3x dari median),"Deviasi fitur lebih dari 50x median klaster, kemungkinan kesalahan input sistem.",Tim data engineering perlu memperbaiki flow pipeline ingestion untuk capping nilai ekstrem.
265925.0,cluster_1,Tipe A - Data Error,INST_SEVERE_LATE_RATIO=8.94 (54.1x dari median) | EXT_SOURCE_1=0.64 (46.7x dari median) | REGION_RATING_CLIENT_W_CITY=1.92 (34.6x dari median) | EXT_SOURCE_3=-1.62 (15.6x dari median) | INST_DPD_MEAN=0.87 (8.7x dari median),"Deviasi fitur lebih dari 50x median klaster, kemungkinan kesalahan input sistem.",Tim data engineering perlu memperbaiki flow pipeline ingestion untuk capping nilai ekstrem.
266703.0,cluster_2,Tipe A - Data Error,POS_MONTHS_COUNT=2.46 (64.8x dari median) | BUREAU_ACTIVE_RATIO=2.03 (35.5x dari median) | REGION_RATING_CLIENT_W_CITY=1.92 (34.6x dari median) | AMT_REQ_CREDIT_BUREAU_YEAR=3.58 (27.8x dari median) | CREDIT_TERM_MONTHS=1.27 (25.1x dari median),"Deviasi fitur lebih dari 50x median klaster, kemungkinan kesalahan input sistem.",Tim data engineering perlu memperbaiki flow pipeline ingestion untuk capping nilai ekstrem.
266807.0,cluster_2,Tipe A - Data Error,EXT_SOURCE_1=-2.09 (156.5x dari median) | REGION_RATING_CLIENT_W_CITY=-2.04 (34.6x dari median) | CREDIT_TERM_MONTHS=-1.56 (28.6x dari median) | POS_MONTHS_COUNT=0.93 (23.7x dari median) | YEARS_BIRTH=-0.65 (19.9x dari median),"Deviasi fitur lebih dari 50x median klaster, kemungkinan kesalahan input sistem.",Tim data engineering perlu memperbaiki flow pipeline ingestion untuk capping nilai ekstrem.
266955.0,cluster_3,Tipe B - Rare but Valid,REGION_RATING_CLIENT_W_CITY=1.92 (34.6x dari median) | AMT_INCOME_TOTAL=2.47 (18.0x dari median) | YEARS_BIRTH=-1.03 (7.2x dari median) | YEARS_EMPLOYED=0.79 (3.5x dari median) | PREV_APPROVAL_RATE=-2.34 (3.4x dari median),Keadaan ekstrem secara statistik namun masih masuk secara logika riil (Tail-end customer).,"Berpeluang cross-selling khusus untuk Very High Net Worth Individual, bila bukan risiko gagal bayar."
266980.0,cluster_2,Tipe A - Data Error,EXT_SOURCE_1=0.69 (50.2x dari median) | YEARS_BIRTH=-1.08 (33.7x dari median) | BUREAU_ACTIVE_RATIO=0.86 (15.5x dari median) | BUREAU_DEBT_TO_CREDIT_RATIO=1.02 (13.5x dari median) | EXT_SOURCE_3=-1.17 (11.5x dari median),"Deviasi fitur lebih dari 50x median klaster, kemungkinan kesalahan input sistem.",Tim data engineering perlu memperbaiki flow pipeline ingestion untuk capping nilai ekstrem.
267306.0,cluster_1,Tipe A - Data Error,EXT_SOURCE_1=-2.54 (189.7x dari median) | INST_SEVERE_LATE_RATIO=6.92 (42.1x dari median) | INST_DPD_MEAN=1.10 (10.7x dari median) | BUREAU_DAYS_CREDIT_MEAN=1.07 (6.6x dari median) | INST_DPD_MAX=0.73 (5.5x dari median),"Deviasi fitur lebih dari 50x median klaster, kemungkinan kesalahan input sistem.",Tim data engineering perlu memperbaiki flow pipeline ingestion untuk capping nilai ekstrem.
267663.0,cluster_2,Tipe A - Data Error,EXT_SOURCE_1=1.24 (91.1x dari median) | POS_MONTHS_COUNT=1.09 (28.1x dari median) | YEARS_BIRTH=-0.70 (21.3x dari median) | BUREAU_ACTIVE_RATIO=0.64 (11.8x dari median) | BUREAU_DAYS_CREDIT_MEAN=-0.90 (11.2x dari median),"Deviasi fitur lebih dari 50x median klaster, kemungkinan kesalahan input sistem.",Tim data engineering perlu memperbaiki flow pipeline ingestion untuk capping nilai ekstrem.
267953.0,cluster_2,Tipe A - Data Error,EXT_SOURCE_1=1.31 (96.2x dari median) | REGION_RATING_CLIENT_W_CITY=1.92 (34.6x dari median) | CREDIT_TERM_MONTHS=1.68 (32.8x dari median) | YEARS_BIRTH=0.67 (22.5x dari median) | POS_MONTHS_COUNT=0.76 (19.4x dari median),"Deviasi fitur lebih dari 50x median klaster, kemungkinan kesalahan input sistem.",Tim data engineering perlu memperbaiki flow pipeline ingestion untuk capping nilai ekstrem.
268034.0,cluster_2,Tipe A - Data Error,POS_MONTHS_COUNT=3.31 (87.4x dari median) | YEARS_BIRTH=1.07 (35.3x dari median) | EXT_SOURCE_3=1.39 (11.4x dari median) | BUREAU_ACTIVE_RATIO=0.46 (8.9x dari median) | AMT_INCOME_TOTAL=1.05 (8.7x dari median),"Deviasi fitur lebih dari 50x median klaster, kemungkinan kesalahan input sistem.",Tim data engineering perlu memperbaiki flow pipeline ingestion untuk capping nilai ekstrem.
268072.0,cluster_2,Tipe B - Rare but Valid,BUREAU_ACTIVE_RATIO=2.03 (35.5x dari median) | BUREAU_DEBT_TO_CREDIT_RATIO=1.87 (24.0x dari median) | POS_MONTHS_COUNT=0.80 (20.5x dari median) | YEARS_BIRTH=-0.60 (18.2x dari median) | EXT_SOURCE_3=-1.89 (18.0x dari median),Keadaan ekstrem secara statistik namun masih masuk secara logika riil (Tail-end customer).,"Berpeluang cross-selling khusus untuk Very High Net Worth Individual, bila bukan risiko gagal bayar."
268167.0,cluster_2,Tipe B - Rare but Valid,REGION_RATING_CLIENT_W_CITY=1.92 (34.6x dari median) | BUREAU_BB_DPD_RATIO_MEAN=4.88 (26.1x dari median) | YEARS_BIRTH=0.59 (20.0x dari median) | INST_SEVERE_LATE_RATIO=3.12 (19.5x dari median) | PREV_REFUSED_COUNT=7.35 (17.2x dari median),Keadaan ekstrem secara statistik namun masih masuk secara logika riil (Tail-end customer).,"Berpeluang cross-selling khusus untuk Very High Net Worth Individual, bila bukan risiko gagal bayar."
268345.0,cluster_1,Tipe A - Data Error,EXT_SOURCE_1=0.84 (61.5x dari median) | EXT_SOURCE_3=1.01 (8.1x dari median) | YEARS_EMPLOYED=2.26 (6.1x dari median) | EXT_SOURCE_2=0.73 (6.1x dari median) | AMT_INCOME_TOTAL=-2.73 (5.3x dari median),"Deviasi fitur lebih dari 50x median klaster, kemungkinan kesalahan input sistem.",Tim data engineering perlu memperbaiki flow pipeline ingestion untuk capping nilai ekstrem.
268476.0,cluster_4,Tipe B - Rare but Valid,BUREAU_ACTIVE_RATIO=1.25 (22.2x dari median) | CREDIT_TERM_MONTHS=-1.49 (18.8x dari median) | PREV_APPROVAL_RATE=-0.69 (12.1x dari median) | EXT_SOURCE_3=-1.04 (10.3x dari median) | AMT_CREDIT=-0.79 (6.5x dari median),Keadaan ekstrem secara statistik namun masih masuk secara logika riil (Tail-end customer).,"Berpeluang cross-selling khusus untuk Very High Net Worth Individual, bila bukan risiko gagal bayar."
268691.0,cluster_2,Tipe B - Rare but Valid,YEARS_BIRTH=-1.12 (34.8x dari median) | POS_MONTHS_COUNT=1.33 (34.5x dari median) | BUREAU_ACTIVE_RATIO=1.64 (28.8x dari median) | EXT_SOURCE_3=-2.62 (24.5x dari median) | EXT_SOURCE_1=-0.29 (22.6x dari median),Keadaan ekstrem secara statistik namun masih masuk secara logika riil (Tail-end customer).,"Berpeluang cross-selling khusus untuk Very High Net Worth Individual, bila bukan risiko gagal bayar."
268739.0,cluster_2,Tipe A - Data Error,EXT_SOURCE_1=-0.79 (59.8x dari median) | YEARS_BIRTH=-0.90 (27.9x dari median) | CREDIT_TERM_MONTHS=-1.51 (27.7x dari median) | BUREAU_DAYS_CREDIT_MEAN=-2.05 (27.0x dari median) | EXT_SOURCE_3=1.35 (11.1x dari median),"Deviasi fitur lebih dari 50x median klaster, kemungkinan kesalahan input sistem.",Tim data engineering perlu memperbaiki flow pipeline ingestion untuk capping nilai ekstrem.
268950.0,cluster_2,Tipe A - Data Error,POS_MONTHS_COUNT=3.35 (88.5x dari median) | EXT_SOURCE_1=0.78 (57.1x dari median) | CREDIT_TERM_MONTHS=-1.62 (29.7x dari median) | AMT_REQ_CREDIT_BUREAU_YEAR=3.58 (27.8x dari median) | BUREAU_ACTIVE_RATIO=0.99 (17.7x dari median),"Deviasi fitur lebih dari 50x median klaster, kemungkinan kesalahan input sistem.",Tim data engineering perlu memperbaiki flow pipeline ingestion untuk capping nilai ekstrem.
268991.0,cluster_4,Tipe A - Data Error,EXT_SOURCE_1=0.71 (51.8x dari median) | REGION_RATING_CLIENT_W_CITY=1.92 (34.6x dari median) | PREV_APPROVAL_RATE=-1.24 (22.7x dari median) | BUREAU_ACTIVE_RATIO=-1.11 (17.7x dari median) | CREDIT_TERM_MONTHS=-1.39 (17.5x dari median),"Deviasi fitur lebih dari 50x median klaster, kemungkinan kesalahan input sistem.",Tim data engineering perlu memperbaiki flow pipeline ingestion untuk capping nilai ekstrem.
269019.0,cluster_2,Tipe A - Data Error,CC_SK_DPD_MEAN=22.28 (448.4x dari median) | CREDIT_TERM_MONTHS=-1.22 (22.1x dari median) | YEARS_BIRTH=0.47 (16.0x dari median) | AMT_ANNUITY=-1.30 (11.1x dari median) | AMT_CREDIT=-1.73 (9.4x dari median),"Deviasi fitur lebih dari 50x median klaster, kemungkinan kesalahan input sistem.",Tim data engineering perlu memperbaiki flow pipeline ingestion untuk capping nilai ekstrem.
269154.0,cluster_4,Tipe A - Data Error,EXT_SOURCE_1=-1.41 (105.7x dari median) | POS_SK_DPD_MEAN=16.46 (82.7x dari median) | CREDIT_TERM_MONTHS=1.42 (19.9x dari median) | PREV_APPROVAL_RATE=0.96 (19.4x dari median) | BUREAU_ACTIVE_RATIO=0.99 (17.7x dari median),"Deviasi fitur lebih dari 50x median klaster, kemungkinan kesalahan input sistem.",Tim data engineering perlu memperbaiki flow pipeline ingestion untuk capping nilai ekstrem.
269331.0,cluster_2,Tipe A - Data Error,EXT_SOURCE_1=-1.57 (117.9x dari median) | POS_MONTHS_COUNT=1.53 (39.9x dari median) | BUREAU_ACTIVE_RATIO=2.03 (35.5x dari median) | YEARS_BIRTH=-0.91 (28.2x dari median) | BUREAU_DAYS_CREDIT_MEAN=1.00 (14.6x dari median),"Deviasi fitur lebih dari 50x median klaster, kemungkinan kesalahan input sistem.",Tim data engineering perlu memperbaiki flow pipeline ingestion untuk capping nilai ekstrem.
269459.0,cluster_4,Tipe A - Data Error,POS_SK_DPD_MEAN=19.86 (100.1x dari median) | EXT_SOURCE_1=-0.34 (25.9x dari median) | EXT_SOURCE_3=-2.17 (20.5x dari median) | PREV_APPROVAL_RATE=-1.02 (18.5x dari median) | BUREAU_DAYS_CREDIT_MEAN=-1.81 (10.9x dari median),"Deviasi fitur lebih dari 50x median klaster, kemungkinan kesalahan input sistem.",Tim data engineering perlu memperbaiki flow pipeline ingestion untuk capping nilai ekstrem.
269909.0,cluster_1,Tipe A - Data Error,EXT_SOURCE_1=-1.74 (130.3x dari median) | EXT_SOURCE_2=-2.46 (24.9x dari median) | BUREAU_ACTIVE_RATIO=2.03 (10.8x dari median) | BUREAU_DAYS_CREDIT_MEAN=1.12 (6.9x dari median) | PREV_APPROVAL_RATE=-2.34 (6.7x dari median),"Deviasi fitur lebih dari 50x median klaster, kemungkinan kesalahan input sistem.",Tim data engineering perlu memperbaiki flow pipeline ingestion untuk capping nilai ekstrem.
269910.0,cluster_3,Tipe B - Rare but Valid,INST_SEVERE_LATE_RATIO=4.50 (27.7x dari median) | AMT_INCOME_TOTAL=-1.40 (8.7x dari median) | YEARS_BIRTH=-1.13 (8.0x dari median) | INST_DPD_MEAN=0.78 (7.8x dari median) | INST_DPD_MAX=0.89 (6.5x dari median),Keadaan ekstrem secara statistik namun masih masuk secara logika riil (Tail-end customer).,"Berpeluang cross-selling khusus untuk Very High Net Worth Individual, bila bukan risiko gagal bayar."
270453.0,cluster_4,Tipe A - Data Error,BUREAU_BB_SEVERE_DPD_MEAN=5.88 (115.8x dari median) | EXT_SOURCE_1=-0.86 (64.7x dari median) | PREV_APPROVAL_RATE=0.96 (19.4x dari median) | BUREAU_BB_DPD_RATIO_MEAN=3.04 (16.6x dari median) | BUREAU_DAYS_CREDIT_MEAN=-1.81 (10.9x dari median),"Deviasi fitur lebih dari 50x median klaster, kemungkinan kesalahan input sistem.",Tim data engineering perlu memperbaiki flow pipeline ingestion untuk capping nilai ekstrem.
270592.0,cluster_4,Tipe A - Data Error,POS_SK_DPD_MEAN=21.68 (109.3x dari median) | PREV_APPROVAL_RATE=-2.34 (43.7x dari median) | REGION_RATING_CLIENT_W_CITY=1.92 (34.6x dari median) | CREDIT_TERM_MONTHS=-1.41 (17.7x dari median) | BUREAU_ACTIVE_RATIO=-0.48 (7.1x dari median),"Deviasi fitur lebih dari 50x median klaster, kemungkinan kesalahan input sistem.",Tim data engineering perlu memperbaiki flow pipeline ingestion untuk capping nilai ekstrem.
270771.0,cluster_0,Tipe A - Data Error,EXT_SOURCE_3=-0.17 (77.3x dari median) | REGION_RATING_CLIENT_W_CITY=-2.04 (34.6x dari median) | BUREAU_DEBT_TO_CREDIT_RATIO=1.29 (19.4x dari median) | BUREAU_ACTIVE_RATIO=0.46 (8.9x dari median) | PREV_REFUSED_COUNT=-0.45 (5.4x dari median),"Deviasi fitur lebih dari 50x median klaster, kemungkinan kesalahan input sistem.",Tim data engineering perlu memperbaiki flow pipeline ingestion untuk capping nilai ekstrem.
270986.0,cluster_2,Tipe B - Rare but Valid,YEARS_BIRTH=-1.31 (40.8x dari median) | BUREAU_ACTIVE_RATIO=2.03 (35.5x dari median) | CREDIT_TERM_MONTHS=1.67 (32.8x dari median) | AMT_REQ_CREDIT_BUREAU_YEAR=3.58 (27.8x dari median) | BUREAU_DEBT_TO_CREDIT_RATIO=1.64 (21.2x dari median),Keadaan ekstrem secara statistik namun masih masuk secara logika riil (Tail-end customer).,"Berpeluang cross-selling khusus untuk Very High Net Worth Individual, bila bukan risiko gagal bayar."
271748.0,cluster_2,Tipe A - Data Error,EXT_SOURCE_1=1.91 (141.1x dari median) | REGION_RATING_CLIENT_W_CITY=-2.04 (34.6x dari median) | POS_MONTHS_COUNT=-0.81 (22.7x dari median) | YEARS_BIRTH=0.63 (21.2x dari median) | BUREAU_ACTIVE_RATIO=-1.11 (17.7x dari median),"Deviasi fitur lebih dari 50x median klaster, kemungkinan kesalahan input sistem.",Tim data engineering perlu memperbaiki flow pipeline ingestion untuk capping nilai ekstrem.
272072.0,cluster_2,Tipe C - Risk Signal,YEARS_BIRTH=1.48 (48.3x dari median) | POS_MONTHS_COUNT=1.81 (47.5x dari median) | REGION_RATING_CLIENT_W_CITY=1.92 (34.6x dari median) | BUREAU_DAYS_CREDIT_MEAN=1.45 (20.8x dari median) | AMT_INCOME_TOTAL=-1.95 (18.9x dari median),Kombinasi finansial kontradiktif (contoh: rasio cicilan atau kredit terlalu besar di saat income rendah / profil berisiko).,Tim analis risiko (Underwriting) wajib memberikan manual review sebelum memberikan persetujuan.
272341.0,cluster_2,Tipe B - Rare but Valid,EXT_SOURCE_1=-0.59 (44.5x dari median) | YEARS_BIRTH=-1.24 (38.5x dari median) | REGION_RATING_CLIENT_W_CITY=1.92 (34.6x dari median) | BUREAU_DAYS_CREDIT_MEAN=0.91 (13.4x dari median) | CREDIT_TERM_MONTHS=-0.75 (13.2x dari median),Keadaan ekstrem secara statistik namun masih masuk secara logika riil (Tail-end customer).,"Berpeluang cross-selling khusus untuk Very High Net Worth Individual, bila bukan risiko gagal bayar."
272484.0,cluster_2,Tipe B - Rare but Valid,POS_MONTHS_COUNT=1.77 (46.4x dari median) | YEARS_BIRTH=1.26 (41.4x dari median) | CREDIT_TERM_MONTHS=-1.40 (25.6x dari median) | AMT_ANNUITY=-2.09 (17.2x dari median) | AMT_INCOME_TOTAL=-1.66 (16.2x dari median),Keadaan ekstrem secara statistik namun masih masuk secara logika riil (Tail-end customer).,"Berpeluang cross-selling khusus untuk Very High Net Worth Individual, bila bukan risiko gagal bayar."
272850.0,cluster_2,Tipe B - Rare but Valid,REGION_RATING_CLIENT_W_CITY=-2.04 (34.6x dari median) | YEARS_BIRTH=-0.84 (26.0x dari median) | BUREAU_DAYS_CREDIT_MEAN=1.45 (20.8x dari median) | BUREAU_ACTIVE_RATIO=-1.11 (17.7x dari median) | PREV_APPROVAL_RATE=0.96 (8.0x dari median),Keadaan ekstrem secara statistik namun masih masuk secara logika riil (Tail-end customer).,"Berpeluang cross-selling khusus untuk Very High Net Worth Individual, bila bukan risiko gagal bayar."
273411.0,cluster_1,Tipe B - Rare but Valid,INST_SEVERE_LATE_RATIO=3.19 (19.9x dari median) | OWN_CAR_AGE=6.68 (15.7x dari median) | EXT_SOURCE_2=-1.48 (15.4x dari median) | BUREAU_DAYS_CREDIT_MEAN=1.45 (9.3x dari median) | YEARS_BIRTH=-1.35 (6.2x dari median),Keadaan ekstrem secara statistik namun masih masuk secara logika riil (Tail-end customer).,"Berpeluang cross-selling khusus untuk Very High Net Worth Individual, bila bukan risiko gagal bayar."
273683.0,cluster_0,Tipe A - Data Error,EXT_SOURCE_3=-1.71 (800.0x dari median) | EXT_SOURCE_1=1.96 (144.8x dari median) | INST_SEVERE_LATE_RATIO=2.22 (14.2x dari median) | BUREAU_DEBT_TO_CREDIT_RATIO=-0.53 (6.6x dari median) | BUREAU_ACTIVE_RATIO=-0.41 (5.9x dari median),"Deviasi fitur lebih dari 50x median klaster, kemungkinan kesalahan input sistem.",Tim data engineering perlu memperbaiki flow pipeline ingestion untuk capping nilai ekstrem.
273701.0,cluster_3,Tipe A - Data Error,EXT_SOURCE_1=1.29 (94.8x dari median) | INST_SEVERE_LATE_RATIO=6.92 (42.1x dari median) | EXT_SOURCE_3=1.55 (13.0x dari median) | EXT_SOURCE_2=-2.35 (9.9x dari median) | BUREAU_DAYS_CREDIT_MEAN=-0.82 (8.3x dari median),"Deviasi fitur lebih dari 50x median klaster, kemungkinan kesalahan input sistem.",Tim data engineering perlu memperbaiki flow pipeline ingestion untuk capping nilai ekstrem.
273829.0,cluster_4,Tipe A - Data Error,CC_SK_DPD_MEAN=15.21 (306.5x dari median) | PREV_APPROVAL_RATE=0.96 (19.4x dari median) | BUREAU_ACTIVE_RATIO=-1.11 (17.7x dari median) | EXT_SOURCE_3=1.48 (12.3x dari median) | YEARS_BIRTH=1.42 (10.2x dari median),"Deviasi fitur lebih dari 50x median klaster, kemungkinan kesalahan input sistem.",Tim data engineering perlu memperbaiki flow pipeline ingestion untuk capping nilai ekstrem.
273990.0,cluster_2,Tipe A - Data Error,EXT_SOURCE_1=1.48 (108.9x dari median) | YEARS_BIRTH=-1.16 (36.0x dari median) | CREDIT_TERM_MONTHS=-1.45 (26.4x dari median) | BUREAU_DAYS_CREDIT_MEAN=1.45 (20.8x dari median) | BUREAU_ACTIVE_RATIO=-1.11 (17.7x dari median),"Deviasi fitur lebih dari 50x median klaster, kemungkinan kesalahan input sistem.",Tim data engineering perlu memperbaiki flow pipeline ingestion untuk capping nilai ekstrem.
274209.0,cluster_2,Tipe B - Rare but Valid,POS_MONTHS_COUNT=1.81 (47.5x dari median) | YEARS_BIRTH=0.74 (24.8x dari median) | CREDIT_TERM_MONTHS=-1.08 (19.4x dari median) | AMT_REQ_CREDIT_BUREAU_YEAR=2.43 (18.5x dari median) | EXT_SOURCE_3=-1.51 (14.6x dari median),Keadaan ekstrem secara statistik namun masih masuk secara logika riil (Tail-end customer).,"Berpeluang cross-selling khusus untuk Very High Net Worth Individual, bila bukan risiko gagal bayar."
274225.0,cluster_3,Tipe A - Data Error,EXT_SOURCE_1=-2.06 (154.0x dari median) | EXT_SOURCE_3=-2.47 (23.2x dari median) | YEARS_BIRTH=-1.47 (10.7x dari median) | BUREAU_COUNT=2.90 (8.3x dari median) | CREDIT_TERM_MONTHS=-1.07 (4.2x dari median),"Deviasi fitur lebih dari 50x median klaster, kemungkinan kesalahan input sistem.",Tim data engineering perlu memperbaiki flow pipeline ingestion untuk capping nilai ekstrem.
274235.0,cluster_2,Tipe A - Data Error,CC_SK_DPD_MEAN=19.12 (384.9x dari median) | EXT_SOURCE_1=-1.59 (119.1x dari median) | POS_MONTHS_COUNT=-1.13 (31.3x dari median) | YEARS_BIRTH=-0.86 (26.5x dari median) | PREV_APPROVAL_RATE=-2.34 (16.1x dari median),"Deviasi fitur lebih dari 50x median klaster, kemungkinan kesalahan input sistem.",Tim data engineering perlu memperbaiki flow pipeline ingestion untuk capping nilai ekstrem.
274248.0,cluster_0,Tipe A - Data Error,EXT_SOURCE_3=1.09 (511.9x dari median) | EXT_SOURCE_1=1.89 (139.6x dari median) | REGION_RATING_CLIENT_W_CITY=-2.04 (34.6x dari median) | INST_LATE_RATIO=3.10 (11.3x dari median) | BUREAU_DEBT_TO_CREDIT_RATIO=-0.59 (7.4x dari median),"Deviasi fitur lebih dari 50x median klaster, kemungkinan kesalahan input sistem.",Tim data engineering perlu memperbaiki flow pipeline ingestion untuk capping nilai ekstrem.
274430.0,cluster_2,Tipe A - Data Error,EXT_SOURCE_1=2.27 (167.4x dari median) | POS_MONTHS_COUNT=1.73 (45.3x dari median) | BUREAU_ACTIVE_RATIO=2.03 (35.5x dari median) | AMT_REQ_CREDIT_BUREAU_YEAR=3.58 (27.8x dari median) | CREDIT_TERM_MONTHS=0.86 (17.2x dari median),"Deviasi fitur lebih dari 50x median klaster, kemungkinan kesalahan input sistem.",Tim data engineering perlu memperbaiki flow pipeline ingestion untuk capping nilai ekstrem.
275005.0,cluster_4,Tipe B - Rare but Valid,POS_SK_DPD_MEAN=6.04 (29.7x dari median) | CREDIT_TERM_MONTHS=1.70 (23.5x dari median) | CREDIT_TO_INCOME=1.93 (13.3x dari median) | ANNUITY_TO_INCOME=0.85 (10.3x dari median) | AMT_ANNUITY=0.84 (9.0x dari median),Keadaan ekstrem secara statistik namun masih masuk secara logika riil (Tail-end customer).,"Berpeluang cross-selling khusus untuk Very High Net Worth Individual, bila bukan risiko gagal bayar."
275112.0,cluster_4,Tipe A - Data Error,EXT_SOURCE_1=1.82 (134.4x dari median) | BUREAU_ACTIVE_RATIO=0.99 (17.7x dari median) | CREDIT_TERM_MONTHS=1.19 (16.8x dari median) | POS_SK_DPD_MEAN=2.76 (13.1x dari median) | YEARS_EMPLOYED=3.11 (10.2x dari median),"Deviasi fitur lebih dari 50x median klaster, kemungkinan kesalahan input sistem.",Tim data engineering perlu memperbaiki flow pipeline ingestion untuk capping nilai ekstrem.
275594.0,cluster_0,Tipe A - Data Error,EXT_SOURCE_3=0.34 (158.1x dari median) | REGION_RATING_CLIENT_W_CITY=1.92 (34.6x dari median) | PREV_REFUSED_COUNT=2.33 (21.7x dari median) | YEARS_EMPLOYED=2.98 (21.5x dari median) | CC_MONTHS_COUNT=3.09 (8.1x dari median),"Deviasi fitur lebih dari 50x median klaster, kemungkinan kesalahan input sistem.",Tim data engineering perlu memperbaiki flow pipeline ingestion untuk capping nilai ekstrem.
276010.0,cluster_2,Tipe A - Data Error,EXT_SOURCE_1=-0.83 (62.6x dari median) | YEARS_BIRTH=-1.24 (38.6x dari median) | REGION_RATING_CLIENT_W_CITY=1.92 (34.6x dari median) | AMT_REQ_CREDIT_BUREAU_YEAR=2.43 (18.5x dari median) | EXT_SOURCE_3=-1.56 (15.0x dari median),"Deviasi fitur lebih dari 50x median klaster, kemungkinan kesalahan input sistem.",Tim data engineering perlu memperbaiki flow pipeline ingestion untuk capping nilai ekstrem.
276528.0,cluster_0,Tipe A - Data Error,EXT_SOURCE_3=-0.89 (414.7x dari median) | PREV_REFUSED_COUNT=6.23 (59.8x dari median) | EXT_SOURCE_1=-0.55 (41.7x dari median) | CREDIT_TERM_MONTHS=1.97 (38.7x dari median) | BUREAU_DEBT_TO_CREDIT_RATIO=1.49 (22.3x dari median),"Deviasi fitur lebih dari 50x median klaster, kemungkinan kesalahan input sistem.",Tim data engineering perlu memperbaiki flow pipeline ingestion untuk capping nilai ekstrem.
277231.0,cluster_2,Tipe A - Data Error,EXT_SOURCE_1=-0.92 (69.6x dari median) | YEARS_BIRTH=-1.31 (40.9x dari median) | BUREAU_DAYS_CREDIT_MEAN=-2.90 (38.6x dari median) | POS_MONTHS_COUNT=1.13 (29.1x dari median) | AMT_REQ_CREDIT_BUREAU_YEAR=3.58 (27.8x dari median),"Deviasi fitur lebih dari 50x median klaster, kemungkinan kesalahan input sistem.",Tim data engineering perlu memperbaiki flow pipeline ingestion untuk capping nilai ekstrem.
277733.0,cluster_4,Tipe A - Data Error,BUREAU_BB_SEVERE_DPD_MEAN=31.78 (621.5x dari median) | BUREAU_BB_DPD_RATIO_MEAN=17.87 (92.9x dari median) | POS_SK_DPD_MEAN=9.29 (46.3x dari median) | CREDIT_TERM_MONTHS=1.68 (23.2x dari median) | PREV_APPROVAL_RATE=0.96 (19.4x dari median),"Deviasi fitur lebih dari 50x median klaster, kemungkinan kesalahan input sistem.",Tim data engineering perlu memperbaiki flow pipeline ingestion untuk capping nilai ekstrem.
278158.0,cluster_1,Tipe A - Data Error,BUREAU_BB_SEVERE_DPD_MEAN=7.90 (155.3x dari median) | BUREAU_BB_DPD_RATIO_MEAN=13.89 (72.4x dari median) | EXT_SOURCE_2=-1.07 (11.4x dari median) | BUREAU_DAYS_CREDIT_MEAN=-1.31 (10.3x dari median) | YEARS_BIRTH=1.24 (7.6x dari median),"Deviasi fitur lebih dari 50x median klaster, kemungkinan kesalahan input sistem.",Tim data engineering perlu memperbaiki flow pipeline ingestion untuk capping nilai ekstrem.
278490.0,cluster_2,Tipe A - Data Error,POS_MONTHS_COUNT=4.72 (125.2x dari median) | EXT_SOURCE_1=1.51 (111.2x dari median) | YEARS_BIRTH=0.91 (30.2x dari median) | CREDIT_TERM_MONTHS=-1.41 (25.8x dari median) | BUREAU_COUNT=3.56 (20.8x dari median),"Deviasi fitur lebih dari 50x median klaster, kemungkinan kesalahan input sistem.",Tim data engineering perlu memperbaiki flow pipeline ingestion untuk capping nilai ekstrem.
278521.0,cluster_2,Tipe B - Rare but Valid,BUREAU_ACTIVE_RATIO=2.03 (35.5x dari median) | CREDIT_TERM_MONTHS=-1.08 (19.6x dari median) | YEARS_BIRTH=-0.63 (19.2x dari median) | PREV_REFUSED_COUNT=4.00 (9.8x dari median) | POS_MONTHS_COUNT=0.40 (9.7x dari median),Keadaan ekstrem secara statistik namun masih masuk secara logika riil (Tail-end customer).,"Berpeluang cross-selling khusus untuk Very High Net Worth Individual, bila bukan risiko gagal bayar."
278762.0,cluster_2,Tipe A - Data Error,EXT_SOURCE_1=-1.44 (108.2x dari median) | CREDIT_TERM_MONTHS=1.26 (25.0x dari median) | YEARS_BIRTH=-0.74 (22.6x dari median) | BUREAU_DAYS_CREDIT_MEAN=-1.42 (18.3x dari median) | BUREAU_DEBT_TO_CREDIT_RATIO=1.37 (17.9x dari median),"Deviasi fitur lebih dari 50x median klaster, kemungkinan kesalahan input sistem.",Tim data engineering perlu memperbaiki flow pipeline ingestion untuk capping nilai ekstrem.
278804.0,cluster_0,Tipe A - Data Error,EXT_SOURCE_3=1.29 (604.9x dari median) | PREV_REFUSED_COUNT=3.45 (32.6x dari median) | BUREAU_ACTIVE_RATIO=1.25 (22.2x dari median) | YEARS_BIRTH=-1.81 (13.5x dari median) | BUREAU_DEBT_TO_CREDIT_RATIO=0.74 (11.5x dari median),"Deviasi fitur lebih dari 50x median klaster, kemungkinan kesalahan input sistem.",Tim data engineering perlu memperbaiki flow pipeline ingestion untuk capping nilai ekstrem.
278825.0,cluster_3,Tipe A - Data Error,EXT_SOURCE_1=2.53 (186.8x dari median) | REGION_RATING_CLIENT_W_CITY=1.92 (34.6x dari median) | INST_SEVERE_LATE_RATIO=5.63 (34.4x dari median) | AMT_INCOME_TOTAL=1.47 (11.1x dari median) | EXT_SOURCE_3=1.26 (10.3x dari median),"Deviasi fitur lebih dari 50x median klaster, kemungkinan kesalahan input sistem.",Tim data engineering perlu memperbaiki flow pipeline ingestion untuk capping nilai ekstrem.
279293.0,cluster_4,Tipe A - Data Error,POS_SK_DPD_MEAN=18.35 (92.4x dari median) | CREDIT_TERM_MONTHS=-1.41 (17.7x dari median) | EXT_SOURCE_3=1.75 (14.7x dari median) | YEARS_BIRTH=1.47 (10.5x dari median) | ANNUITY_TO_INCOME=0.63 (7.9x dari median),"Deviasi fitur lebih dari 50x median klaster, kemungkinan kesalahan input sistem.",Tim data engineering perlu memperbaiki flow pipeline ingestion untuk capping nilai ekstrem.
279725.0,cluster_2,Tipe B - Rare but Valid,CREDIT_TERM_MONTHS=-1.63 (29.9x dari median) | YEARS_BIRTH=0.82 (27.2x dari median) | POS_MONTHS_COUNT=1.01 (25.9x dari median) | BUREAU_COUNT=3.34 (19.6x dari median) | AMT_CREDIT=-2.20 (11.7x dari median),Keadaan ekstrem secara statistik namun masih masuk secara logika riil (Tail-end customer).,"Berpeluang cross-selling khusus untuk Very High Net Worth Individual, bila bukan risiko gagal bayar."
279769.0,cluster_3,Tipe B - Rare but Valid,INST_SEVERE_LATE_RATIO=6.92 (42.1x dari median) | REGION_RATING_CLIENT_W_CITY=-2.04 (34.6x dari median) | EXT_SOURCE_3=-2.22 (21.0x dari median) | YEARS_BIRTH=-1.34 (9.7x dari median) | INST_LATE_RATIO=5.28 (9.4x dari median),Keadaan ekstrem secara statistik namun masih masuk secara logika riil (Tail-end customer).,"Berpeluang cross-selling khusus untuk Very High Net Worth Individual, bila bukan risiko gagal bayar."
279841.0,cluster_2,Tipe B - Rare but Valid,AMT_REQ_CREDIT_BUREAU_YEAR=3.58 (27.8x dari median) | BUREAU_ACTIVE_RATIO=0.99 (17.7x dari median) | CREDIT_TERM_MONTHS=-0.75 (13.2x dari median) | AMT_ANNUITY=-1.29 (11.0x dari median) | PREV_APPROVAL_RATE=-1.37 (9.0x dari median),Keadaan ekstrem secara statistik namun masih masuk secara logika riil (Tail-end customer).,"Berpeluang cross-selling khusus untuk Very High Net Worth Individual, bila bukan risiko gagal bayar."
279896.0,cluster_4,Tipe A - Data Error,EXT_SOURCE_1=1.88 (138.5x dari median) | PREV_APPROVAL_RATE=0.96 (19.4x dari median) | BUREAU_ACTIVE_RATIO=-1.11 (17.7x dari median) | POS_SK_DPD_MEAN=3.06 (14.6x dari median) | BUREAU_DAYS_CREDIT_MEAN=1.45 (10.5x dari median),"Deviasi fitur lebih dari 50x median klaster, kemungkinan kesalahan input sistem.",Tim data engineering perlu memperbaiki flow pipeline ingestion untuk capping nilai ekstrem.
279910.0,cluster_4,Tipe A - Data Error,CC_SK_DPD_MEAN=19.46 (391.9x dari median) | EXT_SOURCE_1=0.33 (23.6x dari median) | PREV_APPROVAL_RATE=0.96 (19.4x dari median) | CREDIT_TERM_MONTHS=1.26 (17.8x dari median) | BUREAU_ACTIVE_RATIO=-1.11 (17.7x dari median),"Deviasi fitur lebih dari 50x median klaster, kemungkinan kesalahan input sistem.",Tim data engineering perlu memperbaiki flow pipeline ingestion untuk capping nilai ekstrem.
279917.0,cluster_2,Tipe A - Data Error,EXT_SOURCE_1=1.91 (141.0x dari median) | POS_MONTHS_COUNT=1.85 (48.6x dari median) | BUREAU_ACTIVE_RATIO=2.03 (35.5x dari median) | CREDIT_TERM_MONTHS=1.19 (23.6x dari median) | BUREAU_DEBT_TO_CREDIT_RATIO=1.72 (22.2x dari median),"Deviasi fitur lebih dari 50x median klaster, kemungkinan kesalahan input sistem.",Tim data engineering perlu memperbaiki flow pipeline ingestion untuk capping nilai ekstrem.
279963.0,cluster_2,Tipe B - Rare but Valid,REGION_RATING_CLIENT_W_CITY=-2.04 (34.6x dari median) | BUREAU_COUNT=3.78 (22.0x dari median) | POS_MONTHS_COUNT=0.84 (21.6x dari median) | YEARS_BIRTH=0.53 (17.8x dari median) | AMT_REQ_CREDIT_BUREAU_YEAR=1.27 (9.3x dari median),Keadaan ekstrem secara statistik namun masih masuk secara logika riil (Tail-end customer).,"Berpeluang cross-selling khusus untuk Very High Net Worth Individual, bila bukan risiko gagal bayar."
280239.0,cluster_4,Tipe A - Data Error,EXT_SOURCE_1=-2.47 (184.1x dari median) | POS_SK_DPD_MEAN=14.92 (75.0x dari median) | CREDIT_TERM_MONTHS=1.69 (23.5x dari median) | PREV_APPROVAL_RATE=0.96 (19.4x dari median) | CREDIT_TO_INCOME=2.05 (14.1x dari median),"Deviasi fitur lebih dari 50x median klaster, kemungkinan kesalahan input sistem.",Tim data engineering perlu memperbaiki flow pipeline ingestion untuk capping nilai ekstrem.
280908.0,cluster_2,Tipe B - Rare but Valid,REGION_RATING_CLIENT_W_CITY=1.92 (34.6x dari median) | CREDIT_TERM_MONTHS=1.27 (25.0x dari median) | BUREAU_DAYS_CREDIT_MEAN=-1.49 (19.4x dari median) | BUREAU_COUNT=2.90 (17.1x dari median) | YEARS_EMPLOYED=2.63 (13.4x dari median),Keadaan ekstrem secara statistik namun masih masuk secara logika riil (Tail-end customer).,"Berpeluang cross-selling khusus untuk Very High Net Worth Individual, bila bukan risiko gagal bayar."
280935.0,cluster_1,Tipe A - Data Error,EXT_SOURCE_1=-2.79 (208.4x dari median) | BUREAU_DAYS_CREDIT_MEAN=1.45 (9.3x dari median) | YEARS_BIRTH=-1.92 (9.2x dari median) | PREV_REFUSED_COUNT=2.33 (6.1x dari median) | BUREAU_ACTIVE_RATIO=-1.11 (4.3x dari median),"Deviasi fitur lebih dari 50x median klaster, kemungkinan kesalahan input sistem.",Tim data engineering perlu memperbaiki flow pipeline ingestion untuk capping nilai ekstrem.
281083.0,cluster_1,Tipe B - Rare but Valid,INST_SEVERE_LATE_RATIO=5.87 (35.9x dari median) | EXT_SOURCE_2=-1.55 (16.1x dari median) | INST_DPD_MEAN=1.36 (12.9x dari median) | INST_DPD_MAX=1.37 (9.5x dari median) | INST_LATE_RATIO=3.10 (5.9x dari median),Keadaan ekstrem secara statistik namun masih masuk secara logika riil (Tail-end customer).,"Berpeluang cross-selling khusus untuk Very High Net Worth Individual, bila bukan risiko gagal bayar."
281242.0,cluster_4,Tipe B - Rare but Valid,POS_SK_DPD_MEAN=7.79 (38.6x dari median) | REGION_RATING_CLIENT_W_CITY=1.92 (34.6x dari median) | CREDIT_TERM_MONTHS=-1.62 (20.5x dari median) | ANNUITY_TO_INCOME=1.62 (18.7x dari median) | BUREAU_ACTIVE_RATIO=-1.11 (17.7x dari median),Keadaan ekstrem secara statistik namun masih masuk secara logika riil (Tail-end customer).,"Berpeluang cross-selling khusus untuk Very High Net Worth Individual, bila bukan risiko gagal bayar."
281341.0,cluster_2,Tipe A - Data Error,EXT_SOURCE_1=1.51 (110.8x dari median) | POS_MONTHS_COUNT=2.62 (69.1x dari median) | BUREAU_ACTIVE_RATIO=1.54 (27.1x dari median) | CREDIT_TERM_MONTHS=-1.31 (23.9x dari median) | EXT_SOURCE_3=-2.30 (21.6x dari median),"Deviasi fitur lebih dari 50x median klaster, kemungkinan kesalahan input sistem.",Tim data engineering perlu memperbaiki flow pipeline ingestion untuk capping nilai ekstrem.
281438.0,cluster_2,Tipe B - Rare but Valid,EXT_SOURCE_1=-0.53 (40.3x dari median) | CREDIT_TERM_MONTHS=1.97 (38.4x dari median) | REGION_RATING_CLIENT_W_CITY=-2.04 (34.6x dari median) | POS_MONTHS_COUNT=0.88 (22.7x dari median) | YEARS_BIRTH=-0.71 (21.8x dari median),Keadaan ekstrem secara statistik namun masih masuk secara logika riil (Tail-end customer).,"Berpeluang cross-selling khusus untuk Very High Net Worth Individual, bila bukan risiko gagal bayar."
281500.0,cluster_2,Tipe A - Data Error,EXT_SOURCE_1=2.49 (183.9x dari median) | BUREAU_DEBT_TO_CREDIT_RATIO=1.08 (14.3x dari median) | YEARS_BIRTH=0.35 (12.1x dari median) | AMT_REQ_CREDIT_BUREAU_YEAR=1.27 (9.3x dari median) | CREDIT_TERM_MONTHS=0.32 (7.0x dari median),"Deviasi fitur lebih dari 50x median klaster, kemungkinan kesalahan input sistem.",Tim data engineering perlu memperbaiki flow pipeline ingestion untuk capping nilai ekstrem.
281637.0,cluster_4,Tipe A - Data Error,POS_SK_DPD_MEAN=10.10 (50.4x dari median) | CREDIT_TERM_MONTHS=-1.38 (17.3x dari median) | AMT_CREDIT=-1.33 (10.2x dari median) | BUREAU_ACTIVE_RATIO=0.46 (8.9x dari median) | AMT_ANNUITY=-0.56 (7.7x dari median),"Deviasi fitur lebih dari 50x median klaster, kemungkinan kesalahan input sistem.",Tim data engineering perlu memperbaiki flow pipeline ingestion untuk capping nilai ekstrem.
281694.0,cluster_2,Tipe B - Rare but Valid,EXT_SOURCE_1=0.56 (40.8x dari median) | REGION_RATING_CLIENT_W_CITY=-2.04 (34.6x dari median) | EXT_SOURCE_3=-2.12 (20.0x dari median) | BUREAU_DEBT_TO_CREDIT_RATIO=1.44 (18.8x dari median) | YEARS_BIRTH=0.42 (14.3x dari median),Keadaan ekstrem secara statistik namun masih masuk secara logika riil (Tail-end customer).,"Berpeluang cross-selling khusus untuk Very High Net Worth Individual, bila bukan risiko gagal bayar."
281939.0,cluster_3,Tipe A - Data Error,BUREAU_BB_SEVERE_DPD_MEAN=23.35 (456.9x dari median) | BUREAU_BB_DPD_RATIO_MEAN=11.76 (61.5x dari median) | REGION_RATING_CLIENT_W_CITY=1.92 (34.6x dari median) | YEARS_EMPLOYED=3.95 (13.6x dari median) | BUREAU_DAYS_CREDIT_MEAN=-1.21 (11.7x dari median),"Deviasi fitur lebih dari 50x median klaster, kemungkinan kesalahan input sistem.",Tim data engineering perlu memperbaiki flow pipeline ingestion untuk capping nilai ekstrem.
282265.0,cluster_1,Tipe B - Rare but Valid,INST_SEVERE_LATE_RATIO=5.15 (31.6x dari median) | EXT_SOURCE_2=-1.47 (15.3x dari median) | INST_DPD_MEAN=1.40 (13.3x dari median) | INST_LATE_RATIO=5.28 (9.4x dari median) | BUREAU_DAYS_CREDIT_MEAN=1.45 (9.3x dari median),Keadaan ekstrem secara statistik namun masih masuk secara logika riil (Tail-end customer).,"Berpeluang cross-selling khusus untuk Very High Net Worth Individual, bila bukan risiko gagal bayar."
282824.0,cluster_2,Tipe B - Rare but Valid,YEARS_BIRTH=1.08 (35.6x dari median) | BUREAU_COUNT=3.78 (22.0x dari median) | AMT_REQ_CREDIT_BUREAU_YEAR=2.43 (18.5x dari median) | POS_MONTHS_COUNT=-0.41 (11.9x dari median) | PREV_APPROVAL_RATE=-1.44 (9.5x dari median),Keadaan ekstrem secara statistik namun masih masuk secara logika riil (Tail-end customer).,"Berpeluang cross-selling khusus untuk Very High Net Worth Individual, bila bukan risiko gagal bayar."
283171.0,cluster_2,Tipe A - Data Error,POS_MONTHS_COUNT=2.98 (78.8x dari median) | BUREAU_COUNT=4.22 (24.5x dari median) | AMT_INCOME_TOTAL=1.84 (15.8x dari median) | EXT_SOURCE_3=-1.64 (15.8x dari median) | PREV_REFUSED_COUNT=4.56 (11.0x dari median),"Deviasi fitur lebih dari 50x median klaster, kemungkinan kesalahan input sistem.",Tim data engineering perlu memperbaiki flow pipeline ingestion untuk capping nilai ekstrem.
284077.0,cluster_1,Tipe B - Rare but Valid,EXT_SOURCE_1=-0.48 (36.3x dari median) | REGION_RATING_CLIENT_W_CITY=1.92 (34.6x dari median) | EXT_SOURCE_3=1.14 (9.3x dari median) | YEARS_BIRTH=-0.92 (3.9x dari median) | BUREAU_COUNT=0.92 (3.3x dari median),Keadaan ekstrem secara statistik namun masih masuk secara logika riil (Tail-end customer).,"Berpeluang cross-selling khusus untuk Very High Net Worth Individual, bila bukan risiko gagal bayar."
284415.0,cluster_4,Tipe B - Rare but Valid,CREDIT_TERM_MONTHS=1.68 (23.3x dari median) | BUREAU_ACTIVE_RATIO=-1.11 (17.7x dari median) | POS_SK_DPD_MEAN=3.33 (15.9x dari median) | BUREAU_DAYS_CREDIT_MEAN=1.45 (10.5x dari median) | EXT_SOURCE_1=0.13 (8.9x dari median),Keadaan ekstrem secara statistik namun masih masuk secara logika riil (Tail-end customer).,"Berpeluang cross-selling khusus untuk Very High Net Worth Individual, bila bukan risiko gagal bayar."
284628.0,cluster_2,Tipe B - Rare but Valid,CREDIT_TERM_MONTHS=1.68 (32.9x dari median) | EXT_SOURCE_3=-1.58 (15.2x dari median) | BUREAU_COUNT=2.02 (12.2x dari median) | BUREAU_ACTIVE_RATIO=0.46 (8.9x dari median) | BUREAU_DEBT_TO_CREDIT_RATIO=0.52 (7.4x dari median),Keadaan ekstrem secara statistik namun masih masuk secara logika riil (Tail-end customer).,"Berpeluang cross-selling khusus untuk Very High Net Worth Individual, bila bukan risiko gagal bayar."
284786.0,cluster_1,Tipe B - Rare but Valid,OWN_CAR_AGE=6.68 (15.7x dari median) | EXT_SOURCE_3=-0.94 (9.4x dari median) | BUREAU_ACTIVE_RATIO=1.25 (7.0x dari median) | BUREAU_DAYS_CREDIT_MEAN=0.82 (4.8x dari median) | INST_LATE_RATIO=2.32 (4.7x dari median),Keadaan ekstrem secara statistik namun masih masuk secara logika riil (Tail-end customer).,"Berpeluang cross-selling khusus untuk Very High Net Worth Individual, bila bukan risiko gagal bayar."
284858.0,cluster_2,Tipe A - Data Error,EXT_SOURCE_1=-2.92 (218.0x dari median) | YEARS_BIRTH=-1.28 (39.8x dari median) | REGION_RATING_CLIENT_W_CITY=1.92 (34.6x dari median) | BUREAU_COUNT=4.44 (25.7x dari median) | EXT_SOURCE_3=-2.28 (21.5x dari median),"Deviasi fitur lebih dari 50x median klaster, kemungkinan kesalahan input sistem.",Tim data engineering perlu memperbaiki flow pipeline ingestion untuk capping nilai ekstrem.
284893.0,cluster_4,Tipe B - Rare but Valid,PREV_APPROVAL_RATE=-1.10 (20.0x dari median) | AMT_ANNUITY=1.21 (13.4x dari median) | EXT_SOURCE_2=-2.15 (11.8x dari median) | EXT_SOURCE_3=-1.10 (10.9x dari median) | BUREAU_ACTIVE_RATIO=0.46 (8.9x dari median),Keadaan ekstrem secara statistik namun masih masuk secara logika riil (Tail-end customer).,"Berpeluang cross-selling khusus untuk Very High Net Worth Individual, bila bukan risiko gagal bayar."
284960.0,cluster_2,Tipe A - Data Error,YEARS_BIRTH=1.66 (54.1x dari median) | CREDIT_TERM_MONTHS=1.86 (36.3x dari median) | BUREAU_DAYS_CREDIT_MEAN=-1.48 (19.1x dari median) | POS_MONTHS_COUNT=0.56 (14.0x dari median) | AMT_REQ_CREDIT_BUREAU_YEAR=1.85 (13.9x dari median),"Deviasi fitur lebih dari 50x median klaster, kemungkinan kesalahan input sistem.",Tim data engineering perlu memperbaiki flow pipeline ingestion untuk capping nilai ekstrem.
285080.0,cluster_0,Tipe A - Data Error,EXT_SOURCE_3=1.19 (559.3x dari median) | INST_DPD_MAX=5.17 (37.4x dari median) | CREDIT_TERM_MONTHS=0.84 (17.1x dari median) | POS_MONTHS_COUNT=5.04 (14.8x dari median) | INST_DPD_MEAN=0.97 (10.5x dari median),"Deviasi fitur lebih dari 50x median klaster, kemungkinan kesalahan input sistem.",Tim data engineering perlu memperbaiki flow pipeline ingestion untuk capping nilai ekstrem.
285624.0,cluster_1,Tipe A - Data Error,EXT_SOURCE_1=-1.91 (142.7x dari median) | REGION_RATING_CLIENT_W_CITY=1.92 (34.6x dari median) | EXT_SOURCE_3=0.85 (6.7x dari median) | YEARS_BIRTH=-1.31 (6.0x dari median) | BUREAU_ACTIVE_RATIO=0.78 (4.7x dari median),"Deviasi fitur lebih dari 50x median klaster, kemungkinan kesalahan input sistem.",Tim data engineering perlu memperbaiki flow pipeline ingestion untuk capping nilai ekstrem.
286750.0,cluster_4,Tipe B - Rare but Valid,POS_SK_DPD_MEAN=6.68 (33.0x dari median) | PREV_APPROVAL_RATE=-1.14 (20.8x dari median) | EXT_SOURCE_3=-2.03 (19.3x dari median) | CREDIT_TERM_MONTHS=-1.51 (19.0x dari median) | AMT_ANNUITY=1.39 (15.6x dari median),Keadaan ekstrem secara statistik namun masih masuk secara logika riil (Tail-end customer).,"Berpeluang cross-selling khusus untuk Very High Net Worth Individual, bila bukan risiko gagal bayar."
286991.0,cluster_2,Tipe B - Rare but Valid,POS_MONTHS_COUNT=1.65 (43.2x dari median) | CREDIT_TERM_MONTHS=1.96 (38.2x dari median) | REGION_RATING_CLIENT_W_CITY=-2.04 (34.6x dari median) | BUREAU_DAYS_CREDIT_MEAN=-1.79 (23.5x dari median) | BUREAU_DEBT_TO_CREDIT_RATIO=1.01 (13.4x dari median),Keadaan ekstrem secara statistik namun masih masuk secara logika riil (Tail-end customer).,"Berpeluang cross-selling khusus untuk Very High Net Worth Individual, bila bukan risiko gagal bayar."
287101.0,cluster_4,Tipe A - Data Error,BUREAU_BB_DPD_RATIO_MEAN=13.79 (71.9x dari median) | PREV_APPROVAL_RATE=0.96 (19.4x dari median) | YEARS_BIRTH=1.43 (10.2x dari median) | BUREAU_ACTIVE_RATIO=0.46 (8.9x dari median) | ANNUITY_TO_INCOME=0.70 (8.7x dari median),"Deviasi fitur lebih dari 50x median klaster, kemungkinan kesalahan input sistem.",Tim data engineering perlu memperbaiki flow pipeline ingestion untuk capping nilai ekstrem.
287429.0,cluster_2,Tipe A - Data Error,EXT_SOURCE_1=0.86 (62.7x dari median) | CREDIT_TERM_MONTHS=1.96 (38.1x dari median) | REGION_RATING_CLIENT_W_CITY=1.92 (34.6x dari median) | POS_MONTHS_COUNT=-1.05 (29.1x dari median) | BUREAU_DEBT_TO_CREDIT_RATIO=1.34 (17.5x dari median),"Deviasi fitur lebih dari 50x median klaster, kemungkinan kesalahan input sistem.",Tim data engineering perlu memperbaiki flow pipeline ingestion untuk capping nilai ekstrem.
288878.0,cluster_0,Tipe A - Data Error,EXT_SOURCE_3=-1.56 (728.5x dari median) | EXT_SOURCE_1=1.77 (130.8x dari median) | PREV_REFUSED_COUNT=3.45 (32.6x dari median) | YEARS_BIRTH=-1.26 (9.8x dari median) | BUREAU_ACTIVE_RATIO=0.46 (8.9x dari median),"Deviasi fitur lebih dari 50x median klaster, kemungkinan kesalahan input sistem.",Tim data engineering perlu memperbaiki flow pipeline ingestion untuk capping nilai ekstrem.
289165.0,cluster_3,Tipe B - Rare but Valid,REGION_RATING_CLIENT_W_CITY=-2.04 (34.6x dari median) | YEARS_BIRTH=-1.47 (10.7x dari median) | AMT_INCOME_TOTAL=1.24 (9.5x dari median) | BUREAU_ACTIVE_RATIO=-1.11 (5.8x dari median) | PREV_APPROVAL_RATE=-2.34 (3.4x dari median),Keadaan ekstrem secara statistik namun masih masuk secara logika riil (Tail-end customer).,"Berpeluang cross-selling khusus untuk Very High Net Worth Individual, bila bukan risiko gagal bayar."
289494.0,cluster_2,Tipe B - Rare but Valid,POS_MONTHS_COUNT=1.49 (38.9x dari median) | BUREAU_DAYS_CREDIT_MEAN=1.45 (20.8x dari median) | AMT_INCOME_TOTAL=-1.96 (19.0x dari median) | BUREAU_ACTIVE_RATIO=-1.11 (17.7x dari median) | YEARS_EMPLOYED=2.46 (12.6x dari median),Keadaan ekstrem secara statistik namun masih masuk secara logika riil (Tail-end customer).,"Berpeluang cross-selling khusus untuk Very High Net Worth Individual, bila bukan risiko gagal bayar."
289778.0,cluster_3,Tipe B - Rare but Valid,EXT_SOURCE_1=-0.24 (18.8x dari median) | AMT_INCOME_TOTAL=1.56 (11.8x dari median) | EXT_SOURCE_3=0.93 (7.4x dari median) | YEARS_BIRTH=-0.94 (6.5x dari median) | EXT_SOURCE_2=-1.20 (5.6x dari median),Keadaan ekstrem secara statistik namun masih masuk secara logika riil (Tail-end customer).,"Berpeluang cross-selling khusus untuk Very High Net Worth Individual, bila bukan risiko gagal bayar."
290366.0,cluster_1,Tipe B - Rare but Valid,INST_SEVERE_LATE_RATIO=3.28 (20.5x dari median) | EXT_SOURCE_2=-1.27 (13.3x dari median) | INST_DPD_MEAN=1.40 (13.3x dari median) | INST_DPD_MAX=1.63 (11.1x dari median) | YEARS_BIRTH=1.56 (9.3x dari median),Keadaan ekstrem secara statistik namun masih masuk secara logika riil (Tail-end customer).,"Berpeluang cross-selling khusus untuk Very High Net Worth Individual, bila bukan risiko gagal bayar."
290570.0,cluster_2,Tipe A - Data Error,POS_MONTHS_COUNT=2.34 (61.5x dari median) | REGION_RATING_CLIENT_W_CITY=-2.04 (34.6x dari median) | YEARS_BIRTH=-0.98 (30.3x dari median) | EXT_SOURCE_1=0.38 (27.6x dari median) | CREDIT_TERM_MONTHS=1.28 (25.4x dari median),"Deviasi fitur lebih dari 50x median klaster, kemungkinan kesalahan input sistem.",Tim data engineering perlu memperbaiki flow pipeline ingestion untuk capping nilai ekstrem.
290686.0,cluster_2,Tipe B - Rare but Valid,YEARS_BIRTH=1.36 (44.4x dari median) | BUREAU_DAYS_CREDIT_MEAN=-3.04 (40.5x dari median) | POS_MONTHS_COUNT=-1.13 (31.3x dari median) | BUREAU_BB_DPD_RATIO_MEAN=5.86 (31.1x dari median) | INST_SEVERE_LATE_RATIO=4.60 (28.3x dari median),Keadaan ekstrem secara statistik namun masih masuk secara logika riil (Tail-end customer).,"Berpeluang cross-selling khusus untuk Very High Net Worth Individual, bila bukan risiko gagal bayar."
290719.0,cluster_2,Tipe A - Data Error,POS_MONTHS_COUNT=2.26 (59.4x dari median) | YEARS_BIRTH=-1.17 (36.4x dari median) | BUREAU_DAYS_CREDIT_MEAN=-1.73 (22.7x dari median) | AMT_ANNUITY=-2.55 (20.8x dari median) | EXT_SOURCE_1=-0.19 (15.2x dari median),"Deviasi fitur lebih dari 50x median klaster, kemungkinan kesalahan input sistem.",Tim data engineering perlu memperbaiki flow pipeline ingestion untuk capping nilai ekstrem.
290925.0,cluster_3,Tipe A - Data Error,EXT_SOURCE_1=-2.44 (182.4x dari median) | REGION_RATING_CLIENT_W_CITY=1.92 (34.6x dari median) | EXT_SOURCE_3=-1.39 (13.5x dari median) | BUREAU_DAYS_CREDIT_MEAN=-0.71 (7.3x dari median) | EXT_SOURCE_2=-1.65 (7.3x dari median),"Deviasi fitur lebih dari 50x median klaster, kemungkinan kesalahan input sistem.",Tim data engineering perlu memperbaiki flow pipeline ingestion untuk capping nilai ekstrem.
290973.0,cluster_4,Tipe B - Rare but Valid,AMT_ANNUITY=-0.99 (12.8x dari median) | POS_SK_DPD_MEAN=2.18 (10.1x dari median) | AMT_CREDIT=-0.93 (7.5x dari median) | BUREAU_DAYS_CREDIT_MEAN=-0.99 (5.5x dari median) | EXT_SOURCE_3=0.72 (5.5x dari median),Keadaan ekstrem secara statistik namun masih masuk secara logika riil (Tail-end customer).,"Berpeluang cross-selling khusus untuk Very High Net Worth Individual, bila bukan risiko gagal bayar."
291014.0,cluster_1,Tipe B - Rare but Valid,INST_SEVERE_LATE_RATIO=3.95 (24.4x dari median) | OWN_CAR_AGE=6.79 (15.9x dari median) | INST_DPD_MEAN=1.04 (10.1x dari median) | BUREAU_BB_DPD_RATIO_MEAN=1.08 (6.6x dari median) | YEARS_BIRTH=-1.36 (6.3x dari median),Keadaan ekstrem secara statistik namun masih masuk secara logika riil (Tail-end customer).,"Berpeluang cross-selling khusus untuk Very High Net Worth Individual, bila bukan risiko gagal bayar."
291360.0,cluster_0,Tipe A - Data Error,EXT_SOURCE_3=-1.99 (930.8x dari median) | EXT_SOURCE_1=2.05 (151.4x dari median) | REGION_RATING_CLIENT_W_CITY=-2.04 (34.6x dari median) | BUREAU_BB_DPD_RATIO_MEAN=6.20 (32.9x dari median) | INST_SEVERE_LATE_RATIO=3.19 (19.9x dari median),"Deviasi fitur lebih dari 50x median klaster, kemungkinan kesalahan input sistem.",Tim data engineering perlu memperbaiki flow pipeline ingestion untuk capping nilai ekstrem.
291390.0,cluster_2,Tipe B - Rare but Valid,REGION_RATING_CLIENT_W_CITY=-2.04 (34.6x dari median) | POS_MONTHS_COUNT=-1.13 (31.3x dari median) | CREDIT_TERM_MONTHS=1.27 (25.1x dari median) | YEARS_BIRTH=-0.78 (23.8x dari median) | BUREAU_DAYS_CREDIT_MEAN=1.45 (20.8x dari median),Keadaan ekstrem secara statistik namun masih masuk secara logika riil (Tail-end customer).,"Berpeluang cross-selling khusus untuk Very High Net Worth Individual, bila bukan risiko gagal bayar."
291639.0,cluster_2,Tipe A - Data Error,CC_SK_DPD_MEAN=22.12 (445.3x dari median) | REGION_RATING_CLIENT_W_CITY=1.92 (34.6x dari median) | CREDIT_TERM_MONTHS=1.67 (32.7x dari median) | POS_MONTHS_COUNT=-1.13 (31.3x dari median) | YEARS_EMPLOYED=3.11 (15.6x dari median),"Deviasi fitur lebih dari 50x median klaster, kemungkinan kesalahan input sistem.",Tim data engineering perlu memperbaiki flow pipeline ingestion untuk capping nilai ekstrem.
291942.0,cluster_2,Tipe B - Rare but Valid,YEARS_BIRTH=-1.03 (32.0x dari median) | PREV_REFUSED_COUNT=5.12 (12.3x dari median) | PREV_COUNT=3.84 (11.4x dari median) | BUREAU_COUNT=1.80 (11.0x dari median) | AMT_REQ_CREDIT_BUREAU_YEAR=1.27 (9.3x dari median),Keadaan ekstrem secara statistik namun masih masuk secara logika riil (Tail-end customer).,"Berpeluang cross-selling khusus untuk Very High Net Worth Individual, bila bukan risiko gagal bayar."
292028.0,cluster_2,Tipe B - Rare but Valid,POS_MONTHS_COUNT=0.76 (19.4x dari median) | BUREAU_ACTIVE_RATIO=-0.71 (11.1x dari median) | YEARS_BIRTH=-0.34 (9.9x dari median) | BUREAU_DAYS_CREDIT_MEAN=-0.79 (9.7x dari median) | AMT_ANNUITY=-0.89 (7.9x dari median),Keadaan ekstrem secara statistik namun masih masuk secara logika riil (Tail-end customer).,"Berpeluang cross-selling khusus untuk Very High Net Worth Individual, bila bukan risiko gagal bayar."
292100.0,cluster_1,Tipe B - Rare but Valid,BUREAU_DAYS_CREDIT_MEAN=1.45 (9.3x dari median) | YEARS_BIRTH=-1.41 (6.5x dari median) | INST_LATE_RATIO=3.17 (6.0x dari median) | BUREAU_ACTIVE_RATIO=-1.11 (4.3x dari median) | EXT_SOURCE_2=-0.19 (2.9x dari median),Keadaan ekstrem secara statistik namun masih masuk secara logika riil (Tail-end customer).,"Berpeluang cross-selling khusus untuk Very High Net Worth Individual, bila bukan risiko gagal bayar."
292114.0,cluster_4,Tipe A - Data Error,EXT_SOURCE_1=1.45 (107.0x dari median) | POS_SK_DPD_MEAN=15.59 (78.3x dari median) | PREV_APPROVAL_RATE=0.96 (19.4x dari median) | BUREAU_ACTIVE_RATIO=-1.11 (17.7x dari median) | EXT_SOURCE_3=1.83 (15.4x dari median),"Deviasi fitur lebih dari 50x median klaster, kemungkinan kesalahan input sistem.",Tim data engineering perlu memperbaiki flow pipeline ingestion untuk capping nilai ekstrem.
292179.0,cluster_0,Tipe A - Data Error,EXT_SOURCE_3=0.70 (328.8x dari median) | BUREAU_BB_SEVERE_DPD_MEAN=9.03 (177.3x dari median) | INST_PAYMENT_RATIO_MEAN=0.48 (46.2x dari median) | BUREAU_BB_DPD_RATIO_MEAN=4.71 (25.2x dari median) | BUREAU_ACTIVE_RATIO=-1.11 (17.7x dari median),"Deviasi fitur lebih dari 50x median klaster, kemungkinan kesalahan input sistem.",Tim data engineering perlu memperbaiki flow pipeline ingestion untuk capping nilai ekstrem.
292754.0,cluster_4,Tipe A - Data Error,EXT_SOURCE_1=1.06 (77.4x dari median) | POS_SK_DPD_MEAN=11.74 (58.8x dari median) | EXT_SOURCE_3=-1.89 (17.9x dari median) | AMT_ANNUITY=1.07 (11.7x dari median) | BUREAU_ACTIVE_RATIO=-0.66 (10.1x dari median),"Deviasi fitur lebih dari 50x median klaster, kemungkinan kesalahan input sistem.",Tim data engineering perlu memperbaiki flow pipeline ingestion untuk capping nilai ekstrem.
292929.0,cluster_2,Tipe A - Data Error,EXT_SOURCE_1=1.04 (76.0x dari median) | BUREAU_DAYS_CREDIT_MEAN=-2.46 (32.6x dari median) | POS_MONTHS_COUNT=1.09 (28.1x dari median) | CREDIT_TERM_MONTHS=-1.07 (19.3x dari median) | BUREAU_ACTIVE_RATIO=-1.11 (17.7x dari median),"Deviasi fitur lebih dari 50x median klaster, kemungkinan kesalahan input sistem.",Tim data engineering perlu memperbaiki flow pipeline ingestion untuk capping nilai ekstrem.
292952.0,cluster_4,Tipe A - Data Error,EXT_SOURCE_1=-1.74 (129.9x dari median) | REGION_RATING_CLIENT_W_CITY=1.92 (34.6x dari median) | PREV_APPROVAL_RATE=0.96 (19.4x dari median) | CREDIT_TERM_MONTHS=1.28 (18.1x dari median) | BUREAU_ACTIVE_RATIO=0.99 (17.7x dari median),"Deviasi fitur lebih dari 50x median klaster, kemungkinan kesalahan input sistem.",Tim data engineering perlu memperbaiki flow pipeline ingestion untuk capping nilai ekstrem.
293039.0,cluster_1,Tipe B - Rare but Valid,YEARS_EMPLOYED=4.22 (10.5x dari median) | YEARS_BIRTH=1.40 (8.5x dari median) | EXT_SOURCE_2=0.78 (6.6x dari median) | BUREAU_ACTIVE_RATIO=0.46 (3.2x dari median) | BUREAU_DEBT_TO_CREDIT_RATIO=0.87 (3.1x dari median),Keadaan ekstrem secara statistik namun masih masuk secara logika riil (Tail-end customer).,"Berpeluang cross-selling khusus untuk Very High Net Worth Individual, bila bukan risiko gagal bayar."
293131.0,cluster_1,Tipe B - Rare but Valid,CC_MONTHS_COUNT=3.17 (8.3x dari median) | BUREAU_DAYS_CREDIT_MEAN=-0.76 (6.4x dari median) | CC_UTILIZATION_MAX=2.23 (5.8x dari median) | YEARS_EMPLOYED=1.52 (4.4x dari median) | BUREAU_COUNT=1.14 (3.9x dari median),Keadaan ekstrem secara statistik namun masih masuk secara logika riil (Tail-end customer).,"Berpeluang cross-selling khusus untuk Very High Net Worth Individual, bila bukan risiko gagal bayar."
293141.0,cluster_4,Tipe A - Data Error,CC_SK_DPD_MEAN=8.54 (172.6x dari median) | PREV_APPROVAL_RATE=-1.02 (18.5x dari median) | CREDIT_TERM_MONTHS=1.25 (17.7x dari median) | YEARS_EMPLOYED=3.98 (12.8x dari median) | BUREAU_ACTIVE_RATIO=-0.71 (11.1x dari median),"Deviasi fitur lebih dari 50x median klaster, kemungkinan kesalahan input sistem.",Tim data engineering perlu memperbaiki flow pipeline ingestion untuk capping nilai ekstrem.
293147.0,cluster_2,Tipe A - Data Error,EXT_SOURCE_1=-2.70 (201.6x dari median) | YEARS_BIRTH=-1.22 (38.2x dari median) | BUREAU_ACTIVE_RATIO=2.03 (35.5x dari median) | POS_MONTHS_COUNT=1.21 (31.3x dari median) | AMT_REQ_CREDIT_BUREAU_YEAR=3.58 (27.8x dari median),"Deviasi fitur lebih dari 50x median klaster, kemungkinan kesalahan input sistem.",Tim data engineering perlu memperbaiki flow pipeline ingestion untuk capping nilai ekstrem.
293244.0,cluster_3,Tipe A - Data Error,EXT_SOURCE_1=-2.31 (172.7x dari median) | REGION_RATING_CLIENT_W_CITY=-2.04 (34.6x dari median) | INST_SEVERE_LATE_RATIO=3.02 (18.9x dari median) | BUREAU_ACTIVE_RATIO=2.03 (13.4x dari median) | EXT_SOURCE_3=-1.32 (12.9x dari median),"Deviasi fitur lebih dari 50x median klaster, kemungkinan kesalahan input sistem.",Tim data engineering perlu memperbaiki flow pipeline ingestion untuk capping nilai ekstrem.
294156.0,cluster_0,Tipe A - Data Error,EXT_SOURCE_3=-1.41 (658.8x dari median) | EXT_SOURCE_1=1.21 (89.0x dari median) | CREDIT_TERM_MONTHS=0.93 (18.7x dari median) | CC_MONTHS_COUNT=3.41 (8.8x dari median) | BUREAU_DEBT_TO_CREDIT_RATIO=-0.59 (7.4x dari median),"Deviasi fitur lebih dari 50x median klaster, kemungkinan kesalahan input sistem.",Tim data engineering perlu memperbaiki flow pipeline ingestion untuk capping nilai ekstrem.
294357.0,cluster_2,Tipe A - Data Error,POS_MONTHS_COUNT=3.59 (95.0x dari median) | REGION_RATING_CLIENT_W_CITY=-2.04 (34.6x dari median) | YEARS_BIRTH=0.85 (28.1x dari median) | YEARS_EMPLOYED=4.78 (23.5x dari median) | AMT_INCOME_TOTAL=2.47 (21.6x dari median),"Deviasi fitur lebih dari 50x median klaster, kemungkinan kesalahan input sistem.",Tim data engineering perlu memperbaiki flow pipeline ingestion untuk capping nilai ekstrem.
294825.0,cluster_2,Tipe B - Rare but Valid,CREDIT_TERM_MONTHS=-1.51 (27.7x dari median) | YEARS_BIRTH=0.79 (26.3x dari median) | BUREAU_DEBT_TO_CREDIT_RATIO=1.12 (14.8x dari median) | AMT_REQ_CREDIT_BUREAU_YEAR=1.85 (13.9x dari median) | EXT_SOURCE_3=-1.30 (12.6x dari median),Keadaan ekstrem secara statistik namun masih masuk secara logika riil (Tail-end customer).,"Berpeluang cross-selling khusus untuk Very High Net Worth Individual, bila bukan risiko gagal bayar."
295165.0,cluster_2,Tipe B - Rare but Valid,AMT_REQ_CREDIT_BUREAU_YEAR=3.58 (27.8x dari median) | POS_MONTHS_COUNT=1.05 (27.0x dari median) | AMT_ANNUITY=-2.76 (22.5x dari median) | BUREAU_COUNT=3.78 (22.0x dari median) | YEARS_BIRTH=-0.56 (16.8x dari median),Keadaan ekstrem secara statistik namun masih masuk secara logika riil (Tail-end customer).,"Berpeluang cross-selling khusus untuk Very High Net Worth Individual, bila bukan risiko gagal bayar."
295210.0,cluster_1,Tipe B - Rare but Valid,EXT_SOURCE_2=-2.65 (26.7x dari median) | BUREAU_DAYS_CREDIT_MEAN=1.45 (9.3x dari median) | PREV_APPROVAL_RATE=-2.34 (6.7x dari median) | YEARS_BIRTH=-1.24 (5.6x dari median) | BUREAU_ACTIVE_RATIO=-1.11 (4.3x dari median),Keadaan ekstrem secara statistik namun masih masuk secara logika riil (Tail-end customer).,"Berpeluang cross-selling khusus untuk Very High Net Worth Individual, bila bukan risiko gagal bayar."
295639.0,cluster_2,Tipe A - Data Error,EXT_SOURCE_1=1.96 (144.6x dari median) | REGION_RATING_CLIENT_W_CITY=-2.04 (34.6x dari median) | YEARS_BIRTH=-0.96 (29.6x dari median) | CREDIT_TERM_MONTHS=-1.09 (19.6x dari median) | BUREAU_DEBT_TO_CREDIT_RATIO=1.45 (18.8x dari median),"Deviasi fitur lebih dari 50x median klaster, kemungkinan kesalahan input sistem.",Tim data engineering perlu memperbaiki flow pipeline ingestion untuk capping nilai ekstrem.
296041.0,cluster_2,Tipe A - Data Error,EXT_SOURCE_1=-1.29 (96.8x dari median) | YEARS_BIRTH=-1.17 (36.5x dari median) | AMT_REQ_CREDIT_BUREAU_YEAR=2.43 (18.5x dari median) | EXT_SOURCE_3=-1.94 (18.4x dari median) | BUREAU_COUNT=2.68 (15.9x dari median),"Deviasi fitur lebih dari 50x median klaster, kemungkinan kesalahan input sistem.",Tim data engineering perlu memperbaiki flow pipeline ingestion untuk capping nilai ekstrem.
296068.0,cluster_3,Tipe A - Data Error,EXT_SOURCE_1=0.95 (69.5x dari median) | YEARS_EMPLOYED=3.49 (12.1x dari median) | EXT_SOURCE_3=1.40 (11.6x dari median) | INST_DPD_MEAN=0.87 (8.7x dari median) | AMT_INCOME_TOTAL=-1.28 (7.9x dari median),"Deviasi fitur lebih dari 50x median klaster, kemungkinan kesalahan input sistem.",Tim data engineering perlu memperbaiki flow pipeline ingestion untuk capping nilai ekstrem.
296551.0,cluster_2,Tipe B - Rare but Valid,CREDIT_TERM_MONTHS=1.28 (25.4x dari median) | BUREAU_ACTIVE_RATIO=1.41 (24.8x dari median) | YEARS_BIRTH=-0.63 (19.0x dari median) | EXT_SOURCE_3=-1.71 (16.3x dari median) | EXT_SOURCE_2=-2.20 (9.1x dari median),Keadaan ekstrem secara statistik namun masih masuk secara logika riil (Tail-end customer).,"Berpeluang cross-selling khusus untuk Very High Net Worth Individual, bila bukan risiko gagal bayar."
296590.0,cluster_4,Tipe B - Rare but Valid,PREV_APPROVAL_RATE=0.96 (19.4x dari median) | EXT_SOURCE_3=-1.99 (18.9x dari median) | BUREAU_ACTIVE_RATIO=0.78 (14.2x dari median) | BUREAU_COUNT=2.24 (13.4x dari median) | BUREAU_BB_SEVERE_DPD_MEAN=0.63 (13.2x dari median),Keadaan ekstrem secara statistik namun masih masuk secara logika riil (Tail-end customer).,"Berpeluang cross-selling khusus untuk Very High Net Worth Individual, bila bukan risiko gagal bayar."
296745.0,cluster_2,Tipe B - Rare but Valid,BUREAU_BB_SEVERE_DPD_MEAN=2.39 (47.7x dari median) | EXT_SOURCE_1=-0.39 (29.7x dari median) | BUREAU_COUNT=4.22 (24.5x dari median) | YEARS_BIRTH=-0.78 (23.8x dari median) | BUREAU_DAYS_CREDIT_MEAN=-1.40 (18.1x dari median),Keadaan ekstrem secara statistik namun masih masuk secara logika riil (Tail-end customer).,"Berpeluang cross-selling khusus untuk Very High Net Worth Individual, bila bukan risiko gagal bayar."
297514.0,cluster_2,Tipe B - Rare but Valid,YEARS_BIRTH=0.86 (28.6x dari median) | PREV_COUNT=7.84 (24.4x dari median) | AMT_REQ_CREDIT_BUREAU_YEAR=3.00 (23.2x dari median) | EXT_SOURCE_3=-2.30 (21.6x dari median) | PREV_REFUSED_COUNT=7.90 (18.4x dari median),Keadaan ekstrem secara statistik namun masih masuk secara logika riil (Tail-end customer).,"Berpeluang cross-selling khusus untuk Very High Net Worth Individual, bila bukan risiko gagal bayar."
297551.0,cluster_2,Tipe B - Rare but Valid,YEARS_BIRTH=-1.42 (44.3x dari median) | INST_DPD_MAX=2.35 (23.6x dari median) | EXT_SOURCE_3=-1.29 (12.6x dari median) | POS_SK_DPD_MEAN=0.64 (10.2x dari median) | BUREAU_DAYS_CREDIT_MEAN=0.54 (8.3x dari median),Keadaan ekstrem secara statistik namun masih masuk secara logika riil (Tail-end customer).,"Berpeluang cross-selling khusus untuk Very High Net Worth Individual, bila bukan risiko gagal bayar."
297593.0,cluster_4,Tipe A - Data Error,EXT_SOURCE_1=1.69 (124.6x dari median) | REGION_RATING_CLIENT_W_CITY=1.92 (34.6x dari median) | CREDIT_TERM_MONTHS=1.67 (23.2x dari median) | POS_SK_DPD_MEAN=4.33 (21.0x dari median) | PREV_APPROVAL_RATE=0.96 (19.4x dari median),"Deviasi fitur lebih dari 50x median klaster, kemungkinan kesalahan input sistem.",Tim data engineering perlu memperbaiki flow pipeline ingestion untuk capping nilai ekstrem.
297748.0,cluster_4,Tipe A - Data Error,CC_SK_DPD_MEAN=7.37 (148.9x dari median) | EXT_SOURCE_1=0.47 (34.0x dari median) | PREV_APPROVAL_RATE=0.96 (19.4x dari median) | YEARS_BIRTH=-1.24 (10.7x dari median) | CREDIT_TERM_MONTHS=0.62 (9.2x dari median),"Deviasi fitur lebih dari 50x median klaster, kemungkinan kesalahan input sistem.",Tim data engineering perlu memperbaiki flow pipeline ingestion untuk capping nilai ekstrem.
297987.0,cluster_2,Tipe A - Data Error,EXT_SOURCE_1=2.92 (216.2x dari median) | POS_MONTHS_COUNT=2.10 (55.1x dari median) | YEARS_BIRTH=1.35 (44.3x dari median) | CREDIT_TERM_MONTHS=-1.40 (25.6x dari median) | BUREAU_DAYS_CREDIT_MEAN=-1.63 (21.2x dari median),"Deviasi fitur lebih dari 50x median klaster, kemungkinan kesalahan input sistem.",Tim data engineering perlu memperbaiki flow pipeline ingestion untuk capping nilai ekstrem.
298226.0,cluster_2,Tipe B - Rare but Valid,REGION_RATING_CLIENT_W_CITY=1.92 (34.6x dari median) | CREDIT_TERM_MONTHS=1.70 (33.2x dari median) | BUREAU_DAYS_CREDIT_MEAN=1.45 (20.8x dari median) | BUREAU_ACTIVE_RATIO=-1.11 (17.7x dari median) | YEARS_EMPLOYED=2.98 (15.0x dari median),Keadaan ekstrem secara statistik namun masih masuk secara logika riil (Tail-end customer).,"Berpeluang cross-selling khusus untuk Very High Net Worth Individual, bila bukan risiko gagal bayar."
298320.0,cluster_1,Tipe B - Rare but Valid,INST_SEVERE_LATE_RATIO=5.15 (31.6x dari median) | BUREAU_DAYS_CREDIT_MEAN=1.45 (9.3x dari median) | YEARS_BIRTH=1.26 (7.7x dari median) | INST_LATE_RATIO=3.06 (5.9x dari median) | INST_DPD_MEAN=0.42 (4.7x dari median),Keadaan ekstrem secara statistik namun masih masuk secara logika riil (Tail-end customer).,"Berpeluang cross-selling khusus untuk Very High Net Worth Individual, bila bukan risiko gagal bayar."
298349.0,cluster_0,Tipe A - Data Error,EXT_SOURCE_3=0.71 (333.3x dari median) | EXT_SOURCE_1=0.70 (50.8x dari median) | BUREAU_ACTIVE_RATIO=-1.11 (17.7x dari median) | OWN_CAR_AGE=6.68 (15.7x dari median) | BUREAU_DEBT_TO_CREDIT_RATIO=-0.59 (7.4x dari median),"Deviasi fitur lebih dari 50x median klaster, kemungkinan kesalahan input sistem.",Tim data engineering perlu memperbaiki flow pipeline ingestion untuk capping nilai ekstrem.
298408.0,cluster_2,Tipe A - Data Error,EXT_SOURCE_1=1.79 (131.9x dari median) | REGION_RATING_CLIENT_W_CITY=-2.04 (34.6x dari median) | YEARS_BIRTH=1.03 (33.9x dari median) | CREDIT_TERM_MONTHS=1.68 (32.8x dari median) | CREDIT_TO_INCOME=4.63 (20.4x dari median),"Deviasi fitur lebih dari 50x median klaster, kemungkinan kesalahan input sistem.",Tim data engineering perlu memperbaiki flow pipeline ingestion untuk capping nilai ekstrem.
298587.0,cluster_2,Tipe B - Rare but Valid,YEARS_BIRTH=0.98 (32.3x dari median) | POS_MONTHS_COUNT=1.05 (27.0x dari median) | PREV_COUNT=3.60 (10.7x dari median) | PREV_REFUSED_COUNT=4.00 (9.8x dari median) | AMT_REQ_CREDIT_BUREAU_YEAR=1.27 (9.3x dari median),Keadaan ekstrem secara statistik namun masih masuk secara logika riil (Tail-end customer).,"Berpeluang cross-selling khusus untuk Very High Net Worth Individual, bila bukan risiko gagal bayar."
298922.0,cluster_1,Tipe A - Data Error,EXT_SOURCE_1=0.92 (67.5x dari median) | BUREAU_DAYS_CREDIT_MEAN=1.45 (9.3x dari median) | PREV_APPROVAL_RATE=-2.34 (6.7x dari median) | BUREAU_ACTIVE_RATIO=-1.11 (4.3x dari median) | EXT_SOURCE_2=0.52 (4.1x dari median),"Deviasi fitur lebih dari 50x median klaster, kemungkinan kesalahan input sistem.",Tim data engineering perlu memperbaiki flow pipeline ingestion untuk capping nilai ekstrem.
298949.0,cluster_0,Tipe A - Data Error,EXT_SOURCE_3=1.68 (786.8x dari median) | PREV_REFUSED_COUNT=5.12 (48.9x dari median) | REGION_RATING_CLIENT_W_CITY=-2.04 (34.6x dari median) | CREDIT_TERM_MONTHS=-1.48 (27.2x dari median) | BUREAU_ACTIVE_RATIO=0.78 (14.2x dari median),"Deviasi fitur lebih dari 50x median klaster, kemungkinan kesalahan input sistem.",Tim data engineering perlu memperbaiki flow pipeline ingestion untuk capping nilai ekstrem.
299008.0,cluster_2,Tipe B - Rare but Valid,AMT_REQ_CREDIT_BUREAU_YEAR=3.58 (27.8x dari median) | EXT_SOURCE_1=-0.32 (25.0x dari median) | PREV_COUNT=6.42 (19.8x dari median) | PREV_REFUSED_COUNT=7.90 (18.4x dari median) | PREV_APPROVAL_RATE=-1.82 (12.3x dari median),Keadaan ekstrem secara statistik namun masih masuk secara logika riil (Tail-end customer).,"Berpeluang cross-selling khusus untuk Very High Net Worth Individual, bila bukan risiko gagal bayar."
299032.0,cluster_4,Tipe A - Data Error,EXT_SOURCE_1=1.34 (98.4x dari median) | POS_SK_DPD_MEAN=5.03 (24.6x dari median) | PREV_APPROVAL_RATE=0.96 (19.4x dari median) | CREDIT_TERM_MONTHS=0.69 (10.2x dari median) | YEARS_EMPLOYED=2.79 (9.2x dari median),"Deviasi fitur lebih dari 50x median klaster, kemungkinan kesalahan input sistem.",Tim data engineering perlu memperbaiki flow pipeline ingestion untuk capping nilai ekstrem.
299430.0,cluster_4,Tipe A - Data Error,ANNUITY_TO_INCOME=8.42 (93.0x dari median) | CREDIT_TO_INCOME=8.97 (58.1x dari median) | REGION_RATING_CLIENT_W_CITY=1.92 (34.6x dari median) | AMT_ANNUITY=1.60 (18.1x dari median) | BUREAU_ACTIVE_RATIO=-1.11 (17.7x dari median),"Deviasi fitur lebih dari 50x median klaster, kemungkinan kesalahan input sistem.",Tim data engineering perlu memperbaiki flow pipeline ingestion untuk capping nilai ekstrem.
299618.0,cluster_2,Tipe B - Rare but Valid,POS_MONTHS_COUNT=1.57 (41.0x dari median) | BUREAU_ACTIVE_RATIO=2.03 (35.5x dari median) | YEARS_BIRTH=-0.89 (27.6x dari median) | BUREAU_DEBT_TO_CREDIT_RATIO=1.59 (20.5x dari median) | CREDIT_TERM_MONTHS=-1.07 (19.3x dari median),Keadaan ekstrem secara statistik namun masih masuk secara logika riil (Tail-end customer).,"Berpeluang cross-selling khusus untuk Very High Net Worth Individual, bila bukan risiko gagal bayar."
299834.0,cluster_1,Tipe A - Data Error,EXT_SOURCE_1=0.77 (56.0x dari median) | BUREAU_ACTIVE_RATIO=2.03 (10.8x dari median) | EXT_SOURCE_2=1.18 (10.4x dari median) | OWN_CAR_AGE=2.78 (7.1x dari median) | BUREAU_DAYS_CREDIT_MEAN=1.11 (6.8x dari median),"Deviasi fitur lebih dari 50x median klaster, kemungkinan kesalahan input sistem.",Tim data engineering perlu memperbaiki flow pipeline ingestion untuk capping nilai ekstrem.
300066.0,cluster_2,Tipe A - Data Error,POS_MONTHS_COUNT=2.86 (75.6x dari median) | REGION_RATING_CLIENT_W_CITY=1.92 (34.6x dari median) | EXT_SOURCE_3=-2.68 (25.1x dari median) | BUREAU_COUNT=3.56 (20.8x dari median) | CREDIT_TERM_MONTHS=0.87 (17.5x dari median),"Deviasi fitur lebih dari 50x median klaster, kemungkinan kesalahan input sistem.",Tim data engineering perlu memperbaiki flow pipeline ingestion untuk capping nilai ekstrem.
300639.0,cluster_0,Tipe B - Rare but Valid,EXT_SOURCE_3=-0.11 (48.3x dari median) | CREDIT_TERM_MONTHS=1.97 (38.7x dari median) | YEARS_EMPLOYED=5.00 (35.4x dari median) | PREV_REFUSED_COUNT=1.22 (10.9x dari median) | BUREAU_DEBT_TO_CREDIT_RATIO=0.55 (8.9x dari median),Keadaan ekstrem secara statistik namun masih masuk secara logika riil (Tail-end customer).,"Berpeluang cross-selling khusus untuk Very High Net Worth Individual, bila bukan risiko gagal bayar."
300740.0,cluster_2,Tipe A - Data Error,EXT_SOURCE_1=-1.32 (98.8x dari median) | YEARS_BIRTH=-1.18 (36.7x dari median) | REGION_RATING_CLIENT_W_CITY=1.92 (34.6x dari median) | CREDIT_TERM_MONTHS=1.17 (23.1x dari median) | POS_MONTHS_COUNT=-0.49 (14.0x dari median),"Deviasi fitur lebih dari 50x median klaster, kemungkinan kesalahan input sistem.",Tim data engineering perlu memperbaiki flow pipeline ingestion untuk capping nilai ekstrem.
301012.0,cluster_2,Tipe A - Data Error,EXT_SOURCE_1=1.87 (137.9x dari median) | REGION_RATING_CLIENT_W_CITY=1.92 (34.6x dari median) | YEARS_BIRTH=0.85 (28.1x dari median) | YEARS_EMPLOYED=4.62 (22.8x dari median) | POS_MONTHS_COUNT=-0.81 (22.7x dari median),"Deviasi fitur lebih dari 50x median klaster, kemungkinan kesalahan input sistem.",Tim data engineering perlu memperbaiki flow pipeline ingestion untuk capping nilai ekstrem.
301018.0,cluster_1,Tipe B - Rare but Valid,REGION_RATING_CLIENT_W_CITY=-2.04 (34.6x dari median) | INST_DPD_MAX=3.78 (24.5x dari median) | INST_SEVERE_LATE_RATIO=3.82 (23.7x dari median) | INST_DPD_MEAN=1.84 (17.2x dari median) | YEARS_BIRTH=1.69 (10.0x dari median),Keadaan ekstrem secara statistik namun masih masuk secara logika riil (Tail-end customer).,"Berpeluang cross-selling khusus untuk Very High Net Worth Individual, bila bukan risiko gagal bayar."
301712.0,cluster_3,Tipe C - Risk Signal,EXT_SOURCE_1=0.47 (33.7x dari median) | AMT_INCOME_TOTAL=2.20 (16.2x dari median) | BUREAU_DAYS_CREDIT_MEAN=1.45 (11.9x dari median) | YEARS_EMPLOYED=2.07 (7.6x dari median) | AMT_ANNUITY=4.03 (6.4x dari median),Kombinasi finansial kontradiktif (contoh: rasio cicilan atau kredit terlalu besar di saat income rendah / profil berisiko).,Tim analis risiko (Underwriting) wajib memberikan manual review sebelum memberikan persetujuan.
301810.0,cluster_2,Tipe A - Data Error,EXT_SOURCE_1=-2.75 (205.3x dari median) | YEARS_BIRTH=-1.76 (55.3x dari median) | BUREAU_ACTIVE_RATIO=2.03 (35.5x dari median) | REGION_RATING_CLIENT_W_CITY=-2.04 (34.6x dari median) | EXT_SOURCE_3=-2.81 (26.2x dari median),"Deviasi fitur lebih dari 50x median klaster, kemungkinan kesalahan input sistem.",Tim data engineering perlu memperbaiki flow pipeline ingestion untuk capping nilai ekstrem.
301900.0,cluster_2,Tipe B - Rare but Valid,YEARS_BIRTH=-1.20 (37.3x dari median) | BUREAU_ACTIVE_RATIO=2.03 (35.5x dari median) | CREDIT_TERM_MONTHS=-1.40 (25.6x dari median) | AMT_INCOME_TOTAL=1.47 (12.4x dari median) | EXT_SOURCE_2=-2.54 (10.4x dari median),Keadaan ekstrem secara statistik namun masih masuk secara logika riil (Tail-end customer).,"Berpeluang cross-selling khusus untuk Very High Net Worth Individual, bila bukan risiko gagal bayar."
302078.0,cluster_1,Tipe A - Data Error,EXT_SOURCE_1=1.87 (137.7x dari median) | REGION_RATING_CLIENT_W_CITY=1.92 (34.6x dari median) | EXT_SOURCE_3=1.14 (9.3x dari median) | YEARS_EMPLOYED=3.36 (8.6x dari median) | BUREAU_DAYS_CREDIT_MEAN=-0.91 (7.4x dari median),"Deviasi fitur lebih dari 50x median klaster, kemungkinan kesalahan input sistem.",Tim data engineering perlu memperbaiki flow pipeline ingestion untuk capping nilai ekstrem.
302655.0,cluster_0,Tipe A - Data Error,EXT_SOURCE_3=0.11 (53.0x dari median) | CREDIT_TERM_MONTHS=2.16 (42.3x dari median) | REGION_RATING_CLIENT_W_CITY=-2.04 (34.6x dari median) | PREV_REFUSED_COUNT=2.33 (21.7x dari median) | BUREAU_ACTIVE_RATIO=0.99 (17.7x dari median),"Deviasi fitur lebih dari 50x median klaster, kemungkinan kesalahan input sistem.",Tim data engineering perlu memperbaiki flow pipeline ingestion untuk capping nilai ekstrem.
302842.0,cluster_0,Tipe A - Data Error,EXT_SOURCE_3=1.53 (714.1x dari median) | EXT_SOURCE_1=1.79 (132.1x dari median) | BUREAU_ACTIVE_RATIO=-1.11 (17.7x dari median) | CREDIT_TERM_MONTHS=0.67 (13.7x dari median) | POS_MONTHS_COUNT=4.64 (13.5x dari median),"Deviasi fitur lebih dari 50x median klaster, kemungkinan kesalahan input sistem.",Tim data engineering perlu memperbaiki flow pipeline ingestion untuk capping nilai ekstrem.
303010.0,cluster_2,Tipe A - Data Error,CC_SK_DPD_MEAN=19.80 (398.6x dari median) | POS_MONTHS_COUNT=-1.13 (31.3x dari median) | YEARS_BIRTH=0.86 (28.4x dari median) | CREDIT_TERM_MONTHS=-1.41 (25.7x dari median) | BUREAU_DAYS_CREDIT_MEAN=1.45 (20.8x dari median),"Deviasi fitur lebih dari 50x median klaster, kemungkinan kesalahan input sistem.",Tim data engineering perlu memperbaiki flow pipeline ingestion untuk capping nilai ekstrem.
303108.0,cluster_4,Tipe A - Data Error,POS_SK_DPD_MEAN=21.18 (106.8x dari median) | EXT_SOURCE_1=0.35 (25.2x dari median) | CREDIT_TERM_MONTHS=1.67 (23.2x dari median) | BUREAU_ACTIVE_RATIO=-1.11 (17.7x dari median) | PREV_APPROVAL_RATE=-0.69 (12.1x dari median),"Deviasi fitur lebih dari 50x median klaster, kemungkinan kesalahan input sistem.",Tim data engineering perlu memperbaiki flow pipeline ingestion untuk capping nilai ekstrem.
303109.0,cluster_2,Tipe C - Risk Signal,REGION_RATING_CLIENT_W_CITY=1.92 (34.6x dari median) | YEARS_BIRTH=0.80 (26.6x dari median) | INST_SEVERE_LATE_RATIO=3.11 (19.5x dari median) | CREDIT_TO_INCOME=4.27 (18.9x dari median) | CREDIT_TERM_MONTHS=0.87 (17.4x dari median),Kombinasi finansial kontradiktif (contoh: rasio cicilan atau kredit terlalu besar di saat income rendah / profil berisiko).,Tim analis risiko (Underwriting) wajib memberikan manual review sebelum memberikan persetujuan.
303245.0,cluster_1,Tipe B - Rare but Valid,REGION_RATING_CLIENT_W_CITY=1.92 (34.6x dari median) | EXT_SOURCE_3=-1.48 (14.3x dari median) | BUREAU_ACTIVE_RATIO=2.03 (10.8x dari median) | EXT_SOURCE_2=1.02 (8.9x dari median) | BUREAU_DAYS_CREDIT_MEAN=1.23 (7.7x dari median),Keadaan ekstrem secara statistik namun masih masuk secara logika riil (Tail-end customer).,"Berpeluang cross-selling khusus untuk Very High Net Worth Individual, bila bukan risiko gagal bayar."
303386.0,cluster_0,Tipe A - Data Error,EXT_SOURCE_3=-1.10 (514.5x dari median) | REGION_RATING_CLIENT_W_CITY=-2.04 (34.6x dari median) | CREDIT_TERM_MONTHS=-1.62 (29.9x dari median) | INST_SEVERE_LATE_RATIO=3.90 (24.2x dari median) | INST_DPD_MAX=2.96 (21.9x dari median),"Deviasi fitur lebih dari 50x median klaster, kemungkinan kesalahan input sistem.",Tim data engineering perlu memperbaiki flow pipeline ingestion untuk capping nilai ekstrem.
303401.0,cluster_4,Tipe A - Data Error,BUREAU_BB_SEVERE_DPD_MEAN=2.78 (55.4x dari median) | BUREAU_BB_DPD_RATIO_MEAN=4.77 (25.5x dari median) | EXT_SOURCE_1=0.35 (25.1x dari median) | PREV_APPROVAL_RATE=-1.35 (24.8x dari median) | EXT_SOURCE_3=-1.83 (17.4x dari median),"Deviasi fitur lebih dari 50x median klaster, kemungkinan kesalahan input sistem.",Tim data engineering perlu memperbaiki flow pipeline ingestion untuk capping nilai ekstrem.
303530.0,cluster_3,Tipe B - Rare but Valid,EXT_SOURCE_1=0.57 (41.2x dari median) | BUREAU_DAYS_CREDIT_MEAN=1.45 (11.9x dari median) | YEARS_BIRTH=-1.12 (7.9x dari median) | AMT_INCOME_TOTAL=-1.06 (6.3x dari median) | CREDIT_TERM_MONTHS=2.38 (6.1x dari median),Keadaan ekstrem secara statistik namun masih masuk secara logika riil (Tail-end customer).,"Berpeluang cross-selling khusus untuk Very High Net Worth Individual, bila bukan risiko gagal bayar."
304450.0,cluster_0,Tipe A - Data Error,EXT_SOURCE_3=-0.78 (365.3x dari median) | EXT_SOURCE_1=0.67 (49.0x dari median) | PREV_REFUSED_COUNT=5.12 (48.9x dari median) | REGION_RATING_CLIENT_W_CITY=-2.04 (34.6x dari median) | BUREAU_DEBT_TO_CREDIT_RATIO=-0.59 (7.4x dari median),"Deviasi fitur lebih dari 50x median klaster, kemungkinan kesalahan input sistem.",Tim data engineering perlu memperbaiki flow pipeline ingestion untuk capping nilai ekstrem.
304919.0,cluster_2,Tipe B - Rare but Valid,POS_MONTHS_COUNT=1.53 (39.9x dari median) | AMT_INCOME_TOTAL=2.47 (21.6x dari median) | CREDIT_TERM_MONTHS=0.60 (12.3x dari median) | EXT_SOURCE_3=1.27 (10.4x dari median) | BUREAU_ACTIVE_RATIO=0.46 (8.9x dari median),Keadaan ekstrem secara statistik namun masih masuk secara logika riil (Tail-end customer).,"Berpeluang cross-selling khusus untuk Very High Net Worth Individual, bila bukan risiko gagal bayar."
304931.0,cluster_4,Tipe A - Data Error,EXT_SOURCE_1=-1.69 (126.6x dari median) | POS_SK_DPD_MEAN=4.82 (23.5x dari median) | PREV_APPROVAL_RATE=0.96 (19.4x dari median) | EXT_SOURCE_3=1.53 (12.7x dari median) | CREDIT_TERM_MONTHS=0.86 (12.4x dari median),"Deviasi fitur lebih dari 50x median klaster, kemungkinan kesalahan input sistem.",Tim data engineering perlu memperbaiki flow pipeline ingestion untuk capping nilai ekstrem.
305235.0,cluster_4,Tipe B - Rare but Valid,BUREAU_ACTIVE_RATIO=2.03 (35.5x dari median) | PREV_APPROVAL_RATE=-1.51 (27.9x dari median) | BUREAU_BB_DPD_RATIO_MEAN=2.47 (13.7x dari median) | EXT_SOURCE_1=-0.12 (9.9x dari median) | PREV_REFUSED_COUNT=3.45 (8.6x dari median),Keadaan ekstrem secara statistik namun masih masuk secara logika riil (Tail-end customer).,"Berpeluang cross-selling khusus untuk Very High Net Worth Individual, bila bukan risiko gagal bayar."
305355.0,cluster_2,Tipe B - Rare but Valid,YEARS_BIRTH=1.07 (35.1x dari median) | YEARS_EMPLOYED=4.72 (23.2x dari median) | BUREAU_DAYS_CREDIT_MEAN=1.45 (20.8x dari median) | BUREAU_ACTIVE_RATIO=-1.11 (17.7x dari median) | AMT_INCOME_TOTAL=-1.06 (10.7x dari median),Keadaan ekstrem secara statistik namun masih masuk secara logika riil (Tail-end customer).,"Berpeluang cross-selling khusus untuk Very High Net Worth Individual, bila bukan risiko gagal bayar."
305456.0,cluster_4,Tipe A - Data Error,CC_SK_DPD_MEAN=14.94 (301.1x dari median) | EXT_SOURCE_1=0.71 (51.9x dari median) | PREV_APPROVAL_RATE=0.96 (19.4x dari median) | AMT_ANNUITY=-1.05 (13.6x dari median) | BUREAU_COUNT=1.36 (8.6x dari median),"Deviasi fitur lebih dari 50x median klaster, kemungkinan kesalahan input sistem.",Tim data engineering perlu memperbaiki flow pipeline ingestion untuk capping nilai ekstrem.
305662.0,cluster_1,Tipe B - Rare but Valid,REGION_RATING_CLIENT_W_CITY=-2.04 (34.6x dari median) | OWN_CAR_AGE=6.68 (15.7x dari median) | EXT_SOURCE_2=1.03 (9.0x dari median) | YEARS_BIRTH=1.27 (7.8x dari median) | INST_LATE_RATIO=3.17 (6.0x dari median),Keadaan ekstrem secara statistik namun masih masuk secara logika riil (Tail-end customer).,"Berpeluang cross-selling khusus untuk Very High Net Worth Individual, bila bukan risiko gagal bayar."
305890.0,cluster_0,Tipe A - Data Error,EXT_SOURCE_3=1.27 (593.7x dari median) | EXT_SOURCE_1=1.28 (94.0x dari median) | PREV_REFUSED_COUNT=2.33 (21.7x dari median) | BUREAU_DEBT_TO_CREDIT_RATIO=1.10 (16.8x dari median) | BUREAU_ACTIVE_RATIO=0.78 (14.2x dari median),"Deviasi fitur lebih dari 50x median klaster, kemungkinan kesalahan input sistem.",Tim data engineering perlu memperbaiki flow pipeline ingestion untuk capping nilai ekstrem.
305967.0,cluster_0,Tipe A - Data Error,INST_PAYMENT_RATIO_MEAN=7.04 (659.9x dari median) | EXT_SOURCE_3=-0.51 (235.3x dari median) | CREDIT_TERM_MONTHS=1.68 (33.1x dari median) | EXT_SOURCE_1=0.46 (33.0x dari median) | YEARS_EMPLOYED=3.72 (26.6x dari median),"Deviasi fitur lebih dari 50x median klaster, kemungkinan kesalahan input sistem.",Tim data engineering perlu memperbaiki flow pipeline ingestion untuk capping nilai ekstrem.
306062.0,cluster_0,Tipe A - Data Error,EXT_SOURCE_3=-1.95 (908.9x dari median) | PREV_REFUSED_COUNT=6.79 (65.2x dari median) | CREDIT_TERM_MONTHS=-0.82 (14.7x dari median) | BUREAU_COUNT=4.00 (14.4x dari median) | INST_PAYMENT_RATIO_MEAN=0.08 (8.8x dari median),"Deviasi fitur lebih dari 50x median klaster, kemungkinan kesalahan input sistem.",Tim data engineering perlu memperbaiki flow pipeline ingestion untuk capping nilai ekstrem.
306181.0,cluster_0,Tipe A - Data Error,EXT_SOURCE_3=-0.34 (159.1x dari median) | EXT_SOURCE_1=2.12 (156.3x dari median) | BUREAU_ACTIVE_RATIO=2.03 (35.5x dari median) | PREV_REFUSED_COUNT=-0.45 (5.4x dari median) | BUREAU_DAYS_CREDIT_MEAN=1.02 (4.5x dari median),"Deviasi fitur lebih dari 50x median klaster, kemungkinan kesalahan input sistem.",Tim data engineering perlu memperbaiki flow pipeline ingestion untuk capping nilai ekstrem.
306814.0,cluster_2,Tipe A - Data Error,EXT_SOURCE_1=2.33 (172.4x dari median) | POS_MONTHS_COUNT=-1.13 (31.3x dari median) | YEARS_BIRTH=0.70 (23.4x dari median) | BUREAU_ACTIVE_RATIO=-1.11 (17.7x dari median) | PREV_APPROVAL_RATE=-2.34 (16.1x dari median),"Deviasi fitur lebih dari 50x median klaster, kemungkinan kesalahan input sistem.",Tim data engineering perlu memperbaiki flow pipeline ingestion untuk capping nilai ekstrem.
306957.0,cluster_2,Tipe A - Data Error,EXT_SOURCE_1=0.88 (64.3x dari median) | BUREAU_BB_DPD_RATIO_MEAN=4.18 (22.5x dari median) | CREDIT_TERM_MONTHS=-0.95 (17.0x dari median) | YEARS_BIRTH=-0.52 (15.8x dari median) | EXT_SOURCE_3=-1.51 (14.6x dari median),"Deviasi fitur lebih dari 50x median klaster, kemungkinan kesalahan input sistem.",Tim data engineering perlu memperbaiki flow pipeline ingestion untuk capping nilai ekstrem.
307477.0,cluster_2,Tipe A - Data Error,POS_MONTHS_COUNT=4.64 (123.1x dari median) | YEARS_BIRTH=0.56 (18.8x dari median) | AMT_INCOME_TOTAL=1.84 (15.8x dari median) | BUREAU_DAYS_CREDIT_MEAN=-0.71 (8.7x dari median) | EXT_SOURCE_3=0.88 (6.9x dari median),"Deviasi fitur lebih dari 50x median klaster, kemungkinan kesalahan input sistem.",Tim data engineering perlu memperbaiki flow pipeline ingestion untuk capping nilai ekstrem.
309006.0,cluster_4,Tipe A - Data Error,EXT_SOURCE_1=2.31 (170.2x dari median) | PREV_APPROVAL_RATE=0.96 (19.4x dari median) | CREDIT_TERM_MONTHS=0.87 (12.5x dari median) | AMT_ANNUITY=0.97 (10.6x dari median) | AMT_CREDIT=1.23 (7.6x dari median),"Deviasi fitur lebih dari 50x median klaster, kemungkinan kesalahan input sistem.",Tim data engineering perlu memperbaiki flow pipeline ingestion untuk capping nilai ekstrem.
309365.0,cluster_2,Tipe B - Rare but Valid,CREDIT_TERM_MONTHS=-1.56 (28.6x dari median) | YEARS_BIRTH=0.73 (24.3x dari median) | AMT_REQ_CREDIT_BUREAU_YEAR=2.43 (18.5x dari median) | PREV_APPROVAL_RATE=-1.35 (8.8x dari median) | AMT_CREDIT=-1.59 (8.7x dari median),Keadaan ekstrem secara statistik namun masih masuk secara logika riil (Tail-end customer).,"Berpeluang cross-selling khusus untuk Very High Net Worth Individual, bila bukan risiko gagal bayar."
309599.0,cluster_0,Tipe A - Data Error,EXT_SOURCE_3=-2.34 (1090.4x dari median) | EXT_SOURCE_1=2.43 (179.5x dari median) | PREV_REFUSED_COUNT=4.00 (38.0x dari median) | BUREAU_DEBT_TO_CREDIT_RATIO=1.65 (24.6x dari median) | OWN_CAR_AGE=6.79 (15.9x dari median),"Deviasi fitur lebih dari 50x median klaster, kemungkinan kesalahan input sistem.",Tim data engineering perlu memperbaiki flow pipeline ingestion untuk capping nilai ekstrem.
309699.0,cluster_1,Tipe A - Data Error,EXT_SOURCE_1=-0.99 (74.5x dari median) | INST_DPD_MEAN=2.87 (26.3x dari median) | INST_SEVERE_LATE_RATIO=4.08 (25.3x dari median) | INST_DPD_MAX=3.48 (22.6x dari median) | POS_SK_DPD_MEAN=1.31 (19.7x dari median),"Deviasi fitur lebih dari 50x median klaster, kemungkinan kesalahan input sistem.",Tim data engineering perlu memperbaiki flow pipeline ingestion untuk capping nilai ekstrem.
309845.0,cluster_0,Tipe A - Data Error,EXT_SOURCE_3=-1.31 (612.4x dari median) | EXT_SOURCE_1=-1.58 (118.4x dari median) | PREV_REFUSED_COUNT=5.12 (48.9x dari median) | BUREAU_ACTIVE_RATIO=2.03 (35.5x dari median) | REGION_RATING_CLIENT_W_CITY=-2.04 (34.6x dari median),"Deviasi fitur lebih dari 50x median klaster, kemungkinan kesalahan input sistem.",Tim data engineering perlu memperbaiki flow pipeline ingestion untuk capping nilai ekstrem.
309858.0,cluster_3,Tipe A - Data Error,EXT_SOURCE_1=1.14 (83.7x dari median) | INST_SEVERE_LATE_RATIO=6.92 (42.1x dari median) | BUREAU_DAYS_CREDIT_MEAN=-0.72 (7.4x dari median) | INST_DPD_MEAN=0.69 (7.1x dari median) | BUREAU_ACTIVE_RATIO=0.99 (7.0x dari median),"Deviasi fitur lebih dari 50x median klaster, kemungkinan kesalahan input sistem.",Tim data engineering perlu memperbaiki flow pipeline ingestion untuk capping nilai ekstrem.
310620.0,cluster_2,Tipe A - Data Error,POS_MONTHS_COUNT=3.35 (88.5x dari median) | YEARS_BIRTH=1.56 (51.0x dari median) | BUREAU_COUNT=4.88 (28.1x dari median) | CREDIT_TERM_MONTHS=1.27 (25.1x dari median) | PREV_COUNT=4.07 (12.2x dari median),"Deviasi fitur lebih dari 50x median klaster, kemungkinan kesalahan input sistem.",Tim data engineering perlu memperbaiki flow pipeline ingestion untuk capping nilai ekstrem.
310981.0,cluster_0,Tipe A - Data Error,EXT_SOURCE_3=-1.02 (476.1x dari median) | EXT_SOURCE_1=-0.73 (55.5x dari median) | REGION_RATING_CLIENT_W_CITY=1.92 (34.6x dari median) | CREDIT_TERM_MONTHS=1.26 (25.1x dari median) | INST_SEVERE_LATE_RATIO=3.10 (19.4x dari median),"Deviasi fitur lebih dari 50x median klaster, kemungkinan kesalahan input sistem.",Tim data engineering perlu memperbaiki flow pipeline ingestion untuk capping nilai ekstrem.
311120.0,cluster_2,Tipe A - Data Error,EXT_SOURCE_1=-1.58 (118.1x dari median) | YEARS_BIRTH=-1.82 (57.2x dari median) | BUREAU_ACTIVE_RATIO=2.03 (35.5x dari median) | CREDIT_TERM_MONTHS=-1.63 (29.9x dari median) | EXT_SOURCE_3=-2.58 (24.2x dari median),"Deviasi fitur lebih dari 50x median klaster, kemungkinan kesalahan input sistem.",Tim data engineering perlu memperbaiki flow pipeline ingestion untuk capping nilai ekstrem.
311512.0,cluster_0,Tipe A - Data Error,PREV_REFUSED_COUNT=6.23 (59.8x dari median) | YEARS_EMPLOYED=3.26 (23.4x dari median) | EXT_SOURCE_3=0.04 (19.3x dari median) | POS_MONTHS_COUNT=5.12 (15.0x dari median) | BUREAU_ACTIVE_RATIO=-0.69 (10.6x dari median),"Deviasi fitur lebih dari 50x median klaster, kemungkinan kesalahan input sistem.",Tim data engineering perlu memperbaiki flow pipeline ingestion untuk capping nilai ekstrem.
311593.0,cluster_3,Tipe B - Rare but Valid,EXT_SOURCE_1=0.52 (37.8x dari median) | REGION_RATING_CLIENT_W_CITY=1.92 (34.6x dari median) | EXT_SOURCE_3=-0.90 (9.1x dari median) | BUREAU_ACTIVE_RATIO=1.25 (8.6x dari median) | CNT_CHILDREN=3.60 (7.2x dari median),Keadaan ekstrem secara statistik namun masih masuk secara logika riil (Tail-end customer).,"Berpeluang cross-selling khusus untuk Very High Net Worth Individual, bila bukan risiko gagal bayar."
312220.0,cluster_0,Tipe A - Data Error,EXT_SOURCE_1=-1.24 (93.4x dari median) | EXT_SOURCE_3=0.11 (53.0x dari median) | INST_SEVERE_LATE_RATIO=7.80 (47.4x dari median) | BUREAU_DEBT_TO_CREDIT_RATIO=1.50 (22.4x dari median) | CREDIT_TERM_MONTHS=-1.08 (19.6x dari median),"Deviasi fitur lebih dari 50x median klaster, kemungkinan kesalahan input sistem.",Tim data engineering perlu memperbaiki flow pipeline ingestion untuk capping nilai ekstrem.
312429.0,cluster_2,Tipe B - Rare but Valid,REGION_RATING_CLIENT_W_CITY=1.92 (34.6x dari median) | CREDIT_TERM_MONTHS=-1.08 (19.6x dari median) | BUREAU_DAYS_CREDIT_MEAN=-1.28 (16.5x dari median) | YEARS_BIRTH=-0.45 (13.4x dari median) | AMT_REQ_CREDIT_BUREAU_YEAR=1.27 (9.3x dari median),Keadaan ekstrem secara statistik namun masih masuk secara logika riil (Tail-end customer).,"Berpeluang cross-selling khusus untuk Very High Net Worth Individual, bila bukan risiko gagal bayar."
312667.0,cluster_0,Tipe A - Data Error,EXT_SOURCE_3=-0.96 (445.6x dari median) | EXT_SOURCE_1=-0.82 (62.2x dari median) | REGION_RATING_CLIENT_W_CITY=1.92 (34.6x dari median) | CREDIT_TERM_MONTHS=1.27 (25.3x dari median) | INST_DPD_MAX=2.16 (16.3x dari median),"Deviasi fitur lebih dari 50x median klaster, kemungkinan kesalahan input sistem.",Tim data engineering perlu memperbaiki flow pipeline ingestion untuk capping nilai ekstrem.
312692.0,cluster_1,Tipe B - Rare but Valid,EXT_SOURCE_1=0.58 (41.9x dari median) | REGION_RATING_CLIENT_W_CITY=-2.04 (34.6x dari median) | EXT_SOURCE_2=1.50 (13.6x dari median) | BUREAU_ACTIVE_RATIO=0.99 (5.7x dari median) | BUREAU_DEBT_TO_CREDIT_RATIO=1.40 (4.5x dari median),Keadaan ekstrem secara statistik namun masih masuk secara logika riil (Tail-end customer).,"Berpeluang cross-selling khusus untuk Very High Net Worth Individual, bila bukan risiko gagal bayar."
313017.0,cluster_2,Tipe A - Data Error,POS_MONTHS_COUNT=3.14 (83.1x dari median) | EXT_SOURCE_1=0.74 (54.2x dari median) | YEARS_BIRTH=0.54 (18.2x dari median) | PREV_COUNT=4.54 (13.7x dari median) | BUREAU_COUNT=1.58 (9.8x dari median),"Deviasi fitur lebih dari 50x median klaster, kemungkinan kesalahan input sistem.",Tim data engineering perlu memperbaiki flow pipeline ingestion untuk capping nilai ekstrem.
313200.0,cluster_0,Tipe A - Data Error,EXT_SOURCE_3=-1.07 (497.5x dari median) | EXT_SOURCE_1=1.23 (90.4x dari median) | BUREAU_COUNT=3.78 (13.5x dari median) | BUREAU_DEBT_TO_CREDIT_RATIO=0.54 (8.7x dari median) | CC_UTILIZATION_MAX=1.28 (3.7x dari median),"Deviasi fitur lebih dari 50x median klaster, kemungkinan kesalahan input sistem.",Tim data engineering perlu memperbaiki flow pipeline ingestion untuk capping nilai ekstrem.
313414.0,cluster_2,Tipe A - Data Error,EXT_SOURCE_1=-0.96 (72.4x dari median) | REGION_RATING_CLIENT_W_CITY=-2.04 (34.6x dari median) | POS_MONTHS_COUNT=-1.13 (31.3x dari median) | PREV_APPROVAL_RATE=-2.34 (16.1x dari median) | YEARS_BIRTH=0.43 (14.8x dari median),"Deviasi fitur lebih dari 50x median klaster, kemungkinan kesalahan input sistem.",Tim data engineering perlu memperbaiki flow pipeline ingestion untuk capping nilai ekstrem.
314014.0,cluster_1,Tipe B - Rare but Valid,EXT_SOURCE_3=1.83 (15.4x dari median) | EXT_SOURCE_2=0.85 (7.3x dari median) | PREV_APPROVAL_RATE=-2.08 (6.0x dari median) | PREV_COUNT=1.96 (5.9x dari median) | BUREAU_ACTIVE_RATIO=0.99 (5.7x dari median),Keadaan ekstrem secara statistik namun masih masuk secara logika riil (Tail-end customer).,"Berpeluang cross-selling khusus untuk Very High Net Worth Individual, bila bukan risiko gagal bayar."
314510.0,cluster_2,Tipe B - Rare but Valid,EXT_SOURCE_1=-0.56 (42.2x dari median) | POS_MONTHS_COUNT=1.53 (39.9x dari median) | YEARS_BIRTH=-0.70 (21.4x dari median) | EXT_SOURCE_3=-2.19 (20.7x dari median) | PREV_REFUSED_COUNT=7.90 (18.4x dari median),Keadaan ekstrem secara statistik namun masih masuk secara logika riil (Tail-end customer).,"Berpeluang cross-selling khusus untuk Very High Net Worth Individual, bila bukan risiko gagal bayar."
314987.0,cluster_2,Tipe A - Data Error,POS_MONTHS_COUNT=3.91 (103.6x dari median) | EXT_SOURCE_1=0.64 (46.5x dari median) | YEARS_BIRTH=1.29 (42.2x dari median) | BUREAU_ACTIVE_RATIO=1.41 (24.8x dari median) | CREDIT_TERM_MONTHS=-1.08 (19.4x dari median),"Deviasi fitur lebih dari 50x median klaster, kemungkinan kesalahan input sistem.",Tim data engineering perlu memperbaiki flow pipeline ingestion untuk capping nilai ekstrem.
315075.0,cluster_2,Tipe A - Data Error,EXT_SOURCE_1=1.42 (104.5x dari median) | CREDIT_TERM_MONTHS=1.43 (28.1x dari median) | POS_MONTHS_COUNT=1.05 (27.0x dari median) | BUREAU_ACTIVE_RATIO=1.51 (26.6x dari median) | AMT_REQ_CREDIT_BUREAU_YEAR=2.43 (18.5x dari median),"Deviasi fitur lebih dari 50x median klaster, kemungkinan kesalahan input sistem.",Tim data engineering perlu memperbaiki flow pipeline ingestion untuk capping nilai ekstrem.
315114.0,cluster_2,Tipe A - Data Error,EXT_SOURCE_1=-2.74 (204.5x dari median) | POS_MONTHS_COUNT=5.61 (149.0x dari median) | YEARS_BIRTH=-1.49 (46.7x dari median) | BUREAU_DAYS_CREDIT_MEAN=1.45 (20.8x dari median) | CREDIT_TERM_MONTHS=-1.08 (19.5x dari median),"Deviasi fitur lebih dari 50x median klaster, kemungkinan kesalahan input sistem.",Tim data engineering perlu memperbaiki flow pipeline ingestion untuk capping nilai ekstrem.
315174.0,cluster_3,Tipe A - Data Error,EXT_SOURCE_1=1.94 (143.3x dari median) | AMT_INCOME_TOTAL=2.31 (16.9x dari median) | YEARS_EMPLOYED=3.59 (12.4x dari median) | BUREAU_BB_SEVERE_DPD_MEAN=0.36 (7.9x dari median) | CNT_CHILDREN=2.21 (4.8x dari median),"Deviasi fitur lebih dari 50x median klaster, kemungkinan kesalahan input sistem.",Tim data engineering perlu memperbaiki flow pipeline ingestion untuk capping nilai ekstrem.
315225.0,cluster_2,Tipe C - Risk Signal,REGION_RATING_CLIENT_W_CITY=1.92 (34.6x dari median) | EXT_SOURCE_1=-0.42 (32.1x dari median) | BUREAU_DAYS_CREDIT_MEAN=1.45 (20.8x dari median) | AMT_INCOME_TOTAL=-2.13 (20.5x dari median) | CREDIT_TERM_MONTHS=-1.08 (19.5x dari median),Kombinasi finansial kontradiktif (contoh: rasio cicilan atau kredit terlalu besar di saat income rendah / profil berisiko).,Tim analis risiko (Underwriting) wajib memberikan manual review sebelum memberikan persetujuan.
315307.0,cluster_1,Tipe B - Rare but Valid,INST_SEVERE_LATE_RATIO=5.63 (34.4x dari median) | INST_DPD_MEAN=1.14 (11.0x dari median) | BUREAU_ACTIVE_RATIO=2.03 (10.8x dari median) | EXT_SOURCE_2=-0.69 (7.7x dari median) | INST_LATE_RATIO=3.40 (6.4x dari median),Keadaan ekstrem secara statistik namun masih masuk secara logika riil (Tail-end customer).,"Berpeluang cross-selling khusus untuk Very High Net Worth Individual, bila bukan risiko gagal bayar."
315810.0,cluster_0,Tipe A - Data Error,EXT_SOURCE_3=1.25 (586.2x dari median) | EXT_SOURCE_1=-0.58 (44.1x dari median) | REGION_RATING_CLIENT_W_CITY=-2.04 (34.6x dari median) | PREV_REFUSED_COUNT=2.89 (27.2x dari median) | YEARS_EMPLOYED=3.30 (23.7x dari median),"Deviasi fitur lebih dari 50x median klaster, kemungkinan kesalahan input sistem.",Tim data engineering perlu memperbaiki flow pipeline ingestion untuk capping nilai ekstrem.
315967.0,cluster_2,Tipe A - Data Error,EXT_SOURCE_1=-2.33 (174.4x dari median) | POS_MONTHS_COUNT=1.65 (43.2x dari median) | REGION_RATING_CLIENT_W_CITY=1.92 (34.6x dari median) | CREDIT_TERM_MONTHS=1.27 (25.0x dari median) | BUREAU_COUNT=4.00 (23.2x dari median),"Deviasi fitur lebih dari 50x median klaster, kemungkinan kesalahan input sistem.",Tim data engineering perlu memperbaiki flow pipeline ingestion untuk capping nilai ekstrem.
316022.0,cluster_4,Tipe B - Rare but Valid,PREV_APPROVAL_RATE=-1.24 (22.7x dari median) | ANNUITY_TO_INCOME=1.88 (21.5x dari median) | BUREAU_ACTIVE_RATIO=-1.11 (17.7x dari median) | YEARS_BIRTH=-1.71 (14.4x dari median) | CREDIT_TERM_MONTHS=-1.08 (13.3x dari median),Keadaan ekstrem secara statistik namun masih masuk secara logika riil (Tail-end customer).,"Berpeluang cross-selling khusus untuk Very High Net Worth Individual, bila bukan risiko gagal bayar."
316419.0,cluster_2,Tipe A - Data Error,YEARS_BIRTH=2.09 (67.9x dari median) | BUREAU_ACTIVE_RATIO=2.03 (35.5x dari median) | AMT_REQ_CREDIT_BUREAU_YEAR=3.58 (27.8x dari median) | CREDIT_TERM_MONTHS=-1.46 (26.6x dari median) | BUREAU_DEBT_TO_CREDIT_RATIO=1.66 (21.5x dari median),"Deviasi fitur lebih dari 50x median klaster, kemungkinan kesalahan input sistem.",Tim data engineering perlu memperbaiki flow pipeline ingestion untuk capping nilai ekstrem.
316468.0,cluster_0,Tipe A - Data Error,EXT_SOURCE_3=-2.40 (1118.6x dari median) | EXT_SOURCE_1=1.38 (101.3x dari median) | PREV_REFUSED_COUNT=6.23 (59.8x dari median) | REGION_RATING_CLIENT_W_CITY=1.92 (34.6x dari median) | BUREAU_COUNT=5.32 (19.5x dari median),"Deviasi fitur lebih dari 50x median klaster, kemungkinan kesalahan input sistem.",Tim data engineering perlu memperbaiki flow pipeline ingestion untuk capping nilai ekstrem.
316495.0,cluster_0,Tipe A - Data Error,EXT_SOURCE_3=1.14 (535.8x dari median) | EXT_SOURCE_1=-1.10 (82.7x dari median) | PREV_REFUSED_COUNT=3.45 (32.6x dari median) | CREDIT_TERM_MONTHS=1.43 (28.4x dari median) | POS_MONTHS_COUNT=6.57 (19.6x dari median),"Deviasi fitur lebih dari 50x median klaster, kemungkinan kesalahan input sistem.",Tim data engineering perlu memperbaiki flow pipeline ingestion untuk capping nilai ekstrem.
316640.0,cluster_2,Tipe A - Data Error,POS_MONTHS_COUNT=3.55 (93.9x dari median) | EXT_SOURCE_1=0.96 (70.2x dari median) | YEARS_BIRTH=1.08 (35.5x dari median) | AMT_INCOME_TOTAL=2.47 (21.6x dari median) | AMT_ANNUITY=1.78 (12.8x dari median),"Deviasi fitur lebih dari 50x median klaster, kemungkinan kesalahan input sistem.",Tim data engineering perlu memperbaiki flow pipeline ingestion untuk capping nilai ekstrem.
316804.0,cluster_2,Tipe A - Data Error,EXT_SOURCE_1=1.23 (90.0x dari median) | BUREAU_DAYS_CREDIT_MEAN=-2.25 (29.8x dari median) | AMT_REQ_CREDIT_BUREAU_YEAR=3.58 (27.8x dari median) | BUREAU_ACTIVE_RATIO=-1.11 (17.7x dari median) | POS_MONTHS_COUNT=-0.37 (10.8x dari median),"Deviasi fitur lebih dari 50x median klaster, kemungkinan kesalahan input sistem.",Tim data engineering perlu memperbaiki flow pipeline ingestion untuk capping nilai ekstrem.
317025.0,cluster_0,Tipe A - Data Error,EXT_SOURCE_3=-0.73 (342.5x dari median) | PREV_REFUSED_COUNT=8.46 (81.5x dari median) | EXT_SOURCE_1=0.86 (62.6x dari median) | CREDIT_TERM_MONTHS=-1.47 (27.2x dari median) | PREV_COUNT=5.01 (8.2x dari median),"Deviasi fitur lebih dari 50x median klaster, kemungkinan kesalahan input sistem.",Tim data engineering perlu memperbaiki flow pipeline ingestion untuk capping nilai ekstrem.
317227.0,cluster_1,Tipe B - Rare but Valid,REGION_RATING_CLIENT_W_CITY=1.92 (34.6x dari median) | INST_SEVERE_LATE_RATIO=5.15 (31.6x dari median) | EXT_SOURCE_1=-0.17 (13.8x dari median) | EXT_SOURCE_2=-1.08 (11.5x dari median) | YEARS_BIRTH=-1.73 (8.2x dari median),Keadaan ekstrem secara statistik namun masih masuk secara logika riil (Tail-end customer).,"Berpeluang cross-selling khusus untuk Very High Net Worth Individual, bila bukan risiko gagal bayar."
317356.0,cluster_0,Tipe A - Data Error,EXT_SOURCE_3=0.45 (209.8x dari median) | EXT_SOURCE_1=2.04 (150.9x dari median) | REGION_RATING_CLIENT_W_CITY=-2.04 (34.6x dari median) | BUREAU_ACTIVE_RATIO=0.99 (17.7x dari median) | CREDIT_TERM_MONTHS=-0.70 (12.3x dari median),"Deviasi fitur lebih dari 50x median klaster, kemungkinan kesalahan input sistem.",Tim data engineering perlu memperbaiki flow pipeline ingestion untuk capping nilai ekstrem.
317468.0,cluster_3,Tipe C - Risk Signal,REGION_RATING_CLIENT_W_CITY=1.92 (34.6x dari median) | ANNUITY_TO_INCOME=5.48 (10.0x dari median) | CREDIT_TO_INCOME=4.80 (8.4x dari median) | EXT_SOURCE_3=-0.77 (8.0x dari median) | YEARS_BIRTH=-0.94 (6.5x dari median),Kombinasi finansial kontradiktif (contoh: rasio cicilan atau kredit terlalu besar di saat income rendah / profil berisiko).,Tim analis risiko (Underwriting) wajib memberikan manual review sebelum memberikan persetujuan.
317587.0,cluster_2,Tipe A - Data Error,EXT_SOURCE_1=2.03 (149.9x dari median) | YEARS_BIRTH=1.38 (45.1x dari median) | CREDIT_TERM_MONTHS=1.25 (24.7x dari median) | BUREAU_ACTIVE_RATIO=-1.11 (17.7x dari median) | BUREAU_DAYS_CREDIT_MEAN=-1.16 (14.8x dari median),"Deviasi fitur lebih dari 50x median klaster, kemungkinan kesalahan input sistem.",Tim data engineering perlu memperbaiki flow pipeline ingestion untuk capping nilai ekstrem.
317674.0,cluster_0,Tipe A - Data Error,EXT_SOURCE_3=1.35 (630.7x dari median) | EXT_SOURCE_1=2.49 (184.3x dari median) | YEARS_EMPLOYED=5.14 (36.4x dari median) | POS_MONTHS_COUNT=4.27 (12.4x dari median) | YEARS_BIRTH=1.63 (10.3x dari median),"Deviasi fitur lebih dari 50x median klaster, kemungkinan kesalahan input sistem.",Tim data engineering perlu memperbaiki flow pipeline ingestion untuk capping nilai ekstrem.
317833.0,cluster_0,Tipe A - Data Error,EXT_SOURCE_3=0.87 (407.8x dari median) | BUREAU_ACTIVE_RATIO=2.03 (35.5x dari median) | REGION_RATING_CLIENT_W_CITY=-2.04 (34.6x dari median) | INST_SEVERE_LATE_RATIO=3.25 (20.3x dari median) | BUREAU_DEBT_TO_CREDIT_RATIO=1.02 (15.6x dari median),"Deviasi fitur lebih dari 50x median klaster, kemungkinan kesalahan input sistem.",Tim data engineering perlu memperbaiki flow pipeline ingestion untuk capping nilai ekstrem.
317909.0,cluster_2,Tipe A - Data Error,EXT_SOURCE_1=2.46 (181.7x dari median) | POS_MONTHS_COUNT=1.21 (31.3x dari median) | YEARS_BIRTH=0.68 (22.7x dari median) | YEARS_EMPLOYED=4.34 (21.4x dari median) | AMT_REQ_CREDIT_BUREAU_YEAR=-1.03 (9.3x dari median),"Deviasi fitur lebih dari 50x median klaster, kemungkinan kesalahan input sistem.",Tim data engineering perlu memperbaiki flow pipeline ingestion untuk capping nilai ekstrem.
318181.0,cluster_2,Tipe B - Rare but Valid,YEARS_BIRTH=1.26 (41.3x dari median) | POS_MONTHS_COUNT=0.97 (24.8x dari median) | BUREAU_COUNT=3.78 (22.0x dari median) | INST_DPD_MAX=1.68 (17.2x dari median) | CREDIT_TERM_MONTHS=-0.94 (16.9x dari median),Keadaan ekstrem secara statistik namun masih masuk secara logika riil (Tail-end customer).,"Berpeluang cross-selling khusus untuk Very High Net Worth Individual, bila bukan risiko gagal bayar."
318586.0,cluster_0,Tipe A - Data Error,EXT_SOURCE_1=1.87 (138.0x dari median) | REGION_RATING_CLIENT_W_CITY=1.92 (34.6x dari median) | EXT_SOURCE_3=-0.04 (19.3x dari median) | CREDIT_TERM_MONTHS=-0.91 (16.4x dari median) | BUREAU_DEBT_TO_CREDIT_RATIO=0.97 (14.8x dari median),"Deviasi fitur lebih dari 50x median klaster, kemungkinan kesalahan input sistem.",Tim data engineering perlu memperbaiki flow pipeline ingestion untuk capping nilai ekstrem.
318621.0,cluster_0,Tipe A - Data Error,EXT_SOURCE_1=2.17 (159.9x dari median) | EXT_SOURCE_3=0.11 (53.0x dari median) | REGION_RATING_CLIENT_W_CITY=1.92 (34.6x dari median) | POS_MONTHS_COUNT=6.17 (18.3x dari median) | BUREAU_ACTIVE_RATIO=-1.11 (17.7x dari median),"Deviasi fitur lebih dari 50x median klaster, kemungkinan kesalahan input sistem.",Tim data engineering perlu memperbaiki flow pipeline ingestion untuk capping nilai ekstrem.
318741.0,cluster_0,Tipe A - Data Error,EXT_SOURCE_3=-1.85 (865.6x dari median) | PREV_REFUSED_COUNT=9.02 (86.9x dari median) | BUREAU_BB_SEVERE_DPD_MEAN=2.34 (46.8x dari median) | CREDIT_TERM_MONTHS=-1.62 (29.9x dari median) | EXT_SOURCE_1=-0.34 (26.6x dari median),"Deviasi fitur lebih dari 50x median klaster, kemungkinan kesalahan input sistem.",Tim data engineering perlu memperbaiki flow pipeline ingestion untuk capping nilai ekstrem.
318812.0,cluster_0,Tipe A - Data Error,EXT_SOURCE_3=0.76 (355.5x dari median) | EXT_SOURCE_1=-0.93 (69.9x dari median) | PREV_REFUSED_COUNT=4.56 (43.5x dari median) | CREDIT_TERM_MONTHS=-1.08 (19.6x dari median) | YEARS_EMPLOYED=2.51 (18.3x dari median),"Deviasi fitur lebih dari 50x median klaster, kemungkinan kesalahan input sistem.",Tim data engineering perlu memperbaiki flow pipeline ingestion untuk capping nilai ekstrem.
319404.0,cluster_4,Tipe A - Data Error,EXT_SOURCE_1=0.80 (58.1x dari median) | BUREAU_COUNT=2.90 (17.1x dari median) | POS_SK_DPD_MEAN=2.06 (9.5x dari median) | BUREAU_ACTIVE_RATIO=-0.58 (8.9x dari median) | CREDIT_TERM_MONTHS=-0.70 (8.2x dari median),"Deviasi fitur lebih dari 50x median klaster, kemungkinan kesalahan input sistem.",Tim data engineering perlu memperbaiki flow pipeline ingestion untuk capping nilai ekstrem.
319901.0,cluster_1,Tipe A - Data Error,BUREAU_BB_SEVERE_DPD_MEAN=8.21 (161.4x dari median) | EXT_SOURCE_1=-0.57 (43.7x dari median) | BUREAU_BB_DPD_RATIO_MEAN=6.64 (35.2x dari median) | OWN_CAR_AGE=4.01 (9.8x dari median) | POS_MONTHS_COUNT=2.82 (7.9x dari median),"Deviasi fitur lebih dari 50x median klaster, kemungkinan kesalahan input sistem.",Tim data engineering perlu memperbaiki flow pipeline ingestion untuk capping nilai ekstrem.
319928.0,cluster_2,Tipe A - Data Error,EXT_SOURCE_1=-2.78 (207.7x dari median) | YEARS_BIRTH=-1.37 (42.7x dari median) | AMT_ANNUITY=-2.02 (16.7x dari median) | EXT_SOURCE_3=-1.69 (16.1x dari median) | AMT_REQ_CREDIT_BUREAU_YEAR=1.85 (13.9x dari median),"Deviasi fitur lebih dari 50x median klaster, kemungkinan kesalahan input sistem.",Tim data engineering perlu memperbaiki flow pipeline ingestion untuk capping nilai ekstrem.
320050.0,cluster_3,Tipe A - Data Error,EXT_SOURCE_1=0.76 (55.1x dari median) | REGION_RATING_CLIENT_W_CITY=1.92 (34.6x dari median) | EXT_SOURCE_2=-2.62 (11.0x dari median) | INST_DPD_MEAN=1.05 (10.2x dari median) | INST_LATE_RATIO=5.28 (9.4x dari median),"Deviasi fitur lebih dari 50x median klaster, kemungkinan kesalahan input sistem.",Tim data engineering perlu memperbaiki flow pipeline ingestion untuk capping nilai ekstrem.
320344.0,cluster_2,Tipe A - Data Error,EXT_SOURCE_1=2.55 (188.7x dari median) | POS_MONTHS_COUNT=4.40 (116.6x dari median) | YEARS_BIRTH=1.46 (47.9x dari median) | BUREAU_ACTIVE_RATIO=2.03 (35.5x dari median) | AMT_REQ_CREDIT_BUREAU_YEAR=3.58 (27.8x dari median),"Deviasi fitur lebih dari 50x median klaster, kemungkinan kesalahan input sistem.",Tim data engineering perlu memperbaiki flow pipeline ingestion untuk capping nilai ekstrem.
320483.0,cluster_4,Tipe B - Rare but Valid,POS_SK_DPD_MEAN=9.74 (48.6x dari median) | PREV_APPROVAL_RATE=-1.10 (20.0x dari median) | BUREAU_ACTIVE_RATIO=-1.11 (17.7x dari median) | EXT_SOURCE_3=1.83 (15.4x dari median) | CREDIT_TERM_MONTHS=0.85 (12.3x dari median),Keadaan ekstrem secara statistik namun masih masuk secara logika riil (Tail-end customer).,"Berpeluang cross-selling khusus untuk Very High Net Worth Individual, bila bukan risiko gagal bayar."
320549.0,cluster_4,Tipe A - Data Error,EXT_SOURCE_1=-1.41 (105.7x dari median) | PREV_APPROVAL_RATE=-1.24 (22.7x dari median) | CREDIT_TERM_MONTHS=-1.45 (18.3x dari median) | EXT_SOURCE_3=1.48 (12.3x dari median) | AMT_CREDIT=-1.52 (11.6x dari median),"Deviasi fitur lebih dari 50x median klaster, kemungkinan kesalahan input sistem.",Tim data engineering perlu memperbaiki flow pipeline ingestion untuk capping nilai ekstrem.
320782.0,cluster_4,Tipe A - Data Error,CC_SK_DPD_MEAN=33.38 (671.4x dari median) | EXT_SOURCE_1=1.35 (99.5x dari median) | REGION_RATING_CLIENT_W_CITY=-2.04 (34.6x dari median) | CREDIT_TERM_MONTHS=-1.44 (18.2x dari median) | CC_MONTHS_COUNT=2.76 (7.3x dari median),"Deviasi fitur lebih dari 50x median klaster, kemungkinan kesalahan input sistem.",Tim data engineering perlu memperbaiki flow pipeline ingestion untuk capping nilai ekstrem.
320849.0,cluster_2,Tipe A - Data Error,EXT_SOURCE_1=-2.67 (198.9x dari median) | YEARS_BIRTH=-1.23 (38.3x dari median) | POS_MONTHS_COUNT=-0.77 (21.6x dari median) | PREV_REFUSED_COUNT=9.02 (20.8x dari median) | CREDIT_TERM_MONTHS=-1.09 (19.7x dari median),"Deviasi fitur lebih dari 50x median klaster, kemungkinan kesalahan input sistem.",Tim data engineering perlu memperbaiki flow pipeline ingestion untuk capping nilai ekstrem.
321941.0,cluster_0,Tipe A - Data Error,EXT_SOURCE_3=-1.31 (612.4x dari median) | BUREAU_BB_SEVERE_DPD_MEAN=4.67 (92.1x dari median) | EXT_SOURCE_1=0.85 (62.4x dari median) | REGION_RATING_CLIENT_W_CITY=1.92 (34.6x dari median) | PREV_REFUSED_COUNT=2.89 (27.2x dari median),"Deviasi fitur lebih dari 50x median klaster, kemungkinan kesalahan input sistem.",Tim data engineering perlu memperbaiki flow pipeline ingestion untuk capping nilai ekstrem.
322013.0,cluster_1,Tipe A - Data Error,EXT_SOURCE_1=-0.86 (64.7x dari median) | INST_SEVERE_LATE_RATIO=5.76 (35.2x dari median) | BUREAU_BB_DPD_RATIO_MEAN=3.56 (19.3x dari median) | EXT_SOURCE_3=-1.70 (16.3x dari median) | INST_DPD_MEAN=1.17 (11.3x dari median),"Deviasi fitur lebih dari 50x median klaster, kemungkinan kesalahan input sistem.",Tim data engineering perlu memperbaiki flow pipeline ingestion untuk capping nilai ekstrem.
322941.0,cluster_2,Tipe A - Data Error,EXT_SOURCE_1=1.52 (112.2x dari median) | POS_MONTHS_COUNT=1.09 (28.1x dari median) | BUREAU_DAYS_CREDIT_MEAN=-1.77 (23.2x dari median) | CREDIT_TERM_MONTHS=1.04 (20.7x dari median) | BUREAU_BB_DPD_RATIO_MEAN=2.18 (12.2x dari median),"Deviasi fitur lebih dari 50x median klaster, kemungkinan kesalahan input sistem.",Tim data engineering perlu memperbaiki flow pipeline ingestion untuk capping nilai ekstrem.
323177.0,cluster_0,Tipe A - Data Error,EXT_SOURCE_3=-1.40 (655.0x dari median) | REGION_RATING_CLIENT_W_CITY=1.92 (34.6x dari median) | PREV_REFUSED_COUNT=3.45 (32.6x dari median) | BUREAU_COUNT=5.54 (20.3x dari median) | POS_MONTHS_COUNT=3.95 (11.4x dari median),"Deviasi fitur lebih dari 50x median klaster, kemungkinan kesalahan input sistem.",Tim data engineering perlu memperbaiki flow pipeline ingestion untuk capping nilai ekstrem.
323183.0,cluster_2,Tipe A - Data Error,POS_MONTHS_COUNT=2.50 (65.8x dari median) | EXT_SOURCE_1=-0.53 (40.3x dari median) | REGION_RATING_CLIENT_W_CITY=1.92 (34.6x dari median) | CREDIT_TERM_MONTHS=1.43 (28.1x dari median) | YEARS_EMPLOYED=3.22 (16.1x dari median),"Deviasi fitur lebih dari 50x median klaster, kemungkinan kesalahan input sistem.",Tim data engineering perlu memperbaiki flow pipeline ingestion untuk capping nilai ekstrem.
324504.0,cluster_4,Tipe B - Rare but Valid,BUREAU_ACTIVE_RATIO=2.03 (35.5x dari median) | REGION_RATING_CLIENT_W_CITY=-2.04 (34.6x dari median) | POS_SK_DPD_MEAN=3.33 (15.9x dari median) | CREDIT_TERM_MONTHS=-1.08 (13.4x dari median) | PREV_APPROVAL_RATE=-0.69 (12.1x dari median),Keadaan ekstrem secara statistik namun masih masuk secara logika riil (Tail-end customer).,"Berpeluang cross-selling khusus untuk Very High Net Worth Individual, bila bukan risiko gagal bayar."
325251.0,cluster_4,Tipe B - Rare but Valid,BUREAU_ACTIVE_RATIO=2.03 (35.5x dari median) | PREV_APPROVAL_RATE=0.96 (19.4x dari median) | AMT_ANNUITY=1.17 (12.9x dari median) | CREDIT_TERM_MONTHS=-0.78 (9.3x dari median) | ANNUITY_TO_INCOME=0.73 (9.0x dari median),Keadaan ekstrem secara statistik namun masih masuk secara logika riil (Tail-end customer).,"Berpeluang cross-selling khusus untuk Very High Net Worth Individual, bila bukan risiko gagal bayar."
325348.0,cluster_4,Tipe B - Rare but Valid,POS_SK_DPD_MEAN=5.92 (29.1x dari median) | AMT_ANNUITY=-1.69 (21.1x dari median) | CREDIT_TERM_MONTHS=-1.47 (18.6x dari median) | AMT_CREDIT=-2.29 (16.9x dari median) | ANNUITY_TO_INCOME=-1.29 (13.0x dari median),Keadaan ekstrem secara statistik namun masih masuk secara logika riil (Tail-end customer).,"Berpeluang cross-selling khusus untuk Very High Net Worth Individual, bila bukan risiko gagal bayar."
325357.0,cluster_2,Tipe A - Data Error,EXT_SOURCE_1=-1.51 (113.5x dari median) | POS_MONTHS_COUNT=3.39 (89.6x dari median) | REGION_RATING_CLIENT_W_CITY=1.92 (34.6x dari median) | CREDIT_TERM_MONTHS=-1.62 (29.8x dari median) | YEARS_BIRTH=-0.90 (27.6x dari median),"Deviasi fitur lebih dari 50x median klaster, kemungkinan kesalahan input sistem.",Tim data engineering perlu memperbaiki flow pipeline ingestion untuk capping nilai ekstrem.
325445.0,cluster_2,Tipe A - Data Error,POS_MONTHS_COUNT=4.92 (130.6x dari median) | EXT_SOURCE_1=1.72 (126.7x dari median) | YEARS_BIRTH=1.30 (42.6x dari median) | REGION_RATING_CLIENT_W_CITY=-2.04 (34.6x dari median) | AMT_REQ_CREDIT_BUREAU_YEAR=3.58 (27.8x dari median),"Deviasi fitur lebih dari 50x median klaster, kemungkinan kesalahan input sistem.",Tim data engineering perlu memperbaiki flow pipeline ingestion untuk capping nilai ekstrem.
325713.0,cluster_0,Tipe A - Data Error,EXT_SOURCE_3=1.23 (574.7x dari median) | YEARS_EMPLOYED=4.54 (32.2x dari median) | CREDIT_TERM_MONTHS=-1.45 (26.7x dari median) | PREV_REFUSED_COUNT=2.33 (21.7x dari median) | POS_MONTHS_COUNT=3.27 (9.2x dari median),"Deviasi fitur lebih dari 50x median klaster, kemungkinan kesalahan input sistem.",Tim data engineering perlu memperbaiki flow pipeline ingestion untuk capping nilai ekstrem.
325888.0,cluster_0,Tipe A - Data Error,EXT_SOURCE_3=-2.48 (1159.2x dari median) | EXT_SOURCE_1=-1.75 (131.0x dari median) | PREV_REFUSED_COUNT=4.00 (38.0x dari median) | REGION_RATING_CLIENT_W_CITY=-2.04 (34.6x dari median) | BUREAU_COUNT=4.00 (14.4x dari median),"Deviasi fitur lebih dari 50x median klaster, kemungkinan kesalahan input sistem.",Tim data engineering perlu memperbaiki flow pipeline ingestion untuk capping nilai ekstrem.
327006.0,cluster_2,Tipe B - Rare but Valid,BUREAU_ACTIVE_RATIO=2.03 (35.5x dari median) | REGION_RATING_CLIENT_W_CITY=1.92 (34.6x dari median) | CREDIT_TERM_MONTHS=-1.50 (27.5x dari median) | AMT_ANNUITY=-2.64 (21.5x dari median) | YEARS_BIRTH=-0.65 (19.7x dari median),Keadaan ekstrem secara statistik namun masih masuk secara logika riil (Tail-end customer).,"Berpeluang cross-selling khusus untuk Very High Net Worth Individual, bila bukan risiko gagal bayar."
327219.0,cluster_0,Tipe A - Data Error,EXT_SOURCE_1=1.51 (111.2x dari median) | EXT_SOURCE_3=0.11 (53.0x dari median) | PREV_REFUSED_COUNT=3.45 (32.6x dari median) | BUREAU_ACTIVE_RATIO=-1.11 (17.7x dari median) | CREDIT_TERM_MONTHS=-0.94 (17.0x dari median),"Deviasi fitur lebih dari 50x median klaster, kemungkinan kesalahan input sistem.",Tim data engineering perlu memperbaiki flow pipeline ingestion untuk capping nilai ekstrem.
327262.0,cluster_1,Tipe B - Rare but Valid,REGION_RATING_CLIENT_W_CITY=1.92 (34.6x dari median) | EXT_SOURCE_2=-2.00 (20.4x dari median) | BUREAU_BB_SEVERE_DPD_MEAN=0.61 (12.8x dari median) | YEARS_EMPLOYED=3.08 (7.9x dari median) | BUREAU_BB_DPD_RATIO_MEAN=0.75 (4.8x dari median),Keadaan ekstrem secara statistik namun masih masuk secara logika riil (Tail-end customer).,"Berpeluang cross-selling khusus untuk Very High Net Worth Individual, bila bukan risiko gagal bayar."
328355.0,cluster_4,Tipe B - Rare but Valid,EXT_SOURCE_1=0.40 (28.8x dari median) | BUREAU_BB_SEVERE_DPD_MEAN=1.35 (27.3x dari median) | BUREAU_BB_DPD_RATIO_MEAN=3.45 (18.8x dari median) | EXT_SOURCE_3=-1.71 (16.4x dari median) | CREDIT_TERM_MONTHS=-1.08 (13.3x dari median),Keadaan ekstrem secara statistik namun masih masuk secara logika riil (Tail-end customer).,"Berpeluang cross-selling khusus untuk Very High Net Worth Individual, bila bukan risiko gagal bayar."
328531.0,cluster_1,Tipe A - Data Error,EXT_SOURCE_1=1.69 (124.8x dari median) | INST_SEVERE_LATE_RATIO=3.82 (23.7x dari median) | EXT_SOURCE_3=1.30 (10.7x dari median) | INST_DPD_MEAN=1.05 (10.3x dari median) | BUREAU_DAYS_CREDIT_MEAN=-1.24 (9.8x dari median),"Deviasi fitur lebih dari 50x median klaster, kemungkinan kesalahan input sistem.",Tim data engineering perlu memperbaiki flow pipeline ingestion untuk capping nilai ekstrem.
329860.0,cluster_2,Tipe A - Data Error,POS_MONTHS_COUNT=2.82 (74.5x dari median) | CREDIT_TERM_MONTHS=1.26 (24.9x dari median) | BUREAU_ACTIVE_RATIO=1.25 (22.2x dari median) | YEARS_BIRTH=0.65 (21.9x dari median) | EXT_SOURCE_3=-1.07 (10.6x dari median),"Deviasi fitur lebih dari 50x median klaster, kemungkinan kesalahan input sistem.",Tim data engineering perlu memperbaiki flow pipeline ingestion untuk capping nilai ekstrem.
330291.0,cluster_2,Tipe A - Data Error,POS_MONTHS_COUNT=3.14 (83.1x dari median) | YEARS_BIRTH=1.74 (56.5x dari median) | CREDIT_TERM_MONTHS=0.69 (14.1x dari median) | BUREAU_COUNT=2.24 (13.4x dari median) | AMT_INCOME_TOTAL=1.40 (11.9x dari median),"Deviasi fitur lebih dari 50x median klaster, kemungkinan kesalahan input sistem.",Tim data engineering perlu memperbaiki flow pipeline ingestion untuk capping nilai ekstrem.
330474.0,cluster_4,Tipe A - Data Error,EXT_SOURCE_1=-0.73 (55.5x dari median) | POS_SK_DPD_MEAN=7.91 (39.2x dari median) | BUREAU_BB_SEVERE_DPD_MEAN=1.55 (31.3x dari median) | PREV_APPROVAL_RATE=0.96 (19.4x dari median) | CREDIT_TERM_MONTHS=-1.48 (18.7x dari median),"Deviasi fitur lebih dari 50x median klaster, kemungkinan kesalahan input sistem.",Tim data engineering perlu memperbaiki flow pipeline ingestion untuk capping nilai ekstrem.
330687.0,cluster_2,Tipe B - Rare but Valid,BUREAU_ACTIVE_RATIO=2.03 (35.5x dari median) | BUREAU_DEBT_TO_CREDIT_RATIO=1.76 (22.7x dari median) | POS_MONTHS_COUNT=-0.77 (21.6x dari median) | CREDIT_TERM_MONTHS=-1.09 (19.6x dari median) | YEARS_BIRTH=-0.62 (18.9x dari median),Keadaan ekstrem secara statistik namun masih masuk secara logika riil (Tail-end customer).,"Berpeluang cross-selling khusus untuk Very High Net Worth Individual, bila bukan risiko gagal bayar."
330750.0,cluster_4,Tipe A - Data Error,EXT_SOURCE_1=-1.08 (81.0x dari median) | PREV_APPROVAL_RATE=0.96 (19.4x dari median) | BUREAU_ACTIVE_RATIO=0.99 (17.7x dari median) | CREDIT_TERM_MONTHS=-1.08 (13.4x dari median) | YEARS_BIRTH=-1.12 (9.8x dari median),"Deviasi fitur lebih dari 50x median klaster, kemungkinan kesalahan input sistem.",Tim data engineering perlu memperbaiki flow pipeline ingestion untuk capping nilai ekstrem.
331428.0,cluster_2,Tipe B - Rare but Valid,POS_MONTHS_COUNT=-0.85 (23.7x dari median) | CREDIT_TERM_MONTHS=-1.08 (19.5x dari median) | YEARS_EMPLOYED=3.87 (19.2x dari median) | YEARS_BIRTH=0.56 (18.8x dari median) | EXT_SOURCE_3=-1.85 (17.6x dari median),Keadaan ekstrem secara statistik namun masih masuk secara logika riil (Tail-end customer).,"Berpeluang cross-selling khusus untuk Very High Net Worth Individual, bila bukan risiko gagal bayar."
331509.0,cluster_2,Tipe A - Data Error,EXT_SOURCE_1=-3.03 (226.2x dari median) | POS_MONTHS_COUNT=1.61 (42.1x dari median) | REGION_RATING_CLIENT_W_CITY=1.92 (34.6x dari median) | BUREAU_COUNT=4.88 (28.1x dari median) | AMT_INCOME_TOTAL=1.56 (13.3x dari median),"Deviasi fitur lebih dari 50x median klaster, kemungkinan kesalahan input sistem.",Tim data engineering perlu memperbaiki flow pipeline ingestion untuk capping nilai ekstrem.
331545.0,cluster_2,Tipe A - Data Error,EXT_SOURCE_1=1.34 (98.4x dari median) | CC_SK_DPD_MEAN=4.81 (97.5x dari median) | INST_DPD_MAX=7.53 (73.4x dari median) | YEARS_BIRTH=1.38 (45.1x dari median) | POS_MONTHS_COUNT=0.72 (18.4x dari median),"Deviasi fitur lebih dari 50x median klaster, kemungkinan kesalahan input sistem.",Tim data engineering perlu memperbaiki flow pipeline ingestion untuk capping nilai ekstrem.
331597.0,cluster_2,Tipe A - Data Error,POS_SK_DPD_MEAN=14.54 (208.8x dari median) | EXT_SOURCE_1=1.84 (135.4x dari median) | POS_MONTHS_COUNT=3.31 (87.4x dari median) | BUREAU_ACTIVE_RATIO=0.78 (14.2x dari median) | EXT_SOURCE_3=-0.99 (9.9x dari median),"Deviasi fitur lebih dari 50x median klaster, kemungkinan kesalahan input sistem.",Tim data engineering perlu memperbaiki flow pipeline ingestion untuk capping nilai ekstrem.
331852.0,cluster_2,Tipe A - Data Error,EXT_SOURCE_1=-1.05 (78.9x dari median) | YEARS_BIRTH=-1.21 (37.7x dari median) | REGION_RATING_CLIENT_W_CITY=1.92 (34.6x dari median) | POS_MONTHS_COUNT=-1.05 (29.1x dari median) | BUREAU_COUNT=4.22 (24.5x dari median),"Deviasi fitur lebih dari 50x median klaster, kemungkinan kesalahan input sistem.",Tim data engineering perlu memperbaiki flow pipeline ingestion untuk capping nilai ekstrem.
331903.0,cluster_2,Tipe B - Rare but Valid,EXT_SOURCE_1=0.54 (39.2x dari median) | REGION_RATING_CLIENT_W_CITY=-2.04 (34.6x dari median) | EXT_SOURCE_3=-2.68 (25.0x dari median) | YEARS_BIRTH=0.65 (21.9x dari median) | BUREAU_ACTIVE_RATIO=0.99 (17.7x dari median),Keadaan ekstrem secara statistik namun masih masuk secara logika riil (Tail-end customer).,"Berpeluang cross-selling khusus untuk Very High Net Worth Individual, bila bukan risiko gagal bayar."
332061.0,cluster_2,Tipe B - Rare but Valid,REGION_RATING_CLIENT_W_CITY=-2.04 (34.6x dari median) | YEARS_BIRTH=-1.02 (31.5x dari median) | POS_MONTHS_COUNT=-0.89 (24.8x dari median) | BUREAU_DAYS_CREDIT_MEAN=1.45 (20.8x dari median) | AMT_INCOME_TOTAL=2.31 (20.1x dari median),Keadaan ekstrem secara statistik namun masih masuk secara logika riil (Tail-end customer).,"Berpeluang cross-selling khusus untuk Very High Net Worth Individual, bila bukan risiko gagal bayar."
332112.0,cluster_4,Tipe A - Data Error,CC_SK_DPD_MEAN=12.77 (257.4x dari median) | PREV_APPROVAL_RATE=0.96 (19.4x dari median) | BUREAU_ACTIVE_RATIO=-1.11 (17.7x dari median) | CC_MONTHS_COUNT=3.37 (8.7x dari median) | CREDIT_TERM_MONTHS=-0.70 (8.2x dari median),"Deviasi fitur lebih dari 50x median klaster, kemungkinan kesalahan input sistem.",Tim data engineering perlu memperbaiki flow pipeline ingestion untuk capping nilai ekstrem.
332538.0,cluster_1,Tipe B - Rare but Valid,YEARS_EMPLOYED=4.33 (10.8x dari median) | YEARS_BIRTH=1.73 (10.2x dari median) | EXT_SOURCE_2=1.10 (9.7x dari median) | INST_PAYMENT_RATIO_MEAN=0.09 (9.3x dari median) | AMT_INCOME_TOTAL=2.47 (6.7x dari median),Keadaan ekstrem secara statistik namun masih masuk secara logika riil (Tail-end customer).,"Berpeluang cross-selling khusus untuk Very High Net Worth Individual, bila bukan risiko gagal bayar."
332810.0,cluster_2,Tipe B - Rare but Valid,YEARS_BIRTH=-1.14 (35.3x dari median) | CREDIT_TERM_MONTHS=-1.48 (27.1x dari median) | BUREAU_DAYS_CREDIT_MEAN=1.45 (20.8x dari median) | POS_MONTHS_COUNT=-0.69 (19.4x dari median) | BUREAU_ACTIVE_RATIO=-1.11 (17.7x dari median),Keadaan ekstrem secara statistik namun masih masuk secara logika riil (Tail-end customer).,"Berpeluang cross-selling khusus untuk Very High Net Worth Individual, bila bukan risiko gagal bayar."
332851.0,cluster_0,Tipe A - Data Error,EXT_SOURCE_3=1.02 (479.4x dari median) | CC_SK_DPD_MEAN=3.96 (80.6x dari median) | EXT_SOURCE_1=0.88 (64.2x dari median) | REGION_RATING_CLIENT_W_CITY=-2.04 (34.6x dari median) | PREV_REFUSED_COUNT=3.45 (32.6x dari median),"Deviasi fitur lebih dari 50x median klaster, kemungkinan kesalahan input sistem.",Tim data engineering perlu memperbaiki flow pipeline ingestion untuk capping nilai ekstrem.
333133.0,cluster_3,Tipe B - Rare but Valid,INST_SEVERE_LATE_RATIO=3.74 (23.2x dari median) | BUREAU_ACTIVE_RATIO=2.03 (13.4x dari median) | EXT_SOURCE_2=-2.57 (10.8x dari median) | BUREAU_DAYS_CREDIT_MEAN=1.11 (8.8x dari median) | INST_LATE_RATIO=2.63 (5.2x dari median),Keadaan ekstrem secara statistik namun masih masuk secara logika riil (Tail-end customer).,"Berpeluang cross-selling khusus untuk Very High Net Worth Individual, bila bukan risiko gagal bayar."
333206.0,cluster_2,Tipe A - Data Error,EXT_SOURCE_1=1.41 (103.4x dari median) | CC_SK_DPD_MEAN=2.91 (59.4x dari median) | INST_DPD_MAX=5.32 (52.1x dari median) | POS_MONTHS_COUNT=1.21 (31.3x dari median) | CREDIT_TERM_MONTHS=0.50 (10.5x dari median),"Deviasi fitur lebih dari 50x median klaster, kemungkinan kesalahan input sistem.",Tim data engineering perlu memperbaiki flow pipeline ingestion untuk capping nilai ekstrem.
333500.0,cluster_2,Tipe A - Data Error,EXT_SOURCE_1=1.36 (99.8x dari median) | REGION_RATING_CLIENT_W_CITY=1.92 (34.6x dari median) | POS_MONTHS_COUNT=-1.01 (28.1x dari median) | BUREAU_DEBT_TO_CREDIT_RATIO=1.29 (16.9x dari median) | YEARS_EMPLOYED=2.44 (12.5x dari median),"Deviasi fitur lebih dari 50x median klaster, kemungkinan kesalahan input sistem.",Tim data engineering perlu memperbaiki flow pipeline ingestion untuk capping nilai ekstrem.
333628.0,cluster_4,Tipe A - Data Error,CC_SK_DPD_MEAN=9.29 (187.6x dari median) | EXT_SOURCE_1=0.85 (62.2x dari median) | REGION_RATING_CLIENT_W_CITY=1.92 (34.6x dari median) | PREV_APPROVAL_RATE=-1.79 (33.2x dari median) | BUREAU_ACTIVE_RATIO=0.99 (17.7x dari median),"Deviasi fitur lebih dari 50x median klaster, kemungkinan kesalahan input sistem.",Tim data engineering perlu memperbaiki flow pipeline ingestion untuk capping nilai ekstrem.
334187.0,cluster_2,Tipe B - Rare but Valid,YEARS_BIRTH=1.17 (38.5x dari median) | BUREAU_DAYS_CREDIT_MEAN=1.18 (17.1x dari median) | EXT_SOURCE_1=-0.20 (15.8x dari median) | PREV_REFUSED_COUNT=5.67 (13.5x dari median) | PREV_COUNT=4.31 (13.0x dari median),Keadaan ekstrem secara statistik namun masih masuk secara logika riil (Tail-end customer).,"Berpeluang cross-selling khusus untuk Very High Net Worth Individual, bila bukan risiko gagal bayar."
334590.0,cluster_2,Tipe A - Data Error,POS_MONTHS_COUNT=3.18 (84.2x dari median) | YEARS_BIRTH=1.59 (51.8x dari median) | CREDIT_TERM_MONTHS=-1.06 (19.1x dari median) | AMT_ANNUITY=-1.70 (14.2x dari median) | BUREAU_COUNT=2.02 (12.2x dari median),"Deviasi fitur lebih dari 50x median klaster, kemungkinan kesalahan input sistem.",Tim data engineering perlu memperbaiki flow pipeline ingestion untuk capping nilai ekstrem.
334869.0,cluster_4,Tipe A - Data Error,EXT_SOURCE_1=-1.15 (86.4x dari median) | REGION_RATING_CLIENT_W_CITY=-2.04 (34.6x dari median) | POS_SK_DPD_MEAN=6.76 (33.4x dari median) | PREV_APPROVAL_RATE=0.96 (19.4x dari median) | CREDIT_TERM_MONTHS=0.69 (10.2x dari median),"Deviasi fitur lebih dari 50x median klaster, kemungkinan kesalahan input sistem.",Tim data engineering perlu memperbaiki flow pipeline ingestion untuk capping nilai ekstrem.
335092.0,cluster_4,Tipe A - Data Error,EXT_SOURCE_1=-1.35 (101.4x dari median) | POS_SK_DPD_MEAN=4.69 (22.9x dari median) | CREDIT_TERM_MONTHS=-1.57 (19.8x dari median) | AMT_ANNUITY=1.56 (17.6x dari median) | ANNUITY_TO_INCOME=0.71 (8.8x dari median),"Deviasi fitur lebih dari 50x median klaster, kemungkinan kesalahan input sistem.",Tim data engineering perlu memperbaiki flow pipeline ingestion untuk capping nilai ekstrem.
335192.0,cluster_4,Tipe A - Data Error,CC_SK_DPD_MEAN=20.84 (419.6x dari median) | AMT_ANNUITY=-1.39 (17.6x dari median) | EXT_SOURCE_3=-1.69 (16.1x dari median) | PREV_APPROVAL_RATE=-0.69 (12.1x dari median) | ANNUITY_TO_INCOME=-1.05 (10.5x dari median),"Deviasi fitur lebih dari 50x median klaster, kemungkinan kesalahan input sistem.",Tim data engineering perlu memperbaiki flow pipeline ingestion untuk capping nilai ekstrem.
335419.0,cluster_3,Tipe A - Data Error,EXT_SOURCE_1=1.00 (73.5x dari median) | REGION_RATING_CLIENT_W_CITY=1.92 (34.6x dari median) | CREDIT_TO_INCOME=5.28 (9.3x dari median) | BUREAU_ACTIVE_RATIO=1.14 (7.9x dari median) | AMT_REQ_CREDIT_BUREAU_YEAR=3.00 (7.7x dari median),"Deviasi fitur lebih dari 50x median klaster, kemungkinan kesalahan input sistem.",Tim data engineering perlu memperbaiki flow pipeline ingestion untuk capping nilai ekstrem.
336014.0,cluster_2,Tipe A - Data Error,EXT_SOURCE_1=1.74 (128.3x dari median) | YEARS_BIRTH=1.58 (51.6x dari median) | POS_MONTHS_COUNT=1.73 (45.3x dari median) | AMT_REQ_CREDIT_BUREAU_YEAR=-1.03 (9.3x dari median) | BUREAU_BB_DPD_RATIO_MEAN=1.58 (9.1x dari median),"Deviasi fitur lebih dari 50x median klaster, kemungkinan kesalahan input sistem.",Tim data engineering perlu memperbaiki flow pipeline ingestion untuk capping nilai ekstrem.
336262.0,cluster_2,Tipe A - Data Error,EXT_SOURCE_1=0.74 (53.8x dari median) | CREDIT_TERM_MONTHS=-1.44 (26.4x dari median) | OWN_CAR_AGE=6.79 (15.9x dari median) | BUREAU_DAYS_CREDIT_MEAN=-0.95 (12.0x dari median) | AMT_REQ_CREDIT_BUREAU_YEAR=-1.03 (9.3x dari median),"Deviasi fitur lebih dari 50x median klaster, kemungkinan kesalahan input sistem.",Tim data engineering perlu memperbaiki flow pipeline ingestion untuk capping nilai ekstrem.
336525.0,cluster_4,Tipe A - Data Error,POS_SK_DPD_MEAN=15.09 (75.8x dari median) | PREV_APPROVAL_RATE=-2.34 (43.7x dari median) | CREDIT_TERM_MONTHS=-1.48 (18.7x dari median) | BUREAU_ACTIVE_RATIO=-1.11 (17.7x dari median) | BUREAU_DAYS_CREDIT_MEAN=1.45 (10.5x dari median),"Deviasi fitur lebih dari 50x median klaster, kemungkinan kesalahan input sistem.",Tim data engineering perlu memperbaiki flow pipeline ingestion untuk capping nilai ekstrem.
336665.0,cluster_3,Tipe C - Risk Signal,INST_SEVERE_LATE_RATIO=4.08 (25.3x dari median) | INST_DPD_MEAN=1.99 (18.5x dari median) | INST_DPD_MAX=2.41 (16.0x dari median) | BUREAU_ACTIVE_RATIO=2.03 (13.4x dari median) | AMT_INCOME_TOTAL=-1.66 (10.5x dari median),Kombinasi finansial kontradiktif (contoh: rasio cicilan atau kredit terlalu besar di saat income rendah / profil berisiko).,Tim analis risiko (Underwriting) wajib memberikan manual review sebelum memberikan persetujuan.
337004.0,cluster_0,Tipe A - Data Error,EXT_SOURCE_3=-0.67 (310.2x dari median) | EXT_SOURCE_1=-0.89 (67.0x dari median) | CREDIT_TERM_MONTHS=-1.08 (19.6x dari median) | PREV_REFUSED_COUNT=1.77 (16.3x dari median) | BUREAU_DEBT_TO_CREDIT_RATIO=0.60 (9.5x dari median),"Deviasi fitur lebih dari 50x median klaster, kemungkinan kesalahan input sistem.",Tim data engineering perlu memperbaiki flow pipeline ingestion untuk capping nilai ekstrem.
337296.0,cluster_3,Tipe A - Data Error,EXT_SOURCE_1=2.27 (167.5x dari median) | REGION_RATING_CLIENT_W_CITY=1.92 (34.6x dari median) | ANNUITY_TO_INCOME=6.28 (11.6x dari median) | YEARS_EMPLOYED=2.92 (10.3x dari median) | EXT_SOURCE_2=-2.02 (8.7x dari median),"Deviasi fitur lebih dari 50x median klaster, kemungkinan kesalahan input sistem.",Tim data engineering perlu memperbaiki flow pipeline ingestion untuk capping nilai ekstrem.
337319.0,cluster_2,Tipe B - Rare but Valid,YEARS_BIRTH=-1.56 (48.9x dari median) | EXT_SOURCE_1=-0.49 (37.7x dari median) | BUREAU_ACTIVE_RATIO=2.03 (35.5x dari median) | POS_MONTHS_COUNT=-1.05 (29.1x dari median) | CREDIT_TERM_MONTHS=1.27 (25.0x dari median),Keadaan ekstrem secara statistik namun masih masuk secara logika riil (Tail-end customer).,"Berpeluang cross-selling khusus untuk Very High Net Worth Individual, bila bukan risiko gagal bayar."
337340.0,cluster_2,Tipe B - Rare but Valid,BUREAU_BB_SEVERE_DPD_MEAN=2.09 (41.8x dari median) | BUREAU_DAYS_CREDIT_MEAN=-1.64 (21.4x dari median) | BUREAU_ACTIVE_RATIO=-1.11 (17.7x dari median) | YEARS_BIRTH=-0.55 (16.7x dari median) | AMT_ANNUITY=1.91 (13.9x dari median),Keadaan ekstrem secara statistik namun masih masuk secara logika riil (Tail-end customer).,"Berpeluang cross-selling khusus untuk Very High Net Worth Individual, bila bukan risiko gagal bayar."
337479.0,cluster_2,Tipe A - Data Error,EXT_SOURCE_1=-1.36 (102.4x dari median) | POS_MONTHS_COUNT=2.54 (66.9x dari median) | REGION_RATING_CLIENT_W_CITY=-2.04 (34.6x dari median) | CREDIT_TERM_MONTHS=1.04 (20.6x dari median) | AMT_INCOME_TOTAL=1.84 (15.8x dari median),"Deviasi fitur lebih dari 50x median klaster, kemungkinan kesalahan input sistem.",Tim data engineering perlu memperbaiki flow pipeline ingestion untuk capping nilai ekstrem.
337553.0,cluster_0,Tipe A - Data Error,EXT_SOURCE_3=-1.85 (865.6x dari median) | EXT_SOURCE_1=2.44 (180.1x dari median) | BUREAU_ACTIVE_RATIO=2.03 (35.5x dari median) | YEARS_EMPLOYED=4.42 (31.4x dari median) | BUREAU_DEBT_TO_CREDIT_RATIO=1.79 (26.5x dari median),"Deviasi fitur lebih dari 50x median klaster, kemungkinan kesalahan input sistem.",Tim data engineering perlu memperbaiki flow pipeline ingestion untuk capping nilai ekstrem.
338148.0,cluster_2,Tipe B - Rare but Valid,YEARS_BIRTH=0.81 (26.8x dari median) | POS_MONTHS_COUNT=1.01 (25.9x dari median) | AMT_REQ_CREDIT_BUREAU_YEAR=1.85 (13.9x dari median) | BUREAU_DEBT_TO_CREDIT_RATIO=0.87 (11.8x dari median) | AMT_INCOME_TOTAL=1.24 (10.3x dari median),Keadaan ekstrem secara statistik namun masih masuk secara logika riil (Tail-end customer).,"Berpeluang cross-selling khusus untuk Very High Net Worth Individual, bila bukan risiko gagal bayar."
338377.0,cluster_0,Tipe A - Data Error,EXT_SOURCE_3=-0.92 (428.0x dari median) | EXT_SOURCE_1=0.69 (50.4x dari median) | INST_SEVERE_LATE_RATIO=4.39 (27.1x dari median) | CREDIT_TERM_MONTHS=0.88 (17.8x dari median) | PREV_REFUSED_COUNT=1.77 (16.3x dari median),"Deviasi fitur lebih dari 50x median klaster, kemungkinan kesalahan input sistem.",Tim data engineering perlu memperbaiki flow pipeline ingestion untuk capping nilai ekstrem.
338535.0,cluster_2,Tipe A - Data Error,EXT_SOURCE_1=-2.51 (187.8x dari median) | YEARS_BIRTH=-1.55 (48.6x dari median) | REGION_RATING_CLIENT_W_CITY=-2.04 (34.6x dari median) | CREDIT_TERM_MONTHS=-1.47 (27.0x dari median) | POS_MONTHS_COUNT=-0.53 (15.1x dari median),"Deviasi fitur lebih dari 50x median klaster, kemungkinan kesalahan input sistem.",Tim data engineering perlu memperbaiki flow pipeline ingestion untuk capping nilai ekstrem.
338553.0,cluster_0,Tipe B - Rare but Valid,PREV_REFUSED_COUNT=5.12 (48.9x dari median) | EXT_SOURCE_3=-0.10 (43.5x dari median) | BUREAU_ACTIVE_RATIO=-1.11 (17.7x dari median) | CREDIT_TERM_MONTHS=-0.89 (16.1x dari median) | POS_MONTHS_COUNT=5.20 (15.3x dari median),Keadaan ekstrem secara statistik namun masih masuk secara logika riil (Tail-end customer).,"Berpeluang cross-selling khusus untuk Very High Net Worth Individual, bila bukan risiko gagal bayar."
338649.0,cluster_2,Tipe B - Rare but Valid,BUREAU_ACTIVE_RATIO=2.03 (35.5x dari median) | YEARS_BIRTH=0.99 (32.8x dari median) | POS_MONTHS_COUNT=0.84 (21.6x dari median) | CREDIT_TERM_MONTHS=-0.95 (16.9x dari median) | AMT_INCOME_TOTAL=-1.00 (10.2x dari median),Keadaan ekstrem secara statistik namun masih masuk secara logika riil (Tail-end customer).,"Berpeluang cross-selling khusus untuk Very High Net Worth Individual, bila bukan risiko gagal bayar."
339745.0,cluster_3,Tipe A - Data Error,EXT_SOURCE_1=1.30 (95.5x dari median) | REGION_RATING_CLIENT_W_CITY=-2.04 (34.6x dari median) | YEARS_EMPLOYED=4.15 (14.2x dari median) | YEARS_BIRTH=1.14 (10.1x dari median) | AMT_INCOME_TOTAL=1.24 (9.5x dari median),"Deviasi fitur lebih dari 50x median klaster, kemungkinan kesalahan input sistem.",Tim data engineering perlu memperbaiki flow pipeline ingestion untuk capping nilai ekstrem.
341227.0,cluster_4,Tipe A - Data Error,POS_SK_DPD_MEAN=20.10 (101.3x dari median) | EXT_SOURCE_1=-0.49 (37.2x dari median) | PREV_APPROVAL_RATE=0.96 (19.4x dari median) | CREDIT_TERM_MONTHS=-1.51 (19.0x dari median) | BUREAU_ACTIVE_RATIO=-1.11 (17.7x dari median),"Deviasi fitur lebih dari 50x median klaster, kemungkinan kesalahan input sistem.",Tim data engineering perlu memperbaiki flow pipeline ingestion untuk capping nilai ekstrem.
341611.0,cluster_2,Tipe A - Data Error,EXT_SOURCE_1=2.01 (148.2x dari median) | POS_MONTHS_COUNT=2.18 (57.2x dari median) | BUREAU_DEBT_TO_CREDIT_RATIO=1.71 (22.1x dari median) | EXT_SOURCE_3=-2.12 (20.1x dari median) | BUREAU_ACTIVE_RATIO=0.99 (17.7x dari median),"Deviasi fitur lebih dari 50x median klaster, kemungkinan kesalahan input sistem.",Tim data engineering perlu memperbaiki flow pipeline ingestion untuk capping nilai ekstrem.
341792.0,cluster_2,Tipe A - Data Error,EXT_SOURCE_1=-1.39 (104.2x dari median) | BUREAU_BB_SEVERE_DPD_MEAN=3.82 (75.5x dari median) | CREDIT_TERM_MONTHS=1.28 (25.4x dari median) | BUREAU_ACTIVE_RATIO=-1.11 (17.7x dari median) | POS_MONTHS_COUNT=-0.53 (15.1x dari median),"Deviasi fitur lebih dari 50x median klaster, kemungkinan kesalahan input sistem.",Tim data engineering perlu memperbaiki flow pipeline ingestion untuk capping nilai ekstrem.
342037.0,cluster_2,Tipe A - Data Error,POS_MONTHS_COUNT=3.95 (104.7x dari median) | PREV_REFUSED_COUNT=18.49 (41.7x dari median) | YEARS_BIRTH=0.84 (28.0x dari median) | PREV_COUNT=8.54 (26.7x dari median) | BUREAU_DAYS_CREDIT_MEAN=1.45 (20.8x dari median),"Deviasi fitur lebih dari 50x median klaster, kemungkinan kesalahan input sistem.",Tim data engineering perlu memperbaiki flow pipeline ingestion untuk capping nilai ekstrem.
342201.0,cluster_2,Tipe B - Rare but Valid,YEARS_BIRTH=1.29 (42.2x dari median) | REGION_RATING_CLIENT_W_CITY=1.92 (34.6x dari median) | AMT_REQ_CREDIT_BUREAU_YEAR=3.58 (27.8x dari median) | BUREAU_DAYS_CREDIT_MEAN=-1.36 (17.6x dari median) | POS_MONTHS_COUNT=0.64 (16.2x dari median),Keadaan ekstrem secara statistik namun masih masuk secara logika riil (Tail-end customer).,"Berpeluang cross-selling khusus untuk Very High Net Worth Individual, bila bukan risiko gagal bayar."
342262.0,cluster_0,Tipe A - Data Error,EXT_SOURCE_3=-0.61 (282.3x dari median) | REGION_RATING_CLIENT_W_CITY=-2.04 (34.6x dari median) | CREDIT_TERM_MONTHS=-0.90 (16.2x dari median) | INST_LATE_RATIO=3.31 (12.0x dari median) | BUREAU_ACTIVE_RATIO=0.46 (8.9x dari median),"Deviasi fitur lebih dari 50x median klaster, kemungkinan kesalahan input sistem.",Tim data engineering perlu memperbaiki flow pipeline ingestion untuk capping nilai ekstrem.
342874.0,cluster_0,Tipe A - Data Error,CC_SK_DPD_MEAN=6.50 (131.6x dari median) | EXT_SOURCE_1=1.72 (127.1x dari median) | EXT_SOURCE_3=0.12 (57.8x dari median) | BUREAU_DEBT_TO_CREDIT_RATIO=1.37 (20.6x dari median) | BUREAU_ACTIVE_RATIO=0.99 (17.7x dari median),"Deviasi fitur lebih dari 50x median klaster, kemungkinan kesalahan input sistem.",Tim data engineering perlu memperbaiki flow pipeline ingestion untuk capping nilai ekstrem.
343018.0,cluster_4,Tipe B - Rare but Valid,BUREAU_BB_SEVERE_DPD_MEAN=1.37 (27.7x dari median) | CREDIT_TERM_MONTHS=-1.08 (13.4x dari median) | BUREAU_DAYS_CREDIT_MEAN=-2.18 (13.3x dari median) | BUREAU_BB_DPD_RATIO_MEAN=2.02 (11.4x dari median) | ANNUITY_TO_INCOME=0.85 (10.3x dari median),Keadaan ekstrem secara statistik namun masih masuk secara logika riil (Tail-end customer).,"Berpeluang cross-selling khusus untuk Very High Net Worth Individual, bila bukan risiko gagal bayar."
343116.0,cluster_0,Tipe A - Data Error,BUREAU_BB_SEVERE_DPD_MEAN=23.24 (454.7x dari median) | INST_PAYMENT_RATIO_MEAN=1.32 (125.0x dari median) | BUREAU_BB_DPD_RATIO_MEAN=12.25 (64.0x dari median) | EXT_SOURCE_3=0.11 (53.0x dari median) | BUREAU_ACTIVE_RATIO=-1.11 (17.7x dari median),"Deviasi fitur lebih dari 50x median klaster, kemungkinan kesalahan input sistem.",Tim data engineering perlu memperbaiki flow pipeline ingestion untuk capping nilai ekstrem.
343832.0,cluster_3,Tipe B - Rare but Valid,REGION_RATING_CLIENT_W_CITY=1.92 (34.6x dari median) | BUREAU_DAYS_CREDIT_MEAN=-2.17 (20.2x dari median) | AMT_INCOME_TOTAL=1.84 (13.7x dari median) | EXT_SOURCE_1=-0.07 (6.6x dari median) | INST_LATE_RATIO=3.25 (6.2x dari median),Keadaan ekstrem secara statistik namun masih masuk secara logika riil (Tail-end customer).,"Berpeluang cross-selling khusus untuk Very High Net Worth Individual, bila bukan risiko gagal bayar."
343979.0,cluster_2,Tipe B - Rare but Valid,POS_MONTHS_COUNT=1.45 (37.8x dari median) | CREDIT_TERM_MONTHS=-1.62 (29.7x dari median) | EXT_SOURCE_1=-0.17 (14.0x dari median) | YEARS_BIRTH=0.25 (9.0x dari median) | ANNUITY_TO_INCOME=1.86 (7.9x dari median),Keadaan ekstrem secara statistik namun masih masuk secara logika riil (Tail-end customer).,"Berpeluang cross-selling khusus untuk Very High Net Worth Individual, bila bukan risiko gagal bayar."
344095.0,cluster_2,Tipe A - Data Error,EXT_SOURCE_1=-2.57 (191.7x dari median) | INST_DPD_MAX=7.33 (71.4x dari median) | POS_MONTHS_COUNT=1.45 (37.8x dari median) | REGION_RATING_CLIENT_W_CITY=1.92 (34.6x dari median) | EXT_SOURCE_3=-2.19 (20.7x dari median),"Deviasi fitur lebih dari 50x median klaster, kemungkinan kesalahan input sistem.",Tim data engineering perlu memperbaiki flow pipeline ingestion untuk capping nilai ekstrem.
344096.0,cluster_3,Tipe B - Rare but Valid,EXT_SOURCE_1=0.56 (40.8x dari median) | INST_SEVERE_LATE_RATIO=4.08 (25.3x dari median) | AMT_INCOME_TOTAL=1.84 (13.7x dari median) | YEARS_EMPLOYED=1.82 (6.8x dari median) | EXT_SOURCE_2=-1.36 (6.2x dari median),Keadaan ekstrem secara statistik namun masih masuk secara logika riil (Tail-end customer).,"Berpeluang cross-selling khusus untuk Very High Net Worth Individual, bila bukan risiko gagal bayar."
344216.0,cluster_3,Tipe A - Data Error,EXT_SOURCE_1=-1.73 (129.4x dari median) | OWN_CAR_AGE=3.67 (9.1x dari median) | EXT_SOURCE_3=1.12 (9.1x dari median) | BUREAU_ACTIVE_RATIO=0.99 (7.0x dari median) | YEARS_EMPLOYED=0.91 (3.9x dari median),"Deviasi fitur lebih dari 50x median klaster, kemungkinan kesalahan input sistem.",Tim data engineering perlu memperbaiki flow pipeline ingestion untuk capping nilai ekstrem.
344845.0,cluster_1,Tipe B - Rare but Valid,EXT_SOURCE_1=0.27 (19.0x dari median) | BUREAU_DAYS_CREDIT_MEAN=1.45 (9.3x dari median) | PREV_APPROVAL_RATE=-2.34 (6.7x dari median) | YEARS_BIRTH=-1.28 (5.8x dari median) | EXT_SOURCE_2=-0.42 (5.1x dari median),Keadaan ekstrem secara statistik namun masih masuk secara logika riil (Tail-end customer).,"Berpeluang cross-selling khusus untuk Very High Net Worth Individual, bila bukan risiko gagal bayar."
345106.0,cluster_2,Tipe A - Data Error,EXT_SOURCE_1=-1.10 (83.0x dari median) | EXT_SOURCE_3=-1.87 (17.8x dari median) | BUREAU_COUNT=2.02 (12.2x dari median) | POS_MONTHS_COUNT=-0.41 (11.9x dari median) | YEARS_BIRTH=-0.40 (11.7x dari median),"Deviasi fitur lebih dari 50x median klaster, kemungkinan kesalahan input sistem.",Tim data engineering perlu memperbaiki flow pipeline ingestion untuk capping nilai ekstrem.
345320.0,cluster_2,Tipe A - Data Error,EXT_SOURCE_1=-1.46 (109.3x dari median) | BUREAU_BB_DPD_RATIO_MEAN=10.33 (54.1x dari median) | BUREAU_ACTIVE_RATIO=2.03 (35.5x dari median) | POS_MONTHS_COUNT=-0.93 (25.9x dari median) | EXT_SOURCE_3=-1.90 (18.1x dari median),"Deviasi fitur lebih dari 50x median klaster, kemungkinan kesalahan input sistem.",Tim data engineering perlu memperbaiki flow pipeline ingestion untuk capping nilai ekstrem.
345332.0,cluster_4,Tipe A - Data Error,EXT_SOURCE_1=1.04 (75.9x dari median) | PREV_APPROVAL_RATE=0.96 (19.4x dari median) | CREDIT_TERM_MONTHS=-1.48 (18.6x dari median) | BUREAU_ACTIVE_RATIO=0.86 (15.5x dari median) | ANNUITY_TO_INCOME=1.25 (14.6x dari median),"Deviasi fitur lebih dari 50x median klaster, kemungkinan kesalahan input sistem.",Tim data engineering perlu memperbaiki flow pipeline ingestion untuk capping nilai ekstrem.
345345.0,cluster_2,Tipe B - Rare but Valid,BUREAU_DAYS_CREDIT_MEAN=-3.09 (41.2x dari median) | BUREAU_ACTIVE_RATIO=2.03 (35.5x dari median) | REGION_RATING_CLIENT_W_CITY=1.92 (34.6x dari median) | EXT_SOURCE_1=-0.43 (32.9x dari median) | CREDIT_TERM_MONTHS=-1.38 (25.2x dari median),Keadaan ekstrem secara statistik namun masih masuk secara logika riil (Tail-end customer).,"Berpeluang cross-selling khusus untuk Very High Net Worth Individual, bila bukan risiko gagal bayar."
345731.0,cluster_2,Tipe A - Data Error,CC_SK_DPD_MEAN=3.05 (62.3x dari median) | INST_DPD_MAX=5.80 (56.8x dari median) | POS_MONTHS_COUNT=1.21 (31.3x dari median) | INST_DPD_MEAN=1.84 (20.7x dari median) | BUREAU_DEBT_TO_CREDIT_RATIO=1.41 (18.4x dari median),"Deviasi fitur lebih dari 50x median klaster, kemungkinan kesalahan input sistem.",Tim data engineering perlu memperbaiki flow pipeline ingestion untuk capping nilai ekstrem.
345803.0,cluster_0,Tipe A - Data Error,EXT_SOURCE_3=0.42 (195.8x dari median) | POS_SK_DPD_MEAN=7.94 (114.4x dari median) | EXT_SOURCE_1=0.51 (36.7x dari median) | BUREAU_ACTIVE_RATIO=2.03 (35.5x dari median) | REGION_RATING_CLIENT_W_CITY=-2.04 (34.6x dari median),"Deviasi fitur lebih dari 50x median klaster, kemungkinan kesalahan input sistem.",Tim data engineering perlu memperbaiki flow pipeline ingestion untuk capping nilai ekstrem.
345916.0,cluster_2,Tipe A - Data Error,EXT_SOURCE_1=-2.17 (162.2x dari median) | BUREAU_BB_SEVERE_DPD_MEAN=3.86 (76.4x dari median) | CREDIT_TERM_MONTHS=-1.63 (29.9x dari median) | BUREAU_ACTIVE_RATIO=0.99 (17.7x dari median) | OWN_CAR_AGE=6.79 (15.9x dari median),"Deviasi fitur lebih dari 50x median klaster, kemungkinan kesalahan input sistem.",Tim data engineering perlu memperbaiki flow pipeline ingestion untuk capping nilai ekstrem.
346266.0,cluster_2,Tipe A - Data Error,INST_PAYMENT_RATIO_MEAN=1.68 (152.3x dari median) | BUREAU_BB_SEVERE_DPD_MEAN=2.95 (58.7x dari median) | YEARS_BIRTH=0.69 (23.1x dari median) | POS_MONTHS_COUNT=0.80 (20.5x dari median) | BUREAU_DAYS_CREDIT_MEAN=-1.47 (19.1x dari median),"Deviasi fitur lebih dari 50x median klaster, kemungkinan kesalahan input sistem.",Tim data engineering perlu memperbaiki flow pipeline ingestion untuk capping nilai ekstrem.
346395.0,cluster_2,Tipe A - Data Error,POS_MONTHS_COUNT=3.23 (85.3x dari median) | EXT_SOURCE_1=-0.37 (28.1x dari median) | BUREAU_COUNT=3.34 (19.6x dari median) | AMT_REQ_CREDIT_BUREAU_YEAR=1.85 (13.9x dari median) | YEARS_BIRTH=-0.45 (13.3x dari median),"Deviasi fitur lebih dari 50x median klaster, kemungkinan kesalahan input sistem.",Tim data engineering perlu memperbaiki flow pipeline ingestion untuk capping nilai ekstrem.
346728.0,cluster_0,Tipe A - Data Error,EXT_SOURCE_3=-2.38 (1111.8x dari median) | PREV_REFUSED_COUNT=4.00 (38.0x dari median) | YEARS_EMPLOYED=2.93 (21.2x dari median) | CREDIT_TERM_MONTHS=-0.93 (16.8x dari median) | BUREAU_COUNT=4.22 (15.2x dari median),"Deviasi fitur lebih dari 50x median klaster, kemungkinan kesalahan input sistem.",Tim data engineering perlu memperbaiki flow pipeline ingestion untuk capping nilai ekstrem.
346737.0,cluster_2,Tipe A - Data Error,POS_MONTHS_COUNT=2.86 (75.6x dari median) | EXT_SOURCE_1=-0.88 (66.7x dari median) | YEARS_BIRTH=-1.21 (37.8x dari median) | BUREAU_DAYS_CREDIT_MEAN=1.45 (20.8x dari median) | BUREAU_ACTIVE_RATIO=-1.11 (17.7x dari median),"Deviasi fitur lebih dari 50x median klaster, kemungkinan kesalahan input sistem.",Tim data engineering perlu memperbaiki flow pipeline ingestion untuk capping nilai ekstrem.
346988.0,cluster_3,Tipe A - Data Error,EXT_SOURCE_1=1.73 (127.4x dari median) | EXT_SOURCE_3=-2.10 (19.9x dari median) | BUREAU_BB_DPD_RATIO_MEAN=1.93 (10.9x dari median) | CREDIT_TO_INCOME=5.97 (10.7x dari median) | ANNUITY_TO_INCOME=4.52 (8.1x dari median),"Deviasi fitur lebih dari 50x median klaster, kemungkinan kesalahan input sistem.",Tim data engineering perlu memperbaiki flow pipeline ingestion untuk capping nilai ekstrem.
347117.0,cluster_2,Tipe A - Data Error,EXT_SOURCE_1=2.09 (154.0x dari median) | POS_MONTHS_COUNT=-0.69 (19.4x dari median) | BUREAU_ACTIVE_RATIO=0.78 (14.2x dari median) | BUREAU_BB_DPD_RATIO_MEAN=1.63 (9.4x dari median) | EXT_SOURCE_3=-0.85 (8.6x dari median),"Deviasi fitur lebih dari 50x median klaster, kemungkinan kesalahan input sistem.",Tim data engineering perlu memperbaiki flow pipeline ingestion untuk capping nilai ekstrem.
347271.0,cluster_2,Tipe A - Data Error,POS_MONTHS_COUNT=3.79 (100.4x dari median) | BUREAU_ACTIVE_RATIO=2.03 (35.5x dari median) | AMT_ANNUITY=-2.57 (21.0x dari median) | CREDIT_TERM_MONTHS=0.98 (19.6x dari median) | BUREAU_DEBT_TO_CREDIT_RATIO=1.49 (19.3x dari median),"Deviasi fitur lebih dari 50x median klaster, kemungkinan kesalahan input sistem.",Tim data engineering perlu memperbaiki flow pipeline ingestion untuk capping nilai ekstrem.
347408.0,cluster_3,Tipe C - Risk Signal,REGION_RATING_CLIENT_W_CITY=1.92 (34.6x dari median) | BUREAU_ACTIVE_RATIO=2.03 (13.4x dari median) | BUREAU_DAYS_CREDIT_MEAN=1.31 (10.6x dari median) | YEARS_BIRTH=-1.02 (7.1x dari median) | ANNUITY_TO_INCOME=3.89 (6.8x dari median),Kombinasi finansial kontradiktif (contoh: rasio cicilan atau kredit terlalu besar di saat income rendah / profil berisiko).,Tim analis risiko (Underwriting) wajib memberikan manual review sebelum memberikan persetujuan.
347636.0,cluster_1,Tipe A - Data Error,EXT_SOURCE_1=-0.95 (71.5x dari median) | CNT_CHILDREN=4.99 (9.7x dari median) | EXT_SOURCE_2=1.07 (9.4x dari median) | BUREAU_DAYS_CREDIT_MEAN=-0.99 (8.0x dari median) | EXT_SOURCE_3=0.91 (7.1x dari median),"Deviasi fitur lebih dari 50x median klaster, kemungkinan kesalahan input sistem.",Tim data engineering perlu memperbaiki flow pipeline ingestion untuk capping nilai ekstrem.
347831.0,cluster_3,Tipe A - Data Error,EXT_SOURCE_1=-1.88 (140.7x dari median) | REGION_RATING_CLIENT_W_CITY=1.92 (34.6x dari median) | EXT_SOURCE_3=-2.07 (19.6x dari median) | BUREAU_BB_DPD_RATIO_MEAN=2.96 (16.2x dari median) | YEARS_BIRTH=-1.42 (10.3x dari median),"Deviasi fitur lebih dari 50x median klaster, kemungkinan kesalahan input sistem.",Tim data engineering perlu memperbaiki flow pipeline ingestion untuk capping nilai ekstrem.
348174.0,cluster_0,Tipe A - Data Error,EXT_SOURCE_1=-2.94 (219.1x dari median) | PREV_REFUSED_COUNT=9.57 (92.4x dari median) | CREDIT_TERM_MONTHS=-1.08 (19.6x dari median) | EXT_SOURCE_3=0.04 (19.3x dari median) | PREV_COUNT=6.89 (11.7x dari median),"Deviasi fitur lebih dari 50x median klaster, kemungkinan kesalahan input sistem.",Tim data engineering perlu memperbaiki flow pipeline ingestion untuk capping nilai ekstrem.
349189.0,cluster_2,Tipe A - Data Error,EXT_SOURCE_1=-1.32 (99.0x dari median) | BUREAU_ACTIVE_RATIO=2.03 (35.5x dari median) | REGION_RATING_CLIENT_W_CITY=1.92 (34.6x dari median) | BUREAU_DEBT_TO_CREDIT_RATIO=1.89 (24.3x dari median) | EXT_SOURCE_3=-2.02 (19.2x dari median),"Deviasi fitur lebih dari 50x median klaster, kemungkinan kesalahan input sistem.",Tim data engineering perlu memperbaiki flow pipeline ingestion untuk capping nilai ekstrem.
350284.0,cluster_4,Tipe B - Rare but Valid,AMT_ANNUITY=1.77 (20.0x dari median) | CREDIT_TERM_MONTHS=1.43 (20.0x dari median) | PREV_APPROVAL_RATE=0.96 (19.4x dari median) | AMT_CREDIT=2.05 (13.2x dari median) | AMT_INCOME_TOTAL=2.08 (10.8x dari median),Keadaan ekstrem secara statistik namun masih masuk secara logika riil (Tail-end customer).,"Berpeluang cross-selling khusus untuk Very High Net Worth Individual, bila bukan risiko gagal bayar."
350460.0,cluster_4,Tipe A - Data Error,EXT_SOURCE_1=-1.17 (88.0x dari median) | POS_SK_DPD_MEAN=7.69 (38.2x dari median) | BUREAU_ACTIVE_RATIO=2.03 (35.5x dari median) | CREDIT_TERM_MONTHS=-1.30 (16.3x dari median) | PREV_APPROVAL_RATE=-0.69 (12.1x dari median),"Deviasi fitur lebih dari 50x median klaster, kemungkinan kesalahan input sistem.",Tim data engineering perlu memperbaiki flow pipeline ingestion untuk capping nilai ekstrem.
350628.0,cluster_3,Tipe A - Data Error,EXT_SOURCE_1=-1.35 (101.6x dari median) | REGION_RATING_CLIENT_W_CITY=1.92 (34.6x dari median) | YEARS_BIRTH=-1.82 (13.5x dari median) | BUREAU_DAYS_CREDIT_MEAN=1.45 (11.9x dari median) | EXT_SOURCE_2=-2.55 (10.7x dari median),"Deviasi fitur lebih dari 50x median klaster, kemungkinan kesalahan input sistem.",Tim data engineering perlu memperbaiki flow pipeline ingestion untuk capping nilai ekstrem.
350666.0,cluster_0,Tipe A - Data Error,EXT_SOURCE_3=-0.50 (230.6x dari median) | EXT_SOURCE_1=1.05 (76.9x dari median) | YEARS_EMPLOYED=5.19 (36.7x dari median) | PREV_REFUSED_COUNT=2.89 (27.2x dari median) | CREDIT_TERM_MONTHS=-0.61 (10.6x dari median),"Deviasi fitur lebih dari 50x median klaster, kemungkinan kesalahan input sistem.",Tim data engineering perlu memperbaiki flow pipeline ingestion untuk capping nilai ekstrem.
350908.0,cluster_4,Tipe B - Rare but Valid,BUREAU_ACTIVE_RATIO=1.25 (22.2x dari median) | CREDIT_TERM_MONTHS=-1.08 (13.3x dari median) | AMT_ANNUITY=1.03 (11.2x dari median) | EXT_SOURCE_3=-0.96 (9.7x dari median) | AMT_INCOME_TOTAL=1.24 (6.8x dari median),Keadaan ekstrem secara statistik namun masih masuk secara logika riil (Tail-end customer).,"Berpeluang cross-selling khusus untuk Very High Net Worth Individual, bila bukan risiko gagal bayar."
351177.0,cluster_2,Tipe A - Data Error,EXT_SOURCE_1=1.51 (111.2x dari median) | REGION_RATING_CLIENT_W_CITY=1.92 (34.6x dari median) | YEARS_BIRTH=-1.11 (34.5x dari median) | AMT_ANNUITY=-3.12 (25.3x dari median) | POS_MONTHS_COUNT=-0.85 (23.7x dari median),"Deviasi fitur lebih dari 50x median klaster, kemungkinan kesalahan input sistem.",Tim data engineering perlu memperbaiki flow pipeline ingestion untuk capping nilai ekstrem.
351245.0,cluster_2,Tipe A - Data Error,EXT_SOURCE_1=2.03 (150.1x dari median) | POS_MONTHS_COUNT=4.07 (107.9x dari median) | YEARS_BIRTH=0.71 (23.6x dari median) | BUREAU_DAYS_CREDIT_MEAN=1.45 (20.8x dari median) | BUREAU_ACTIVE_RATIO=-1.11 (17.7x dari median),"Deviasi fitur lebih dari 50x median klaster, kemungkinan kesalahan input sistem.",Tim data engineering perlu memperbaiki flow pipeline ingestion untuk capping nilai ekstrem.
351341.0,cluster_2,Tipe B - Rare but Valid,POS_MONTHS_COUNT=1.37 (35.6x dari median) | BUREAU_ACTIVE_RATIO=2.03 (35.5x dari median) | YEARS_BIRTH=-1.03 (32.0x dari median) | BUREAU_DEBT_TO_CREDIT_RATIO=1.84 (23.7x dari median) | EXT_SOURCE_1=0.29 (20.4x dari median),Keadaan ekstrem secara statistik namun masih masuk secara logika riil (Tail-end customer).,"Berpeluang cross-selling khusus untuk Very High Net Worth Individual, bila bukan risiko gagal bayar."
351370.0,cluster_0,Tipe A - Data Error,EXT_SOURCE_3=-1.24 (580.5x dari median) | BUREAU_BB_SEVERE_DPD_MEAN=15.54 (304.4x dari median) | EXT_SOURCE_1=0.61 (44.5x dari median) | BUREAU_BB_DPD_RATIO_MEAN=7.24 (38.2x dari median) | PREV_REFUSED_COUNT=2.89 (27.2x dari median),"Deviasi fitur lebih dari 50x median klaster, kemungkinan kesalahan input sistem.",Tim data engineering perlu memperbaiki flow pipeline ingestion untuk capping nilai ekstrem.
351494.0,cluster_3,Tipe A - Data Error,BUREAU_BB_SEVERE_DPD_MEAN=10.53 (206.7x dari median) | BUREAU_BB_DPD_RATIO_MEAN=7.54 (39.8x dari median) | REGION_RATING_CLIENT_W_CITY=1.92 (34.6x dari median) | BUREAU_DAYS_CREDIT_MEAN=-3.02 (27.7x dari median) | EXT_SOURCE_3=1.78 (15.0x dari median),"Deviasi fitur lebih dari 50x median klaster, kemungkinan kesalahan input sistem.",Tim data engineering perlu memperbaiki flow pipeline ingestion untuk capping nilai ekstrem.
351599.0,cluster_4,Tipe A - Data Error,CC_SK_DPD_MEAN=7.85 (158.6x dari median) | CREDIT_TERM_MONTHS=0.69 (10.2x dari median) | CC_MONTHS_COUNT=3.45 (8.9x dari median) | YEARS_EMPLOYED=2.47 (8.3x dari median) | EXT_SOURCE_3=0.83 (6.5x dari median),"Deviasi fitur lebih dari 50x median klaster, kemungkinan kesalahan input sistem.",Tim data engineering perlu memperbaiki flow pipeline ingestion untuk capping nilai ekstrem.
351754.0,cluster_1,Tipe B - Rare but Valid,EXT_SOURCE_1=0.41 (29.6x dari median) | OWN_CAR_AGE=6.79 (15.9x dari median) | CC_MONTHS_COUNT=3.45 (8.9x dari median) | BUREAU_DAYS_CREDIT_MEAN=-0.66 (5.7x dari median) | BUREAU_BB_DPD_RATIO_MEAN=0.87 (5.5x dari median),Keadaan ekstrem secara statistik namun masih masuk secara logika riil (Tail-end customer).,"Berpeluang cross-selling khusus untuk Very High Net Worth Individual, bila bukan risiko gagal bayar."
352083.0,cluster_0,Tipe A - Data Error,EXT_SOURCE_3=-1.52 (710.6x dari median) | EXT_SOURCE_1=1.51 (110.8x dari median) | CREDIT_TERM_MONTHS=1.02 (20.5x dari median) | PREV_REFUSED_COUNT=1.77 (16.3x dari median) | POS_MONTHS_COUNT=4.11 (11.9x dari median),"Deviasi fitur lebih dari 50x median klaster, kemungkinan kesalahan input sistem.",Tim data engineering perlu memperbaiki flow pipeline ingestion untuk capping nilai ekstrem.
352158.0,cluster_2,Tipe B - Rare but Valid,CREDIT_TERM_MONTHS=-1.57 (28.8x dari median) | YEARS_BIRTH=0.69 (23.2x dari median) | BUREAU_DAYS_CREDIT_MEAN=1.45 (20.8x dari median) | BUREAU_ACTIVE_RATIO=-1.11 (17.7x dari median) | OWN_CAR_AGE=6.79 (15.9x dari median),Keadaan ekstrem secara statistik namun masih masuk secara logika riil (Tail-end customer).,"Berpeluang cross-selling khusus untuk Very High Net Worth Individual, bila bukan risiko gagal bayar."
352281.0,cluster_2,Tipe B - Rare but Valid,YEARS_BIRTH=-1.36 (42.5x dari median) | REGION_RATING_CLIENT_W_CITY=-2.04 (34.6x dari median) | CREDIT_TERM_MONTHS=-1.62 (29.8x dari median) | EXT_SOURCE_3=-2.14 (20.2x dari median) | BUREAU_BB_DPD_RATIO_MEAN=3.06 (16.7x dari median),Keadaan ekstrem secara statistik namun masih masuk secara logika riil (Tail-end customer).,"Berpeluang cross-selling khusus untuk Very High Net Worth Individual, bila bukan risiko gagal bayar."
352401.0,cluster_2,Tipe B - Rare but Valid,POS_MONTHS_COUNT=1.85 (48.6x dari median) | INST_DPD_MAX=4.12 (40.6x dari median) | REGION_RATING_CLIENT_W_CITY=-2.04 (34.6x dari median) | CC_SK_DPD_MEAN=1.35 (28.1x dari median) | CREDIT_TERM_MONTHS=1.27 (25.0x dari median),Keadaan ekstrem secara statistik namun masih masuk secara logika riil (Tail-end customer).,"Berpeluang cross-selling khusus untuk Very High Net Worth Individual, bila bukan risiko gagal bayar."
352427.0,cluster_2,Tipe A - Data Error,POS_MONTHS_COUNT=2.74 (72.3x dari median) | EXT_SOURCE_1=0.75 (55.1x dari median) | YEARS_BIRTH=-1.02 (31.8x dari median) | CREDIT_TERM_MONTHS=-1.48 (27.2x dari median) | AMT_REQ_CREDIT_BUREAU_YEAR=2.43 (18.5x dari median),"Deviasi fitur lebih dari 50x median klaster, kemungkinan kesalahan input sistem.",Tim data engineering perlu memperbaiki flow pipeline ingestion untuk capping nilai ekstrem.
352431.0,cluster_2,Tipe A - Data Error,YEARS_BIRTH=-1.79 (56.1x dari median) | BUREAU_ACTIVE_RATIO=1.51 (26.6x dari median) | EXT_SOURCE_3=-2.62 (24.6x dari median) | CREDIT_TERM_MONTHS=-1.05 (19.0x dari median) | BUREAU_BB_DPD_RATIO_MEAN=3.27 (17.8x dari median),"Deviasi fitur lebih dari 50x median klaster, kemungkinan kesalahan input sistem.",Tim data engineering perlu memperbaiki flow pipeline ingestion untuk capping nilai ekstrem.
352475.0,cluster_2,Tipe A - Data Error,EXT_SOURCE_1=0.80 (58.8x dari median) | CREDIT_TERM_MONTHS=1.43 (28.1x dari median) | BUREAU_ACTIVE_RATIO=1.41 (24.8x dari median) | AMT_INCOME_TOTAL=1.84 (15.8x dari median) | YEARS_EMPLOYED=2.62 (13.3x dari median),"Deviasi fitur lebih dari 50x median klaster, kemungkinan kesalahan input sistem.",Tim data engineering perlu memperbaiki flow pipeline ingestion untuk capping nilai ekstrem.
352605.0,cluster_3,Tipe B - Rare but Valid,REGION_RATING_CLIENT_W_CITY=1.92 (34.6x dari median) | EXT_SOURCE_1=0.25 (17.5x dari median) | YEARS_EMPLOYED=4.67 (15.9x dari median) | EXT_SOURCE_3=1.75 (14.7x dari median) | BUREAU_DAYS_CREDIT_MEAN=-1.23 (11.9x dari median),Keadaan ekstrem secara statistik namun masih masuk secara logika riil (Tail-end customer).,"Berpeluang cross-selling khusus untuk Very High Net Worth Individual, bila bukan risiko gagal bayar."
352804.0,cluster_1,Tipe A - Data Error,EXT_SOURCE_1=-2.93 (218.5x dari median) | INST_SEVERE_LATE_RATIO=4.23 (26.1x dari median) | EXT_SOURCE_2=-2.17 (22.0x dari median) | EXT_SOURCE_3=-1.85 (17.7x dari median) | INST_DPD_MEAN=1.02 (9.9x dari median),"Deviasi fitur lebih dari 50x median klaster, kemungkinan kesalahan input sistem.",Tim data engineering perlu memperbaiki flow pipeline ingestion untuk capping nilai ekstrem.
353124.0,cluster_2,Tipe B - Rare but Valid,CREDIT_TERM_MONTHS=-1.22 (22.1x dari median) | EXT_SOURCE_3=-2.28 (21.5x dari median) | BUREAU_DEBT_TO_CREDIT_RATIO=1.01 (13.4x dari median) | BUREAU_COUNT=2.02 (12.2x dari median) | BUREAU_DAYS_CREDIT_MEAN=0.66 (10.0x dari median),Keadaan ekstrem secara statistik namun masih masuk secara logika riil (Tail-end customer).,"Berpeluang cross-selling khusus untuk Very High Net Worth Individual, bila bukan risiko gagal bayar."
354139.0,cluster_2,Tipe A - Data Error,EXT_SOURCE_1=2.16 (159.3x dari median) | BUREAU_COUNT=6.64 (37.9x dari median) | REGION_RATING_CLIENT_W_CITY=-2.04 (34.6x dari median) | CREDIT_TERM_MONTHS=1.27 (25.1x dari median) | AMT_REQ_CREDIT_BUREAU_YEAR=2.43 (18.5x dari median),"Deviasi fitur lebih dari 50x median klaster, kemungkinan kesalahan input sistem.",Tim data engineering perlu memperbaiki flow pipeline ingestion untuk capping nilai ekstrem.
354498.0,cluster_0,Tipe A - Data Error,INST_PAYMENT_RATIO_MEAN=8.62 (807.2x dari median) | EXT_SOURCE_1=2.63 (194.4x dari median) | EXT_SOURCE_3=0.11 (53.0x dari median) | BUREAU_ACTIVE_RATIO=-1.11 (17.7x dari median) | ANNUITY_TO_INCOME=3.06 (10.2x dari median),"Deviasi fitur lebih dari 50x median klaster, kemungkinan kesalahan input sistem.",Tim data engineering perlu memperbaiki flow pipeline ingestion untuk capping nilai ekstrem.
355069.0,cluster_0,Tipe A - Data Error,EXT_SOURCE_3=1.70 (795.8x dari median) | REGION_RATING_CLIENT_W_CITY=1.92 (34.6x dari median) | YEARS_EMPLOYED=4.52 (32.1x dari median) | BUREAU_ACTIVE_RATIO=-1.11 (17.7x dari median) | YEARS_BIRTH=1.34 (8.3x dari median),"Deviasi fitur lebih dari 50x median klaster, kemungkinan kesalahan input sistem.",Tim data engineering perlu memperbaiki flow pipeline ingestion untuk capping nilai ekstrem.
355232.0,cluster_2,Tipe B - Rare but Valid,YEARS_BIRTH=-0.90 (27.8x dari median) | POS_MONTHS_COUNT=-0.85 (23.7x dari median) | BUREAU_DAYS_CREDIT_MEAN=1.45 (20.8x dari median) | BUREAU_ACTIVE_RATIO=-1.11 (17.7x dari median) | INST_SEVERE_LATE_RATIO=2.49 (15.8x dari median),Keadaan ekstrem secara statistik namun masih masuk secara logika riil (Tail-end customer).,"Berpeluang cross-selling khusus untuk Very High Net Worth Individual, bila bukan risiko gagal bayar."
355324.0,cluster_4,Tipe A - Data Error,EXT_SOURCE_1=-1.09 (81.7x dari median) | PREV_APPROVAL_RATE=-1.51 (27.9x dari median) | POS_SK_DPD_MEAN=5.16 (25.2x dari median) | BUREAU_ACTIVE_RATIO=-1.11 (17.7x dari median) | CREDIT_TERM_MONTHS=-1.08 (13.3x dari median),"Deviasi fitur lebih dari 50x median klaster, kemungkinan kesalahan input sistem.",Tim data engineering perlu memperbaiki flow pipeline ingestion untuk capping nilai ekstrem.
356066.0,cluster_3,Tipe A - Data Error,EXT_SOURCE_1=-0.99 (74.6x dari median) | REGION_RATING_CLIENT_W_CITY=-2.04 (34.6x dari median) | BUREAU_DAYS_CREDIT_MEAN=-1.25 (12.1x dari median) | BUREAU_COUNT=2.24 (6.6x dari median) | ANNUITY_TO_INCOME=3.58 (6.2x dari median),"Deviasi fitur lebih dari 50x median klaster, kemungkinan kesalahan input sistem.",Tim data engineering perlu memperbaiki flow pipeline ingestion untuk capping nilai ekstrem.
