normalized_rule,support,confidence,lift,algorithm,rule_str,appears_in,n_algos,is_consistent
"['age_mid', 'burden_high', 'cluster_0_minimal', 'credit_small'] -> ['income_low']",0.056667195179958774,0.9851157662624035,2.1981302781896583,['fpgrowth_cluster0'],"{'burden_high', 'cluster_0_minimal', 'credit_small', 'age_mid'} -> {'income_low'}",fpgrowth_cluster0,1,False
"['age_mid', 'burden_high', 'cluster_0_minimal'] -> ['credit_small', 'income_low']",0.056667195179958774,0.8028754352465461,2.1326378748736383,['fpgrowth_cluster0'],"{'burden_high', 'cluster_0_minimal', 'age_mid'} -> {'income_low', 'credit_small'}",fpgrowth_cluster0,1,False
"['age_mid', 'burden_high', 'cluster_0_minimal'] -> ['income_low']",0.0648327255430474,0.9185667752442996,2.049636713118748,['fpgrowth_cluster0'],"{'burden_high', 'cluster_0_minimal', 'age_mid'} -> {'income_low'}",fpgrowth_cluster0,1,False
"['age_mid', 'burden_high', 'cluster_2_ambisius'] -> ['credit_large']",0.04508568300795778,0.7784994183792168,2.417407348639285,"['apriori', 'eclat', 'fpgrowth']","{'burden_high', 'cluster_2_ambisius', 'age_mid'} -> {'credit_large'}",apriori+eclat+fpgrowth,3,True
"['age_mid', 'burden_high', 'cluster_3_cc_intensif'] -> ['credit_large']",0.05861204321693278,0.5628541076487252,1.6277302634311681,['fpgrowth_cluster3'],"{'cluster_3_cc_intensif', 'burden_high', 'age_mid'} -> {'credit_large'}",fpgrowth_cluster3,1,False
"['age_mid', 'burden_high', 'credit_large'] -> ['cluster_2_ambisius']",0.04508568300795778,0.7713585938625558,2.1994761912333605,"['apriori', 'eclat', 'fpgrowth']","{'credit_large', 'burden_high', 'age_mid'} -> {'cluster_2_ambisius'}",apriori+eclat+fpgrowth,3,True
"['age_mid', 'burden_high', 'credit_small'] -> ['cluster_0_minimal', 'income_low']",0.056667195179958774,0.9851157662624035,2.1981302781896583,['fpgrowth_cluster0'],"{'burden_high', 'credit_small', 'age_mid'} -> {'income_low', 'cluster_0_minimal'}",fpgrowth_cluster0,1,False
"['age_mid', 'burden_high', 'credit_small'] -> ['income_low']",0.056667195179958774,0.9851157662624035,2.1981302781896583,['fpgrowth_cluster0'],"{'credit_small', 'burden_high', 'age_mid'} -> {'income_low'}",fpgrowth_cluster0,1,False
"['age_mid', 'burden_high'] -> ['cluster_0_minimal', 'credit_small', 'income_low']",0.056667195179958774,0.8028754352465461,2.1326378748736383,['fpgrowth_cluster0'],"{'burden_high', 'age_mid'} -> {'income_low', 'credit_small', 'cluster_0_minimal'}",fpgrowth_cluster0,1,False
"['age_mid', 'burden_high'] -> ['cluster_0_minimal', 'income_low']",0.0648327255430474,0.9185667752442996,2.049636713118748,['fpgrowth_cluster0'],"{'burden_high', 'age_mid'} -> {'income_low', 'cluster_0_minimal'}",fpgrowth_cluster0,1,False
"['age_mid', 'burden_high'] -> ['cluster_2_ambisius', 'credit_large']",0.04508568300795778,0.41384108007832626,1.7559276584126833,"['apriori', 'eclat', 'fpgrowth']","{'burden_high', 'age_mid'} -> {'credit_large', 'cluster_2_ambisius'}",apriori+eclat+fpgrowth,3,True
"['age_mid', 'burden_high'] -> ['cluster_2_ambisius']",0.05791357314283308,0.5315881686076471,1.5157872482356778,"['apriori', 'eclat', 'fpgrowth']","{'burden_high', 'age_mid'} -> {'cluster_2_ambisius'}",apriori+eclat+fpgrowth,3,True
"['age_mid', 'burden_high'] -> ['cluster_3_cc_intensif', 'credit_large']",0.05861204321693278,0.5628541076487252,1.6277302634311681,['fpgrowth_cluster3'],"{'burden_high', 'age_mid'} -> {'credit_large', 'cluster_3_cc_intensif'}",fpgrowth_cluster3,1,False
"['age_mid', 'burden_high'] -> ['credit_large']",0.05849029028101247,0.5430955221713796,1.6564147996722545,"['apriori', 'eclat', 'fpgrowth', 'fpgrowth_cluster3']","{'burden_high', 'age_mid'} -> {'credit_large'}",apriori+eclat+fpgrowth+fpgrowth_cluster3,4,True
"['age_mid', 'burden_high'] -> ['credit_small', 'income_low']",0.056667195179958774,0.8028754352465461,2.1326378748736383,['fpgrowth_cluster0'],"{'burden_high', 'age_mid'} -> {'income_low', 'credit_small'}",fpgrowth_cluster0,1,False
"['age_mid', 'burden_high'] -> ['emp_senior']",0.05098314409622321,0.4679738225291146,1.404485224972282,"['apriori', 'eclat', 'fpgrowth']","{'burden_high', 'age_mid'} -> {'emp_senior'}",apriori+eclat+fpgrowth,3,True
"['age_mid', 'burden_high'] -> ['income_low']",0.04986034065370195,0.5385345619961723,1.4774335901190834,"['apriori', 'eclat', 'fpgrowth', 'fpgrowth_cluster0']","{'burden_high', 'age_mid'} -> {'income_low'}",apriori+eclat+fpgrowth+fpgrowth_cluster0,4,True
"['age_mid', 'burden_low', 'cluster_0_minimal'] -> ['credit_small']",0.03825069121836887,0.727161152614728,2.176912769008327,"['apriori', 'eclat', 'fpgrowth']","{'burden_low', 'cluster_0_minimal', 'age_mid'} -> {'credit_small'}",apriori+eclat+fpgrowth,3,True
"['age_mid', 'burden_low', 'cluster_1_veteran'] -> ['credit_small']",0.05854165341475309,0.5641601961585615,1.6888281390940167,['fpgrowth_cluster1'],"{'cluster_1_veteran', 'burden_low', 'age_mid'} -> {'credit_small'}",fpgrowth_cluster1,1,False
"['age_mid', 'burden_low', 'credit_small'] -> ['cluster_0_minimal']",0.03825069121836887,0.6836744932771422,1.9308899365978143,"['apriori', 'eclat', 'fpgrowth']","{'burden_low', 'credit_small', 'age_mid'} -> {'cluster_0_minimal'}",apriori+eclat+fpgrowth,3,True
"['age_mid', 'burden_low'] -> ['cluster_0_minimal', 'credit_small']",0.03825069121836887,0.36795917265215755,1.4972678216490316,"['apriori', 'eclat', 'fpgrowth']","{'burden_low', 'age_mid'} -> {'credit_small', 'cluster_0_minimal'}",apriori+eclat+fpgrowth,3,True
"['age_mid', 'burden_low'] -> ['cluster_0_minimal']",0.052602770487431755,0.5060214937624885,1.4291476713204005,"['apriori', 'eclat', 'fpgrowth']","{'burden_low', 'age_mid'} -> {'cluster_0_minimal'}",apriori+eclat+fpgrowth,3,True
"['age_mid', 'burden_low'] -> ['cluster_1_veteran', 'credit_small']",0.05854165341475309,0.5641601961585615,1.6888281390940167,['fpgrowth_cluster1'],"{'burden_low', 'age_mid'} -> {'cluster_1_veteran', 'credit_small'}",fpgrowth_cluster1,1,False
"['age_mid', 'burden_low'] -> ['credit_small']",0.05659692968328365,0.544696148839824,1.6306380885824168,"['apriori', 'eclat', 'fpgrowth', 'fpgrowth_cluster1']","{'burden_low', 'age_mid'} -> {'credit_small'}",apriori+eclat+fpgrowth+fpgrowth_cluster1,4,True
"['age_mid', 'burden_low'] -> ['emp_senior']",0.04736494926386998,0.4556353620996922,1.367454979822296,"['apriori', 'eclat', 'fpgrowth']","{'burden_low', 'age_mid'} -> {'emp_senior'}",apriori+eclat+fpgrowth,3,True
"['age_mid', 'burden_med', 'cluster_1_veteran'] -> ['income_very_high']",0.08101689884019253,0.5616639717771572,1.7835818678242705,['fpgrowth_cluster1'],"{'cluster_1_veteran', 'burden_med', 'age_mid'} -> {'income_very_high'}",fpgrowth_cluster1,1,False
"['age_mid', 'burden_med', 'cluster_2_ambisius', 'credit_large'] -> ['income_very_high']",0.06385516131872354,0.5878711959325031,1.9936494489457672,['fpgrowth_cluster2'],"{'credit_large', 'burden_med', 'cluster_2_ambisius', 'age_mid'} -> {'income_very_high'}",fpgrowth_cluster2,1,False
"['age_mid', 'burden_med', 'cluster_2_ambisius'] -> ['credit_large']",0.03809350044209906,0.7103004291845495,2.2056348877269865,"['apriori', 'eclat', 'fpgrowth']","{'burden_med', 'cluster_2_ambisius', 'age_mid'} -> {'credit_large'}",apriori+eclat+fpgrowth,3,True
"['age_mid', 'burden_med', 'cluster_2_ambisius'] -> ['income_very_high']",0.07777395368940043,0.5085836909871245,1.7247614822681347,['fpgrowth_cluster2'],"{'burden_med', 'cluster_2_ambisius', 'age_mid'} -> {'income_very_high'}",fpgrowth_cluster2,1,False
"['age_mid', 'burden_med', 'cluster_3_cc_intensif', 'credit_large'] -> ['income_very_high']",0.05011246727386703,0.6014605001106439,2.1057329334495933,['fpgrowth_cluster3'],"{'credit_large', 'burden_med', 'cluster_3_cc_intensif', 'age_mid'} -> {'income_very_high'}",fpgrowth_cluster3,1,False
"['age_mid', 'burden_med', 'cluster_3_cc_intensif', 'income_very_high'] -> ['credit_large']",0.05011246727386703,0.5953997809419496,1.7218498170476917,['fpgrowth_cluster3'],"{'cluster_3_cc_intensif', 'burden_med', 'income_very_high', 'age_mid'} -> {'credit_large'}",fpgrowth_cluster3,1,False
"['age_mid', 'burden_med', 'cluster_3_cc_intensif'] -> ['income_very_high']",0.08416608282016298,0.5154697380307136,1.8046764556745316,['fpgrowth_cluster3'],"{'cluster_3_cc_intensif', 'burden_med', 'age_mid'} -> {'income_very_high'}",fpgrowth_cluster3,1,False
"['age_mid', 'burden_med', 'credit_large'] -> ['cluster_2_ambisius', 'income_very_high']",0.06385516131872354,0.5878711959325031,1.9936494489457672,['fpgrowth_cluster2'],"{'credit_large', 'burden_med', 'age_mid'} -> {'income_very_high', 'cluster_2_ambisius'}",fpgrowth_cluster2,1,False
"['age_mid', 'burden_med', 'credit_large'] -> ['cluster_2_ambisius']",0.03809350044209906,0.6544025460507282,1.865984032554304,"['apriori', 'eclat', 'fpgrowth']","{'credit_large', 'burden_med', 'age_mid'} -> {'cluster_2_ambisius'}",apriori+eclat+fpgrowth,3,True
"['age_mid', 'burden_med', 'credit_large'] -> ['cluster_3_cc_intensif', 'income_very_high']",0.05011246727386703,0.6014605001106439,2.1057329334495933,['fpgrowth_cluster3'],"{'credit_large', 'burden_med', 'age_mid'} -> {'cluster_3_cc_intensif', 'income_very_high'}",fpgrowth_cluster3,1,False
"['age_mid', 'burden_med', 'credit_large'] -> ['income_very_high']",0.043874493003187805,0.6000131228907588,2.345075701218131,"['apriori', 'eclat', 'fpgrowth', 'fpgrowth_cluster2', 'fpgrowth_cluster3']","{'credit_large', 'burden_med', 'age_mid'} -> {'income_very_high'}",apriori+eclat+fpgrowth+fpgrowth_cluster2+fpgrowth_cluster3,5,True
"['age_mid', 'burden_med', 'income_very_high'] -> ['cluster_3_cc_intensif', 'credit_large']",0.05011246727386703,0.5953997809419496,1.7218498170476917,['fpgrowth_cluster3'],"{'burden_med', 'income_very_high', 'age_mid'} -> {'credit_large', 'cluster_3_cc_intensif'}",fpgrowth_cluster3,1,False
"['age_mid', 'burden_med', 'income_very_high'] -> ['credit_large']",0.03887932592430387,0.593893559533392,1.8124181478301888,"['apriori', 'eclat', 'fpgrowth', 'fpgrowth_cluster3']","{'burden_med', 'income_very_high', 'age_mid'} -> {'credit_large'}",apriori+eclat+fpgrowth+fpgrowth_cluster3,4,True
"['age_mid', 'burden_med'] -> ['cluster_1_veteran', 'income_very_high']",0.08101689884019253,0.5616639717771572,1.7835818678242705,['fpgrowth_cluster1'],"{'burden_med', 'age_mid'} -> {'cluster_1_veteran', 'income_very_high'}",fpgrowth_cluster1,1,False
"['age_mid', 'burden_med'] -> ['cluster_2_ambisius', 'income_very_high']",0.07777395368940043,0.5085836909871245,1.7247614822681347,['fpgrowth_cluster2'],"{'burden_med', 'age_mid'} -> {'income_very_high', 'cluster_2_ambisius'}",fpgrowth_cluster2,1,False
"['age_mid', 'burden_med'] -> ['cluster_2_ambisius']",0.053630124489480846,0.44550669216061184,1.2703318148510776,"['apriori', 'eclat', 'fpgrowth']","{'burden_med', 'age_mid'} -> {'cluster_2_ambisius'}",apriori+eclat+fpgrowth,3,True
"['age_mid', 'burden_med'] -> ['cluster_3_cc_intensif', 'income_very_high']",0.08416608282016298,0.5154697380307136,1.8046764556745316,['fpgrowth_cluster3'],"{'burden_med', 'age_mid'} -> {'cluster_3_cc_intensif', 'income_very_high'}",fpgrowth_cluster3,1,False
"['age_mid', 'burden_med'] -> ['credit_large']",0.058211112826486645,0.4835610688802873,1.501560635537504,"['apriori', 'eclat', 'fpgrowth']","{'burden_med', 'age_mid'} -> {'credit_large'}",apriori+eclat+fpgrowth,3,True
"['age_mid', 'burden_med'] -> ['credit_med']",0.0501270157611823,0.41640628643380123,1.2107374889694749,"['apriori', 'eclat', 'fpgrowth']","{'burden_med', 'age_mid'} -> {'credit_med'}",apriori+eclat+fpgrowth,3,True
"['age_mid', 'burden_med'] -> ['emp_senior']",0.05677113303672931,0.471599123257007,1.415365494473017,"['apriori', 'eclat', 'fpgrowth']","{'burden_med', 'age_mid'} -> {'emp_senior'}",apriori+eclat+fpgrowth,3,True
"['age_mid', 'burden_med'] -> ['income_very_high']",0.07009802108182216,0.5102173065432938,1.9212542696242478,"['apriori', 'eclat', 'fpgrowth', 'fpgrowth_cluster1', 'fpgrowth_cluster2', 'fpgrowth_cluster3']","{'burden_med', 'age_mid'} -> {'income_very_high'}",apriori+eclat+fpgrowth+fpgrowth_cluster1+fpgrowth_cluster2+fpgrowth_cluster3,6,True
"['age_mid', 'cluster_0_minimal', 'credit_small', 'income_low'] -> ['burden_high']",0.056667195179958774,0.5999664260533826,2.1152006758817654,['fpgrowth_cluster0'],"{'income_low', 'credit_small', 'cluster_0_minimal', 'age_mid'} -> {'burden_high'}",fpgrowth_cluster0,1,False
"['age_mid', 'cluster_0_minimal', 'credit_small'] -> ['burden_low']",0.03825069121836887,0.5756346893084949,1.7268555954662783,"['apriori', 'eclat', 'fpgrowth']","{'credit_small', 'cluster_0_minimal', 'age_mid'} -> {'burden_low'}",apriori+eclat+fpgrowth,3,True
"['age_mid', 'cluster_0_minimal', 'credit_small'] -> ['income_low']",0.03344233765140139,0.5032737718075445,1.5722974715678513,"['apriori', 'eclat', 'fpgrowth']","{'credit_small', 'cluster_0_minimal', 'age_mid'} -> {'income_low'}",apriori+eclat+fpgrowth,3,True
"['age_mid', 'cluster_0_minimal', 'income_low'] -> ['burden_high']",0.0648327255430474,0.568350823545764,2.0037388658727937,['fpgrowth_cluster0'],"{'income_low', 'cluster_0_minimal', 'age_mid'} -> {'burden_high'}",fpgrowth_cluster0,1,False
"['age_mid', 'cluster_0_minimal', 'income_low'] -> ['credit_small']",0.03344233765140139,0.827993606226979,2.4787763311769853,"['apriori', 'eclat', 'fpgrowth']","{'income_low', 'cluster_0_minimal', 'age_mid'} -> {'credit_small'}",apriori+eclat+fpgrowth,3,True
"['age_mid', 'cluster_0_minimal'] -> ['burden_low', 'credit_small']",0.03825069121836887,0.38643904375691235,2.029346131096976,"['apriori', 'eclat', 'fpgrowth']","{'cluster_0_minimal', 'age_mid'} -> {'burden_low', 'credit_small'}",apriori+eclat+fpgrowth,3,True
"['age_mid', 'cluster_0_minimal'] -> ['burden_low']",0.052602770487431755,0.5314352153815615,1.5942608955897282,"['apriori', 'eclat', 'fpgrowth']","{'cluster_0_minimal', 'age_mid'} -> {'burden_low'}",apriori+eclat+fpgrowth,3,True
"['age_mid', 'cluster_0_minimal'] -> ['credit_small']",0.06644959368991313,0.671326886538298,2.0097609260737417,"['apriori', 'eclat', 'fpgrowth']","{'cluster_0_minimal', 'age_mid'} -> {'credit_small'}",apriori+eclat+fpgrowth,3,True
"['age_mid', 'cluster_0_minimal'] -> ['emp_senior']",0.04095381117458,0.41374812126024435,1.2417427967007715,"['apriori', 'eclat', 'fpgrowth']","{'cluster_0_minimal', 'age_mid'} -> {'emp_senior'}",apriori+eclat+fpgrowth,3,True
"['age_mid', 'cluster_0_minimal'] -> ['income_low']",0.04038960856689731,0.40804809573774214,1.2747991752128711,"['apriori', 'eclat', 'fpgrowth']","{'cluster_0_minimal', 'age_mid'} -> {'income_low'}",apriori+eclat+fpgrowth,3,True
"['age_mid', 'cluster_1_veteran', 'credit_small'] -> ['burden_low']",0.05854165341475309,0.6610007182188173,1.818831789577251,['fpgrowth_cluster1'],"{'cluster_1_veteran', 'credit_small', 'age_mid'} -> {'burden_low'}",fpgrowth_cluster1,1,False
"['age_mid', 'cluster_1_veteran', 'income_very_high'] -> ['burden_med']",0.08101689884019253,0.6913334539533201,1.6769716447462037,['fpgrowth_cluster1'],"{'cluster_1_veteran', 'income_very_high', 'age_mid'} -> {'burden_med'}",fpgrowth_cluster1,1,False
"['age_mid', 'cluster_2_ambisius', 'credit_large', 'income_very_high'] -> ['burden_med']",0.06385516131872354,0.6197467567777519,1.558554377831677,['fpgrowth_cluster2'],"{'credit_large', 'income_very_high', 'cluster_2_ambisius', 'age_mid'} -> {'burden_med'}",fpgrowth_cluster2,1,False
"['age_mid', 'cluster_2_ambisius', 'credit_large'] -> ['burden_high']",0.04508568300795778,0.4992229750730403,1.4976647213069756,"['apriori', 'eclat', 'fpgrowth']","{'credit_large', 'cluster_2_ambisius', 'age_mid'} -> {'burden_high'}",apriori+eclat+fpgrowth,3,True
"['age_mid', 'cluster_2_ambisius', 'credit_large'] -> ['burden_med']",0.03809350044209906,0.42180021135078016,1.2654397067299845,"['apriori', 'eclat', 'fpgrowth']","{'credit_large', 'cluster_2_ambisius', 'age_mid'} -> {'burden_med'}",apriori+eclat+fpgrowth,3,True
"['age_mid', 'cluster_2_ambisius', 'credit_large'] -> ['emp_senior']",0.044299729126608754,0.49052029589109214,1.4721518062801675,"['apriori', 'eclat', 'fpgrowth']","{'credit_large', 'cluster_2_ambisius', 'age_mid'} -> {'emp_senior'}",apriori+eclat+fpgrowth,3,True
"['age_mid', 'cluster_2_ambisius', 'credit_large'] -> ['income_very_high']",0.03613422969502182,0.4001056753900665,1.6850649886048956,"['apriori', 'eclat', 'fpgrowth']","{'credit_large', 'cluster_2_ambisius', 'age_mid'} -> {'income_very_high'}",apriori+eclat+fpgrowth,3,True
"['age_mid', 'cluster_2_ambisius', 'credit_large'] -> ['risk_score_high']",0.04103802051901026,0.4544041772860073,1.3632087053609752,"['apriori', 'eclat', 'fpgrowth']","{'credit_large', 'cluster_2_ambisius', 'age_mid'} -> {'risk_score_high'}",apriori+eclat+fpgrowth,3,True
"['age_mid', 'cluster_2_ambisius', 'emp_mid'] -> ['credit_large']",0.03084026890850655,0.7059239270110512,2.1920449115937,"['apriori', 'eclat', 'fpgrowth']","{'emp_mid', 'cluster_2_ambisius', 'age_mid'} -> {'credit_large'}",apriori+eclat+fpgrowth,3,True
"['age_mid', 'cluster_2_ambisius', 'emp_senior'] -> ['credit_large']",0.044299729126608754,0.6957633469999559,2.1604941355682072,"['apriori', 'eclat', 'fpgrowth']","{'emp_senior', 'cluster_2_ambisius', 'age_mid'} -> {'credit_large'}",apriori+eclat+fpgrowth,3,True
"['age_mid', 'cluster_2_ambisius', 'emp_senior'] -> ['risk_score_high']",0.031106931832535684,0.48855971432350226,1.465675028852729,"['apriori', 'eclat', 'fpgrowth']","{'emp_senior', 'cluster_2_ambisius', 'age_mid'} -> {'risk_score_high'}",apriori+eclat+fpgrowth,3,True
"['age_mid', 'cluster_2_ambisius', 'income_very_high'] -> ['burden_med', 'credit_large']",0.06385516131872354,0.523490813648294,1.9060563841698492,['fpgrowth_cluster2'],"{'income_very_high', 'cluster_2_ambisius', 'age_mid'} -> {'credit_large', 'burden_med'}",fpgrowth_cluster2,1,False
"['age_mid', 'cluster_2_ambisius', 'income_very_high'] -> ['burden_med']",0.07777395368940043,0.6375984251968504,1.603448192380775,['fpgrowth_cluster2'],"{'income_very_high', 'cluster_2_ambisius', 'age_mid'} -> {'burden_med'}",fpgrowth_cluster2,1,False
"['age_mid', 'cluster_2_ambisius', 'income_very_high'] -> ['credit_large']",0.03613422969502182,0.8446850393700785,2.6229278702739296,"['apriori', 'eclat', 'fpgrowth']","{'income_very_high', 'cluster_2_ambisius', 'age_mid'} -> {'credit_large'}",apriori+eclat+fpgrowth,3,True
"['age_mid', 'cluster_2_ambisius', 'risk_score_high'] -> ['credit_large']",0.04103802051901026,0.6927924939582052,2.151269000898476,"['apriori', 'eclat', 'fpgrowth']","{'risk_score_high', 'cluster_2_ambisius', 'age_mid'} -> {'credit_large'}",apriori+eclat+fpgrowth,3,True
"['age_mid', 'cluster_2_ambisius', 'risk_score_high'] -> ['emp_senior']",0.031106931832535684,0.5251386058854192,1.5760484401512163,"['apriori', 'eclat', 'fpgrowth']","{'risk_score_high', 'cluster_2_ambisius', 'age_mid'} -> {'emp_senior'}",apriori+eclat+fpgrowth,3,True
"['age_mid', 'cluster_2_ambisius', 'risk_score_med'] -> ['credit_large']",0.03077570841111002,0.6959060615677563,2.160937294852355,"['apriori', 'eclat', 'fpgrowth']","{'risk_score_med', 'cluster_2_ambisius', 'age_mid'} -> {'credit_large'}",apriori+eclat+fpgrowth,3,True
"['age_mid', 'cluster_2_ambisius'] -> ['burden_high']",0.05791357314283308,0.4481320590790616,1.3443924035570862,"['apriori', 'eclat', 'fpgrowth']","{'cluster_2_ambisius', 'age_mid'} -> {'burden_high'}",apriori+eclat+fpgrowth,3,True
"['age_mid', 'cluster_2_ambisius'] -> ['burden_med']",0.053630124489480846,0.4149869678540399,1.244999345107631,"['apriori', 'eclat', 'fpgrowth']","{'cluster_2_ambisius', 'age_mid'} -> {'burden_med'}",apriori+eclat+fpgrowth,3,True
"['age_mid', 'cluster_2_ambisius'] -> ['credit_large']",0.09031171492329933,0.6988271068635968,2.1700077658086143,"['apriori', 'eclat', 'fpgrowth']","{'cluster_2_ambisius', 'age_mid'} -> {'credit_large'}",apriori+eclat+fpgrowth,3,True
"['age_mid', 'cluster_2_ambisius'] -> ['emp_senior']",0.06367068532371475,0.49268027801911374,1.478634354745412,"['apriori', 'eclat', 'fpgrowth']","{'cluster_2_ambisius', 'age_mid'} -> {'emp_senior'}",apriori+eclat+fpgrowth,3,True
"['age_mid', 'cluster_2_ambisius'] -> ['risk_score_high']",0.05923565985038806,0.4583622936576888,1.375083021145075,"['apriori', 'eclat', 'fpgrowth']","{'cluster_2_ambisius', 'age_mid'} -> {'risk_score_high'}",apriori+eclat+fpgrowth,3,True
"['age_mid', 'cluster_3_cc_intensif', 'credit_large', 'income_very_high'] -> ['burden_med']",0.05011246727386703,0.740801308258381,1.8636169460722667,['fpgrowth_cluster3'],"{'credit_large', 'cluster_3_cc_intensif', 'income_very_high', 'age_mid'} -> {'burden_med'}",fpgrowth_cluster3,1,False
"['age_mid', 'cluster_3_cc_intensif', 'credit_small'] -> ['burden_low']",0.06108263579040525,0.675157937640106,2.0365505935000314,['fpgrowth_cluster3'],"{'cluster_3_cc_intensif', 'credit_small', 'age_mid'} -> {'burden_low'}",fpgrowth_cluster3,1,False
"['age_mid', 'cluster_3_cc_intensif', 'income_very_high'] -> ['burden_med']",0.08416608282016298,0.678608592240226,1.7071601496254813,['fpgrowth_cluster3'],"{'cluster_3_cc_intensif', 'income_very_high', 'age_mid'} -> {'burden_med'}",fpgrowth_cluster3,1,False
"['age_mid', 'cluster_3_cc_intensif', 'income_very_high'] -> ['credit_large']",0.06764629964231719,0.5454140032704029,1.5772948392098167,['fpgrowth_cluster3'],"{'cluster_3_cc_intensif', 'income_very_high', 'age_mid'} -> {'credit_large'}",fpgrowth_cluster3,1,False
"['age_mid', 'cluster_4_bermasalah', 'credit_small'] -> ['burden_low']",0.053509933774834435,0.5287958115183246,1.7120104532432892,['fpgrowth_cluster4'],"{'cluster_4_bermasalah', 'credit_small', 'age_mid'} -> {'burden_low'}",fpgrowth_cluster4,1,False
"['age_mid', 'cluster_4_bermasalah', 'income_very_high'] -> ['burden_med']",0.052980132450331126,0.6666666666666666,1.918191056910569,['fpgrowth_cluster4'],"{'cluster_4_bermasalah', 'income_very_high', 'age_mid'} -> {'burden_med'}",fpgrowth_cluster4,1,False
"['age_mid', 'cluster_4_bermasalah', 'risk_score_high'] -> ['emp_senior']",0.06410596026490066,0.5365853658536586,1.5116490717145978,['fpgrowth_cluster4'],"{'risk_score_high', 'cluster_4_bermasalah', 'age_mid'} -> {'emp_senior'}",fpgrowth_cluster4,1,False
"['age_mid', 'credit_large', 'emp_mid'] -> ['cluster_2_ambisius']",0.03084026890850655,0.7218791064388963,2.0583888222603752,"['apriori', 'eclat', 'fpgrowth']","{'credit_large', 'emp_mid', 'age_mid'} -> {'cluster_2_ambisius'}",apriori+eclat+fpgrowth,3,True
"['age_mid', 'credit_large', 'emp_senior'] -> ['cluster_2_ambisius']",0.044299729126608754,0.7090484320244407,2.021803033087083,"['apriori', 'eclat', 'fpgrowth']","{'credit_large', 'emp_senior', 'age_mid'} -> {'cluster_2_ambisius'}",apriori+eclat+fpgrowth,3,True
"['age_mid', 'credit_large', 'income_very_high'] -> ['burden_med', 'cluster_2_ambisius']",0.06385516131872354,0.6197467567777519,1.558554377831677,['fpgrowth_cluster2'],"{'credit_large', 'income_very_high', 'age_mid'} -> {'burden_med', 'cluster_2_ambisius'}",fpgrowth_cluster2,1,False
"['age_mid', 'credit_large', 'income_very_high'] -> ['burden_med', 'cluster_3_cc_intensif']",0.05011246727386703,0.740801308258381,1.8636169460722667,['fpgrowth_cluster3'],"{'credit_large', 'income_very_high', 'age_mid'} -> {'cluster_3_cc_intensif', 'burden_med'}",fpgrowth_cluster3,1,False
"['age_mid', 'credit_large', 'income_very_high'] -> ['burden_med']",0.043874493003187805,0.6675081599167769,1.8706665325180292,"['apriori', 'eclat', 'fpgrowth', 'fpgrowth_cluster2', 'fpgrowth_cluster3']","{'credit_large', 'income_very_high', 'age_mid'} -> {'burden_med'}",apriori+eclat+fpgrowth+fpgrowth_cluster2+fpgrowth_cluster3,5,True
"['age_mid', 'credit_large', 'income_very_high'] -> ['cluster_2_ambisius']",0.03613422969502182,0.6777403390544382,1.9325301506322197,"['apriori', 'eclat', 'fpgrowth']","{'credit_large', 'income_very_high', 'age_mid'} -> {'cluster_2_ambisius'}",apriori+eclat+fpgrowth,3,True
"['age_mid', 'credit_large', 'risk_score_high'] -> ['cluster_2_ambisius']",0.04103802051901026,0.7626499739175795,2.1746441580131686,"['apriori', 'eclat', 'fpgrowth']","{'credit_large', 'risk_score_high', 'age_mid'} -> {'cluster_2_ambisius'}",apriori+eclat+fpgrowth,3,True
"['age_mid', 'credit_large', 'risk_score_med'] -> ['cluster_2_ambisius']",0.03077570841111002,0.7120405247434731,2.0303347805127783,"['apriori', 'eclat', 'fpgrowth']","{'credit_large', 'risk_score_med', 'age_mid'} -> {'cluster_2_ambisius'}",apriori+eclat+fpgrowth,3,True
"['age_mid', 'credit_large'] -> ['burden_high', 'cluster_2_ambisius']",0.04508568300795778,0.35858281427901684,2.265056481515118,"['apriori', 'eclat', 'fpgrowth']","{'credit_large', 'age_mid'} -> {'burden_high', 'cluster_2_ambisius'}",apriori+eclat+fpgrowth,3,True
"['age_mid', 'credit_large'] -> ['burden_high']",0.058449705969039034,0.46487174335275605,1.394611315414781,"['apriori', 'eclat', 'fpgrowth']","{'credit_large', 'age_mid'} -> {'burden_high'}",apriori+eclat+fpgrowth,3,True
"['age_mid', 'credit_large'] -> ['burden_med']",0.058211112826486645,0.46297412542138283,1.3889652630107012,"['apriori', 'eclat', 'fpgrowth']","{'credit_large', 'age_mid'} -> {'burden_med'}",apriori+eclat+fpgrowth,3,True
"['age_mid', 'credit_large'] -> ['cluster_2_ambisius', 'emp_senior']",0.044299729126608754,0.35233183756390507,2.6461469124344683,"['apriori', 'eclat', 'fpgrowth']","{'credit_large', 'age_mid'} -> {'emp_senior', 'cluster_2_ambisius'}",apriori+eclat+fpgrowth,3,True
"['age_mid', 'credit_large'] -> ['cluster_2_ambisius']",0.09031171492329933,0.7182818744000179,2.0481315615170472,"['apriori', 'eclat', 'fpgrowth']","{'credit_large', 'age_mid'} -> {'cluster_2_ambisius'}",apriori+eclat+fpgrowth,3,True
"['age_mid', 'credit_large'] -> ['emp_senior']",0.06247771961095283,0.4969079990177037,1.491322610780193,"['apriori', 'eclat', 'fpgrowth']","{'credit_large', 'age_mid'} -> {'emp_senior'}",apriori+eclat+fpgrowth,3,True
"['age_mid', 'credit_large'] -> ['income_very_high']",0.05331574293694124,0.42403947045297263,1.785863359099465,"['apriori', 'eclat', 'fpgrowth']","{'credit_large', 'age_mid'} -> {'income_very_high'}",apriori+eclat+fpgrowth,3,True
"['age_mid', 'credit_large'] -> ['risk_score_high']",0.05380977109093207,0.4279686558167571,1.2839023635643931,"['apriori', 'eclat', 'fpgrowth']","{'credit_large', 'age_mid'} -> {'risk_score_high'}",apriori+eclat+fpgrowth,3,True
"['age_mid', 'credit_med'] -> ['burden_med']",0.0501270157611823,0.43852368440439066,1.3156116750386213,"['apriori', 'eclat', 'fpgrowth']","{'credit_med', 'age_mid'} -> {'burden_med'}",apriori+eclat+fpgrowth,3,True
"['age_mid', 'credit_med'] -> ['emp_senior']",0.05161752115759779,0.4515629987967487,1.3552329840303254,"['apriori', 'eclat', 'fpgrowth']","{'credit_med', 'age_mid'} -> {'emp_senior'}",apriori+eclat+fpgrowth,3,True
"['age_mid', 'credit_small', 'income_low'] -> ['burden_high', 'cluster_0_minimal']",0.056667195179958774,0.5999664260533826,2.1152006758817654,['fpgrowth_cluster0'],"{'income_low', 'credit_small', 'age_mid'} -> {'burden_high', 'cluster_0_minimal'}",fpgrowth_cluster0,1,False
"['age_mid', 'credit_small', 'income_low'] -> ['burden_high']",0.056667195179958774,0.5999664260533826,2.1152006758817654,['fpgrowth_cluster0'],"{'income_low', 'credit_small', 'age_mid'} -> {'burden_high'}",fpgrowth_cluster0,1,False
"['age_mid', 'credit_small', 'income_low'] -> ['cluster_0_minimal']",0.03344233765140139,0.7758025656052615,2.191085643013338,"['apriori', 'eclat', 'fpgrowth']","{'income_low', 'credit_small', 'age_mid'} -> {'cluster_0_minimal'}",apriori+eclat+fpgrowth,3,True
"['age_mid', 'credit_small'] -> ['burden_low', 'cluster_0_minimal']",0.03825069121836887,0.4102540944123314,2.2977105819123884,"['apriori', 'eclat', 'fpgrowth']","{'credit_small', 'age_mid'} -> {'burden_low', 'cluster_0_minimal'}",apriori+eclat+fpgrowth,3,True
"['age_mid', 'credit_small'] -> ['burden_low', 'cluster_1_veteran']",0.05854165341475309,0.6610007182188173,1.818831789577251,['fpgrowth_cluster1'],"{'credit_small', 'age_mid'} -> {'cluster_1_veteran', 'burden_low'}",fpgrowth_cluster1,1,False
"['age_mid', 'credit_small'] -> ['burden_low', 'cluster_3_cc_intensif']",0.06108263579040525,0.675157937640106,2.0365505935000314,['fpgrowth_cluster3'],"{'credit_small', 'age_mid'} -> {'cluster_3_cc_intensif', 'burden_low'}",fpgrowth_cluster3,1,False
"['age_mid', 'credit_small'] -> ['burden_low', 'cluster_4_bermasalah']",0.053509933774834435,0.5287958115183246,1.7120104532432892,['fpgrowth_cluster4'],"{'credit_small', 'age_mid'} -> {'cluster_4_bermasalah', 'burden_low'}",fpgrowth_cluster4,1,False
"['age_mid', 'credit_small'] -> ['burden_low']",0.05683004804972905,0.6108618717305047,1.8279819224199312,"['apriori', 'eclat', 'fpgrowth', 'fpgrowth_cluster1', 'fpgrowth_cluster3', 'fpgrowth_cluster4']","{'credit_small', 'age_mid'} -> {'burden_low'}",apriori+eclat+fpgrowth+fpgrowth_cluster1+fpgrowth_cluster3+fpgrowth_cluster4,6,True
"['age_mid', 'credit_small'] -> ['cluster_0_minimal', 'income_low']",0.03344233765140139,0.3586825626204239,2.2603961781383513,"['apriori', 'eclat', 'fpgrowth']","{'credit_small', 'age_mid'} -> {'income_low', 'cluster_0_minimal'}",apriori+eclat+fpgrowth,3,True
"['age_mid', 'credit_small'] -> ['cluster_0_minimal']",0.06644959368991313,0.7126986994219653,2.0128624953430494,"['apriori', 'eclat', 'fpgrowth']","{'credit_small', 'age_mid'} -> {'cluster_0_minimal'}",apriori+eclat+fpgrowth,3,True
"['age_mid', 'credit_small'] -> ['emp_senior']",0.041023985628271885,0.439998795761079,1.3205264437918114,"['apriori', 'eclat', 'fpgrowth']","{'credit_small', 'age_mid'} -> {'emp_senior'}",apriori+eclat+fpgrowth,3,True
"['age_mid', 'credit_small'] -> ['income_low']",0.04310676341384682,0.4623374277456647,1.4444066219562037,"['apriori', 'eclat', 'fpgrowth']","{'credit_small', 'age_mid'} -> {'income_low'}",apriori+eclat+fpgrowth,3,True
"['age_mid', 'emp_senior', 'risk_score_high'] -> ['cluster_2_ambisius']",0.031106931832535684,0.4838878700550171,1.3797731144514536,"['apriori', 'eclat', 'fpgrowth']","{'risk_score_high', 'emp_senior', 'age_mid'} -> {'cluster_2_ambisius'}",apriori+eclat+fpgrowth,3,True
"['age_mid', 'emp_senior'] -> ['credit_large']",0.06247771961095283,0.4027722485613985,1.250694053859921,"['apriori', 'eclat', 'fpgrowth']","{'emp_senior', 'age_mid'} -> {'credit_large'}",apriori+eclat+fpgrowth,3,True
"['age_mid', 'emp_senior'] -> ['risk_score_high']",0.0642854135380556,0.414425826064927,1.2432739883518642,"['apriori', 'eclat', 'fpgrowth']","{'emp_senior', 'age_mid'} -> {'risk_score_high'}",apriori+eclat+fpgrowth,3,True
"['age_mid', 'income_high'] -> ['burden_med']",0.03766683976365244,0.4124227802194425,1.2373065446750893,"['apriori', 'eclat', 'fpgrowth']","{'income_high', 'age_mid'} -> {'burden_med'}",apriori+eclat+fpgrowth,3,True
"['age_mid', 'income_high'] -> ['credit_large']",0.03713912787188952,0.40664474290807395,1.262718977797189,"['apriori', 'eclat', 'fpgrowth']","{'income_high', 'age_mid'} -> {'credit_large'}",apriori+eclat+fpgrowth,3,True
"['age_mid', 'income_high'] -> ['emp_senior']",0.04290185400906654,0.4697421397178598,1.4097923067898817,"['apriori', 'eclat', 'fpgrowth']","{'income_high', 'age_mid'} -> {'emp_senior'}",apriori+eclat+fpgrowth,3,True
"['age_mid', 'income_low'] -> ['burden_high', 'cluster_0_minimal']",0.0648327255430474,0.568350823545764,2.0037388658727937,['fpgrowth_cluster0'],"{'income_low', 'age_mid'} -> {'burden_high', 'cluster_0_minimal'}",fpgrowth_cluster0,1,False
"['age_mid', 'income_low'] -> ['burden_high']",0.04986034065370195,0.5113586354743176,1.6087443956342669,"['apriori', 'eclat', 'fpgrowth', 'fpgrowth_cluster0']","{'income_low', 'age_mid'} -> {'burden_high'}",apriori+eclat+fpgrowth+fpgrowth_cluster0,4,True
"['age_mid', 'income_low'] -> ['cluster_0_minimal', 'credit_small']",0.03344233765140139,0.36696852091418714,1.4932367467908276,"['apriori', 'eclat', 'fpgrowth']","{'income_low', 'age_mid'} -> {'credit_small', 'cluster_0_minimal'}",apriori+eclat+fpgrowth,3,True
"['age_mid', 'income_low'] -> ['cluster_0_minimal']",0.04038960856689731,0.44320211914002344,1.251728008199057,"['apriori', 'eclat', 'fpgrowth']","{'income_low', 'age_mid'} -> {'cluster_0_minimal'}",apriori+eclat+fpgrowth,3,True
"['age_mid', 'income_low'] -> ['credit_small']",0.04310676341384682,0.4730179264461283,1.416080548785854,"['apriori', 'eclat', 'fpgrowth']","{'income_low', 'age_mid'} -> {'credit_small'}",apriori+eclat+fpgrowth,3,True
"['age_mid', 'income_low'] -> ['emp_senior']",0.040667499403517146,0.4462514630690569,1.3392919781613666,"['apriori', 'eclat', 'fpgrowth']","{'income_low', 'age_mid'} -> {'emp_senior'}",apriori+eclat+fpgrowth,3,True
"['age_mid', 'income_very_high'] -> ['burden_med', 'cluster_1_veteran']",0.08101689884019253,0.6913334539533201,1.6769716447462037,['fpgrowth_cluster1'],"{'income_very_high', 'age_mid'} -> {'cluster_1_veteran', 'burden_med'}",fpgrowth_cluster1,1,False
"['age_mid', 'income_very_high'] -> ['burden_med', 'cluster_2_ambisius', 'credit_large']",0.06385516131872354,0.523490813648294,1.9060563841698492,['fpgrowth_cluster2'],"{'income_very_high', 'age_mid'} -> {'credit_large', 'burden_med', 'cluster_2_ambisius'}",fpgrowth_cluster2,1,False
"['age_mid', 'income_very_high'] -> ['burden_med', 'cluster_2_ambisius']",0.07777395368940043,0.6375984251968504,1.603448192380775,['fpgrowth_cluster2'],"{'income_very_high', 'age_mid'} -> {'burden_med', 'cluster_2_ambisius'}",fpgrowth_cluster2,1,False
"['age_mid', 'income_very_high'] -> ['burden_med', 'cluster_3_cc_intensif']",0.08416608282016298,0.678608592240226,1.7071601496254813,['fpgrowth_cluster3'],"{'income_very_high', 'age_mid'} -> {'cluster_3_cc_intensif', 'burden_med'}",fpgrowth_cluster3,1,False
"['age_mid', 'income_very_high'] -> ['burden_med', 'cluster_4_bermasalah']",0.052980132450331126,0.6666666666666666,1.918191056910569,['fpgrowth_cluster4'],"{'income_very_high', 'age_mid'} -> {'cluster_4_bermasalah', 'burden_med'}",fpgrowth_cluster4,1,False
"['age_mid', 'income_very_high'] -> ['burden_med', 'credit_large']",0.042314999435517996,0.4124488881751209,2.423468343713589,"['apriori', 'eclat', 'fpgrowth', 'fpgrowth_cluster2']","{'income_very_high', 'age_mid'} -> {'credit_large', 'burden_med'}",apriori+eclat+fpgrowth+fpgrowth_cluster2,4,True
"['age_mid', 'income_very_high'] -> ['burden_med']",0.06765260842018057,0.6531839317114684,1.8000268600824103,"['apriori', 'eclat', 'fpgrowth', 'fpgrowth_cluster1', 'fpgrowth_cluster2', 'fpgrowth_cluster3', 'fpgrowth_cluster4']","{'income_very_high', 'age_mid'} -> {'burden_med'}",apriori+eclat+fpgrowth+fpgrowth_cluster1+fpgrowth_cluster2+fpgrowth_cluster3+fpgrowth_cluster4,7,True
"['age_mid', 'income_very_high'] -> ['cluster_2_ambisius', 'credit_large']",0.03613422969502182,0.38611277744451106,1.638276473309604,"['apriori', 'eclat', 'fpgrowth']","{'income_very_high', 'age_mid'} -> {'credit_large', 'cluster_2_ambisius'}",apriori+eclat+fpgrowth,3,True
"['age_mid', 'income_very_high'] -> ['cluster_2_ambisius']",0.042778346970568835,0.45710857828434315,1.3034137983871223,"['apriori', 'eclat', 'fpgrowth']","{'income_very_high', 'age_mid'} -> {'cluster_2_ambisius'}",apriori+eclat+fpgrowth,3,True
"['age_mid', 'income_very_high'] -> ['cluster_3_cc_intensif', 'credit_large']",0.06764629964231719,0.5454140032704029,1.5772948392098167,['fpgrowth_cluster3'],"{'income_very_high', 'age_mid'} -> {'credit_large', 'cluster_3_cc_intensif'}",fpgrowth_cluster3,1,False
"['age_mid', 'income_very_high'] -> ['credit_large']",0.056898382113285226,0.5636330449087825,1.721118162596924,"['apriori', 'eclat', 'fpgrowth', 'fpgrowth_cluster3']","{'income_very_high', 'age_mid'} -> {'credit_large'}",apriori+eclat+fpgrowth+fpgrowth_cluster3,4,True
"['age_mid', 'income_very_high'] -> ['emp_senior']",0.045335504063100864,0.48443311337732453,1.4538829256489987,"['apriori', 'eclat', 'fpgrowth']","{'income_very_high', 'age_mid'} -> {'emp_senior'}",apriori+eclat+fpgrowth,3,True
"['age_mid', 'income_very_high'] -> ['risk_score_high']",0.03932857082707611,0.420245950809838,1.2607343135758458,"['apriori', 'eclat', 'fpgrowth']","{'income_very_high', 'age_mid'} -> {'risk_score_high'}",apriori+eclat+fpgrowth,3,True
"['age_mid', 'risk_score_high'] -> ['cluster_2_ambisius']",0.05923565985038806,0.47402232754554235,1.3516421957894427,"['apriori', 'eclat', 'fpgrowth']","{'risk_score_high', 'age_mid'} -> {'cluster_2_ambisius'}",apriori+eclat+fpgrowth,3,True
"['age_mid', 'risk_score_high'] -> ['cluster_4_bermasalah', 'emp_senior']",0.06410596026490066,0.5365853658536586,1.5116490717145978,['fpgrowth_cluster4'],"{'risk_score_high', 'age_mid'} -> {'cluster_4_bermasalah', 'emp_senior'}",fpgrowth_cluster4,1,False
"['age_mid', 'risk_score_high'] -> ['credit_large']",0.05380977109093207,0.4306026640310879,1.337113451593292,"['apriori', 'eclat', 'fpgrowth']","{'risk_score_high', 'age_mid'} -> {'credit_large'}",apriori+eclat+fpgrowth,3,True
"['age_mid', 'risk_score_high'] -> ['emp_senior']",0.06424055021976686,0.5199703716527719,1.5358491519014683,"['apriori', 'eclat', 'fpgrowth', 'fpgrowth_cluster4']","{'risk_score_high', 'age_mid'} -> {'emp_senior'}",apriori+eclat+fpgrowth+fpgrowth_cluster4,4,True
"['age_mid', 'risk_score_low'] -> ['emp_senior']",0.03748438618405356,0.406663012363725,1.2204789347422063,"['apriori', 'eclat', 'fpgrowth']","{'risk_score_low', 'age_mid'} -> {'emp_senior'}",apriori+eclat+fpgrowth,3,True
"['age_mid', 'risk_score_med'] -> ['emp_senior']",0.05334942667471334,0.4593595166163142,1.3786319297761238,"['apriori', 'eclat', 'fpgrowth']","{'risk_score_med', 'age_mid'} -> {'emp_senior'}",apriori+eclat+fpgrowth,3,True
['age_mid'] -> ['emp_senior'],0.1551192263968225,0.46543476063740186,1.3968649805472235,"['apriori', 'eclat', 'fpgrowth']",{'age_mid'} -> {'emp_senior'},apriori+eclat+fpgrowth,3,True
"['age_senior', 'burden_high', 'cluster_0_minimal', 'credit_small', 'emp_new'] -> ['income_low']",0.07195972728714127,0.9955033998683922,2.221308642327201,['fpgrowth_cluster0'],"{'burden_high', 'emp_new', 'age_senior', 'credit_small', 'cluster_0_minimal'} -> {'income_low'}",fpgrowth_cluster0,1,False
"['age_senior', 'burden_high', 'cluster_0_minimal', 'credit_small', 'income_low'] -> ['emp_new']",0.07195972728714127,0.7689766180955608,2.117459682738633,['fpgrowth_cluster0'],"{'income_low', 'burden_high', 'age_senior', 'credit_small', 'cluster_0_minimal'} -> {'emp_new'}",fpgrowth_cluster0,1,False
"['age_senior', 'burden_high', 'cluster_0_minimal', 'credit_small'] -> ['emp_new', 'income_low']",0.07195972728714127,0.764378947368421,3.922331804615273,['fpgrowth_cluster0'],"{'age_senior', 'burden_high', 'cluster_0_minimal', 'credit_small'} -> {'emp_new', 'income_low'}",fpgrowth_cluster0,1,False
"['age_senior', 'burden_high', 'cluster_0_minimal', 'credit_small'] -> ['emp_new']",0.07228476296178848,0.7678315789473683,2.11430669450154,['fpgrowth_cluster0'],"{'age_senior', 'burden_high', 'cluster_0_minimal', 'credit_small'} -> {'emp_new'}",fpgrowth_cluster0,1,False
"['age_senior', 'burden_high', 'cluster_0_minimal', 'credit_small'] -> ['income_low']",0.04824481841658585,0.994021052631579,2.88359558299502,"['apriori', 'eclat', 'fpgrowth', 'fpgrowth_cluster0']","{'age_senior', 'burden_high', 'cluster_0_minimal', 'credit_small'} -> {'income_low'}",apriori+eclat+fpgrowth+fpgrowth_cluster0,4,True
"['age_senior', 'burden_high', 'cluster_0_minimal', 'emp_new'] -> ['credit_small', 'income_low']",0.07195972728714127,0.9113453815261043,2.420761169678715,['fpgrowth_cluster0'],"{'emp_new', 'age_senior', 'burden_high', 'cluster_0_minimal'} -> {'income_low', 'credit_small'}",fpgrowth_cluster0,1,False
"['age_senior', 'burden_high', 'cluster_0_minimal', 'emp_new'] -> ['income_low']",0.07785000792769939,0.9859437751004017,2.1999778491653195,['fpgrowth_cluster0'],"{'emp_new', 'age_senior', 'burden_high', 'cluster_0_minimal'} -> {'income_low'}",fpgrowth_cluster0,1,False
"['age_senior', 'burden_high', 'cluster_0_minimal', 'income_low'] -> ['credit_small', 'emp_new']",0.07195972728714127,0.7063263559256089,2.6568857439153186,['fpgrowth_cluster0'],"{'age_senior', 'income_low', 'burden_high', 'cluster_0_minimal'} -> {'emp_new', 'credit_small'}",fpgrowth_cluster0,1,False
"['age_senior', 'burden_high', 'cluster_0_minimal', 'income_low'] -> ['credit_small']",0.03313357005515712,0.9185277410318263,2.7498096686691142,"['apriori', 'eclat', 'fpgrowth']","{'age_senior', 'income_low', 'burden_high', 'cluster_0_minimal'} -> {'credit_small'}",apriori+eclat+fpgrowth,3,True
"['age_senior', 'burden_high', 'cluster_0_minimal', 'income_low'] -> ['emp_new']",0.07785000792769939,0.7641428682592795,2.1041494335660134,['fpgrowth_cluster0'],"{'age_senior', 'income_low', 'burden_high', 'cluster_0_minimal'} -> {'emp_new'}",fpgrowth_cluster0,1,False
"['age_senior', 'burden_high', 'cluster_0_minimal'] -> ['credit_small', 'emp_new', 'income_low']",0.07195972728714127,0.6904761904761905,4.1190194687475365,['fpgrowth_cluster0'],"{'age_senior', 'burden_high', 'cluster_0_minimal'} -> {'emp_new', 'income_low', 'credit_small'}",fpgrowth_cluster0,1,False
"['age_senior', 'burden_high', 'cluster_0_minimal'] -> ['credit_small', 'emp_new']",0.07228476296178848,0.6935950098889396,2.6089960800200047,['fpgrowth_cluster0'],"{'age_senior', 'burden_high', 'cluster_0_minimal'} -> {'emp_new', 'credit_small'}",fpgrowth_cluster0,1,False
"['age_senior', 'burden_high', 'cluster_0_minimal'] -> ['credit_small', 'income_low']",0.04824481841658585,0.8979157158070897,4.591929048325412,"['apriori', 'eclat', 'fpgrowth', 'fpgrowth_cluster0']","{'age_senior', 'burden_high', 'cluster_0_minimal'} -> {'income_low', 'credit_small'}",apriori+eclat+fpgrowth+fpgrowth_cluster0,4,True
"['age_senior', 'burden_high', 'cluster_0_minimal'] -> ['credit_small']",0.033332865503642055,0.9033165982047772,2.704271852282274,"['apriori', 'eclat', 'fpgrowth']","{'age_senior', 'burden_high', 'cluster_0_minimal'} -> {'credit_small'}",apriori+eclat+fpgrowth,3,True
"['age_senior', 'burden_high', 'cluster_0_minimal'] -> ['emp_new', 'income_low']",0.07785000792769939,0.7469952837364979,3.8331293259507713,['fpgrowth_cluster0'],"{'age_senior', 'burden_high', 'cluster_0_minimal'} -> {'emp_new', 'income_low'}",fpgrowth_cluster0,1,False
"['age_senior', 'burden_high', 'cluster_0_minimal'] -> ['emp_new']",0.07895988584112891,0.7576449109995437,2.086256610567409,['fpgrowth_cluster0'],"{'age_senior', 'burden_high', 'cluster_0_minimal'} -> {'emp_new'}",fpgrowth_cluster0,1,False
"['age_senior', 'burden_high', 'cluster_0_minimal'] -> ['income_low']",0.052524073320191864,0.9775597139814393,2.8358422247577257,"['apriori', 'eclat', 'fpgrowth', 'fpgrowth_cluster0']","{'age_senior', 'burden_high', 'cluster_0_minimal'} -> {'income_low'}",apriori+eclat+fpgrowth+fpgrowth_cluster0,4,True
"['age_senior', 'burden_high', 'cluster_1_veteran'] -> ['emp_new']",0.06615355257299153,0.6631243358129649,1.829371376342236,['fpgrowth_cluster1'],"{'cluster_1_veteran', 'age_senior', 'burden_high'} -> {'emp_new'}",fpgrowth_cluster1,1,False
"['age_senior', 'burden_high', 'cluster_1_veteran'] -> ['income_low']",0.054152619638275765,0.542826780021254,2.5603899816124014,['fpgrowth_cluster1'],"{'cluster_1_veteran', 'age_senior', 'burden_high'} -> {'income_low'}",fpgrowth_cluster1,1,False
"['age_senior', 'burden_high', 'cluster_2_ambisius'] -> ['credit_large']",0.03969909194256923,0.7294342152767034,2.265049389542239,"['apriori', 'eclat', 'fpgrowth']","{'age_senior', 'burden_high', 'cluster_2_ambisius'} -> {'credit_large'}",apriori+eclat+fpgrowth,3,True
"['age_senior', 'burden_high', 'cluster_2_ambisius'] -> ['emp_new']",0.08042324654431363,0.5182319872092424,1.6472227911042696,['fpgrowth_cluster2'],"{'age_senior', 'burden_high', 'cluster_2_ambisius'} -> {'emp_new'}",fpgrowth_cluster2,1,False
"['age_senior', 'burden_high', 'cluster_4_bermasalah', 'credit_small'] -> ['income_low']",0.050066225165562916,0.9792746113989638,2.696398000022676,['fpgrowth_cluster4'],"{'cluster_4_bermasalah', 'age_senior', 'burden_high', 'credit_small'} -> {'income_low'}",fpgrowth_cluster4,1,False
"['age_senior', 'burden_high', 'cluster_4_bermasalah', 'emp_new'] -> ['income_low']",0.06304635761589404,0.7062314540059348,1.944583325216925,['fpgrowth_cluster4'],"{'emp_new', 'age_senior', 'burden_high', 'cluster_4_bermasalah'} -> {'income_low'}",fpgrowth_cluster4,1,False
"['age_senior', 'burden_high', 'cluster_4_bermasalah', 'income_low'] -> ['credit_small']",0.050066225165562916,0.6019108280254777,1.8809713375796178,['fpgrowth_cluster4'],"{'cluster_4_bermasalah', 'age_senior', 'income_low', 'burden_high'} -> {'credit_small'}",fpgrowth_cluster4,1,False
"['age_senior', 'burden_high', 'cluster_4_bermasalah', 'income_low'] -> ['emp_new']",0.06304635761589404,0.7579617834394904,2.0704093578032388,['fpgrowth_cluster4'],"{'cluster_4_bermasalah', 'age_senior', 'income_low', 'burden_high'} -> {'emp_new'}",fpgrowth_cluster4,1,False
"['age_senior', 'burden_high', 'cluster_4_bermasalah'] -> ['emp_new']",0.08927152317880795,0.6633858267716535,1.8120705470788652,['fpgrowth_cluster4'],"{'cluster_4_bermasalah', 'age_senior', 'burden_high'} -> {'emp_new'}",fpgrowth_cluster4,1,False
"['age_senior', 'burden_high', 'cluster_4_bermasalah'] -> ['income_low']",0.08317880794701987,0.6181102362204725,1.7019446693889742,['fpgrowth_cluster4'],"{'cluster_4_bermasalah', 'age_senior', 'burden_high'} -> {'income_low'}",fpgrowth_cluster4,1,False
"['age_senior', 'burden_high', 'credit_large'] -> ['cluster_2_ambisius']",0.03969909194256923,0.7738987688098495,2.2067193260899556,"['apriori', 'eclat', 'fpgrowth']","{'credit_large', 'age_senior', 'burden_high'} -> {'cluster_2_ambisius'}",apriori+eclat+fpgrowth,3,True
"['age_senior', 'burden_high', 'credit_small', 'emp_new'] -> ['cluster_0_minimal', 'income_low']",0.07195972728714127,0.9955033998683922,2.221308642327201,['fpgrowth_cluster0'],"{'emp_new', 'age_senior', 'burden_high', 'credit_small'} -> {'income_low', 'cluster_0_minimal'}",fpgrowth_cluster0,1,False
"['age_senior', 'burden_high', 'credit_small', 'emp_new'] -> ['income_low']",0.04199170021801835,0.9951448323374943,2.8867755686247834,"['apriori', 'eclat', 'fpgrowth', 'fpgrowth_cluster0']","{'emp_new', 'age_senior', 'burden_high', 'credit_small'} -> {'income_low'}",apriori+eclat+fpgrowth+fpgrowth_cluster0,4,True
"['age_senior', 'burden_high', 'credit_small', 'income_low'] -> ['cluster_0_minimal', 'emp_new']",0.07195972728714127,0.7689766180955608,2.117459682738633,['fpgrowth_cluster0'],"{'age_senior', 'income_low', 'burden_high', 'credit_small'} -> {'emp_new', 'cluster_0_minimal'}",fpgrowth_cluster0,1,False
"['age_senior', 'burden_high', 'credit_small', 'income_low'] -> ['cluster_0_minimal']",0.03313357005515712,0.7932262616759628,2.2402950836639453,"['apriori', 'eclat', 'fpgrowth']","{'age_senior', 'income_low', 'burden_high', 'credit_small'} -> {'cluster_0_minimal'}",apriori+eclat+fpgrowth,3,True
"['age_senior', 'burden_high', 'credit_small', 'income_low'] -> ['emp_new']",0.04199170021801835,0.7668527157764942,2.2528954917708273,"['apriori', 'eclat', 'fpgrowth', 'fpgrowth_cluster0']","{'age_senior', 'income_low', 'burden_high', 'credit_small'} -> {'emp_new'}",apriori+eclat+fpgrowth+fpgrowth_cluster0,4,True
"['age_senior', 'burden_high', 'credit_small'] -> ['cluster_0_minimal', 'emp_new', 'income_low']",0.07195972728714127,0.764378947368421,3.922331804615273,['fpgrowth_cluster0'],"{'age_senior', 'burden_high', 'credit_small'} -> {'emp_new', 'income_low', 'cluster_0_minimal'}",fpgrowth_cluster0,1,False
"['age_senior', 'burden_high', 'credit_small'] -> ['cluster_0_minimal', 'emp_new']",0.07228476296178848,0.7678315789473683,2.11430669450154,['fpgrowth_cluster0'],"{'age_senior', 'burden_high', 'credit_small'} -> {'emp_new', 'cluster_0_minimal'}",fpgrowth_cluster0,1,False
"['age_senior', 'burden_high', 'credit_small'] -> ['cluster_0_minimal', 'income_low']",0.04824481841658585,0.8392566311013087,4.277380242369988,"['apriori', 'eclat', 'fpgrowth', 'fpgrowth_cluster0']","{'age_senior', 'burden_high', 'credit_small'} -> {'income_low', 'cluster_0_minimal'}",apriori+eclat+fpgrowth+fpgrowth_cluster0,4,True
"['age_senior', 'burden_high', 'credit_small'] -> ['cluster_0_minimal']",0.033332865503642055,0.7924062458294409,2.2379791272234617,"['apriori', 'eclat', 'fpgrowth']","{'age_senior', 'burden_high', 'credit_small'} -> {'cluster_0_minimal'}",apriori+eclat+fpgrowth,3,True
"['age_senior', 'burden_high', 'credit_small'] -> ['cluster_4_bermasalah', 'income_low']",0.050066225165562916,0.9792746113989638,2.696398000022676,['fpgrowth_cluster4'],"{'age_senior', 'burden_high', 'credit_small'} -> {'cluster_4_bermasalah', 'income_low'}",fpgrowth_cluster4,1,False
"['age_senior', 'burden_high', 'credit_small'] -> ['emp_new', 'income_low']",0.04199170021801835,0.7616772805495656,5.1606582993719865,"['apriori', 'eclat', 'fpgrowth', 'fpgrowth_cluster0']","{'age_senior', 'burden_high', 'credit_small'} -> {'emp_new', 'income_low'}",apriori+eclat+fpgrowth+fpgrowth_cluster0,4,True
"['age_senior', 'burden_high', 'credit_small'] -> ['emp_new']",0.04219295745249327,0.7653931009292885,2.2485877821534053,"['apriori', 'eclat', 'fpgrowth', 'fpgrowth_cluster0']","{'age_senior', 'burden_high', 'credit_small'} -> {'emp_new'}",apriori+eclat+fpgrowth+fpgrowth_cluster0,4,True
"['age_senior', 'burden_high', 'credit_small'] -> ['income_low']",0.05379134282261907,0.9904552091440241,2.8442298618159674,"['apriori', 'eclat', 'fpgrowth', 'fpgrowth_cluster0', 'fpgrowth_cluster4']","{'age_senior', 'burden_high', 'credit_small'} -> {'income_low'}",apriori+eclat+fpgrowth+fpgrowth_cluster0+fpgrowth_cluster4,5,True
"['age_senior', 'burden_high', 'emp_new', 'income_low'] -> ['credit_small']",0.03200235786164405,0.6607743132027356,1.9781695359706266,"['apriori', 'eclat', 'fpgrowth']","{'emp_new', 'age_senior', 'income_low', 'burden_high'} -> {'credit_small'}",apriori+eclat+fpgrowth,3,True
"['age_senior', 'burden_high', 'emp_new'] -> ['cluster_0_minimal', 'credit_small', 'income_low']",0.07195972728714127,0.9113453815261043,2.420761169678715,['fpgrowth_cluster0'],"{'emp_new', 'age_senior', 'burden_high'} -> {'income_low', 'credit_small', 'cluster_0_minimal'}",fpgrowth_cluster0,1,False
"['age_senior', 'burden_high', 'emp_new'] -> ['cluster_0_minimal', 'income_low']",0.07785000792769939,0.9859437751004017,2.1999778491653195,['fpgrowth_cluster0'],"{'emp_new', 'age_senior', 'burden_high'} -> {'income_low', 'cluster_0_minimal'}",fpgrowth_cluster0,1,False
"['age_senior', 'burden_high', 'emp_new'] -> ['cluster_4_bermasalah', 'income_low']",0.06304635761589404,0.7062314540059348,1.944583325216925,['fpgrowth_cluster4'],"{'emp_new', 'age_senior', 'burden_high'} -> {'cluster_4_bermasalah', 'income_low'}",fpgrowth_cluster4,1,False
"['age_senior', 'burden_high', 'emp_new'] -> ['credit_small', 'income_low']",0.04199170021801835,0.5564964522347375,2.5552070529118316,"['apriori', 'eclat', 'fpgrowth', 'fpgrowth_cluster0']","{'emp_new', 'age_senior', 'burden_high'} -> {'income_low', 'credit_small'}",apriori+eclat+fpgrowth+fpgrowth_cluster0,4,True
"['age_senior', 'burden_high', 'emp_new'] -> ['credit_small']",0.03216235561606153,0.44040435100126846,1.3184448203456853,"['apriori', 'eclat', 'fpgrowth']","{'emp_new', 'age_senior', 'burden_high'} -> {'credit_small'}",apriori+eclat+fpgrowth,3,True
"['age_senior', 'burden_high', 'emp_new'] -> ['income_low']",0.05723823368471061,0.7363441052823888,2.0720356463303427,"['apriori', 'eclat', 'fpgrowth', 'fpgrowth_cluster0', 'fpgrowth_cluster4']","{'emp_new', 'age_senior', 'burden_high'} -> {'income_low'}",apriori+eclat+fpgrowth+fpgrowth_cluster0+fpgrowth_cluster4,5,True
"['age_senior', 'burden_high', 'emp_new'] -> ['risk_score_high']",0.031160264417341512,0.4266825537148788,1.2800440680889091,"['apriori', 'eclat', 'fpgrowth']","{'emp_new', 'age_senior', 'burden_high'} -> {'risk_score_high'}",apriori+eclat+fpgrowth,3,True
"['age_senior', 'burden_high', 'income_low'] -> ['cluster_0_minimal', 'credit_small', 'emp_new']",0.07195972728714127,0.7063263559256089,2.6568857439153186,['fpgrowth_cluster0'],"{'age_senior', 'income_low', 'burden_high'} -> {'emp_new', 'credit_small', 'cluster_0_minimal'}",fpgrowth_cluster0,1,False
"['age_senior', 'burden_high', 'income_low'] -> ['cluster_0_minimal', 'credit_small']",0.03313357005515712,0.496968676321994,2.022222199439092,"['apriori', 'eclat', 'fpgrowth']","{'age_senior', 'income_low', 'burden_high'} -> {'credit_small', 'cluster_0_minimal'}",apriori+eclat+fpgrowth,3,True
"['age_senior', 'burden_high', 'income_low'] -> ['cluster_0_minimal', 'emp_new']",0.07785000792769939,0.7641428682592795,2.1041494335660134,['fpgrowth_cluster0'],"{'age_senior', 'income_low', 'burden_high'} -> {'emp_new', 'cluster_0_minimal'}",fpgrowth_cluster0,1,False
"['age_senior', 'burden_high', 'income_low'] -> ['cluster_0_minimal']",0.03607247617577297,0.5410491748063321,1.5280757394215143,"['apriori', 'eclat', 'fpgrowth']","{'age_senior', 'income_low', 'burden_high'} -> {'cluster_0_minimal'}",apriori+eclat+fpgrowth,3,True
"['age_senior', 'burden_high', 'income_low'] -> ['cluster_4_bermasalah', 'credit_small']",0.050066225165562916,0.6019108280254777,1.8809713375796178,['fpgrowth_cluster4'],"{'age_senior', 'income_low', 'burden_high'} -> {'cluster_4_bermasalah', 'credit_small'}",fpgrowth_cluster4,1,False
"['age_senior', 'burden_high', 'income_low'] -> ['cluster_4_bermasalah', 'emp_new']",0.06304635761589404,0.7579617834394904,2.0704093578032388,['fpgrowth_cluster4'],"{'age_senior', 'income_low', 'burden_high'} -> {'emp_new', 'cluster_4_bermasalah'}",fpgrowth_cluster4,1,False
"['age_senior', 'burden_high', 'income_low'] -> ['credit_small', 'emp_new']",0.04199170021801835,0.5365828520329348,3.49439731135229,"['apriori', 'eclat', 'fpgrowth', 'fpgrowth_cluster0']","{'age_senior', 'income_low', 'burden_high'} -> {'emp_new', 'credit_small'}",apriori+eclat+fpgrowth+fpgrowth_cluster0,4,True
"['age_senior', 'burden_high', 'income_low'] -> ['credit_small']",0.043844537653055835,0.6203644533856217,1.8769495245180172,"['apriori', 'eclat', 'fpgrowth', 'fpgrowth_cluster4']","{'age_senior', 'income_low', 'burden_high'} -> {'credit_small'}",apriori+eclat+fpgrowth+fpgrowth_cluster4,4,True
"['age_senior', 'burden_high', 'income_low'] -> ['emp_new']",0.05723823368471061,0.7402747531757257,2.1422493770259896,"['apriori', 'eclat', 'fpgrowth', 'fpgrowth_cluster0', 'fpgrowth_cluster4']","{'age_senior', 'income_low', 'burden_high'} -> {'emp_new'}",apriori+eclat+fpgrowth+fpgrowth_cluster0+fpgrowth_cluster4,5,True
"['age_senior', 'burden_high', 'risk_score_high'] -> ['emp_new']",0.031160264417341512,0.5750621632822214,1.7248911442099804,"['apriori', 'eclat', 'fpgrowth']","{'risk_score_high', 'age_senior', 'burden_high'} -> {'emp_new'}",apriori+eclat+fpgrowth,3,True
"['age_senior', 'burden_high'] -> ['cluster_0_minimal', 'credit_small', 'emp_new', 'income_low']",0.07195972728714127,0.6904761904761905,4.1190194687475365,['fpgrowth_cluster0'],"{'age_senior', 'burden_high'} -> {'emp_new', 'income_low', 'credit_small', 'cluster_0_minimal'}",fpgrowth_cluster0,1,False
"['age_senior', 'burden_high'] -> ['cluster_0_minimal', 'credit_small', 'emp_new']",0.07228476296178848,0.6935950098889396,2.6089960800200047,['fpgrowth_cluster0'],"{'age_senior', 'burden_high'} -> {'emp_new', 'credit_small', 'cluster_0_minimal'}",fpgrowth_cluster0,1,False
"['age_senior', 'burden_high'] -> ['cluster_0_minimal', 'credit_small', 'income_low']",0.09357856350087204,0.8979157158070896,2.385088620112582,['fpgrowth_cluster0'],"{'age_senior', 'burden_high'} -> {'income_low', 'credit_small', 'cluster_0_minimal'}",fpgrowth_cluster0,1,False
"['age_senior', 'burden_high'] -> ['cluster_0_minimal', 'emp_new', 'income_low']",0.07785000792769939,0.7469952837364979,3.8331293259507713,['fpgrowth_cluster0'],"{'age_senior', 'burden_high'} -> {'emp_new', 'income_low', 'cluster_0_minimal'}",fpgrowth_cluster0,1,False
"['age_senior', 'burden_high'] -> ['cluster_0_minimal', 'emp_new']",0.07895988584112891,0.7576449109995437,2.086256610567409,['fpgrowth_cluster0'],"{'age_senior', 'burden_high'} -> {'emp_new', 'cluster_0_minimal'}",fpgrowth_cluster0,1,False
"['age_senior', 'burden_high'] -> ['cluster_0_minimal', 'income_low']",0.10187886475344855,0.9775597139814394,2.1812701406594392,['fpgrowth_cluster0'],"{'age_senior', 'burden_high'} -> {'income_low', 'cluster_0_minimal'}",fpgrowth_cluster0,1,False
"['age_senior', 'burden_high'] -> ['cluster_1_veteran', 'emp_new']",0.06615355257299153,0.6631243358129649,1.829371376342236,['fpgrowth_cluster1'],"{'age_senior', 'burden_high'} -> {'emp_new', 'cluster_1_veteran'}",fpgrowth_cluster1,1,False
"['age_senior', 'burden_high'] -> ['cluster_1_veteran', 'income_low']",0.054152619638275765,0.542826780021254,2.5603899816124014,['fpgrowth_cluster1'],"{'age_senior', 'burden_high'} -> {'cluster_1_veteran', 'income_low'}",fpgrowth_cluster1,1,False
"['age_senior', 'burden_high'] -> ['cluster_2_ambisius', 'emp_new']",0.08042324654431363,0.5182319872092424,1.6472227911042696,['fpgrowth_cluster2'],"{'age_senior', 'burden_high'} -> {'emp_new', 'cluster_2_ambisius'}",fpgrowth_cluster2,1,False
"['age_senior', 'burden_high'] -> ['cluster_2_ambisius']",0.054424499305272905,0.45563284297598344,1.2992058402453117,"['apriori', 'eclat', 'fpgrowth']","{'age_senior', 'burden_high'} -> {'cluster_2_ambisius'}",apriori+eclat+fpgrowth,3,True
"['age_senior', 'burden_high'] -> ['cluster_4_bermasalah', 'emp_new']",0.08927152317880795,0.6633858267716535,1.8120705470788652,['fpgrowth_cluster4'],"{'age_senior', 'burden_high'} -> {'emp_new', 'cluster_4_bermasalah'}",fpgrowth_cluster4,1,False
"['age_senior', 'burden_high'] -> ['cluster_4_bermasalah', 'income_low']",0.08317880794701987,0.6181102362204725,1.7019446693889742,['fpgrowth_cluster4'],"{'age_senior', 'burden_high'} -> {'cluster_4_bermasalah', 'income_low'}",fpgrowth_cluster4,1,False
"['age_senior', 'burden_high'] -> ['credit_large']",0.051297525648762825,0.42945434036753305,1.3335476607945356,"['apriori', 'eclat', 'fpgrowth']","{'age_senior', 'burden_high'} -> {'credit_large'}",apriori+eclat+fpgrowth,3,True
"['age_senior', 'burden_high'] -> ['credit_small', 'emp_new', 'income_low']",0.07195972728714127,0.6904761904761905,4.1190194687475365,['fpgrowth_cluster0'],"{'age_senior', 'burden_high'} -> {'emp_new', 'income_low', 'credit_small'}",fpgrowth_cluster0,1,False
"['age_senior', 'burden_high'] -> ['credit_small', 'emp_new']",0.07228476296178848,0.6935950098889396,2.6089960800200047,['fpgrowth_cluster0'],"{'age_senior', 'burden_high'} -> {'emp_new', 'credit_small'}",fpgrowth_cluster0,1,False
"['age_senior', 'burden_high'] -> ['credit_small', 'income_low']",0.09357856350087204,0.8979157158070896,2.385088620112582,['fpgrowth_cluster0'],"{'age_senior', 'burden_high'} -> {'income_low', 'credit_small'}",fpgrowth_cluster0,1,False
"['age_senior', 'burden_high'] -> ['emp_new', 'income_low']",0.05578620270191474,0.4908447931106531,3.186082832582702,"['apriori', 'eclat', 'fpgrowth', 'fpgrowth_cluster0']","{'age_senior', 'burden_high'} -> {'emp_new', 'income_low'}",apriori+eclat+fpgrowth+fpgrowth_cluster0,4,True
"['age_senior', 'burden_high'] -> ['emp_new']",0.07627080850591897,0.6337929588120054,1.839495753053825,"['apriori', 'eclat', 'fpgrowth', 'fpgrowth_cluster0', 'fpgrowth_cluster1', 'fpgrowth_cluster2', 'fpgrowth_cluster4']","{'age_senior', 'burden_high'} -> {'emp_new'}",apriori+eclat+fpgrowth+fpgrowth_cluster0+fpgrowth_cluster1+fpgrowth_cluster2+fpgrowth_cluster4,7,True
"['age_senior', 'burden_high'] -> ['income_low']",0.07320405453824709,0.6354968191706091,1.9458211635572684,"['apriori', 'eclat', 'fpgrowth', 'fpgrowth_cluster0', 'fpgrowth_cluster1', 'fpgrowth_cluster4']","{'age_senior', 'burden_high'} -> {'income_low'}",apriori+eclat+fpgrowth+fpgrowth_cluster0+fpgrowth_cluster1+fpgrowth_cluster4,6,True
"['age_senior', 'burden_high'] -> ['risk_score_high']",0.05418590616272053,0.4536353809277624,1.3609023227602062,"['apriori', 'eclat', 'fpgrowth']","{'age_senior', 'burden_high'} -> {'risk_score_high'}",apriori+eclat+fpgrowth,3,True
"['age_senior', 'burden_low', 'cluster_0_minimal', 'credit_small'] -> ['emp_new']",0.06071032186459489,0.6130323406980467,1.6880503712294879,['fpgrowth_cluster0'],"{'burden_low', 'age_senior', 'credit_small', 'cluster_0_minimal'} -> {'emp_new'}",fpgrowth_cluster0,1,False
"['age_senior', 'burden_low', 'cluster_0_minimal'] -> ['credit_small']",0.035064771020757605,0.754165660468486,2.257756551375202,"['apriori', 'eclat', 'fpgrowth']","{'burden_low', 'age_senior', 'cluster_0_minimal'} -> {'credit_small'}",apriori+eclat+fpgrowth,3,True
"['age_senior', 'burden_low', 'cluster_0_minimal'] -> ['emp_new']",0.07941969240526399,0.6048056025114706,1.665397164330086,['fpgrowth_cluster0'],"{'burden_low', 'age_senior', 'cluster_0_minimal'} -> {'emp_new'}",fpgrowth_cluster0,1,False
"['age_senior', 'burden_low', 'cluster_1_veteran', 'credit_small'] -> ['emp_new']",0.06712889341220872,0.6746217771148518,1.861089545745657,['fpgrowth_cluster1'],"{'cluster_1_veteran', 'burden_low', 'age_senior', 'credit_small'} -> {'emp_new'}",fpgrowth_cluster1,1,False
"['age_senior', 'burden_low', 'cluster_1_veteran', 'emp_new'] -> ['credit_small']",0.06712889341220872,0.5892425088404988,1.7639126908565181,['fpgrowth_cluster1'],"{'cluster_1_veteran', 'burden_low', 'age_senior', 'emp_new'} -> {'credit_small'}",fpgrowth_cluster1,1,False
"['age_senior', 'burden_low', 'cluster_1_veteran'] -> ['credit_small']",0.09950596866187478,0.57420775724948,1.718905773097888,['fpgrowth_cluster1'],"{'cluster_1_veteran', 'burden_low', 'age_senior'} -> {'credit_small'}",fpgrowth_cluster1,1,False
"['age_senior', 'burden_low', 'cluster_1_veteran'] -> ['emp_new']",0.11392405063291139,0.6574085403156735,1.813603122771883,['fpgrowth_cluster1'],"{'cluster_1_veteran', 'burden_low', 'age_senior'} -> {'emp_new'}",fpgrowth_cluster1,1,False
"['age_senior', 'burden_low', 'cluster_3_cc_intensif'] -> ['emp_new']",0.056639256609756994,0.5348189415041782,1.911154944610859,['fpgrowth_cluster3'],"{'cluster_3_cc_intensif', 'burden_low', 'age_senior'} -> {'emp_new'}",fpgrowth_cluster3,1,False
"['age_senior', 'burden_low', 'cluster_4_bermasalah'] -> ['emp_new']",0.06993377483443709,0.6111111111111112,1.6692796269496704,['fpgrowth_cluster4'],"{'cluster_4_bermasalah', 'burden_low', 'age_senior'} -> {'emp_new'}",fpgrowth_cluster4,1,False
"['age_senior', 'burden_low', 'credit_small'] -> ['cluster_0_minimal', 'emp_new']",0.06071032186459489,0.6130323406980467,1.6880503712294879,['fpgrowth_cluster0'],"{'burden_low', 'age_senior', 'credit_small'} -> {'emp_new', 'cluster_0_minimal'}",fpgrowth_cluster0,1,False
"['age_senior', 'burden_low', 'credit_small'] -> ['cluster_0_minimal']",0.035064771020757605,0.6251626463817436,1.7656359488403999,"['apriori', 'eclat', 'fpgrowth']","{'burden_low', 'age_senior', 'credit_small'} -> {'cluster_0_minimal'}",apriori+eclat+fpgrowth,3,True
"['age_senior', 'burden_low', 'credit_small'] -> ['cluster_1_veteran', 'emp_new']",0.06712889341220872,0.6746217771148518,1.861089545745657,['fpgrowth_cluster1'],"{'burden_low', 'age_senior', 'credit_small'} -> {'cluster_1_veteran', 'emp_new'}",fpgrowth_cluster1,1,False
"['age_senior', 'burden_low', 'credit_small'] -> ['emp_new']",0.046224395244101935,0.6258122768705568,1.814483197993027,"['apriori', 'eclat', 'fpgrowth', 'fpgrowth_cluster0', 'fpgrowth_cluster1']","{'burden_low', 'age_senior', 'credit_small'} -> {'emp_new'}",apriori+eclat+fpgrowth+fpgrowth_cluster0+fpgrowth_cluster1,5,True
"['age_senior', 'burden_low', 'emp_new'] -> ['cluster_1_veteran', 'credit_small']",0.06712889341220872,0.5892425088404988,1.7639126908565181,['fpgrowth_cluster1'],"{'emp_new', 'burden_low', 'age_senior'} -> {'cluster_1_veteran', 'credit_small'}",fpgrowth_cluster1,1,False
"['age_senior', 'burden_low', 'emp_new'] -> ['credit_small']",0.04260291358897869,0.53094354071417,1.589465526605136,"['apriori', 'eclat', 'fpgrowth', 'fpgrowth_cluster1']","{'emp_new', 'burden_low', 'age_senior'} -> {'credit_small'}",apriori+eclat+fpgrowth+fpgrowth_cluster1,4,True
"['age_senior', 'burden_low', 'emp_new'] -> ['income_low']",0.030158173218621492,0.4480774042872633,1.3998563193493023,"['apriori', 'eclat', 'fpgrowth']","{'emp_new', 'burden_low', 'age_senior'} -> {'income_low'}",apriori+eclat+fpgrowth,3,True
"['age_senior', 'burden_low', 'income_low'] -> ['emp_new']",0.030158173218621492,0.6730564430244942,2.018823654646644,"['apriori', 'eclat', 'fpgrowth']","{'burden_low', 'age_senior', 'income_low'} -> {'emp_new'}",apriori+eclat+fpgrowth,3,True
"['age_senior', 'burden_low'] -> ['cluster_0_minimal', 'emp_new']",0.07941969240526399,0.6048056025114706,1.665397164330086,['fpgrowth_cluster0'],"{'burden_low', 'age_senior'} -> {'emp_new', 'cluster_0_minimal'}",fpgrowth_cluster0,1,False
"['age_senior', 'burden_low'] -> ['cluster_1_veteran', 'credit_small']",0.09950596866187478,0.57420775724948,1.718905773097888,['fpgrowth_cluster1'],"{'burden_low', 'age_senior'} -> {'cluster_1_veteran', 'credit_small'}",fpgrowth_cluster1,1,False
"['age_senior', 'burden_low'] -> ['cluster_1_veteran', 'emp_new']",0.11392405063291139,0.6574085403156735,1.813603122771883,['fpgrowth_cluster1'],"{'burden_low', 'age_senior'} -> {'emp_new', 'cluster_1_veteran'}",fpgrowth_cluster1,1,False
"['age_senior', 'burden_low'] -> ['cluster_3_cc_intensif', 'emp_new']",0.056639256609756994,0.5348189415041782,1.911154944610859,['fpgrowth_cluster3'],"{'burden_low', 'age_senior'} -> {'emp_new', 'cluster_3_cc_intensif'}",fpgrowth_cluster3,1,False
"['age_senior', 'burden_low'] -> ['cluster_4_bermasalah', 'emp_new']",0.06993377483443709,0.6111111111111112,1.6692796269496704,['fpgrowth_cluster4'],"{'burden_low', 'age_senior'} -> {'emp_new', 'cluster_4_bermasalah'}",fpgrowth_cluster4,1,False
"['age_senior', 'burden_low'] -> ['credit_small']",0.0669432701756019,0.5266816049223506,1.5767072167291796,"['apriori', 'eclat', 'fpgrowth', 'fpgrowth_cluster1']","{'burden_low', 'age_senior'} -> {'credit_small'}",apriori+eclat+fpgrowth+fpgrowth_cluster1,4,True
"['age_senior', 'burden_low'] -> ['emp_new']",0.07454770579389022,0.6067337017695581,1.7964950747808712,"['apriori', 'eclat', 'fpgrowth', 'fpgrowth_cluster0', 'fpgrowth_cluster1', 'fpgrowth_cluster3', 'fpgrowth_cluster4']","{'burden_low', 'age_senior'} -> {'emp_new'}",apriori+eclat+fpgrowth+fpgrowth_cluster0+fpgrowth_cluster1+fpgrowth_cluster3+fpgrowth_cluster4,7,True
"['age_senior', 'burden_low'] -> ['income_low']",0.044807792171337936,0.4080938746293077,1.2749421948564363,"['apriori', 'eclat', 'fpgrowth']","{'burden_low', 'age_senior'} -> {'income_low'}",apriori+eclat+fpgrowth,3,True
"['age_senior', 'burden_low'] -> ['risk_score_high']",0.04550953670825673,0.41448512117803454,1.243451873191868,"['apriori', 'eclat', 'fpgrowth']","{'burden_low', 'age_senior'} -> {'risk_score_high'}",apriori+eclat+fpgrowth,3,True
"['age_senior', 'burden_med', 'cluster_2_ambisius'] -> ['credit_large']",0.03125850865251014,0.6386419682284797,1.9831200264210747,"['apriori', 'eclat', 'fpgrowth']","{'burden_med', 'age_senior', 'cluster_2_ambisius'} -> {'credit_large'}",apriori+eclat+fpgrowth,3,True
"['age_senior', 'burden_med', 'cluster_2_ambisius'] -> ['emp_new']",0.07013822745499804,0.5025520445030682,1.597383414866788,['fpgrowth_cluster2'],"{'burden_med', 'age_senior', 'cluster_2_ambisius'} -> {'emp_new'}",fpgrowth_cluster2,1,False
"['age_senior', 'burden_med', 'credit_large'] -> ['cluster_2_ambisius']",0.03125850865251014,0.6456026436315149,1.8408917136118053,"['apriori', 'eclat', 'fpgrowth']","{'credit_large', 'burden_med', 'age_senior'} -> {'cluster_2_ambisius'}",apriori+eclat+fpgrowth,3,True
"['age_senior', 'burden_med'] -> ['cluster_2_ambisius', 'emp_new']",0.07013822745499804,0.5025520445030682,1.597383414866788,['fpgrowth_cluster2'],"{'burden_med', 'age_senior'} -> {'emp_new', 'cluster_2_ambisius'}",fpgrowth_cluster2,1,False
"['age_senior', 'burden_med'] -> ['cluster_2_ambisius']",0.04894527796101108,0.4703422976290022,1.3411488425697355,"['apriori', 'eclat', 'fpgrowth']","{'burden_med', 'age_senior'} -> {'cluster_2_ambisius'}",apriori+eclat+fpgrowth,3,True
"['age_senior', 'burden_med'] -> ['credit_large']",0.04841756606924815,0.4652712216437839,1.4447667445323393,"['apriori', 'eclat', 'fpgrowth']","{'burden_med', 'age_senior'} -> {'credit_large'}",apriori+eclat+fpgrowth,3,True
"['age_senior', 'burden_med'] -> ['emp_new']",0.057395050049810055,0.5086795777645607,1.548273827674393,"['apriori', 'eclat', 'fpgrowth', 'fpgrowth_cluster2']","{'burden_med', 'age_senior'} -> {'emp_new'}",apriori+eclat+fpgrowth+fpgrowth_cluster2,4,True
"['age_senior', 'burden_med'] -> ['income_very_high']",0.0402548736158089,0.38683138672349154,1.6291596604465948,"['apriori', 'eclat', 'fpgrowth']","{'burden_med', 'age_senior'} -> {'income_very_high'}",apriori+eclat+fpgrowth,3,True
"['age_senior', 'burden_med'] -> ['risk_score_high']",0.047171267771680396,0.45329485069997033,1.3598807349444044,"['apriori', 'eclat', 'fpgrowth']","{'burden_med', 'age_senior'} -> {'risk_score_high'}",apriori+eclat+fpgrowth,3,True
"['age_senior', 'cluster_0_minimal', 'credit_small', 'emp_new', 'income_low'] -> ['burden_high']",0.07195972728714127,0.6716738197424892,2.3680073680739424,['fpgrowth_cluster0'],"{'income_low', 'emp_new', 'age_senior', 'credit_small', 'cluster_0_minimal'} -> {'burden_high'}",fpgrowth_cluster0,1,False
"['age_senior', 'cluster_0_minimal', 'credit_small', 'emp_new'] -> ['income_low']",0.055233859376630064,0.7179895866539157,2.0828448202686256,"['apriori', 'eclat', 'fpgrowth', 'fpgrowth_cluster0']","{'emp_new', 'age_senior', 'credit_small', 'cluster_0_minimal'} -> {'income_low'}",apriori+eclat+fpgrowth+fpgrowth_cluster0,4,True
"['age_senior', 'cluster_0_minimal', 'credit_small', 'income_low'] -> ['burden_high', 'emp_new']",0.07195972728714127,0.5026302674566698,3.951005293013294,['fpgrowth_cluster0'],"{'age_senior', 'income_low', 'credit_small', 'cluster_0_minimal'} -> {'emp_new', 'burden_high'}",fpgrowth_cluster0,1,False
"['age_senior', 'cluster_0_minimal', 'credit_small', 'income_low'] -> ['burden_high']",0.04824481841658585,0.6536353064953764,2.046778315746657,"['apriori', 'eclat', 'fpgrowth', 'fpgrowth_cluster0']","{'age_senior', 'income_low', 'credit_small', 'cluster_0_minimal'} -> {'burden_high'}",apriori+eclat+fpgrowth+fpgrowth_cluster0,4,True
"['age_senior', 'cluster_0_minimal', 'credit_small', 'income_low'] -> ['emp_new']",0.055233859376630064,0.7483249349354893,2.1985911189270655,"['apriori', 'eclat', 'fpgrowth', 'fpgrowth_cluster0']","{'age_senior', 'income_low', 'credit_small', 'cluster_0_minimal'} -> {'emp_new'}",apriori+eclat+fpgrowth+fpgrowth_cluster0,4,True
"['age_senior', 'cluster_0_minimal', 'credit_small', 'risk_score_high'] -> ['emp_new']",0.06193118756936737,0.66507747318236,1.831362231596911,['fpgrowth_cluster0'],"{'risk_score_high', 'age_senior', 'credit_small', 'cluster_0_minimal'} -> {'emp_new'}",fpgrowth_cluster0,1,False
"['age_senior', 'cluster_0_minimal', 'credit_small', 'risk_score_med'] -> ['emp_new']",0.053741874108133816,0.6944273714402786,1.9121803277407656,['fpgrowth_cluster0'],"{'age_senior', 'risk_score_med', 'credit_small', 'cluster_0_minimal'} -> {'emp_new'}",fpgrowth_cluster0,1,False
"['age_senior', 'cluster_0_minimal', 'credit_small'] -> ['burden_high', 'income_low']",0.03313357005515712,0.42901795449589303,2.656558694643672,"['apriori', 'eclat', 'fpgrowth']","{'age_senior', 'credit_small', 'cluster_0_minimal'} -> {'income_low', 'burden_high'}",apriori+eclat+fpgrowth,3,True
"['age_senior', 'cluster_0_minimal', 'credit_small'] -> ['burden_high']",0.033332865503642055,0.4315984589663444,1.2947917424469064,"['apriori', 'eclat', 'fpgrowth']","{'age_senior', 'credit_small', 'cluster_0_minimal'} -> {'burden_high'}",apriori+eclat+fpgrowth,3,True
"['age_senior', 'cluster_0_minimal', 'credit_small'] -> ['burden_low']",0.035064771020757605,0.454023406265901,1.3620319868574675,"['apriori', 'eclat', 'fpgrowth']","{'age_senior', 'credit_small', 'cluster_0_minimal'} -> {'burden_low'}",apriori+eclat+fpgrowth,3,True
"['age_senior', 'cluster_0_minimal', 'credit_small'] -> ['emp_new', 'income_low']",0.03793350268768158,0.49116813258704656,3.5982870936025484,"['apriori', 'eclat', 'fpgrowth']","{'age_senior', 'credit_small', 'cluster_0_minimal'} -> {'emp_new', 'income_low'}",apriori+eclat+fpgrowth,3,True
"['age_senior', 'cluster_0_minimal', 'credit_small'] -> ['emp_new']",0.07692849646196026,0.6840881006033293,2.0098622300749907,"['apriori', 'eclat', 'fpgrowth', 'fpgrowth_cluster0']","{'age_senior', 'credit_small', 'cluster_0_minimal'} -> {'emp_new'}",apriori+eclat+fpgrowth+fpgrowth_cluster0,4,True
"['age_senior', 'cluster_0_minimal', 'credit_small'] -> ['income_low']",0.050691218368865,0.6563567638293232,2.050550094253554,"['apriori', 'eclat', 'fpgrowth']","{'age_senior', 'credit_small', 'cluster_0_minimal'} -> {'income_low'}",apriori+eclat+fpgrowth,3,True
"['age_senior', 'cluster_0_minimal', 'credit_small'] -> ['risk_score_high']",0.032970765322591966,0.4269099367594679,1.2807262153079042,"['apriori', 'eclat', 'fpgrowth']","{'age_senior', 'credit_small', 'cluster_0_minimal'} -> {'risk_score_high'}",apriori+eclat+fpgrowth,3,True
"['age_senior', 'cluster_0_minimal', 'emp_new', 'income_low'] -> ['burden_high', 'credit_small']",0.07195972728714127,0.6041666666666666,2.6218592676689485,['fpgrowth_cluster0'],"{'emp_new', 'age_senior', 'income_low', 'cluster_0_minimal'} -> {'burden_high', 'credit_small'}",fpgrowth_cluster0,1,False
"['age_senior', 'cluster_0_minimal', 'emp_new', 'income_low'] -> ['burden_high']",0.07785000792769939,0.6536208732694356,2.3043611323459743,['fpgrowth_cluster0'],"{'emp_new', 'age_senior', 'income_low', 'cluster_0_minimal'} -> {'burden_high'}",fpgrowth_cluster0,1,False
"['age_senior', 'cluster_0_minimal', 'emp_new', 'income_low'] -> ['credit_small']",0.03793350268768158,0.8994941427050054,2.6928285124441955,"['apriori', 'eclat', 'fpgrowth']","{'emp_new', 'age_senior', 'income_low', 'cluster_0_minimal'} -> {'credit_small'}",apriori+eclat+fpgrowth,3,True
"['age_senior', 'cluster_0_minimal', 'emp_new'] -> ['credit_small', 'income_low']",0.055233859376630064,0.5817978302049251,2.9753063786942993,"['apriori', 'eclat', 'fpgrowth', 'fpgrowth_cluster0']","{'emp_new', 'age_senior', 'cluster_0_minimal'} -> {'income_low', 'credit_small'}",apriori+eclat+fpgrowth+fpgrowth_cluster0,4,True
"['age_senior', 'cluster_0_minimal', 'emp_new'] -> ['credit_small']",0.05283294269554112,0.810315136903737,2.425852044080645,"['apriori', 'eclat', 'fpgrowth']","{'emp_new', 'age_senior', 'cluster_0_minimal'} -> {'credit_small'}",apriori+eclat+fpgrowth,3,True
"['age_senior', 'cluster_0_minimal', 'emp_new'] -> ['income_low']",0.04217203969067101,0.6468055794730498,2.0207108619011285,"['apriori', 'eclat', 'fpgrowth']","{'emp_new', 'age_senior', 'cluster_0_minimal'} -> {'income_low'}",apriori+eclat+fpgrowth,3,True
"['age_senior', 'cluster_0_minimal', 'income_low'] -> ['burden_high', 'credit_small']",0.04824481841658585,0.5810484863401427,4.990756473812196,"['apriori', 'eclat', 'fpgrowth', 'fpgrowth_cluster0']","{'age_senior', 'income_low', 'cluster_0_minimal'} -> {'burden_high', 'credit_small'}",apriori+eclat+fpgrowth+fpgrowth_cluster0,4,True
"['age_senior', 'cluster_0_minimal', 'income_low'] -> ['burden_high']",0.052524073320191864,0.6325867585527934,1.980867384867134,"['apriori', 'eclat', 'fpgrowth', 'fpgrowth_cluster0']","{'age_senior', 'income_low', 'cluster_0_minimal'} -> {'burden_high'}",apriori+eclat+fpgrowth+fpgrowth_cluster0,4,True
"['age_senior', 'cluster_0_minimal', 'income_low'] -> ['credit_small', 'emp_new']",0.055233859376630064,0.6652227418163918,4.547840451582919,"['apriori', 'eclat', 'fpgrowth', 'fpgrowth_cluster0']","{'age_senior', 'income_low', 'cluster_0_minimal'} -> {'emp_new', 'credit_small'}",apriori+eclat+fpgrowth+fpgrowth_cluster0,4,True
"['age_senior', 'cluster_0_minimal', 'income_low'] -> ['credit_small']",0.050691218368865,0.888949052424317,2.661259524469753,"['apriori', 'eclat', 'fpgrowth']","{'age_senior', 'income_low', 'cluster_0_minimal'} -> {'credit_small'}",apriori+eclat+fpgrowth,3,True
"['age_senior', 'cluster_0_minimal', 'income_low'] -> ['emp_new']",0.061405468645441025,0.7395520551316761,2.1728162519894285,"['apriori', 'eclat', 'fpgrowth', 'fpgrowth_cluster0']","{'age_senior', 'income_low', 'cluster_0_minimal'} -> {'emp_new'}",apriori+eclat+fpgrowth+fpgrowth_cluster0,4,True
"['age_senior', 'cluster_0_minimal', 'risk_score_high'] -> ['credit_small', 'emp_new']",0.06193118756936737,0.552592487797977,2.0786072765204513,['fpgrowth_cluster0'],"{'risk_score_high', 'age_senior', 'cluster_0_minimal'} -> {'emp_new', 'credit_small'}",fpgrowth_cluster0,1,False
"['age_senior', 'cluster_0_minimal', 'risk_score_high'] -> ['credit_small']",0.032970765322591966,0.8308693499328005,2.487385486343055,"['apriori', 'eclat', 'fpgrowth']","{'risk_score_high', 'age_senior', 'cluster_0_minimal'} -> {'credit_small'}",apriori+eclat+fpgrowth,3,True
"['age_senior', 'cluster_0_minimal', 'risk_score_high'] -> ['emp_new']",0.07218963056920881,0.6441253448397821,1.773668296581242,['fpgrowth_cluster0'],"{'risk_score_high', 'age_senior', 'cluster_0_minimal'} -> {'emp_new'}",fpgrowth_cluster0,1,False
"['age_senior', 'cluster_0_minimal', 'risk_score_med'] -> ['credit_small', 'emp_new']",0.053741874108133816,0.5378451285306252,2.0231342670976638,['fpgrowth_cluster0'],"{'age_senior', 'risk_score_med', 'cluster_0_minimal'} -> {'emp_new', 'credit_small'}",fpgrowth_cluster0,1,False
"['age_senior', 'cluster_0_minimal', 'risk_score_med'] -> ['emp_new']",0.0669811320754717,0.6703427483338622,1.845860732057748,['fpgrowth_cluster0'],"{'age_senior', 'risk_score_med', 'cluster_0_minimal'} -> {'emp_new'}",fpgrowth_cluster0,1,False
"['age_senior', 'cluster_0_minimal'] -> ['burden_high', 'income_low']",0.03607247617577297,0.3654382073593812,2.2628611155826457,"['apriori', 'eclat', 'fpgrowth']","{'age_senior', 'cluster_0_minimal'} -> {'income_low', 'burden_high'}",apriori+eclat+fpgrowth,3,True
"['age_senior', 'cluster_0_minimal'] -> ['burden_low', 'credit_small']",0.035064771020757605,0.35522948302337487,1.8654522328197585,"['apriori', 'eclat', 'fpgrowth']","{'age_senior', 'cluster_0_minimal'} -> {'burden_low', 'credit_small'}",apriori+eclat+fpgrowth,3,True
"['age_senior', 'cluster_0_minimal'] -> ['burden_low']",0.04649478603809069,0.47102314735824374,1.4130297786376247,"['apriori', 'eclat', 'fpgrowth']","{'age_senior', 'cluster_0_minimal'} -> {'burden_low'}",apriori+eclat+fpgrowth,3,True
"['age_senior', 'cluster_0_minimal'] -> ['credit_small', 'emp_new', 'income_low']",0.03793350268768158,0.38429164533924814,5.089435691833972,"['apriori', 'eclat', 'fpgrowth']","{'age_senior', 'cluster_0_minimal'} -> {'emp_new', 'income_low', 'credit_small'}",apriori+eclat+fpgrowth,3,True
"['age_senior', 'cluster_0_minimal'] -> ['credit_small', 'emp_new']",0.07692849646196026,0.5352328954103396,3.6591560386503486,"['apriori', 'eclat', 'fpgrowth', 'fpgrowth_cluster0']","{'age_senior', 'cluster_0_minimal'} -> {'emp_new', 'credit_small'}",apriori+eclat+fpgrowth+fpgrowth_cluster0,4,True
"['age_senior', 'cluster_0_minimal'] -> ['credit_small', 'income_low']",0.050691218368865,0.5135358016265711,3.046927203525316,"['apriori', 'eclat', 'fpgrowth']","{'age_senior', 'cluster_0_minimal'} -> {'income_low', 'credit_small'}",apriori+eclat+fpgrowth,3,True
"['age_senior', 'cluster_0_minimal'] -> ['credit_small']",0.07723119675513326,0.7824034578854575,2.342292450391036,"['apriori', 'eclat', 'fpgrowth']","{'age_senior', 'cluster_0_minimal'} -> {'credit_small'}",apriori+eclat+fpgrowth,3,True
"['age_senior', 'cluster_0_minimal'] -> ['emp_new', 'income_low']",0.04217203969067101,0.42723084797816063,3.1298839323543484,"['apriori', 'eclat', 'fpgrowth']","{'age_senior', 'cluster_0_minimal'} -> {'emp_new', 'income_low'}",apriori+eclat+fpgrowth,3,True
"['age_senior', 'cluster_0_minimal'] -> ['emp_new']",0.09493651661982855,0.6605243701302393,1.9406315975939379,"['apriori', 'eclat', 'fpgrowth', 'fpgrowth_cluster0']","{'age_senior', 'cluster_0_minimal'} -> {'emp_new'}",apriori+eclat+fpgrowth+fpgrowth_cluster0,4,True
"['age_senior', 'cluster_0_minimal'] -> ['income_low']",0.05702376107002007,0.5776886765625888,1.8047800151605682,"['apriori', 'eclat', 'fpgrowth']","{'age_senior', 'cluster_0_minimal'} -> {'income_low'}",apriori+eclat+fpgrowth,3,True
"['age_senior', 'cluster_0_minimal'] -> ['risk_score_high']",0.03968225007368317,0.40200762099755444,1.2060194777223436,"['apriori', 'eclat', 'fpgrowth']","{'age_senior', 'cluster_0_minimal'} -> {'risk_score_high'}",apriori+eclat+fpgrowth,3,True
"['age_senior', 'cluster_1_veteran', 'credit_med'] -> ['emp_new']",0.10126582278481013,0.5810925903394574,1.603069129514496,['fpgrowth_cluster1'],"{'cluster_1_veteran', 'age_senior', 'credit_med'} -> {'emp_new'}",fpgrowth_cluster1,1,False
"['age_senior', 'cluster_1_veteran', 'credit_small', 'emp_new'] -> ['burden_low']",0.06712889341220872,0.5915545590433482,1.6277414042101186,['fpgrowth_cluster1'],"{'cluster_1_veteran', 'emp_new', 'age_senior', 'credit_small'} -> {'burden_low'}",fpgrowth_cluster1,1,False
"['age_senior', 'cluster_1_veteran', 'credit_small', 'income_low'] -> ['emp_new']",0.054301041070330555,0.7897008942337341,2.1785600886023397,['fpgrowth_cluster1'],"{'cluster_1_veteran', 'age_senior', 'income_low', 'credit_small'} -> {'emp_new'}",fpgrowth_cluster1,1,False
"['age_senior', 'cluster_1_veteran', 'credit_small'] -> ['burden_low']",0.09950596866187478,0.6178251711427066,1.7000285033024196,['fpgrowth_cluster1'],"{'cluster_1_veteran', 'age_senior', 'credit_small'} -> {'burden_low'}",fpgrowth_cluster1,1,False
"['age_senior', 'cluster_1_veteran', 'credit_small'] -> ['emp_new']",0.11347878633674703,0.7045813586097947,1.9437395072598118,['fpgrowth_cluster1'],"{'cluster_1_veteran', 'age_senior', 'credit_small'} -> {'emp_new'}",fpgrowth_cluster1,1,False
"['age_senior', 'cluster_1_veteran', 'emp_new', 'income_low'] -> ['credit_small']",0.054301041070330555,0.6332838773491593,1.8957516666085938,['fpgrowth_cluster1'],"{'cluster_1_veteran', 'emp_new', 'age_senior', 'income_low'} -> {'credit_small'}",fpgrowth_cluster1,1,False
"['age_senior', 'cluster_1_veteran', 'income_high'] -> ['emp_new']",0.07187837923796196,0.5832759807295251,1.609092482402117,['fpgrowth_cluster1'],"{'cluster_1_veteran', 'age_senior', 'income_high'} -> {'emp_new'}",fpgrowth_cluster1,1,False
"['age_senior', 'cluster_1_veteran', 'income_low'] -> ['credit_small']",0.0687615291648114,0.6093573844419391,1.8241270912367613,['fpgrowth_cluster1'],"{'cluster_1_veteran', 'age_senior', 'income_low'} -> {'credit_small'}",fpgrowth_cluster1,1,False
"['age_senior', 'cluster_1_veteran', 'income_low'] -> ['emp_new']",0.08574518160422365,0.7598647125140924,2.0962505519596477,['fpgrowth_cluster1'],"{'cluster_1_veteran', 'age_senior', 'income_low'} -> {'emp_new'}",fpgrowth_cluster1,1,False
"['age_senior', 'cluster_1_veteran', 'income_med'] -> ['emp_new']",0.05330449716939126,0.6654314452091054,1.8357360347681935,['fpgrowth_cluster1'],"{'cluster_1_veteran', 'age_senior', 'income_med'} -> {'emp_new'}",fpgrowth_cluster1,1,False
"['age_senior', 'cluster_1_veteran', 'income_very_high'] -> ['burden_med']",0.0726204863982359,0.6374464917178485,1.546257722002206,['fpgrowth_cluster1'],"{'cluster_1_veteran', 'age_senior', 'income_very_high'} -> {'burden_med'}",fpgrowth_cluster1,1,False
"['age_senior', 'cluster_1_veteran', 'risk_score_high'] -> ['emp_new']",0.09600746347772618,0.6119745911609676,1.6882637835122085,['fpgrowth_cluster1'],"{'risk_score_high', 'age_senior', 'cluster_1_veteran'} -> {'emp_new'}",fpgrowth_cluster1,1,False
"['age_senior', 'cluster_1_veteran', 'risk_score_low'] -> ['emp_new']",0.07556771197760957,0.6234038831555012,1.7197939483658693,['fpgrowth_cluster1'],"{'cluster_1_veteran', 'risk_score_low', 'age_senior'} -> {'emp_new'}",fpgrowth_cluster1,1,False
"['age_senior', 'cluster_1_veteran', 'risk_score_med'] -> ['emp_new']",0.09363272056484956,0.6159854930952712,1.6993287208032448,['fpgrowth_cluster1'],"{'cluster_1_veteran', 'age_senior', 'risk_score_med'} -> {'emp_new'}",fpgrowth_cluster1,1,False
"['age_senior', 'cluster_1_veteran'] -> ['emp_new']",0.09263423600838663,0.616613261030318,1.8124074614310228,"['apriori', 'eclat', 'fpgrowth', 'fpgrowth_cluster1']","{'cluster_1_veteran', 'age_senior'} -> {'emp_new'}",apriori+eclat+fpgrowth+fpgrowth_cluster1,4,True
"['age_senior', 'cluster_2_ambisius', 'credit_large'] -> ['burden_high']",0.03969909194256923,0.5000883985714791,1.500260984514638,"['apriori', 'eclat', 'fpgrowth']","{'credit_large', 'age_senior', 'cluster_2_ambisius'} -> {'burden_high'}",apriori+eclat+fpgrowth,3,True
"['age_senior', 'cluster_2_ambisius', 'credit_large'] -> ['emp_new']",0.03926120335153191,0.4945723277111842,1.4834629761959717,"['apriori', 'eclat', 'fpgrowth']","{'credit_large', 'age_senior', 'cluster_2_ambisius'} -> {'emp_new'}",apriori+eclat+fpgrowth,3,True
"['age_senior', 'cluster_2_ambisius', 'credit_large'] -> ['risk_score_high']",0.04127661366156264,0.5199603974399774,1.5598768137798027,"['apriori', 'eclat', 'fpgrowth']","{'credit_large', 'age_senior', 'cluster_2_ambisius'} -> {'risk_score_high'}",apriori+eclat+fpgrowth,3,True
"['age_senior', 'cluster_2_ambisius', 'credit_med'] -> ['emp_new']",0.07871041068041204,0.5980660463419084,1.9009788018396645,['fpgrowth_cluster2'],"{'age_senior', 'cluster_2_ambisius', 'credit_med'} -> {'emp_new'}",fpgrowth_cluster2,1,False
"['age_senior', 'cluster_2_ambisius', 'emp_new'] -> ['credit_large']",0.03926120335153191,0.5812900008311861,1.805029890228316,"['apriori', 'eclat', 'fpgrowth']","{'emp_new', 'age_senior', 'cluster_2_ambisius'} -> {'credit_large'}",apriori+eclat+fpgrowth,3,True
"['age_senior', 'cluster_2_ambisius', 'emp_new'] -> ['risk_score_high']",0.032844451305946584,0.486285429307622,1.4588521929566396,"['apriori', 'eclat', 'fpgrowth']","{'emp_new', 'age_senior', 'cluster_2_ambisius'} -> {'risk_score_high'}",apriori+eclat+fpgrowth,3,True
"['age_senior', 'cluster_2_ambisius', 'income_low'] -> ['credit_med']",0.06530386828772441,0.5603323947531077,1.7256795767121504,['fpgrowth_cluster2'],"{'age_senior', 'income_low', 'cluster_2_ambisius'} -> {'credit_med'}",fpgrowth_cluster2,1,False
"['age_senior', 'cluster_2_ambisius', 'income_low'] -> ['emp_new']",0.07928669190564995,0.6803104182405054,2.1623960959765562,['fpgrowth_cluster2'],"{'age_senior', 'income_low', 'cluster_2_ambisius'} -> {'emp_new'}",fpgrowth_cluster2,1,False
"['age_senior', 'cluster_2_ambisius', 'income_very_high'] -> ['burden_med']",0.05337804848766198,0.6164155652093539,1.5501770153920305,['fpgrowth_cluster2'],"{'age_senior', 'income_very_high', 'cluster_2_ambisius'} -> {'burden_med'}",fpgrowth_cluster2,1,False
"['age_senior', 'cluster_2_ambisius', 'risk_score_high'] -> ['credit_large']",0.04127661366156264,0.6340275082999179,1.9687911405183327,"['apriori', 'eclat', 'fpgrowth']","{'risk_score_high', 'age_senior', 'cluster_2_ambisius'} -> {'credit_large'}",apriori+eclat+fpgrowth,3,True
"['age_senior', 'cluster_2_ambisius', 'risk_score_high'] -> ['emp_new']",0.0480467642312268,0.504505669814168,1.5358416999957782,"['apriori', 'eclat', 'fpgrowth', 'fpgrowth_cluster2']","{'risk_score_high', 'age_senior', 'cluster_2_ambisius'} -> {'emp_new'}",apriori+eclat+fpgrowth+fpgrowth_cluster2,4,True
"['age_senior', 'cluster_2_ambisius', 'risk_score_med'] -> ['emp_new']",0.06488766518060814,0.5551979180934119,1.7647206016402368,['fpgrowth_cluster2'],"{'age_senior', 'risk_score_med', 'cluster_2_ambisius'} -> {'emp_new'}",fpgrowth_cluster2,1,False
"['age_senior', 'cluster_2_ambisius'] -> ['burden_high']",0.054424499305272905,0.4305891758644429,1.2917639016402849,"['apriori', 'eclat', 'fpgrowth']","{'age_senior', 'cluster_2_ambisius'} -> {'burden_high'}",apriori+eclat+fpgrowth,3,True
"['age_senior', 'cluster_2_ambisius'] -> ['credit_large']",0.07938414899440008,0.6280619156543561,1.95026669829024,"['apriori', 'eclat', 'fpgrowth']","{'age_senior', 'cluster_2_ambisius'} -> {'credit_large'}",apriori+eclat+fpgrowth,3,True
"['age_senior', 'cluster_2_ambisius'] -> ['emp_new']",0.09880362712005634,0.5343667414332987,1.6267462858968924,"['apriori', 'eclat', 'fpgrowth', 'fpgrowth_cluster2']","{'age_senior', 'cluster_2_ambisius'} -> {'emp_new'}",apriori+eclat+fpgrowth+fpgrowth_cluster2,4,True
"['age_senior', 'cluster_2_ambisius'] -> ['risk_score_high']",0.06510224417902907,0.515068067245553,1.5451998643944058,"['apriori', 'eclat', 'fpgrowth']","{'age_senior', 'cluster_2_ambisius'} -> {'risk_score_high'}",apriori+eclat+fpgrowth,3,True
"['age_senior', 'cluster_3_cc_intensif', 'credit_med'] -> ['emp_new']",0.06401415981415244,0.5232067510548524,1.8696592280743896,['fpgrowth_cluster3'],"{'cluster_3_cc_intensif', 'age_senior', 'credit_med'} -> {'emp_new'}",fpgrowth_cluster3,1,False
"['age_senior', 'cluster_3_cc_intensif', 'income_low'] -> ['emp_new']",0.05606770161141635,0.6257201646090536,2.235986973782175,['fpgrowth_cluster3'],"{'cluster_3_cc_intensif', 'age_senior', 'income_low'} -> {'emp_new'}",fpgrowth_cluster3,1,False
"['age_senior', 'cluster_3_cc_intensif', 'income_very_high'] -> ['burden_med']",0.05219587742910874,0.6494608855242028,1.6338339289917305,['fpgrowth_cluster3'],"{'cluster_3_cc_intensif', 'age_senior', 'income_very_high'} -> {'burden_med'}",fpgrowth_cluster3,1,False
"['age_senior', 'cluster_4_bermasalah', 'credit_med'] -> ['emp_new']",0.0776158940397351,0.5955284552845529,1.6267148471050557,['fpgrowth_cluster4'],"{'cluster_4_bermasalah', 'age_senior', 'credit_med'} -> {'emp_new'}",fpgrowth_cluster4,1,False
"['age_senior', 'cluster_4_bermasalah', 'credit_small', 'emp_new'] -> ['income_low']",0.061456953642384106,0.7116564417177914,1.9595208369691195,['fpgrowth_cluster4'],"{'emp_new', 'age_senior', 'credit_small', 'cluster_4_bermasalah'} -> {'income_low'}",fpgrowth_cluster4,1,False
"['age_senior', 'cluster_4_bermasalah', 'credit_small', 'income_low'] -> ['burden_high']",0.050066225165562916,0.6428571428571429,1.871076109703712,['fpgrowth_cluster4'],"{'cluster_4_bermasalah', 'age_senior', 'income_low', 'credit_small'} -> {'burden_high'}",fpgrowth_cluster4,1,False
"['age_senior', 'cluster_4_bermasalah', 'credit_small', 'income_low'] -> ['emp_new']",0.061456953642384106,0.7891156462585035,2.15550764444707,['fpgrowth_cluster4'],"{'cluster_4_bermasalah', 'age_senior', 'income_low', 'credit_small'} -> {'emp_new'}",fpgrowth_cluster4,1,False
"['age_senior', 'cluster_4_bermasalah', 'credit_small'] -> ['emp_new', 'income_low']",0.061456953642384106,0.5065502183406113,3.0842372165093677,['fpgrowth_cluster4'],"{'cluster_4_bermasalah', 'age_senior', 'credit_small'} -> {'emp_new', 'income_low'}",fpgrowth_cluster4,1,False
"['age_senior', 'cluster_4_bermasalah', 'credit_small'] -> ['emp_new']",0.08635761589403973,0.7117903930131003,1.9442899664431645,['fpgrowth_cluster4'],"{'cluster_4_bermasalah', 'age_senior', 'credit_small'} -> {'emp_new'}",fpgrowth_cluster4,1,False
"['age_senior', 'cluster_4_bermasalah', 'credit_small'] -> ['income_low']",0.07788079470198675,0.6419213973799126,1.76750785930647,['fpgrowth_cluster4'],"{'cluster_4_bermasalah', 'age_senior', 'credit_small'} -> {'income_low'}",fpgrowth_cluster4,1,False
"['age_senior', 'cluster_4_bermasalah', 'emp_new', 'income_low'] -> ['burden_high']",0.06304635761589404,0.5496535796766744,1.599801282405124,['fpgrowth_cluster4'],"{'emp_new', 'age_senior', 'income_low', 'cluster_4_bermasalah'} -> {'burden_high'}",fpgrowth_cluster4,1,False
"['age_senior', 'cluster_4_bermasalah', 'emp_new', 'income_low'] -> ['credit_small']",0.061456953642384106,0.535796766743649,1.674364896073903,['fpgrowth_cluster4'],"{'emp_new', 'age_senior', 'income_low', 'cluster_4_bermasalah'} -> {'credit_small'}",fpgrowth_cluster4,1,False
"['age_senior', 'cluster_4_bermasalah', 'income_low'] -> ['burden_high']",0.08317880794701987,0.5224625623960066,1.5206601179991712,['fpgrowth_cluster4'],"{'cluster_4_bermasalah', 'age_senior', 'income_low'} -> {'burden_high'}",fpgrowth_cluster4,1,False
"['age_senior', 'cluster_4_bermasalah', 'income_low'] -> ['emp_new']",0.11470198675496689,0.7204658901830282,1.9679875075549431,['fpgrowth_cluster4'],"{'cluster_4_bermasalah', 'age_senior', 'income_low'} -> {'emp_new'}",fpgrowth_cluster4,1,False
"['age_senior', 'cluster_4_bermasalah', 'risk_score_low'] -> ['emp_new']",0.06357615894039735,0.6976744186046511,1.905731497997509,['fpgrowth_cluster4'],"{'cluster_4_bermasalah', 'risk_score_low', 'age_senior'} -> {'emp_new'}",fpgrowth_cluster4,1,False
"['age_senior', 'cluster_4_bermasalah', 'risk_score_med'] -> ['emp_new']",0.08052980132450331,0.6007905138339921,1.6410884151398841,['fpgrowth_cluster4'],"{'cluster_4_bermasalah', 'age_senior', 'risk_score_med'} -> {'emp_new'}",fpgrowth_cluster4,1,False
"['age_senior', 'cluster_4_bermasalah'] -> ['emp_new']",0.2214569536423841,0.596716630977873,1.6299604066146673,['fpgrowth_cluster4'],"{'cluster_4_bermasalah', 'age_senior'} -> {'emp_new'}",fpgrowth_cluster4,1,False
"['age_senior', 'credit_large', 'emp_new'] -> ['cluster_2_ambisius']",0.03926120335153191,0.7283757746185492,2.0769136265436035,"['apriori', 'eclat', 'fpgrowth']","{'credit_large', 'emp_new', 'age_senior'} -> {'cluster_2_ambisius'}",apriori+eclat+fpgrowth,3,True
"['age_senior', 'credit_large', 'risk_score_high'] -> ['cluster_2_ambisius']",0.04127661366156264,0.7568583045962219,2.158129609680941,"['apriori', 'eclat', 'fpgrowth']","{'credit_large', 'age_senior', 'risk_score_high'} -> {'cluster_2_ambisius'}",apriori+eclat+fpgrowth,3,True
"['age_senior', 'credit_large'] -> ['burden_high', 'cluster_2_ambisius']",0.03969909194256923,0.35979953190190295,2.272742109571312,"['apriori', 'eclat', 'fpgrowth']","{'credit_large', 'age_senior'} -> {'burden_high', 'cluster_2_ambisius'}",apriori+eclat+fpgrowth,3,True
"['age_senior', 'credit_large'] -> ['burden_high']",0.051297525648762825,0.4649180828330111,1.3947503334653257,"['apriori', 'eclat', 'fpgrowth']","{'credit_large', 'age_senior'} -> {'burden_high'}",apriori+eclat+fpgrowth,3,True
"['age_senior', 'credit_large'] -> ['burden_med']",0.04841756606924815,0.43881652589803605,1.3164902266463843,"['apriori', 'eclat', 'fpgrowth']","{'credit_large', 'age_senior'} -> {'burden_med'}",apriori+eclat+fpgrowth,3,True
"['age_senior', 'credit_large'] -> ['cluster_2_ambisius', 'emp_new']",0.03926120335153191,0.3558308741223161,3.22503696696379,"['apriori', 'eclat', 'fpgrowth']","{'credit_large', 'age_senior'} -> {'emp_new', 'cluster_2_ambisius'}",apriori+eclat+fpgrowth,3,True
"['age_senior', 'credit_large'] -> ['cluster_2_ambisius', 'risk_score_high']",0.04127661366156264,0.37409687595400426,2.4740366916592804,"['apriori', 'eclat', 'fpgrowth']","{'credit_large', 'age_senior'} -> {'risk_score_high', 'cluster_2_ambisius'}",apriori+eclat+fpgrowth,3,True
"['age_senior', 'credit_large'] -> ['cluster_2_ambisius']",0.07938414899440008,0.7194718632339473,2.0515247331610618,"['apriori', 'eclat', 'fpgrowth']","{'credit_large', 'age_senior'} -> {'cluster_2_ambisius'}",apriori+eclat+fpgrowth,3,True
"['age_senior', 'credit_large'] -> ['emp_new']",0.053902401369805335,0.4885265085987585,1.4653286239252579,"['apriori', 'eclat', 'fpgrowth']","{'credit_large', 'age_senior'} -> {'emp_new'}",apriori+eclat+fpgrowth,3,True
"['age_senior', 'credit_large'] -> ['income_very_high']",0.03887945432344809,0.3523710186221634,1.4840281030764728,"['apriori', 'eclat', 'fpgrowth']","{'credit_large', 'age_senior'} -> {'income_very_high'}",apriori+eclat+fpgrowth,3,True
"['age_senior', 'credit_large'] -> ['risk_score_high']",0.05453677843117991,0.4942759743563651,1.4828237608152017,"['apriori', 'eclat', 'fpgrowth']","{'credit_large', 'age_senior'} -> {'risk_score_high'}",apriori+eclat+fpgrowth,3,True
"['age_senior', 'credit_med'] -> ['cluster_1_veteran', 'emp_new']",0.10126582278481013,0.5810925903394574,1.603069129514496,['fpgrowth_cluster1'],"{'age_senior', 'credit_med'} -> {'emp_new', 'cluster_1_veteran'}",fpgrowth_cluster1,1,False
"['age_senior', 'credit_med'] -> ['cluster_2_ambisius', 'emp_new']",0.07871041068041204,0.5980660463419084,1.9009788018396645,['fpgrowth_cluster2'],"{'age_senior', 'credit_med'} -> {'emp_new', 'cluster_2_ambisius'}",fpgrowth_cluster2,1,False
"['age_senior', 'credit_med'] -> ['cluster_3_cc_intensif', 'emp_new']",0.06401415981415244,0.5232067510548524,1.8696592280743896,['fpgrowth_cluster3'],"{'age_senior', 'credit_med'} -> {'emp_new', 'cluster_3_cc_intensif'}",fpgrowth_cluster3,1,False
"['age_senior', 'credit_med'] -> ['cluster_4_bermasalah', 'emp_new']",0.0776158940397351,0.5955284552845529,1.6267148471050557,['fpgrowth_cluster4'],"{'age_senior', 'credit_med'} -> {'emp_new', 'cluster_4_bermasalah'}",fpgrowth_cluster4,1,False
"['age_senior', 'credit_med'] -> ['emp_new']",0.07334547600890591,0.5757983141026174,1.7425164543940617,"['apriori', 'eclat', 'fpgrowth', 'fpgrowth_cluster1', 'fpgrowth_cluster2', 'fpgrowth_cluster3', 'fpgrowth_cluster4']","{'age_senior', 'credit_med'} -> {'emp_new'}",apriori+eclat+fpgrowth+fpgrowth_cluster1+fpgrowth_cluster2+fpgrowth_cluster3+fpgrowth_cluster4,7,True
"['age_senior', 'credit_med'] -> ['risk_score_high']",0.04595865321188475,0.41515796947106853,1.2454704124049745,"['apriori', 'eclat', 'fpgrowth']","{'age_senior', 'credit_med'} -> {'risk_score_high'}",apriori+eclat+fpgrowth,3,True
"['age_senior', 'credit_small', 'emp_new', 'income_low'] -> ['burden_high', 'cluster_0_minimal']",0.07195972728714127,0.6716738197424892,2.3680073680739424,['fpgrowth_cluster0'],"{'emp_new', 'age_senior', 'income_low', 'credit_small'} -> {'burden_high', 'cluster_0_minimal'}",fpgrowth_cluster0,1,False
"['age_senior', 'credit_small', 'emp_new', 'income_low'] -> ['burden_high']",0.04199170021801835,0.6484056430677869,2.0334593602752244,"['apriori', 'eclat', 'fpgrowth', 'fpgrowth_cluster0']","{'emp_new', 'age_senior', 'income_low', 'credit_small'} -> {'burden_high'}",apriori+eclat+fpgrowth+fpgrowth_cluster0,4,True
"['age_senior', 'credit_small', 'emp_new', 'income_low'] -> ['cluster_0_minimal']",0.03793350268768158,0.7593841312654529,2.144715345520643,"['apriori', 'eclat', 'fpgrowth']","{'emp_new', 'age_senior', 'income_low', 'credit_small'} -> {'cluster_0_minimal'}",apriori+eclat+fpgrowth,3,True
"['age_senior', 'credit_small', 'emp_new'] -> ['burden_high', 'income_low']",0.03200235786164405,0.42307406857651775,2.6197530513049436,"['apriori', 'eclat', 'fpgrowth']","{'emp_new', 'age_senior', 'credit_small'} -> {'income_low', 'burden_high'}",apriori+eclat+fpgrowth,3,True
"['age_senior', 'credit_small', 'emp_new'] -> ['burden_high']",0.03216235561606153,0.425189253376874,1.2755641796498438,"['apriori', 'eclat', 'fpgrowth']","{'emp_new', 'age_senior', 'credit_small'} -> {'burden_high'}",apriori+eclat+fpgrowth,3,True
"['age_senior', 'credit_small', 'emp_new'] -> ['burden_low', 'cluster_1_veteran']",0.06712889341220872,0.5915545590433482,1.6277414042101186,['fpgrowth_cluster1'],"{'emp_new', 'age_senior', 'credit_small'} -> {'cluster_1_veteran', 'burden_low'}",fpgrowth_cluster1,1,False
"['age_senior', 'credit_small', 'emp_new'] -> ['burden_low']",0.04260291358897869,0.48924050260780155,1.4309621953836764,"['apriori', 'eclat', 'fpgrowth', 'fpgrowth_cluster1']","{'emp_new', 'age_senior', 'credit_small'} -> {'burden_low'}",apriori+eclat+fpgrowth+fpgrowth_cluster1,4,True
"['age_senior', 'credit_small', 'emp_new'] -> ['cluster_0_minimal', 'income_low']",0.055233859376630064,0.5556106518215612,2.7707634630817397,"['apriori', 'eclat', 'fpgrowth', 'fpgrowth_cluster0']","{'emp_new', 'age_senior', 'credit_small'} -> {'income_low', 'cluster_0_minimal'}",apriori+eclat+fpgrowth+fpgrowth_cluster0,4,True
"['age_senior', 'credit_small', 'emp_new'] -> ['cluster_0_minimal']",0.05283294269554112,0.6984562861807927,1.9726378962528799,"['apriori', 'eclat', 'fpgrowth']","{'emp_new', 'age_senior', 'credit_small'} -> {'cluster_0_minimal'}",apriori+eclat+fpgrowth,3,True
"['age_senior', 'credit_small', 'emp_new'] -> ['cluster_4_bermasalah', 'income_low']",0.061456953642384106,0.7116564417177914,1.9595208369691195,['fpgrowth_cluster4'],"{'emp_new', 'age_senior', 'credit_small'} -> {'cluster_4_bermasalah', 'income_low'}",fpgrowth_cluster4,1,False
"['age_senior', 'credit_small', 'emp_new'] -> ['income_low']",0.0636901664867878,0.6821589815389697,1.9501973403908726,"['apriori', 'eclat', 'fpgrowth', 'fpgrowth_cluster0', 'fpgrowth_cluster4']","{'emp_new', 'age_senior', 'credit_small'} -> {'income_low'}",apriori+eclat+fpgrowth+fpgrowth_cluster0+fpgrowth_cluster4,5,True
"['age_senior', 'credit_small', 'emp_new'] -> ['risk_score_high']",0.03073360373889489,0.4063010241947454,1.2188996511595511,"['apriori', 'eclat', 'fpgrowth']","{'emp_new', 'age_senior', 'credit_small'} -> {'risk_score_high'}",apriori+eclat+fpgrowth,3,True
"['age_senior', 'credit_small', 'income_low'] -> ['burden_high', 'cluster_0_minimal', 'emp_new']",0.07195972728714127,0.5026302674566698,3.951005293013294,['fpgrowth_cluster0'],"{'age_senior', 'income_low', 'credit_small'} -> {'emp_new', 'burden_high', 'cluster_0_minimal'}",fpgrowth_cluster0,1,False
"['age_senior', 'credit_small', 'income_low'] -> ['burden_high', 'cluster_0_minimal']",0.04824481841658585,0.5342617086613777,4.268721397484926,"['apriori', 'eclat', 'fpgrowth', 'fpgrowth_cluster0']","{'age_senior', 'income_low', 'credit_small'} -> {'burden_high', 'cluster_0_minimal'}",apriori+eclat+fpgrowth+fpgrowth_cluster0,4,True
"['age_senior', 'credit_small', 'income_low'] -> ['burden_high', 'cluster_4_bermasalah']",0.050066225165562916,0.6428571428571429,1.871076109703712,['fpgrowth_cluster4'],"{'age_senior', 'income_low', 'credit_small'} -> {'cluster_4_bermasalah', 'burden_high'}",fpgrowth_cluster4,1,False
"['age_senior', 'credit_small', 'income_low'] -> ['burden_high', 'emp_new']",0.04199170021801835,0.48384917209204953,4.00077432855317,"['apriori', 'eclat', 'fpgrowth', 'fpgrowth_cluster0']","{'age_senior', 'income_low', 'credit_small'} -> {'emp_new', 'burden_high'}",apriori+eclat+fpgrowth+fpgrowth_cluster0,4,True
"['age_senior', 'credit_small', 'income_low'] -> ['burden_high']",0.05379134282261907,0.6333182619884663,1.9571537921359066,"['apriori', 'eclat', 'fpgrowth', 'fpgrowth_cluster0', 'fpgrowth_cluster4']","{'age_senior', 'income_low', 'credit_small'} -> {'burden_high'}",apriori+eclat+fpgrowth+fpgrowth_cluster0+fpgrowth_cluster4,5,True
"['age_senior', 'credit_small', 'income_low'] -> ['cluster_0_minimal', 'emp_new']",0.055233859376630064,0.6116581439215398,3.8170681298892832,"['apriori', 'eclat', 'fpgrowth', 'fpgrowth_cluster0']","{'age_senior', 'income_low', 'credit_small'} -> {'emp_new', 'cluster_0_minimal'}",apriori+eclat+fpgrowth+fpgrowth_cluster0,4,True
"['age_senior', 'credit_small', 'income_low'] -> ['cluster_0_minimal']",0.050691218368865,0.7564929624664879,2.1365498679522643,"['apriori', 'eclat', 'fpgrowth']","{'age_senior', 'income_low', 'credit_small'} -> {'cluster_0_minimal'}",apriori+eclat+fpgrowth,3,True
"['age_senior', 'credit_small', 'income_low'] -> ['cluster_1_veteran', 'emp_new']",0.054301041070330555,0.7897008942337341,2.1785600886023397,['fpgrowth_cluster1'],"{'age_senior', 'income_low', 'credit_small'} -> {'cluster_1_veteran', 'emp_new'}",fpgrowth_cluster1,1,False
"['age_senior', 'credit_small', 'income_low'] -> ['cluster_4_bermasalah', 'emp_new']",0.061456953642384106,0.7891156462585035,2.15550764444707,['fpgrowth_cluster4'],"{'age_senior', 'income_low', 'credit_small'} -> {'emp_new', 'cluster_4_bermasalah'}",fpgrowth_cluster4,1,False
"['age_senior', 'credit_small', 'income_low'] -> ['emp_new']",0.062125312250711585,0.7605948482281243,2.1837991709841766,"['apriori', 'eclat', 'fpgrowth', 'fpgrowth_cluster0', 'fpgrowth_cluster1', 'fpgrowth_cluster4']","{'age_senior', 'income_low', 'credit_small'} -> {'emp_new'}",apriori+eclat+fpgrowth+fpgrowth_cluster0+fpgrowth_cluster1+fpgrowth_cluster4,6,True
"['age_senior', 'credit_small', 'risk_score_high'] -> ['cluster_0_minimal', 'emp_new']",0.06193118756936737,0.66507747318236,1.831362231596911,['fpgrowth_cluster0'],"{'risk_score_high', 'age_senior', 'credit_small'} -> {'emp_new', 'cluster_0_minimal'}",fpgrowth_cluster0,1,False
"['age_senior', 'credit_small', 'risk_score_high'] -> ['cluster_0_minimal']",0.032970765322591966,0.7110169491525425,2.0081127574150863,"['apriori', 'eclat', 'fpgrowth']","{'risk_score_high', 'age_senior', 'credit_small'} -> {'cluster_0_minimal'}",apriori+eclat+fpgrowth,3,True
"['age_senior', 'credit_small', 'risk_score_high'] -> ['emp_new']",0.03853299969651301,0.6633486661164133,1.948823156871691,"['apriori', 'eclat', 'fpgrowth', 'fpgrowth_cluster0']","{'risk_score_high', 'age_senior', 'credit_small'} -> {'emp_new'}",apriori+eclat+fpgrowth+fpgrowth_cluster0,4,True
"['age_senior', 'credit_small', 'risk_score_med'] -> ['cluster_0_minimal', 'emp_new']",0.053741874108133816,0.6944273714402786,1.9121803277407656,['fpgrowth_cluster0'],"{'age_senior', 'risk_score_med', 'credit_small'} -> {'emp_new', 'cluster_0_minimal'}",fpgrowth_cluster0,1,False
"['age_senior', 'credit_small', 'risk_score_med'] -> ['emp_new']",0.053741874108133816,0.6944273714402786,1.9121803277407656,['fpgrowth_cluster0'],"{'age_senior', 'risk_score_med', 'credit_small'} -> {'emp_new'}",fpgrowth_cluster0,1,False
"['age_senior', 'credit_small'] -> ['burden_high', 'income_low']",0.041770641815553476,0.3720529039677976,2.303820543045691,"['apriori', 'eclat', 'fpgrowth']","{'age_senior', 'credit_small'} -> {'income_low', 'burden_high'}",apriori+eclat+fpgrowth,3,True
"['age_senior', 'credit_small'] -> ['burden_low', 'cluster_1_veteran']",0.09950596866187478,0.6178251711427066,1.7000285033024196,['fpgrowth_cluster1'],"{'age_senior', 'credit_small'} -> {'cluster_1_veteran', 'burden_low'}",fpgrowth_cluster1,1,False
"['age_senior', 'credit_small'] -> ['burden_low']",0.0669432701756019,0.5291468945808113,1.549047379646713,"['apriori', 'eclat', 'fpgrowth', 'fpgrowth_cluster1']","{'age_senior', 'credit_small'} -> {'burden_low'}",apriori+eclat+fpgrowth+fpgrowth_cluster1,4,True
"['age_senior', 'credit_small'] -> ['cluster_0_minimal', 'emp_new']",0.07692849646196026,0.523960995573614,3.2157216084283453,"['apriori', 'eclat', 'fpgrowth', 'fpgrowth_cluster0']","{'age_senior', 'credit_small'} -> {'emp_new', 'cluster_0_minimal'}",apriori+eclat+fpgrowth+fpgrowth_cluster0,4,True
"['age_senior', 'credit_small'] -> ['cluster_0_minimal', 'income_low']",0.050691218368865,0.4515088631647373,2.845382003621969,"['apriori', 'eclat', 'fpgrowth']","{'age_senior', 'credit_small'} -> {'income_low', 'cluster_0_minimal'}",apriori+eclat+fpgrowth,3,True
"['age_senior', 'credit_small'] -> ['cluster_0_minimal']",0.07723119675513326,0.6879015926194465,1.9428284594786815,"['apriori', 'eclat', 'fpgrowth']","{'age_senior', 'credit_small'} -> {'cluster_0_minimal'}",apriori+eclat+fpgrowth,3,True
"['age_senior', 'credit_small'] -> ['cluster_1_veteran', 'emp_new']",0.11347878633674703,0.7045813586097947,1.9437395072598118,['fpgrowth_cluster1'],"{'age_senior', 'credit_small'} -> {'emp_new', 'cluster_1_veteran'}",fpgrowth_cluster1,1,False
"['age_senior', 'credit_small'] -> ['cluster_4_bermasalah', 'emp_new', 'income_low']",0.061456953642384106,0.5065502183406113,3.0842372165093677,['fpgrowth_cluster4'],"{'age_senior', 'credit_small'} -> {'emp_new', 'income_low', 'cluster_4_bermasalah'}",fpgrowth_cluster4,1,False
"['age_senior', 'credit_small'] -> ['cluster_4_bermasalah', 'emp_new']",0.08635761589403973,0.7117903930131003,1.9442899664431645,['fpgrowth_cluster4'],"{'age_senior', 'credit_small'} -> {'emp_new', 'cluster_4_bermasalah'}",fpgrowth_cluster4,1,False
"['age_senior', 'credit_small'] -> ['cluster_4_bermasalah', 'income_low']",0.07788079470198675,0.6419213973799126,1.76750785930647,['fpgrowth_cluster4'],"{'age_senior', 'credit_small'} -> {'cluster_4_bermasalah', 'income_low'}",fpgrowth_cluster4,1,False
"['age_senior', 'credit_small'] -> ['emp_new', 'income_low']",0.05282897574761586,0.46033758208721554,3.215738472889754,"['apriori', 'eclat', 'fpgrowth', 'fpgrowth_cluster4']","{'age_senior', 'credit_small'} -> {'emp_new', 'income_low'}",apriori+eclat+fpgrowth+fpgrowth_cluster4,4,True
"['age_senior', 'credit_small'] -> ['emp_new']",0.09599648356044198,0.6869519076826274,1.9724093663281927,"['apriori', 'eclat', 'fpgrowth', 'fpgrowth_cluster0', 'fpgrowth_cluster1', 'fpgrowth_cluster4']","{'age_senior', 'credit_small'} -> {'emp_new'}",apriori+eclat+fpgrowth+fpgrowth_cluster0+fpgrowth_cluster1+fpgrowth_cluster4,6,True
"['age_senior', 'credit_small'] -> ['income_low']",0.06972633543147204,0.608113921862917,1.8403466918124751,"['apriori', 'eclat', 'fpgrowth', 'fpgrowth_cluster4']","{'age_senior', 'credit_small'} -> {'income_low'}",apriori+eclat+fpgrowth+fpgrowth_cluster4,4,True
"['age_senior', 'credit_small'] -> ['risk_score_high']",0.04637127899959299,0.41303097732329924,1.2390894538728776,"['apriori', 'eclat', 'fpgrowth']","{'age_senior', 'credit_small'} -> {'risk_score_high'}",apriori+eclat+fpgrowth,3,True
"['age_senior', 'emp_new', 'income_low'] -> ['burden_high', 'cluster_0_minimal', 'credit_small']",0.07195972728714127,0.6041666666666666,2.6218592676689485,['fpgrowth_cluster0'],"{'emp_new', 'age_senior', 'income_low'} -> {'burden_high', 'cluster_0_minimal', 'credit_small'}",fpgrowth_cluster0,1,False
"['age_senior', 'emp_new', 'income_low'] -> ['burden_high', 'cluster_0_minimal']",0.07785000792769939,0.6536208732694356,2.3043611323459743,['fpgrowth_cluster0'],"{'emp_new', 'age_senior', 'income_low'} -> {'burden_high', 'cluster_0_minimal'}",fpgrowth_cluster0,1,False
"['age_senior', 'emp_new', 'income_low'] -> ['burden_high', 'cluster_4_bermasalah']",0.06304635761589404,0.5496535796766744,1.599801282405124,['fpgrowth_cluster4'],"{'emp_new', 'age_senior', 'income_low'} -> {'cluster_4_bermasalah', 'burden_high'}",fpgrowth_cluster4,1,False
"['age_senior', 'emp_new', 'income_low'] -> ['burden_high', 'credit_small']",0.04199170021801835,0.4145633012820513,3.2921984200601626,"['apriori', 'eclat', 'fpgrowth', 'fpgrowth_cluster0']","{'emp_new', 'age_senior', 'income_low'} -> {'burden_high', 'credit_small'}",apriori+eclat+fpgrowth+fpgrowth_cluster0,4,True
"['age_senior', 'emp_new', 'income_low'] -> ['burden_high']",0.05723823368471061,0.5597007485773877,1.7379673702580036,"['apriori', 'eclat', 'fpgrowth', 'fpgrowth_cluster0', 'fpgrowth_cluster4']","{'emp_new', 'age_senior', 'income_low'} -> {'burden_high'}",apriori+eclat+fpgrowth+fpgrowth_cluster0+fpgrowth_cluster4,5,True
"['age_senior', 'emp_new', 'income_low'] -> ['cluster_0_minimal', 'credit_small']",0.03793350268768158,0.4164817554240631,1.6947117426254368,"['apriori', 'eclat', 'fpgrowth']","{'emp_new', 'age_senior', 'income_low'} -> {'credit_small', 'cluster_0_minimal'}",apriori+eclat+fpgrowth,3,True
"['age_senior', 'emp_new', 'income_low'] -> ['cluster_0_minimal']",0.04217203969067101,0.4630177514792899,1.3076929526974348,"['apriori', 'eclat', 'fpgrowth']","{'emp_new', 'age_senior', 'income_low'} -> {'cluster_0_minimal'}",apriori+eclat+fpgrowth,3,True
"['age_senior', 'emp_new', 'income_low'] -> ['cluster_1_veteran', 'credit_small']",0.054301041070330555,0.6332838773491593,1.8957516666085938,['fpgrowth_cluster1'],"{'emp_new', 'age_senior', 'income_low'} -> {'cluster_1_veteran', 'credit_small'}",fpgrowth_cluster1,1,False
"['age_senior', 'emp_new', 'income_low'] -> ['cluster_4_bermasalah', 'credit_small']",0.061456953642384106,0.535796766743649,1.674364896073903,['fpgrowth_cluster4'],"{'emp_new', 'age_senior', 'income_low'} -> {'cluster_4_bermasalah', 'credit_small'}",fpgrowth_cluster4,1,False
"['age_senior', 'emp_new', 'income_low'] -> ['credit_small']",0.0531233888121588,0.5628841761558399,1.6991590442038134,"['apriori', 'eclat', 'fpgrowth', 'fpgrowth_cluster1', 'fpgrowth_cluster4']","{'emp_new', 'age_senior', 'income_low'} -> {'credit_small'}",apriori+eclat+fpgrowth+fpgrowth_cluster1+fpgrowth_cluster4,5,True
"['age_senior', 'emp_new', 'risk_score_high'] -> ['income_low']",0.03577774347026708,0.4399875729227795,1.3745825576070507,"['apriori', 'eclat', 'fpgrowth']","{'risk_score_high', 'emp_new', 'age_senior'} -> {'income_low'}",apriori+eclat+fpgrowth,3,True
"['age_senior', 'emp_new', 'risk_score_med'] -> ['income_low']",0.032611472119689545,0.48153520951630946,1.504383170365007,"['apriori', 'eclat', 'fpgrowth']","{'emp_new', 'age_senior', 'risk_score_med'} -> {'income_low'}",apriori+eclat+fpgrowth,3,True
"['age_senior', 'emp_new'] -> ['cluster_0_minimal', 'credit_small', 'income_low']",0.10713492944347551,0.5817978302049251,1.5454004864818325,['fpgrowth_cluster0'],"{'emp_new', 'age_senior'} -> {'income_low', 'credit_small', 'cluster_0_minimal'}",fpgrowth_cluster0,1,False
"['age_senior', 'emp_new'] -> ['credit_small', 'income_low']",0.10713492944347551,0.5817978302049251,1.5454004864818325,['fpgrowth_cluster0'],"{'emp_new', 'age_senior'} -> {'income_low', 'credit_small'}",fpgrowth_cluster0,1,False
"['age_senior', 'emp_new'] -> ['income_low']",0.0910808269357623,0.4707452596149661,1.4706738616376818,"['apriori', 'eclat', 'fpgrowth']","{'emp_new', 'age_senior'} -> {'income_low'}",apriori+eclat+fpgrowth,3,True
"['age_senior', 'emp_new'] -> ['risk_score_high']",0.08131534996000056,0.42027303457180576,1.2608155646336792,"['apriori', 'eclat', 'fpgrowth']","{'emp_new', 'age_senior'} -> {'risk_score_high'}",apriori+eclat+fpgrowth,3,True
"['age_senior', 'emp_senior'] -> ['cluster_2_ambisius']",0.038952435755287645,0.4386735790605045,1.2508476609241312,"['apriori', 'eclat', 'fpgrowth']","{'age_senior', 'emp_senior'} -> {'cluster_2_ambisius'}",apriori+eclat+fpgrowth,3,True
"['age_senior', 'emp_senior'] -> ['credit_large']",0.03708018133078834,0.41758867041790476,1.2967022154986634,"['apriori', 'eclat', 'fpgrowth']","{'age_senior', 'emp_senior'} -> {'credit_large'}",apriori+eclat+fpgrowth,3,True
"['age_senior', 'emp_senior'] -> ['risk_score_high']",0.04395727779259238,0.4950369855219068,1.4851067879034197,"['apriori', 'eclat', 'fpgrowth']","{'age_senior', 'emp_senior'} -> {'risk_score_high'}",apriori+eclat+fpgrowth,3,True
"['age_senior', 'income_high'] -> ['burden_med']",0.032106216053108025,0.40933328561714916,1.228037774678626,"['apriori', 'eclat', 'fpgrowth']","{'age_senior', 'income_high'} -> {'burden_med'}",apriori+eclat+fpgrowth,3,True
"['age_senior', 'income_high'] -> ['cluster_1_veteran', 'emp_new']",0.07187837923796196,0.5832759807295251,1.609092482402117,['fpgrowth_cluster1'],"{'age_senior', 'income_high'} -> {'emp_new', 'cluster_1_veteran'}",fpgrowth_cluster1,1,False
"['age_senior', 'income_high'] -> ['credit_large']",0.032027620664973125,0.4083312457502774,1.2679559301544965,"['apriori', 'eclat', 'fpgrowth']","{'age_senior', 'income_high'} -> {'credit_large'}",apriori+eclat+fpgrowth,3,True
"['age_senior', 'income_high'] -> ['emp_new']",0.047878648717505815,0.5271398984497471,1.5460399881578273,"['apriori', 'eclat', 'fpgrowth', 'fpgrowth_cluster1']","{'age_senior', 'income_high'} -> {'emp_new'}",apriori+eclat+fpgrowth+fpgrowth_cluster1,4,True
"['age_senior', 'income_high'] -> ['risk_score_high']",0.03570195506027986,0.4551766095265362,1.365525995577979,"['apriori', 'eclat', 'fpgrowth']","{'age_senior', 'income_high'} -> {'risk_score_high'}",apriori+eclat+fpgrowth,3,True
"['age_senior', 'income_low', 'risk_score_high'] -> ['emp_new']",0.03577774347026708,0.6956664119637593,2.086641949231714,"['apriori', 'eclat', 'fpgrowth']","{'risk_score_high', 'age_senior', 'income_low'} -> {'emp_new'}",apriori+eclat+fpgrowth,3,True
"['age_senior', 'income_low', 'risk_score_med'] -> ['emp_new']",0.032611472119689545,0.7134610660771309,2.1400167724321246,"['apriori', 'eclat', 'fpgrowth']","{'age_senior', 'income_low', 'risk_score_med'} -> {'emp_new'}",apriori+eclat+fpgrowth,3,True
"['age_senior', 'income_low'] -> ['burden_high', 'cluster_0_minimal', 'credit_small']",0.09357856350087204,0.5810484863401427,2.521534938829105,['fpgrowth_cluster0'],"{'age_senior', 'income_low'} -> {'burden_high', 'cluster_0_minimal', 'credit_small'}",fpgrowth_cluster0,1,False
"['age_senior', 'income_low'] -> ['burden_high', 'cluster_0_minimal']",0.10187886475344855,0.6325867585527936,2.230204693363408,['fpgrowth_cluster0'],"{'age_senior', 'income_low'} -> {'burden_high', 'cluster_0_minimal'}",fpgrowth_cluster0,1,False
"['age_senior', 'income_low'] -> ['burden_high', 'cluster_4_bermasalah']",0.08317880794701987,0.5224625623960066,1.5206601179991712,['fpgrowth_cluster4'],"{'age_senior', 'income_low'} -> {'cluster_4_bermasalah', 'burden_high'}",fpgrowth_cluster4,1,False
"['age_senior', 'income_low'] -> ['burden_high', 'credit_small']",0.09357856350087204,0.5810484863401427,2.521534938829105,['fpgrowth_cluster0'],"{'age_senior', 'income_low'} -> {'burden_high', 'credit_small'}",fpgrowth_cluster0,1,False
"['age_senior', 'income_low'] -> ['burden_high', 'emp_new']",0.048431600959986526,0.3778882586127598,3.178706591709689,"['apriori', 'eclat', 'fpgrowth']","{'age_senior', 'income_low'} -> {'emp_new', 'burden_high'}",apriori+eclat+fpgrowth,3,True
"['age_senior', 'income_low'] -> ['burden_high']",0.07701434151824135,0.5431323373056847,1.686537753264783,"['apriori', 'eclat', 'fpgrowth', 'fpgrowth_cluster0', 'fpgrowth_cluster4']","{'age_senior', 'income_low'} -> {'burden_high'}",apriori+eclat+fpgrowth+fpgrowth_cluster0+fpgrowth_cluster4,5,True
"['age_senior', 'income_low'] -> ['cluster_0_minimal', 'credit_small', 'emp_new']",0.10713492944347551,0.6652227418163918,2.5022722208122996,['fpgrowth_cluster0'],"{'age_senior', 'income_low'} -> {'emp_new', 'credit_small', 'cluster_0_minimal'}",fpgrowth_cluster0,1,False
"['age_senior', 'income_low'] -> ['cluster_0_minimal', 'credit_small']",0.050691218368865,0.39551895573709456,1.6094117208954621,"['apriori', 'eclat', 'fpgrowth']","{'age_senior', 'income_low'} -> {'credit_small', 'cluster_0_minimal'}",apriori+eclat+fpgrowth,3,True
"['age_senior', 'income_low'] -> ['cluster_0_minimal', 'emp_new']",0.11910575550975107,0.7395520551316761,2.036435989310171,['fpgrowth_cluster0'],"{'age_senior', 'income_low'} -> {'emp_new', 'cluster_0_minimal'}",fpgrowth_cluster0,1,False
"['age_senior', 'income_low'] -> ['cluster_0_minimal']",0.05702376107002007,0.4449287106594538,1.2566043904866315,"['apriori', 'eclat', 'fpgrowth']","{'age_senior', 'income_low'} -> {'cluster_0_minimal'}",apriori+eclat+fpgrowth,3,True
"['age_senior', 'income_low'] -> ['cluster_1_veteran', 'credit_small']",0.0687615291648114,0.6093573844419391,1.8241270912367613,['fpgrowth_cluster1'],"{'age_senior', 'income_low'} -> {'cluster_1_veteran', 'credit_small'}",fpgrowth_cluster1,1,False
"['age_senior', 'income_low'] -> ['cluster_1_veteran', 'emp_new']",0.08574518160422365,0.7598647125140924,2.0962505519596477,['fpgrowth_cluster1'],"{'age_senior', 'income_low'} -> {'emp_new', 'cluster_1_veteran'}",fpgrowth_cluster1,1,False
"['age_senior', 'income_low'] -> ['cluster_2_ambisius', 'credit_med']",0.06530386828772441,0.5603323947531077,1.7256795767121504,['fpgrowth_cluster2'],"{'age_senior', 'income_low'} -> {'cluster_2_ambisius', 'credit_med'}",fpgrowth_cluster2,1,False
"['age_senior', 'income_low'] -> ['cluster_2_ambisius', 'emp_new']",0.07928669190564995,0.6803104182405054,2.1623960959765562,['fpgrowth_cluster2'],"{'age_senior', 'income_low'} -> {'emp_new', 'cluster_2_ambisius'}",fpgrowth_cluster2,1,False
"['age_senior', 'income_low'] -> ['cluster_3_cc_intensif', 'emp_new']",0.05606770161141635,0.6257201646090536,2.235986973782175,['fpgrowth_cluster3'],"{'age_senior', 'income_low'} -> {'emp_new', 'cluster_3_cc_intensif'}",fpgrowth_cluster3,1,False
"['age_senior', 'income_low'] -> ['cluster_4_bermasalah', 'emp_new']",0.11470198675496689,0.7204658901830282,1.9679875075549431,['fpgrowth_cluster4'],"{'age_senior', 'income_low'} -> {'emp_new', 'cluster_4_bermasalah'}",fpgrowth_cluster4,1,False
"['age_senior', 'income_low'] -> ['credit_med']",0.06530386828772441,0.5603323947531077,1.7256795767121504,['fpgrowth_cluster2'],"{'age_senior', 'income_low'} -> {'credit_med'}",fpgrowth_cluster2,1,False
"['age_senior', 'income_low'] -> ['credit_small', 'emp_new']",0.06424846969788871,0.4586248339242791,2.9236561088319117,"['apriori', 'eclat', 'fpgrowth', 'fpgrowth_cluster0']","{'age_senior', 'income_low'} -> {'emp_new', 'credit_small'}",apriori+eclat+fpgrowth+fpgrowth_cluster0,4,True
"['age_senior', 'income_low'] -> ['credit_small']",0.0674465190471782,0.5444635713453783,1.6299396883818071,"['apriori', 'eclat', 'fpgrowth', 'fpgrowth_cluster1']","{'age_senior', 'income_low'} -> {'credit_small'}",apriori+eclat+fpgrowth+fpgrowth_cluster1,4,True
"['age_senior', 'income_low'] -> ['emp_new']",0.09101872477416185,0.7072364502511362,2.1117371552262734,"['apriori', 'eclat', 'fpgrowth', 'fpgrowth_cluster0', 'fpgrowth_cluster1', 'fpgrowth_cluster2', 'fpgrowth_cluster3', 'fpgrowth_cluster4']","{'age_senior', 'income_low'} -> {'emp_new'}",apriori+eclat+fpgrowth+fpgrowth_cluster0+fpgrowth_cluster1+fpgrowth_cluster2+fpgrowth_cluster3+fpgrowth_cluster4,8,True
"['age_senior', 'income_low'] -> ['risk_score_high']",0.05142945362170356,0.4012790468472809,1.2038337614067809,"['apriori', 'eclat', 'fpgrowth']","{'age_senior', 'income_low'} -> {'risk_score_high'}",apriori+eclat+fpgrowth,3,True
"['age_senior', 'income_med'] -> ['cluster_1_veteran', 'emp_new']",0.05330449716939126,0.6654314452091054,1.8357360347681935,['fpgrowth_cluster1'],"{'age_senior', 'income_med'} -> {'emp_new', 'cluster_1_veteran'}",fpgrowth_cluster1,1,False
"['age_senior', 'income_med'] -> ['emp_new']",0.039498388541270635,0.6000524517483437,1.7597950392326112,"['apriori', 'eclat', 'fpgrowth', 'fpgrowth_cluster1']","{'age_senior', 'income_med'} -> {'emp_new'}",apriori+eclat+fpgrowth+fpgrowth_cluster1,4,True
"['age_senior', 'income_very_high'] -> ['burden_med', 'cluster_1_veteran']",0.0726204863982359,0.6374464917178485,1.546257722002206,['fpgrowth_cluster1'],"{'age_senior', 'income_very_high'} -> {'cluster_1_veteran', 'burden_med'}",fpgrowth_cluster1,1,False
"['age_senior', 'income_very_high'] -> ['burden_med', 'cluster_2_ambisius']",0.05337804848766198,0.6164155652093539,1.5501770153920305,['fpgrowth_cluster2'],"{'age_senior', 'income_very_high'} -> {'burden_med', 'cluster_2_ambisius'}",fpgrowth_cluster2,1,False
"['age_senior', 'income_very_high'] -> ['burden_med', 'cluster_3_cc_intensif']",0.05219587742910874,0.6494608855242028,1.6338339289917305,['fpgrowth_cluster3'],"{'age_senior', 'income_very_high'} -> {'cluster_3_cc_intensif', 'burden_med'}",fpgrowth_cluster3,1,False
"['age_senior', 'income_very_high'] -> ['burden_med']",0.04982650552707222,0.6205154739125013,1.6982911567425194,"['apriori', 'eclat', 'fpgrowth', 'fpgrowth_cluster1', 'fpgrowth_cluster2', 'fpgrowth_cluster3']","{'age_senior', 'income_very_high'} -> {'burden_med'}",apriori+eclat+fpgrowth+fpgrowth_cluster1+fpgrowth_cluster2+fpgrowth_cluster3,6,True
"['age_senior', 'income_very_high'] -> ['cluster_2_ambisius']",0.030368696579697128,0.4576177988325861,1.304865805898102,"['apriori', 'eclat', 'fpgrowth']","{'age_senior', 'income_very_high'} -> {'cluster_2_ambisius'}",apriori+eclat+fpgrowth,3,True
"['age_senior', 'income_very_high'] -> ['credit_large']",0.03887945432344809,0.5858641400896709,1.8192335718189607,"['apriori', 'eclat', 'fpgrowth']","{'age_senior', 'income_very_high'} -> {'credit_large'}",apriori+eclat+fpgrowth,3,True
"['age_senior', 'income_very_high'] -> ['risk_score_high']",0.03354619584286536,0.5054986887742153,1.5164918095632753,"['apriori', 'eclat', 'fpgrowth']","{'age_senior', 'income_very_high'} -> {'risk_score_high'}",apriori+eclat+fpgrowth,3,True
"['age_senior', 'risk_score_high'] -> ['cluster_0_minimal', 'credit_small', 'emp_new']",0.06193118756936737,0.552592487797977,2.0786072765204513,['fpgrowth_cluster0'],"{'risk_score_high', 'age_senior'} -> {'emp_new', 'credit_small', 'cluster_0_minimal'}",fpgrowth_cluster0,1,False
"['age_senior', 'risk_score_high'] -> ['cluster_0_minimal', 'emp_new']",0.07218963056920881,0.6441253448397821,1.773668296581242,['fpgrowth_cluster0'],"{'risk_score_high', 'age_senior'} -> {'emp_new', 'cluster_0_minimal'}",fpgrowth_cluster0,1,False
"['age_senior', 'risk_score_high'] -> ['cluster_1_veteran', 'emp_new']",0.09600746347772618,0.6119745911609676,1.6882637835122085,['fpgrowth_cluster1'],"{'risk_score_high', 'age_senior'} -> {'emp_new', 'cluster_1_veteran'}",fpgrowth_cluster1,1,False
"['age_senior', 'risk_score_high'] -> ['cluster_2_ambisius', 'emp_new']",0.09365370300706745,0.504505669814168,1.603593097435885,['fpgrowth_cluster2'],"{'risk_score_high', 'age_senior'} -> {'emp_new', 'cluster_2_ambisius'}",fpgrowth_cluster2,1,False
"['age_senior', 'risk_score_high'] -> ['cluster_2_ambisius']",0.06510224417902907,0.4432743396659149,1.2639664146317844,"['apriori', 'eclat', 'fpgrowth']","{'risk_score_high', 'age_senior'} -> {'cluster_2_ambisius'}",apriori+eclat+fpgrowth,3,True
"['age_senior', 'risk_score_high'] -> ['credit_small', 'emp_new']",0.06193118756936737,0.552592487797977,2.0786072765204513,['fpgrowth_cluster0'],"{'risk_score_high', 'age_senior'} -> {'emp_new', 'credit_small'}",fpgrowth_cluster0,1,False
"['age_senior', 'risk_score_high'] -> ['emp_new']",0.0842994744890007,0.5702681042628598,1.6746135273056943,"['apriori', 'eclat', 'fpgrowth', 'fpgrowth_cluster0', 'fpgrowth_cluster1', 'fpgrowth_cluster2']","{'risk_score_high', 'age_senior'} -> {'emp_new'}",apriori+eclat+fpgrowth+fpgrowth_cluster0+fpgrowth_cluster1+fpgrowth_cluster2,6,True
"['age_senior', 'risk_score_low'] -> ['cluster_1_veteran', 'emp_new']",0.07556771197760957,0.6234038831555012,1.7197939483658693,['fpgrowth_cluster1'],"{'risk_score_low', 'age_senior'} -> {'emp_new', 'cluster_1_veteran'}",fpgrowth_cluster1,1,False
"['age_senior', 'risk_score_low'] -> ['cluster_4_bermasalah', 'emp_new']",0.06357615894039735,0.6976744186046511,1.905731497997509,['fpgrowth_cluster4'],"{'risk_score_low', 'age_senior'} -> {'emp_new', 'cluster_4_bermasalah'}",fpgrowth_cluster4,1,False
"['age_senior', 'risk_score_low'] -> ['emp_new']",0.05449450519088549,0.6331112801097192,1.8316024877906378,"['apriori', 'eclat', 'fpgrowth', 'fpgrowth_cluster1', 'fpgrowth_cluster4']","{'risk_score_low', 'age_senior'} -> {'emp_new'}",apriori+eclat+fpgrowth+fpgrowth_cluster1+fpgrowth_cluster4,5,True
"['age_senior', 'risk_score_low'] -> ['income_low']",0.031025529466253105,0.4292093817955887,1.340909984930568,"['apriori', 'eclat', 'fpgrowth']","{'risk_score_low', 'age_senior'} -> {'income_low'}",apriori+eclat+fpgrowth,3,True
"['age_senior', 'risk_score_med'] -> ['cluster_0_minimal', 'credit_small', 'emp_new']",0.053741874108133816,0.5378451285306252,2.0231342670976638,['fpgrowth_cluster0'],"{'age_senior', 'risk_score_med'} -> {'emp_new', 'credit_small', 'cluster_0_minimal'}",fpgrowth_cluster0,1,False
"['age_senior', 'risk_score_med'] -> ['cluster_0_minimal', 'emp_new']",0.0669811320754717,0.6703427483338622,1.845860732057748,['fpgrowth_cluster0'],"{'age_senior', 'risk_score_med'} -> {'emp_new', 'cluster_0_minimal'}",fpgrowth_cluster0,1,False
"['age_senior', 'risk_score_med'] -> ['cluster_1_veteran', 'emp_new']",0.09363272056484956,0.6159854930952712,1.6993287208032448,['fpgrowth_cluster1'],"{'age_senior', 'risk_score_med'} -> {'emp_new', 'cluster_1_veteran'}",fpgrowth_cluster1,1,False
"['age_senior', 'risk_score_med'] -> ['cluster_2_ambisius', 'emp_new']",0.06488766518060814,0.5551979180934119,1.7647206016402368,['fpgrowth_cluster2'],"{'age_senior', 'risk_score_med'} -> {'emp_new', 'cluster_2_ambisius'}",fpgrowth_cluster2,1,False
"['age_senior', 'risk_score_med'] -> ['cluster_4_bermasalah', 'emp_new']",0.08052980132450331,0.6007905138339921,1.6410884151398841,['fpgrowth_cluster4'],"{'age_senior', 'risk_score_med'} -> {'emp_new', 'cluster_4_bermasalah'}",fpgrowth_cluster4,1,False
"['age_senior', 'risk_score_med'] -> ['credit_small', 'emp_new']",0.053741874108133816,0.5378451285306252,2.0231342670976638,['fpgrowth_cluster0'],"{'age_senior', 'risk_score_med'} -> {'emp_new', 'credit_small'}",fpgrowth_cluster0,1,False
"['age_senior', 'risk_score_med'] -> ['emp_new']",0.07274331492175794,0.6031536016858647,1.7556228600653419,"['apriori', 'eclat', 'fpgrowth', 'fpgrowth_cluster0', 'fpgrowth_cluster1', 'fpgrowth_cluster2', 'fpgrowth_cluster4']","{'age_senior', 'risk_score_med'} -> {'emp_new'}",apriori+eclat+fpgrowth+fpgrowth_cluster0+fpgrowth_cluster1+fpgrowth_cluster2+fpgrowth_cluster4,7,True
"['age_senior', 'risk_score_med'] -> ['income_low']",0.04570883215674166,0.4004032555509111,1.2509156279874232,"['apriori', 'eclat', 'fpgrowth']","{'age_senior', 'risk_score_med'} -> {'income_low'}",apriori+eclat+fpgrowth,3,True
"['age_senior'] -> ['cluster_0_minimal', 'credit_small', 'emp_new']",0.1492151577612177,0.5352328954103395,2.013308207403239,['fpgrowth_cluster0'],"{'age_senior'} -> {'emp_new', 'credit_small', 'cluster_0_minimal'}",fpgrowth_cluster0,1,False
"['age_senior'] -> ['cluster_0_minimal', 'emp_new']",0.1841446012367211,0.6605243701302395,1.8188247734774479,['fpgrowth_cluster0'],"{'age_senior'} -> {'emp_new', 'cluster_0_minimal'}",fpgrowth_cluster0,1,False
"['age_senior'] -> ['cluster_1_veteran', 'emp_new']",0.2652078960201853,0.6166132610303179,1.7010605539291577,['fpgrowth_cluster1'],"{'age_senior'} -> {'emp_new', 'cluster_1_veteran'}",fpgrowth_cluster1,1,False
"['age_senior'] -> ['cluster_2_ambisius', 'emp_new']",0.19258998391214913,0.5343667414332985,1.6985078054274019,['fpgrowth_cluster2'],"{'age_senior'} -> {'emp_new', 'cluster_2_ambisius'}",fpgrowth_cluster2,1,False
"['age_senior'] -> ['cluster_4_bermasalah', 'emp_new']",0.2214569536423841,0.596716630977873,1.6299604066146673,['fpgrowth_cluster4'],"{'age_senior'} -> {'emp_new', 'cluster_4_bermasalah'}",fpgrowth_cluster4,1,False
"['age_senior'] -> ['credit_small', 'emp_new']",0.1492151577612177,0.5352328954103395,2.013308207403239,['fpgrowth_cluster0'],"{'age_senior'} -> {'emp_new', 'credit_small'}",fpgrowth_cluster0,1,False
['age_senior'] -> ['emp_new'],0.20626371786210496,0.592812552712422,1.7245513910516412,"['apriori', 'eclat', 'fpgrowth', 'fpgrowth_cluster0', 'fpgrowth_cluster1', 'fpgrowth_cluster2', 'fpgrowth_cluster4']",{'age_senior'} -> {'emp_new'},apriori+eclat+fpgrowth+fpgrowth_cluster0+fpgrowth_cluster1+fpgrowth_cluster2+fpgrowth_cluster4,7,True
['age_senior'] -> ['income_low'],0.12816381524469833,0.38451950851839695,1.2012925864199093,"['apriori', 'eclat', 'fpgrowth']",{'age_senior'} -> {'income_low'},apriori+eclat+fpgrowth,3,True
['age_senior'] -> ['risk_score_high'],0.14686671064265766,0.4406322899034049,1.3218931591850034,"['apriori', 'eclat', 'fpgrowth']",{'age_senior'} -> {'risk_score_high'},apriori+eclat+fpgrowth,3,True
"['age_young', 'burden_high', 'cluster_0_minimal', 'credit_small'] -> ['income_low']",0.0771920088790233,0.9799718196457327,2.1866523735669405,['fpgrowth_cluster0'],"{'age_young', 'burden_high', 'cluster_0_minimal', 'credit_small'} -> {'income_low'}",fpgrowth_cluster0,1,False
"['age_young', 'burden_high', 'cluster_0_minimal', 'risk_score_low'] -> ['income_low']",0.05286189947677184,0.8162565797527237,1.8213476671208464,['fpgrowth_cluster0'],"{'risk_score_low', 'age_young', 'burden_high', 'cluster_0_minimal'} -> {'income_low'}",fpgrowth_cluster0,1,False
"['age_young', 'burden_high', 'cluster_0_minimal'] -> ['credit_small', 'income_low']",0.0771920088790233,0.7091769847050254,1.8837513656227238,['fpgrowth_cluster0'],"{'age_young', 'burden_high', 'cluster_0_minimal'} -> {'income_low', 'credit_small'}",fpgrowth_cluster0,1,False
"['age_young', 'burden_high', 'cluster_0_minimal'] -> ['income_low']",0.04732112060549229,0.8432629278951203,2.446255285785248,"['apriori', 'eclat', 'fpgrowth', 'fpgrowth_cluster0']","{'age_young', 'burden_high', 'cluster_0_minimal'} -> {'income_low'}",apriori+eclat+fpgrowth+fpgrowth_cluster0,4,True
"['age_young', 'burden_high', 'cluster_2_ambisius'] -> ['credit_large']",0.03409636355980969,0.741665649041397,2.303030609783513,"['apriori', 'eclat', 'fpgrowth']","{'age_young', 'burden_high', 'cluster_2_ambisius'} -> {'credit_large'}",apriori+eclat+fpgrowth,3,True
"['age_young', 'burden_high', 'credit_large'] -> ['cluster_2_ambisius']",0.03409636355980969,0.8133244057582859,2.319138829135964,"['apriori', 'eclat', 'fpgrowth']","{'credit_large', 'age_young', 'burden_high'} -> {'cluster_2_ambisius'}",apriori+eclat+fpgrowth,3,True
"['age_young', 'burden_high', 'credit_small'] -> ['cluster_0_minimal', 'income_low']",0.0771920088790233,0.9799718196457327,2.1866523735669405,['fpgrowth_cluster0'],"{'age_young', 'burden_high', 'credit_small'} -> {'income_low', 'cluster_0_minimal'}",fpgrowth_cluster0,1,False
"['age_young', 'burden_high', 'credit_small'] -> ['income_low']",0.04322608743961239,0.9782832774920782,2.8375643576833673,"['apriori', 'eclat', 'fpgrowth', 'fpgrowth_cluster0']","{'age_young', 'burden_high', 'credit_small'} -> {'income_low'}",apriori+eclat+fpgrowth+fpgrowth_cluster0,4,True
"['age_young', 'burden_high', 'income_low'] -> ['cluster_0_minimal']",0.032499192993782546,0.6505956394695437,1.8374659072397517,"['apriori', 'eclat', 'fpgrowth']","{'age_young', 'income_low', 'burden_high'} -> {'cluster_0_minimal'}",apriori+eclat+fpgrowth,3,True
"['age_young', 'burden_high', 'income_low'] -> ['credit_small']",0.03190411362647542,0.6386828500786693,1.9120340060568932,"['apriori', 'eclat', 'fpgrowth']","{'age_young', 'income_low', 'burden_high'} -> {'credit_small'}",apriori+eclat+fpgrowth,3,True
"['age_young', 'burden_high', 'risk_score_low'] -> ['cluster_0_minimal', 'income_low']",0.05286189947677184,0.8162565797527237,1.8213476671208464,['fpgrowth_cluster0'],"{'risk_score_low', 'age_young', 'burden_high'} -> {'income_low', 'cluster_0_minimal'}",fpgrowth_cluster0,1,False
"['age_young', 'burden_high', 'risk_score_low'] -> ['income_low']",0.05286189947677184,0.8162565797527237,1.8213476671208464,['fpgrowth_cluster0'],"{'risk_score_low', 'age_young', 'burden_high'} -> {'income_low'}",fpgrowth_cluster0,1,False
"['age_young', 'burden_high'] -> ['cluster_0_minimal', 'credit_small', 'income_low']",0.0771920088790233,0.7091769847050254,1.8837513656227238,['fpgrowth_cluster0'],"{'age_young', 'burden_high'} -> {'income_low', 'credit_small', 'cluster_0_minimal'}",fpgrowth_cluster0,1,False
"['age_young', 'burden_high'] -> ['cluster_0_minimal', 'income_low']",0.09178690344062153,0.8432629278951201,1.8816080685763643,['fpgrowth_cluster0'],"{'age_young', 'burden_high'} -> {'income_low', 'cluster_0_minimal'}",fpgrowth_cluster0,1,False
"['age_young', 'burden_high'] -> ['cluster_2_ambisius']",0.04597268810262312,0.43807842507890654,1.2491506201145028,"['apriori', 'eclat', 'fpgrowth']","{'age_young', 'burden_high'} -> {'cluster_2_ambisius'}",apriori+eclat+fpgrowth,3,True
"['age_young', 'burden_high'] -> ['credit_large']",0.04192221863552792,0.399481089177767,1.2404742994301774,"['apriori', 'eclat', 'fpgrowth']","{'age_young', 'burden_high'} -> {'credit_large'}",apriori+eclat+fpgrowth,3,True
"['age_young', 'burden_high'] -> ['credit_small', 'income_low']",0.0771920088790233,0.7091769847050254,1.8837513656227238,['fpgrowth_cluster0'],"{'age_young', 'burden_high'} -> {'income_low', 'credit_small'}",fpgrowth_cluster0,1,False
"['age_young', 'burden_high'] -> ['emp_mid']",0.05096630222733716,0.485663082437276,1.4566539660520104,"['apriori', 'eclat', 'fpgrowth']","{'age_young', 'burden_high'} -> {'emp_mid'}",apriori+eclat+fpgrowth,3,True
"['age_young', 'burden_high'] -> ['income_low']",0.06041146319717522,0.5678210280739244,1.5857363656410786,"['apriori', 'eclat', 'fpgrowth', 'fpgrowth_cluster0']","{'age_young', 'burden_high'} -> {'income_low'}",apriori+eclat+fpgrowth+fpgrowth_cluster0,4,True
"['age_young', 'burden_high'] -> ['risk_score_low']",0.05174383517424317,0.49307227304338525,1.4792126670125236,"['apriori', 'eclat', 'fpgrowth']","{'age_young', 'burden_high'} -> {'risk_score_low'}",apriori+eclat+fpgrowth,3,True
"['age_young', 'burden_low', 'cluster_0_minimal', 'credit_small'] -> ['emp_mid']",0.031168685351784537,0.5080527086383602,1.5238073878038962,"['apriori', 'eclat', 'fpgrowth']","{'burden_low', 'age_young', 'credit_small', 'cluster_0_minimal'} -> {'emp_mid'}",apriori+eclat+fpgrowth,3,True
"['age_young', 'burden_low', 'cluster_0_minimal', 'credit_small'] -> ['risk_score_low']",0.03262550701042792,0.5317990483162518,1.5953926667164027,"['apriori', 'eclat', 'fpgrowth']","{'burden_low', 'age_young', 'credit_small', 'cluster_0_minimal'} -> {'risk_score_low'}",apriori+eclat+fpgrowth,3,True
"['age_young', 'burden_low', 'cluster_0_minimal', 'emp_mid'] -> ['credit_small']",0.031168685351784537,0.7764491993566884,2.324467101258116,"['apriori', 'eclat', 'fpgrowth']","{'emp_mid', 'burden_low', 'age_young', 'cluster_0_minimal'} -> {'credit_small'}",apriori+eclat+fpgrowth,3,True
"['age_young', 'burden_low', 'cluster_0_minimal', 'risk_score_low'] -> ['credit_small']",0.03262550701042792,0.7692765901118537,2.3029943581171457,"['apriori', 'eclat', 'fpgrowth']","{'burden_low', 'age_young', 'cluster_0_minimal', 'risk_score_low'} -> {'credit_small'}",apriori+eclat+fpgrowth,3,True
"['age_young', 'burden_low', 'cluster_0_minimal'] -> ['credit_small', 'emp_mid']",0.031168685351784537,0.3922981805334747,3.4506490619217076,"['apriori', 'eclat', 'fpgrowth']","{'burden_low', 'age_young', 'cluster_0_minimal'} -> {'emp_mid', 'credit_small'}",apriori+eclat+fpgrowth,3,True
"['age_young', 'burden_low', 'cluster_0_minimal'] -> ['credit_small', 'risk_score_low']",0.03262550701042792,0.41063416357534005,3.27711635180405,"['apriori', 'eclat', 'fpgrowth']","{'burden_low', 'age_young', 'cluster_0_minimal'} -> {'risk_score_low', 'credit_small'}",apriori+eclat+fpgrowth,3,True
"['age_young', 'burden_low', 'cluster_0_minimal'] -> ['credit_small']",0.06134931439558743,0.7721603956898075,2.311627648225413,"['apriori', 'eclat', 'fpgrowth']","{'burden_low', 'age_young', 'cluster_0_minimal'} -> {'credit_small'}",apriori+eclat+fpgrowth,3,True
"['age_young', 'burden_low', 'cluster_0_minimal'] -> ['emp_mid']",0.040142594489901894,0.5052464228934818,1.5153904679102983,"['apriori', 'eclat', 'fpgrowth']","{'burden_low', 'age_young', 'cluster_0_minimal'} -> {'emp_mid'}",apriori+eclat+fpgrowth,3,True
"['age_young', 'burden_low', 'cluster_0_minimal'] -> ['risk_score_low']",0.042410632833223404,0.5337926161455574,1.6013733534166628,"['apriori', 'eclat', 'fpgrowth']","{'burden_low', 'age_young', 'cluster_0_minimal'} -> {'risk_score_low'}",apriori+eclat+fpgrowth,3,True
"['age_young', 'burden_low', 'cluster_1_veteran'] -> ['credit_small']",0.05536119415643619,0.6410508224895655,1.9190022177769201,['fpgrowth_cluster1'],"{'cluster_1_veteran', 'burden_low', 'age_young'} -> {'credit_small'}",fpgrowth_cluster1,1,False
"['age_young', 'burden_low', 'cluster_1_veteran'] -> ['risk_score_low']",0.053219684922502807,0.6162533758900073,1.5686721700723454,['fpgrowth_cluster1'],"{'cluster_1_veteran', 'burden_low', 'age_young'} -> {'risk_score_low'}",fpgrowth_cluster1,1,False
"['age_young', 'burden_low', 'cluster_3_cc_intensif'] -> ['credit_small']",0.0600317120837789,0.5863497208716009,2.258856180171453,['fpgrowth_cluster3'],"{'cluster_3_cc_intensif', 'age_young', 'burden_low'} -> {'credit_small'}",fpgrowth_cluster3,1,False
"['age_young', 'burden_low', 'cluster_3_cc_intensif'] -> ['risk_score_low']",0.058538294184888824,0.5717630109850531,1.6161810605486402,['fpgrowth_cluster3'],"{'cluster_3_cc_intensif', 'age_young', 'burden_low'} -> {'risk_score_low'}",fpgrowth_cluster3,1,False
"['age_young', 'burden_low', 'cluster_4_bermasalah'] -> ['credit_small']",0.05192052980132451,0.6125,1.9140625,['fpgrowth_cluster4'],"{'cluster_4_bermasalah', 'burden_low', 'age_young'} -> {'credit_small'}",fpgrowth_cluster4,1,False
"['age_young', 'burden_low', 'credit_small', 'emp_mid'] -> ['cluster_0_minimal']",0.031168685351784537,0.7854010468241618,2.218194465961168,"['apriori', 'eclat', 'fpgrowth']","{'emp_mid', 'burden_low', 'age_young', 'credit_small'} -> {'cluster_0_minimal'}",apriori+eclat+fpgrowth,3,True
"['age_young', 'burden_low', 'credit_small', 'risk_score_low'] -> ['cluster_0_minimal']",0.03262550701042792,0.757346712712582,2.138961099868566,"['apriori', 'eclat', 'fpgrowth']","{'burden_low', 'age_young', 'credit_small', 'risk_score_low'} -> {'cluster_0_minimal'}",apriori+eclat+fpgrowth,3,True
"['age_young', 'burden_low', 'credit_small'] -> ['cluster_0_minimal', 'emp_mid']",0.031168685351784537,0.39762228747403855,3.022552127855238,"['apriori', 'eclat', 'fpgrowth']","{'burden_low', 'age_young', 'credit_small'} -> {'emp_mid', 'cluster_0_minimal'}",apriori+eclat+fpgrowth,3,True
"['age_young', 'burden_low', 'credit_small'] -> ['cluster_0_minimal', 'risk_score_low']",0.03262550701042792,0.41620711881400846,2.9266514115167492,"['apriori', 'eclat', 'fpgrowth']","{'burden_low', 'age_young', 'credit_small'} -> {'risk_score_low', 'cluster_0_minimal'}",apriori+eclat+fpgrowth,3,True
"['age_young', 'burden_low', 'credit_small'] -> ['cluster_0_minimal']",0.06134931439558743,0.7826398338465946,2.2103960203505513,"['apriori', 'eclat', 'fpgrowth']","{'burden_low', 'age_young', 'credit_small'} -> {'cluster_0_minimal'}",apriori+eclat+fpgrowth,3,True
"['age_young', 'burden_low', 'credit_small'] -> ['emp_mid']",0.039685057051830855,0.5062665616271576,1.5184501798506724,"['apriori', 'eclat', 'fpgrowth']","{'burden_low', 'age_young', 'credit_small'} -> {'emp_mid'}",apriori+eclat+fpgrowth,3,True
"['age_young', 'burden_low', 'credit_small'] -> ['risk_score_low']",0.043078693632370074,0.5495595502399199,1.6486740229278045,"['apriori', 'eclat', 'fpgrowth']","{'burden_low', 'age_young', 'credit_small'} -> {'risk_score_low'}",apriori+eclat+fpgrowth,3,True
"['age_young', 'burden_low', 'emp_mid'] -> ['cluster_0_minimal', 'credit_small']",0.031168685351784537,0.5269552012148823,2.1442407877557983,"['apriori', 'eclat', 'fpgrowth']","{'emp_mid', 'burden_low', 'age_young'} -> {'credit_small', 'cluster_0_minimal'}",apriori+eclat+fpgrowth,3,True
"['age_young', 'burden_low', 'emp_mid'] -> ['cluster_0_minimal']",0.040142594489901894,0.6786731207289294,1.9167646474178273,"['apriori', 'eclat', 'fpgrowth']","{'emp_mid', 'burden_low', 'age_young'} -> {'cluster_0_minimal'}",apriori+eclat+fpgrowth,3,True
"['age_young', 'burden_low', 'emp_mid'] -> ['credit_small']",0.039685057051830855,0.6709377372817009,2.008595924364437,"['apriori', 'eclat', 'fpgrowth']","{'emp_mid', 'burden_low', 'age_young'} -> {'credit_small'}",apriori+eclat+fpgrowth,3,True
"['age_young', 'burden_low', 'emp_mid'] -> ['risk_score_low']",0.03273497915818725,0.5534358390280941,1.6603028566504452,"['apriori', 'eclat', 'fpgrowth']","{'emp_mid', 'burden_low', 'age_young'} -> {'risk_score_low'}",apriori+eclat+fpgrowth,3,True
"['age_young', 'burden_low', 'risk_score_low'] -> ['cluster_0_minimal', 'credit_small']",0.03262550701042792,0.5113731356416912,2.0808355865499046,"['apriori', 'eclat', 'fpgrowth']","{'burden_low', 'age_young', 'risk_score_low'} -> {'credit_small', 'cluster_0_minimal'}",apriori+eclat+fpgrowth,3,True
"['age_young', 'burden_low', 'risk_score_low'] -> ['cluster_0_minimal']",0.042410632833223404,0.66474547934357,1.8774290529851239,"['apriori', 'eclat', 'fpgrowth']","{'burden_low', 'age_young', 'risk_score_low'} -> {'cluster_0_minimal'}",apriori+eclat+fpgrowth,3,True
"['age_young', 'burden_low', 'risk_score_low'] -> ['credit_small']",0.043078693632370074,0.6752166835320517,2.0214058671079322,"['apriori', 'eclat', 'fpgrowth']","{'burden_low', 'age_young', 'risk_score_low'} -> {'credit_small'}",apriori+eclat+fpgrowth,3,True
"['age_young', 'burden_low', 'risk_score_low'] -> ['emp_mid']",0.03273497915818725,0.5130890052356021,1.53891280074937,"['apriori', 'eclat', 'fpgrowth']","{'burden_low', 'age_young', 'risk_score_low'} -> {'emp_mid'}",apriori+eclat+fpgrowth,3,True
"['age_young', 'burden_low'] -> ['cluster_0_minimal', 'credit_small']",0.06134931439558743,0.5129914329304073,2.087420622707019,"['apriori', 'eclat', 'fpgrowth']","{'burden_low', 'age_young'} -> {'credit_small', 'cluster_0_minimal'}",apriori+eclat+fpgrowth,3,True
"['age_young', 'burden_low'] -> ['cluster_0_minimal', 'risk_score_low']",0.042410632833223404,0.3546297382936275,2.4936565888164433,"['apriori', 'eclat', 'fpgrowth']","{'burden_low', 'age_young'} -> {'risk_score_low', 'cluster_0_minimal'}",apriori+eclat+fpgrowth,3,True
"['age_young', 'burden_low'] -> ['cluster_0_minimal']",0.07945151646994428,0.6643586433517192,1.876336518846256,"['apriori', 'eclat', 'fpgrowth']","{'burden_low', 'age_young'} -> {'cluster_0_minimal'}",apriori+eclat+fpgrowth,3,True
"['age_young', 'burden_low'] -> ['cluster_1_veteran', 'credit_small']",0.05536119415643619,0.6410508224895655,1.9190022177769201,['fpgrowth_cluster1'],"{'burden_low', 'age_young'} -> {'cluster_1_veteran', 'credit_small'}",fpgrowth_cluster1,1,False
"['age_young', 'burden_low'] -> ['cluster_1_veteran', 'risk_score_low']",0.053219684922502807,0.6162533758900073,1.5686721700723454,['fpgrowth_cluster1'],"{'burden_low', 'age_young'} -> {'cluster_1_veteran', 'risk_score_low'}",fpgrowth_cluster1,1,False
"['age_young', 'burden_low'] -> ['cluster_3_cc_intensif', 'credit_small']",0.0600317120837789,0.5863497208716009,2.258856180171453,['fpgrowth_cluster3'],"{'burden_low', 'age_young'} -> {'cluster_3_cc_intensif', 'credit_small'}",fpgrowth_cluster3,1,False
"['age_young', 'burden_low'] -> ['cluster_3_cc_intensif', 'risk_score_low']",0.058538294184888824,0.5717630109850531,1.6161810605486402,['fpgrowth_cluster3'],"{'burden_low', 'age_young'} -> {'cluster_3_cc_intensif', 'risk_score_low'}",fpgrowth_cluster3,1,False
"['age_young', 'burden_low'] -> ['cluster_4_bermasalah', 'credit_small']",0.05192052980132451,0.6125,1.9140625,['fpgrowth_cluster4'],"{'burden_low', 'age_young'} -> {'cluster_4_bermasalah', 'credit_small'}",fpgrowth_cluster4,1,False
"['age_young', 'burden_low'] -> ['credit_small', 'risk_score_low']",0.043078693632370074,0.36021593709658495,2.8747475060560905,"['apriori', 'eclat', 'fpgrowth']","{'burden_low', 'age_young'} -> {'risk_score_low', 'credit_small'}",apriori+eclat+fpgrowth,3,True
"['age_young', 'burden_low'] -> ['credit_small']",0.06707940854957763,0.6343815774748758,1.99645460122393,"['apriori', 'eclat', 'fpgrowth', 'fpgrowth_cluster1', 'fpgrowth_cluster3', 'fpgrowth_cluster4']","{'burden_low', 'age_young'} -> {'credit_small'}",apriori+eclat+fpgrowth+fpgrowth_cluster1+fpgrowth_cluster3+fpgrowth_cluster4,6,True
"['age_young', 'burden_low'] -> ['emp_mid']",0.05914864352781014,0.4945898368736064,1.4834280667071338,"['apriori', 'eclat', 'fpgrowth']","{'burden_low', 'age_young'} -> {'emp_mid'}",apriori+eclat+fpgrowth,3,True
"['age_young', 'burden_low'] -> ['risk_score_low']",0.06063147961258301,0.5576924687844711,1.5972355249100434,"['apriori', 'eclat', 'fpgrowth', 'fpgrowth_cluster1', 'fpgrowth_cluster3']","{'burden_low', 'age_young'} -> {'risk_score_low'}",apriori+eclat+fpgrowth+fpgrowth_cluster1+fpgrowth_cluster3,5,True
"['age_young', 'burden_med', 'cluster_0_minimal'] -> ['credit_med']",0.07085777707309339,0.6535536706639368,2.150495891940759,['fpgrowth_cluster0'],"{'burden_med', 'age_young', 'cluster_0_minimal'} -> {'credit_med'}",fpgrowth_cluster0,1,False
"['age_young', 'burden_med', 'cluster_1_veteran'] -> ['income_very_high']",0.05743909420520323,0.5176762851137016,1.6438975649621268,['fpgrowth_cluster1'],"{'cluster_1_veteran', 'burden_med', 'age_young'} -> {'income_very_high'}",fpgrowth_cluster1,1,False
"['age_young', 'burden_med'] -> ['cluster_0_minimal', 'credit_med']",0.07085777707309339,0.6535536706639368,2.150495891940759,['fpgrowth_cluster0'],"{'burden_med', 'age_young'} -> {'cluster_0_minimal', 'credit_med'}",fpgrowth_cluster0,1,False
"['age_young', 'burden_med'] -> ['cluster_1_veteran', 'income_very_high']",0.05743909420520323,0.5176762851137016,1.6438975649621268,['fpgrowth_cluster1'],"{'burden_med', 'age_young'} -> {'cluster_1_veteran', 'income_very_high'}",fpgrowth_cluster1,1,False
"['age_young', 'burden_med'] -> ['credit_med']",0.05774756661041591,0.5310699768709135,1.6066900803791475,"['apriori', 'eclat', 'fpgrowth', 'fpgrowth_cluster0']","{'burden_med', 'age_young'} -> {'credit_med'}",apriori+eclat+fpgrowth+fpgrowth_cluster0,4,True
"['age_young', 'burden_med'] -> ['emp_mid']",0.05272627752592946,0.48426100183041587,1.4524486921686055,"['apriori', 'eclat', 'fpgrowth']","{'burden_med', 'age_young'} -> {'emp_mid'}",apriori+eclat+fpgrowth,3,True
"['age_young', 'burden_med'] -> ['income_very_high']",0.04967296213812766,0.4537507116919447,1.776913255828761,"['apriori', 'eclat', 'fpgrowth', 'fpgrowth_cluster1']","{'burden_med', 'age_young'} -> {'income_very_high'}",apriori+eclat+fpgrowth+fpgrowth_cluster1,4,True
"['age_young', 'burden_med'] -> ['risk_score_low']",0.053329777827679614,0.4898038103586069,1.4694073064816215,"['apriori', 'eclat', 'fpgrowth']","{'burden_med', 'age_young'} -> {'risk_score_low'}",apriori+eclat+fpgrowth,3,True
"['age_young', 'cluster_0_minimal', 'credit_med'] -> ['risk_score_low']",0.032311125457888314,0.6012849979105725,1.8038499303643813,"['apriori', 'eclat', 'fpgrowth']","{'age_young', 'cluster_0_minimal', 'credit_med'} -> {'risk_score_low'}",apriori+eclat+fpgrowth,3,True
"['age_young', 'cluster_0_minimal', 'credit_small', 'emp_mid'] -> ['burden_low']",0.031168685351784537,0.6021691973969632,1.8064568853408707,"['apriori', 'eclat', 'fpgrowth']","{'emp_mid', 'age_young', 'credit_small', 'cluster_0_minimal'} -> {'burden_low'}",apriori+eclat+fpgrowth,3,True
"['age_young', 'cluster_0_minimal', 'credit_small', 'income_low'] -> ['burden_high']",0.0771920088790233,0.5559234941478732,1.959925921680671,['fpgrowth_cluster0'],"{'age_young', 'income_low', 'credit_small', 'cluster_0_minimal'} -> {'burden_high'}",fpgrowth_cluster0,1,False
"['age_young', 'cluster_0_minimal', 'credit_small', 'income_med'] -> ['burden_low']",0.05029332487712066,0.8454157782515991,1.6765040523928487,['fpgrowth_cluster0'],"{'age_young', 'credit_small', 'cluster_0_minimal', 'income_med'} -> {'burden_low'}",fpgrowth_cluster0,1,False
"['age_young', 'cluster_0_minimal', 'credit_small', 'risk_score_low'] -> ['burden_low']",0.03262550701042792,0.5990619523760436,1.797135411929834,"['apriori', 'eclat', 'fpgrowth']","{'risk_score_low', 'age_young', 'credit_small', 'cluster_0_minimal'} -> {'burden_low'}",apriori+eclat+fpgrowth,3,True
"['age_young', 'cluster_0_minimal', 'credit_small'] -> ['burden_low']",0.06134931439558743,0.6010339896601035,1.8030513577227076,"['apriori', 'eclat', 'fpgrowth']","{'age_young', 'credit_small', 'cluster_0_minimal'} -> {'burden_low'}",apriori+eclat+fpgrowth,3,True
"['age_young', 'cluster_0_minimal', 'credit_small'] -> ['emp_mid']",0.05176067704312922,0.5070949290507095,1.52093471025148,"['apriori', 'eclat', 'fpgrowth']","{'age_young', 'credit_small', 'cluster_0_minimal'} -> {'emp_mid'}",apriori+eclat+fpgrowth,3,True
"['age_young', 'cluster_0_minimal', 'credit_small'] -> ['income_low']",0.04916422225652974,0.48165768342316584,1.504765795935562,"['apriori', 'eclat', 'fpgrowth']","{'age_young', 'credit_small', 'cluster_0_minimal'} -> {'income_low'}",apriori+eclat+fpgrowth,3,True
"['age_young', 'cluster_0_minimal', 'credit_small'] -> ['risk_score_low']",0.05446099002119268,0.5335496645033551,1.60064450053593,"['apriori', 'eclat', 'fpgrowth']","{'age_young', 'credit_small', 'cluster_0_minimal'} -> {'risk_score_low'}",apriori+eclat+fpgrowth,3,True
"['age_young', 'cluster_0_minimal', 'emp_mid'] -> ['burden_low', 'credit_small']",0.031168685351784537,0.39083453591918627,2.05242862019295,"['apriori', 'eclat', 'fpgrowth']","{'emp_mid', 'age_young', 'cluster_0_minimal'} -> {'burden_low', 'credit_small'}",apriori+eclat+fpgrowth,3,True
"['age_young', 'cluster_0_minimal', 'emp_mid'] -> ['burden_low']",0.040142594489901894,0.5033613741156594,1.510041735805433,"['apriori', 'eclat', 'fpgrowth']","{'emp_mid', 'age_young', 'cluster_0_minimal'} -> {'burden_low'}",apriori+eclat+fpgrowth,3,True
"['age_young', 'cluster_0_minimal', 'emp_mid'] -> ['credit_small']",0.05176067704312922,0.6490443842173806,1.9430534793771728,"['apriori', 'eclat', 'fpgrowth']","{'emp_mid', 'age_young', 'cluster_0_minimal'} -> {'credit_small'}",apriori+eclat+fpgrowth,3,True
"['age_young', 'cluster_0_minimal', 'emp_mid'] -> ['income_low']",0.030972196881447273,0.38837070148885994,1.213324250514446,"['apriori', 'eclat', 'fpgrowth']","{'emp_mid', 'age_young', 'cluster_0_minimal'} -> {'income_low'}",apriori+eclat+fpgrowth,3,True
"['age_young', 'cluster_0_minimal', 'emp_mid'] -> ['risk_score_low']",0.04596146019003242,0.5763260708880363,1.728973359473671,"['apriori', 'eclat', 'fpgrowth']","{'emp_mid', 'age_young', 'cluster_0_minimal'} -> {'risk_score_low'}",apriori+eclat+fpgrowth,3,True
"['age_young', 'cluster_0_minimal', 'emp_new'] -> ['risk_score_low']",0.07413984461709212,0.6062098917482337,1.5093027740628888,['fpgrowth_cluster0'],"{'emp_new', 'age_young', 'cluster_0_minimal'} -> {'risk_score_low'}",fpgrowth_cluster0,1,False
"['age_young', 'cluster_0_minimal', 'income_low', 'risk_score_low'] -> ['burden_high']",0.05286189947677184,0.5319081046585833,1.8752589038719276,['fpgrowth_cluster0'],"{'risk_score_low', 'age_young', 'income_low', 'cluster_0_minimal'} -> {'burden_high'}",fpgrowth_cluster0,1,False
"['age_young', 'cluster_0_minimal', 'income_low'] -> ['burden_high']",0.04732112060549229,0.530443945571998,1.6610197685573547,"['apriori', 'eclat', 'fpgrowth', 'fpgrowth_cluster0']","{'age_young', 'income_low', 'cluster_0_minimal'} -> {'burden_high'}",apriori+eclat+fpgrowth+fpgrowth_cluster0,4,True
"['age_young', 'cluster_0_minimal', 'income_low'] -> ['credit_small']",0.04916422225652974,0.8024465112017228,2.40229562649196,"['apriori', 'eclat', 'fpgrowth']","{'income_low', 'age_young', 'cluster_0_minimal'} -> {'credit_small'}",apriori+eclat+fpgrowth,3,True
"['age_young', 'cluster_0_minimal', 'income_low'] -> ['emp_mid']",0.030972196881447273,0.505520685389655,1.5162130660595858,"['apriori', 'eclat', 'fpgrowth']","{'income_low', 'age_young', 'cluster_0_minimal'} -> {'emp_mid'}",apriori+eclat+fpgrowth,3,True
"['age_young', 'cluster_0_minimal', 'income_low'] -> ['risk_score_low']",0.035188278059255305,0.5743345397901681,1.7229987829505722,"['apriori', 'eclat', 'fpgrowth']","{'income_low', 'age_young', 'cluster_0_minimal'} -> {'risk_score_low'}",apriori+eclat+fpgrowth,3,True
"['age_young', 'cluster_0_minimal', 'risk_score_low'] -> ['burden_low', 'credit_small']",0.03262550701042792,0.3736938558981448,1.9624160470665324,"['apriori', 'eclat', 'fpgrowth']","{'risk_score_low', 'age_young', 'cluster_0_minimal'} -> {'burden_low', 'credit_small'}",apriori+eclat+fpgrowth,3,True
"['age_young', 'cluster_0_minimal', 'risk_score_low'] -> ['burden_low']",0.042410632833223404,0.4857730765521011,1.457278324172193,"['apriori', 'eclat', 'fpgrowth']","{'risk_score_low', 'age_young', 'cluster_0_minimal'} -> {'burden_low'}",apriori+eclat+fpgrowth,3,True
"['age_young', 'cluster_0_minimal', 'risk_score_low'] -> ['credit_small']",0.05446099002119268,0.6237983474262933,1.8674740570445134,"['apriori', 'eclat', 'fpgrowth']","{'risk_score_low', 'age_young', 'cluster_0_minimal'} -> {'credit_small'}",apriori+eclat+fpgrowth,3,True
"['age_young', 'cluster_0_minimal', 'risk_score_low'] -> ['emp_mid']",0.04596146019003242,0.5264443944314053,1.5789697483407028,"['apriori', 'eclat', 'fpgrowth']","{'risk_score_low', 'age_young', 'cluster_0_minimal'} -> {'emp_mid'}",apriori+eclat+fpgrowth,3,True
"['age_young', 'cluster_0_minimal', 'risk_score_low'] -> ['income_low']",0.035188278059255305,0.4030479374979905,1.2591779833324266,"['apriori', 'eclat', 'fpgrowth']","{'risk_score_low', 'age_young', 'cluster_0_minimal'} -> {'income_low'}",apriori+eclat+fpgrowth,3,True
"['age_young', 'cluster_0_minimal', 'risk_score_med'] -> ['credit_small']",0.03141569942877995,0.6742168674698795,2.0184127034267103,"['apriori', 'eclat', 'fpgrowth']","{'age_young', 'cluster_0_minimal', 'risk_score_med'} -> {'credit_small'}",apriori+eclat+fpgrowth,3,True
"['age_young', 'cluster_0_minimal'] -> ['burden_low', 'credit_small']",0.06134931439558743,0.39231031573656905,2.0601785308480456,"['apriori', 'eclat', 'fpgrowth']","{'age_young', 'cluster_0_minimal'} -> {'burden_low', 'credit_small'}",apriori+eclat+fpgrowth,3,True
"['age_young', 'cluster_0_minimal'] -> ['burden_low']",0.07945151646994428,0.5080684245481143,1.5241624907362927,"['apriori', 'eclat', 'fpgrowth']","{'age_young', 'cluster_0_minimal'} -> {'burden_low'}",apriori+eclat+fpgrowth,3,True
"['age_young', 'cluster_0_minimal'] -> ['credit_small']",0.10207295336205807,0.652725673565364,1.9540742080825269,"['apriori', 'eclat', 'fpgrowth']","{'age_young', 'cluster_0_minimal'} -> {'credit_small'}",apriori+eclat+fpgrowth,3,True
"['age_young', 'cluster_0_minimal'] -> ['emp_mid']",0.07974905615359784,0.5099711008597942,1.5295612400913123,"['apriori', 'eclat', 'fpgrowth']","{'age_young', 'cluster_0_minimal'} -> {'emp_mid'}",apriori+eclat+fpgrowth,3,True
"['age_young', 'cluster_0_minimal'] -> ['income_low']",0.06126791202930485,0.39178977221733585,1.2240059044424596,"['apriori', 'eclat', 'fpgrowth']","{'age_young', 'cluster_0_minimal'} -> {'income_low'}",apriori+eclat+fpgrowth,3,True
"['age_young', 'cluster_0_minimal'] -> ['risk_score_low']",0.08730544132713929,0.5582918992658541,1.674870996471275,"['apriori', 'eclat', 'fpgrowth']","{'age_young', 'cluster_0_minimal'} -> {'risk_score_low'}",apriori+eclat+fpgrowth,3,True
"['age_young', 'cluster_1_veteran', 'credit_med'] -> ['risk_score_low']",0.07408349765706168,0.6037670641092103,1.5368882796083057,['fpgrowth_cluster1'],"{'cluster_1_veteran', 'age_young', 'credit_med'} -> {'risk_score_low'}",fpgrowth_cluster1,1,False
"['age_young', 'cluster_1_veteran', 'credit_small'] -> ['burden_low']",0.05536119415643619,0.655700652938222,1.8042479518392862,['fpgrowth_cluster1'],"{'cluster_1_veteran', 'age_young', 'credit_small'} -> {'burden_low'}",fpgrowth_cluster1,1,False
"['age_young', 'cluster_1_veteran', 'credit_small'] -> ['risk_score_low']",0.05275321756461633,0.6248116524359618,1.5904572519342222,['fpgrowth_cluster1'],"{'cluster_1_veteran', 'age_young', 'credit_small'} -> {'risk_score_low'}",fpgrowth_cluster1,1,False
"['age_young', 'cluster_1_veteran', 'emp_mid'] -> ['risk_score_low']",0.07736997222398914,0.6247217942133196,1.5902285179448832,['fpgrowth_cluster1'],"{'emp_mid', 'cluster_1_veteran', 'age_young'} -> {'risk_score_low'}",fpgrowth_cluster1,1,False
"['age_young', 'cluster_1_veteran', 'income_high'] -> ['risk_score_low']",0.05025125628140704,0.6178310740354537,1.5726881986579286,['fpgrowth_cluster1'],"{'cluster_1_veteran', 'age_young', 'income_high'} -> {'risk_score_low'}",fpgrowth_cluster1,1,False
"['age_young', 'cluster_1_veteran', 'income_very_high'] -> ['burden_med']",0.05743909420520323,0.6854757085020243,1.6627624769881693,['fpgrowth_cluster1'],"{'cluster_1_veteran', 'income_very_high', 'age_young'} -> {'burden_med'}",fpgrowth_cluster1,1,False
"['age_young', 'cluster_1_veteran', 'risk_score_low'] -> ['emp_mid']",0.07736997222398914,0.5048422800221362,1.67262918529568,['fpgrowth_cluster1'],"{'cluster_1_veteran', 'risk_score_low', 'age_young'} -> {'emp_mid'}",fpgrowth_cluster1,1,False
"['age_young', 'cluster_1_veteran'] -> ['risk_score_low']",0.1532557301274304,0.6021326224591802,1.5327278105053064,['fpgrowth_cluster1'],"{'cluster_1_veteran', 'age_young'} -> {'risk_score_low'}",fpgrowth_cluster1,1,False
"['age_young', 'cluster_2_ambisius', 'credit_large'] -> ['burden_high']",0.03409636355980969,0.5167177131189382,1.5501487881230407,"['apriori', 'eclat', 'fpgrowth']","{'credit_large', 'age_young', 'cluster_2_ambisius'} -> {'burden_high'}",apriori+eclat+fpgrowth,3,True
"['age_young', 'cluster_2_ambisius', 'credit_large'] -> ['emp_mid']",0.03025641745379012,0.4585247575293517,1.3752577264804315,"['apriori', 'eclat', 'fpgrowth']","{'credit_large', 'age_young', 'cluster_2_ambisius'} -> {'emp_mid'}",apriori+eclat+fpgrowth,3,True
"['age_young', 'cluster_2_ambisius', 'emp_mid'] -> ['credit_large']",0.03025641745379012,0.6934954641961011,2.153451873973067,"['apriori', 'eclat', 'fpgrowth']","{'emp_mid', 'age_young', 'cluster_2_ambisius'} -> {'credit_large'}",apriori+eclat+fpgrowth,3,True
"['age_young', 'cluster_2_ambisius', 'income_very_high'] -> ['burden_med']",0.05205740401315842,0.6032276015581525,1.5170116002309537,['fpgrowth_cluster2'],"{'income_very_high', 'age_young', 'cluster_2_ambisius'} -> {'burden_med'}",fpgrowth_cluster2,1,False
"['age_young', 'cluster_2_ambisius'] -> ['burden_high', 'credit_large']",0.03409636355980969,0.35863596102745793,2.364589312010013,"['apriori', 'eclat', 'fpgrowth']","{'age_young', 'cluster_2_ambisius'} -> {'credit_large', 'burden_high'}",apriori+eclat+fpgrowth,3,True
"['age_young', 'cluster_2_ambisius'] -> ['burden_high']",0.04597268810262312,0.4835547682314733,1.450660232722847,"['apriori', 'eclat', 'fpgrowth']","{'age_young', 'cluster_2_ambisius'} -> {'burden_high'}",apriori+eclat+fpgrowth,3,True
"['age_young', 'cluster_2_ambisius'] -> ['credit_large']",0.06598644229554673,0.6940655447298495,2.1552220960683752,"['apriori', 'eclat', 'fpgrowth']","{'age_young', 'cluster_2_ambisius'} -> {'credit_large'}",apriori+eclat+fpgrowth,3,True
"['age_young', 'cluster_2_ambisius'] -> ['emp_mid']",0.043628861349314395,0.45890168290522587,1.3763882423947098,"['apriori', 'eclat', 'fpgrowth']","{'age_young', 'cluster_2_ambisius'} -> {'emp_mid'}",apriori+eclat+fpgrowth,3,True
"['age_young', 'cluster_3_cc_intensif', 'credit_med'] -> ['risk_score_low']",0.06727755448209742,0.5445455902104164,1.5392465979691767,['fpgrowth_cluster3'],"{'cluster_3_cc_intensif', 'age_young', 'credit_med'} -> {'risk_score_low'}",fpgrowth_cluster3,1,False
"['age_young', 'cluster_3_cc_intensif', 'credit_small'] -> ['burden_low']",0.0600317120837789,0.6450079239302694,1.9456059050180718,['fpgrowth_cluster3'],"{'cluster_3_cc_intensif', 'age_young', 'credit_small'} -> {'burden_low'}",fpgrowth_cluster3,1,False
"['age_young', 'cluster_3_cc_intensif', 'credit_small'] -> ['risk_score_low']",0.054777093550647145,0.5885499207606972,1.6636319888585938,['fpgrowth_cluster3'],"{'cluster_3_cc_intensif', 'age_young', 'credit_small'} -> {'risk_score_low'}",fpgrowth_cluster3,1,False
"['age_young', 'cluster_3_cc_intensif', 'emp_mid'] -> ['risk_score_low']",0.08046019395995428,0.5615750868614079,1.5873832375020347,['fpgrowth_cluster3'],"{'emp_mid', 'cluster_3_cc_intensif', 'age_young'} -> {'risk_score_low'}",fpgrowth_cluster3,1,False
"['age_young', 'cluster_3_cc_intensif', 'income_very_high'] -> ['burden_med']",0.05426085032633947,0.6679527916477531,1.6803535952407622,['fpgrowth_cluster3'],"{'cluster_3_cc_intensif', 'income_very_high', 'age_young'} -> {'burden_med'}",fpgrowth_cluster3,1,False
"['age_young', 'cluster_3_cc_intensif'] -> ['risk_score_low']",0.15915041115085365,0.5332344946874228,1.5072739484498872,['fpgrowth_cluster3'],"{'cluster_3_cc_intensif', 'age_young'} -> {'risk_score_low'}",fpgrowth_cluster3,1,False
"['age_young', 'cluster_4_bermasalah', 'credit_med'] -> ['risk_score_low']",0.05377483443708609,0.5113350125944583,1.5175233274717612,['fpgrowth_cluster4'],"{'cluster_4_bermasalah', 'age_young', 'credit_med'} -> {'risk_score_low'}",fpgrowth_cluster4,1,False
"['age_young', 'cluster_4_bermasalah', 'credit_small'] -> ['burden_low']",0.05192052980132451,0.532608695652174,1.7243549108807519,['fpgrowth_cluster4'],"{'cluster_4_bermasalah', 'age_young', 'credit_small'} -> {'burden_low'}",fpgrowth_cluster4,1,False
"['age_young', 'cluster_4_bermasalah', 'credit_small'] -> ['risk_score_low']",0.05695364238410596,0.5842391304347826,1.7338857841126605,['fpgrowth_cluster4'],"{'cluster_4_bermasalah', 'age_young', 'credit_small'} -> {'risk_score_low'}",fpgrowth_cluster4,1,False
"['age_young', 'cluster_4_bermasalah'] -> ['risk_score_low']",0.13642384105960265,0.5114200595829195,1.5177757271427053,['fpgrowth_cluster4'],"{'cluster_4_bermasalah', 'age_young'} -> {'risk_score_low'}",fpgrowth_cluster4,1,False
"['age_young', 'credit_large', 'emp_mid'] -> ['cluster_2_ambisius']",0.03025641745379012,0.7689947920382393,2.1927359722551243,"['apriori', 'eclat', 'fpgrowth']","{'credit_large', 'age_young', 'emp_mid'} -> {'cluster_2_ambisius'}",apriori+eclat+fpgrowth,3,True
"['age_young', 'credit_large'] -> ['burden_high', 'cluster_2_ambisius']",0.03409636355980969,0.3966108335782153,2.5052676912074165,"['apriori', 'eclat', 'fpgrowth']","{'credit_large', 'age_young'} -> {'burden_high', 'cluster_2_ambisius'}",apriori+eclat+fpgrowth,3,True
"['age_young', 'credit_large'] -> ['burden_high']",0.04192221863552792,0.48764162340418576,1.4629207638259414,"['apriori', 'eclat', 'fpgrowth']","{'credit_large', 'age_young'} -> {'burden_high'}",apriori+eclat+fpgrowth,3,True
"['age_young', 'credit_large'] -> ['burden_med']",0.03799525620693043,0.44196297384660593,1.3259298619574444,"['apriori', 'eclat', 'fpgrowth']","{'credit_large', 'age_young'} -> {'burden_med'}",apriori+eclat+fpgrowth,3,True
"['age_young', 'credit_large'] -> ['cluster_2_ambisius', 'emp_mid']",0.03025641745379012,0.3519443628171221,3.282507499945384,"['apriori', 'eclat', 'fpgrowth']","{'credit_large', 'age_young'} -> {'emp_mid', 'cluster_2_ambisius'}",apriori+eclat+fpgrowth,3,True
"['age_young', 'credit_large'] -> ['cluster_2_ambisius']",0.06598644229554673,0.7675580370261533,2.188639163757932,"['apriori', 'eclat', 'fpgrowth']","{'credit_large', 'age_young'} -> {'cluster_2_ambisius'}",apriori+eclat+fpgrowth,3,True
"['age_young', 'credit_large'] -> ['emp_mid']",0.03934541269596216,0.45766807065661014,1.3726882572826058,"['apriori', 'eclat', 'fpgrowth']","{'credit_large', 'age_young'} -> {'emp_mid'}",apriori+eclat+fpgrowth,3,True
"['age_young', 'credit_large'] -> ['income_very_high']",0.03528652229442394,0.4104548274398406,1.7286509581461216,"['apriori', 'eclat', 'fpgrowth']","{'credit_large', 'age_young'} -> {'income_very_high'}",apriori+eclat+fpgrowth,3,True
"['age_young', 'credit_large'] -> ['risk_score_low']",0.03576370857952871,0.41600548535605836,1.2480129529230881,"['apriori', 'eclat', 'fpgrowth']","{'credit_large', 'age_young'} -> {'risk_score_low'}",apriori+eclat+fpgrowth,3,True
"['age_young', 'credit_med', 'emp_mid'] -> ['risk_score_low']",0.032010778796087075,0.546247066149351,1.6387365985502311,"['apriori', 'eclat', 'fpgrowth']","{'emp_mid', 'age_young', 'credit_med'} -> {'risk_score_low'}",apriori+eclat+fpgrowth,3,True
"['age_young', 'credit_med', 'risk_score_low'] -> ['cluster_0_minimal']",0.032311125457888314,0.515310233682514,1.455381697324909,"['apriori', 'eclat', 'fpgrowth']","{'risk_score_low', 'age_young', 'credit_med'} -> {'cluster_0_minimal'}",apriori+eclat+fpgrowth,3,True
"['age_young', 'credit_med', 'risk_score_low'] -> ['emp_mid']",0.032010778796087075,0.5105201898110843,1.531208127877384,"['apriori', 'eclat', 'fpgrowth']","{'risk_score_low', 'age_young', 'credit_med'} -> {'emp_mid'}",apriori+eclat+fpgrowth,3,True
"['age_young', 'credit_med'] -> ['burden_med']",0.05337749645619009,0.4488610881623982,1.3466248438988042,"['apriori', 'eclat', 'fpgrowth']","{'age_young', 'credit_med'} -> {'burden_med'}",apriori+eclat+fpgrowth,3,True
"['age_young', 'credit_med'] -> ['cluster_0_minimal']",0.0537367896590925,0.45188245013572526,1.2762437154994672,"['apriori', 'eclat', 'fpgrowth']","{'age_young', 'credit_med'} -> {'cluster_0_minimal'}",apriori+eclat+fpgrowth,3,True
"['age_young', 'credit_med'] -> ['cluster_1_veteran', 'risk_score_low']",0.07408349765706168,0.6037670641092103,1.5368882796083057,['fpgrowth_cluster1'],"{'age_young', 'credit_med'} -> {'cluster_1_veteran', 'risk_score_low'}",fpgrowth_cluster1,1,False
"['age_young', 'credit_med'] -> ['cluster_3_cc_intensif', 'risk_score_low']",0.06727755448209742,0.5445455902104164,1.5392465979691767,['fpgrowth_cluster3'],"{'age_young', 'credit_med'} -> {'cluster_3_cc_intensif', 'risk_score_low'}",fpgrowth_cluster3,1,False
"['age_young', 'credit_med'] -> ['cluster_4_bermasalah', 'risk_score_low']",0.05377483443708609,0.5113350125944583,1.5175233274717612,['fpgrowth_cluster4'],"{'age_young', 'credit_med'} -> {'cluster_4_bermasalah', 'risk_score_low'}",fpgrowth_cluster4,1,False
"['age_young', 'credit_med'] -> ['emp_mid']",0.05860128278901348,0.4927888587277233,1.478026375588657,"['apriori', 'eclat', 'fpgrowth']","{'age_young', 'credit_med'} -> {'emp_mid'}",apriori+eclat+fpgrowth,3,True
"['age_young', 'credit_med'] -> ['risk_score_low']",0.06387378669409095,0.5402453810488815,1.5565197904638044,"['apriori', 'eclat', 'fpgrowth', 'fpgrowth_cluster1', 'fpgrowth_cluster3', 'fpgrowth_cluster4']","{'age_young', 'credit_med'} -> {'risk_score_low'}",apriori+eclat+fpgrowth+fpgrowth_cluster1+fpgrowth_cluster3+fpgrowth_cluster4,6,True
"['age_young', 'credit_small', 'emp_mid'] -> ['burden_low', 'cluster_0_minimal']",0.031168685351784537,0.4802975907262425,2.690003272872982,"['apriori', 'eclat', 'fpgrowth']","{'emp_mid', 'age_young', 'credit_small'} -> {'burden_low', 'cluster_0_minimal'}",apriori+eclat+fpgrowth,3,True
"['age_young', 'credit_small', 'emp_mid'] -> ['burden_low']",0.039685057051830855,0.6115316406418964,1.8345434266925922,"['apriori', 'eclat', 'fpgrowth']","{'emp_mid', 'age_young', 'credit_small'} -> {'burden_low'}",apriori+eclat+fpgrowth,3,True
"['age_young', 'credit_small', 'emp_mid'] -> ['cluster_0_minimal']",0.05176067704312922,0.7976123534754963,2.252682646166267,"['apriori', 'eclat', 'fpgrowth']","{'emp_mid', 'age_young', 'credit_small'} -> {'cluster_0_minimal'}",apriori+eclat+fpgrowth,3,True
"['age_young', 'credit_small', 'emp_mid'] -> ['risk_score_low']",0.03690053472933713,0.5686232103464682,1.7058648427140684,"['apriori', 'eclat', 'fpgrowth']","{'emp_mid', 'age_young', 'credit_small'} -> {'risk_score_low'}",apriori+eclat+fpgrowth,3,True
"['age_young', 'credit_small', 'income_low'] -> ['burden_high', 'cluster_0_minimal']",0.0771920088790233,0.5559234941478732,1.959925921680671,['fpgrowth_cluster0'],"{'age_young', 'income_low', 'credit_small'} -> {'burden_high', 'cluster_0_minimal'}",fpgrowth_cluster0,1,False
"['age_young', 'credit_small', 'income_low'] -> ['burden_high']",0.04322608743961239,0.5485172655619504,1.718587207825685,"['apriori', 'eclat', 'fpgrowth', 'fpgrowth_cluster0']","{'age_young', 'income_low', 'credit_small'} -> {'burden_high'}",apriori+eclat+fpgrowth+fpgrowth_cluster0,4,True
"['age_young', 'credit_small', 'income_low'] -> ['cluster_0_minimal']",0.04916422225652974,0.8414604852269999,2.376522159224234,"['apriori', 'eclat', 'fpgrowth']","{'income_low', 'age_young', 'credit_small'} -> {'cluster_0_minimal'}",apriori+eclat+fpgrowth,3,True
"['age_young', 'credit_small', 'income_low'] -> ['risk_score_low']",0.032906204825195434,0.5631996156617823,1.6895941043316176,"['apriori', 'eclat', 'fpgrowth']","{'income_low', 'age_young', 'credit_small'} -> {'risk_score_low'}",apriori+eclat+fpgrowth,3,True
"['age_young', 'credit_small', 'income_med'] -> ['burden_low', 'cluster_0_minimal']",0.05029332487712066,0.8454157782515991,1.6765040523928487,['fpgrowth_cluster0'],"{'age_young', 'credit_small', 'income_med'} -> {'burden_low', 'cluster_0_minimal'}",fpgrowth_cluster0,1,False
"['age_young', 'credit_small', 'income_med'] -> ['burden_low']",0.05029332487712066,0.8454157782515991,1.6765040523928487,['fpgrowth_cluster0'],"{'age_young', 'credit_small', 'income_med'} -> {'burden_low'}",fpgrowth_cluster0,1,False
"['age_young', 'credit_small', 'risk_score_low'] -> ['burden_low', 'cluster_0_minimal']",0.03262550701042792,0.46338157317705214,2.595261713785639,"['apriori', 'eclat', 'fpgrowth']","{'risk_score_low', 'age_young', 'credit_small'} -> {'burden_low', 'cluster_0_minimal'}",apriori+eclat+fpgrowth,3,True
"['age_young', 'credit_small', 'risk_score_low'] -> ['burden_low']",0.043078693632370074,0.6118486624406969,1.8354944653935454,"['apriori', 'eclat', 'fpgrowth']","{'risk_score_low', 'age_young', 'credit_small'} -> {'burden_low'}",apriori+eclat+fpgrowth,3,True
"['age_young', 'credit_small', 'risk_score_low'] -> ['cluster_0_minimal']",0.05446099002119268,0.7735119403580114,2.1846162701145024,"['apriori', 'eclat', 'fpgrowth']","{'risk_score_low', 'age_young', 'credit_small'} -> {'cluster_0_minimal'}",apriori+eclat+fpgrowth,3,True
"['age_young', 'credit_small', 'risk_score_low'] -> ['emp_mid']",0.03690053472933713,0.5240999880397081,1.5719381476446699,"['apriori', 'eclat', 'fpgrowth']","{'risk_score_low', 'age_young', 'credit_small'} -> {'emp_mid'}",apriori+eclat+fpgrowth,3,True
"['age_young', 'credit_small', 'risk_score_low'] -> ['income_low']",0.032906204825195434,0.46736833712075904,1.460123884673349,"['apriori', 'eclat', 'fpgrowth']","{'risk_score_low', 'age_young', 'credit_small'} -> {'income_low'}",apriori+eclat+fpgrowth,3,True
"['age_young', 'credit_small', 'risk_score_med'] -> ['cluster_0_minimal']",0.03141569942877995,0.8114260856956429,2.2916965289321483,"['apriori', 'eclat', 'fpgrowth']","{'age_young', 'credit_small', 'risk_score_med'} -> {'cluster_0_minimal'}",apriori+eclat+fpgrowth,3,True
"['age_young', 'credit_small'] -> ['burden_low', 'cluster_0_minimal']",0.06134931439558743,0.47733030488337563,2.673384391614819,"['apriori', 'eclat', 'fpgrowth']","{'age_young', 'credit_small'} -> {'burden_low', 'cluster_0_minimal'}",apriori+eclat+fpgrowth,3,True
"['age_young', 'credit_small'] -> ['burden_low', 'cluster_1_veteran']",0.05536119415643619,0.655700652938222,1.8042479518392862,['fpgrowth_cluster1'],"{'age_young', 'credit_small'} -> {'cluster_1_veteran', 'burden_low'}",fpgrowth_cluster1,1,False
"['age_young', 'credit_small'] -> ['burden_low', 'cluster_3_cc_intensif']",0.0600317120837789,0.6450079239302694,1.9456059050180718,['fpgrowth_cluster3'],"{'age_young', 'credit_small'} -> {'cluster_3_cc_intensif', 'burden_low'}",fpgrowth_cluster3,1,False
"['age_young', 'credit_small'] -> ['burden_low', 'cluster_4_bermasalah']",0.05192052980132451,0.532608695652174,1.7243549108807519,['fpgrowth_cluster4'],"{'age_young', 'credit_small'} -> {'cluster_4_bermasalah', 'burden_low'}",fpgrowth_cluster4,1,False
"['age_young', 'credit_small'] -> ['burden_low']",0.06707940854957763,0.6105017736604067,1.8271891338515134,"['apriori', 'eclat', 'fpgrowth', 'fpgrowth_cluster1', 'fpgrowth_cluster3', 'fpgrowth_cluster4']","{'age_young', 'credit_small'} -> {'burden_low'}",apriori+eclat+fpgrowth+fpgrowth_cluster1+fpgrowth_cluster3+fpgrowth_cluster4,6,True
"['age_young', 'credit_small'] -> ['cluster_0_minimal', 'emp_mid']",0.05176067704312922,0.4027256049619988,3.061345333413069,"['apriori', 'eclat', 'fpgrowth']","{'age_young', 'credit_small'} -> {'emp_mid', 'cluster_0_minimal'}",apriori+eclat+fpgrowth,3,True
"['age_young', 'credit_small'] -> ['cluster_0_minimal', 'income_low']",0.04916422225652974,0.38252380536385083,2.4106422720259446,"['apriori', 'eclat', 'fpgrowth']","{'age_young', 'credit_small'} -> {'income_low', 'cluster_0_minimal'}",apriori+eclat+fpgrowth,3,True
"['age_young', 'credit_small'] -> ['cluster_0_minimal', 'risk_score_low']",0.05446099002119268,0.4237354765440727,2.9795887059096917,"['apriori', 'eclat', 'fpgrowth']","{'age_young', 'credit_small'} -> {'risk_score_low', 'cluster_0_minimal'}",apriori+eclat+fpgrowth,3,True
"['age_young', 'credit_small'] -> ['cluster_0_minimal']",0.10207295336205807,0.7941818817157335,2.2429940246602076,"['apriori', 'eclat', 'fpgrowth']","{'age_young', 'credit_small'} -> {'cluster_0_minimal'}",apriori+eclat+fpgrowth,3,True
"['age_young', 'credit_small'] -> ['cluster_1_veteran', 'risk_score_low']",0.05275321756461633,0.6248116524359618,1.5904572519342222,['fpgrowth_cluster1'],"{'age_young', 'credit_small'} -> {'cluster_1_veteran', 'risk_score_low'}",fpgrowth_cluster1,1,False
"['age_young', 'credit_small'] -> ['cluster_3_cc_intensif', 'risk_score_low']",0.054777093550647145,0.5885499207606972,1.6636319888585938,['fpgrowth_cluster3'],"{'age_young', 'credit_small'} -> {'cluster_3_cc_intensif', 'risk_score_low'}",fpgrowth_cluster3,1,False
"['age_young', 'credit_small'] -> ['cluster_4_bermasalah', 'risk_score_low']",0.05695364238410596,0.5842391304347826,1.7338857841126605,['fpgrowth_cluster4'],"{'age_young', 'credit_small'} -> {'cluster_4_bermasalah', 'risk_score_low'}",fpgrowth_cluster4,1,False
"['age_young', 'credit_small'] -> ['emp_mid']",0.06489452779610111,0.5049139512536036,1.5143932825150284,"['apriori', 'eclat', 'fpgrowth']","{'age_young', 'credit_small'} -> {'emp_mid'}",apriori+eclat+fpgrowth,3,True
"['age_young', 'credit_small'] -> ['income_low']",0.05842725014385763,0.4545950904167031,1.4202184800575497,"['apriori', 'eclat', 'fpgrowth']","{'age_young', 'credit_small'} -> {'income_low'}",apriori+eclat+fpgrowth,3,True
"['age_young', 'credit_small'] -> ['risk_score_low']",0.06261770868896242,0.5735037601477696,1.6530377929270215,"['apriori', 'eclat', 'fpgrowth', 'fpgrowth_cluster1', 'fpgrowth_cluster3', 'fpgrowth_cluster4']","{'age_young', 'credit_small'} -> {'risk_score_low'}",apriori+eclat+fpgrowth+fpgrowth_cluster1+fpgrowth_cluster3+fpgrowth_cluster4,6,True
"['age_young', 'emp_mid', 'income_low'] -> ['cluster_0_minimal']",0.030972196881447273,0.6254747463295731,1.7665174072747905,"['apriori', 'eclat', 'fpgrowth']","{'emp_mid', 'income_low', 'age_young'} -> {'cluster_0_minimal'}",apriori+eclat+fpgrowth,3,True
"['age_young', 'emp_mid', 'risk_score_low'] -> ['cluster_0_minimal']",0.04596146019003242,0.5325224404839339,1.5039938325242102,"['apriori', 'eclat', 'fpgrowth']","{'emp_mid', 'risk_score_low', 'age_young'} -> {'cluster_0_minimal'}",apriori+eclat+fpgrowth,3,True
"['age_young', 'emp_mid', 'risk_score_low'] -> ['credit_small']",0.03690053472933713,0.42754000260179525,1.279932636086273,"['apriori', 'eclat', 'fpgrowth']","{'emp_mid', 'risk_score_low', 'age_young'} -> {'credit_small'}",apriori+eclat+fpgrowth,3,True
"['age_young', 'emp_mid'] -> ['cluster_0_minimal']",0.07974905615359784,0.4897350593832417,1.3831501790120244,"['apriori', 'eclat', 'fpgrowth']","{'emp_mid', 'age_young'} -> {'cluster_0_minimal'}",apriori+eclat+fpgrowth,3,True
"['age_young', 'emp_mid'] -> ['cluster_1_veteran', 'risk_score_low']",0.07736997222398914,0.6247217942133196,1.5902285179448832,['fpgrowth_cluster1'],"{'emp_mid', 'age_young'} -> {'cluster_1_veteran', 'risk_score_low'}",fpgrowth_cluster1,1,False
"['age_young', 'emp_mid'] -> ['cluster_3_cc_intensif', 'risk_score_low']",0.08046019395995428,0.5615750868614079,1.5873832375020347,['fpgrowth_cluster3'],"{'emp_mid', 'age_young'} -> {'cluster_3_cc_intensif', 'risk_score_low'}",fpgrowth_cluster3,1,False
"['age_young', 'emp_mid'] -> ['risk_score_low']",0.08335141168761744,0.5552708564004212,1.5895541136995006,"['apriori', 'eclat', 'fpgrowth', 'fpgrowth_cluster1', 'fpgrowth_cluster3']","{'emp_mid', 'age_young'} -> {'risk_score_low'}",apriori+eclat+fpgrowth+fpgrowth_cluster1+fpgrowth_cluster3,5,True
"['age_young', 'emp_new'] -> ['cluster_0_minimal', 'risk_score_low']",0.07413984461709212,0.6062098917482337,1.5093027740628888,['fpgrowth_cluster0'],"{'emp_new', 'age_young'} -> {'risk_score_low', 'cluster_0_minimal'}",fpgrowth_cluster0,1,False
"['age_young', 'emp_new'] -> ['cluster_0_minimal']",0.04330325188418408,0.5327186712248351,1.5045480435801777,"['apriori', 'eclat', 'fpgrowth']","{'emp_new', 'age_young'} -> {'cluster_0_minimal'}",apriori+eclat+fpgrowth,3,True
"['age_young', 'emp_new'] -> ['credit_small']",0.03401215421537943,0.4184191443074692,1.2526273918308033,"['apriori', 'eclat', 'fpgrowth']","{'emp_new', 'age_young'} -> {'credit_small'}",apriori+eclat+fpgrowth,3,True
"['age_young', 'emp_new'] -> ['risk_score_low']",0.05280605910377549,0.5731571554191883,1.6421361906666854,"['apriori', 'eclat', 'fpgrowth', 'fpgrowth_cluster0']","{'emp_new', 'age_young'} -> {'risk_score_low'}",apriori+eclat+fpgrowth+fpgrowth_cluster0,4,True
"['age_young', 'emp_senior'] -> ['risk_score_low']",0.036869657969712706,0.4129464285714286,1.2388358083292432,"['apriori', 'eclat', 'fpgrowth']","{'age_young', 'emp_senior'} -> {'risk_score_low'}",apriori+eclat+fpgrowth,3,True
"['age_young', 'income_high'] -> ['burden_med']",0.03748438618405356,0.40805475768502114,1.2242020724481861,"['apriori', 'eclat', 'fpgrowth']","{'age_young', 'income_high'} -> {'burden_med'}",apriori+eclat+fpgrowth,3,True
"['age_young', 'income_high'] -> ['cluster_0_minimal']",0.0395334802318564,0.43036118071258334,1.2154615699600553,"['apriori', 'eclat', 'fpgrowth']","{'age_young', 'income_high'} -> {'cluster_0_minimal'}",apriori+eclat+fpgrowth,3,True
"['age_young', 'income_high'] -> ['cluster_1_veteran', 'risk_score_low']",0.05025125628140704,0.6178310740354537,1.5726881986579286,['fpgrowth_cluster1'],"{'age_young', 'income_high'} -> {'cluster_1_veteran', 'risk_score_low'}",fpgrowth_cluster1,1,False
"['age_young', 'income_high'] -> ['emp_mid']",0.045262522631261314,0.4927274949581373,1.477842326642851,"['apriori', 'eclat', 'fpgrowth']","{'age_young', 'income_high'} -> {'emp_mid'}",apriori+eclat+fpgrowth,3,True
"['age_young', 'income_high'] -> ['risk_score_low']",0.04720864360256885,0.5316120189519362,1.5246316250113976,"['apriori', 'eclat', 'fpgrowth', 'fpgrowth_cluster1']","{'age_young', 'income_high'} -> {'risk_score_low'}",apriori+eclat+fpgrowth+fpgrowth_cluster1,4,True
"['age_young', 'income_low', 'risk_score_low'] -> ['burden_high', 'cluster_0_minimal']",0.05286189947677184,0.5319081046585833,1.8752589038719276,['fpgrowth_cluster0'],"{'risk_score_low', 'age_young', 'income_low'} -> {'burden_high', 'cluster_0_minimal'}",fpgrowth_cluster0,1,False
"['age_young', 'income_low', 'risk_score_low'] -> ['burden_high']",0.05286189947677184,0.5319081046585833,1.8752589038719276,['fpgrowth_cluster0'],"{'risk_score_low', 'age_young', 'income_low'} -> {'burden_high'}",fpgrowth_cluster0,1,False
"['age_young', 'income_low', 'risk_score_low'] -> ['cluster_0_minimal']",0.035188278059255305,0.6408670313378662,1.8099895691237633,"['apriori', 'eclat', 'fpgrowth']","{'risk_score_low', 'age_young', 'income_low'} -> {'cluster_0_minimal'}",apriori+eclat+fpgrowth,3,True
"['age_young', 'income_low', 'risk_score_low'] -> ['credit_small']",0.032906204825195434,0.5993047390215224,1.7941471903606898,"['apriori', 'eclat', 'fpgrowth']","{'risk_score_low', 'age_young', 'income_low'} -> {'credit_small'}",apriori+eclat+fpgrowth,3,True
"['age_young', 'income_low'] -> ['burden_high', 'cluster_0_minimal']",0.09178690344062153,0.5304439455719979,1.8700969645448955,['fpgrowth_cluster0'],"{'income_low', 'age_young'} -> {'burden_high', 'cluster_0_minimal'}",fpgrowth_cluster0,1,False
"['age_young', 'income_low'] -> ['burden_high']",0.06041146319717522,0.5043108861367892,1.5826208103158907,"['apriori', 'eclat', 'fpgrowth', 'fpgrowth_cluster0']","{'age_young', 'income_low'} -> {'burden_high'}",apriori+eclat+fpgrowth+fpgrowth_cluster0,4,True
"['age_young', 'income_low'] -> ['burden_low']",0.04119521129528007,0.40871115071850284,1.226099035823504,"['apriori', 'eclat', 'fpgrowth']","{'income_low', 'age_young'} -> {'burden_low'}",apriori+eclat+fpgrowth,3,True
"['age_young', 'income_low'] -> ['cluster_0_minimal', 'credit_small']",0.04916422225652974,0.4877743121310015,1.9848092833688928,"['apriori', 'eclat', 'fpgrowth']","{'income_low', 'age_young'} -> {'credit_small', 'cluster_0_minimal'}",apriori+eclat+fpgrowth,3,True
"['age_young', 'income_low'] -> ['cluster_0_minimal']",0.06126791202930485,0.6078589729308232,1.7167654859796293,"['apriori', 'eclat', 'fpgrowth']","{'income_low', 'age_young'} -> {'cluster_0_minimal'}",apriori+eclat+fpgrowth,3,True
"['age_young', 'income_low'] -> ['credit_small']",0.05842725014385763,0.579675838253314,1.7353838686812244,"['apriori', 'eclat', 'fpgrowth']","{'income_low', 'age_young'} -> {'credit_small'}",apriori+eclat+fpgrowth,3,True
"['age_young', 'income_low'] -> ['emp_mid']",0.049517901503136806,0.4912832794920352,1.4735106772698456,"['apriori', 'eclat', 'fpgrowth']","{'income_low', 'age_young'} -> {'emp_mid'}",apriori+eclat+fpgrowth,3,True
"['age_young', 'income_low'] -> ['risk_score_low']",0.054907299546673026,0.5447532583268352,1.634255187661906,"['apriori', 'eclat', 'fpgrowth']","{'income_low', 'age_young'} -> {'risk_score_low'}",apriori+eclat+fpgrowth,3,True
"['age_young', 'income_med'] -> ['burden_low']",0.031640257680593954,0.5001331085278197,1.5003572108844123,"['apriori', 'eclat', 'fpgrowth']","{'age_young', 'income_med'} -> {'burden_low'}",apriori+eclat+fpgrowth,3,True
"['age_young', 'income_med'] -> ['cluster_0_minimal']",0.032406562714909264,0.5122459845594108,1.4467273920184944,"['apriori', 'eclat', 'fpgrowth']","{'age_young', 'income_med'} -> {'cluster_0_minimal'}",apriori+eclat+fpgrowth,3,True
"['age_young', 'income_med'] -> ['emp_mid']",0.031047985291434505,0.49077114207116873,1.4719746185652702,"['apriori', 'eclat', 'fpgrowth']","{'age_young', 'income_med'} -> {'emp_mid'}",apriori+eclat+fpgrowth,3,True
"['age_young', 'income_med'] -> ['risk_score_low']",0.03373145640061192,0.5331883929363741,1.599560688877223,"['apriori', 'eclat', 'fpgrowth']","{'age_young', 'income_med'} -> {'risk_score_low'}",apriori+eclat+fpgrowth,3,True
"['age_young', 'income_very_high'] -> ['burden_med', 'cluster_1_veteran']",0.05743909420520323,0.6854757085020243,1.6627624769881693,['fpgrowth_cluster1'],"{'income_very_high', 'age_young'} -> {'cluster_1_veteran', 'burden_med'}",fpgrowth_cluster1,1,False
"['age_young', 'income_very_high'] -> ['burden_med', 'cluster_2_ambisius']",0.05205740401315842,0.6032276015581525,1.5170116002309537,['fpgrowth_cluster2'],"{'income_very_high', 'age_young'} -> {'burden_med', 'cluster_2_ambisius'}",fpgrowth_cluster2,1,False
"['age_young', 'income_very_high'] -> ['burden_med', 'cluster_3_cc_intensif']",0.05426085032633947,0.6679527916477531,1.6803535952407622,['fpgrowth_cluster3'],"{'income_very_high', 'age_young'} -> {'cluster_3_cc_intensif', 'burden_med'}",fpgrowth_cluster3,1,False
"['age_young', 'income_very_high'] -> ['burden_med']",0.05083501714866809,0.6298981071667181,1.7214156902956725,"['apriori', 'eclat', 'fpgrowth', 'fpgrowth_cluster1', 'fpgrowth_cluster2', 'fpgrowth_cluster3']","{'income_very_high', 'age_young'} -> {'burden_med'}",apriori+eclat+fpgrowth+fpgrowth_cluster1+fpgrowth_cluster2+fpgrowth_cluster3,6,True
"['age_young', 'income_very_high'] -> ['credit_large']",0.03528652229442394,0.4553390321645899,1.413925170000314,"['apriori', 'eclat', 'fpgrowth']","{'income_very_high', 'age_young'} -> {'credit_large'}",apriori+eclat+fpgrowth,3,True
"['age_young', 'income_very_high'] -> ['emp_mid']",0.03701281385524414,0.4776151840046363,1.4325158266829296,"['apriori', 'eclat', 'fpgrowth']","{'income_very_high', 'age_young'} -> {'emp_mid'}",apriori+eclat+fpgrowth,3,True
"['age_young', 'income_very_high'] -> ['risk_score_low']",0.03404022399685618,0.43925673717762964,1.3177665125910842,"['apriori', 'eclat', 'fpgrowth']","{'income_very_high', 'age_young'} -> {'risk_score_low'}",apriori+eclat+fpgrowth,3,True
"['age_young', 'risk_score_low'] -> ['cluster_0_minimal']",0.08730544132713929,0.516987467171969,1.4601186785900573,"['apriori', 'eclat', 'fpgrowth']","{'risk_score_low', 'age_young'} -> {'cluster_0_minimal'}",apriori+eclat+fpgrowth,3,True
"['age_young', 'risk_score_low'] -> ['cluster_1_veteran', 'emp_mid']",0.07736997222398914,0.5048422800221362,1.67262918529568,['fpgrowth_cluster1'],"{'risk_score_low', 'age_young'} -> {'emp_mid', 'cluster_1_veteran'}",fpgrowth_cluster1,1,False
"['age_young', 'risk_score_low'] -> ['credit_small']",0.07040743287813504,0.4169243043781789,1.2481522681006725,"['apriori', 'eclat', 'fpgrowth']","{'risk_score_low', 'age_young'} -> {'credit_small'}",apriori+eclat+fpgrowth,3,True
"['age_young', 'risk_score_low'] -> ['emp_mid']",0.08407421611953324,0.5095256193722439,1.5678378199193133,"['apriori', 'eclat', 'fpgrowth', 'fpgrowth_cluster1']","{'risk_score_low', 'age_young'} -> {'emp_mid'}",apriori+eclat+fpgrowth+fpgrowth_cluster1,4,True
"['age_young', 'risk_score_med'] -> ['cluster_0_minimal']",0.046595837251407,0.4522298199253549,1.2772247859323551,"['apriori', 'eclat', 'fpgrowth']","{'age_young', 'risk_score_med'} -> {'cluster_0_minimal'}",apriori+eclat+fpgrowth,3,True
"['age_young', 'risk_score_med'] -> ['emp_mid']",0.04944492007129724,0.47988122156536894,1.4393123749885965,"['apriori', 'eclat', 'fpgrowth']","{'age_young', 'risk_score_med'} -> {'emp_mid'}",apriori+eclat+fpgrowth,3,True
['age_young'] -> ['cluster_0_minimal'],0.15637955958512864,0.4690267721838694,1.3246641249751419,"['apriori', 'eclat', 'fpgrowth']",{'age_young'} -> {'cluster_0_minimal'},apriori+eclat+fpgrowth,3,True
"['age_young'] -> ['cluster_1_veteran', 'risk_score_low']",0.1532557301274304,0.6021326224591802,1.5327278105053064,['fpgrowth_cluster1'],"{'age_young'} -> {'cluster_1_veteran', 'risk_score_low'}",fpgrowth_cluster1,1,False
"['age_young'] -> ['cluster_3_cc_intensif', 'risk_score_low']",0.15915041115085365,0.5332344946874228,1.5072739484498872,['fpgrowth_cluster3'],"{'age_young'} -> {'cluster_3_cc_intensif', 'risk_score_low'}",fpgrowth_cluster3,1,False
"['age_young'] -> ['cluster_4_bermasalah', 'risk_score_low']",0.13642384105960265,0.5114200595829195,1.5177757271427053,['fpgrowth_cluster4'],"{'age_young'} -> {'cluster_4_bermasalah', 'risk_score_low'}",fpgrowth_cluster4,1,False
['age_young'] -> ['emp_mid'],0.16284122328107675,0.48840713924903184,1.4648842421064652,"['apriori', 'eclat', 'fpgrowth']",{'age_young'} -> {'emp_mid'},apriori+eclat+fpgrowth,3,True
['age_young'] -> ['risk_score_low'],0.15924170671652974,0.5277142347925193,1.519376564435933,"['apriori', 'eclat', 'fpgrowth', 'fpgrowth_cluster1', 'fpgrowth_cluster3', 'fpgrowth_cluster4']",{'age_young'} -> {'risk_score_low'},apriori+eclat+fpgrowth+fpgrowth_cluster1+fpgrowth_cluster3+fpgrowth_cluster4,6,True
"['burden_high', 'cluster_0_minimal', 'credit_small', 'emp_mid'] -> ['income_low']",0.06839226256540352,0.980786721236926,2.18847069779105,['fpgrowth_cluster0'],"{'emp_mid', 'burden_high', 'cluster_0_minimal', 'credit_small'} -> {'income_low'}",fpgrowth_cluster0,1,False
"['burden_high', 'cluster_0_minimal', 'credit_small', 'emp_new', 'income_low'] -> ['age_senior']",0.07195972728714127,0.6752213047682809,2.4220103333751624,['fpgrowth_cluster0'],"{'income_low', 'burden_high', 'emp_new', 'credit_small', 'cluster_0_minimal'} -> {'age_senior'}",fpgrowth_cluster0,1,False
"['burden_high', 'cluster_0_minimal', 'credit_small', 'emp_new'] -> ['age_senior', 'income_low']",0.07195972728714127,0.6694446493104211,4.156719077726631,['fpgrowth_cluster0'],"{'emp_new', 'burden_high', 'cluster_0_minimal', 'credit_small'} -> {'age_senior', 'income_low'}",fpgrowth_cluster0,1,False
"['burden_high', 'cluster_0_minimal', 'credit_small', 'emp_new'] -> ['age_senior']",0.07228476296178848,0.6724684711261892,2.4121359537012315,['fpgrowth_cluster0'],"{'emp_new', 'burden_high', 'cluster_0_minimal', 'credit_small'} -> {'age_senior'}",fpgrowth_cluster0,1,False
"['burden_high', 'cluster_0_minimal', 'credit_small', 'emp_new'] -> ['income_low']",0.05494367112624225,0.9914447968139244,2.8761220190531023,"['apriori', 'eclat', 'fpgrowth', 'fpgrowth_cluster0']","{'emp_new', 'burden_high', 'cluster_0_minimal', 'credit_small'} -> {'income_low'}",apriori+eclat+fpgrowth+fpgrowth_cluster0,4,True
"['burden_high', 'cluster_0_minimal', 'credit_small', 'emp_senior'] -> ['income_low']",0.05247344220707151,0.9861442193087008,2.200425108765094,['fpgrowth_cluster0'],"{'cluster_0_minimal', 'burden_high', 'emp_senior', 'credit_small'} -> {'income_low'}",fpgrowth_cluster0,1,False
"['burden_high', 'cluster_0_minimal', 'credit_small', 'income_low'] -> ['age_senior']",0.03313357005515712,0.41144689602286594,1.2344307785943265,"['apriori', 'eclat', 'fpgrowth']","{'income_low', 'burden_high', 'cluster_0_minimal', 'credit_small'} -> {'age_senior'}",apriori+eclat+fpgrowth,3,True
"['burden_high', 'cluster_0_minimal', 'credit_small', 'income_low'] -> ['emp_new']",0.03773420723919664,0.4685768064414932,1.4054897634022678,"['apriori', 'eclat', 'fpgrowth']","{'income_low', 'burden_high', 'cluster_0_minimal', 'credit_small'} -> {'emp_new'}",apriori+eclat+fpgrowth,3,True
"['burden_high', 'cluster_0_minimal', 'credit_small', 'risk_score_high'] -> ['income_low']",0.06618043443792611,0.9869945613620241,2.2023225127842374,['fpgrowth_cluster0'],"{'risk_score_high', 'burden_high', 'cluster_0_minimal', 'credit_small'} -> {'income_low'}",fpgrowth_cluster0,1,False
"['burden_high', 'cluster_0_minimal', 'credit_small', 'risk_score_low'] -> ['income_low']",0.08335183129855715,0.9863964724645838,2.200987971850535,['fpgrowth_cluster0'],"{'risk_score_low', 'burden_high', 'cluster_0_minimal', 'credit_small'} -> {'income_low'}",fpgrowth_cluster0,1,False
"['burden_high', 'cluster_0_minimal', 'credit_small', 'risk_score_med'] -> ['income_low']",0.07790550182337086,0.9876381909547738,2.2037586705884413,['fpgrowth_cluster0'],"{'risk_score_med', 'burden_high', 'cluster_0_minimal', 'credit_small'} -> {'income_low'}",fpgrowth_cluster0,1,False
"['burden_high', 'cluster_0_minimal', 'credit_small'] -> ['age_senior', 'income_low']",0.03313357005515712,0.40609626036398666,3.1685718748980936,"['apriori', 'eclat', 'fpgrowth']","{'burden_high', 'cluster_0_minimal', 'credit_small'} -> {'age_senior', 'income_low'}",apriori+eclat+fpgrowth,3,True
"['burden_high', 'cluster_0_minimal', 'credit_small'] -> ['age_senior']",0.033332865503642055,0.4085388929026043,1.2257061324963772,"['apriori', 'eclat', 'fpgrowth']","{'burden_high', 'cluster_0_minimal', 'credit_small'} -> {'age_senior'}",apriori+eclat+fpgrowth,3,True
"['burden_high', 'cluster_0_minimal', 'credit_small'] -> ['emp_new', 'income_low']",0.03773420723919664,0.46248322840334394,3.388142107278235,"['apriori', 'eclat', 'fpgrowth']","{'burden_high', 'cluster_0_minimal', 'credit_small'} -> {'emp_new', 'income_low'}",apriori+eclat+fpgrowth,3,True
"['burden_high', 'cluster_0_minimal', 'credit_small'] -> ['emp_new']",0.038059816704326954,0.46647400832559255,1.3991824490286764,"['apriori', 'eclat', 'fpgrowth']","{'burden_high', 'cluster_0_minimal', 'credit_small'} -> {'emp_new'}",apriori+eclat+fpgrowth,3,True
"['burden_high', 'cluster_0_minimal', 'credit_small'] -> ['income_low']",0.11725648894895219,0.9869955619775003,2.8632150550727578,"['apriori', 'eclat', 'fpgrowth', 'fpgrowth_cluster0']","{'burden_high', 'cluster_0_minimal', 'credit_small'} -> {'income_low'}",apriori+eclat+fpgrowth+fpgrowth_cluster0,4,True
"['burden_high', 'cluster_0_minimal', 'emp_mid'] -> ['credit_small', 'income_low']",0.06839226256540352,0.7365320583966534,1.9564132801161105,['fpgrowth_cluster0'],"{'emp_mid', 'burden_high', 'cluster_0_minimal'} -> {'income_low', 'credit_small'}",fpgrowth_cluster0,1,False
"['burden_high', 'cluster_0_minimal', 'emp_mid'] -> ['income_low']",0.0802441731409545,0.8641680184410484,1.9282544771214705,['fpgrowth_cluster0'],"{'emp_mid', 'burden_high', 'cluster_0_minimal'} -> {'income_low'}",fpgrowth_cluster0,1,False
"['burden_high', 'cluster_0_minimal', 'emp_new', 'income_low'] -> ['age_senior', 'credit_small']",0.07195972728714127,0.6028825717321998,2.763960441895024,['fpgrowth_cluster0'],"{'emp_new', 'income_low', 'burden_high', 'cluster_0_minimal'} -> {'age_senior', 'credit_small'}",fpgrowth_cluster0,1,False
"['burden_high', 'cluster_0_minimal', 'emp_new', 'income_low'] -> ['age_senior']",0.07785000792769939,0.6522316684378322,2.339546796813631,['fpgrowth_cluster0'],"{'emp_new', 'income_low', 'burden_high', 'cluster_0_minimal'} -> {'age_senior'}",fpgrowth_cluster0,1,False
"['burden_high', 'cluster_0_minimal', 'emp_new', 'income_low'] -> ['credit_small']",0.03773420723919664,0.8928666312433581,2.672987636352657,"['apriori', 'eclat', 'fpgrowth']","{'emp_new', 'income_low', 'burden_high', 'cluster_0_minimal'} -> {'credit_small'}",apriori+eclat+fpgrowth,3,True
"['burden_high', 'cluster_0_minimal', 'emp_new'] -> ['age_senior', 'credit_small', 'income_low']",0.07195972728714127,0.5656509004798405,3.951005293013294,['fpgrowth_cluster0'],"{'emp_new', 'burden_high', 'cluster_0_minimal'} -> {'age_senior', 'income_low', 'credit_small'}",fpgrowth_cluster0,1,False
"['burden_high', 'cluster_0_minimal', 'emp_new'] -> ['age_senior', 'credit_small']",0.07228476296178848,0.5682058951829002,2.6049826131558853,['fpgrowth_cluster0'],"{'emp_new', 'burden_high', 'cluster_0_minimal'} -> {'age_senior', 'credit_small'}",fpgrowth_cluster0,1,False
"['burden_high', 'cluster_0_minimal', 'emp_new'] -> ['age_senior', 'income_low']",0.07785000792769939,0.6119523898548016,3.7997378516507347,['fpgrowth_cluster0'],"{'emp_new', 'burden_high', 'cluster_0_minimal'} -> {'age_senior', 'income_low'}",fpgrowth_cluster0,1,False
"['burden_high', 'cluster_0_minimal', 'emp_new'] -> ['age_senior']",0.07895988584112891,0.6206767620115909,2.226359744075018,['fpgrowth_cluster0'],"{'emp_new', 'burden_high', 'cluster_0_minimal'} -> {'age_senior'}",fpgrowth_cluster0,1,False
"['burden_high', 'cluster_0_minimal', 'emp_new'] -> ['credit_small', 'income_low']",0.05494367112624225,0.8377266778837166,4.284123107561061,"['apriori', 'eclat', 'fpgrowth', 'fpgrowth_cluster0']","{'emp_new', 'burden_high', 'cluster_0_minimal'} -> {'income_low', 'credit_small'}",apriori+eclat+fpgrowth+fpgrowth_cluster0,4,True
"['burden_high', 'cluster_0_minimal', 'emp_new'] -> ['credit_small']",0.038059816704326954,0.8449554433850563,2.5295552262850167,"['apriori', 'eclat', 'fpgrowth']","{'emp_new', 'burden_high', 'cluster_0_minimal'} -> {'credit_small'}",apriori+eclat+fpgrowth,3,True
"['burden_high', 'cluster_0_minimal', 'emp_new'] -> ['income_low']",0.061536257716038344,0.9382439085187263,2.7217894261031783,"['apriori', 'eclat', 'fpgrowth', 'fpgrowth_cluster0']","{'emp_new', 'burden_high', 'cluster_0_minimal'} -> {'income_low'}",apriori+eclat+fpgrowth+fpgrowth_cluster0,4,True
"['burden_high', 'cluster_0_minimal', 'emp_senior'] -> ['credit_small', 'income_low']",0.05247344220707151,0.825414640229455,2.1925076381094897,['fpgrowth_cluster0'],"{'cluster_0_minimal', 'burden_high', 'emp_senior'} -> {'income_low', 'credit_small'}",fpgrowth_cluster0,1,False
"['burden_high', 'cluster_0_minimal', 'emp_senior'] -> ['income_low']",0.05889487870619946,0.926424741239556,2.0671705234288726,['fpgrowth_cluster0'],"{'cluster_0_minimal', 'burden_high', 'emp_senior'} -> {'income_low'}",fpgrowth_cluster0,1,False
"['burden_high', 'cluster_0_minimal', 'income_low'] -> ['age_senior', 'credit_small']",0.03313357005515712,0.36200815775753675,3.22442223771561,"['apriori', 'eclat', 'fpgrowth']","{'income_low', 'burden_high', 'cluster_0_minimal'} -> {'age_senior', 'credit_small'}",apriori+eclat+fpgrowth,3,True
"['burden_high', 'cluster_0_minimal', 'income_low'] -> ['credit_small', 'emp_new']",0.03773420723919664,0.41227343821878737,3.241117347794026,"['apriori', 'eclat', 'fpgrowth']","{'income_low', 'burden_high', 'cluster_0_minimal'} -> {'emp_new', 'credit_small'}",apriori+eclat+fpgrowth,3,True
"['burden_high', 'cluster_0_minimal', 'income_low'] -> ['credit_small']",0.08052939607865153,0.879841751771092,2.6339948679188447,"['apriori', 'eclat', 'fpgrowth']","{'income_low', 'burden_high', 'cluster_0_minimal'} -> {'credit_small'}",apriori+eclat+fpgrowth,3,True
"['burden_high', 'cluster_0_minimal', 'income_low'] -> ['emp_new']",0.042261862991396615,0.46174134388321536,1.384986886346234,"['apriori', 'eclat', 'fpgrowth']","{'income_low', 'burden_high', 'cluster_0_minimal'} -> {'emp_new'}",apriori+eclat+fpgrowth,3,True
"['burden_high', 'cluster_0_minimal', 'risk_score_high'] -> ['credit_small', 'income_low']",0.06618043443792611,0.8942688805570433,2.3754017139796466,['fpgrowth_cluster0'],"{'risk_score_high', 'burden_high', 'cluster_0_minimal'} -> {'income_low', 'credit_small'}",fpgrowth_cluster0,1,False
"['burden_high', 'cluster_0_minimal', 'risk_score_high'] -> ['income_low']",0.07132551133661011,0.9637921799678628,2.150550062463891,['fpgrowth_cluster0'],"{'risk_score_high', 'burden_high', 'cluster_0_minimal'} -> {'income_low'}",fpgrowth_cluster0,1,False
"['burden_high', 'cluster_0_minimal', 'risk_score_low'] -> ['credit_small', 'income_low']",0.08335183129855715,0.7234071831567359,1.9215503302600798,['fpgrowth_cluster0'],"{'risk_score_low', 'burden_high', 'cluster_0_minimal'} -> {'income_low', 'credit_small'}",fpgrowth_cluster0,1,False
"['burden_high', 'cluster_0_minimal', 'risk_score_low'] -> ['income_low']",0.05146958643850098,0.8664510802256777,2.513522727919589,"['apriori', 'eclat', 'fpgrowth', 'fpgrowth_cluster0']","{'risk_score_low', 'burden_high', 'cluster_0_minimal'} -> {'income_low'}",apriori+eclat+fpgrowth+fpgrowth_cluster0,4,True
"['burden_high', 'cluster_0_minimal', 'risk_score_med'] -> ['credit_small', 'income_low']",0.07790550182337086,0.825104953820319,2.1916850335852223,['fpgrowth_cluster0'],"{'risk_score_med', 'burden_high', 'cluster_0_minimal'} -> {'income_low', 'credit_small'}",fpgrowth_cluster0,1,False
"['burden_high', 'cluster_0_minimal', 'risk_score_med'] -> ['income_low']",0.04502822471158305,0.9250209907640637,2.6834305330689645,"['apriori', 'eclat', 'fpgrowth', 'fpgrowth_cluster0']","{'risk_score_med', 'burden_high', 'cluster_0_minimal'} -> {'income_low'}",apriori+eclat+fpgrowth+fpgrowth_cluster0,4,True
"['burden_high', 'cluster_0_minimal'] -> ['age_senior', 'income_low']",0.03607247617577297,0.3591771709662092,2.80248500936435,"['apriori', 'eclat', 'fpgrowth']","{'burden_high', 'cluster_0_minimal'} -> {'age_senior', 'income_low'}",apriori+eclat+fpgrowth,3,True
"['burden_high', 'cluster_0_minimal'] -> ['credit_small', 'emp_new', 'income_low']",0.03773420723919664,0.3757231895804802,4.975957803122452,"['apriori', 'eclat', 'fpgrowth']","{'burden_high', 'cluster_0_minimal'} -> {'emp_new', 'income_low', 'credit_small'}",apriori+eclat+fpgrowth,3,True
"['burden_high', 'cluster_0_minimal'] -> ['credit_small', 'emp_new']",0.038059816704326954,0.3789653148494927,2.979263135354092,"['apriori', 'eclat', 'fpgrowth']","{'burden_high', 'cluster_0_minimal'} -> {'emp_new', 'credit_small'}",apriori+eclat+fpgrowth,3,True
"['burden_high', 'cluster_0_minimal'] -> ['credit_small', 'income_low']",0.11725648894895219,0.8018390676094916,4.100594345125858,"['apriori', 'eclat', 'fpgrowth', 'fpgrowth_cluster0']","{'burden_high', 'cluster_0_minimal'} -> {'income_low', 'credit_small'}",apriori+eclat+fpgrowth+fpgrowth_cluster0,4,True
"['burden_high', 'cluster_0_minimal'] -> ['credit_small']",0.08159043381847272,0.8124039240895499,2.4321052762289606,"['apriori', 'eclat', 'fpgrowth']","{'burden_high', 'cluster_0_minimal'} -> {'credit_small'}",apriori+eclat+fpgrowth,3,True
"['burden_high', 'cluster_0_minimal'] -> ['emp_new', 'income_low']",0.042261862991396615,0.420805500433215,3.0828119755050487,"['apriori', 'eclat', 'fpgrowth']","{'burden_high', 'cluster_0_minimal'} -> {'emp_new', 'income_low'}",apriori+eclat+fpgrowth,3,True
"['burden_high', 'cluster_0_minimal'] -> ['emp_new']",0.04504357833574266,0.4485033119986584,1.3452795896009333,"['apriori', 'eclat', 'fpgrowth']","{'burden_high', 'cluster_0_minimal'} -> {'emp_new'}",apriori+eclat+fpgrowth,3,True
"['burden_high', 'cluster_0_minimal'] -> ['income_low', 'risk_score_low']",0.03534827581367279,0.351966237178233,3.0929879582124173,"['apriori', 'eclat', 'fpgrowth']","{'burden_high', 'cluster_0_minimal'} -> {'risk_score_low', 'income_low'}",apriori+eclat+fpgrowth,3,True
"['burden_high', 'cluster_0_minimal'] -> ['income_low']",0.13326997578021135,0.9113446435059671,2.643756268182373,"['apriori', 'eclat', 'fpgrowth', 'fpgrowth_cluster0']","{'burden_high', 'cluster_0_minimal'} -> {'income_low'}",apriori+eclat+fpgrowth+fpgrowth_cluster0,4,True
"['burden_high', 'cluster_0_minimal'] -> ['risk_score_low']",0.040796620398310196,0.4062159367226585,1.2186443894598045,"['apriori', 'eclat', 'fpgrowth']","{'burden_high', 'cluster_0_minimal'} -> {'risk_score_low'}",apriori+eclat+fpgrowth,3,True
"['burden_high', 'cluster_1_veteran', 'credit_small'] -> ['income_low']",0.06021669529079999,0.9762805087658989,4.604892252717881,['fpgrowth_cluster1'],"{'cluster_1_veteran', 'credit_small', 'burden_high'} -> {'income_low'}",fpgrowth_cluster1,1,False
"['burden_high', 'cluster_1_veteran', 'emp_new'] -> ['age_senior']",0.06615355257299153,0.7471264367816091,1.737082777319745,['fpgrowth_cluster1'],"{'emp_new', 'cluster_1_veteran', 'burden_high'} -> {'age_senior'}",fpgrowth_cluster1,1,False
"['burden_high', 'cluster_1_veteran', 'emp_new'] -> ['income_low']",0.05124780018234633,0.5787835249042145,2.729989737479495,['fpgrowth_cluster1'],"{'emp_new', 'cluster_1_veteran', 'burden_high'} -> {'income_low'}",fpgrowth_cluster1,1,False
"['burden_high', 'cluster_1_veteran', 'income_low'] -> ['credit_small']",0.06021669529079999,0.6165870603560573,1.8457693130798305,['fpgrowth_cluster1'],"{'cluster_1_veteran', 'income_low', 'burden_high'} -> {'credit_small'}",fpgrowth_cluster1,1,False
"['burden_high', 'cluster_2_ambisius', 'credit_large', 'emp_new'] -> ['age_senior']",0.05478673592713244,0.5593691264198741,1.552044666454344,['fpgrowth_cluster2'],"{'emp_new', 'burden_high', 'credit_large', 'cluster_2_ambisius'} -> {'age_senior'}",fpgrowth_cluster2,1,False
"['burden_high', 'cluster_2_ambisius', 'credit_large'] -> ['risk_score_high']",0.05176629099942457,0.4354457876841707,1.3063336962023735,"['apriori', 'eclat', 'fpgrowth']","{'credit_large', 'burden_high', 'cluster_2_ambisius'} -> {'risk_score_high'}",apriori+eclat+fpgrowth,3,True
"['burden_high', 'cluster_2_ambisius', 'emp_mid'] -> ['credit_large']",0.03810472835468976,0.7569843305637652,2.3505983952042584,"['apriori', 'eclat', 'fpgrowth']","{'emp_mid', 'burden_high', 'cluster_2_ambisius'} -> {'credit_large'}",apriori+eclat+fpgrowth,3,True
"['burden_high', 'cluster_2_ambisius', 'emp_new'] -> ['age_senior']",0.08042324654431363,0.5825602968460112,1.6163916793098623,['fpgrowth_cluster2'],"{'emp_new', 'burden_high', 'cluster_2_ambisius'} -> {'age_senior'}",fpgrowth_cluster2,1,False
"['burden_high', 'cluster_2_ambisius', 'emp_new'] -> ['credit_large']",0.034348991593100446,0.7094735621521334,2.2030672885826332,"['apriori', 'eclat', 'fpgrowth']","{'emp_new', 'burden_high', 'cluster_2_ambisius'} -> {'credit_large'}",apriori+eclat+fpgrowth,3,True
"['burden_high', 'cluster_2_ambisius', 'emp_senior'] -> ['credit_large']",0.04642741856254649,0.779526816853615,2.420597640839068,"['apriori', 'eclat', 'fpgrowth']","{'burden_high', 'emp_senior', 'cluster_2_ambisius'} -> {'credit_large'}",apriori+eclat+fpgrowth,3,True
"['burden_high', 'cluster_2_ambisius', 'income_high'] -> ['credit_large']",0.04066469242536947,0.8472425288028541,2.6308694224484066,"['apriori', 'eclat', 'fpgrowth']","{'burden_high', 'income_high', 'cluster_2_ambisius'} -> {'credit_large'}",apriori+eclat+fpgrowth,3,True
"['burden_high', 'cluster_2_ambisius', 'income_low'] -> ['credit_med']",0.05566716557680148,0.5188362551286834,1.5978821455216567,['fpgrowth_cluster2'],"{'income_low', 'burden_high', 'cluster_2_ambisius'} -> {'credit_med'}",fpgrowth_cluster2,1,False
"['burden_high', 'cluster_2_ambisius', 'income_very_high'] -> ['credit_large']",0.03354338886471769,0.9086761463006615,2.8216339559683963,"['apriori', 'eclat', 'fpgrowth']","{'income_very_high', 'burden_high', 'cluster_2_ambisius'} -> {'credit_large'}",apriori+eclat+fpgrowth,3,True
"['burden_high', 'cluster_2_ambisius', 'risk_score_high'] -> ['credit_large']",0.05176629099942457,0.7606830556013859,2.3620837282378475,"['apriori', 'eclat', 'fpgrowth']","{'risk_score_high', 'burden_high', 'cluster_2_ambisius'} -> {'credit_large'}",apriori+eclat+fpgrowth,3,True
"['burden_high', 'cluster_2_ambisius', 'risk_score_med'] -> ['credit_large']",0.03905348696860395,0.739935116736691,2.29765693651968,"['apriori', 'eclat', 'fpgrowth']","{'risk_score_med', 'burden_high', 'cluster_2_ambisius'} -> {'credit_large'}",apriori+eclat+fpgrowth,3,True
"['burden_high', 'cluster_2_ambisius'] -> ['credit_large']",0.1188811385103367,0.7509353002712814,2.331814861220847,"['apriori', 'eclat', 'fpgrowth']","{'burden_high', 'cluster_2_ambisius'} -> {'credit_large'}",apriori+eclat+fpgrowth,3,True
"['burden_high', 'cluster_2_ambisius'] -> ['risk_score_high']",0.06805237821223561,0.429865777762017,1.289593713424678,"['apriori', 'eclat', 'fpgrowth']","{'burden_high', 'cluster_2_ambisius'} -> {'risk_score_high'}",apriori+eclat+fpgrowth,3,True
"['burden_high', 'cluster_3_cc_intensif', 'credit_small'] -> ['income_low']",0.056768317415833915,0.9802610633556191,3.939493150139454,['fpgrowth_cluster3'],"{'cluster_3_cc_intensif', 'credit_small', 'burden_high'} -> {'income_low'}",fpgrowth_cluster3,1,False
"['burden_high', 'cluster_3_cc_intensif', 'emp_senior'] -> ['credit_large']",0.059847339503669016,0.5797463832827291,1.6765814095701765,['fpgrowth_cluster3'],"{'cluster_3_cc_intensif', 'burden_high', 'emp_senior'} -> {'credit_large'}",fpgrowth_cluster3,1,False
"['burden_high', 'cluster_3_cc_intensif', 'risk_score_high'] -> ['credit_large']",0.052453999041262585,0.5846691327579121,1.6908176178365042,['fpgrowth_cluster3'],"{'risk_score_high', 'cluster_3_cc_intensif', 'burden_high'} -> {'credit_large'}",fpgrowth_cluster3,1,False
"['burden_high', 'cluster_4_bermasalah', 'credit_small', 'emp_new'] -> ['income_low']",0.05880794701986755,0.9910714285714286,2.7288801187871212,['fpgrowth_cluster4'],"{'emp_new', 'cluster_4_bermasalah', 'credit_small', 'burden_high'} -> {'income_low'}",fpgrowth_cluster4,1,False
"['burden_high', 'cluster_4_bermasalah', 'credit_small'] -> ['emp_new', 'income_low']",0.05880794701986755,0.5323741007194245,3.2414713390577865,['fpgrowth_cluster4'],"{'cluster_4_bermasalah', 'credit_small', 'burden_high'} -> {'emp_new', 'income_low'}",fpgrowth_cluster4,1,False
"['burden_high', 'cluster_4_bermasalah', 'credit_small'] -> ['income_low']",0.1080794701986755,0.9784172661870504,2.6940373303108065,['fpgrowth_cluster4'],"{'cluster_4_bermasalah', 'credit_small', 'burden_high'} -> {'income_low'}",fpgrowth_cluster4,1,False
"['burden_high', 'cluster_4_bermasalah', 'emp_new', 'income_low'] -> ['age_senior']",0.06304635761589404,0.7104477611940299,1.9143042815899092,['fpgrowth_cluster4'],"{'emp_new', 'income_low', 'burden_high', 'cluster_4_bermasalah'} -> {'age_senior'}",fpgrowth_cluster4,1,False
"['burden_high', 'cluster_4_bermasalah', 'emp_new', 'income_low'] -> ['credit_small']",0.05880794701986755,0.6626865671641791,2.0708955223880596,['fpgrowth_cluster4'],"{'emp_new', 'income_low', 'burden_high', 'cluster_4_bermasalah'} -> {'credit_small'}",fpgrowth_cluster4,1,False
"['burden_high', 'cluster_4_bermasalah', 'emp_new'] -> ['age_senior']",0.08927152317880795,0.6394686907020873,1.7230508975020555,['fpgrowth_cluster4'],"{'emp_new', 'burden_high', 'cluster_4_bermasalah'} -> {'age_senior'}",fpgrowth_cluster4,1,False
"['burden_high', 'cluster_4_bermasalah', 'emp_new'] -> ['income_low']",0.08874172185430464,0.6356736242884251,1.7503048371180197,['fpgrowth_cluster4'],"{'emp_new', 'burden_high', 'cluster_4_bermasalah'} -> {'income_low'}",fpgrowth_cluster4,1,False
"['burden_high', 'cluster_4_bermasalah', 'emp_senior'] -> ['credit_large']",0.05827814569536424,0.5116279069767442,1.6507652554164183,['fpgrowth_cluster4'],"{'cluster_4_bermasalah', 'burden_high', 'emp_senior'} -> {'credit_large'}",fpgrowth_cluster4,1,False
"['burden_high', 'cluster_4_bermasalah', 'income_low'] -> ['credit_small']",0.1080794701986755,0.5921625544267054,1.8505079825834543,['fpgrowth_cluster4'],"{'cluster_4_bermasalah', 'income_low', 'burden_high'} -> {'credit_small'}",fpgrowth_cluster4,1,False
"['burden_high', 'cluster_4_bermasalah', 'risk_score_low'] -> ['income_low']",0.06463576158940397,0.5879518072289156,1.6189045020343957,['fpgrowth_cluster4'],"{'cluster_4_bermasalah', 'risk_score_low', 'burden_high'} -> {'income_low'}",fpgrowth_cluster4,1,False
"['burden_high', 'credit_large', 'emp_mid'] -> ['cluster_2_ambisius']",0.03810472835468976,0.7946496517005212,2.2658890471875806,"['apriori', 'eclat', 'fpgrowth']","{'credit_large', 'emp_mid', 'burden_high'} -> {'cluster_2_ambisius'}",apriori+eclat+fpgrowth,3,True
"['burden_high', 'credit_large', 'emp_new'] -> ['age_senior', 'cluster_2_ambisius']",0.05478673592713244,0.5593691264198741,1.552044666454344,['fpgrowth_cluster2'],"{'emp_new', 'burden_high', 'credit_large'} -> {'age_senior', 'cluster_2_ambisius'}",fpgrowth_cluster2,1,False
"['burden_high', 'credit_large', 'emp_new'] -> ['age_senior']",0.05478673592713244,0.5593691264198741,1.552044666454344,['fpgrowth_cluster2'],"{'emp_new', 'burden_high', 'credit_large'} -> {'age_senior'}",fpgrowth_cluster2,1,False
"['burden_high', 'credit_large', 'emp_new'] -> ['cluster_2_ambisius']",0.034348991593100446,0.7917825946295697,2.257713830347268,"['apriori', 'eclat', 'fpgrowth']","{'credit_large', 'emp_new', 'burden_high'} -> {'cluster_2_ambisius'}",apriori+eclat+fpgrowth,3,True
"['burden_high', 'credit_large', 'emp_senior'] -> ['cluster_2_ambisius']",0.04642741856254649,0.7694812747150501,2.194123144283292,"['apriori', 'eclat', 'fpgrowth']","{'credit_large', 'burden_high', 'emp_senior'} -> {'cluster_2_ambisius'}",apriori+eclat+fpgrowth,3,True
"['burden_high', 'credit_large', 'income_high'] -> ['cluster_2_ambisius']",0.04066469242536947,0.7787872271798731,2.2206584302656953,"['apriori', 'eclat', 'fpgrowth']","{'credit_large', 'burden_high', 'income_high'} -> {'cluster_2_ambisius'}",apriori+eclat+fpgrowth,3,True
"['burden_high', 'credit_large', 'income_very_high'] -> ['cluster_2_ambisius']",0.03354338886471769,0.7640664961636828,2.178683274164135,"['apriori', 'eclat', 'fpgrowth']","{'credit_large', 'income_very_high', 'burden_high'} -> {'cluster_2_ambisius'}",apriori+eclat+fpgrowth,3,True
"['burden_high', 'credit_large', 'risk_score_high'] -> ['cluster_2_ambisius']",0.05176629099942457,0.8149359257622625,2.32373396803588,"['apriori', 'eclat', 'fpgrowth']","{'credit_large', 'risk_score_high', 'burden_high'} -> {'cluster_2_ambisius'}",apriori+eclat+fpgrowth,3,True
"['burden_high', 'credit_large', 'risk_score_med'] -> ['cluster_2_ambisius']",0.03905348696860395,0.7807957797856221,2.2263856804322653,"['apriori', 'eclat', 'fpgrowth']","{'credit_large', 'risk_score_med', 'burden_high'} -> {'cluster_2_ambisius'}",apriori+eclat+fpgrowth,3,True
"['burden_high', 'credit_large'] -> ['cluster_2_ambisius']",0.1188811385103367,0.7838172968371181,2.2350013293263715,"['apriori', 'eclat', 'fpgrowth']","{'credit_large', 'burden_high'} -> {'cluster_2_ambisius'}",apriori+eclat+fpgrowth,3,True
"['burden_high', 'credit_large'] -> ['risk_score_high']",0.06352191548188797,0.41881812966150306,1.2564508621543957,"['apriori', 'eclat', 'fpgrowth']","{'credit_large', 'burden_high'} -> {'risk_score_high'}",apriori+eclat+fpgrowth,3,True
"['burden_high', 'credit_med'] -> ['cluster_2_ambisius']",0.039230326591907484,0.48004396510269975,1.3688124827929016,"['apriori', 'eclat', 'fpgrowth']","{'burden_high', 'credit_med'} -> {'cluster_2_ambisius'}",apriori+eclat+fpgrowth,3,True
"['burden_high', 'credit_med'] -> ['income_low']",0.04112222986344051,0.5031943394930274,1.5720493139362157,"['apriori', 'eclat', 'fpgrowth']","{'burden_high', 'credit_med'} -> {'income_low'}",apriori+eclat+fpgrowth,3,True
"['burden_high', 'credit_small', 'emp_mid'] -> ['cluster_0_minimal', 'income_low']",0.06839226256540352,0.980786721236926,2.18847069779105,['fpgrowth_cluster0'],"{'emp_mid', 'burden_high', 'credit_small'} -> {'income_low', 'cluster_0_minimal'}",fpgrowth_cluster0,1,False
"['burden_high', 'credit_small', 'emp_mid'] -> ['income_low']",0.06839226256540352,0.980786721236926,2.18847069779105,['fpgrowth_cluster0'],"{'emp_mid', 'credit_small', 'burden_high'} -> {'income_low'}",fpgrowth_cluster0,1,False
"['burden_high', 'credit_small', 'emp_new', 'income_low'] -> ['age_senior', 'cluster_0_minimal']",0.07195972728714127,0.6752213047682809,2.4220103333751624,['fpgrowth_cluster0'],"{'emp_new', 'income_low', 'burden_high', 'credit_small'} -> {'age_senior', 'cluster_0_minimal'}",fpgrowth_cluster0,1,False
"['burden_high', 'credit_small', 'emp_new', 'income_low'] -> ['age_senior']",0.04199170021801835,0.6870011931092268,2.160203648405071,"['apriori', 'eclat', 'fpgrowth', 'fpgrowth_cluster0']","{'emp_new', 'income_low', 'burden_high', 'credit_small'} -> {'age_senior'}",apriori+eclat+fpgrowth+fpgrowth_cluster0,4,True
"['burden_high', 'credit_small', 'emp_new', 'income_low'] -> ['cluster_0_minimal']",0.03773420723919664,0.8146778983091933,2.300880566530376,"['apriori', 'eclat', 'fpgrowth']","{'emp_new', 'income_low', 'burden_high', 'credit_small'} -> {'cluster_0_minimal'}",apriori+eclat+fpgrowth,3,True
"['burden_high', 'credit_small', 'emp_new'] -> ['age_senior', 'cluster_0_minimal', 'income_low']",0.07195972728714127,0.6694446493104211,4.156719077726631,['fpgrowth_cluster0'],"{'emp_new', 'burden_high', 'credit_small'} -> {'age_senior', 'income_low', 'cluster_0_minimal'}",fpgrowth_cluster0,1,False
"['burden_high', 'credit_small', 'emp_new'] -> ['age_senior', 'cluster_0_minimal']",0.07228476296178848,0.6724684711261892,2.4121359537012315,['fpgrowth_cluster0'],"{'emp_new', 'burden_high', 'credit_small'} -> {'age_senior', 'cluster_0_minimal'}",fpgrowth_cluster0,1,False
"['burden_high', 'credit_small', 'emp_new'] -> ['age_senior', 'income_low']",0.04199170021801835,0.6810431279649958,5.047190647202711,"['apriori', 'eclat', 'fpgrowth', 'fpgrowth_cluster0']","{'emp_new', 'burden_high', 'credit_small'} -> {'age_senior', 'income_low'}",apriori+eclat+fpgrowth+fpgrowth_cluster0,4,True
"['burden_high', 'credit_small', 'emp_new'] -> ['age_senior']",0.04219295745249327,0.6843672679677782,2.15189747725914,"['apriori', 'eclat', 'fpgrowth', 'fpgrowth_cluster0']","{'emp_new', 'burden_high', 'credit_small'} -> {'age_senior'}",apriori+eclat+fpgrowth+fpgrowth_cluster0,4,True
"['burden_high', 'credit_small', 'emp_new'] -> ['cluster_0_minimal', 'income_low']",0.05494367112624225,0.8535472499063527,4.370060597914041,"['apriori', 'eclat', 'fpgrowth', 'fpgrowth_cluster0']","{'emp_new', 'burden_high', 'credit_small'} -> {'income_low', 'cluster_0_minimal'}",apriori+eclat+fpgrowth+fpgrowth_cluster0,4,True
"['burden_high', 'credit_small', 'emp_new'] -> ['cluster_0_minimal']",0.038059816704326954,0.8145500420521447,2.300519464335554,"['apriori', 'eclat', 'fpgrowth']","{'emp_new', 'burden_high', 'credit_small'} -> {'cluster_0_minimal'}",apriori+eclat+fpgrowth,3,True
"['burden_high', 'credit_small', 'emp_new'] -> ['cluster_4_bermasalah', 'income_low']",0.05880794701986755,0.9910714285714286,2.7288801187871212,['fpgrowth_cluster4'],"{'emp_new', 'credit_small', 'burden_high'} -> {'cluster_4_bermasalah', 'income_low'}",fpgrowth_cluster4,1,False
"['burden_high', 'credit_small', 'emp_new'] -> ['income_low']",0.06086676981032163,0.9912767642408337,2.8463819726955877,"['apriori', 'eclat', 'fpgrowth', 'fpgrowth_cluster0', 'fpgrowth_cluster4']","{'emp_new', 'burden_high', 'credit_small'} -> {'income_low'}",apriori+eclat+fpgrowth+fpgrowth_cluster0+fpgrowth_cluster4,5,True
"['burden_high', 'credit_small', 'emp_senior'] -> ['cluster_0_minimal', 'income_low']",0.05247344220707151,0.9861442193087008,2.200425108765094,['fpgrowth_cluster0'],"{'burden_high', 'emp_senior', 'credit_small'} -> {'income_low', 'cluster_0_minimal'}",fpgrowth_cluster0,1,False
"['burden_high', 'credit_small', 'emp_senior'] -> ['income_low']",0.05247344220707151,0.9861442193087008,2.200425108765094,['fpgrowth_cluster0'],"{'burden_high', 'emp_senior', 'credit_small'} -> {'income_low'}",fpgrowth_cluster0,1,False
"['burden_high', 'credit_small', 'income_low'] -> ['age_senior']",0.041770641815553476,0.42416555026651087,1.272589526205299,"['apriori', 'eclat', 'fpgrowth']","{'income_low', 'burden_high', 'credit_small'} -> {'age_senior'}",apriori+eclat+fpgrowth,3,True
"['burden_high', 'credit_small', 'income_low'] -> ['cluster_0_minimal', 'emp_new']",0.03773420723919664,0.38317703731151836,2.979954494256914,"['apriori', 'eclat', 'fpgrowth']","{'income_low', 'burden_high', 'credit_small'} -> {'emp_new', 'cluster_0_minimal'}",apriori+eclat+fpgrowth,3,True
"['burden_high', 'credit_small', 'income_low'] -> ['cluster_0_minimal']",0.08052939607865153,0.8177464869024883,2.3095471277267006,"['apriori', 'eclat', 'fpgrowth']","{'income_low', 'burden_high', 'credit_small'} -> {'cluster_0_minimal'}",apriori+eclat+fpgrowth,3,True
"['burden_high', 'credit_small', 'income_low'] -> ['emp_new']",0.04631794641478717,0.47034176096685004,1.4107837205170004,"['apriori', 'eclat', 'fpgrowth']","{'income_low', 'burden_high', 'credit_small'} -> {'emp_new'}",apriori+eclat+fpgrowth,3,True
"['burden_high', 'credit_small', 'risk_score_high'] -> ['cluster_0_minimal', 'income_low']",0.06618043443792611,0.9869945613620241,2.2023225127842374,['fpgrowth_cluster0'],"{'risk_score_high', 'burden_high', 'credit_small'} -> {'income_low', 'cluster_0_minimal'}",fpgrowth_cluster0,1,False
"['burden_high', 'credit_small', 'risk_score_high'] -> ['income_low']",0.06618043443792611,0.9869945613620241,2.2023225127842374,['fpgrowth_cluster0'],"{'risk_score_high', 'burden_high', 'credit_small'} -> {'income_low'}",fpgrowth_cluster0,1,False
"['burden_high', 'credit_small', 'risk_score_low'] -> ['cluster_0_minimal', 'income_low']",0.08335183129855715,0.9863964724645838,2.200987971850535,['fpgrowth_cluster0'],"{'risk_score_low', 'burden_high', 'credit_small'} -> {'income_low', 'cluster_0_minimal'}",fpgrowth_cluster0,1,False
"['burden_high', 'credit_small', 'risk_score_low'] -> ['income_low']",0.04814494298975978,0.9856032202127732,2.8589989015543043,"['apriori', 'eclat', 'fpgrowth', 'fpgrowth_cluster0']","{'risk_score_low', 'burden_high', 'credit_small'} -> {'income_low'}",apriori+eclat+fpgrowth+fpgrowth_cluster0,4,True
"['burden_high', 'credit_small', 'risk_score_med'] -> ['cluster_0_minimal', 'income_low']",0.07790550182337086,0.9876381909547738,2.2037586705884413,['fpgrowth_cluster0'],"{'risk_score_med', 'burden_high', 'credit_small'} -> {'income_low', 'cluster_0_minimal'}",fpgrowth_cluster0,1,False
"['burden_high', 'credit_small', 'risk_score_med'] -> ['income_low']",0.04463181187077023,0.9864499009322898,2.8613668994746044,"['apriori', 'eclat', 'fpgrowth', 'fpgrowth_cluster0']","{'risk_score_med', 'burden_high', 'credit_small'} -> {'income_low'}",apriori+eclat+fpgrowth+fpgrowth_cluster0,4,True
"['burden_high', 'credit_small'] -> ['age_senior', 'income_low']",0.041770641815553476,0.4179469175677573,3.2610367970849423,"['apriori', 'eclat', 'fpgrowth']","{'burden_high', 'credit_small'} -> {'age_senior', 'income_low'}",apriori+eclat+fpgrowth,3,True
"['burden_high', 'credit_small'] -> ['age_senior']",0.04206537452105935,0.42089594158123855,1.2627799842350635,"['apriori', 'eclat', 'fpgrowth']","{'burden_high', 'credit_small'} -> {'age_senior'}",apriori+eclat+fpgrowth,3,True
"['burden_high', 'credit_small'] -> ['cluster_0_minimal', 'emp_new', 'income_low']",0.03773420723919664,0.37755933155455695,5.471784218654654,"['apriori', 'eclat', 'fpgrowth']","{'burden_high', 'credit_small'} -> {'emp_new', 'income_low', 'cluster_0_minimal'}",apriori+eclat+fpgrowth,3,True
"['burden_high', 'credit_small'] -> ['cluster_0_minimal', 'emp_new']",0.038059816704326954,0.38081730094087907,2.9616029065618736,"['apriori', 'eclat', 'fpgrowth']","{'burden_high', 'credit_small'} -> {'emp_new', 'cluster_0_minimal'}",apriori+eclat+fpgrowth,3,True
"['burden_high', 'credit_small'] -> ['cluster_0_minimal', 'income_low']",0.11725648894895219,0.8510671042284012,4.35895862943829,"['apriori', 'eclat', 'fpgrowth', 'fpgrowth_cluster0']","{'burden_high', 'credit_small'} -> {'income_low', 'cluster_0_minimal'}",apriori+eclat+fpgrowth+fpgrowth_cluster0,4,True
"['burden_high', 'credit_small'] -> ['cluster_0_minimal']",0.08159043381847272,0.8163741047605674,2.3056711328006654,"['apriori', 'eclat', 'fpgrowth']","{'burden_high', 'credit_small'} -> {'cluster_0_minimal'}",apriori+eclat+fpgrowth,3,True
"['burden_high', 'credit_small'] -> ['cluster_1_veteran', 'income_low']",0.06021669529079999,0.9762805087658989,4.604892252717881,['fpgrowth_cluster1'],"{'credit_small', 'burden_high'} -> {'cluster_1_veteran', 'income_low'}",fpgrowth_cluster1,1,False
"['burden_high', 'credit_small'] -> ['cluster_3_cc_intensif', 'income_low']",0.056768317415833915,0.9802610633556191,3.939493150139454,['fpgrowth_cluster3'],"{'credit_small', 'burden_high'} -> {'cluster_3_cc_intensif', 'income_low'}",fpgrowth_cluster3,1,False
"['burden_high', 'credit_small'] -> ['cluster_4_bermasalah', 'emp_new', 'income_low']",0.05880794701986755,0.5323741007194245,3.2414713390577865,['fpgrowth_cluster4'],"{'credit_small', 'burden_high'} -> {'emp_new', 'income_low', 'cluster_4_bermasalah'}",fpgrowth_cluster4,1,False
"['burden_high', 'credit_small'] -> ['cluster_4_bermasalah', 'income_low']",0.1080794701986755,0.9784172661870504,2.6940373303108065,['fpgrowth_cluster4'],"{'credit_small', 'burden_high'} -> {'cluster_4_bermasalah', 'income_low'}",fpgrowth_cluster4,1,False
"['burden_high', 'credit_small'] -> ['emp_new', 'income_low']",0.049440446566057256,0.48067813408310006,3.3567651459331973,"['apriori', 'eclat', 'fpgrowth', 'fpgrowth_cluster4']","{'burden_high', 'credit_small'} -> {'emp_new', 'income_low'}",apriori+eclat+fpgrowth+fpgrowth_cluster4,4,True
"['burden_high', 'credit_small'] -> ['emp_new']",0.04672495824620005,0.4675186069372279,1.4023157083691622,"['apriori', 'eclat', 'fpgrowth']","{'burden_high', 'credit_small'} -> {'emp_new'}",apriori+eclat+fpgrowth,3,True
"['burden_high', 'credit_small'] -> ['income_low', 'risk_score_low']",0.036409313553493985,0.3643027664653841,3.201398176298111,"['apriori', 'eclat', 'fpgrowth']","{'burden_high', 'credit_small'} -> {'risk_score_low', 'income_low'}",apriori+eclat+fpgrowth,3,True
"['burden_high', 'credit_small'] -> ['income_low']",0.1068476990756889,0.9825674019386742,3.239394036068068,"['apriori', 'eclat', 'fpgrowth', 'fpgrowth_cluster0', 'fpgrowth_cluster1', 'fpgrowth_cluster3', 'fpgrowth_cluster4']","{'burden_high', 'credit_small'} -> {'income_low'}",apriori+eclat+fpgrowth+fpgrowth_cluster0+fpgrowth_cluster1+fpgrowth_cluster3+fpgrowth_cluster4,7,True
"['burden_high', 'emp_mid'] -> ['age_young']",0.05096630222733716,0.4806872633891934,1.4417178061855287,"['apriori', 'eclat', 'fpgrowth']","{'emp_mid', 'burden_high'} -> {'age_young'}",apriori+eclat+fpgrowth,3,True
"['burden_high', 'emp_mid'] -> ['cluster_0_minimal', 'credit_small', 'income_low']",0.06839226256540352,0.7365320583966534,1.9564132801161105,['fpgrowth_cluster0'],"{'emp_mid', 'burden_high'} -> {'income_low', 'credit_small', 'cluster_0_minimal'}",fpgrowth_cluster0,1,False
"['burden_high', 'emp_mid'] -> ['cluster_0_minimal', 'income_low']",0.0802441731409545,0.8641680184410484,1.9282544771214705,['fpgrowth_cluster0'],"{'emp_mid', 'burden_high'} -> {'income_low', 'cluster_0_minimal'}",fpgrowth_cluster0,1,False
"['burden_high', 'emp_mid'] -> ['cluster_2_ambisius', 'credit_large']",0.03810472835468976,0.3593836867603845,1.5248649444019484,"['apriori', 'eclat', 'fpgrowth']","{'emp_mid', 'burden_high'} -> {'credit_large', 'cluster_2_ambisius'}",apriori+eclat+fpgrowth,3,True
"['burden_high', 'emp_mid'] -> ['cluster_2_ambisius']",0.050337539122257934,0.4747571016334418,1.3537373537680135,"['apriori', 'eclat', 'fpgrowth']","{'emp_mid', 'burden_high'} -> {'cluster_2_ambisius'}",apriori+eclat+fpgrowth,3,True
"['burden_high', 'emp_mid'] -> ['credit_large']",0.04795160769673409,0.45225425568527783,1.4043462786691885,"['apriori', 'eclat', 'fpgrowth']","{'emp_mid', 'burden_high'} -> {'credit_large'}",apriori+eclat+fpgrowth,3,True
"['burden_high', 'emp_mid'] -> ['credit_small', 'income_low']",0.06839226256540352,0.7365320583966534,1.9564132801161105,['fpgrowth_cluster0'],"{'emp_mid', 'burden_high'} -> {'income_low', 'credit_small'}",fpgrowth_cluster0,1,False
"['burden_high', 'emp_mid'] -> ['income_low']",0.05566896457757137,0.5518771249343031,1.531259385339677,"['apriori', 'eclat', 'fpgrowth', 'fpgrowth_cluster0']","{'emp_mid', 'burden_high'} -> {'income_low'}",apriori+eclat+fpgrowth+fpgrowth_cluster0,4,True
"['burden_high', 'emp_new', 'income_low'] -> ['age_senior', 'cluster_0_minimal', 'credit_small']",0.07195972728714127,0.6028825717321998,2.763960441895024,['fpgrowth_cluster0'],"{'emp_new', 'income_low', 'burden_high'} -> {'age_senior', 'credit_small', 'cluster_0_minimal'}",fpgrowth_cluster0,1,False
"['burden_high', 'emp_new', 'income_low'] -> ['age_senior', 'cluster_0_minimal']",0.07785000792769939,0.6522316684378322,2.339546796813631,['fpgrowth_cluster0'],"{'emp_new', 'income_low', 'burden_high'} -> {'age_senior', 'cluster_0_minimal'}",fpgrowth_cluster0,1,False
"['burden_high', 'emp_new', 'income_low'] -> ['age_senior', 'cluster_4_bermasalah']",0.06304635761589404,0.7104477611940299,1.9143042815899092,['fpgrowth_cluster4'],"{'emp_new', 'income_low', 'burden_high'} -> {'cluster_4_bermasalah', 'age_senior'}",fpgrowth_cluster4,1,False
"['burden_high', 'emp_new', 'income_low'] -> ['age_senior', 'credit_small']",0.04199170021801835,0.4877889967646488,3.69327244150549,"['apriori', 'eclat', 'fpgrowth', 'fpgrowth_cluster0']","{'emp_new', 'income_low', 'burden_high'} -> {'age_senior', 'credit_small'}",apriori+eclat+fpgrowth+fpgrowth_cluster0,4,True
"['burden_high', 'emp_new', 'income_low'] -> ['age_senior']",0.05723823368471061,0.6806248168629855,2.0751263637553152,"['apriori', 'eclat', 'fpgrowth', 'fpgrowth_cluster0', 'fpgrowth_cluster4']","{'emp_new', 'income_low', 'burden_high'} -> {'age_senior'}",apriori+eclat+fpgrowth+fpgrowth_cluster0+fpgrowth_cluster4,5,True
"['burden_high', 'emp_new', 'income_low'] -> ['cluster_0_minimal', 'credit_small']",0.03773420723919664,0.5299195837275307,2.1563031981456686,"['apriori', 'eclat', 'fpgrowth']","{'emp_new', 'income_low', 'burden_high'} -> {'credit_small', 'cluster_0_minimal'}",apriori+eclat+fpgrowth,3,True
"['burden_high', 'emp_new', 'income_low'] -> ['cluster_0_minimal']",0.042261862991396615,0.5935036266162095,1.6762219319815894,"['apriori', 'eclat', 'fpgrowth']","{'emp_new', 'income_low', 'burden_high'} -> {'cluster_0_minimal'}",apriori+eclat+fpgrowth,3,True
"['burden_high', 'emp_new', 'income_low'] -> ['cluster_4_bermasalah', 'credit_small']",0.05880794701986755,0.6626865671641791,2.0708955223880596,['fpgrowth_cluster4'],"{'emp_new', 'income_low', 'burden_high'} -> {'cluster_4_bermasalah', 'credit_small'}",fpgrowth_cluster4,1,False
"['burden_high', 'emp_new', 'income_low'] -> ['credit_small']",0.049440446566057256,0.6535205065024923,1.978204021921682,"['apriori', 'eclat', 'fpgrowth', 'fpgrowth_cluster4']","{'emp_new', 'income_low', 'burden_high'} -> {'credit_small'}",apriori+eclat+fpgrowth+fpgrowth_cluster4,4,True
"['burden_high', 'emp_new', 'risk_score_high'] -> ['age_senior']",0.031160264417341512,0.7405109732506171,2.2216950622386045,"['apriori', 'eclat', 'fpgrowth']","{'risk_score_high', 'emp_new', 'burden_high'} -> {'age_senior'}",apriori+eclat+fpgrowth,3,True
"['burden_high', 'emp_new'] -> ['age_senior', 'cluster_0_minimal', 'credit_small', 'income_low']",0.07195972728714127,0.5656509004798405,3.951005293013294,['fpgrowth_cluster0'],"{'emp_new', 'burden_high'} -> {'age_senior', 'income_low', 'credit_small', 'cluster_0_minimal'}",fpgrowth_cluster0,1,False
"['burden_high', 'emp_new'] -> ['age_senior', 'cluster_0_minimal', 'credit_small']",0.07228476296178848,0.5682058951829002,2.6049826131558853,['fpgrowth_cluster0'],"{'emp_new', 'burden_high'} -> {'age_senior', 'credit_small', 'cluster_0_minimal'}",fpgrowth_cluster0,1,False
"['burden_high', 'emp_new'] -> ['age_senior', 'cluster_0_minimal', 'income_low']",0.07785000792769939,0.6119523898548016,3.7997378516507347,['fpgrowth_cluster0'],"{'emp_new', 'burden_high'} -> {'age_senior', 'income_low', 'cluster_0_minimal'}",fpgrowth_cluster0,1,False
"['burden_high', 'emp_new'] -> ['age_senior', 'cluster_0_minimal']",0.07895988584112891,0.6206767620115909,2.226359744075018,['fpgrowth_cluster0'],"{'emp_new', 'burden_high'} -> {'age_senior', 'cluster_0_minimal'}",fpgrowth_cluster0,1,False
"['burden_high', 'emp_new'] -> ['age_senior', 'cluster_1_veteran']",0.06615355257299153,0.7471264367816091,1.737082777319745,['fpgrowth_cluster1'],"{'emp_new', 'burden_high'} -> {'cluster_1_veteran', 'age_senior'}",fpgrowth_cluster1,1,False
"['burden_high', 'emp_new'] -> ['age_senior', 'cluster_2_ambisius']",0.08042324654431363,0.5825602968460112,1.6163916793098623,['fpgrowth_cluster2'],"{'emp_new', 'burden_high'} -> {'age_senior', 'cluster_2_ambisius'}",fpgrowth_cluster2,1,False
"['burden_high', 'emp_new'] -> ['age_senior', 'cluster_4_bermasalah']",0.08927152317880795,0.6394686907020873,1.7230508975020555,['fpgrowth_cluster4'],"{'emp_new', 'burden_high'} -> {'cluster_4_bermasalah', 'age_senior'}",fpgrowth_cluster4,1,False
"['burden_high', 'emp_new'] -> ['age_senior', 'credit_small', 'income_low']",0.07195972728714127,0.5656509004798405,3.951005293013294,['fpgrowth_cluster0'],"{'emp_new', 'burden_high'} -> {'age_senior', 'income_low', 'credit_small'}",fpgrowth_cluster0,1,False
"['burden_high', 'emp_new'] -> ['age_senior', 'credit_small']",0.07228476296178848,0.5682058951829002,2.6049826131558853,['fpgrowth_cluster0'],"{'emp_new', 'burden_high'} -> {'age_senior', 'credit_small'}",fpgrowth_cluster0,1,False
"['burden_high', 'emp_new'] -> ['age_senior', 'income_low']",0.05578620270191474,0.4585344707164393,3.33396440669495,"['apriori', 'eclat', 'fpgrowth', 'fpgrowth_cluster0']","{'emp_new', 'burden_high'} -> {'age_senior', 'income_low'}",apriori+eclat+fpgrowth+fpgrowth_cluster0,4,True
"['burden_high', 'emp_new'] -> ['age_senior']",0.07627080850591897,0.6332491390385567,1.8331462833521661,"['apriori', 'eclat', 'fpgrowth', 'fpgrowth_cluster0', 'fpgrowth_cluster1', 'fpgrowth_cluster2', 'fpgrowth_cluster4']","{'emp_new', 'burden_high'} -> {'age_senior'}",apriori+eclat+fpgrowth+fpgrowth_cluster0+fpgrowth_cluster1+fpgrowth_cluster2+fpgrowth_cluster4,7,True
"['burden_high', 'emp_new'] -> ['cluster_0_minimal', 'credit_small', 'income_low']",0.1065720627873791,0.8377266778837166,2.2252114881286222,['fpgrowth_cluster0'],"{'emp_new', 'burden_high'} -> {'income_low', 'credit_small', 'cluster_0_minimal'}",fpgrowth_cluster0,1,False
"['burden_high', 'emp_new'] -> ['cluster_0_minimal', 'income_low']",0.061536257716038344,0.5011835687428285,2.203625498050268,"['apriori', 'eclat', 'fpgrowth', 'fpgrowth_cluster0']","{'emp_new', 'burden_high'} -> {'income_low', 'cluster_0_minimal'}",apriori+eclat+fpgrowth+fpgrowth_cluster0,4,True
"['burden_high', 'emp_new'] -> ['cluster_1_veteran', 'income_low']",0.05124780018234633,0.5787835249042145,2.729989737479495,['fpgrowth_cluster1'],"{'emp_new', 'burden_high'} -> {'cluster_1_veteran', 'income_low'}",fpgrowth_cluster1,1,False
"['burden_high', 'emp_new'] -> ['cluster_4_bermasalah', 'income_low']",0.08874172185430464,0.6356736242884251,1.7503048371180197,['fpgrowth_cluster4'],"{'emp_new', 'burden_high'} -> {'cluster_4_bermasalah', 'income_low'}",fpgrowth_cluster4,1,False
"['burden_high', 'emp_new'] -> ['credit_small', 'income_low']",0.06138147550793514,0.5016433713976386,2.290062779265183,"['apriori', 'eclat', 'fpgrowth', 'fpgrowth_cluster0']","{'emp_new', 'burden_high'} -> {'income_low', 'credit_small'}",apriori+eclat+fpgrowth+fpgrowth_cluster0,4,True
"['burden_high', 'emp_new'] -> ['income_low']",0.07882853814621364,0.6582734982849757,2.0312881217403125,"['apriori', 'eclat', 'fpgrowth', 'fpgrowth_cluster0', 'fpgrowth_cluster1', 'fpgrowth_cluster4']","{'emp_new', 'burden_high'} -> {'income_low'}",apriori+eclat+fpgrowth+fpgrowth_cluster0+fpgrowth_cluster1+fpgrowth_cluster4,6,True
"['burden_high', 'emp_senior'] -> ['age_mid']",0.05098314409622321,0.4702151344914179,1.410879061569249,"['apriori', 'eclat', 'fpgrowth']","{'burden_high', 'emp_senior'} -> {'age_mid'}",apriori+eclat+fpgrowth,3,True
"['burden_high', 'emp_senior'] -> ['cluster_0_minimal', 'credit_small', 'income_low']",0.05247344220707151,0.825414640229455,2.1925076381094897,['fpgrowth_cluster0'],"{'burden_high', 'emp_senior'} -> {'income_low', 'credit_small', 'cluster_0_minimal'}",fpgrowth_cluster0,1,False
"['burden_high', 'emp_senior'] -> ['cluster_0_minimal', 'income_low']",0.05889487870619946,0.926424741239556,2.0671705234288726,['fpgrowth_cluster0'],"{'burden_high', 'emp_senior'} -> {'income_low', 'cluster_0_minimal'}",fpgrowth_cluster0,1,False
"['burden_high', 'emp_senior'] -> ['cluster_2_ambisius', 'credit_large']",0.04642741856254649,0.4281978926657519,1.8168436126822225,"['apriori', 'eclat', 'fpgrowth']","{'burden_high', 'emp_senior'} -> {'credit_large', 'cluster_2_ambisius'}",apriori+eclat+fpgrowth,3,True
"['burden_high', 'emp_senior'] -> ['cluster_2_ambisius']",0.0595584623373707,0.5493048903616641,1.5663052666965054,"['apriori', 'eclat', 'fpgrowth']","{'burden_high', 'emp_senior'} -> {'cluster_2_ambisius'}",apriori+eclat+fpgrowth,3,True
"['burden_high', 'emp_senior'] -> ['cluster_3_cc_intensif', 'credit_large']",0.059847339503669016,0.5797463832827291,1.6765814095701765,['fpgrowth_cluster3'],"{'burden_high', 'emp_senior'} -> {'credit_large', 'cluster_3_cc_intensif'}",fpgrowth_cluster3,1,False
"['burden_high', 'emp_senior'] -> ['cluster_4_bermasalah', 'credit_large']",0.05827814569536424,0.5116279069767442,1.6507652554164183,['fpgrowth_cluster4'],"{'burden_high', 'emp_senior'} -> {'cluster_4_bermasalah', 'credit_large'}",fpgrowth_cluster4,1,False
"['burden_high', 'emp_senior'] -> ['credit_large']",0.05982669421037268,0.5521604820972514,1.7022556710689194,"['apriori', 'eclat', 'fpgrowth', 'fpgrowth_cluster3', 'fpgrowth_cluster4']","{'burden_high', 'emp_senior'} -> {'credit_large'}",apriori+eclat+fpgrowth+fpgrowth_cluster3+fpgrowth_cluster4,5,True
"['burden_high', 'emp_senior'] -> ['credit_small', 'income_low']",0.05247344220707151,0.825414640229455,2.1925076381094897,['fpgrowth_cluster0'],"{'burden_high', 'emp_senior'} -> {'income_low', 'credit_small'}",fpgrowth_cluster0,1,False
"['burden_high', 'emp_senior'] -> ['income_low']",0.04683063747419481,0.5277267745350424,1.4419146614484244,"['apriori', 'eclat', 'fpgrowth', 'fpgrowth_cluster0']","{'burden_high', 'emp_senior'} -> {'income_low'}",apriori+eclat+fpgrowth+fpgrowth_cluster0,4,True
"['burden_high', 'emp_senior'] -> ['risk_score_high']",0.0449705969039031,0.41476169518730416,1.2442815928906716,"['apriori', 'eclat', 'fpgrowth']","{'burden_high', 'emp_senior'} -> {'risk_score_high'}",apriori+eclat+fpgrowth,3,True
"['burden_high', 'income_high'] -> ['cluster_2_ambisius', 'credit_large']",0.04066469242536947,0.5933161322029734,2.5174402853396174,"['apriori', 'eclat', 'fpgrowth']","{'burden_high', 'income_high'} -> {'credit_large', 'cluster_2_ambisius'}",apriori+eclat+fpgrowth,3,True
"['burden_high', 'income_high'] -> ['cluster_2_ambisius']",0.04799651934709689,0.7002907810132285,1.9968311911402183,"['apriori', 'eclat', 'fpgrowth']","{'burden_high', 'income_high'} -> {'cluster_2_ambisius'}",apriori+eclat+fpgrowth,3,True
"['burden_high', 'income_high'] -> ['credit_large']",0.05221540750305259,0.7618462546586396,2.365695710318437,"['apriori', 'eclat', 'fpgrowth']","{'burden_high', 'income_high'} -> {'credit_large'}",apriori+eclat+fpgrowth,3,True
"['burden_high', 'income_low', 'risk_score_low'] -> ['cluster_0_minimal']",0.03534827581367279,0.6145624908496412,1.735698114615815,"['apriori', 'eclat', 'fpgrowth']","{'risk_score_low', 'income_low', 'burden_high'} -> {'cluster_0_minimal'}",apriori+eclat+fpgrowth,3,True
"['burden_high', 'income_low', 'risk_score_low'] -> ['credit_small']",0.036409313553493985,0.6330096139768678,1.8950499577930355,"['apriori', 'eclat', 'fpgrowth']","{'risk_score_low', 'income_low', 'burden_high'} -> {'credit_small'}",apriori+eclat+fpgrowth,3,True
"['burden_high', 'income_low', 'risk_score_med'] -> ['cluster_0_minimal']",0.030924478252936802,0.5611470483369837,1.5848378127896947,"['apriori', 'eclat', 'fpgrowth']","{'income_low', 'burden_high', 'risk_score_med'} -> {'cluster_0_minimal'}",apriori+eclat+fpgrowth,3,True
"['burden_high', 'income_low', 'risk_score_med'] -> ['credit_small']",0.03354058188657001,0.6086181429226302,1.822028861160004,"['apriori', 'eclat', 'fpgrowth']","{'income_low', 'burden_high', 'risk_score_med'} -> {'credit_small'}",apriori+eclat+fpgrowth,3,True
"['burden_high', 'income_low'] -> ['age_senior']",0.06667134496357946,0.41284132584777433,1.2386143733937904,"['apriori', 'eclat', 'fpgrowth']","{'income_low', 'burden_high'} -> {'age_senior'}",apriori+eclat+fpgrowth,3,True
"['burden_high', 'income_low'] -> ['cluster_0_minimal', 'credit_small']",0.08052939607865153,0.498652947004328,2.0290756888559454,"['apriori', 'eclat', 'fpgrowth']","{'income_low', 'burden_high'} -> {'credit_small', 'cluster_0_minimal'}",apriori+eclat+fpgrowth,3,True
"['burden_high', 'income_low'] -> ['cluster_0_minimal']",0.09152713646124265,0.5667529939339162,1.6006705870772737,"['apriori', 'eclat', 'fpgrowth']","{'income_low', 'burden_high'} -> {'cluster_0_minimal'}",apriori+eclat+fpgrowth,3,True
"['burden_high', 'income_low'] -> ['cluster_1_veteran', 'credit_small']",0.06021669529079999,0.6165870603560573,1.8457693130798305,['fpgrowth_cluster1'],"{'income_low', 'burden_high'} -> {'cluster_1_veteran', 'credit_small'}",fpgrowth_cluster1,1,False
"['burden_high', 'income_low'] -> ['cluster_2_ambisius', 'credit_med']",0.05566716557680148,0.5188362551286834,1.5978821455216567,['fpgrowth_cluster2'],"{'income_low', 'burden_high'} -> {'cluster_2_ambisius', 'credit_med'}",fpgrowth_cluster2,1,False
"['burden_high', 'income_low'] -> ['cluster_4_bermasalah', 'credit_small']",0.1080794701986755,0.5921625544267054,1.8505079825834543,['fpgrowth_cluster4'],"{'income_low', 'burden_high'} -> {'cluster_4_bermasalah', 'credit_small'}",fpgrowth_cluster4,1,False
"['burden_high', 'income_low'] -> ['credit_med']",0.05566716557680148,0.5188362551286834,1.5978821455216567,['fpgrowth_cluster2'],"{'income_low', 'burden_high'} -> {'credit_med'}",fpgrowth_cluster2,1,False
"['burden_high', 'income_low'] -> ['credit_small']",0.09274556171082685,0.6076234216442622,1.8345761982440092,"['apriori', 'eclat', 'fpgrowth', 'fpgrowth_cluster1', 'fpgrowth_cluster4']","{'income_low', 'burden_high'} -> {'credit_small'}",apriori+eclat+fpgrowth+fpgrowth_cluster1+fpgrowth_cluster4,5,True
"['burden_high', 'income_low'] -> ['emp_new']",0.07120742165022245,0.4409295534736586,1.322562203825466,"['apriori', 'eclat', 'fpgrowth']","{'income_low', 'burden_high'} -> {'emp_new'}",apriori+eclat+fpgrowth,3,True
"['burden_high', 'income_med'] -> ['cluster_2_ambisius']",0.03577212951397173,0.6877867127206002,1.9611766969503313,"['apriori', 'eclat', 'fpgrowth']","{'burden_high', 'income_med'} -> {'cluster_2_ambisius'}",apriori+eclat+fpgrowth,3,True
"['burden_high', 'income_med'] -> ['credit_large']",0.03365847496877237,0.6471477143936533,2.0095321891021456,"['apriori', 'eclat', 'fpgrowth']","{'burden_high', 'income_med'} -> {'credit_large'}",apriori+eclat+fpgrowth,3,True
"['burden_high', 'income_very_high'] -> ['cluster_2_ambisius', 'credit_large']",0.03354338886471769,0.6539703387511628,2.7747960772220566,"['apriori', 'eclat', 'fpgrowth']","{'income_very_high', 'burden_high'} -> {'credit_large', 'cluster_2_ambisius'}",apriori+eclat+fpgrowth,3,True
"['burden_high', 'income_very_high'] -> ['cluster_2_ambisius']",0.036914569620075506,0.7196957259344389,2.0521630623165983,"['apriori', 'eclat', 'fpgrowth']","{'income_very_high', 'burden_high'} -> {'cluster_2_ambisius'}",apriori+eclat+fpgrowth,3,True
"['burden_high', 'income_very_high'] -> ['credit_large']",0.04390113822963889,0.8559076232693045,2.657776395716879,"['apriori', 'eclat', 'fpgrowth']","{'income_very_high', 'burden_high'} -> {'credit_large'}",apriori+eclat+fpgrowth,3,True
"['burden_high', 'risk_score_high'] -> ['age_senior']",0.05418590616272053,0.46200607902735563,1.386119398060438,"['apriori', 'eclat', 'fpgrowth']","{'risk_score_high', 'burden_high'} -> {'age_senior'}",apriori+eclat+fpgrowth,3,True
"['burden_high', 'risk_score_high'] -> ['cluster_0_minimal', 'credit_small', 'income_low']",0.06618043443792611,0.8942688805570433,2.3754017139796466,['fpgrowth_cluster0'],"{'risk_score_high', 'burden_high'} -> {'income_low', 'credit_small', 'cluster_0_minimal'}",fpgrowth_cluster0,1,False
"['burden_high', 'risk_score_high'] -> ['cluster_0_minimal', 'income_low']",0.07132551133661011,0.9637921799678628,2.150550062463891,['fpgrowth_cluster0'],"{'risk_score_high', 'burden_high'} -> {'income_low', 'cluster_0_minimal'}",fpgrowth_cluster0,1,False
"['burden_high', 'risk_score_high'] -> ['cluster_2_ambisius', 'credit_large']",0.05176629099942457,0.4413756791039418,1.8727569591269344,"['apriori', 'eclat', 'fpgrowth']","{'risk_score_high', 'burden_high'} -> {'credit_large', 'cluster_2_ambisius'}",apriori+eclat+fpgrowth,3,True
"['burden_high', 'risk_score_high'] -> ['cluster_2_ambisius']",0.06805237821223561,0.5802359811406553,1.6545031532288892,"['apriori', 'eclat', 'fpgrowth']","{'risk_score_high', 'burden_high'} -> {'cluster_2_ambisius'}",apriori+eclat+fpgrowth,3,True
"['burden_high', 'risk_score_high'] -> ['cluster_3_cc_intensif', 'credit_large']",0.052453999041262585,0.5846691327579121,1.6908176178365042,['fpgrowth_cluster3'],"{'risk_score_high', 'burden_high'} -> {'credit_large', 'cluster_3_cc_intensif'}",fpgrowth_cluster3,1,False
"['burden_high', 'risk_score_high'] -> ['credit_large']",0.06075493637173163,0.552373156391498,1.684060597869502,"['apriori', 'eclat', 'fpgrowth', 'fpgrowth_cluster3']","{'risk_score_high', 'burden_high'} -> {'credit_large'}",apriori+eclat+fpgrowth+fpgrowth_cluster3,4,True
"['burden_high', 'risk_score_high'] -> ['credit_small', 'income_low']",0.06618043443792611,0.8942688805570433,2.3754017139796466,['fpgrowth_cluster0'],"{'risk_score_high', 'burden_high'} -> {'income_low', 'credit_small'}",fpgrowth_cluster0,1,False
"['burden_high', 'risk_score_high'] -> ['income_low']",0.05448138976380966,0.5534375742263433,1.5138983983200427,"['apriori', 'eclat', 'fpgrowth', 'fpgrowth_cluster0']","{'risk_score_high', 'burden_high'} -> {'income_low'}",apriori+eclat+fpgrowth+fpgrowth_cluster0,4,True
"['burden_high', 'risk_score_low'] -> ['age_young']",0.05174383517424317,0.49271643546360894,1.4777967142287256,"['apriori', 'eclat', 'fpgrowth']","{'risk_score_low', 'burden_high'} -> {'age_young'}",apriori+eclat+fpgrowth,3,True
"['burden_high', 'risk_score_low'] -> ['cluster_0_minimal', 'credit_small', 'income_low']",0.08335183129855715,0.7234071831567359,1.9215503302600798,['fpgrowth_cluster0'],"{'risk_score_low', 'burden_high'} -> {'income_low', 'credit_small', 'cluster_0_minimal'}",fpgrowth_cluster0,1,False
"['burden_high', 'risk_score_low'] -> ['cluster_0_minimal', 'income_low']",0.09983351831298558,0.8664510802256778,1.9333487689881128,['fpgrowth_cluster0'],"{'risk_score_low', 'burden_high'} -> {'income_low', 'cluster_0_minimal'}",fpgrowth_cluster0,1,False
"['burden_high', 'risk_score_low'] -> ['cluster_4_bermasalah', 'income_low']",0.06463576158940397,0.5879518072289156,1.6189045020343957,['fpgrowth_cluster4'],"{'risk_score_low', 'burden_high'} -> {'cluster_4_bermasalah', 'income_low'}",fpgrowth_cluster4,1,False
"['burden_high', 'risk_score_low'] -> ['credit_small', 'income_low']",0.08335183129855715,0.7234071831567359,1.9215503302600798,['fpgrowth_cluster0'],"{'risk_score_low', 'burden_high'} -> {'income_low', 'credit_small'}",fpgrowth_cluster0,1,False
"['burden_high', 'risk_score_low'] -> ['income_low']",0.06740452951488445,0.6194989721665662,1.737100362579909,"['apriori', 'eclat', 'fpgrowth', 'fpgrowth_cluster0', 'fpgrowth_cluster4']","{'risk_score_low', 'burden_high'} -> {'income_low'}",apriori+eclat+fpgrowth+fpgrowth_cluster0+fpgrowth_cluster4,5,True
"['burden_high', 'risk_score_med'] -> ['cluster_0_minimal', 'credit_small', 'income_low']",0.07790550182337086,0.825104953820319,2.1916850335852223,['fpgrowth_cluster0'],"{'risk_score_med', 'burden_high'} -> {'income_low', 'credit_small', 'cluster_0_minimal'}",fpgrowth_cluster0,1,False
"['burden_high', 'risk_score_med'] -> ['cluster_0_minimal', 'income_low']",0.0873394640875218,0.9250209907640637,2.0640382759013463,['fpgrowth_cluster0'],"{'risk_score_med', 'burden_high'} -> {'income_low', 'cluster_0_minimal'}",fpgrowth_cluster0,1,False
"['burden_high', 'risk_score_med'] -> ['cluster_2_ambisius', 'credit_large']",0.03905348696860395,0.35172919405399944,1.492386932669242,"['apriori', 'eclat', 'fpgrowth']","{'risk_score_med', 'burden_high'} -> {'credit_large', 'cluster_2_ambisius'}",apriori+eclat+fpgrowth,3,True
"['burden_high', 'risk_score_med'] -> ['cluster_2_ambisius']",0.05277961011073529,0.4753514005460613,1.3554319564070232,"['apriori', 'eclat', 'fpgrowth']","{'risk_score_med', 'burden_high'} -> {'cluster_2_ambisius'}",apriori+eclat+fpgrowth,3,True
"['burden_high', 'risk_score_med'] -> ['credit_large']",0.05001754361342297,0.4504752755587016,1.3988221645471484,"['apriori', 'eclat', 'fpgrowth']","{'risk_score_med', 'burden_high'} -> {'credit_large'}",apriori+eclat+fpgrowth,3,True
"['burden_high', 'risk_score_med'] -> ['credit_small', 'income_low']",0.07790550182337086,0.825104953820319,2.1916850335852223,['fpgrowth_cluster0'],"{'risk_score_med', 'burden_high'} -> {'income_low', 'credit_small'}",fpgrowth_cluster0,1,False
"['burden_high', 'risk_score_med'] -> ['income_low']",0.06316691750185968,0.6035059808288459,1.6789727895695297,"['apriori', 'eclat', 'fpgrowth', 'fpgrowth_cluster0']","{'risk_score_med', 'burden_high'} -> {'income_low'}",apriori+eclat+fpgrowth+fpgrowth_cluster0,4,True
"['burden_high'] -> ['cluster_0_minimal', 'credit_small', 'income_low']",0.22743776755985412,0.8018390676094915,2.129885023337712,['fpgrowth_cluster0'],"{'burden_high'} -> {'income_low', 'credit_small', 'cluster_0_minimal'}",fpgrowth_cluster0,1,False
"['burden_high'] -> ['cluster_0_minimal', 'income_low']",0.2584984937371175,0.9113446435059671,2.033521666551851,['fpgrowth_cluster0'],"{'burden_high'} -> {'income_low', 'cluster_0_minimal'}",fpgrowth_cluster0,1,False
"['burden_high'] -> ['cluster_2_ambisius', 'credit_large']",0.1188811385103367,0.3566424144435462,1.5132337262554405,"['apriori', 'eclat', 'fpgrowth']","{'burden_high'} -> {'credit_large', 'cluster_2_ambisius'}",apriori+eclat+fpgrowth,3,True
['burden_high'] -> ['cluster_2_ambisius'],0.15831076055072912,0.4749309485313932,1.3542330662887607,"['apriori', 'eclat', 'fpgrowth']",{'burden_high'} -> {'cluster_2_ambisius'},apriori+eclat+fpgrowth,3,True
['burden_high'] -> ['credit_large'],0.15166945025332979,0.4550070735650768,1.4128943674859358,"['apriori', 'eclat', 'fpgrowth']",{'burden_high'} -> {'credit_large'},apriori+eclat+fpgrowth,3,True
"['burden_high'] -> ['credit_small', 'income_low']",0.22743776755985412,0.8018390676094915,2.129885023337712,['fpgrowth_cluster0'],"{'burden_high'} -> {'income_low', 'credit_small'}",fpgrowth_cluster0,1,False
['burden_high'] -> ['income_low'],0.1857450287619239,0.5911963569152954,1.6435683590739592,"['apriori', 'eclat', 'fpgrowth', 'fpgrowth_cluster0']",{'burden_high'} -> {'income_low'},apriori+eclat+fpgrowth+fpgrowth_cluster0,4,True
"['burden_low', 'cluster_0_minimal', 'credit_small', 'emp_mid'] -> ['age_young']",0.031168685351784537,0.6147373083098046,1.8437720135705458,"['apriori', 'eclat', 'fpgrowth']","{'emp_mid', 'burden_low', 'credit_small', 'cluster_0_minimal'} -> {'age_young'}",apriori+eclat+fpgrowth,3,True
"['burden_low', 'cluster_0_minimal', 'credit_small', 'risk_score_low'] -> ['age_young']",0.03262550701042792,0.643149623727313,1.9289886277233028,"['apriori', 'eclat', 'fpgrowth']","{'burden_low', 'credit_small', 'cluster_0_minimal', 'risk_score_low'} -> {'age_young'}",apriori+eclat+fpgrowth,3,True
"['burden_low', 'cluster_0_minimal', 'credit_small'] -> ['age_young']",0.06134931439558743,0.4555706096925482,1.3663858187912004,"['apriori', 'eclat', 'fpgrowth']","{'burden_low', 'credit_small', 'cluster_0_minimal'} -> {'age_young'}",apriori+eclat+fpgrowth,3,True
"['burden_low', 'cluster_0_minimal', 'emp_mid', 'risk_score_low'] -> ['age_young']",0.06272395750753132,0.734974454249884,1.6641179957114458,['fpgrowth_cluster0'],"{'emp_mid', 'burden_low', 'cluster_0_minimal', 'risk_score_low'} -> {'age_young'}",fpgrowth_cluster0,1,False
"['burden_low', 'cluster_0_minimal', 'emp_mid'] -> ['age_young', 'credit_small']",0.031168685351784537,0.46514745308310995,3.6190946513960722,"['apriori', 'eclat', 'fpgrowth']","{'emp_mid', 'burden_low', 'cluster_0_minimal'} -> {'age_young', 'credit_small'}",apriori+eclat+fpgrowth,3,True
"['burden_low', 'cluster_0_minimal', 'emp_mid'] -> ['age_young']",0.040142594489901894,0.5990700402144772,1.7967814209177349,"['apriori', 'eclat', 'fpgrowth']","{'emp_mid', 'burden_low', 'cluster_0_minimal'} -> {'age_young'}",apriori+eclat+fpgrowth,3,True
"['burden_low', 'cluster_0_minimal', 'emp_mid'] -> ['credit_small']",0.0507024462814557,0.7566605227882036,2.265225456474412,"['apriori', 'eclat', 'fpgrowth']","{'emp_mid', 'burden_low', 'cluster_0_minimal'} -> {'credit_small'}",apriori+eclat+fpgrowth,3,True
"['burden_low', 'cluster_0_minimal', 'emp_mid'] -> ['risk_score_low']",0.03021711975972267,0.45094671581769435,1.352836350071011,"['apriori', 'eclat', 'fpgrowth']","{'emp_mid', 'burden_low', 'cluster_0_minimal'} -> {'risk_score_low'}",apriori+eclat+fpgrowth,3,True
"['burden_low', 'cluster_0_minimal', 'emp_new'] -> ['credit_small']",0.04555444835861953,0.760318575778871,2.276176622163693,"['apriori', 'eclat', 'fpgrowth']","{'emp_new', 'burden_low', 'cluster_0_minimal'} -> {'credit_small'}",apriori+eclat+fpgrowth,3,True
"['burden_low', 'cluster_0_minimal', 'emp_senior'] -> ['credit_small']",0.038407881994638675,0.7439647672901262,2.2272179912012833,"['apriori', 'eclat', 'fpgrowth']","{'burden_low', 'cluster_0_minimal', 'emp_senior'} -> {'credit_small'}",apriori+eclat+fpgrowth,3,True
"['burden_low', 'cluster_0_minimal', 'income_high'] -> ['credit_small']",0.035415643289216994,0.7256988381456345,2.172535017214755,"['apriori', 'eclat', 'fpgrowth']","{'burden_low', 'cluster_0_minimal', 'income_high'} -> {'credit_small'}",apriori+eclat+fpgrowth,3,True
"['burden_low', 'cluster_0_minimal', 'income_low'] -> ['credit_small']",0.04493972014427868,0.7991813507712274,2.392520668893569,"['apriori', 'eclat', 'fpgrowth']","{'burden_low', 'income_low', 'cluster_0_minimal'} -> {'credit_small'}",apriori+eclat+fpgrowth,3,True
"['burden_low', 'cluster_0_minimal', 'income_med'] -> ['credit_small']",0.03866612398422478,0.7438306604028296,2.226816513489887,"['apriori', 'eclat', 'fpgrowth']","{'burden_low', 'cluster_0_minimal', 'income_med'} -> {'credit_small'}",apriori+eclat+fpgrowth,3,True
"['burden_low', 'cluster_0_minimal', 'risk_score_high'] -> ['credit_small']",0.039235940548202834,0.7733761203939361,2.315267180703874,"['apriori', 'eclat', 'fpgrowth']","{'risk_score_high', 'burden_low', 'cluster_0_minimal'} -> {'credit_small'}",apriori+eclat+fpgrowth,3,True
"['burden_low', 'cluster_0_minimal', 'risk_score_low'] -> ['age_young', 'credit_small']",0.03262550701042792,0.4777818884367164,3.71739728018307,"['apriori', 'eclat', 'fpgrowth']","{'burden_low', 'cluster_0_minimal', 'risk_score_low'} -> {'age_young', 'credit_small'}",apriori+eclat+fpgrowth,3,True
"['burden_low', 'cluster_0_minimal', 'risk_score_low'] -> ['age_young']",0.042410632833223404,0.6210794590372838,1.8627939272548202,"['apriori', 'eclat', 'fpgrowth']","{'burden_low', 'cluster_0_minimal', 'risk_score_low'} -> {'age_young'}",apriori+eclat+fpgrowth,3,True
"['burden_low', 'cluster_0_minimal', 'risk_score_low'] -> ['credit_small']",0.05072770908478477,0.7428782833888272,2.2239653687673773,"['apriori', 'eclat', 'fpgrowth']","{'burden_low', 'cluster_0_minimal', 'risk_score_low'} -> {'credit_small'}",apriori+eclat+fpgrowth,3,True
"['burden_low', 'cluster_0_minimal', 'risk_score_low'] -> ['emp_mid']",0.03021711975972267,0.4425124347432894,1.3272318123529459,"['apriori', 'eclat', 'fpgrowth']","{'burden_low', 'cluster_0_minimal', 'risk_score_low'} -> {'emp_mid'}",apriori+eclat+fpgrowth,3,True
"['burden_low', 'cluster_0_minimal', 'risk_score_med'] -> ['credit_small']",0.04470112700172629,0.7508958883440212,2.2479677876824504,"['apriori', 'eclat', 'fpgrowth']","{'burden_low', 'risk_score_med', 'cluster_0_minimal'} -> {'credit_small'}",apriori+eclat+fpgrowth,3,True
"['burden_low', 'cluster_0_minimal'] -> ['age_young']",0.07945151646994428,0.44498420034900715,1.3346341664870816,"['apriori', 'eclat', 'fpgrowth']","{'burden_low', 'cluster_0_minimal'} -> {'age_young'}",apriori+eclat+fpgrowth,3,True
"['burden_low', 'cluster_0_minimal'] -> ['credit_small']",0.1346647766347139,0.7542171705261834,2.25791075777351,"['apriori', 'eclat', 'fpgrowth']","{'burden_low', 'cluster_0_minimal'} -> {'credit_small'}",apriori+eclat+fpgrowth,3,True
"['burden_low', 'cluster_1_veteran', 'credit_small', 'emp_new'] -> ['age_senior']",0.06712889341220872,0.77163051425786,1.7940552104482845,['fpgrowth_cluster1'],"{'cluster_1_veteran', 'burden_low', 'emp_new', 'credit_small'} -> {'age_senior'}",fpgrowth_cluster1,1,False
"['burden_low', 'cluster_1_veteran', 'emp_mid'] -> ['credit_small']",0.060980005512796046,0.601799539652647,1.801502487377835,['fpgrowth_cluster1'],"{'emp_mid', 'burden_low', 'cluster_1_veteran'} -> {'credit_small'}",fpgrowth_cluster1,1,False
"['burden_low', 'cluster_1_veteran', 'emp_new'] -> ['age_senior']",0.11392405063291139,0.7713178294573643,1.7933282125066636,['fpgrowth_cluster1'],"{'emp_new', 'burden_low', 'cluster_1_veteran'} -> {'age_senior'}",fpgrowth_cluster1,1,False
"['burden_low', 'cluster_1_veteran', 'emp_new'] -> ['credit_small']",0.0869961622458283,0.5890037324145851,1.76319790744964,['fpgrowth_cluster1'],"{'emp_new', 'burden_low', 'cluster_1_veteran'} -> {'credit_small'}",fpgrowth_cluster1,1,False
"['burden_low', 'cluster_1_veteran', 'emp_senior'] -> ['credit_small']",0.0654326484744397,0.5720111214087117,1.7123300868929907,['fpgrowth_cluster1'],"{'cluster_1_veteran', 'burden_low', 'emp_senior'} -> {'credit_small'}",fpgrowth_cluster1,1,False
"['burden_low', 'cluster_1_veteran', 'income_high'] -> ['credit_small']",0.06806182812798169,0.5835302672241411,1.746812947831937,['fpgrowth_cluster1'],"{'cluster_1_veteran', 'burden_low', 'income_high'} -> {'credit_small'}",fpgrowth_cluster1,1,False
"['burden_low', 'cluster_1_veteran', 'income_low'] -> ['credit_small']",0.053219684922502807,0.5839925546765937,1.7481968172778286,['fpgrowth_cluster1'],"{'cluster_1_veteran', 'burden_low', 'income_low'} -> {'credit_small'}",fpgrowth_cluster1,1,False
"['burden_low', 'cluster_1_veteran', 'income_med'] -> ['credit_small']",0.0572270635879821,0.6012474938739141,1.7998499240606416,['fpgrowth_cluster1'],"{'cluster_1_veteran', 'burden_low', 'income_med'} -> {'credit_small'}",fpgrowth_cluster1,1,False
"['burden_low', 'cluster_1_veteran', 'risk_score_high'] -> ['credit_small']",0.0578843585013676,0.5736499264551377,1.7172358921868396,['fpgrowth_cluster1'],"{'risk_score_high', 'burden_low', 'cluster_1_veteran'} -> {'credit_small'}",fpgrowth_cluster1,1,False
"['burden_low', 'cluster_1_veteran', 'risk_score_low'] -> ['credit_small']",0.0856603693573352,0.5994065281899109,1.7943389456693601,['fpgrowth_cluster1'],"{'cluster_1_veteran', 'risk_score_low', 'burden_low'} -> {'credit_small'}",fpgrowth_cluster1,1,False
"['burden_low', 'cluster_1_veteran', 'risk_score_med'] -> ['credit_small']",0.06986408837436126,0.5841162914376883,1.7485672264725922,['fpgrowth_cluster1'],"{'cluster_1_veteran', 'burden_low', 'risk_score_med'} -> {'credit_small'}",fpgrowth_cluster1,1,False
"['burden_low', 'cluster_1_veteran'] -> ['credit_small']",0.21340881623306404,0.587222870478413,1.7578668511820625,['fpgrowth_cluster1'],"{'cluster_1_veteran', 'burden_low'} -> {'credit_small'}",fpgrowth_cluster1,1,False
"['burden_low', 'cluster_2_ambisius', 'credit_med'] -> ['income_low']",0.05634749757881846,0.6146324428147372,2.3529710372849135,['fpgrowth_cluster2'],"{'burden_low', 'cluster_2_ambisius', 'credit_med'} -> {'income_low'}",fpgrowth_cluster2,1,False
"['burden_low', 'cluster_2_ambisius', 'income_low'] -> ['credit_med']",0.05634749757881846,0.5335354300871542,1.6431518216244074,['fpgrowth_cluster2'],"{'burden_low', 'income_low', 'cluster_2_ambisius'} -> {'credit_med'}",fpgrowth_cluster2,1,False
"['burden_low', 'cluster_2_ambisius'] -> ['credit_med']",0.047032530339669414,0.6073492762076463,1.7920604952670671,"['apriori', 'eclat', 'fpgrowth', 'fpgrowth_cluster2']","{'burden_low', 'cluster_2_ambisius'} -> {'credit_med'}",apriori+eclat+fpgrowth+fpgrowth_cluster2,4,True
"['burden_low', 'cluster_2_ambisius'] -> ['income_low']",0.05418144210161846,0.6996659419905615,2.309015790854936,"['apriori', 'eclat', 'fpgrowth', 'fpgrowth_cluster2']","{'burden_low', 'cluster_2_ambisius'} -> {'income_low'}",apriori+eclat+fpgrowth+fpgrowth_cluster2,4,True
"['burden_low', 'cluster_3_cc_intensif', 'emp_mid'] -> ['credit_small']",0.06233636933515248,0.5511002444987776,2.123060946169806,['fpgrowth_cluster3'],"{'emp_mid', 'burden_low', 'cluster_3_cc_intensif'} -> {'credit_small'}",fpgrowth_cluster3,1,False
"['burden_low', 'cluster_3_cc_intensif', 'emp_new'] -> ['age_senior']",0.056639256609756994,0.5640837311788468,1.81442138605612,['fpgrowth_cluster3'],"{'emp_new', 'burden_low', 'cluster_3_cc_intensif'} -> {'age_senior'}",fpgrowth_cluster3,1,False
"['burden_low', 'cluster_3_cc_intensif', 'income_high'] -> ['credit_small']",0.05306242855562521,0.548503906994473,2.113058804429734,['fpgrowth_cluster3'],"{'cluster_3_cc_intensif', 'income_high', 'burden_low'} -> {'credit_small'}",fpgrowth_cluster3,1,False
"['burden_low', 'cluster_3_cc_intensif', 'risk_score_low'] -> ['credit_small']",0.07074375898816328,0.5581090909090909,2.1500618561493905,['fpgrowth_cluster3'],"{'cluster_3_cc_intensif', 'risk_score_low', 'burden_low'} -> {'credit_small'}",fpgrowth_cluster3,1,False
"['burden_low', 'cluster_3_cc_intensif'] -> ['credit_small']",0.16776061064198533,0.5060341471553306,1.949448119426864,['fpgrowth_cluster3'],"{'cluster_3_cc_intensif', 'burden_low'} -> {'credit_small'}",fpgrowth_cluster3,1,False
"['burden_low', 'cluster_4_bermasalah', 'emp_mid'] -> ['credit_small']",0.05324503311258278,0.5726495726495726,1.7895299145299144,['fpgrowth_cluster4'],"{'emp_mid', 'burden_low', 'cluster_4_bermasalah'} -> {'credit_small'}",fpgrowth_cluster4,1,False
"['burden_low', 'cluster_4_bermasalah', 'emp_new'] -> ['age_senior']",0.06993377483443709,0.619718309859155,1.6698334187853747,['fpgrowth_cluster4'],"{'emp_new', 'burden_low', 'cluster_4_bermasalah'} -> {'age_senior'}",fpgrowth_cluster4,1,False
"['burden_low', 'cluster_4_bermasalah', 'emp_new'] -> ['credit_small']",0.05642384105960265,0.5,1.5625,['fpgrowth_cluster4'],"{'emp_new', 'burden_low', 'cluster_4_bermasalah'} -> {'credit_small'}",fpgrowth_cluster4,1,False
"['burden_low', 'cluster_4_bermasalah', 'risk_score_low'] -> ['credit_small']",0.061456953642384106,0.5458823529411765,1.7058823529411764,['fpgrowth_cluster4'],"{'cluster_4_bermasalah', 'risk_score_low', 'burden_low'} -> {'credit_small'}",fpgrowth_cluster4,1,False
"['burden_low', 'cluster_4_bermasalah'] -> ['credit_small']",0.1570860927152318,0.5085763293310464,1.5893010291595198,['fpgrowth_cluster4'],"{'cluster_4_bermasalah', 'burden_low'} -> {'credit_small'}",fpgrowth_cluster4,1,False
"['burden_low', 'credit_med'] -> ['cluster_2_ambisius', 'income_low']",0.05634749757881846,0.6146324428147372,2.3529710372849135,['fpgrowth_cluster2'],"{'burden_low', 'credit_med'} -> {'income_low', 'cluster_2_ambisius'}",fpgrowth_cluster2,1,False
"['burden_low', 'credit_med'] -> ['income_low']",0.05634749757881846,0.6146324428147372,2.3529710372849135,['fpgrowth_cluster2'],"{'burden_low', 'credit_med'} -> {'income_low'}",fpgrowth_cluster2,1,False
"['burden_low', 'credit_small', 'emp_mid'] -> ['age_young', 'cluster_0_minimal']",0.031168685351784537,0.4525963968370424,2.8942171089224846,"['apriori', 'eclat', 'fpgrowth']","{'emp_mid', 'burden_low', 'credit_small'} -> {'age_young', 'cluster_0_minimal'}",apriori+eclat+fpgrowth,3,True
"['burden_low', 'credit_small', 'emp_mid'] -> ['age_young']",0.039685057051830855,0.5762615146327545,1.7283721661516414,"['apriori', 'eclat', 'fpgrowth']","{'emp_mid', 'burden_low', 'credit_small'} -> {'age_young'}",apriori+eclat+fpgrowth,3,True
"['burden_low', 'credit_small', 'emp_mid'] -> ['cluster_0_minimal']",0.0507024462814557,0.7362435803374908,2.079359891494631,"['apriori', 'eclat', 'fpgrowth']","{'emp_mid', 'burden_low', 'credit_small'} -> {'cluster_0_minimal'}",apriori+eclat+fpgrowth,3,True
"['burden_low', 'credit_small', 'emp_mid'] -> ['risk_score_low']",0.03184797406352192,0.4624602592320861,1.387376883359664,"['apriori', 'eclat', 'fpgrowth']","{'emp_mid', 'burden_low', 'credit_small'} -> {'risk_score_low'}",apriori+eclat+fpgrowth,3,True
"['burden_low', 'credit_small', 'emp_new'] -> ['age_senior', 'cluster_1_veteran']",0.06712889341220872,0.77163051425786,1.7940552104482845,['fpgrowth_cluster1'],"{'emp_new', 'burden_low', 'credit_small'} -> {'cluster_1_veteran', 'age_senior'}",fpgrowth_cluster1,1,False
"['burden_low', 'credit_small', 'emp_new'] -> ['age_senior']",0.04260291358897869,0.5901588809396594,1.6403545419813381,"['apriori', 'eclat', 'fpgrowth', 'fpgrowth_cluster1']","{'emp_new', 'burden_low', 'credit_small'} -> {'age_senior'}",apriori+eclat+fpgrowth+fpgrowth_cluster1,4,True
"['burden_low', 'credit_small', 'emp_new'] -> ['cluster_0_minimal']",0.04555444835861953,0.7008550699602695,1.9794127394061818,"['apriori', 'eclat', 'fpgrowth']","{'emp_new', 'burden_low', 'credit_small'} -> {'cluster_0_minimal'}",apriori+eclat+fpgrowth,3,True
"['burden_low', 'credit_small', 'emp_senior'] -> ['cluster_0_minimal']",0.038407881994638675,0.6790570719602979,1.9178490341780237,"['apriori', 'eclat', 'fpgrowth']","{'burden_low', 'credit_small', 'emp_senior'} -> {'cluster_0_minimal'}",apriori+eclat+fpgrowth,3,True
"['burden_low', 'credit_small', 'income_high'] -> ['cluster_0_minimal']",0.035415643289216994,0.6691948658109684,1.8899953775129743,"['apriori', 'eclat', 'fpgrowth']","{'burden_low', 'credit_small', 'income_high'} -> {'cluster_0_minimal'}",apriori+eclat+fpgrowth,3,True
"['burden_low', 'credit_small', 'income_low'] -> ['cluster_0_minimal']",0.04493972014427868,0.7567950839045143,2.1374031442556105,"['apriori', 'eclat', 'fpgrowth']","{'burden_low', 'income_low', 'credit_small'} -> {'cluster_0_minimal'}",apriori+eclat+fpgrowth,3,True
"['burden_low', 'credit_small', 'income_med'] -> ['cluster_0_minimal']",0.03866612398422478,0.7205628498195323,2.035073078028044,"['apriori', 'eclat', 'fpgrowth']","{'burden_low', 'credit_small', 'income_med'} -> {'cluster_0_minimal'}",apriori+eclat+fpgrowth,3,True
"['burden_low', 'credit_small', 'risk_score_high'] -> ['cluster_0_minimal']",0.039235940548202834,0.726016724666286,2.05047636155056,"['apriori', 'eclat', 'fpgrowth']","{'risk_score_high', 'burden_low', 'credit_small'} -> {'cluster_0_minimal'}",apriori+eclat+fpgrowth,3,True
"['burden_low', 'credit_small', 'risk_score_low'] -> ['age_young', 'cluster_0_minimal']",0.03262550701042792,0.4438461832206819,2.8382621385953226,"['apriori', 'eclat', 'fpgrowth']","{'burden_low', 'credit_small', 'risk_score_low'} -> {'age_young', 'cluster_0_minimal'}",apriori+eclat+fpgrowth,3,True
"['burden_low', 'credit_small', 'risk_score_low'] -> ['age_young']",0.043078693632370074,0.5860541490052316,1.757743061574834,"['apriori', 'eclat', 'fpgrowth']","{'burden_low', 'credit_small', 'risk_score_low'} -> {'age_young'}",apriori+eclat+fpgrowth,3,True
"['burden_low', 'credit_small', 'risk_score_low'] -> ['cluster_0_minimal']",0.05072770908478477,0.6901134150532706,1.9490752709672023,"['apriori', 'eclat', 'fpgrowth']","{'burden_low', 'credit_small', 'risk_score_low'} -> {'cluster_0_minimal'}",apriori+eclat+fpgrowth,3,True
"['burden_low', 'credit_small', 'risk_score_low'] -> ['emp_mid']",0.03184797406352192,0.43326841562607404,1.2995061366812906,"['apriori', 'eclat', 'fpgrowth']","{'burden_low', 'credit_small', 'risk_score_low'} -> {'emp_mid'}",apriori+eclat+fpgrowth,3,True
"['burden_low', 'credit_small', 'risk_score_med'] -> ['cluster_0_minimal']",0.04470112700172629,0.7109375,2.0078883705604884,"['apriori', 'eclat', 'fpgrowth']","{'burden_low', 'risk_score_med', 'credit_small'} -> {'cluster_0_minimal'}",apriori+eclat+fpgrowth,3,True
"['burden_low', 'credit_small'] -> ['age_young']",0.0783876717519754,0.41164504716981126,1.2346405647371705,"['apriori', 'eclat', 'fpgrowth']","{'burden_low', 'credit_small'} -> {'age_young'}",apriori+eclat+fpgrowth,3,True
"['burden_low', 'credit_small'] -> ['cluster_0_minimal']",0.1346647766347139,0.7071786556603774,1.9972723321094634,"['apriori', 'eclat', 'fpgrowth']","{'burden_low', 'credit_small'} -> {'cluster_0_minimal'}",apriori+eclat+fpgrowth,3,True
"['burden_low', 'emp_mid', 'risk_score_low'] -> ['age_young', 'cluster_0_minimal']",0.06272395750753132,0.734974454249884,1.6641179957114458,['fpgrowth_cluster0'],"{'emp_mid', 'burden_low', 'risk_score_low'} -> {'age_young', 'cluster_0_minimal'}",fpgrowth_cluster0,1,False
"['burden_low', 'emp_mid', 'risk_score_low'] -> ['age_young']",0.040232223745523266,0.6844018848847376,1.9176460374858184,"['apriori', 'eclat', 'fpgrowth', 'fpgrowth_cluster0']","{'emp_mid', 'burden_low', 'risk_score_low'} -> {'age_young'}",apriori+eclat+fpgrowth+fpgrowth_cluster0,4,True
"['burden_low', 'emp_mid', 'risk_score_low'] -> ['cluster_0_minimal']",0.03021711975972267,0.6161991986262164,1.740320639817526,"['apriori', 'eclat', 'fpgrowth']","{'emp_mid', 'burden_low', 'risk_score_low'} -> {'cluster_0_minimal'}",apriori+eclat+fpgrowth,3,True
"['burden_low', 'emp_mid', 'risk_score_low'] -> ['credit_small']",0.03184797406352192,0.6494562106468231,1.9442863700639823,"['apriori', 'eclat', 'fpgrowth']","{'emp_mid', 'burden_low', 'risk_score_low'} -> {'credit_small'}",apriori+eclat+fpgrowth,3,True
"['burden_low', 'emp_mid'] -> ['age_young', 'cluster_0_minimal']",0.040142594489901894,0.3564734034597936,2.2795396304063607,"['apriori', 'eclat', 'fpgrowth']","{'emp_mid', 'burden_low'} -> {'age_young', 'cluster_0_minimal'}",apriori+eclat+fpgrowth,3,True
"['burden_low', 'emp_mid'] -> ['age_young', 'credit_small']",0.039685057051830855,0.3524103893514134,2.741940317515239,"['apriori', 'eclat', 'fpgrowth']","{'emp_mid', 'burden_low'} -> {'age_young', 'credit_small'}",apriori+eclat+fpgrowth,3,True
"['burden_low', 'emp_mid'] -> ['age_young']",0.05914864352781014,0.5252505109925719,1.5753756591484993,"['apriori', 'eclat', 'fpgrowth']","{'emp_mid', 'burden_low'} -> {'age_young'}",apriori+eclat+fpgrowth,3,True
"['burden_low', 'emp_mid'] -> ['cluster_0_minimal', 'credit_small']",0.0507024462814557,0.45024677202253355,1.8321054444482379,"['apriori', 'eclat', 'fpgrowth']","{'emp_mid', 'burden_low'} -> {'credit_small', 'cluster_0_minimal'}",apriori+eclat+fpgrowth,3,True
"['burden_low', 'emp_mid'] -> ['cluster_0_minimal']",0.06700818234130047,0.5950446183757915,1.6805741281074011,"['apriori', 'eclat', 'fpgrowth']","{'emp_mid', 'burden_low'} -> {'cluster_0_minimal'}",apriori+eclat+fpgrowth,3,True
"['burden_low', 'emp_mid'] -> ['cluster_1_veteran', 'credit_small']",0.060980005512796046,0.601799539652647,1.801502487377835,['fpgrowth_cluster1'],"{'emp_mid', 'burden_low'} -> {'cluster_1_veteran', 'credit_small'}",fpgrowth_cluster1,1,False
"['burden_low', 'emp_mid'] -> ['cluster_3_cc_intensif', 'credit_small']",0.06233636933515248,0.5511002444987776,2.123060946169806,['fpgrowth_cluster3'],"{'emp_mid', 'burden_low'} -> {'cluster_3_cc_intensif', 'credit_small'}",fpgrowth_cluster3,1,False
"['burden_low', 'emp_mid'] -> ['cluster_4_bermasalah', 'credit_small']",0.05324503311258278,0.5726495726495726,1.7895299145299144,['fpgrowth_cluster4'],"{'emp_mid', 'burden_low'} -> {'cluster_4_bermasalah', 'credit_small'}",fpgrowth_cluster4,1,False
"['burden_low', 'emp_mid'] -> ['credit_small']",0.06386010226428591,0.5933645292061019,1.8677458151911288,"['apriori', 'eclat', 'fpgrowth', 'fpgrowth_cluster1', 'fpgrowth_cluster3', 'fpgrowth_cluster4']","{'emp_mid', 'burden_low'} -> {'credit_small'}",apriori+eclat+fpgrowth+fpgrowth_cluster1+fpgrowth_cluster3+fpgrowth_cluster4,6,True
"['burden_low', 'emp_mid'] -> ['risk_score_low']",0.049037908239884354,0.43546537713744454,1.3063924643972338,"['apriori', 'eclat', 'fpgrowth']","{'emp_mid', 'burden_low'} -> {'risk_score_low'}",apriori+eclat+fpgrowth,3,True
"['burden_low', 'emp_new', 'income_low'] -> ['age_senior']",0.030158173218621492,0.6243607624360763,1.8732189975128166,"['apriori', 'eclat', 'fpgrowth']","{'emp_new', 'burden_low', 'income_low'} -> {'age_senior'}",apriori+eclat+fpgrowth,3,True
"['burden_low', 'emp_new'] -> ['age_senior', 'cluster_1_veteran']",0.11392405063291139,0.7713178294573643,1.7933282125066636,['fpgrowth_cluster1'],"{'emp_new', 'burden_low'} -> {'cluster_1_veteran', 'age_senior'}",fpgrowth_cluster1,1,False
"['burden_low', 'emp_new'] -> ['age_senior', 'cluster_3_cc_intensif']",0.056639256609756994,0.5640837311788468,1.81442138605612,['fpgrowth_cluster3'],"{'emp_new', 'burden_low'} -> {'cluster_3_cc_intensif', 'age_senior'}",fpgrowth_cluster3,1,False
"['burden_low', 'emp_new'] -> ['age_senior', 'cluster_4_bermasalah']",0.06993377483443709,0.619718309859155,1.6698334187853747,['fpgrowth_cluster4'],"{'emp_new', 'burden_low'} -> {'cluster_4_bermasalah', 'age_senior'}",fpgrowth_cluster4,1,False
"['burden_low', 'emp_new'] -> ['age_senior']",0.07373570802532793,0.6142653495658699,1.7448964337872261,"['apriori', 'eclat', 'fpgrowth', 'fpgrowth_cluster1', 'fpgrowth_cluster3', 'fpgrowth_cluster4']","{'emp_new', 'burden_low'} -> {'age_senior'}",apriori+eclat+fpgrowth+fpgrowth_cluster1+fpgrowth_cluster3+fpgrowth_cluster4,6,True
"['burden_low', 'emp_new'] -> ['cluster_0_minimal', 'credit_small']",0.04555444835861953,0.39041112367389164,1.5886273699265832,"['apriori', 'eclat', 'fpgrowth']","{'emp_new', 'burden_low'} -> {'credit_small', 'cluster_0_minimal'}",apriori+eclat+fpgrowth,3,True
"['burden_low', 'emp_new'] -> ['cluster_0_minimal']",0.059914948562125446,0.5134836055714596,1.4502227834379287,"['apriori', 'eclat', 'fpgrowth']","{'emp_new', 'burden_low'} -> {'cluster_0_minimal'}",apriori+eclat+fpgrowth,3,True
"['burden_low', 'emp_new'] -> ['cluster_1_veteran', 'credit_small']",0.0869961622458283,0.5890037324145851,1.76319790744964,['fpgrowth_cluster1'],"{'emp_new', 'burden_low'} -> {'cluster_1_veteran', 'credit_small'}",fpgrowth_cluster1,1,False
"['burden_low', 'emp_new'] -> ['cluster_4_bermasalah', 'credit_small']",0.05642384105960265,0.5,1.5625,['fpgrowth_cluster4'],"{'emp_new', 'burden_low'} -> {'cluster_4_bermasalah', 'credit_small'}",fpgrowth_cluster4,1,False
"['burden_low', 'emp_new'] -> ['credit_small']",0.06768303225362524,0.5520305812155303,1.665728230095126,"['apriori', 'eclat', 'fpgrowth', 'fpgrowth_cluster1', 'fpgrowth_cluster4']","{'emp_new', 'burden_low'} -> {'credit_small'}",apriori+eclat+fpgrowth+fpgrowth_cluster1+fpgrowth_cluster4,5,True
"['burden_low', 'emp_new'] -> ['income_low']",0.04830247996519347,0.4139623276961197,1.2932760609067648,"['apriori', 'eclat', 'fpgrowth']","{'emp_new', 'burden_low'} -> {'income_low'}",apriori+eclat+fpgrowth,3,True
"['burden_low', 'emp_senior'] -> ['age_mid']",0.04736494926386998,0.45521743822164673,1.365878520143287,"['apriori', 'eclat', 'fpgrowth']","{'burden_low', 'emp_senior'} -> {'age_mid'}",apriori+eclat+fpgrowth,3,True
"['burden_low', 'emp_senior'] -> ['cluster_0_minimal', 'credit_small']",0.038407881994638675,0.3691324053091616,1.5020418390813965,"['apriori', 'eclat', 'fpgrowth']","{'burden_low', 'emp_senior'} -> {'credit_small', 'cluster_0_minimal'}",apriori+eclat+fpgrowth,3,True
"['burden_low', 'emp_senior'] -> ['cluster_0_minimal']",0.05162594209204082,0.496169202546671,1.4013220172289858,"['apriori', 'eclat', 'fpgrowth']","{'burden_low', 'emp_senior'} -> {'cluster_0_minimal'}",apriori+eclat+fpgrowth,3,True
"['burden_low', 'emp_senior'] -> ['cluster_1_veteran', 'credit_small']",0.0654326484744397,0.5720111214087117,1.7123300868929907,['fpgrowth_cluster1'],"{'burden_low', 'emp_senior'} -> {'cluster_1_veteran', 'credit_small'}",fpgrowth_cluster1,1,False
"['burden_low', 'emp_senior'] -> ['credit_small']",0.058778619375350186,0.5506994459397467,1.6486098752656493,"['apriori', 'eclat', 'fpgrowth', 'fpgrowth_cluster1']","{'burden_low', 'emp_senior'} -> {'credit_small'}",apriori+eclat+fpgrowth+fpgrowth_cluster1,4,True
"['burden_low', 'income_high'] -> ['cluster_0_minimal', 'credit_small']",0.035415643289216994,0.41261691412126367,1.6789852627642263,"['apriori', 'eclat', 'fpgrowth']","{'burden_low', 'income_high'} -> {'credit_small', 'cluster_0_minimal'}",apriori+eclat+fpgrowth,3,True
"['burden_low', 'income_high'] -> ['cluster_0_minimal']",0.04880212207547965,0.5685787167244424,1.60582694408329,"['apriori', 'eclat', 'fpgrowth']","{'burden_low', 'income_high'} -> {'cluster_0_minimal'}",apriori+eclat+fpgrowth,3,True
"['burden_low', 'income_high'] -> ['cluster_1_veteran', 'credit_small']",0.06806182812798169,0.5835302672241411,1.746812947831937,['fpgrowth_cluster1'],"{'burden_low', 'income_high'} -> {'cluster_1_veteran', 'credit_small'}",fpgrowth_cluster1,1,False
"['burden_low', 'income_high'] -> ['cluster_3_cc_intensif', 'credit_small']",0.05306242855562521,0.548503906994473,2.113058804429734,['fpgrowth_cluster3'],"{'burden_low', 'income_high'} -> {'cluster_3_cc_intensif', 'credit_small'}",fpgrowth_cluster3,1,False
"['burden_low', 'income_high'] -> ['credit_small']",0.055978510934481404,0.5963590880976962,1.8795057155920751,"['apriori', 'eclat', 'fpgrowth', 'fpgrowth_cluster1', 'fpgrowth_cluster3']","{'burden_low', 'income_high'} -> {'credit_small'}",apriori+eclat+fpgrowth+fpgrowth_cluster1+fpgrowth_cluster3,5,True
"['burden_low', 'income_low'] -> ['cluster_0_minimal', 'credit_small']",0.04493972014427868,0.36705030033472424,1.4935695165760203,"['apriori', 'eclat', 'fpgrowth']","{'burden_low', 'income_low'} -> {'credit_small', 'cluster_0_minimal'}",apriori+eclat+fpgrowth,3,True
"['burden_low', 'income_low'] -> ['cluster_0_minimal']",0.05623219323237569,0.4592828648723004,1.2971445776524606,"['apriori', 'eclat', 'fpgrowth']","{'burden_low', 'income_low'} -> {'cluster_0_minimal'}",apriori+eclat+fpgrowth,3,True
"['burden_low', 'income_low'] -> ['cluster_1_veteran', 'credit_small']",0.053219684922502807,0.5839925546765937,1.7481968172778286,['fpgrowth_cluster1'],"{'burden_low', 'income_low'} -> {'cluster_1_veteran', 'credit_small'}",fpgrowth_cluster1,1,False
"['burden_low', 'income_low'] -> ['cluster_2_ambisius', 'credit_med']",0.05634749757881846,0.5335354300871542,1.6431518216244074,['fpgrowth_cluster2'],"{'burden_low', 'income_low'} -> {'cluster_2_ambisius', 'credit_med'}",fpgrowth_cluster2,1,False
"['burden_low', 'income_low'] -> ['credit_med']",0.05634749757881846,0.5335354300871542,1.6431518216244074,['fpgrowth_cluster2'],"{'burden_low', 'income_low'} -> {'credit_med'}",fpgrowth_cluster2,1,False
"['burden_low', 'income_low'] -> ['credit_small']",0.05784113826617608,0.5097527812479004,1.52602669351613,"['apriori', 'eclat', 'fpgrowth', 'fpgrowth_cluster1']","{'burden_low', 'income_low'} -> {'credit_small'}",apriori+eclat+fpgrowth+fpgrowth_cluster1,4,True
"['burden_low', 'income_med'] -> ['cluster_0_minimal', 'credit_small']",0.03866612398422478,0.45236609635151553,1.8407292167503417,"['apriori', 'eclat', 'fpgrowth']","{'burden_low', 'income_med'} -> {'credit_small', 'cluster_0_minimal'}",apriori+eclat+fpgrowth,3,True
"['burden_low', 'income_med'] -> ['cluster_0_minimal']",0.05198242831679555,0.6081573675741355,1.7176082367617223,"['apriori', 'eclat', 'fpgrowth']","{'burden_low', 'income_med'} -> {'cluster_0_minimal'}",apriori+eclat+fpgrowth,3,True
"['burden_low', 'income_med'] -> ['cluster_1_veteran', 'credit_small']",0.0572270635879821,0.6012474938739141,1.7998499240606416,['fpgrowth_cluster1'],"{'burden_low', 'income_med'} -> {'cluster_1_veteran', 'credit_small'}",fpgrowth_cluster1,1,False
"['burden_low', 'income_med'] -> ['credit_small']",0.054552516833824484,0.6211584794912692,1.8595427167161152,"['apriori', 'eclat', 'fpgrowth', 'fpgrowth_cluster1']","{'burden_low', 'income_med'} -> {'credit_small'}",apriori+eclat+fpgrowth+fpgrowth_cluster1,4,True
"['burden_low', 'risk_score_high'] -> ['age_senior']",0.04550953670825673,0.4508746071915237,1.3527225452028018,"['apriori', 'eclat', 'fpgrowth']","{'risk_score_high', 'burden_low'} -> {'age_senior'}",apriori+eclat+fpgrowth,3,True
"['burden_low', 'risk_score_high'] -> ['cluster_0_minimal', 'credit_small']",0.039235940548202834,0.38872048722155794,1.5817479774658898,"['apriori', 'eclat', 'fpgrowth']","{'risk_score_high', 'burden_low'} -> {'credit_small', 'cluster_0_minimal'}",apriori+eclat+fpgrowth,3,True
"['burden_low', 'risk_score_high'] -> ['cluster_0_minimal']",0.050733323041080115,0.5026279929920187,1.4195634663340069,"['apriori', 'eclat', 'fpgrowth']","{'risk_score_high', 'burden_low'} -> {'cluster_0_minimal'}",apriori+eclat+fpgrowth,3,True
"['burden_low', 'risk_score_high'] -> ['cluster_1_veteran', 'credit_small']",0.0578843585013676,0.5736499264551377,1.7172358921868396,['fpgrowth_cluster1'],"{'risk_score_high', 'burden_low'} -> {'cluster_1_veteran', 'credit_small'}",fpgrowth_cluster1,1,False
"['burden_low', 'risk_score_high'] -> ['credit_small']",0.05500315233323372,0.5449739822116876,1.6314693951902717,"['apriori', 'eclat', 'fpgrowth', 'fpgrowth_cluster1']","{'risk_score_high', 'burden_low'} -> {'credit_small'}",apriori+eclat+fpgrowth+fpgrowth_cluster1,4,True
"['burden_low', 'risk_score_low'] -> ['age_young', 'cluster_0_minimal']",0.042410632833223404,0.35137209302325584,2.246918292617257,"['apriori', 'eclat', 'fpgrowth']","{'burden_low', 'risk_score_low'} -> {'age_young', 'cluster_0_minimal'}",apriori+eclat+fpgrowth,3,True
"['burden_low', 'risk_score_low'] -> ['age_young', 'credit_small']",0.043078693632370074,0.3569069767441861,2.7769261596924966,"['apriori', 'eclat', 'fpgrowth']","{'burden_low', 'risk_score_low'} -> {'age_young', 'credit_small'}",apriori+eclat+fpgrowth,3,True
"['burden_low', 'risk_score_low'] -> ['age_young']",0.0637998063185078,0.5285813953488372,1.5853659286075097,"['apriori', 'eclat', 'fpgrowth']","{'burden_low', 'risk_score_low'} -> {'age_young'}",apriori+eclat+fpgrowth,3,True
"['burden_low', 'risk_score_low'] -> ['cluster_0_minimal', 'credit_small']",0.05072770908478477,0.42027906976744184,1.7101634475905472,"['apriori', 'eclat', 'fpgrowth']","{'burden_low', 'risk_score_low'} -> {'credit_small', 'cluster_0_minimal'}",apriori+eclat+fpgrowth,3,True
"['burden_low', 'risk_score_low'] -> ['cluster_0_minimal']",0.06828535739849265,0.5657441860465116,1.597821428571428,"['apriori', 'eclat', 'fpgrowth']","{'burden_low', 'risk_score_low'} -> {'cluster_0_minimal'}",apriori+eclat+fpgrowth,3,True
"['burden_low', 'risk_score_low'] -> ['cluster_1_veteran', 'credit_small']",0.0856603693573352,0.5994065281899109,1.7943389456693601,['fpgrowth_cluster1'],"{'risk_score_low', 'burden_low'} -> {'cluster_1_veteran', 'credit_small'}",fpgrowth_cluster1,1,False
"['burden_low', 'risk_score_low'] -> ['cluster_3_cc_intensif', 'credit_small']",0.07074375898816328,0.5581090909090909,2.1500618561493905,['fpgrowth_cluster3'],"{'risk_score_low', 'burden_low'} -> {'cluster_3_cc_intensif', 'credit_small'}",fpgrowth_cluster3,1,False
"['burden_low', 'risk_score_low'] -> ['cluster_4_bermasalah', 'credit_small']",0.061456953642384106,0.5458823529411765,1.7058823529411764,['fpgrowth_cluster4'],"{'risk_score_low', 'burden_low'} -> {'cluster_4_bermasalah', 'credit_small'}",fpgrowth_cluster4,1,False
"['burden_low', 'risk_score_low'] -> ['credit_small']",0.07306334870789795,0.5883996620066965,1.853299875210553,"['apriori', 'eclat', 'fpgrowth', 'fpgrowth_cluster1', 'fpgrowth_cluster3', 'fpgrowth_cluster4']","{'burden_low', 'risk_score_low'} -> {'credit_small'}",apriori+eclat+fpgrowth+fpgrowth_cluster1+fpgrowth_cluster3+fpgrowth_cluster4,6,True
"['burden_low', 'risk_score_low'] -> ['emp_mid']",0.049037908239884354,0.4062790697674419,1.2185567314087506,"['apriori', 'eclat', 'fpgrowth']","{'burden_low', 'risk_score_low'} -> {'emp_mid'}",apriori+eclat+fpgrowth,3,True
"['burden_low', 'risk_score_med'] -> ['cluster_0_minimal', 'credit_small']",0.04470112700172629,0.40016584581364967,1.628320446372306,"['apriori', 'eclat', 'fpgrowth']","{'burden_low', 'risk_score_med'} -> {'credit_small', 'cluster_0_minimal'}",apriori+eclat+fpgrowth,3,True
"['burden_low', 'risk_score_med'] -> ['cluster_0_minimal']",0.05953039255589395,0.5329178811940899,1.5051106688187765,"['apriori', 'eclat', 'fpgrowth']","{'burden_low', 'risk_score_med'} -> {'cluster_0_minimal'}",apriori+eclat+fpgrowth,3,True
"['burden_low', 'risk_score_med'] -> ['cluster_1_veteran', 'credit_small']",0.06986408837436126,0.5841162914376883,1.7485672264725922,['fpgrowth_cluster1'],"{'burden_low', 'risk_score_med'} -> {'cluster_1_veteran', 'credit_small'}",fpgrowth_cluster1,1,False
"['burden_low', 'risk_score_med'] -> ['credit_small']",0.06462325497453233,0.568182053058437,1.7009472364952085,"['apriori', 'eclat', 'fpgrowth', 'fpgrowth_cluster1']","{'burden_low', 'risk_score_med'} -> {'credit_small'}",apriori+eclat+fpgrowth+fpgrowth_cluster1,4,True
"['burden_low'] -> ['cluster_0_minimal', 'credit_small']",0.1346647766347139,0.40398299018988676,1.643852842001783,"['apriori', 'eclat', 'fpgrowth']","{'burden_low'} -> {'credit_small', 'cluster_0_minimal'}",apriori+eclat+fpgrowth,3,True
['burden_low'] -> ['cluster_0_minimal'],0.17854907299546674,0.535632183908046,1.5127766265907792,"['apriori', 'eclat', 'fpgrowth']",{'burden_low'} -> {'cluster_0_minimal'},apriori+eclat+fpgrowth,3,True
"['burden_low'] -> ['cluster_1_veteran', 'credit_small']",0.21340881623306404,0.587222870478413,1.7578668511820625,['fpgrowth_cluster1'],"{'burden_low'} -> {'cluster_1_veteran', 'credit_small'}",fpgrowth_cluster1,1,False
"['burden_low'] -> ['cluster_2_ambisius', 'credit_med']",0.09167673824826515,0.6073492762076462,1.8704794720002738,['fpgrowth_cluster2'],"{'burden_low'} -> {'cluster_2_ambisius', 'credit_med'}",fpgrowth_cluster2,1,False
"['burden_low'] -> ['cluster_2_ambisius', 'income_low']",0.10561153843075421,0.6996659419905615,2.6785011375891274,['fpgrowth_cluster2'],"{'burden_low'} -> {'income_low', 'cluster_2_ambisius'}",fpgrowth_cluster2,1,False
"['burden_low'] -> ['cluster_3_cc_intensif', 'credit_small']",0.16776061064198533,0.5060341471553306,1.949448119426864,['fpgrowth_cluster3'],"{'burden_low'} -> {'cluster_3_cc_intensif', 'credit_small'}",fpgrowth_cluster3,1,False
"['burden_low'] -> ['cluster_4_bermasalah', 'credit_small']",0.1570860927152318,0.5085763293310464,1.5893010291595198,['fpgrowth_cluster4'],"{'burden_low'} -> {'cluster_4_bermasalah', 'credit_small'}",fpgrowth_cluster4,1,False
['burden_low'] -> ['credit_med'],0.09167673824826515,0.6073492762076462,1.8704794720002738,['fpgrowth_cluster2'],{'burden_low'} -> {'credit_med'},fpgrowth_cluster2,1,False
['burden_low'] -> ['credit_small'],0.18492195203418693,0.5526023032276587,1.7378641955161733,"['apriori', 'eclat', 'fpgrowth', 'fpgrowth_cluster1', 'fpgrowth_cluster3', 'fpgrowth_cluster4']",{'burden_low'} -> {'credit_small'},apriori+eclat+fpgrowth+fpgrowth_cluster1+fpgrowth_cluster3+fpgrowth_cluster4,6,True
['burden_low'] -> ['income_low'],0.10561153843075421,0.6996659419905615,2.6785011375891274,['fpgrowth_cluster2'],{'burden_low'} -> {'income_low'},fpgrowth_cluster2,1,False
"['burden_med', 'cluster_0_minimal', 'emp_mid'] -> ['credit_med']",0.05833201205010306,0.6522471412108856,2.1461968016783906,['fpgrowth_cluster0'],"{'emp_mid', 'burden_med', 'cluster_0_minimal'} -> {'credit_med'}",fpgrowth_cluster0,1,False
"['burden_med', 'cluster_0_minimal', 'income_high'] -> ['credit_med']",0.05015855398763279,0.6511268910157456,2.142510656912121,['fpgrowth_cluster0'],"{'burden_med', 'cluster_0_minimal', 'income_high'} -> {'credit_med'}",fpgrowth_cluster0,1,False
"['burden_med', 'cluster_0_minimal', 'risk_score_low'] -> ['age_young']",0.06203424766132868,0.6629670422773871,1.5010799072511642,['fpgrowth_cluster0'],"{'risk_score_low', 'cluster_0_minimal', 'burden_med'} -> {'age_young'}",fpgrowth_cluster0,1,False
"['burden_med', 'cluster_0_minimal', 'risk_score_low'] -> ['credit_med']",0.06452354526716347,0.6895704481911379,2.2690078605668482,['fpgrowth_cluster0'],"{'risk_score_low', 'cluster_0_minimal', 'burden_med'} -> {'credit_med'}",fpgrowth_cluster0,1,False
"['burden_med', 'cluster_0_minimal'] -> ['age_young']",0.03838823314760494,0.5112141148325359,1.5332765152354362,"['apriori', 'eclat', 'fpgrowth']","{'burden_med', 'cluster_0_minimal'} -> {'age_young'}",apriori+eclat+fpgrowth,3,True
"['burden_med', 'cluster_0_minimal'] -> ['credit_med']",0.06552532436925657,0.5992822966507177,1.7998284940735725,"['apriori', 'eclat', 'fpgrowth', 'fpgrowth_cluster0']","{'burden_med', 'cluster_0_minimal'} -> {'credit_med'}",apriori+eclat+fpgrowth+fpgrowth_cluster0,4,True
"['burden_med', 'cluster_0_minimal'] -> ['emp_mid']",0.03166552048392303,0.4216880980861244,1.264773178623092,"['apriori', 'eclat', 'fpgrowth']","{'burden_med', 'cluster_0_minimal'} -> {'emp_mid'}",apriori+eclat+fpgrowth,3,True
"['burden_med', 'cluster_0_minimal'] -> ['risk_score_low']",0.03313076307700945,0.4412006578947369,1.3235982583728232,"['apriori', 'eclat', 'fpgrowth']","{'burden_med', 'cluster_0_minimal'} -> {'risk_score_low'}",apriori+eclat+fpgrowth,3,True
"['burden_med', 'cluster_1_veteran', 'credit_large'] -> ['income_very_high']",0.09007060619553464,0.6681346335325574,2.1216828522283873,['fpgrowth_cluster1'],"{'cluster_1_veteran', 'burden_med', 'credit_large'} -> {'income_very_high'}",fpgrowth_cluster1,1,False
"['burden_med', 'cluster_1_veteran', 'emp_mid'] -> ['income_very_high']",0.07353221805228675,0.5407765476376111,1.7172531858492224,['fpgrowth_cluster1'],"{'emp_mid', 'burden_med', 'cluster_1_veteran'} -> {'income_very_high'}",fpgrowth_cluster1,1,False
"['burden_med', 'cluster_1_veteran', 'emp_new'] -> ['age_senior']",0.08513029281428239,0.6743365804501176,1.567845015714513,['fpgrowth_cluster1'],"{'emp_new', 'burden_med', 'cluster_1_veteran'} -> {'age_senior'}",fpgrowth_cluster1,1,False
"['burden_med', 'cluster_1_veteran', 'emp_senior'] -> ['income_very_high']",0.08434577953056421,0.5621820237422273,1.7852269583729239,['fpgrowth_cluster1'],"{'cluster_1_veteran', 'burden_med', 'emp_senior'} -> {'income_very_high'}",fpgrowth_cluster1,1,False
"['burden_med', 'cluster_1_veteran', 'risk_score_high'] -> ['income_very_high']",0.06064075652524224,0.5296296296296296,1.6818557919621748,['fpgrowth_cluster1'],"{'risk_score_high', 'burden_med', 'cluster_1_veteran'} -> {'income_very_high'}",fpgrowth_cluster1,1,False
"['burden_med', 'cluster_1_veteran', 'risk_score_med'] -> ['income_very_high']",0.07145431800351972,0.5228048402109836,1.6601834553508363,['fpgrowth_cluster1'],"{'cluster_1_veteran', 'burden_med', 'risk_score_med'} -> {'income_very_high'}",fpgrowth_cluster1,1,False
"['burden_med', 'cluster_1_veteran'] -> ['income_very_high']",0.21107647944363167,0.5120094635601502,1.6259023922628175,['fpgrowth_cluster1'],"{'cluster_1_veteran', 'burden_med'} -> {'income_very_high'}",fpgrowth_cluster1,1,False
"['burden_med', 'cluster_2_ambisius', 'credit_large', 'emp_mid'] -> ['income_very_high']",0.05164920481194823,0.5808280828082808,1.9697641170973588,['fpgrowth_cluster2'],"{'emp_mid', 'burden_med', 'credit_large', 'cluster_2_ambisius'} -> {'income_very_high'}",fpgrowth_cluster2,1,False
"['burden_med', 'cluster_2_ambisius', 'credit_large', 'emp_senior'] -> ['income_very_high']",0.06357502461201066,0.5804589301373867,1.9685122084752031,['fpgrowth_cluster2'],"{'credit_large', 'burden_med', 'emp_senior', 'cluster_2_ambisius'} -> {'income_very_high'}",fpgrowth_cluster2,1,False
"['burden_med', 'cluster_2_ambisius', 'credit_large', 'risk_score_high'] -> ['income_very_high']",0.0683133369084113,0.5883772232179788,1.9953655408819266,['fpgrowth_cluster2'],"{'risk_score_high', 'burden_med', 'credit_large', 'cluster_2_ambisius'} -> {'income_very_high'}",fpgrowth_cluster2,1,False
"['burden_med', 'cluster_2_ambisius', 'credit_large'] -> ['income_very_high']",0.07750882160743842,0.5500961706592061,2.203953796453197,"['apriori', 'eclat', 'fpgrowth', 'fpgrowth_cluster2']","{'credit_large', 'burden_med', 'cluster_2_ambisius'} -> {'income_very_high'}",apriori+eclat+fpgrowth+fpgrowth_cluster2,4,True
"['burden_med', 'cluster_2_ambisius', 'credit_large'] -> ['risk_score_high']",0.040718025010175296,0.42274290377105556,1.2682251514328802,"['apriori', 'eclat', 'fpgrowth']","{'credit_large', 'burden_med', 'cluster_2_ambisius'} -> {'risk_score_high'}",apriori+eclat+fpgrowth,3,True
"['burden_med', 'cluster_2_ambisius', 'emp_mid'] -> ['credit_large']",0.031185527220670587,0.7269515147549565,2.2573400729466826,"['apriori', 'eclat', 'fpgrowth']","{'emp_mid', 'burden_med', 'cluster_2_ambisius'} -> {'credit_large'}",apriori+eclat+fpgrowth,3,True
"['burden_med', 'cluster_2_ambisius', 'emp_mid'] -> ['income_very_high']",0.0614459856409928,0.5023228423738795,1.7035290465337567,['fpgrowth_cluster2'],"{'emp_mid', 'burden_med', 'cluster_2_ambisius'} -> {'income_very_high'}",fpgrowth_cluster2,1,False
"['burden_med', 'cluster_2_ambisius', 'emp_new'] -> ['age_senior']",0.07013822745499804,0.597219382539358,1.6570652787111606,['fpgrowth_cluster2'],"{'emp_new', 'burden_med', 'cluster_2_ambisius'} -> {'age_senior'}",fpgrowth_cluster2,1,False
"['burden_med', 'cluster_2_ambisius', 'emp_senior'] -> ['credit_large']",0.03841068897278635,0.6937389100126744,2.1542078253483483,"['apriori', 'eclat', 'fpgrowth']","{'burden_med', 'emp_senior', 'cluster_2_ambisius'} -> {'credit_large'}",apriori+eclat+fpgrowth,3,True
"['burden_med', 'cluster_2_ambisius', 'income_very_high'] -> ['credit_large']",0.05298451951551556,0.8246395806028833,2.5606824296394968,"['apriori', 'eclat', 'fpgrowth']","{'burden_med', 'income_very_high', 'cluster_2_ambisius'} -> {'credit_large'}",apriori+eclat+fpgrowth,3,True
"['burden_med', 'cluster_2_ambisius', 'income_very_high'] -> ['risk_score_high']",0.030497817574490178,0.47466142420270857,1.4239802755266098,"['apriori', 'eclat', 'fpgrowth']","{'burden_med', 'income_very_high', 'cluster_2_ambisius'} -> {'risk_score_high'}",apriori+eclat+fpgrowth,3,True
"['burden_med', 'cluster_2_ambisius', 'risk_score_high'] -> ['credit_large']",0.040718025010175296,0.6615588087745702,2.0542817221601046,"['apriori', 'eclat', 'fpgrowth']","{'risk_score_high', 'burden_med', 'cluster_2_ambisius'} -> {'credit_large'}",apriori+eclat+fpgrowth,3,True
"['burden_med', 'cluster_2_ambisius', 'risk_score_high'] -> ['income_very_high']",0.030497817574490178,0.4955078214073973,2.0868558803108206,"['apriori', 'eclat', 'fpgrowth']","{'risk_score_high', 'burden_med', 'cluster_2_ambisius'} -> {'income_very_high'}",apriori+eclat+fpgrowth,3,True
"['burden_med', 'cluster_2_ambisius', 'risk_score_med'] -> ['credit_large']",0.03228586265455923,0.6912675040567343,2.1465335807974673,"['apriori', 'eclat', 'fpgrowth']","{'burden_med', 'risk_score_med', 'cluster_2_ambisius'} -> {'credit_large'}",apriori+eclat+fpgrowth,3,True
"['burden_med', 'cluster_2_ambisius'] -> ['credit_large', 'income_very_high']",0.05298451951551556,0.37994404299430357,2.9803805935559193,"['apriori', 'eclat', 'fpgrowth']","{'burden_med', 'cluster_2_ambisius'} -> {'credit_large', 'income_very_high'}",apriori+eclat+fpgrowth,3,True
"['burden_med', 'cluster_2_ambisius'] -> ['credit_large']",0.09631864815932407,0.6906865803828425,2.1447296884308065,"['apriori', 'eclat', 'fpgrowth']","{'burden_med', 'cluster_2_ambisius'} -> {'credit_large'}",apriori+eclat+fpgrowth,3,True
"['burden_med', 'cluster_2_ambisius'] -> ['income_very_high']",0.0642517298002835,0.4607395181256415,1.9404274385843532,"['apriori', 'eclat', 'fpgrowth']","{'burden_med', 'cluster_2_ambisius'} -> {'income_very_high'}",apriori+eclat+fpgrowth,3,True
"['burden_med', 'cluster_2_ambisius'] -> ['risk_score_high']",0.061548609844072365,0.4413558503250739,1.3240638343569726,"['apriori', 'eclat', 'fpgrowth']","{'burden_med', 'cluster_2_ambisius'} -> {'risk_score_high'}",apriori+eclat+fpgrowth,3,True
"['burden_med', 'cluster_3_cc_intensif', 'credit_large'] -> ['income_very_high']",0.10730484162395369,0.5761805761805762,2.0172270908134577,['fpgrowth_cluster3'],"{'credit_large', 'cluster_3_cc_intensif', 'burden_med'} -> {'income_very_high'}",fpgrowth_cluster3,1,False
"['burden_med', 'cluster_3_cc_intensif', 'emp_senior'] -> ['credit_large']",0.08265422766326191,0.5192864589366384,1.5017360149189758,['fpgrowth_cluster3'],"{'cluster_3_cc_intensif', 'burden_med', 'emp_senior'} -> {'credit_large'}",fpgrowth_cluster3,1,False
"['burden_med', 'cluster_3_cc_intensif', 'emp_senior'] -> ['income_very_high']",0.08289391201740477,0.520792308583343,1.8233109497123263,['fpgrowth_cluster3'],"{'cluster_3_cc_intensif', 'burden_med', 'emp_senior'} -> {'income_very_high'}",fpgrowth_cluster3,1,False
"['burden_med', 'cluster_3_cc_intensif', 'income_very_high'] -> ['credit_large']",0.10730484162395369,0.5629171099719509,1.6279124612454636,['fpgrowth_cluster3'],"{'cluster_3_cc_intensif', 'income_very_high', 'burden_med'} -> {'credit_large'}",fpgrowth_cluster3,1,False
"['burden_med', 'cluster_3_cc_intensif', 'risk_score_high'] -> ['credit_large']",0.07013532947380066,0.5409556313993175,1.564401574824643,['fpgrowth_cluster3'],"{'risk_score_high', 'burden_med', 'cluster_3_cc_intensif'} -> {'credit_large'}",fpgrowth_cluster3,1,False
"['burden_med', 'cluster_3_cc_intensif', 'risk_score_high'] -> ['income_very_high']",0.06821785464065784,0.5261660978384528,1.8421247621070231,['fpgrowth_cluster3'],"{'risk_score_high', 'burden_med', 'cluster_3_cc_intensif'} -> {'income_very_high'}",fpgrowth_cluster3,1,False
"['burden_med', 'cluster_4_bermasalah', 'credit_large'] -> ['income_very_high']",0.07390728476821191,0.5176252319109461,2.6585513611752676,['fpgrowth_cluster4'],"{'cluster_4_bermasalah', 'burden_med', 'credit_large'} -> {'income_very_high'}",fpgrowth_cluster4,1,False
"['burden_med', 'cluster_4_bermasalah', 'income_very_high'] -> ['credit_large']",0.07390728476821191,0.5764462809917356,1.8599014621741896,['fpgrowth_cluster4'],"{'cluster_4_bermasalah', 'burden_med', 'income_very_high'} -> {'credit_large'}",fpgrowth_cluster4,1,False
"['burden_med', 'credit_large', 'emp_mid'] -> ['cluster_2_ambisius', 'income_very_high']",0.05164920481194823,0.5808280828082808,1.9697641170973588,['fpgrowth_cluster2'],"{'emp_mid', 'burden_med', 'credit_large'} -> {'income_very_high', 'cluster_2_ambisius'}",fpgrowth_cluster2,1,False
"['burden_med', 'credit_large', 'emp_mid'] -> ['cluster_2_ambisius']",0.031185527220670587,0.6735374355865412,1.920545859298404,"['apriori', 'eclat', 'fpgrowth']","{'credit_large', 'burden_med', 'emp_mid'} -> {'cluster_2_ambisius'}",apriori+eclat+fpgrowth,3,True
"['burden_med', 'credit_large', 'emp_mid'] -> ['income_very_high']",0.05164920481194823,0.5808280828082808,1.9697641170973588,['fpgrowth_cluster2'],"{'emp_mid', 'burden_med', 'credit_large'} -> {'income_very_high'}",fpgrowth_cluster2,1,False
"['burden_med', 'credit_large', 'emp_senior'] -> ['cluster_2_ambisius', 'income_very_high']",0.06357502461201066,0.5804589301373867,1.9685122084752031,['fpgrowth_cluster2'],"{'credit_large', 'burden_med', 'emp_senior'} -> {'income_very_high', 'cluster_2_ambisius'}",fpgrowth_cluster2,1,False
"['burden_med', 'credit_large', 'emp_senior'] -> ['cluster_2_ambisius']",0.03841068897278635,0.653236585831583,1.8626593768593522,"['apriori', 'eclat', 'fpgrowth']","{'credit_large', 'burden_med', 'emp_senior'} -> {'cluster_2_ambisius'}",apriori+eclat+fpgrowth,3,True
"['burden_med', 'credit_large', 'emp_senior'] -> ['income_very_high']",0.042398647312424986,0.5958737548753816,2.390522135392301,"['apriori', 'eclat', 'fpgrowth', 'fpgrowth_cluster2']","{'credit_large', 'burden_med', 'emp_senior'} -> {'income_very_high'}",apriori+eclat+fpgrowth+fpgrowth_cluster2,4,True
"['burden_med', 'credit_large', 'income_very_high'] -> ['age_mid']",0.03513494547444948,0.42592214509323534,1.277978083416354,"['apriori', 'eclat', 'fpgrowth']","{'credit_large', 'burden_med', 'income_very_high'} -> {'age_mid'}",apriori+eclat+fpgrowth,3,True
"['burden_med', 'credit_large', 'income_very_high'] -> ['cluster_2_ambisius']",0.05298451951551556,0.6423029808084932,1.8314829511035766,"['apriori', 'eclat', 'fpgrowth']","{'credit_large', 'burden_med', 'income_very_high'} -> {'cluster_2_ambisius'}",apriori+eclat+fpgrowth,3,True
"['burden_med', 'credit_large', 'income_very_high'] -> ['emp_senior']",0.03533985487922976,0.4284061521709541,1.2857345476282456,"['apriori', 'eclat', 'fpgrowth']","{'credit_large', 'burden_med', 'income_very_high'} -> {'emp_senior'}",apriori+eclat+fpgrowth,3,True
"['burden_med', 'credit_large', 'income_very_high'] -> ['risk_score_high']",0.03449495445677955,0.4181638764121411,1.2544881079157177,"['apriori', 'eclat', 'fpgrowth']","{'credit_large', 'burden_med', 'income_very_high'} -> {'risk_score_high'}",apriori+eclat+fpgrowth,3,True
"['burden_med', 'credit_large', 'risk_score_high'] -> ['cluster_2_ambisius', 'income_very_high']",0.0683133369084113,0.5883772232179788,1.9953655408819266,['fpgrowth_cluster2'],"{'risk_score_high', 'burden_med', 'credit_large'} -> {'income_very_high', 'cluster_2_ambisius'}",fpgrowth_cluster2,1,False
"['burden_med', 'credit_large', 'risk_score_high'] -> ['cluster_2_ambisius']",0.040718025010175296,0.7113573950568851,2.0283868830068323,"['apriori', 'eclat', 'fpgrowth']","{'risk_score_high', 'burden_med', 'credit_large'} -> {'cluster_2_ambisius'}",apriori+eclat+fpgrowth,3,True
"['burden_med', 'credit_large', 'risk_score_high'] -> ['income_very_high']",0.042949550069687495,0.5990730229484728,2.402372273932243,"['apriori', 'eclat', 'fpgrowth', 'fpgrowth_cluster2']","{'risk_score_high', 'burden_med', 'credit_large'} -> {'income_very_high'}",apriori+eclat+fpgrowth+fpgrowth_cluster2,4,True
"['burden_med', 'credit_large', 'risk_score_med'] -> ['cluster_2_ambisius']",0.03228586265455923,0.6634748500230733,1.8918530858656624,"['apriori', 'eclat', 'fpgrowth']","{'credit_large', 'burden_med', 'risk_score_med'} -> {'cluster_2_ambisius'}",apriori+eclat+fpgrowth,3,True
"['burden_med', 'credit_large'] -> ['age_mid']",0.058211112826486645,0.40249985443394215,1.2076995724940545,"['apriori', 'eclat', 'fpgrowth']","{'credit_large', 'burden_med'} -> {'age_mid'}",apriori+eclat+fpgrowth,3,True
"['burden_med', 'credit_large'] -> ['cluster_1_veteran', 'income_very_high']",0.09007060619553464,0.6681346335325574,2.1216828522283873,['fpgrowth_cluster1'],"{'credit_large', 'burden_med'} -> {'cluster_1_veteran', 'income_very_high'}",fpgrowth_cluster1,1,False
"['burden_med', 'credit_large'] -> ['cluster_2_ambisius', 'income_very_high']",0.07750882160743842,0.4122945335135487,3.123435237475043,"['apriori', 'eclat', 'fpgrowth', 'fpgrowth_cluster2']","{'credit_large', 'burden_med'} -> {'income_very_high', 'cluster_2_ambisius'}",apriori+eclat+fpgrowth+fpgrowth_cluster2,4,True
"['burden_med', 'credit_large'] -> ['cluster_2_ambisius']",0.09631864815932407,0.665993827999146,1.8990357790108436,"['apriori', 'eclat', 'fpgrowth']","{'credit_large', 'burden_med'} -> {'cluster_2_ambisius'}",apriori+eclat+fpgrowth,3,True
"['burden_med', 'credit_large'] -> ['cluster_3_cc_intensif', 'income_very_high']",0.10730484162395369,0.5761805761805762,2.0172270908134577,['fpgrowth_cluster3'],"{'credit_large', 'burden_med'} -> {'cluster_3_cc_intensif', 'income_very_high'}",fpgrowth_cluster3,1,False
"['burden_med', 'credit_large'] -> ['cluster_4_bermasalah', 'income_very_high']",0.07390728476821191,0.5176252319109461,2.6585513611752676,['fpgrowth_cluster4'],"{'credit_large', 'burden_med'} -> {'cluster_4_bermasalah', 'income_very_high'}",fpgrowth_cluster4,1,False
"['burden_med', 'credit_large'] -> ['emp_senior']",0.05880057823749842,0.40657570405449994,1.2202169046362032,"['apriori', 'eclat', 'fpgrowth']","{'credit_large', 'burden_med'} -> {'emp_senior'}",apriori+eclat+fpgrowth,3,True
"['burden_med', 'credit_large'] -> ['income_very_high']",0.09569126884036236,0.574742105119965,2.2670902703201206,"['apriori', 'eclat', 'fpgrowth', 'fpgrowth_cluster1', 'fpgrowth_cluster2', 'fpgrowth_cluster3', 'fpgrowth_cluster4']","{'credit_large', 'burden_med'} -> {'income_very_high'}",apriori+eclat+fpgrowth+fpgrowth_cluster1+fpgrowth_cluster2+fpgrowth_cluster3+fpgrowth_cluster4,7,True
"['burden_med', 'credit_med'] -> ['income_high']",0.051426646643555875,0.3545839865296407,1.3553024281818458,"['apriori', 'eclat', 'fpgrowth']","{'burden_med', 'credit_med'} -> {'income_high'}",apriori+eclat+fpgrowth,3,True
"['burden_med', 'credit_med'] -> ['income_very_high']",0.05409608286199492,0.37298960692097777,1.5708643150920076,"['apriori', 'eclat', 'fpgrowth']","{'burden_med', 'credit_med'} -> {'income_very_high'}",apriori+eclat+fpgrowth,3,True
"['burden_med', 'emp_mid'] -> ['age_young']",0.05272627752592946,0.4594012913324203,1.377875122441753,"['apriori', 'eclat', 'fpgrowth']","{'emp_mid', 'burden_med'} -> {'age_young'}",apriori+eclat+fpgrowth,3,True
"['burden_med', 'emp_mid'] -> ['cluster_0_minimal', 'credit_med']",0.05833201205010306,0.6522471412108856,2.1461968016783906,['fpgrowth_cluster0'],"{'emp_mid', 'burden_med'} -> {'cluster_0_minimal', 'credit_med'}",fpgrowth_cluster0,1,False
"['burden_med', 'emp_mid'] -> ['cluster_1_veteran', 'income_very_high']",0.07353221805228675,0.5407765476376111,1.7172531858492224,['fpgrowth_cluster1'],"{'emp_mid', 'burden_med'} -> {'cluster_1_veteran', 'income_very_high'}",fpgrowth_cluster1,1,False
"['burden_med', 'emp_mid'] -> ['cluster_2_ambisius', 'income_very_high']",0.0614459856409928,0.5023228423738795,1.7035290465337567,['fpgrowth_cluster2'],"{'emp_mid', 'burden_med'} -> {'income_very_high', 'cluster_2_ambisius'}",fpgrowth_cluster2,1,False
"['burden_med', 'emp_mid'] -> ['credit_large']",0.04630110454590111,0.4034190960673058,1.252702653837407,"['apriori', 'eclat', 'fpgrowth']","{'emp_mid', 'burden_med'} -> {'credit_large'}",apriori+eclat+fpgrowth,3,True
"['burden_med', 'emp_mid'] -> ['credit_med']",0.0543908653583174,0.5099056025596183,1.5450277610259653,"['apriori', 'eclat', 'fpgrowth', 'fpgrowth_cluster0']","{'emp_mid', 'burden_med'} -> {'credit_med'}",apriori+eclat+fpgrowth+fpgrowth_cluster0,4,True
"['burden_med', 'emp_mid'] -> ['income_very_high']",0.05846298856535308,0.48279322959689797,1.8388511783873913,"['apriori', 'eclat', 'fpgrowth', 'fpgrowth_cluster1', 'fpgrowth_cluster2']","{'emp_mid', 'burden_med'} -> {'income_very_high'}",apriori+eclat+fpgrowth+fpgrowth_cluster1+fpgrowth_cluster2,5,True
"['burden_med', 'emp_new'] -> ['age_senior', 'cluster_1_veteran']",0.08513029281428239,0.6743365804501176,1.567845015714513,['fpgrowth_cluster1'],"{'emp_new', 'burden_med'} -> {'cluster_1_veteran', 'age_senior'}",fpgrowth_cluster1,1,False
"['burden_med', 'emp_new'] -> ['age_senior', 'cluster_2_ambisius']",0.07013822745499804,0.597219382539358,1.6570652787111606,['fpgrowth_cluster2'],"{'emp_new', 'burden_med'} -> {'age_senior', 'cluster_2_ambisius'}",fpgrowth_cluster2,1,False
"['burden_med', 'emp_new'] -> ['age_senior']",0.06294209860270453,0.5802817529835368,1.622965114645784,"['apriori', 'eclat', 'fpgrowth', 'fpgrowth_cluster1', 'fpgrowth_cluster2']","{'emp_new', 'burden_med'} -> {'age_senior'}",apriori+eclat+fpgrowth+fpgrowth_cluster1+fpgrowth_cluster2,5,True
"['burden_med', 'emp_new'] -> ['cluster_2_ambisius']",0.04118679036083704,0.42102091762072824,1.2005123060611382,"['apriori', 'eclat', 'fpgrowth']","{'emp_new', 'burden_med'} -> {'cluster_2_ambisius'}",apriori+eclat+fpgrowth,3,True
"['burden_med', 'emp_new'] -> ['credit_large']",0.0395222523192657,0.40400562394192424,1.2545239484470243,"['apriori', 'eclat', 'fpgrowth']","{'emp_new', 'burden_med'} -> {'credit_large'}",apriori+eclat+fpgrowth,3,True
"['burden_med', 'emp_new'] -> ['credit_med']",0.04282606559907931,0.4377779690683194,1.2728775147351103,"['apriori', 'eclat', 'fpgrowth']","{'emp_new', 'burden_med'} -> {'credit_med'}",apriori+eclat+fpgrowth,3,True
"['burden_med', 'emp_new'] -> ['income_very_high']",0.034677408036378435,0.3544805027115434,1.4929123004315035,"['apriori', 'eclat', 'fpgrowth']","{'emp_new', 'burden_med'} -> {'income_very_high'}",apriori+eclat+fpgrowth,3,True
"['burden_med', 'emp_senior', 'income_very_high'] -> ['credit_large']",0.03533985487922976,0.5946814038070946,1.8466130631868112,"['apriori', 'eclat', 'fpgrowth']","{'burden_med', 'income_very_high', 'emp_senior'} -> {'credit_large'}",apriori+eclat+fpgrowth,3,True
"['burden_med', 'emp_senior'] -> ['age_mid']",0.05677113303672931,0.4702504127043177,1.4109849137383075,"['apriori', 'eclat', 'fpgrowth']","{'burden_med', 'emp_senior'} -> {'age_mid'}",apriori+eclat+fpgrowth,3,True
"['burden_med', 'emp_senior'] -> ['cluster_1_veteran', 'income_very_high']",0.08434577953056421,0.5621820237422273,1.7852269583729239,['fpgrowth_cluster1'],"{'burden_med', 'emp_senior'} -> {'cluster_1_veteran', 'income_very_high'}",fpgrowth_cluster1,1,False
"['burden_med', 'emp_senior'] -> ['cluster_2_ambisius']",0.055367643962891754,0.45862493896626283,1.3077375969987433,"['apriori', 'eclat', 'fpgrowth']","{'burden_med', 'emp_senior'} -> {'cluster_2_ambisius'}",apriori+eclat+fpgrowth,3,True
"['burden_med', 'emp_senior'] -> ['cluster_3_cc_intensif', 'credit_large']",0.08265422766326191,0.5192864589366384,1.5017360149189758,['fpgrowth_cluster3'],"{'burden_med', 'emp_senior'} -> {'credit_large', 'cluster_3_cc_intensif'}",fpgrowth_cluster3,1,False
"['burden_med', 'emp_senior'] -> ['cluster_3_cc_intensif', 'income_very_high']",0.08289391201740477,0.520792308583343,1.8233109497123263,['fpgrowth_cluster3'],"{'burden_med', 'emp_senior'} -> {'cluster_3_cc_intensif', 'income_very_high'}",fpgrowth_cluster3,1,False
"['burden_med', 'emp_senior'] -> ['credit_large']",0.0647639905939393,0.49511725053131833,1.509755152280375,"['apriori', 'eclat', 'fpgrowth', 'fpgrowth_cluster3']","{'burden_med', 'emp_senior'} -> {'credit_large'}",apriori+eclat+fpgrowth+fpgrowth_cluster3,4,True
"['burden_med', 'emp_senior'] -> ['income_very_high']",0.06910385892825179,0.5119423518751445,1.9655782331686567,"['apriori', 'eclat', 'fpgrowth', 'fpgrowth_cluster1', 'fpgrowth_cluster3']","{'burden_med', 'emp_senior'} -> {'income_very_high'}",apriori+eclat+fpgrowth+fpgrowth_cluster1+fpgrowth_cluster3,5,True
"['burden_med', 'emp_senior'] -> ['risk_score_high']",0.048737561578083115,0.4037062010276919,1.211115203509165,"['apriori', 'eclat', 'fpgrowth']","{'burden_med', 'emp_senior'} -> {'risk_score_high'}",apriori+eclat+fpgrowth,3,True
"['burden_med', 'income_high'] -> ['cluster_0_minimal', 'credit_med']",0.05015855398763279,0.6511268910157456,2.142510656912121,['fpgrowth_cluster0'],"{'burden_med', 'income_high'} -> {'cluster_0_minimal', 'credit_med'}",fpgrowth_cluster0,1,False
"['burden_med', 'income_high'] -> ['credit_large']",0.04155450449818248,0.3874277040642747,1.2030459583660325,"['apriori', 'eclat', 'fpgrowth']","{'burden_med', 'income_high'} -> {'credit_large'}",apriori+eclat+fpgrowth,3,True
"['burden_med', 'income_high'] -> ['credit_med']",0.05110962347957511,0.522383669837237,1.5812015967661142,"['apriori', 'eclat', 'fpgrowth', 'fpgrowth_cluster0']","{'burden_med', 'income_high'} -> {'credit_med'}",apriori+eclat+fpgrowth+fpgrowth_cluster0,4,True
"['burden_med', 'income_very_high', 'risk_score_high'] -> ['cluster_2_ambisius']",0.030497817574490178,0.5525887498728512,1.575668967143587,"['apriori', 'eclat', 'fpgrowth']","{'risk_score_high', 'burden_med', 'income_very_high'} -> {'cluster_2_ambisius'}",apriori+eclat+fpgrowth,3,True
"['burden_med', 'income_very_high', 'risk_score_high'] -> ['credit_large']",0.03449495445677955,0.6250127148814973,1.9407982771433987,"['apriori', 'eclat', 'fpgrowth']","{'risk_score_high', 'burden_med', 'income_very_high'} -> {'credit_large'}",apriori+eclat+fpgrowth,3,True
"['burden_med', 'income_very_high'] -> ['age_mid']",0.05921039704705899,0.4040299565209063,1.2122906390893398,"['apriori', 'eclat', 'fpgrowth']","{'burden_med', 'income_very_high'} -> {'age_mid'}",apriori+eclat+fpgrowth,3,True
"['burden_med', 'income_very_high'] -> ['cluster_2_ambisius', 'credit_large']",0.05298451951551556,0.36154685973682693,1.5340432871091227,"['apriori', 'eclat', 'fpgrowth']","{'burden_med', 'income_very_high'} -> {'credit_large', 'cluster_2_ambisius'}",apriori+eclat+fpgrowth,3,True
"['burden_med', 'income_very_high'] -> ['cluster_2_ambisius']",0.0642517298002835,0.43843015572027805,1.2501535559443222,"['apriori', 'eclat', 'fpgrowth']","{'burden_med', 'income_very_high'} -> {'cluster_2_ambisius'}",apriori+eclat+fpgrowth,3,True
"['burden_med', 'income_very_high'] -> ['cluster_3_cc_intensif', 'credit_large']",0.10730484162395369,0.5629171099719509,1.6279124612454636,['fpgrowth_cluster3'],"{'burden_med', 'income_very_high'} -> {'credit_large', 'cluster_3_cc_intensif'}",fpgrowth_cluster3,1,False
"['burden_med', 'income_very_high'] -> ['cluster_4_bermasalah', 'credit_large']",0.07390728476821191,0.5764462809917356,1.8599014621741896,['fpgrowth_cluster4'],"{'burden_med', 'income_very_high'} -> {'cluster_4_bermasalah', 'credit_large'}",fpgrowth_cluster4,1,False
"['burden_med', 'income_very_high'] -> ['credit_large']",0.08573730956075898,0.5656075514904446,1.746301865698807,"['apriori', 'eclat', 'fpgrowth', 'fpgrowth_cluster3', 'fpgrowth_cluster4']","{'burden_med', 'income_very_high'} -> {'credit_large'}",apriori+eclat+fpgrowth+fpgrowth_cluster3+fpgrowth_cluster4,5,True
"['burden_med', 'income_very_high'] -> ['emp_senior']",0.05942653436442998,0.4055047980233293,1.2170028964466333,"['apriori', 'eclat', 'fpgrowth']","{'burden_med', 'income_very_high'} -> {'emp_senior'}",apriori+eclat+fpgrowth,3,True
"['burden_med', 'risk_score_high'] -> ['age_mid']",0.046171983551108055,0.401097293343087,1.20349119226444,"['apriori', 'eclat', 'fpgrowth']","{'risk_score_high', 'burden_med'} -> {'age_mid'}",apriori+eclat+fpgrowth,3,True
"['burden_med', 'risk_score_high'] -> ['age_senior']",0.047171267771680396,0.4097781029017313,1.2294240338315208,"['apriori', 'eclat', 'fpgrowth']","{'risk_score_high', 'burden_med'} -> {'age_senior'}",apriori+eclat+fpgrowth,3,True
"['burden_med', 'risk_score_high'] -> ['cluster_1_veteran', 'income_very_high']",0.06064075652524224,0.5296296296296296,1.6818557919621748,['fpgrowth_cluster1'],"{'risk_score_high', 'burden_med'} -> {'cluster_1_veteran', 'income_very_high'}",fpgrowth_cluster1,1,False
"['burden_med', 'risk_score_high'] -> ['cluster_2_ambisius', 'credit_large']",0.040718025010175296,0.35371860521823945,1.5008280040258672,"['apriori', 'eclat', 'fpgrowth']","{'risk_score_high', 'burden_med'} -> {'credit_large', 'cluster_2_ambisius'}",apriori+eclat+fpgrowth,3,True
"['burden_med', 'risk_score_high'] -> ['cluster_2_ambisius']",0.061548609844072365,0.5346744696415509,1.5245876242178238,"['apriori', 'eclat', 'fpgrowth']","{'risk_score_high', 'burden_med'} -> {'cluster_2_ambisius'}",apriori+eclat+fpgrowth,3,True
"['burden_med', 'risk_score_high'] -> ['cluster_3_cc_intensif', 'credit_large']",0.07013532947380066,0.5409556313993175,1.564401574824643,['fpgrowth_cluster3'],"{'risk_score_high', 'burden_med'} -> {'credit_large', 'cluster_3_cc_intensif'}",fpgrowth_cluster3,1,False
"['burden_med', 'risk_score_high'] -> ['cluster_3_cc_intensif', 'income_very_high']",0.06821785464065784,0.5261660978384528,1.8421247621070231,['fpgrowth_cluster3'],"{'risk_score_high', 'burden_med'} -> {'cluster_3_cc_intensif', 'income_very_high'}",fpgrowth_cluster3,1,False
"['burden_med', 'risk_score_high'] -> ['credit_large']",0.06046375615899346,0.5081723387203487,1.549138530994154,"['apriori', 'eclat', 'fpgrowth', 'fpgrowth_cluster3']","{'risk_score_high', 'burden_med'} -> {'credit_large'}",apriori+eclat+fpgrowth+fpgrowth_cluster3,4,True
"['burden_med', 'risk_score_high'] -> ['emp_senior']",0.048737561578083115,0.42338454035601075,1.270663662762254,"['apriori', 'eclat', 'fpgrowth']","{'risk_score_high', 'burden_med'} -> {'emp_senior'}",apriori+eclat+fpgrowth,3,True
"['burden_med', 'risk_score_high'] -> ['income_very_high']",0.058886204836932944,0.498825568317318,1.9163175845466422,"['apriori', 'eclat', 'fpgrowth', 'fpgrowth_cluster1', 'fpgrowth_cluster3']","{'risk_score_high', 'burden_med'} -> {'income_very_high'}",apriori+eclat+fpgrowth+fpgrowth_cluster1+fpgrowth_cluster3,5,True
"['burden_med', 'risk_score_low'] -> ['age_young', 'cluster_0_minimal']",0.06203424766132868,0.6629670422773871,1.5010799072511642,['fpgrowth_cluster0'],"{'risk_score_low', 'burden_med'} -> {'age_young', 'cluster_0_minimal'}",fpgrowth_cluster0,1,False
"['burden_med', 'risk_score_low'] -> ['age_young']",0.05550589528609188,0.5374063840597874,1.4899978808503975,"['apriori', 'eclat', 'fpgrowth', 'fpgrowth_cluster0']","{'burden_med', 'risk_score_low'} -> {'age_young'}",apriori+eclat+fpgrowth+fpgrowth_cluster0,4,True
"['burden_med', 'risk_score_low'] -> ['cluster_0_minimal', 'credit_med']",0.06452354526716347,0.6895704481911379,2.2690078605668482,['fpgrowth_cluster0'],"{'risk_score_low', 'burden_med'} -> {'cluster_0_minimal', 'credit_med'}",fpgrowth_cluster0,1,False
"['burden_med', 'risk_score_low'] -> ['credit_med']",0.0566671594919042,0.5490651908839566,1.6624602439827783,"['apriori', 'eclat', 'fpgrowth', 'fpgrowth_cluster0']","{'burden_med', 'risk_score_low'} -> {'credit_med'}",apriori+eclat+fpgrowth+fpgrowth_cluster0,4,True
"['burden_med', 'risk_score_low'] -> ['emp_mid']",0.04405832900590869,0.40940034951355014,1.2279184158474967,"['apriori', 'eclat', 'fpgrowth']","{'burden_med', 'risk_score_low'} -> {'emp_mid'}",apriori+eclat+fpgrowth,3,True
"['burden_med', 'risk_score_low'] -> ['income_very_high']",0.043289216993445706,0.40225357990557925,1.6941109954990201,"['apriori', 'eclat', 'fpgrowth']","{'burden_med', 'risk_score_low'} -> {'income_very_high'}",apriori+eclat+fpgrowth,3,True
"['burden_med', 'risk_score_med'] -> ['cluster_1_veteran', 'income_very_high']",0.07145431800351972,0.5228048402109836,1.6601834553508363,['fpgrowth_cluster1'],"{'burden_med', 'risk_score_med'} -> {'cluster_1_veteran', 'income_very_high'}",fpgrowth_cluster1,1,False
"['burden_med', 'risk_score_med'] -> ['cluster_2_ambisius']",0.04670530939916632,0.42232036346100155,1.204217586860781,"['apriori', 'eclat', 'fpgrowth']","{'burden_med', 'risk_score_med'} -> {'cluster_2_ambisius'}",apriori+eclat+fpgrowth,3,True
"['burden_med', 'risk_score_med'] -> ['credit_large']",0.04866177316809589,0.44001116779613697,1.3663288698766891,"['apriori', 'eclat', 'fpgrowth']","{'burden_med', 'risk_score_med'} -> {'credit_large'}",apriori+eclat+fpgrowth,3,True
"['burden_med', 'risk_score_med'] -> ['credit_med']",0.04747442141162931,0.4292748546917435,1.2481539702447404,"['apriori', 'eclat', 'fpgrowth']","{'burden_med', 'risk_score_med'} -> {'credit_med'}",apriori+eclat+fpgrowth,3,True
"['burden_med', 'risk_score_med'] -> ['income_very_high']",0.053915705085082255,0.4566929864937723,1.7879764740280137,"['apriori', 'eclat', 'fpgrowth', 'fpgrowth_cluster1']","{'burden_med', 'risk_score_med'} -> {'income_very_high'}",apriori+eclat+fpgrowth+fpgrowth_cluster1,4,True
"['burden_med'] -> ['cluster_0_minimal', 'credit_med']",0.12709687648644363,0.5992822966507177,1.9719178009526943,['fpgrowth_cluster0'],"{'burden_med'} -> {'cluster_0_minimal', 'credit_med'}",fpgrowth_cluster0,1,False
"['burden_med'] -> ['cluster_1_veteran', 'income_very_high']",0.21107647944363167,0.5120094635601502,1.6259023922628175,['fpgrowth_cluster1'],"{'burden_med'} -> {'cluster_1_veteran', 'income_very_high'}",fpgrowth_cluster1,1,False
['burden_med'] -> ['credit_large'],0.14462393510266522,0.433885202277091,1.3473064355451594,"['apriori', 'eclat', 'fpgrowth']",{'burden_med'} -> {'credit_large'},apriori+eclat+fpgrowth,3,True
['burden_med'] -> ['credit_med'],0.14054953455578023,0.47615659666411103,1.4418298142119221,"['apriori', 'eclat', 'fpgrowth', 'fpgrowth_cluster0']",{'burden_med'} -> {'credit_med'},apriori+eclat+fpgrowth+fpgrowth_cluster0,4,True
['burden_med'] -> ['income_very_high'],0.1626812614448857,0.45774897214866933,1.7952198611307104,"['apriori', 'eclat', 'fpgrowth', 'fpgrowth_cluster1']",{'burden_med'} -> {'income_very_high'},apriori+eclat+fpgrowth+fpgrowth_cluster1,4,True
"['cluster_0_minimal', 'credit_med', 'income_high'] -> ['burden_med']",0.05015855398763279,0.5141812271434376,2.424447517638802,['fpgrowth_cluster0'],"{'cluster_0_minimal', 'income_high', 'credit_med'} -> {'burden_med'}",fpgrowth_cluster0,1,False
"['cluster_0_minimal', 'credit_med', 'risk_score_low'] -> ['age_young']",0.032311125457888314,0.631500987491771,1.894051054881974,"['apriori', 'eclat', 'fpgrowth']","{'risk_score_low', 'cluster_0_minimal', 'credit_med'} -> {'age_young'}",apriori+eclat+fpgrowth,3,True
"['cluster_0_minimal', 'credit_med'] -> ['age_young']",0.0537367896590925,0.4993869831746445,1.4978035838599346,"['apriori', 'eclat', 'fpgrowth']","{'cluster_0_minimal', 'credit_med'} -> {'age_young'}",apriori+eclat+fpgrowth,3,True
"['cluster_0_minimal', 'credit_med'] -> ['burden_low']",0.04380289399447026,0.40706925785835396,1.2211734955018978,"['apriori', 'eclat', 'fpgrowth']","{'cluster_0_minimal', 'credit_med'} -> {'burden_low'}",apriori+eclat+fpgrowth,3,True
"['cluster_0_minimal', 'credit_med'] -> ['burden_med']",0.04500147366352753,0.41820790400417374,1.254662451923459,"['apriori', 'eclat', 'fpgrowth']","{'cluster_0_minimal', 'credit_med'} -> {'burden_med'}",apriori+eclat+fpgrowth,3,True
"['cluster_0_minimal', 'credit_med'] -> ['emp_mid']",0.04506603416092406,0.41880787791835133,1.2561345065020102,"['apriori', 'eclat', 'fpgrowth']","{'cluster_0_minimal', 'credit_med'} -> {'emp_mid'}",apriori+eclat+fpgrowth,3,True
"['cluster_0_minimal', 'credit_med'] -> ['risk_score_low']",0.05116559767582209,0.4754923698969609,1.4264731056120474,"['apriori', 'eclat', 'fpgrowth']","{'cluster_0_minimal', 'credit_med'} -> {'risk_score_low'}",apriori+eclat+fpgrowth,3,True
"['cluster_0_minimal', 'credit_small', 'emp_mid', 'income_low'] -> ['burden_high']",0.06839226256540352,0.5728039306818936,2.0194384364072238,['fpgrowth_cluster0'],"{'emp_mid', 'income_low', 'credit_small', 'cluster_0_minimal'} -> {'burden_high'}",fpgrowth_cluster0,1,False
"['cluster_0_minimal', 'credit_small', 'emp_mid', 'risk_score_low'] -> ['age_young']",0.08117964166798795,0.7418677099181338,1.6797256004931413,['fpgrowth_cluster0'],"{'emp_mid', 'risk_score_low', 'credit_small', 'cluster_0_minimal'} -> {'age_young'}",fpgrowth_cluster0,1,False
"['cluster_0_minimal', 'credit_small', 'emp_mid'] -> ['age_young', 'burden_low']",0.031168685351784537,0.3621184450821811,3.02796635729967,"['apriori', 'eclat', 'fpgrowth']","{'emp_mid', 'credit_small', 'cluster_0_minimal'} -> {'burden_low', 'age_young'}",apriori+eclat+fpgrowth,3,True
"['cluster_0_minimal', 'credit_small', 'emp_mid'] -> ['age_young']",0.05176067704312922,0.6013566397078007,1.8036395830872418,"['apriori', 'eclat', 'fpgrowth']","{'emp_mid', 'credit_small', 'cluster_0_minimal'} -> {'age_young'}",apriori+eclat+fpgrowth,3,True
"['cluster_0_minimal', 'credit_small', 'emp_mid'] -> ['burden_low']",0.0507024462814557,0.589062092355857,1.7671366739272945,"['apriori', 'eclat', 'fpgrowth']","{'emp_mid', 'credit_small', 'cluster_0_minimal'} -> {'burden_low'}",apriori+eclat+fpgrowth,3,True
"['cluster_0_minimal', 'credit_small', 'emp_mid'] -> ['income_low']",0.04227589788213499,0.49116227498043313,1.5344594658840354,"['apriori', 'eclat', 'fpgrowth']","{'emp_mid', 'credit_small', 'cluster_0_minimal'} -> {'income_low'}",apriori+eclat+fpgrowth,3,True
"['cluster_0_minimal', 'credit_small', 'emp_mid'] -> ['risk_score_low']",0.03874471937235969,0.4501369684320376,1.3504071147328514,"['apriori', 'eclat', 'fpgrowth']","{'emp_mid', 'credit_small', 'cluster_0_minimal'} -> {'risk_score_low'}",apriori+eclat+fpgrowth,3,True
"['cluster_0_minimal', 'credit_small', 'emp_new', 'income_low'] -> ['age_senior']",0.055233859376630064,0.6391109009222039,2.011225174161554,"['apriori', 'eclat', 'fpgrowth', 'fpgrowth_cluster0']","{'emp_new', 'income_low', 'credit_small', 'cluster_0_minimal'} -> {'age_senior'}",apriori+eclat+fpgrowth+fpgrowth_cluster0,4,True
"['cluster_0_minimal', 'credit_small', 'emp_new', 'income_low'] -> ['burden_high']",0.05494367112624225,0.6357531331283991,1.9907824961784093,"['apriori', 'eclat', 'fpgrowth', 'fpgrowth_cluster0']","{'emp_new', 'income_low', 'credit_small', 'cluster_0_minimal'} -> {'burden_high'}",apriori+eclat+fpgrowth+fpgrowth_cluster0,4,True
"['cluster_0_minimal', 'credit_small', 'emp_new', 'risk_score_high'] -> ['age_senior']",0.06193118756936737,0.7449933244325768,2.672281690949361,['fpgrowth_cluster0'],"{'risk_score_high', 'emp_new', 'credit_small', 'cluster_0_minimal'} -> {'age_senior'}",fpgrowth_cluster0,1,False
"['cluster_0_minimal', 'credit_small', 'emp_new', 'risk_score_med'] -> ['age_senior']",0.053741874108133816,0.5952757288373726,2.135246557343632,['fpgrowth_cluster0'],"{'emp_new', 'risk_score_med', 'credit_small', 'cluster_0_minimal'} -> {'age_senior'}",fpgrowth_cluster0,1,False
"['cluster_0_minimal', 'credit_small', 'emp_new'] -> ['age_senior', 'income_low']",0.03793350268768158,0.40299397626289735,3.1443662588654697,"['apriori', 'eclat', 'fpgrowth']","{'emp_new', 'credit_small', 'cluster_0_minimal'} -> {'age_senior', 'income_low'}",apriori+eclat+fpgrowth,3,True
"['cluster_0_minimal', 'credit_small', 'emp_new'] -> ['age_senior']",0.07692849646196026,0.5612810878511362,1.7663016732121102,"['apriori', 'eclat', 'fpgrowth', 'fpgrowth_cluster0']","{'emp_new', 'credit_small', 'cluster_0_minimal'} -> {'age_senior'}",apriori+eclat+fpgrowth+fpgrowth_cluster0,4,True
"['cluster_0_minimal', 'credit_small', 'emp_new'] -> ['burden_high', 'income_low']",0.03773420723919664,0.4008767221327607,2.482302967747322,"['apriori', 'eclat', 'fpgrowth']","{'emp_new', 'credit_small', 'cluster_0_minimal'} -> {'income_low', 'burden_high'}",apriori+eclat+fpgrowth,3,True
"['cluster_0_minimal', 'credit_small', 'emp_new'] -> ['burden_high']",0.038059816704326954,0.404335897894674,1.2130042888074903,"['apriori', 'eclat', 'fpgrowth']","{'emp_new', 'credit_small', 'cluster_0_minimal'} -> {'burden_high'}",apriori+eclat+fpgrowth,3,True
"['cluster_0_minimal', 'credit_small', 'emp_new'] -> ['burden_low']",0.04555444835861953,0.48395658138009184,1.451828991617739,"['apriori', 'eclat', 'fpgrowth']","{'emp_new', 'credit_small', 'cluster_0_minimal'} -> {'burden_low'}",apriori+eclat+fpgrowth,3,True
"['cluster_0_minimal', 'credit_small', 'emp_new'] -> ['income_low']",0.05935355293259042,0.6305540645315202,1.969938862080948,"['apriori', 'eclat', 'fpgrowth']","{'emp_new', 'credit_small', 'cluster_0_minimal'} -> {'income_low'}",apriori+eclat+fpgrowth,3,True
"['cluster_0_minimal', 'credit_small', 'emp_senior', 'income_low'] -> ['burden_high']",0.05247344220707151,0.5866867576670802,2.068382783535747,['fpgrowth_cluster0'],"{'cluster_0_minimal', 'income_low', 'credit_small', 'emp_senior'} -> {'burden_high'}",fpgrowth_cluster0,1,False
"['cluster_0_minimal', 'credit_small', 'emp_senior'] -> ['burden_low']",0.038407881994638675,0.5859204384875605,1.7577119768715914,"['apriori', 'eclat', 'fpgrowth']","{'emp_senior', 'credit_small', 'cluster_0_minimal'} -> {'burden_low'}",apriori+eclat+fpgrowth,3,True
"['cluster_0_minimal', 'credit_small', 'emp_senior'] -> ['income_low']",0.03166832746207071,0.4831070954481224,1.5092939612995435,"['apriori', 'eclat', 'fpgrowth']","{'cluster_0_minimal', 'credit_small', 'emp_senior'} -> {'income_low'}",apriori+eclat+fpgrowth,3,True
"['cluster_0_minimal', 'credit_small', 'income_high'] -> ['burden_low']",0.05156767824144898,0.7888583218707015,2.165968312449729,"['apriori', 'eclat', 'fpgrowth', 'fpgrowth_cluster0']","{'credit_small', 'cluster_0_minimal', 'income_high'} -> {'burden_low'}",apriori+eclat+fpgrowth+fpgrowth_cluster0,4,True
"['cluster_0_minimal', 'credit_small', 'income_low', 'risk_score_high'] -> ['age_senior']",0.058030759473600764,0.5309734513274337,1.9045950961281488,['fpgrowth_cluster0'],"{'risk_score_high', 'income_low', 'credit_small', 'cluster_0_minimal'} -> {'age_senior'}",fpgrowth_cluster0,1,False
"['cluster_0_minimal', 'credit_small', 'income_low', 'risk_score_high'] -> ['burden_high']",0.06618043443792611,0.6055418540548382,2.1348570242454312,['fpgrowth_cluster0'],"{'risk_score_high', 'income_low', 'credit_small', 'cluster_0_minimal'} -> {'burden_high'}",fpgrowth_cluster0,1,False
"['cluster_0_minimal', 'credit_small', 'income_low', 'risk_score_low'] -> ['burden_high']",0.08335183129855715,0.6000114135707355,2.1153592808019392,['fpgrowth_cluster0'],"{'risk_score_low', 'income_low', 'credit_small', 'cluster_0_minimal'} -> {'burden_high'}",fpgrowth_cluster0,1,False
"['cluster_0_minimal', 'credit_small', 'income_low', 'risk_score_med'] -> ['burden_high']",0.07790550182337086,0.6073922986587552,2.141380825423164,['fpgrowth_cluster0'],"{'income_low', 'credit_small', 'cluster_0_minimal', 'risk_score_med'} -> {'burden_high'}",fpgrowth_cluster0,1,False
"['cluster_0_minimal', 'credit_small', 'income_low'] -> ['burden_high']",0.11725648894895219,0.6041315700808626,1.8917634730128188,"['apriori', 'eclat', 'fpgrowth', 'fpgrowth_cluster0']","{'income_low', 'credit_small', 'cluster_0_minimal'} -> {'burden_high'}",apriori+eclat+fpgrowth+fpgrowth_cluster0,4,True
"['cluster_0_minimal', 'credit_small', 'income_low'] -> ['emp_new']",0.05935355293259042,0.44527038409703507,1.3355824662924698,"['apriori', 'eclat', 'fpgrowth']","{'income_low', 'credit_small', 'cluster_0_minimal'} -> {'emp_new'}",apriori+eclat+fpgrowth,3,True
"['cluster_0_minimal', 'credit_small', 'income_med'] -> ['burden_low']",0.05630060773368943,0.8424561188918109,2.3131317849596424,"['apriori', 'eclat', 'fpgrowth', 'fpgrowth_cluster0']","{'credit_small', 'cluster_0_minimal', 'income_med'} -> {'burden_low'}",apriori+eclat+fpgrowth+fpgrowth_cluster0,4,True
"['cluster_0_minimal', 'credit_small', 'risk_score_high'] -> ['age_senior']",0.032970765322591966,0.45209961125437825,1.3563978256185925,"['apriori', 'eclat', 'fpgrowth']","{'risk_score_high', 'credit_small', 'cluster_0_minimal'} -> {'age_senior'}",apriori+eclat+fpgrowth,3,True
"['cluster_0_minimal', 'credit_small', 'risk_score_high'] -> ['burden_low']",0.039235940548202834,0.5380085447057465,1.6139803300420674,"['apriori', 'eclat', 'fpgrowth']","{'risk_score_high', 'credit_small', 'cluster_0_minimal'} -> {'burden_low'}",apriori+eclat+fpgrowth,3,True
"['cluster_0_minimal', 'credit_small', 'risk_score_high'] -> ['income_low']",0.03869700074384921,0.5306185289249836,1.6577263074914284,"['apriori', 'eclat', 'fpgrowth']","{'risk_score_high', 'credit_small', 'cluster_0_minimal'} -> {'income_low'}",apriori+eclat+fpgrowth,3,True
"['cluster_0_minimal', 'credit_small', 'risk_score_low'] -> ['age_young', 'burden_low']",0.03262550701042792,0.3609515232446197,3.018208776282408,"['apriori', 'eclat', 'fpgrowth']","{'risk_score_low', 'credit_small', 'cluster_0_minimal'} -> {'burden_low', 'age_young'}",apriori+eclat+fpgrowth,3,True
"['cluster_0_minimal', 'credit_small', 'risk_score_low'] -> ['age_young']",0.05446099002119268,0.6025278718052235,1.807152441235645,"['apriori', 'eclat', 'fpgrowth']","{'risk_score_low', 'credit_small', 'cluster_0_minimal'} -> {'age_young'}",apriori+eclat+fpgrowth,3,True
"['cluster_0_minimal', 'credit_small', 'risk_score_low'] -> ['burden_low']",0.05072770908478477,0.5612248066830222,1.6836271610025688,"['apriori', 'eclat', 'fpgrowth']","{'risk_score_low', 'credit_small', 'cluster_0_minimal'} -> {'burden_low'}",apriori+eclat+fpgrowth,3,True
"['cluster_0_minimal', 'credit_small', 'risk_score_low'] -> ['emp_mid']",0.03874471937235969,0.4286512841216112,1.2856579296402948,"['apriori', 'eclat', 'fpgrowth']","{'risk_score_low', 'credit_small', 'cluster_0_minimal'} -> {'emp_mid'}",apriori+eclat+fpgrowth,3,True
"['cluster_0_minimal', 'credit_small', 'risk_score_low'] -> ['income_low']",0.04918667808171114,0.5441756467190461,1.7000806347451507,"['apriori', 'eclat', 'fpgrowth']","{'risk_score_low', 'credit_small', 'cluster_0_minimal'} -> {'income_low'}",apriori+eclat+fpgrowth,3,True
"['cluster_0_minimal', 'credit_small', 'risk_score_med'] -> ['burden_low']",0.04470112700172629,0.5422384146549082,1.626669583704975,"['apriori', 'eclat', 'fpgrowth']","{'risk_score_med', 'credit_small', 'cluster_0_minimal'} -> {'burden_low'}",apriori+eclat+fpgrowth,3,True
"['cluster_0_minimal', 'credit_small', 'risk_score_med'] -> ['income_low']",0.04541409945123578,0.550886989682999,1.7210478064202188,"['apriori', 'eclat', 'fpgrowth']","{'risk_score_med', 'credit_small', 'cluster_0_minimal'} -> {'income_low'}",apriori+eclat+fpgrowth,3,True
"['cluster_0_minimal', 'credit_small'] -> ['age_young']",0.10207295336205807,0.4153464837637491,1.2457422257387982,"['apriori', 'eclat', 'fpgrowth']","{'credit_small', 'cluster_0_minimal'} -> {'age_young'}",apriori+eclat+fpgrowth,3,True
"['cluster_0_minimal', 'credit_small'] -> ['burden_low']",0.1346647766347139,0.5479663281972793,1.6438528420017828,"['apriori', 'eclat', 'fpgrowth']","{'credit_small', 'cluster_0_minimal'} -> {'burden_low'}",apriori+eclat+fpgrowth,3,True
"['cluster_0_minimal', 'credit_small'] -> ['income_low']",0.13329777827679612,0.5424038560381949,1.6945453134872108,"['apriori', 'eclat', 'fpgrowth']","{'credit_small', 'cluster_0_minimal'} -> {'income_low'}",apriori+eclat+fpgrowth,3,True
"['cluster_0_minimal', 'emp_mid', 'income_low', 'risk_score_low'] -> ['age_young']",0.05164103377199936,0.7260365581810075,1.643880947190901,['fpgrowth_cluster0'],"{'emp_mid', 'risk_score_low', 'income_low', 'cluster_0_minimal'} -> {'age_young'}",fpgrowth_cluster0,1,False
"['cluster_0_minimal', 'emp_mid', 'income_low'] -> ['age_young']",0.030972196881447273,0.5931939143056825,1.779157248198105,"['apriori', 'eclat', 'fpgrowth']","{'emp_mid', 'income_low', 'cluster_0_minimal'} -> {'age_young'}",apriori+eclat+fpgrowth,3,True
"['cluster_0_minimal', 'emp_mid', 'income_low'] -> ['burden_high']",0.0802441731409545,0.5441642922423526,1.9184684821669236,['fpgrowth_cluster0'],"{'emp_mid', 'income_low', 'cluster_0_minimal'} -> {'burden_high'}",fpgrowth_cluster0,1,False
"['cluster_0_minimal', 'emp_mid', 'income_low'] -> ['credit_small']",0.04227589788213499,0.8096876512015484,2.423973531136777,"['apriori', 'eclat', 'fpgrowth']","{'emp_mid', 'income_low', 'cluster_0_minimal'} -> {'credit_small'}",apriori+eclat+fpgrowth,3,True
"['cluster_0_minimal', 'emp_mid', 'risk_score_low'] -> ['age_young']",0.06692313256126539,0.7344247589145548,2.0677798829745875,"['apriori', 'eclat', 'fpgrowth', 'fpgrowth_cluster0']","{'emp_mid', 'risk_score_low', 'cluster_0_minimal'} -> {'age_young'}",apriori+eclat+fpgrowth+fpgrowth_cluster0,4,True
"['cluster_0_minimal', 'emp_mid', 'risk_score_low'] -> ['burden_low']",0.03021711975972267,0.4828436869253195,1.4484904019669045,"['apriori', 'eclat', 'fpgrowth']","{'emp_mid', 'risk_score_low', 'cluster_0_minimal'} -> {'burden_low'}",apriori+eclat+fpgrowth,3,True
"['cluster_0_minimal', 'emp_mid', 'risk_score_low'] -> ['credit_small']",0.03874471937235969,0.6191074231890559,1.8534307698945145,"['apriori', 'eclat', 'fpgrowth']","{'emp_mid', 'risk_score_low', 'cluster_0_minimal'} -> {'credit_small'}",apriori+eclat+fpgrowth,3,True
"['cluster_0_minimal', 'emp_mid'] -> ['age_young', 'credit_small']",0.05176067704312922,0.3934622114112576,3.0613453334130685,"['apriori', 'eclat', 'fpgrowth']","{'emp_mid', 'cluster_0_minimal'} -> {'age_young', 'credit_small'}",apriori+eclat+fpgrowth,3,True
"['cluster_0_minimal', 'emp_mid'] -> ['age_young']",0.07974905615359784,0.6062177271369436,1.8182193667382711,"['apriori', 'eclat', 'fpgrowth']","{'emp_mid', 'cluster_0_minimal'} -> {'age_young'}",apriori+eclat+fpgrowth,3,True
"['cluster_0_minimal', 'emp_mid'] -> ['burden_low', 'credit_small']",0.0507024462814557,0.38541800025604916,2.023984222895324,"['apriori', 'eclat', 'fpgrowth']","{'emp_mid', 'cluster_0_minimal'} -> {'burden_low', 'credit_small'}",apriori+eclat+fpgrowth,3,True
"['cluster_0_minimal', 'emp_mid'] -> ['burden_low']",0.06700818234130047,0.5093671318226433,1.5280585031996612,"['apriori', 'eclat', 'fpgrowth']","{'emp_mid', 'cluster_0_minimal'} -> {'burden_low'}",apriori+eclat+fpgrowth,3,True
"['cluster_0_minimal', 'emp_mid'] -> ['credit_small']",0.08607317792030988,0.654290957197115,1.9587602201347736,"['apriori', 'eclat', 'fpgrowth']","{'emp_mid', 'cluster_0_minimal'} -> {'credit_small'}",apriori+eclat+fpgrowth,3,True
"['cluster_0_minimal', 'emp_mid'] -> ['income_low']",0.052212600524904916,0.3968975376605641,1.239963276238144,"['apriori', 'eclat', 'fpgrowth']","{'emp_mid', 'cluster_0_minimal'} -> {'income_low'}",apriori+eclat+fpgrowth,3,True
"['cluster_0_minimal', 'emp_mid'] -> ['risk_score_low']",0.06258157780241681,0.4757180045235352,1.427150007591721,"['apriori', 'eclat', 'fpgrowth']","{'emp_mid', 'cluster_0_minimal'} -> {'risk_score_low'}",apriori+eclat+fpgrowth,3,True
"['cluster_0_minimal', 'emp_new', 'income_low'] -> ['age_senior', 'credit_small']",0.055233859376630064,0.5497518509478481,4.302592208678239,"['apriori', 'eclat', 'fpgrowth', 'fpgrowth_cluster0']","{'emp_new', 'income_low', 'cluster_0_minimal'} -> {'age_senior', 'credit_small'}",apriori+eclat+fpgrowth+fpgrowth_cluster0,4,True
"['cluster_0_minimal', 'emp_new', 'income_low'] -> ['age_senior']",0.061405468645441025,0.6111789113985844,1.9233256869000177,"['apriori', 'eclat', 'fpgrowth', 'fpgrowth_cluster0']","{'emp_new', 'income_low', 'cluster_0_minimal'} -> {'age_senior'}",apriori+eclat+fpgrowth+fpgrowth_cluster0,4,True
"['cluster_0_minimal', 'emp_new', 'income_low'] -> ['burden_high', 'credit_small']",0.05494367112624225,0.5468635587014888,4.697134421728336,"['apriori', 'eclat', 'fpgrowth', 'fpgrowth_cluster0']","{'emp_new', 'income_low', 'cluster_0_minimal'} -> {'burden_high', 'credit_small'}",apriori+eclat+fpgrowth+fpgrowth_cluster0,4,True
"['cluster_0_minimal', 'emp_new', 'income_low'] -> ['burden_high']",0.061536257716038344,0.6124806769180702,1.9179076709477105,"['apriori', 'eclat', 'fpgrowth', 'fpgrowth_cluster0']","{'emp_new', 'income_low', 'cluster_0_minimal'} -> {'burden_high'}",apriori+eclat+fpgrowth+fpgrowth_cluster0,4,True
"['cluster_0_minimal', 'emp_new', 'income_low'] -> ['credit_small']",0.05935355293259042,0.8601822471727281,2.575139927114228,"['apriori', 'eclat', 'fpgrowth']","{'emp_new', 'income_low', 'cluster_0_minimal'} -> {'credit_small'}",apriori+eclat+fpgrowth,3,True
"['cluster_0_minimal', 'emp_new', 'income_med'] -> ['burden_low']",0.05033296337402886,0.7569146399618503,1.501001630033294,['fpgrowth_cluster0'],"{'emp_new', 'cluster_0_minimal', 'income_med'} -> {'burden_low'}",fpgrowth_cluster0,1,False
"['cluster_0_minimal', 'emp_new', 'risk_score_high'] -> ['age_senior', 'credit_small']",0.06193118756936737,0.6070873484612994,2.7832375566950756,['fpgrowth_cluster0'],"{'risk_score_high', 'emp_new', 'cluster_0_minimal'} -> {'age_senior', 'credit_small'}",fpgrowth_cluster0,1,False
"['cluster_0_minimal', 'emp_new', 'risk_score_high'] -> ['age_senior']",0.07218963056920881,0.7076468759714019,2.5383204497250933,['fpgrowth_cluster0'],"{'risk_score_high', 'emp_new', 'cluster_0_minimal'} -> {'age_senior'}",fpgrowth_cluster0,1,False
"['cluster_0_minimal', 'emp_new', 'risk_score_low'] -> ['credit_small']",0.0327293652018919,0.6622742246961263,1.9826598425149242,"['apriori', 'eclat', 'fpgrowth']","{'emp_new', 'risk_score_low', 'cluster_0_minimal'} -> {'credit_small'}",apriori+eclat+fpgrowth,3,True
"['cluster_0_minimal', 'emp_new', 'risk_score_med'] -> ['age_senior']",0.0669811320754717,0.5509618519726117,1.9762932380090212,['fpgrowth_cluster0'],"{'emp_new', 'risk_score_med', 'cluster_0_minimal'} -> {'age_senior'}",fpgrowth_cluster0,1,False
"['cluster_0_minimal', 'emp_new', 'risk_score_med'] -> ['credit_small']",0.03196586714572427,0.7426149331594392,2.2231769734096014,"['apriori', 'eclat', 'fpgrowth']","{'emp_new', 'risk_score_med', 'cluster_0_minimal'} -> {'credit_small'}",apriori+eclat+fpgrowth,3,True
"['cluster_0_minimal', 'emp_new'] -> ['age_senior', 'credit_small']",0.05283294269554112,0.4108799580868389,3.6597254661156278,"['apriori', 'eclat', 'fpgrowth']","{'emp_new', 'cluster_0_minimal'} -> {'age_senior', 'credit_small'}",apriori+eclat+fpgrowth,3,True
"['cluster_0_minimal', 'emp_new'] -> ['age_senior']",0.09493651661982855,0.5070619310615817,1.5956788080730315,"['apriori', 'eclat', 'fpgrowth', 'fpgrowth_cluster0']","{'emp_new', 'cluster_0_minimal'} -> {'age_senior'}",apriori+eclat+fpgrowth+fpgrowth_cluster0,4,True
"['cluster_0_minimal', 'emp_new'] -> ['burden_low', 'credit_small']",0.04555444835861953,0.3542753607369731,1.8604417547074048,"['apriori', 'eclat', 'fpgrowth']","{'emp_new', 'cluster_0_minimal'} -> {'burden_low', 'credit_small'}",apriori+eclat+fpgrowth,3,True
"['cluster_0_minimal', 'emp_new'] -> ['burden_low']",0.059914948562125446,0.46595647143574404,1.3978301775196076,"['apriori', 'eclat', 'fpgrowth']","{'emp_new', 'cluster_0_minimal'} -> {'burden_low'}",apriori+eclat+fpgrowth,3,True
"['cluster_0_minimal', 'emp_new'] -> ['credit_small', 'income_low']",0.05935355293259042,0.46159051714728544,2.7387237640114943,"['apriori', 'eclat', 'fpgrowth']","{'emp_new', 'cluster_0_minimal'} -> {'income_low', 'credit_small'}",apriori+eclat+fpgrowth,3,True
"['cluster_0_minimal', 'emp_new'] -> ['credit_small']",0.09412920520413749,0.7320395555458535,2.1915173138123882,"['apriori', 'eclat', 'fpgrowth']","{'emp_new', 'cluster_0_minimal'} -> {'credit_small'}",apriori+eclat+fpgrowth,3,True
"['cluster_0_minimal', 'emp_new'] -> ['income_low']",0.0690011368261498,0.5366194415944464,1.6764739958190134,"['apriori', 'eclat', 'fpgrowth']","{'emp_new', 'cluster_0_minimal'} -> {'income_low'}",apriori+eclat+fpgrowth,3,True
"['cluster_0_minimal', 'emp_senior', 'income_low'] -> ['burden_high']",0.05889487870619946,0.5565627809409649,1.9621797475584368,['fpgrowth_cluster0'],"{'cluster_0_minimal', 'income_low', 'emp_senior'} -> {'burden_high'}",fpgrowth_cluster0,1,False
"['cluster_0_minimal', 'emp_senior', 'income_low'] -> ['credit_small']",0.03166832746207071,0.8452202577165119,2.5303480047461444,"['apriori', 'eclat', 'fpgrowth']","{'cluster_0_minimal', 'income_low', 'emp_senior'} -> {'credit_small'}",apriori+eclat+fpgrowth,3,True
"['cluster_0_minimal', 'emp_senior'] -> ['age_mid']",0.04095381117458,0.43597788734498727,1.3081503070451812,"['apriori', 'eclat', 'fpgrowth']","{'cluster_0_minimal', 'emp_senior'} -> {'age_mid'}",apriori+eclat+fpgrowth,3,True
"['cluster_0_minimal', 'emp_senior'] -> ['burden_low', 'credit_small']",0.038407881994638675,0.40887494397131335,2.1471660254201095,"['apriori', 'eclat', 'fpgrowth']","{'emp_senior', 'cluster_0_minimal'} -> {'burden_low', 'credit_small'}",apriori+eclat+fpgrowth,3,True
"['cluster_0_minimal', 'emp_senior'] -> ['burden_low']",0.05162594209204082,0.5495891229642911,1.6487210896521705,"['apriori', 'eclat', 'fpgrowth']","{'emp_senior', 'cluster_0_minimal'} -> {'burden_low'}",apriori+eclat+fpgrowth,3,True
"['cluster_0_minimal', 'emp_senior'] -> ['credit_small']",0.06555136068265709,0.6978335574480802,2.0891143268431844,"['apriori', 'eclat', 'fpgrowth']","{'cluster_0_minimal', 'emp_senior'} -> {'credit_small'}",apriori+eclat+fpgrowth,3,True
"['cluster_0_minimal', 'emp_senior'] -> ['income_low']",0.03746754431516751,0.39886448528313173,1.2461082950070776,"['apriori', 'eclat', 'fpgrowth']","{'cluster_0_minimal', 'emp_senior'} -> {'income_low'}",apriori+eclat+fpgrowth,3,True
"['cluster_0_minimal', 'income_high'] -> ['age_young']",0.0395334802318564,0.49654491609081947,1.489279416416357,"['apriori', 'eclat', 'fpgrowth']","{'cluster_0_minimal', 'income_high'} -> {'age_young'}",apriori+eclat+fpgrowth,3,True
"['cluster_0_minimal', 'income_high'] -> ['burden_low', 'credit_small']",0.035415643289216994,0.4448244253278804,2.335951144533963,"['apriori', 'eclat', 'fpgrowth']","{'cluster_0_minimal', 'income_high'} -> {'burden_low', 'credit_small'}",apriori+eclat+fpgrowth,3,True
"['cluster_0_minimal', 'income_high'] -> ['burden_low']",0.04880212207547965,0.6129600902552531,1.838828655247233,"['apriori', 'eclat', 'fpgrowth']","{'cluster_0_minimal', 'income_high'} -> {'burden_low'}",apriori+eclat+fpgrowth,3,True
"['cluster_0_minimal', 'income_high'] -> ['credit_med']",0.03453986610714235,0.43382456635171335,1.2613826525441918,"['apriori', 'eclat', 'fpgrowth']","{'cluster_0_minimal', 'income_high'} -> {'credit_med'}",apriori+eclat+fpgrowth,3,True
"['cluster_0_minimal', 'income_high'] -> ['credit_small']",0.04489480849391588,0.5638837963615851,1.6881070064352108,"['apriori', 'eclat', 'fpgrowth']","{'cluster_0_minimal', 'income_high'} -> {'credit_small'}",apriori+eclat+fpgrowth,3,True
"['cluster_0_minimal', 'income_high'] -> ['emp_mid']",0.03283603037150356,0.4124241996897476,1.2369878788377662,"['apriori', 'eclat', 'fpgrowth']","{'cluster_0_minimal', 'income_high'} -> {'emp_mid'}",apriori+eclat+fpgrowth,3,True
"['cluster_0_minimal', 'income_high'] -> ['risk_score_low']",0.03320655148699667,0.41707798617966435,1.2512304463624724,"['apriori', 'eclat', 'fpgrowth']","{'cluster_0_minimal', 'income_high'} -> {'risk_score_low'}",apriori+eclat+fpgrowth,3,True
"['cluster_0_minimal', 'income_low', 'risk_score_high'] -> ['age_senior']",0.06312034247661329,0.5163758998638044,1.8522338625041315,['fpgrowth_cluster0'],"{'risk_score_high', 'income_low', 'cluster_0_minimal'} -> {'age_senior'}",fpgrowth_cluster0,1,False
"['cluster_0_minimal', 'income_low', 'risk_score_high'] -> ['burden_high', 'credit_small']",0.06618043443792611,0.5414099487645112,2.3495183863885316,['fpgrowth_cluster0'],"{'risk_score_high', 'income_low', 'cluster_0_minimal'} -> {'burden_high', 'credit_small'}",fpgrowth_cluster0,1,False
"['cluster_0_minimal', 'income_low', 'risk_score_high'] -> ['burden_high']",0.07132551133661011,0.583500875543161,2.0571508549991426,['fpgrowth_cluster0'],"{'risk_score_high', 'income_low', 'cluster_0_minimal'} -> {'burden_high'}",fpgrowth_cluster0,1,False
"['cluster_0_minimal', 'income_low', 'risk_score_high'] -> ['credit_small']",0.03869700074384921,0.8940917050392373,2.6766551573411435,"['apriori', 'eclat', 'fpgrowth']","{'risk_score_high', 'income_low', 'cluster_0_minimal'} -> {'credit_small'}",apriori+eclat+fpgrowth,3,True
"['cluster_0_minimal', 'income_low', 'risk_score_low'] -> ['age_young']",0.035188278059255305,0.5664452577832,1.6989304202016664,"['apriori', 'eclat', 'fpgrowth']","{'risk_score_low', 'income_low', 'cluster_0_minimal'} -> {'age_young'}",apriori+eclat+fpgrowth,3,True
"['cluster_0_minimal', 'income_low', 'risk_score_low'] -> ['burden_high']",0.05146958643850098,0.5690208305092405,1.781818524062096,"['apriori', 'eclat', 'fpgrowth', 'fpgrowth_cluster0']","{'risk_score_low', 'income_low', 'cluster_0_minimal'} -> {'burden_high'}",apriori+eclat+fpgrowth+fpgrowth_cluster0,4,True
"['cluster_0_minimal', 'income_low', 'risk_score_low'] -> ['credit_small']",0.04918667808171114,0.7917852785685239,2.3703789414914955,"['apriori', 'eclat', 'fpgrowth']","{'risk_score_low', 'income_low', 'cluster_0_minimal'} -> {'credit_small'}",apriori+eclat+fpgrowth,3,True
"['cluster_0_minimal', 'income_low', 'risk_score_med'] -> ['burden_high', 'credit_small']",0.07790550182337086,0.5177282545703599,2.2467486163520554,['fpgrowth_cluster0'],"{'income_low', 'cluster_0_minimal', 'risk_score_med'} -> {'burden_high', 'credit_small'}",fpgrowth_cluster0,1,False
"['cluster_0_minimal', 'income_low', 'risk_score_med'] -> ['burden_high']",0.04502822471158305,0.5804225277909488,1.8175215323405716,"['apriori', 'eclat', 'fpgrowth', 'fpgrowth_cluster0']","{'income_low', 'cluster_0_minimal', 'risk_score_med'} -> {'burden_high'}",apriori+eclat+fpgrowth+fpgrowth_cluster0,4,True
"['cluster_0_minimal', 'income_low', 'risk_score_med'] -> ['credit_small']",0.04541409945123578,0.8523786944839576,2.551778319538343,"['apriori', 'eclat', 'fpgrowth']","{'income_low', 'cluster_0_minimal', 'risk_score_med'} -> {'credit_small'}",apriori+eclat+fpgrowth,3,True
"['cluster_0_minimal', 'income_low'] -> ['burden_high', 'credit_small']",0.11725648894895219,0.5074914648599884,4.35895862943829,"['apriori', 'eclat', 'fpgrowth', 'fpgrowth_cluster0']","{'income_low', 'cluster_0_minimal'} -> {'burden_high', 'credit_small'}",apriori+eclat+fpgrowth+fpgrowth_cluster0,4,True
"['cluster_0_minimal', 'income_low'] -> ['burden_high']",0.13326997578021135,0.5767985706957245,1.8061735578263556,"['apriori', 'eclat', 'fpgrowth', 'fpgrowth_cluster0']","{'income_low', 'cluster_0_minimal'} -> {'burden_high'}",apriori+eclat+fpgrowth+fpgrowth_cluster0,4,True
"['cluster_0_minimal', 'income_low'] -> ['credit_small', 'emp_new']",0.05935355293259042,0.3740425607188976,2.940562548965285,"['apriori', 'eclat', 'fpgrowth']","{'income_low', 'cluster_0_minimal'} -> {'emp_new', 'credit_small'}",apriori+eclat+fpgrowth,3,True
"['cluster_0_minimal', 'income_low'] -> ['credit_small']",0.13329777827679612,0.8400346712423272,2.5148238401646648,"['apriori', 'eclat', 'fpgrowth']","{'income_low', 'cluster_0_minimal'} -> {'credit_small'}",apriori+eclat+fpgrowth,3,True
"['cluster_0_minimal', 'income_low'] -> ['emp_new']",0.0690011368261498,0.43484106065698463,1.3042998523587552,"['apriori', 'eclat', 'fpgrowth']","{'income_low', 'cluster_0_minimal'} -> {'emp_new'}",apriori+eclat+fpgrowth,3,True
"['cluster_0_minimal', 'income_med'] -> ['age_young']",0.032406562714909264,0.46978636826042725,1.409022921574495,"['apriori', 'eclat', 'fpgrowth']","{'cluster_0_minimal', 'income_med'} -> {'age_young'}",apriori+eclat+fpgrowth,3,True
"['cluster_0_minimal', 'income_med'] -> ['burden_low', 'credit_small']",0.03866612398422478,0.560528992878942,2.943562151504827,"['apriori', 'eclat', 'fpgrowth']","{'cluster_0_minimal', 'income_med'} -> {'burden_low', 'credit_small'}",apriori+eclat+fpgrowth,3,True
"['cluster_0_minimal', 'income_med'] -> ['burden_low']",0.05198242831679555,0.7535707019328585,2.260648649884977,"['apriori', 'eclat', 'fpgrowth']","{'cluster_0_minimal', 'income_med'} -> {'burden_low'}",apriori+eclat+fpgrowth,3,True
"['cluster_0_minimal', 'income_med'] -> ['credit_small']",0.04589689969263589,0.665350966429298,1.9918707283574892,"['apriori', 'eclat', 'fpgrowth']","{'cluster_0_minimal', 'income_med'} -> {'credit_small'}",apriori+eclat+fpgrowth,3,True
"['cluster_0_minimal', 'income_very_high'] -> ['burden_med']",0.06771048041858253,0.5123575284943012,2.415848484011332,['fpgrowth_cluster0'],"{'income_very_high', 'cluster_0_minimal'} -> {'burden_med'}",fpgrowth_cluster0,1,False
"['cluster_0_minimal', 'income_very_high'] -> ['credit_med']",0.06951006817821469,0.5259748050389922,1.7307020192413844,['fpgrowth_cluster0'],"{'income_very_high', 'cluster_0_minimal'} -> {'credit_med'}",fpgrowth_cluster0,1,False
"['cluster_0_minimal', 'risk_score_high'] -> ['age_senior']",0.03968225007368317,0.4200939022940686,1.2603736907588103,"['apriori', 'eclat', 'fpgrowth']","{'risk_score_high', 'cluster_0_minimal'} -> {'age_senior'}",apriori+eclat+fpgrowth,3,True
"['cluster_0_minimal', 'risk_score_high'] -> ['burden_low', 'credit_small']",0.039235940548202834,0.41536907167478904,2.1812692899395927,"['apriori', 'eclat', 'fpgrowth']","{'risk_score_high', 'cluster_0_minimal'} -> {'burden_low', 'credit_small'}",apriori+eclat+fpgrowth,3,True
"['cluster_0_minimal', 'risk_score_high'] -> ['burden_low']",0.050733323041080115,0.5370854629739688,1.6112111625766599,"['apriori', 'eclat', 'fpgrowth']","{'risk_score_high', 'cluster_0_minimal'} -> {'burden_low'}",apriori+eclat+fpgrowth,3,True
"['cluster_0_minimal', 'risk_score_high'] -> ['credit_small', 'income_low']",0.03869700074384921,0.40966361583263994,2.430629396083824,"['apriori', 'eclat', 'fpgrowth']","{'risk_score_high', 'cluster_0_minimal'} -> {'income_low', 'credit_small'}",apriori+eclat+fpgrowth,3,True
"['cluster_0_minimal', 'risk_score_high'] -> ['credit_small']",0.0729280992547473,0.7720492095566384,2.3112947887042985,"['apriori', 'eclat', 'fpgrowth']","{'risk_score_high', 'cluster_0_minimal'} -> {'credit_small'}",apriori+eclat+fpgrowth,3,True
"['cluster_0_minimal', 'risk_score_high'] -> ['income_low']",0.04328079605900268,0.45818970640675144,1.43144856187189,"['apriori', 'eclat', 'fpgrowth']","{'risk_score_high', 'cluster_0_minimal'} -> {'income_low'}",apriori+eclat+fpgrowth,3,True
"['cluster_0_minimal', 'risk_score_low'] -> ['age_young', 'credit_small']",0.05446099002119268,0.3829543660192642,2.9795887059096926,"['apriori', 'eclat', 'fpgrowth']","{'risk_score_low', 'cluster_0_minimal'} -> {'age_young', 'credit_small'}",apriori+eclat+fpgrowth,3,True
"['cluster_0_minimal', 'risk_score_low'] -> ['age_young']",0.08730544132713929,0.6139073109111006,1.841282615327784,"['apriori', 'eclat', 'fpgrowth']","{'risk_score_low', 'cluster_0_minimal'} -> {'age_young'}",apriori+eclat+fpgrowth,3,True
"['cluster_0_minimal', 'risk_score_low'] -> ['burden_low', 'credit_small']",0.05072770908478477,0.35670298436759823,1.8731901783000986,"['apriori', 'eclat', 'fpgrowth']","{'risk_score_low', 'cluster_0_minimal'} -> {'burden_low', 'credit_small'}",apriori+eclat+fpgrowth,3,True
"['cluster_0_minimal', 'risk_score_low'] -> ['burden_low']",0.06828535739849265,0.4801634296541922,1.4404498558498944,"['apriori', 'eclat', 'fpgrowth']","{'risk_score_low', 'cluster_0_minimal'} -> {'burden_low'}",apriori+eclat+fpgrowth,3,True
"['cluster_0_minimal', 'risk_score_low'] -> ['credit_small']",0.09038750333328655,0.6355795041844307,1.9027434749558771,"['apriori', 'eclat', 'fpgrowth']","{'risk_score_low', 'cluster_0_minimal'} -> {'credit_small'}",apriori+eclat+fpgrowth,3,True
"['cluster_0_minimal', 'risk_score_low'] -> ['emp_mid']",0.06258157780241681,0.4400560555818727,1.319864370649021,"['apriori', 'eclat', 'fpgrowth']","{'risk_score_low', 'cluster_0_minimal'} -> {'emp_mid'}",apriori+eclat+fpgrowth,3,True
"['cluster_0_minimal', 'risk_score_low'] -> ['income_low']",0.06212123338619809,0.4368190431075319,1.3646836284432908,"['apriori', 'eclat', 'fpgrowth']","{'risk_score_low', 'cluster_0_minimal'} -> {'income_low'}",apriori+eclat+fpgrowth,3,True
"['cluster_0_minimal', 'risk_score_med'] -> ['burden_low', 'credit_small']",0.04470112700172629,0.3807622417750574,1.9995349711611599,"['apriori', 'eclat', 'fpgrowth']","{'risk_score_med', 'cluster_0_minimal'} -> {'burden_low', 'credit_small'}",apriori+eclat+fpgrowth,3,True
"['cluster_0_minimal', 'risk_score_med'] -> ['burden_low']",0.05953039255589395,0.5070772762050497,1.5211891291687085,"['apriori', 'eclat', 'fpgrowth']","{'risk_score_med', 'cluster_0_minimal'} -> {'burden_low'}",apriori+eclat+fpgrowth,3,True
"['cluster_0_minimal', 'risk_score_med'] -> ['credit_small', 'income_low']",0.04541409945123578,0.38683530986993114,2.2951837538756963,"['apriori', 'eclat', 'fpgrowth']","{'risk_score_med', 'cluster_0_minimal'} -> {'income_low', 'credit_small'}",apriori+eclat+fpgrowth,3,True
"['cluster_0_minimal', 'risk_score_med'] -> ['credit_small']",0.08243814121907062,0.7022044758990053,2.1021996080822865,"['apriori', 'eclat', 'fpgrowth']","{'risk_score_med', 'cluster_0_minimal'} -> {'credit_small'}",apriori+eclat+fpgrowth,3,True
"['cluster_0_minimal', 'risk_score_med'] -> ['income_low']",0.05327925222102146,0.45383033664881406,1.4178292826008547,"['apriori', 'eclat', 'fpgrowth']","{'risk_score_med', 'cluster_0_minimal'} -> {'income_low'}",apriori+eclat+fpgrowth,3,True
['cluster_0_minimal'] -> ['age_young'],0.15637955958512864,0.44166006025051524,1.3246641249751419,"['apriori', 'eclat', 'fpgrowth']",{'cluster_0_minimal'} -> {'age_young'},apriori+eclat+fpgrowth,3,True
"['cluster_0_minimal'] -> ['burden_low', 'credit_small']",0.1346647766347139,0.38033137783415255,1.9972723321094634,"['apriori', 'eclat', 'fpgrowth']","{'cluster_0_minimal'} -> {'burden_low', 'credit_small'}",apriori+eclat+fpgrowth,3,True
['cluster_0_minimal'] -> ['burden_low'],0.17854907299546674,0.5042730299667036,1.5127766265907792,"['apriori', 'eclat', 'fpgrowth']",{'cluster_0_minimal'} -> {'burden_low'},apriori+eclat+fpgrowth,3,True
"['cluster_0_minimal'] -> ['credit_small', 'income_low']",0.13329777827679612,0.3764705882352941,2.2336874527307424,"['apriori', 'eclat', 'fpgrowth']","{'cluster_0_minimal'} -> {'income_low', 'credit_small'}",apriori+eclat+fpgrowth,3,True
['cluster_0_minimal'] -> ['credit_small'],0.24575374380710446,0.6940780085619153,2.0778712862936035,"['apriori', 'eclat', 'fpgrowth']",{'cluster_0_minimal'} -> {'credit_small'},apriori+eclat+fpgrowth,3,True
['cluster_0_minimal'] -> ['income_low'],0.15868128166622222,0.4481607737434596,1.4001167771607885,"['apriori', 'eclat', 'fpgrowth']",{'cluster_0_minimal'} -> {'income_low'},apriori+eclat+fpgrowth,3,True
['cluster_0_minimal'] -> ['risk_score_low'],0.1422127408738123,0.401648961471381,1.2049435021640633,"['apriori', 'eclat', 'fpgrowth']",{'cluster_0_minimal'} -> {'risk_score_low'},apriori+eclat+fpgrowth,3,True
"['cluster_1_veteran', 'credit_large', 'emp_new'] -> ['age_senior']",0.05046328689862816,0.7196855155730268,1.6732821282213786,['fpgrowth_cluster1'],"{'emp_new', 'cluster_1_veteran', 'credit_large'} -> {'age_senior'}",fpgrowth_cluster1,1,False
"['cluster_1_veteran', 'credit_large', 'emp_senior'] -> ['income_very_high']",0.05162945529334436,0.588022216855832,1.86728331629219,['fpgrowth_cluster1'],"{'cluster_1_veteran', 'emp_senior', 'credit_large'} -> {'income_very_high'}",fpgrowth_cluster1,1,False
"['cluster_1_veteran', 'credit_large', 'income_very_high'] -> ['burden_med']",0.09007060619553464,0.7344398340248963,1.7815350456265076,['fpgrowth_cluster1'],"{'cluster_1_veteran', 'income_very_high', 'credit_large'} -> {'burden_med'}",fpgrowth_cluster1,1,False
"['cluster_1_veteran', 'credit_large'] -> ['income_very_high']",0.1226385090006997,0.5463820139807293,1.7350535231196562,['fpgrowth_cluster1'],"{'cluster_1_veteran', 'credit_large'} -> {'income_very_high'}",fpgrowth_cluster1,1,False
"['cluster_1_veteran', 'credit_med', 'emp_new'] -> ['age_senior']",0.10126582278481013,0.6835551738943753,1.5892784158925521,['fpgrowth_cluster1'],"{'emp_new', 'cluster_1_veteran', 'credit_med'} -> {'age_senior'}",fpgrowth_cluster1,1,False
"['cluster_1_veteran', 'credit_med', 'income_very_high'] -> ['burden_med']",0.10366176875940886,0.7403089036947305,1.7957716826083718,['fpgrowth_cluster1'],"{'cluster_1_veteran', 'income_very_high', 'credit_med'} -> {'burden_med'}",fpgrowth_cluster1,1,False
"['cluster_1_veteran', 'credit_small', 'emp_mid'] -> ['burden_low']",0.060980005512796046,0.6652787416146194,1.8306033425186872,['fpgrowth_cluster1'],"{'emp_mid', 'cluster_1_veteran', 'credit_small'} -> {'burden_low'}",fpgrowth_cluster1,1,False
"['cluster_1_veteran', 'credit_small', 'emp_new', 'income_low'] -> ['age_senior']",0.054301041070330555,0.8317635595972719,1.9338656525159543,['fpgrowth_cluster1'],"{'cluster_1_veteran', 'emp_new', 'income_low', 'credit_small'} -> {'age_senior'}",fpgrowth_cluster1,1,False
"['cluster_1_veteran', 'credit_small', 'emp_new'] -> ['age_senior']",0.11347878633674703,0.7868274037047928,1.8293882593507094,['fpgrowth_cluster1'],"{'emp_new', 'cluster_1_veteran', 'credit_small'} -> {'age_senior'}",fpgrowth_cluster1,1,False
"['cluster_1_veteran', 'credit_small', 'emp_new'] -> ['burden_low']",0.0869961622458283,0.6032049397236108,1.659798983207973,['fpgrowth_cluster1'],"{'emp_new', 'cluster_1_veteran', 'credit_small'} -> {'burden_low'}",fpgrowth_cluster1,1,False
"['cluster_1_veteran', 'credit_small', 'emp_senior'] -> ['burden_low']",0.0654326484744397,0.6665226781857451,1.8340262001910324,['fpgrowth_cluster1'],"{'cluster_1_veteran', 'credit_small', 'emp_senior'} -> {'burden_low'}",fpgrowth_cluster1,1,False
"['cluster_1_veteran', 'credit_small', 'income_high'] -> ['burden_low']",0.06806182812798169,0.7512286449801077,2.0671059850173172,['fpgrowth_cluster1'],"{'cluster_1_veteran', 'credit_small', 'income_high'} -> {'burden_low'}",fpgrowth_cluster1,1,False
"['cluster_1_veteran', 'credit_small', 'income_med'] -> ['burden_low']",0.0572270635879821,0.8294406883835279,2.282316872008887,['fpgrowth_cluster1'],"{'cluster_1_veteran', 'credit_small', 'income_med'} -> {'burden_low'}",fpgrowth_cluster1,1,False
"['cluster_1_veteran', 'credit_small', 'risk_score_high'] -> ['burden_low']",0.0578843585013676,0.611696168496527,1.6831637336523746,['fpgrowth_cluster1'],"{'risk_score_high', 'cluster_1_veteran', 'credit_small'} -> {'burden_low'}",fpgrowth_cluster1,1,False
"['cluster_1_veteran', 'credit_small', 'risk_score_low'] -> ['burden_low']",0.0856603693573352,0.6563769293257514,1.8061088166738866,['fpgrowth_cluster1'],"{'cluster_1_veteran', 'risk_score_low', 'credit_small'} -> {'burden_low'}",fpgrowth_cluster1,1,False
"['cluster_1_veteran', 'credit_small', 'risk_score_med'] -> ['burden_low']",0.06986408837436126,0.6414249562001167,1.7649664649513481,['fpgrowth_cluster1'],"{'cluster_1_veteran', 'risk_score_med', 'credit_small'} -> {'burden_low'}",fpgrowth_cluster1,1,False
"['cluster_1_veteran', 'credit_small'] -> ['burden_low']",0.21340881623306404,0.6388448111710567,1.7578668511820623,['fpgrowth_cluster1'],"{'cluster_1_veteran', 'credit_small'} -> {'burden_low'}",fpgrowth_cluster1,1,False
"['cluster_1_veteran', 'emp_mid', 'income_very_high'] -> ['burden_med']",0.07353221805228675,0.6936,1.6824696188859745,['fpgrowth_cluster1'],"{'emp_mid', 'income_very_high', 'cluster_1_veteran'} -> {'burden_med'}",fpgrowth_cluster1,1,False
"['cluster_1_veteran', 'emp_mid', 'risk_score_low'] -> ['age_young']",0.07736997222398914,0.5425215581326196,2.131534842236649,['fpgrowth_cluster1'],"{'emp_mid', 'risk_score_low', 'cluster_1_veteran'} -> {'age_young'}",fpgrowth_cluster1,1,False
"['cluster_1_veteran', 'emp_new', 'income_high'] -> ['age_senior']",0.07187837923796196,0.7069864442127216,1.6437565525464426,['fpgrowth_cluster1'],"{'emp_new', 'cluster_1_veteran', 'income_high'} -> {'age_senior'}",fpgrowth_cluster1,1,False
"['cluster_1_veteran', 'emp_new', 'income_low'] -> ['age_senior', 'credit_small']",0.054301041070330555,0.5134322373696872,3.1878626396875407,['fpgrowth_cluster1'],"{'cluster_1_veteran', 'emp_new', 'income_low'} -> {'age_senior', 'credit_small'}",fpgrowth_cluster1,1,False
"['cluster_1_veteran', 'emp_new', 'income_low'] -> ['age_senior']",0.08574518160422365,0.8107457898957499,1.88499894941352,['fpgrowth_cluster1'],"{'emp_new', 'cluster_1_veteran', 'income_low'} -> {'age_senior'}",fpgrowth_cluster1,1,False
"['cluster_1_veteran', 'emp_new', 'income_low'] -> ['credit_small']",0.06528422704238492,0.6172814755412991,1.847848062897765,['fpgrowth_cluster1'],"{'emp_new', 'cluster_1_veteran', 'income_low'} -> {'credit_small'}",fpgrowth_cluster1,1,False
"['cluster_1_veteran', 'emp_new', 'income_med'] -> ['age_senior']",0.05330449716939126,0.7627427184466019,1.7733909208822818,['fpgrowth_cluster1'],"{'emp_new', 'cluster_1_veteran', 'income_med'} -> {'age_senior'}",fpgrowth_cluster1,1,False
"['cluster_1_veteran', 'emp_new', 'income_very_high'] -> ['burden_med']",0.053198481860780696,0.6245954692556634,1.5150849208715145,['fpgrowth_cluster1'],"{'emp_new', 'income_very_high', 'cluster_1_veteran'} -> {'burden_med'}",fpgrowth_cluster1,1,False
"['cluster_1_veteran', 'emp_new', 'risk_score_high'] -> ['age_senior']",0.09600746347772618,0.8577382079939382,1.9942571902202666,['fpgrowth_cluster1'],"{'risk_score_high', 'emp_new', 'cluster_1_veteran'} -> {'age_senior'}",fpgrowth_cluster1,1,False
"['cluster_1_veteran', 'emp_new', 'risk_score_med'] -> ['age_senior']",0.09363272056484956,0.768936096117012,1.7877906384602729,['fpgrowth_cluster1'],"{'emp_new', 'cluster_1_veteran', 'risk_score_med'} -> {'age_senior'}",fpgrowth_cluster1,1,False
"['cluster_1_veteran', 'emp_new'] -> ['age_senior']",0.09263423600838663,0.7316331305568554,2.0715598311791172,"['apriori', 'eclat', 'fpgrowth', 'fpgrowth_cluster1']","{'emp_new', 'cluster_1_veteran'} -> {'age_senior'}",apriori+eclat+fpgrowth+fpgrowth_cluster1,4,True
"['cluster_1_veteran', 'emp_senior', 'income_very_high'] -> ['burden_med']",0.08434577953056421,0.6817480719794344,1.6537203270465497,['fpgrowth_cluster1'],"{'cluster_1_veteran', 'income_very_high', 'emp_senior'} -> {'burden_med'}",fpgrowth_cluster1,1,False
"['cluster_1_veteran', 'income_low'] -> ['credit_small']",0.12221444776625745,0.5764576457645765,1.7256408725607566,['fpgrowth_cluster1'],"{'cluster_1_veteran', 'income_low'} -> {'credit_small'}",fpgrowth_cluster1,1,False
"['cluster_1_veteran', 'income_med'] -> ['burden_low']",0.09518054407056378,0.5559821649739906,1.5298592092571948,['fpgrowth_cluster1'],"{'cluster_1_veteran', 'income_med'} -> {'burden_low'}",fpgrowth_cluster1,1,False
"['cluster_1_veteran', 'income_very_high', 'risk_score_high'] -> ['burden_med']",0.06064075652524224,0.6541628545288197,1.5868067020594931,['fpgrowth_cluster1'],"{'risk_score_high', 'income_very_high', 'cluster_1_veteran'} -> {'burden_med'}",fpgrowth_cluster1,1,False
"['cluster_1_veteran', 'income_very_high', 'risk_score_low'] -> ['burden_med']",0.07898140491486971,0.6790010936930369,1.6470569655837421,['fpgrowth_cluster1'],"{'cluster_1_veteran', 'risk_score_low', 'income_very_high'} -> {'burden_med'}",fpgrowth_cluster1,1,False
"['cluster_1_veteran', 'income_very_high', 'risk_score_med'] -> ['burden_med']",0.07145431800351972,0.6748097717260714,1.6368900511195137,['fpgrowth_cluster1'],"{'cluster_1_veteran', 'income_very_high', 'risk_score_med'} -> {'burden_med'}",fpgrowth_cluster1,1,False
"['cluster_1_veteran', 'income_very_high'] -> ['burden_med']",0.21107647944363167,0.6702800969566389,1.6259023922628177,['fpgrowth_cluster1'],"{'cluster_1_veteran', 'income_very_high'} -> {'burden_med'}",fpgrowth_cluster1,1,False
['cluster_1_veteran'] -> ['age_senior'],0.056939551725589815,0.43010410703305557,1.2904064968129592,"['apriori', 'eclat', 'fpgrowth']",{'cluster_1_veteran'} -> {'age_senior'},apriori+eclat+fpgrowth,3,True
['cluster_1_veteran'] -> ['burden_med'],0.05457607612524736,0.4122511290630367,1.2367915753052863,"['apriori', 'eclat', 'fpgrowth']",{'cluster_1_veteran'} -> {'burden_med'},apriori+eclat+fpgrowth,3,True
['cluster_1_veteran'] -> ['credit_med'],0.05844689899089136,0.44149015117783014,1.2836710070340815,"['apriori', 'eclat', 'fpgrowth']",{'cluster_1_veteran'} -> {'credit_med'},apriori+eclat+fpgrowth,3,True
"['cluster_2_ambisius', 'credit_large', 'emp_mid', 'income_very_high'] -> ['burden_med']",0.05164920481194823,0.6082571401640117,1.52966000754718,['fpgrowth_cluster2'],"{'emp_mid', 'income_very_high', 'credit_large', 'cluster_2_ambisius'} -> {'burden_med'}",fpgrowth_cluster2,1,False
"['cluster_2_ambisius', 'credit_large', 'emp_mid'] -> ['age_mid']",0.03084026890850655,0.41148271600314595,1.2346526209421282,"['apriori', 'eclat', 'fpgrowth']","{'credit_large', 'emp_mid', 'cluster_2_ambisius'} -> {'age_mid'}",apriori+eclat+fpgrowth,3,True
"['cluster_2_ambisius', 'credit_large', 'emp_mid'] -> ['age_young']",0.03025641745379012,0.4036927455900528,1.210789350733998,"['apriori', 'eclat', 'fpgrowth']","{'credit_large', 'emp_mid', 'cluster_2_ambisius'} -> {'age_young'}",apriori+eclat+fpgrowth,3,True
"['cluster_2_ambisius', 'credit_large', 'emp_mid'] -> ['burden_high']",0.03810472835468976,0.5084079247968242,1.5252194931326848,"['apriori', 'eclat', 'fpgrowth']","{'credit_large', 'emp_mid', 'cluster_2_ambisius'} -> {'burden_high'}",apriori+eclat+fpgrowth,3,True
"['cluster_2_ambisius', 'credit_large', 'emp_mid'] -> ['burden_med']",0.031185527220670587,0.41608928504550385,1.2483063987931249,"['apriori', 'eclat', 'fpgrowth']","{'credit_large', 'emp_mid', 'cluster_2_ambisius'} -> {'burden_med'}",apriori+eclat+fpgrowth,3,True
"['cluster_2_ambisius', 'credit_large', 'emp_new', 'risk_score_high'] -> ['age_senior']",0.05473871249169595,0.6648843087692008,1.844810692072113,['fpgrowth_cluster2'],"{'risk_score_high', 'emp_new', 'credit_large', 'cluster_2_ambisius'} -> {'age_senior'}",fpgrowth_cluster2,1,False
"['cluster_2_ambisius', 'credit_large', 'emp_new'] -> ['age_senior']",0.057433560490741754,0.5683923927178154,1.6732464573914443,"['apriori', 'eclat', 'fpgrowth', 'fpgrowth_cluster2']","{'credit_large', 'emp_new', 'cluster_2_ambisius'} -> {'age_senior'}",apriori+eclat+fpgrowth+fpgrowth_cluster2,4,True
"['cluster_2_ambisius', 'credit_large', 'emp_new'] -> ['burden_high']",0.034348991593100446,0.49727730819245775,1.4918277370495152,"['apriori', 'eclat', 'fpgrowth']","{'credit_large', 'emp_new', 'cluster_2_ambisius'} -> {'burden_high'}",apriori+eclat+fpgrowth,3,True
"['cluster_2_ambisius', 'credit_large', 'emp_senior', 'income_very_high'] -> ['burden_med']",0.06357502461201066,0.6105303612605687,1.5353767598384531,['fpgrowth_cluster2'],"{'credit_large', 'income_very_high', 'emp_senior', 'cluster_2_ambisius'} -> {'burden_med'}",fpgrowth_cluster2,1,False
"['cluster_2_ambisius', 'credit_large', 'emp_senior'] -> ['age_mid']",0.044299729126608754,0.48330985484167327,1.450169729614765,"['apriori', 'eclat', 'fpgrowth']","{'credit_large', 'emp_senior', 'cluster_2_ambisius'} -> {'age_mid'}",apriori+eclat+fpgrowth,3,True
"['cluster_2_ambisius', 'credit_large', 'emp_senior'] -> ['burden_high']",0.04642741856254649,0.5065229374655479,1.5195645470121661,"['apriori', 'eclat', 'fpgrowth']","{'credit_large', 'emp_senior', 'cluster_2_ambisius'} -> {'burden_high'}",apriori+eclat+fpgrowth,3,True
"['cluster_2_ambisius', 'credit_large', 'emp_senior'] -> ['burden_med']",0.03841068897278635,0.4190604520120047,1.2572201749211502,"['apriori', 'eclat', 'fpgrowth']","{'credit_large', 'emp_senior', 'cluster_2_ambisius'} -> {'burden_med'}",apriori+eclat+fpgrowth,3,True
"['cluster_2_ambisius', 'credit_large', 'emp_senior'] -> ['income_very_high']",0.03651878570125332,0.3984197954308814,1.6779648211517746,"['apriori', 'eclat', 'fpgrowth']","{'credit_large', 'emp_senior', 'cluster_2_ambisius'} -> {'income_very_high'}",apriori+eclat+fpgrowth,3,True
"['cluster_2_ambisius', 'credit_large', 'emp_senior'] -> ['risk_score_high']",0.04372149162818768,0.47700128621302146,1.4309998418537788,"['apriori', 'eclat', 'fpgrowth']","{'credit_large', 'emp_senior', 'cluster_2_ambisius'} -> {'risk_score_high'}",apriori+eclat+fpgrowth,3,True
"['cluster_2_ambisius', 'credit_large', 'income_high'] -> ['burden_high']",0.04066469242536947,0.5787160947549235,1.7361434109481546,"['apriori', 'eclat', 'fpgrowth']","{'credit_large', 'income_high', 'cluster_2_ambisius'} -> {'burden_high'}",apriori+eclat+fpgrowth,3,True
"['cluster_2_ambisius', 'credit_large', 'income_med'] -> ['burden_high']",0.07629323109677523,0.7100186219739293,1.5728827924395954,['fpgrowth_cluster2'],"{'credit_large', 'income_med', 'cluster_2_ambisius'} -> {'burden_high'}",fpgrowth_cluster2,1,False
"['cluster_2_ambisius', 'credit_large', 'income_very_high'] -> ['age_mid']",0.03613422969502182,0.414375844975214,1.2433334455045386,"['apriori', 'eclat', 'fpgrowth']","{'credit_large', 'income_very_high', 'cluster_2_ambisius'} -> {'age_mid'}",apriori+eclat+fpgrowth,3,True
"['cluster_2_ambisius', 'credit_large', 'income_very_high'] -> ['burden_med']",0.07750882160743842,0.6076096053563381,1.7491717184145479,"['apriori', 'eclat', 'fpgrowth', 'fpgrowth_cluster2']","{'credit_large', 'income_very_high', 'cluster_2_ambisius'} -> {'burden_med'}",apriori+eclat+fpgrowth+fpgrowth_cluster2,4,True
"['cluster_2_ambisius', 'credit_large', 'income_very_high'] -> ['emp_senior']",0.03651878570125332,0.41878581085431027,1.2568619342726637,"['apriori', 'eclat', 'fpgrowth']","{'credit_large', 'income_very_high', 'cluster_2_ambisius'} -> {'emp_senior'}",apriori+eclat+fpgrowth,3,True
"['cluster_2_ambisius', 'credit_large', 'income_very_high'] -> ['risk_score_high']",0.04068153429425552,0.4665228867572266,1.3995647317240616,"['apriori', 'eclat', 'fpgrowth']","{'credit_large', 'income_very_high', 'cluster_2_ambisius'} -> {'risk_score_high'}",apriori+eclat+fpgrowth,3,True
"['cluster_2_ambisius', 'credit_large', 'risk_score_high'] -> ['age_mid']",0.04103802051901026,0.4098337678356179,1.2297049570484628,"['apriori', 'eclat', 'fpgrowth']","{'credit_large', 'risk_score_high', 'cluster_2_ambisius'} -> {'age_mid'}",apriori+eclat+fpgrowth,3,True
"['cluster_2_ambisius', 'credit_large', 'risk_score_high'] -> ['age_senior']",0.04127661366156264,0.4122165222997785,1.2367398259426459,"['apriori', 'eclat', 'fpgrowth']","{'credit_large', 'risk_score_high', 'cluster_2_ambisius'} -> {'age_senior'}",apriori+eclat+fpgrowth,3,True
"['cluster_2_ambisius', 'credit_large', 'risk_score_high'] -> ['burden_high']",0.05176629099942457,0.5169736215064614,1.5509165111306287,"['apriori', 'eclat', 'fpgrowth']","{'credit_large', 'risk_score_high', 'cluster_2_ambisius'} -> {'burden_high'}",apriori+eclat+fpgrowth,3,True
"['cluster_2_ambisius', 'credit_large', 'risk_score_high'] -> ['burden_med']",0.040718025010175296,0.40663807361309673,1.2199518890005203,"['apriori', 'eclat', 'fpgrowth']","{'risk_score_high', 'credit_large', 'cluster_2_ambisius'} -> {'burden_med'}",apriori+eclat+fpgrowth,3,True
"['cluster_2_ambisius', 'credit_large', 'risk_score_high'] -> ['emp_senior']",0.04372149162818768,0.43663274745605923,1.3104242438751716,"['apriori', 'eclat', 'fpgrowth']","{'credit_large', 'risk_score_high', 'cluster_2_ambisius'} -> {'emp_senior'}",apriori+eclat+fpgrowth,3,True
"['cluster_2_ambisius', 'credit_large', 'risk_score_high'] -> ['income_very_high']",0.04068153429425552,0.4062736523421075,1.7110417308799797,"['apriori', 'eclat', 'fpgrowth']","{'credit_large', 'risk_score_high', 'cluster_2_ambisius'} -> {'income_very_high'}",apriori+eclat+fpgrowth,3,True
"['cluster_2_ambisius', 'credit_large', 'risk_score_med'] -> ['burden_high']",0.03905348696860395,0.4973369079535301,1.4920065358308479,"['apriori', 'eclat', 'fpgrowth']","{'credit_large', 'risk_score_med', 'cluster_2_ambisius'} -> {'burden_high'}",apriori+eclat+fpgrowth,3,True
"['cluster_2_ambisius', 'credit_large', 'risk_score_med'] -> ['burden_med']",0.03228586265455923,0.4111528150134049,1.2334965314161126,"['apriori', 'eclat', 'fpgrowth']","{'credit_large', 'risk_score_med', 'cluster_2_ambisius'} -> {'burden_med'}",apriori+eclat+fpgrowth,3,True
"['cluster_2_ambisius', 'credit_large'] -> ['burden_high']",0.1188811385103367,0.5044126579564808,1.5132337262554405,"['apriori', 'eclat', 'fpgrowth']","{'credit_large', 'cluster_2_ambisius'} -> {'burden_high'}",apriori+eclat+fpgrowth,3,True
"['cluster_2_ambisius', 'credit_large'] -> ['burden_med']",0.09631864815932407,0.40868001381560926,1.2260778987593886,"['apriori', 'eclat', 'fpgrowth']","{'credit_large', 'cluster_2_ambisius'} -> {'burden_med'}",apriori+eclat+fpgrowth,3,True
"['cluster_2_ambisius', 'credit_large'] -> ['income_very_high']",0.08720158313567529,0.3699963078975263,1.5582578871028872,"['apriori', 'eclat', 'fpgrowth']","{'credit_large', 'cluster_2_ambisius'} -> {'income_very_high'}",apriori+eclat+fpgrowth,3,True
"['cluster_2_ambisius', 'credit_large'] -> ['risk_score_high']",0.10013333146201457,0.4248657146600288,1.274593566223799,"['apriori', 'eclat', 'fpgrowth']","{'credit_large', 'cluster_2_ambisius'} -> {'risk_score_high'}",apriori+eclat+fpgrowth,3,True
"['cluster_2_ambisius', 'credit_med', 'emp_new'] -> ['age_senior']",0.07871041068041204,0.6806478405315615,1.8885487252253605,['fpgrowth_cluster2'],"{'emp_new', 'cluster_2_ambisius', 'credit_med'} -> {'age_senior'}",fpgrowth_cluster2,1,False
"['cluster_2_ambisius', 'credit_med', 'emp_new'] -> ['income_low']",0.06177414578314217,0.5341915836101883,2.045022743739224,['fpgrowth_cluster2'],"{'emp_new', 'cluster_2_ambisius', 'credit_med'} -> {'income_low'}",fpgrowth_cluster2,1,False
"['cluster_2_ambisius', 'credit_med'] -> ['age_senior']",0.046155141682222005,0.40531946361664367,1.2160471397113717,"['apriori', 'eclat', 'fpgrowth']","{'cluster_2_ambisius', 'credit_med'} -> {'age_senior'}",apriori+eclat+fpgrowth,3,True
"['cluster_2_ambisius', 'credit_med'] -> ['income_low']",0.049964211028617145,0.43876947347663187,1.3707770450081773,"['apriori', 'eclat', 'fpgrowth']","{'cluster_2_ambisius', 'credit_med'} -> {'income_low'}",apriori+eclat+fpgrowth,3,True
"['cluster_2_ambisius', 'credit_med'] -> ['risk_score_high']",0.050365608903734684,0.4422944192466969,1.3268795332182364,"['apriori', 'eclat', 'fpgrowth']","{'cluster_2_ambisius', 'credit_med'} -> {'risk_score_high'}",apriori+eclat+fpgrowth,3,True
"['cluster_2_ambisius', 'emp_mid', 'income_very_high'] -> ['burden_med', 'credit_large']",0.05164920481194823,0.5188967513669991,1.8893291723215453,['fpgrowth_cluster2'],"{'emp_mid', 'income_very_high', 'cluster_2_ambisius'} -> {'credit_large', 'burden_med'}",fpgrowth_cluster2,1,False
"['cluster_2_ambisius', 'emp_mid', 'income_very_high'] -> ['burden_med']",0.0614459856409928,0.6173206818912834,1.5524532250722622,['fpgrowth_cluster2'],"{'emp_mid', 'income_very_high', 'cluster_2_ambisius'} -> {'burden_med'}",fpgrowth_cluster2,1,False
"['cluster_2_ambisius', 'emp_mid'] -> ['age_mid']",0.04368780789041557,0.4074665549650496,1.2226021421274278,"['apriori', 'eclat', 'fpgrowth']","{'emp_mid', 'cluster_2_ambisius'} -> {'age_mid'}",apriori+eclat+fpgrowth,3,True
"['cluster_2_ambisius', 'emp_mid'] -> ['age_young']",0.043628861349314395,0.40691677356860484,1.2204591275272212,"['apriori', 'eclat', 'fpgrowth']","{'emp_mid', 'cluster_2_ambisius'} -> {'age_young'}",apriori+eclat+fpgrowth,3,True
"['cluster_2_ambisius', 'emp_mid'] -> ['burden_high', 'credit_large']",0.03810472835468976,0.35539440270178285,2.343216792229261,"['apriori', 'eclat', 'fpgrowth']","{'emp_mid', 'cluster_2_ambisius'} -> {'credit_large', 'burden_high'}",apriori+eclat+fpgrowth,3,True
"['cluster_2_ambisius', 'emp_mid'] -> ['burden_high']",0.050337539122257934,0.4694871324973165,1.4084574439826827,"['apriori', 'eclat', 'fpgrowth']","{'emp_mid', 'cluster_2_ambisius'} -> {'burden_high'}",apriori+eclat+fpgrowth,3,True
"['cluster_2_ambisius', 'emp_mid'] -> ['burden_med']",0.04289904703091887,0.40010995627928897,1.200366932279096,"['apriori', 'eclat', 'fpgrowth']","{'emp_mid', 'cluster_2_ambisius'} -> {'burden_med'}",apriori+eclat+fpgrowth,3,True
"['cluster_2_ambisius', 'emp_mid'] -> ['credit_large']",0.07494912352107339,0.699033955546247,2.17065007524866,"['apriori', 'eclat', 'fpgrowth']","{'emp_mid', 'cluster_2_ambisius'} -> {'credit_large'}",apriori+eclat+fpgrowth,3,True
"['cluster_2_ambisius', 'emp_new', 'income_low'] -> ['age_senior']",0.07928669190564995,0.7272593789002275,2.017878690186669,['fpgrowth_cluster2'],"{'emp_new', 'income_low', 'cluster_2_ambisius'} -> {'age_senior'}",fpgrowth_cluster2,1,False
"['cluster_2_ambisius', 'emp_new', 'income_low'] -> ['credit_med']",0.06177414578314217,0.5666250642390426,1.7450593793374516,['fpgrowth_cluster2'],"{'emp_new', 'income_low', 'cluster_2_ambisius'} -> {'credit_med'}",fpgrowth_cluster2,1,False
"['cluster_2_ambisius', 'emp_new', 'risk_score_high'] -> ['age_senior']",0.0480467642312268,0.6971105153410784,2.052169795284143,"['apriori', 'eclat', 'fpgrowth', 'fpgrowth_cluster2']","{'risk_score_high', 'emp_new', 'cluster_2_ambisius'} -> {'age_senior'}",apriori+eclat+fpgrowth+fpgrowth_cluster2,4,True
"['cluster_2_ambisius', 'emp_new', 'risk_score_med'] -> ['age_senior']",0.06488766518060814,0.6107888194078204,1.694715501299022,['fpgrowth_cluster2'],"{'emp_new', 'risk_score_med', 'cluster_2_ambisius'} -> {'age_senior'}",fpgrowth_cluster2,1,False
"['cluster_2_ambisius', 'emp_new'] -> ['age_senior', 'credit_large']",0.03926120335153191,0.35583992673060777,3.22503696696379,"['apriori', 'eclat', 'fpgrowth']","{'emp_new', 'cluster_2_ambisius'} -> {'credit_large', 'age_senior'}",apriori+eclat+fpgrowth,3,True
"['cluster_2_ambisius', 'emp_new'] -> ['age_senior']",0.09880362712005634,0.6121555956954232,1.802077569989989,"['apriori', 'eclat', 'fpgrowth', 'fpgrowth_cluster2']","{'emp_new', 'cluster_2_ambisius'} -> {'age_senior'}",apriori+eclat+fpgrowth+fpgrowth_cluster2,4,True
"['cluster_2_ambisius', 'emp_new'] -> ['burden_high']",0.04841475909110047,0.43880224896328895,1.316403051775267,"['apriori', 'eclat', 'fpgrowth']","{'emp_new', 'cluster_2_ambisius'} -> {'burden_high'}",apriori+eclat+fpgrowth,3,True
"['cluster_2_ambisius', 'emp_new'] -> ['credit_large']",0.06907411825798936,0.626046251303839,1.9440076289855062,"['apriori', 'eclat', 'fpgrowth']","{'emp_new', 'cluster_2_ambisius'} -> {'credit_large'}",apriori+eclat+fpgrowth,3,True
"['cluster_2_ambisius', 'emp_new'] -> ['risk_score_high']",0.047115128208726896,0.42702317653344185,1.281065933676244,"['apriori', 'eclat', 'fpgrowth']","{'emp_new', 'cluster_2_ambisius'} -> {'risk_score_high'}",apriori+eclat+fpgrowth,3,True
"['cluster_2_ambisius', 'emp_senior', 'income_very_high'] -> ['burden_med', 'credit_large']",0.06357502461201066,0.5083519999999999,1.850935202191525,['fpgrowth_cluster2'],"{'income_very_high', 'emp_senior', 'cluster_2_ambisius'} -> {'credit_large', 'burden_med'}",fpgrowth_cluster2,1,False
"['cluster_2_ambisius', 'emp_senior', 'income_very_high'] -> ['burden_med']",0.07891851223397017,0.6310399999999999,1.5869549034842292,['fpgrowth_cluster2'],"{'income_very_high', 'emp_senior', 'cluster_2_ambisius'} -> {'burden_med'}",fpgrowth_cluster2,1,False
"['cluster_2_ambisius', 'emp_senior', 'income_very_high'] -> ['credit_large']",0.03651878570125332,0.8326399999999999,2.58552544452967,"['apriori', 'eclat', 'fpgrowth']","{'income_very_high', 'emp_senior', 'cluster_2_ambisius'} -> {'credit_large'}",apriori+eclat+fpgrowth,3,True
"['cluster_2_ambisius', 'emp_senior', 'risk_score_high'] -> ['age_mid']",0.031106931832535684,0.4858821466152226,1.4578878831520246,"['apriori', 'eclat', 'fpgrowth']","{'risk_score_high', 'emp_senior', 'cluster_2_ambisius'} -> {'age_mid'}",apriori+eclat+fpgrowth,3,True
"['cluster_2_ambisius', 'emp_senior', 'risk_score_high'] -> ['credit_large']",0.04372149162818768,0.6829182742897228,2.120607435038397,"['apriori', 'eclat', 'fpgrowth']","{'risk_score_high', 'emp_senior', 'cluster_2_ambisius'} -> {'credit_large'}",apriori+eclat+fpgrowth,3,True
"['cluster_2_ambisius', 'emp_senior'] -> ['age_mid']",0.06367068532371475,0.47819120902287343,1.4348112486140534,"['apriori', 'eclat', 'fpgrowth']","{'emp_senior', 'cluster_2_ambisius'} -> {'age_mid'}",apriori+eclat+fpgrowth,3,True
"['cluster_2_ambisius', 'emp_senior'] -> ['burden_high']",0.0595584623373707,0.44730684094023404,1.3419167560896919,"['apriori', 'eclat', 'fpgrowth']","{'emp_senior', 'cluster_2_ambisius'} -> {'burden_high'}",apriori+eclat+fpgrowth,3,True
"['cluster_2_ambisius', 'emp_senior'] -> ['burden_med']",0.055367643962891754,0.4158321914198377,1.2475350941007366,"['apriori', 'eclat', 'fpgrowth']","{'emp_senior', 'cluster_2_ambisius'} -> {'burden_med'}",apriori+eclat+fpgrowth,3,True
"['cluster_2_ambisius', 'emp_senior'] -> ['credit_large']",0.09165906443418338,0.6883946453041004,2.137612739373233,"['apriori', 'eclat', 'fpgrowth']","{'emp_senior', 'cluster_2_ambisius'} -> {'credit_large'}",apriori+eclat+fpgrowth,3,True
"['cluster_2_ambisius', 'emp_senior'] -> ['risk_score_high']",0.06402155759217415,0.4808263940128598,1.4424751330424022,"['apriori', 'eclat', 'fpgrowth']","{'emp_senior', 'cluster_2_ambisius'} -> {'risk_score_high'}",apriori+eclat+fpgrowth,3,True
"['cluster_2_ambisius', 'income_high'] -> ['burden_high', 'credit_large']",0.04066469242536947,0.42516288078887127,2.803220293069779,"['apriori', 'eclat', 'fpgrowth']","{'income_high', 'cluster_2_ambisius'} -> {'credit_large', 'burden_high'}",apriori+eclat+fpgrowth,3,True
"['cluster_2_ambisius', 'income_high'] -> ['burden_high']",0.04799651934709689,0.5018195691729764,1.5054544817410964,"['apriori', 'eclat', 'fpgrowth']","{'income_high', 'cluster_2_ambisius'} -> {'burden_high'}",apriori+eclat+fpgrowth,3,True
"['cluster_2_ambisius', 'income_high'] -> ['burden_med']",0.041534855651148755,0.43426072665375354,1.3028224068955518,"['apriori', 'eclat', 'fpgrowth']","{'income_high', 'cluster_2_ambisius'} -> {'burden_med'}",apriori+eclat+fpgrowth,3,True
"['cluster_2_ambisius', 'income_high'] -> ['credit_large']",0.07026708397075129,0.7346657275341903,2.2812943550196376,"['apriori', 'eclat', 'fpgrowth']","{'income_high', 'cluster_2_ambisius'} -> {'credit_large'}",apriori+eclat+fpgrowth,3,True
"['cluster_2_ambisius', 'income_high'] -> ['risk_score_high']",0.04197555122033375,0.43886834536596825,1.3166013404267127,"['apriori', 'eclat', 'fpgrowth']","{'income_high', 'cluster_2_ambisius'} -> {'risk_score_high'}",apriori+eclat+fpgrowth,3,True
"['cluster_2_ambisius', 'income_low', 'risk_score_high'] -> ['credit_med']",0.05357014222940795,0.5409796314258002,1.666078046014298,['fpgrowth_cluster2'],"{'risk_score_high', 'income_low', 'cluster_2_ambisius'} -> {'credit_med'}",fpgrowth_cluster2,1,False
"['cluster_2_ambisius', 'income_low', 'risk_score_med'] -> ['credit_med']",0.050728755632748784,0.5493629193031118,1.6918964152734046,['fpgrowth_cluster2'],"{'income_low', 'cluster_2_ambisius', 'risk_score_med'} -> {'credit_med'}",fpgrowth_cluster2,1,False
"['cluster_2_ambisius', 'income_low'] -> ['age_senior']",0.04087240880829743,0.44616374555705357,1.3385889288078296,"['apriori', 'eclat', 'fpgrowth']","{'income_low', 'cluster_2_ambisius'} -> {'age_senior'}",apriori+eclat+fpgrowth,3,True
"['cluster_2_ambisius', 'income_low'] -> ['burden_high']",0.03762754206958499,0.41074273808064715,1.23222475541398,"['apriori', 'eclat', 'fpgrowth']","{'income_low', 'cluster_2_ambisius'} -> {'burden_high'}",apriori+eclat+fpgrowth,3,True
"['cluster_2_ambisius', 'income_low'] -> ['burden_low']",0.03703807665857321,0.4043081259958328,1.2128903324209122,"['apriori', 'eclat', 'fpgrowth']","{'income_low', 'cluster_2_ambisius'} -> {'burden_low'}",apriori+eclat+fpgrowth,3,True
"['cluster_2_ambisius', 'income_low'] -> ['credit_large']",0.040529957474281064,0.44242554234587567,1.3738260197025134,"['apriori', 'eclat', 'fpgrowth']","{'income_low', 'cluster_2_ambisius'} -> {'credit_large'}",apriori+eclat+fpgrowth,3,True
"['cluster_2_ambisius', 'income_low'] -> ['credit_med']",0.07309053955352851,0.5454099767128324,1.6093007949143132,"['apriori', 'eclat', 'fpgrowth', 'fpgrowth_cluster2']","{'income_low', 'cluster_2_ambisius'} -> {'credit_med'}",apriori+eclat+fpgrowth+fpgrowth_cluster2,4,True
"['cluster_2_ambisius', 'income_low'] -> ['emp_new']",0.03823384934948281,0.4173611962250276,1.2518692365300508,"['apriori', 'eclat', 'fpgrowth']","{'income_low', 'cluster_2_ambisius'} -> {'emp_new'}",apriori+eclat+fpgrowth,3,True
"['cluster_2_ambisius', 'income_med'] -> ['burden_high']",0.03577212951397173,0.5958481391434449,1.7875393998463014,"['apriori', 'eclat', 'fpgrowth']","{'income_med', 'cluster_2_ambisius'} -> {'burden_high'}",apriori+eclat+fpgrowth,3,True
"['cluster_2_ambisius', 'income_med'] -> ['credit_large']",0.03768368163253849,0.6276884234149991,1.9491069249329762,"['apriori', 'eclat', 'fpgrowth']","{'income_med', 'cluster_2_ambisius'} -> {'credit_large'}",apriori+eclat+fpgrowth,3,True
"['cluster_2_ambisius', 'income_very_high', 'risk_score_high'] -> ['burden_med']",0.04461397259826332,0.6124922487175151,1.7632277530841556,"['apriori', 'eclat', 'fpgrowth', 'fpgrowth_cluster2']","{'risk_score_high', 'income_very_high', 'cluster_2_ambisius'} -> {'burden_med'}",apriori+eclat+fpgrowth+fpgrowth_cluster2,4,True
"['cluster_2_ambisius', 'income_very_high', 'risk_score_high'] -> ['credit_large']",0.04068153429425552,0.8170133603923558,2.5370013833290805,"['apriori', 'eclat', 'fpgrowth']","{'risk_score_high', 'income_very_high', 'cluster_2_ambisius'} -> {'credit_large'}",apriori+eclat+fpgrowth,3,True
"['cluster_2_ambisius', 'income_very_high', 'risk_score_med'] -> ['burden_med']",0.05894876699829517,0.625371486796298,1.5726995871428247,['fpgrowth_cluster2'],"{'income_very_high', 'risk_score_med', 'cluster_2_ambisius'} -> {'burden_med'}",fpgrowth_cluster2,1,False
"['cluster_2_ambisius', 'income_very_high'] -> ['age_mid']",0.042778346970568835,0.41366955294373114,1.2412142184412709,"['apriori', 'eclat', 'fpgrowth']","{'income_very_high', 'cluster_2_ambisius'} -> {'age_mid'}",apriori+eclat+fpgrowth,3,True
"['cluster_2_ambisius', 'income_very_high'] -> ['burden_med', 'credit_large']",0.07750882160743842,0.5123639423468418,3.123435237475043,"['apriori', 'eclat', 'fpgrowth', 'fpgrowth_cluster2']","{'income_very_high', 'cluster_2_ambisius'} -> {'credit_large', 'burden_med'}",apriori+eclat+fpgrowth+fpgrowth_cluster2,4,True
"['cluster_2_ambisius', 'income_very_high'] -> ['burden_med']",0.09399114889776783,0.6213186395591868,1.7886369518522873,"['apriori', 'eclat', 'fpgrowth', 'fpgrowth_cluster2']","{'income_very_high', 'cluster_2_ambisius'} -> {'burden_med'}",apriori+eclat+fpgrowth+fpgrowth_cluster2,4,True
"['cluster_2_ambisius', 'income_very_high'] -> ['credit_large', 'emp_senior']",0.03651878570125332,0.3531391656035396,2.7626947481683204,"['apriori', 'eclat', 'fpgrowth']","{'income_very_high', 'cluster_2_ambisius'} -> {'credit_large', 'emp_senior'}",apriori+eclat+fpgrowth,3,True
"['cluster_2_ambisius', 'income_very_high'] -> ['credit_large', 'risk_score_high']",0.04068153429425552,0.3933932303683396,3.0251317839076335,"['apriori', 'eclat', 'fpgrowth']","{'income_very_high', 'cluster_2_ambisius'} -> {'credit_large', 'risk_score_high'}",apriori+eclat+fpgrowth,3,True
"['cluster_2_ambisius', 'income_very_high'] -> ['credit_large']",0.08720158313567529,0.8432452973589207,2.61845716312149,"['apriori', 'eclat', 'fpgrowth']","{'income_very_high', 'cluster_2_ambisius'} -> {'credit_large'}",apriori+eclat+fpgrowth,3,True
"['cluster_2_ambisius', 'income_very_high'] -> ['emp_senior']",0.04385903355742376,0.4241198664531365,1.2728705268842004,"['apriori', 'eclat', 'fpgrowth']","{'income_very_high', 'cluster_2_ambisius'} -> {'emp_senior'}",apriori+eclat+fpgrowth,3,True
"['cluster_2_ambisius', 'income_very_high'] -> ['risk_score_high']",0.049792985361608956,0.48150158790478,1.4445007090324156,"['apriori', 'eclat', 'fpgrowth']","{'income_very_high', 'cluster_2_ambisius'} -> {'risk_score_high'}",apriori+eclat+fpgrowth,3,True
"['cluster_2_ambisius', 'risk_score_high'] -> ['age_senior']",0.06510224417902907,0.43054446898958587,1.2917276791043255,"['apriori', 'eclat', 'fpgrowth']","{'risk_score_high', 'cluster_2_ambisius'} -> {'age_senior'}",apriori+eclat+fpgrowth,3,True
"['cluster_2_ambisius', 'risk_score_high'] -> ['burden_high']",0.06805237821223561,0.450054762479348,1.3501604975670312,"['apriori', 'eclat', 'fpgrowth']","{'risk_score_high', 'cluster_2_ambisius'} -> {'burden_high'}",apriori+eclat+fpgrowth,3,True
"['cluster_2_ambisius', 'risk_score_high'] -> ['burden_med']",0.061548609844072365,0.4070430117507286,1.2211667409241067,"['apriori', 'eclat', 'fpgrowth']","{'risk_score_high', 'cluster_2_ambisius'} -> {'burden_med'}",apriori+eclat+fpgrowth,3,True
"['cluster_2_ambisius', 'risk_score_high'] -> ['credit_large']",0.10013333146201457,0.6622176019603111,2.056327416030704,"['apriori', 'eclat', 'fpgrowth']","{'risk_score_high', 'cluster_2_ambisius'} -> {'credit_large'}",apriori+eclat+fpgrowth,3,True
"['cluster_2_ambisius', 'risk_score_high'] -> ['emp_senior']",0.06402155759217415,0.4233975013458576,1.270702561345603,"['apriori', 'eclat', 'fpgrowth']","{'risk_score_high', 'cluster_2_ambisius'} -> {'emp_senior'}",apriori+eclat+fpgrowth,3,True
"['cluster_2_ambisius', 'risk_score_low'] -> ['age_young']",0.035603710825111226,0.4358762886597938,1.3073169491201788,"['apriori', 'eclat', 'fpgrowth']","{'risk_score_low', 'cluster_2_ambisius'} -> {'age_young'}",apriori+eclat+fpgrowth,3,True
"['cluster_2_ambisius', 'risk_score_low'] -> ['burden_high']",0.03747877222775821,0.4588316151202749,1.3764909815807187,"['apriori', 'eclat', 'fpgrowth']","{'risk_score_low', 'cluster_2_ambisius'} -> {'burden_high'}",apriori+eclat+fpgrowth,3,True
"['cluster_2_ambisius', 'risk_score_low'] -> ['credit_large']",0.05702376107002007,0.6981099656357387,2.1677808887765857,"['apriori', 'eclat', 'fpgrowth']","{'risk_score_low', 'cluster_2_ambisius'} -> {'credit_large'}",apriori+eclat+fpgrowth,3,True
"['cluster_2_ambisius', 'risk_score_med'] -> ['burden_high']",0.05277961011073529,0.4480104836788182,1.344027678380132,"['apriori', 'eclat', 'fpgrowth']","{'risk_score_med', 'cluster_2_ambisius'} -> {'burden_high'}",apriori+eclat+fpgrowth,3,True
"['cluster_2_ambisius', 'risk_score_med'] -> ['credit_large']",0.07852521368121149,0.6665475339528234,2.069772781782678,"['apriori', 'eclat', 'fpgrowth']","{'risk_score_med', 'cluster_2_ambisius'} -> {'credit_large'}",apriori+eclat+fpgrowth,3,True
['cluster_2_ambisius'] -> ['burden_high'],0.15831076055072912,0.4514122891971282,1.3542330662887607,"['apriori', 'eclat', 'fpgrowth']",{'cluster_2_ambisius'} -> {'burden_high'},apriori+eclat+fpgrowth,3,True
['cluster_2_ambisius'] -> ['credit_large'],0.23568230621324612,0.672031951592377,2.0868030726112394,"['apriori', 'eclat', 'fpgrowth']",{'cluster_2_ambisius'} -> {'credit_large'},apriori+eclat+fpgrowth,3,True
['cluster_2_ambisius'] -> ['risk_score_high'],0.15120910583711106,0.43116240725474037,1.2934835909840465,"['apriori', 'eclat', 'fpgrowth']",{'cluster_2_ambisius'} -> {'risk_score_high'},apriori+eclat+fpgrowth,3,True
"['cluster_3_cc_intensif', 'credit_large', 'income_very_high'] -> ['burden_med']",0.10730484162395369,0.7298720842738902,1.83612254669978,['fpgrowth_cluster3'],"{'credit_large', 'cluster_3_cc_intensif', 'income_very_high'} -> {'burden_med'}",fpgrowth_cluster3,1,False
"['cluster_3_cc_intensif', 'credit_med', 'emp_new'] -> ['age_senior']",0.06401415981415244,0.5550759392486012,1.785447087709977,['fpgrowth_cluster3'],"{'emp_new', 'cluster_3_cc_intensif', 'credit_med'} -> {'age_senior'}",fpgrowth_cluster3,1,False
"['cluster_3_cc_intensif', 'credit_med', 'income_very_high'] -> ['burden_med']",0.07312216527158082,0.7171790235081374,1.8041909033874934,['fpgrowth_cluster3'],"{'cluster_3_cc_intensif', 'income_very_high', 'credit_med'} -> {'burden_med'}",fpgrowth_cluster3,1,False
"['cluster_3_cc_intensif', 'credit_small', 'emp_mid'] -> ['burden_low']",0.06233636933515248,0.6597073170731708,1.989945245726858,['fpgrowth_cluster3'],"{'emp_mid', 'cluster_3_cc_intensif', 'credit_small'} -> {'burden_low'}",fpgrowth_cluster3,1,False
"['cluster_3_cc_intensif', 'credit_small', 'emp_senior'] -> ['burden_low']",0.05824329805671301,0.6668777707409753,2.0115742466742126,['fpgrowth_cluster3'],"{'cluster_3_cc_intensif', 'credit_small', 'emp_senior'} -> {'burden_low'}",fpgrowth_cluster3,1,False
"['cluster_3_cc_intensif', 'credit_small', 'income_high'] -> ['burden_low']",0.05306242855562521,0.81994301994302,2.4732812143745906,['fpgrowth_cluster3'],"{'cluster_3_cc_intensif', 'credit_small', 'income_high'} -> {'burden_low'}",fpgrowth_cluster3,1,False
"['cluster_3_cc_intensif', 'credit_small', 'income_low'] -> ['burden_high']",0.056768317415833915,0.5384749912556838,1.9871951129976033,['fpgrowth_cluster3'],"{'cluster_3_cc_intensif', 'income_low', 'credit_small'} -> {'burden_high'}",fpgrowth_cluster3,1,False
"['cluster_3_cc_intensif', 'credit_small', 'risk_score_low'] -> ['age_young']",0.054777093550647145,0.5126833477135461,1.7177489135957074,['fpgrowth_cluster3'],"{'cluster_3_cc_intensif', 'credit_small', 'risk_score_low'} -> {'age_young'}",fpgrowth_cluster3,1,False
"['cluster_3_cc_intensif', 'credit_small', 'risk_score_low'] -> ['burden_low']",0.07074375898816328,0.6621225194132873,1.9972304770556628,['fpgrowth_cluster3'],"{'cluster_3_cc_intensif', 'credit_small', 'risk_score_low'} -> {'burden_low'}",fpgrowth_cluster3,1,False
"['cluster_3_cc_intensif', 'credit_small', 'risk_score_med'] -> ['burden_low']",0.05451897193849331,0.6390749945969311,1.9277097801539596,['fpgrowth_cluster3'],"{'cluster_3_cc_intensif', 'risk_score_med', 'credit_small'} -> {'burden_low'}",fpgrowth_cluster3,1,False
"['cluster_3_cc_intensif', 'credit_small'] -> ['burden_low']",0.16776061064198533,0.646281696143192,1.9494481194268642,['fpgrowth_cluster3'],"{'cluster_3_cc_intensif', 'credit_small'} -> {'burden_low'}",fpgrowth_cluster3,1,False
"['cluster_3_cc_intensif', 'emp_mid', 'income_very_high'] -> ['burden_med']",0.0670009956119326,0.674962852897474,1.6979886463568274,['fpgrowth_cluster3'],"{'emp_mid', 'cluster_3_cc_intensif', 'income_very_high'} -> {'burden_med'}",fpgrowth_cluster3,1,False
"['cluster_3_cc_intensif', 'emp_mid', 'risk_score_low'] -> ['age_young']",0.08046019395995428,0.5657246564687581,1.8954641658977331,['fpgrowth_cluster3'],"{'emp_mid', 'risk_score_low', 'cluster_3_cc_intensif'} -> {'age_young'}",fpgrowth_cluster3,1,False
"['cluster_3_cc_intensif', 'emp_new', 'income_low'] -> ['age_senior']",0.05606770161141635,0.6311747613117477,2.030225163327397,['fpgrowth_cluster3'],"{'emp_new', 'cluster_3_cc_intensif', 'income_low'} -> {'age_senior'}",fpgrowth_cluster3,1,False
"['cluster_3_cc_intensif', 'emp_new', 'risk_score_high'] -> ['age_senior']",0.06161731627272392,0.6883625128733265,2.2141742363434638,['fpgrowth_cluster3'],"{'risk_score_high', 'emp_new', 'cluster_3_cc_intensif'} -> {'age_senior'}",fpgrowth_cluster3,1,False
"['cluster_3_cc_intensif', 'emp_new', 'risk_score_med'] -> ['age_senior']",0.052564622589328515,0.5726049407511549,1.8418305525122252,['fpgrowth_cluster3'],"{'emp_new', 'cluster_3_cc_intensif', 'risk_score_med'} -> {'age_senior'}",fpgrowth_cluster3,1,False
"['cluster_3_cc_intensif', 'emp_new'] -> ['age_senior']",0.15293705520115047,0.5465146923178285,1.7579091378208032,['fpgrowth_cluster3'],"{'emp_new', 'cluster_3_cc_intensif'} -> {'age_senior'}",fpgrowth_cluster3,1,False
"['cluster_3_cc_intensif', 'emp_senior', 'income_very_high'] -> ['burden_med']",0.08289391201740477,0.6728524393894043,1.692679527254291,['fpgrowth_cluster3'],"{'cluster_3_cc_intensif', 'income_very_high', 'emp_senior'} -> {'burden_med'}",fpgrowth_cluster3,1,False
"['cluster_3_cc_intensif', 'emp_senior', 'income_very_high'] -> ['credit_large']",0.06807035657656993,0.5525291828793774,1.5978713847513553,['fpgrowth_cluster3'],"{'cluster_3_cc_intensif', 'income_very_high', 'emp_senior'} -> {'credit_large'}",fpgrowth_cluster3,1,False
"['cluster_3_cc_intensif', 'income_very_high', 'risk_score_high'] -> ['burden_med']",0.06821785464065784,0.6589492430988424,1.6577035736175796,['fpgrowth_cluster3'],"{'risk_score_high', 'cluster_3_cc_intensif', 'income_very_high'} -> {'burden_med'}",fpgrowth_cluster3,1,False
"['cluster_3_cc_intensif', 'income_very_high', 'risk_score_high'] -> ['credit_large']",0.06104576127438328,0.5896705253784507,1.705281255957153,['fpgrowth_cluster3'],"{'risk_score_high', 'cluster_3_cc_intensif', 'income_very_high'} -> {'credit_large'}",fpgrowth_cluster3,1,False
"['cluster_3_cc_intensif', 'income_very_high', 'risk_score_low'] -> ['burden_med']",0.05979202772963605,0.667283950617284,1.6786710071233881,['fpgrowth_cluster3'],"{'cluster_3_cc_intensif', 'income_very_high', 'risk_score_low'} -> {'burden_med'}",fpgrowth_cluster3,1,False
"['cluster_3_cc_intensif', 'income_very_high', 'risk_score_med'] -> ['burden_med']",0.0626129282053173,0.6768985449471796,1.7028582226737072,['fpgrowth_cluster3'],"{'cluster_3_cc_intensif', 'income_very_high', 'risk_score_med'} -> {'burden_med'}",fpgrowth_cluster3,1,False
"['cluster_3_cc_intensif', 'income_very_high'] -> ['burden_med']",0.1906228105756112,0.6673767105602891,1.678904361195221,['fpgrowth_cluster3'],"{'cluster_3_cc_intensif', 'income_very_high'} -> {'burden_med'}",fpgrowth_cluster3,1,False
"['cluster_4_bermasalah', 'credit_large', 'emp_new'] -> ['age_senior']",0.05748344370860927,0.6011080332409972,1.619687955378133,['fpgrowth_cluster4'],"{'emp_new', 'cluster_4_bermasalah', 'credit_large'} -> {'age_senior'}",fpgrowth_cluster4,1,False
"['cluster_4_bermasalah', 'credit_large', 'income_very_high'] -> ['burden_med']",0.07390728476821191,0.6838235294117646,1.9675562679340024,['fpgrowth_cluster4'],"{'cluster_4_bermasalah', 'income_very_high', 'credit_large'} -> {'burden_med'}",fpgrowth_cluster4,1,False
"['cluster_4_bermasalah', 'credit_med', 'emp_new'] -> ['age_senior']",0.0776158940397351,0.5756385068762279,1.551060216600828,['fpgrowth_cluster4'],"{'emp_new', 'cluster_4_bermasalah', 'credit_med'} -> {'age_senior'}",fpgrowth_cluster4,1,False
"['cluster_4_bermasalah', 'credit_med', 'income_high'] -> ['burden_med']",0.055894039735099335,0.5314861460957179,1.5292379584690052,['fpgrowth_cluster4'],"{'cluster_4_bermasalah', 'income_high', 'credit_med'} -> {'burden_med'}",fpgrowth_cluster4,1,False
"['cluster_4_bermasalah', 'credit_small', 'emp_mid'] -> ['burden_low']",0.05324503311258278,0.5860058309037901,1.8972315708934886,['fpgrowth_cluster4'],"{'emp_mid', 'credit_small', 'cluster_4_bermasalah'} -> {'burden_low'}",fpgrowth_cluster4,1,False
"['cluster_4_bermasalah', 'credit_small', 'emp_new', 'income_low'] -> ['age_senior']",0.061456953642384106,0.6987951807228915,1.8829063577651073,['fpgrowth_cluster4'],"{'emp_new', 'income_low', 'credit_small', 'cluster_4_bermasalah'} -> {'age_senior'}",fpgrowth_cluster4,1,False
"['cluster_4_bermasalah', 'credit_small', 'emp_new', 'income_low'] -> ['burden_high']",0.05880794701986755,0.6686746987951807,1.9462197285673148,['fpgrowth_cluster4'],"{'emp_new', 'income_low', 'credit_small', 'cluster_4_bermasalah'} -> {'burden_high'}",fpgrowth_cluster4,1,False
"['cluster_4_bermasalah', 'credit_small', 'emp_new'] -> ['age_senior']",0.08635761589403973,0.63671875,1.7156411714846538,['fpgrowth_cluster4'],"{'emp_new', 'credit_small', 'cluster_4_bermasalah'} -> {'age_senior'}",fpgrowth_cluster4,1,False
"['cluster_4_bermasalah', 'credit_small', 'emp_new'] -> ['income_low']",0.08794701986754967,0.6484375,1.7854497173595916,['fpgrowth_cluster4'],"{'emp_new', 'credit_small', 'cluster_4_bermasalah'} -> {'income_low'}",fpgrowth_cluster4,1,False
"['cluster_4_bermasalah', 'credit_small', 'income_low'] -> ['burden_high']",0.1080794701986755,0.602658788774003,1.7540762741880196,['fpgrowth_cluster4'],"{'cluster_4_bermasalah', 'income_low', 'credit_small'} -> {'burden_high'}",fpgrowth_cluster4,1,False
"['cluster_4_bermasalah', 'credit_small', 'risk_score_low'] -> ['burden_low']",0.061456953642384106,0.5167037861915368,1.6728617434588777,['fpgrowth_cluster4'],"{'cluster_4_bermasalah', 'risk_score_low', 'credit_small'} -> {'burden_low'}",fpgrowth_cluster4,1,False
"['cluster_4_bermasalah', 'credit_small', 'risk_score_low'] -> ['income_low']",0.06675496688741722,0.5612472160356348,1.5453743548756538,['fpgrowth_cluster4'],"{'cluster_4_bermasalah', 'risk_score_low', 'credit_small'} -> {'income_low'}",fpgrowth_cluster4,1,False
"['cluster_4_bermasalah', 'credit_small', 'risk_score_med'] -> ['income_low']",0.06357615894039735,0.5714285714285714,1.5734083567781598,['fpgrowth_cluster4'],"{'cluster_4_bermasalah', 'risk_score_med', 'credit_small'} -> {'income_low'}",fpgrowth_cluster4,1,False
"['cluster_4_bermasalah', 'credit_small'] -> ['income_low']",0.17933774834437086,0.5604304635761589,1.5431254558716265,['fpgrowth_cluster4'],"{'cluster_4_bermasalah', 'credit_small'} -> {'income_low'}",fpgrowth_cluster4,1,False
"['cluster_4_bermasalah', 'emp_mid', 'risk_score_low'] -> ['age_young']",0.05933774834437086,0.5572139303482587,2.0888605631228168,['fpgrowth_cluster4'],"{'emp_mid', 'risk_score_low', 'cluster_4_bermasalah'} -> {'age_young'}",fpgrowth_cluster4,1,False
"['cluster_4_bermasalah', 'emp_new', 'income_low'] -> ['age_senior']",0.11470198675496689,0.6983870967741936,1.8818067739632984,['fpgrowth_cluster4'],"{'emp_new', 'income_low', 'cluster_4_bermasalah'} -> {'age_senior'}",fpgrowth_cluster4,1,False
"['cluster_4_bermasalah', 'emp_new', 'income_low'] -> ['burden_high']",0.08874172185430464,0.5403225806451614,1.5726428233889624,['fpgrowth_cluster4'],"{'emp_new', 'income_low', 'cluster_4_bermasalah'} -> {'burden_high'}",fpgrowth_cluster4,1,False
"['cluster_4_bermasalah', 'emp_new', 'income_low'] -> ['credit_small']",0.08794701986754967,0.535483870967742,1.6733870967741937,['fpgrowth_cluster4'],"{'emp_new', 'income_low', 'cluster_4_bermasalah'} -> {'credit_small'}",fpgrowth_cluster4,1,False
"['cluster_4_bermasalah', 'emp_new', 'risk_score_high'] -> ['age_senior']",0.07735099337748344,0.7156862745098038,1.9284194762844464,['fpgrowth_cluster4'],"{'risk_score_high', 'emp_new', 'cluster_4_bermasalah'} -> {'age_senior'}",fpgrowth_cluster4,1,False
"['cluster_4_bermasalah', 'emp_new', 'risk_score_med'] -> ['age_senior']",0.08052980132450331,0.6204081632653061,1.6716922314964529,['fpgrowth_cluster4'],"{'emp_new', 'risk_score_med', 'cluster_4_bermasalah'} -> {'age_senior'}",fpgrowth_cluster4,1,False
"['cluster_4_bermasalah', 'emp_new'] -> ['age_senior']",0.2214569536423841,0.6049204052098408,1.6299604066146673,['fpgrowth_cluster4'],"{'emp_new', 'cluster_4_bermasalah'} -> {'age_senior'}",fpgrowth_cluster4,1,False
"['cluster_4_bermasalah', 'emp_senior', 'income_very_high'] -> ['burden_med']",0.056688741721854306,0.6666666666666667,1.9181910569105691,['fpgrowth_cluster4'],"{'cluster_4_bermasalah', 'income_very_high', 'emp_senior'} -> {'burden_med'}",fpgrowth_cluster4,1,False
"['cluster_4_bermasalah', 'income_low', 'risk_score_high'] -> ['age_senior']",0.060132450331125825,0.5820512820512821,1.5683394644850748,['fpgrowth_cluster4'],"{'risk_score_high', 'income_low', 'cluster_4_bermasalah'} -> {'age_senior'}",fpgrowth_cluster4,1,False
"['cluster_4_bermasalah', 'income_low', 'risk_score_low'] -> ['credit_small']",0.06675496688741722,0.5142857142857143,1.6071428571428572,['fpgrowth_cluster4'],"{'cluster_4_bermasalah', 'risk_score_low', 'income_low'} -> {'credit_small'}",fpgrowth_cluster4,1,False
"['cluster_4_bermasalah', 'income_low', 'risk_score_med'] -> ['burden_high']",0.06754966887417219,0.5193482688391039,1.5115957709079548,['fpgrowth_cluster4'],"{'cluster_4_bermasalah', 'income_low', 'risk_score_med'} -> {'burden_high'}",fpgrowth_cluster4,1,False
"['cluster_4_bermasalah', 'income_very_high'] -> ['burden_med']",0.12821192052980132,0.6585034013605442,1.8947030031524803,['fpgrowth_cluster4'],"{'cluster_4_bermasalah', 'income_very_high'} -> {'burden_med'}",fpgrowth_cluster4,1,False
"['cluster_4_bermasalah', 'income_very_high'] -> ['credit_large']",0.1080794701986755,0.5551020408163265,1.791034362462934,['fpgrowth_cluster4'],"{'cluster_4_bermasalah', 'income_very_high'} -> {'credit_large'}",fpgrowth_cluster4,1,False
"['credit_large', 'emp_mid', 'income_very_high'] -> ['burden_med', 'cluster_2_ambisius']",0.05164920481194823,0.6082571401640117,1.52966000754718,['fpgrowth_cluster2'],"{'emp_mid', 'income_very_high', 'credit_large'} -> {'burden_med', 'cluster_2_ambisius'}",fpgrowth_cluster2,1,False
"['credit_large', 'emp_mid', 'income_very_high'] -> ['burden_med']",0.05164920481194823,0.6082571401640117,1.52966000754718,['fpgrowth_cluster2'],"{'emp_mid', 'income_very_high', 'credit_large'} -> {'burden_med'}",fpgrowth_cluster2,1,False
"['credit_large', 'emp_mid'] -> ['age_mid']",0.04272220740761532,0.4212332558396989,1.263909085664959,"['apriori', 'eclat', 'fpgrowth']","{'credit_large', 'emp_mid'} -> {'age_mid'}",apriori+eclat+fpgrowth,3,True
"['credit_large', 'emp_mid'] -> ['burden_high', 'cluster_2_ambisius']",0.03810472835468976,0.3757057455994686,2.373216730767189,"['apriori', 'eclat', 'fpgrowth']","{'credit_large', 'emp_mid'} -> {'burden_high', 'cluster_2_ambisius'}",apriori+eclat+fpgrowth,3,True
"['credit_large', 'emp_mid'] -> ['burden_high']",0.04795160769673409,0.47279419904793535,1.4183786157860263,"['apriori', 'eclat', 'fpgrowth']","{'credit_large', 'emp_mid'} -> {'burden_high'}",apriori+eclat+fpgrowth,3,True
"['credit_large', 'emp_mid'] -> ['burden_med']",0.04630110454590111,0.4565205358131297,1.369603896369678,"['apriori', 'eclat', 'fpgrowth']","{'credit_large', 'emp_mid'} -> {'burden_med'}",apriori+eclat+fpgrowth,3,True
"['credit_large', 'emp_mid'] -> ['cluster_2_ambisius']",0.07494912352107339,0.7389848333886859,2.1071646308909653,"['apriori', 'eclat', 'fpgrowth']","{'credit_large', 'emp_mid'} -> {'cluster_2_ambisius'}",apriori+eclat+fpgrowth,3,True
"['credit_large', 'emp_mid'] -> ['income_very_high']",0.042691330647990904,0.4209288165614968,1.7727626852360328,"['apriori', 'eclat', 'fpgrowth']","{'credit_large', 'emp_mid'} -> {'income_very_high'}",apriori+eclat+fpgrowth,3,True
"['credit_large', 'emp_new', 'risk_score_high'] -> ['age_senior', 'cluster_2_ambisius']",0.05473871249169595,0.6648843087692008,1.844810692072113,['fpgrowth_cluster2'],"{'risk_score_high', 'emp_new', 'credit_large'} -> {'age_senior', 'cluster_2_ambisius'}",fpgrowth_cluster2,1,False
"['credit_large', 'emp_new', 'risk_score_high'] -> ['age_senior']",0.05473871249169595,0.6648843087692008,1.844810692072113,['fpgrowth_cluster2'],"{'risk_score_high', 'emp_new', 'credit_large'} -> {'age_senior'}",fpgrowth_cluster2,1,False
"['credit_large', 'emp_new'] -> ['age_senior', 'cluster_1_veteran']",0.05046328689862816,0.7196855155730268,1.6732821282213786,['fpgrowth_cluster1'],"{'emp_new', 'credit_large'} -> {'cluster_1_veteran', 'age_senior'}",fpgrowth_cluster1,1,False
"['credit_large', 'emp_new'] -> ['age_senior', 'cluster_2_ambisius']",0.057433560490741754,0.45942673270059853,2.904872570560599,"['apriori', 'eclat', 'fpgrowth', 'fpgrowth_cluster2']","{'credit_large', 'emp_new'} -> {'age_senior', 'cluster_2_ambisius'}",apriori+eclat+fpgrowth+fpgrowth_cluster2,4,True
"['credit_large', 'emp_new'] -> ['age_senior', 'cluster_4_bermasalah']",0.05748344370860927,0.6011080332409972,1.619687955378133,['fpgrowth_cluster4'],"{'emp_new', 'credit_large'} -> {'cluster_4_bermasalah', 'age_senior'}",fpgrowth_cluster4,1,False
"['credit_large', 'emp_new'] -> ['age_senior']",0.06360076110417079,0.6053083915903339,1.6830709684916034,"['apriori', 'eclat', 'fpgrowth', 'fpgrowth_cluster1', 'fpgrowth_cluster2', 'fpgrowth_cluster4']","{'credit_large', 'emp_new'} -> {'age_senior'}",apriori+eclat+fpgrowth+fpgrowth_cluster1+fpgrowth_cluster2+fpgrowth_cluster4,6,True
"['credit_large', 'emp_new'] -> ['burden_high', 'cluster_2_ambisius']",0.034348991593100446,0.3701675842458709,2.338233882258776,"['apriori', 'eclat', 'fpgrowth']","{'credit_large', 'emp_new'} -> {'burden_high', 'cluster_2_ambisius'}",apriori+eclat+fpgrowth,3,True
"['credit_large', 'emp_new'] -> ['burden_high']",0.043381847272318995,0.46751164619759217,1.4025310017189032,"['apriori', 'eclat', 'fpgrowth']","{'credit_large', 'emp_new'} -> {'burden_high'}",apriori+eclat+fpgrowth,3,True
"['credit_large', 'emp_new'] -> ['burden_med']",0.0395222523192657,0.4259180833686249,1.27779370423493,"['apriori', 'eclat', 'fpgrowth']","{'credit_large', 'emp_new'} -> {'burden_med'}",apriori+eclat+fpgrowth,3,True
"['credit_large', 'emp_new'] -> ['cluster_2_ambisius']",0.06907411825798936,0.7443886502510738,2.122573244504889,"['apriori', 'eclat', 'fpgrowth']","{'credit_large', 'emp_new'} -> {'cluster_2_ambisius'}",apriori+eclat+fpgrowth,3,True
"['credit_large', 'emp_senior', 'income_very_high'] -> ['burden_med', 'cluster_2_ambisius']",0.06357502461201066,0.6105303612605687,1.5353767598384531,['fpgrowth_cluster2'],"{'credit_large', 'income_very_high', 'emp_senior'} -> {'burden_med', 'cluster_2_ambisius'}",fpgrowth_cluster2,1,False
"['credit_large', 'emp_senior', 'income_very_high'] -> ['burden_med']",0.042398647312424986,0.6406170864391731,1.8478428818674066,"['apriori', 'eclat', 'fpgrowth', 'fpgrowth_cluster2']","{'credit_large', 'income_very_high', 'emp_senior'} -> {'burden_med'}",apriori+eclat+fpgrowth+fpgrowth_cluster2,4,True
"['credit_large', 'emp_senior', 'income_very_high'] -> ['cluster_2_ambisius']",0.03651878570125332,0.6723514211886304,1.9171640204864417,"['apriori', 'eclat', 'fpgrowth']","{'credit_large', 'income_very_high', 'emp_senior'} -> {'cluster_2_ambisius'}",apriori+eclat+fpgrowth,3,True
"['credit_large', 'emp_senior', 'risk_score_high'] -> ['cluster_2_ambisius']",0.04372149162818768,0.759212322090076,2.164841929311104,"['apriori', 'eclat', 'fpgrowth']","{'credit_large', 'risk_score_high', 'emp_senior'} -> {'cluster_2_ambisius'}",apriori+eclat+fpgrowth,3,True
"['credit_large', 'emp_senior'] -> ['age_mid']",0.06247771961095283,0.488778602485836,1.4665786900632645,"['apriori', 'eclat', 'fpgrowth']","{'credit_large', 'emp_senior'} -> {'age_mid'}",apriori+eclat+fpgrowth,3,True
"['credit_large', 'emp_senior'] -> ['burden_high', 'cluster_2_ambisius']",0.04642741856254649,0.36321314067372307,2.2943048180059433,"['apriori', 'eclat', 'fpgrowth']","{'credit_large', 'emp_senior'} -> {'burden_high', 'cluster_2_ambisius'}",apriori+eclat+fpgrowth,3,True
"['credit_large', 'emp_senior'] -> ['burden_high']",0.06033599528427671,0.47202336510167325,1.4160661204383642,"['apriori', 'eclat', 'fpgrowth']","{'credit_large', 'emp_senior'} -> {'burden_high'}",apriori+eclat+fpgrowth,3,True
"['credit_large', 'emp_senior'] -> ['burden_med']",0.05880057823749842,0.4600114190346523,1.380076869405717,"['apriori', 'eclat', 'fpgrowth']","{'credit_large', 'emp_senior'} -> {'burden_med'}",apriori+eclat+fpgrowth,3,True
"['credit_large', 'emp_senior'] -> ['cluster_1_veteran', 'income_very_high']",0.05162945529334436,0.588022216855832,1.86728331629219,['fpgrowth_cluster1'],"{'credit_large', 'emp_senior'} -> {'cluster_1_veteran', 'income_very_high'}",fpgrowth_cluster1,1,False
"['credit_large', 'emp_senior'] -> ['cluster_2_ambisius']",0.09165906443418338,0.7170714568053055,2.0446801386610596,"['apriori', 'eclat', 'fpgrowth']","{'credit_large', 'emp_senior'} -> {'cluster_2_ambisius'}",apriori+eclat+fpgrowth,3,True
"['credit_large', 'emp_senior'] -> ['income_very_high']",0.05364363419147128,0.46569543958441784,1.8089991611767613,"['apriori', 'eclat', 'fpgrowth', 'fpgrowth_cluster1']","{'credit_large', 'emp_senior'} -> {'income_very_high'}",apriori+eclat+fpgrowth+fpgrowth_cluster1,4,True
"['credit_large', 'emp_senior'] -> ['risk_score_high']",0.05758796367770277,0.4505248364003689,1.3515707153716436,"['apriori', 'eclat', 'fpgrowth']","{'credit_large', 'emp_senior'} -> {'risk_score_high'}",apriori+eclat+fpgrowth,3,True
"['credit_large', 'income_high'] -> ['burden_high', 'cluster_2_ambisius']",0.04066469242536947,0.42354695357268163,2.675414811344806,"['apriori', 'eclat', 'fpgrowth']","{'credit_large', 'income_high'} -> {'burden_high', 'cluster_2_ambisius'}",apriori+eclat+fpgrowth,3,True
"['credit_large', 'income_high'] -> ['burden_high']",0.05221540750305259,0.5438545199391884,1.6315589800671615,"['apriori', 'eclat', 'fpgrowth']","{'credit_large', 'income_high'} -> {'burden_high'}",apriori+eclat+fpgrowth,3,True
"['credit_large', 'income_high'] -> ['burden_med']",0.04155450449818248,0.4328148754531634,1.298484719360046,"['apriori', 'eclat', 'fpgrowth']","{'credit_large', 'income_high'} -> {'burden_med'}",apriori+eclat+fpgrowth,3,True
"['credit_large', 'income_high'] -> ['cluster_2_ambisius']",0.07026708397075129,0.7318734650918022,2.08688705133129,"['apriori', 'eclat', 'fpgrowth']","{'credit_large', 'income_high'} -> {'cluster_2_ambisius'}",apriori+eclat+fpgrowth,3,True
"['credit_large', 'income_low'] -> ['cluster_2_ambisius']",0.040529957474281064,0.8161777174834661,2.3272748520643853,"['apriori', 'eclat', 'fpgrowth']","{'credit_large', 'income_low'} -> {'cluster_2_ambisius'}",apriori+eclat+fpgrowth,3,True
"['credit_large', 'income_med'] -> ['burden_high', 'cluster_2_ambisius']",0.07629323109677523,0.7100186219739293,1.5728827924395954,['fpgrowth_cluster2'],"{'credit_large', 'income_med'} -> {'burden_high', 'cluster_2_ambisius'}",fpgrowth_cluster2,1,False
"['credit_large', 'income_med'] -> ['burden_high']",0.04431716400077308,0.6938536248911973,1.9422632581744277,"['apriori', 'eclat', 'fpgrowth', 'fpgrowth_cluster2']","{'credit_large', 'income_med'} -> {'burden_high'}",apriori+eclat+fpgrowth+fpgrowth_cluster2,4,True
"['credit_large', 'income_med'] -> ['cluster_2_ambisius']",0.03768368163253849,0.7707986450020096,2.1978795354148097,"['apriori', 'eclat', 'fpgrowth']","{'credit_large', 'income_med'} -> {'cluster_2_ambisius'}",apriori+eclat+fpgrowth,3,True
"['credit_large', 'income_very_high', 'risk_score_high'] -> ['burden_med']",0.03449495445677955,0.620562541029137,1.861745107743585,"['apriori', 'eclat', 'fpgrowth']","{'risk_score_high', 'income_very_high', 'credit_large'} -> {'burden_med'}",apriori+eclat+fpgrowth,3,True
"['credit_large', 'income_very_high', 'risk_score_high'] -> ['cluster_2_ambisius']",0.04068153429425552,0.7318588092713224,2.0868452612631367,"['apriori', 'eclat', 'fpgrowth']","{'credit_large', 'income_very_high', 'risk_score_high'} -> {'cluster_2_ambisius'}",apriori+eclat+fpgrowth,3,True
"['credit_large', 'income_very_high'] -> ['age_mid']",0.05331574293694124,0.41822265280958254,1.2548757805534974,"['apriori', 'eclat', 'fpgrowth']","{'credit_large', 'income_very_high'} -> {'age_mid'}",apriori+eclat+fpgrowth,3,True
"['credit_large', 'income_very_high'] -> ['burden_med', 'cluster_1_veteran']",0.09007060619553464,0.7344398340248963,1.7815350456265076,['fpgrowth_cluster1'],"{'credit_large', 'income_very_high'} -> {'cluster_1_veteran', 'burden_med'}",fpgrowth_cluster1,1,False
"['credit_large', 'income_very_high'] -> ['burden_med', 'cluster_2_ambisius']",0.07750882160743842,0.4636207384889876,2.617293337940915,"['apriori', 'eclat', 'fpgrowth', 'fpgrowth_cluster2']","{'credit_large', 'income_very_high'} -> {'burden_med', 'cluster_2_ambisius'}",apriori+eclat+fpgrowth+fpgrowth_cluster2,4,True
"['credit_large', 'income_very_high'] -> ['burden_med', 'cluster_3_cc_intensif']",0.10730484162395369,0.7298720842738902,1.83612254669978,['fpgrowth_cluster3'],"{'credit_large', 'income_very_high'} -> {'cluster_3_cc_intensif', 'burden_med'}",fpgrowth_cluster3,1,False
"['credit_large', 'income_very_high'] -> ['burden_med', 'cluster_4_bermasalah']",0.07390728476821191,0.6838235294117646,1.9675562679340024,['fpgrowth_cluster4'],"{'credit_large', 'income_very_high'} -> {'cluster_4_bermasalah', 'burden_med'}",fpgrowth_cluster4,1,False
"['credit_large', 'income_very_high'] -> ['burden_med']",0.09569126884036236,0.670999890944934,1.8481696866382744,"['apriori', 'eclat', 'fpgrowth', 'fpgrowth_cluster1', 'fpgrowth_cluster2', 'fpgrowth_cluster3', 'fpgrowth_cluster4']","{'credit_large', 'income_very_high'} -> {'burden_med'}",apriori+eclat+fpgrowth+fpgrowth_cluster1+fpgrowth_cluster2+fpgrowth_cluster3+fpgrowth_cluster4,7,True
"['credit_large', 'income_very_high'] -> ['cluster_2_ambisius']",0.08720158313567529,0.6840320591861898,1.9504705595960914,"['apriori', 'eclat', 'fpgrowth']","{'credit_large', 'income_very_high'} -> {'cluster_2_ambisius'}",apriori+eclat+fpgrowth,3,True
"['credit_large', 'income_very_high'] -> ['emp_senior']",0.05431502715751358,0.4260612999823851,1.2786971662726159,"['apriori', 'eclat', 'fpgrowth']","{'credit_large', 'income_very_high'} -> {'emp_senior'}",apriori+eclat+fpgrowth,3,True
"['credit_large', 'income_very_high'] -> ['risk_score_high']",0.05558658825841042,0.4360357583230579,1.308103603150945,"['apriori', 'eclat', 'fpgrowth']","{'credit_large', 'income_very_high'} -> {'risk_score_high'}",apriori+eclat+fpgrowth,3,True
"['credit_large', 'risk_score_high'] -> ['age_mid']",0.05380977109093207,0.41378863754101197,1.2415715314083247,"['apriori', 'eclat', 'fpgrowth']","{'credit_large', 'risk_score_high'} -> {'age_mid'}",apriori+eclat+fpgrowth,3,True
"['credit_large', 'risk_score_high'] -> ['age_senior']",0.05453677843117991,0.41937920911759624,1.2582294547399784,"['apriori', 'eclat', 'fpgrowth']","{'credit_large', 'risk_score_high'} -> {'age_senior'}",apriori+eclat+fpgrowth,3,True
"['credit_large', 'risk_score_high'] -> ['burden_high', 'cluster_2_ambisius']",0.05176629099942457,0.398074598514937,2.514513840563465,"['apriori', 'eclat', 'fpgrowth']","{'credit_large', 'risk_score_high'} -> {'burden_high', 'cluster_2_ambisius'}",apriori+eclat+fpgrowth,3,True
"['credit_large', 'risk_score_high'] -> ['burden_high']",0.06352191548188797,0.48847349335175266,1.4654163666635396,"['apriori', 'eclat', 'fpgrowth']","{'credit_large', 'risk_score_high'} -> {'burden_high'}",apriori+eclat+fpgrowth,3,True
"['credit_large', 'risk_score_high'] -> ['burden_med']",0.057239898387391054,0.4401657744776377,1.3205380973703207,"['apriori', 'eclat', 'fpgrowth']","{'risk_score_high', 'credit_large'} -> {'burden_med'}",apriori+eclat+fpgrowth,3,True
"['credit_large', 'risk_score_high'] -> ['cluster_2_ambisius']",0.10013333146201457,0.7700094974961148,2.1956293353594822,"['apriori', 'eclat', 'fpgrowth']","{'credit_large', 'risk_score_high'} -> {'cluster_2_ambisius'}",apriori+eclat+fpgrowth,3,True
"['credit_large', 'risk_score_high'] -> ['emp_senior']",0.05758796367770277,0.4428423415644966,1.3290605067568046,"['apriori', 'eclat', 'fpgrowth']","{'credit_large', 'risk_score_high'} -> {'emp_senior'}",apriori+eclat+fpgrowth,3,True
"['credit_large', 'risk_score_high'] -> ['income_very_high']",0.05558658825841042,0.42745208081505787,1.8002357376849325,"['apriori', 'eclat', 'fpgrowth']","{'credit_large', 'risk_score_high'} -> {'income_very_high'}",apriori+eclat+fpgrowth,3,True
"['credit_large', 'risk_score_low'] -> ['age_young']",0.03576370857952871,0.42430398294924737,1.2726083132310502,"['apriori', 'eclat', 'fpgrowth']","{'credit_large', 'risk_score_low'} -> {'age_young'}",apriori+eclat+fpgrowth,3,True
"['credit_large', 'risk_score_low'] -> ['burden_high']",0.038129991158018836,0.4523777807379779,1.3571295327809916,"['apriori', 'eclat', 'fpgrowth']","{'credit_large', 'risk_score_low'} -> {'burden_high'}",apriori+eclat+fpgrowth,3,True
"['credit_large', 'risk_score_low'] -> ['burden_med']",0.03872226354717829,0.4594045557479685,1.3782562233300144,"['apriori', 'eclat', 'fpgrowth']","{'credit_large', 'risk_score_low'} -> {'burden_med'}",apriori+eclat+fpgrowth,3,True
"['credit_large', 'risk_score_low'] -> ['cluster_2_ambisius']",0.05702376107002007,0.6765352337818037,1.9290938754987355,"['apriori', 'eclat', 'fpgrowth']","{'credit_large', 'risk_score_low'} -> {'cluster_2_ambisius'}",apriori+eclat+fpgrowth,3,True
"['credit_large', 'risk_score_low'] -> ['income_very_high']",0.030430450098945978,0.3610297056080991,1.5204945947678608,"['apriori', 'eclat', 'fpgrowth']","{'credit_large', 'risk_score_low'} -> {'income_very_high'}",apriori+eclat+fpgrowth,3,True
"['credit_large', 'risk_score_med'] -> ['age_mid']",0.043221849517901506,0.4012821849265089,1.2040459588905554,"['apriori', 'eclat', 'fpgrowth']","{'credit_large', 'risk_score_med'} -> {'age_mid'}",apriori+eclat+fpgrowth,3,True
"['credit_large', 'risk_score_med'] -> ['burden_high', 'cluster_2_ambisius']",0.03905348696860395,0.3625820911080997,2.2903186735175454,"['apriori', 'eclat', 'fpgrowth']","{'credit_large', 'risk_score_med'} -> {'burden_high', 'cluster_2_ambisius'}",apriori+eclat+fpgrowth,3,True
"['credit_large', 'risk_score_med'] -> ['burden_high']",0.05001754361342297,0.4643750651516731,1.393121284994015,"['apriori', 'eclat', 'fpgrowth']","{'credit_large', 'risk_score_med'} -> {'burden_high'}",apriori+eclat+fpgrowth,3,True
"['credit_large', 'risk_score_med'] -> ['burden_med']",0.04866177316809589,0.45178776190972586,1.3554051362477633,"['apriori', 'eclat', 'fpgrowth']","{'credit_large', 'risk_score_med'} -> {'burden_med'}",apriori+eclat+fpgrowth,3,True
"['credit_large', 'risk_score_med'] -> ['cluster_2_ambisius']",0.07852521368121149,0.729047221932659,2.0788282125646873,"['apriori', 'eclat', 'fpgrowth']","{'credit_large', 'risk_score_med'} -> {'cluster_2_ambisius'}",apriori+eclat+fpgrowth,3,True
"['credit_large', 'risk_score_med'] -> ['income_very_high']",0.04146468119745688,0.3849682059835297,1.6213127819205857,"['apriori', 'eclat', 'fpgrowth']","{'credit_large', 'risk_score_med'} -> {'income_very_high'}",apriori+eclat+fpgrowth,3,True
"['credit_large'] -> ['burden_high', 'cluster_2_ambisius']",0.1188811385103367,0.3691513841433652,2.331814861220847,"['apriori', 'eclat', 'fpgrowth']","{'credit_large'} -> {'burden_high', 'cluster_2_ambisius'}",apriori+eclat+fpgrowth,3,True
['credit_large'] -> ['burden_high'],0.15166945025332979,0.47096611114985015,1.4128943674859358,"['apriori', 'eclat', 'fpgrowth']",{'credit_large'} -> {'burden_high'},apriori+eclat+fpgrowth,3,True
['credit_large'] -> ['burden_med'],0.14462393510266522,0.4490882783627362,1.3473064355451594,"['apriori', 'eclat', 'fpgrowth']",{'credit_large'} -> {'burden_med'},apriori+eclat+fpgrowth,3,True
"['credit_large'] -> ['cluster_1_veteran', 'income_very_high']",0.1226385090006997,0.5463820139807293,1.7350535231196562,['fpgrowth_cluster1'],"{'credit_large'} -> {'cluster_1_veteran', 'income_very_high'}",fpgrowth_cluster1,1,False
['credit_large'] -> ['cluster_2_ambisius'],0.23568230621324612,0.7318440136671084,2.0868030726112394,"['apriori', 'eclat', 'fpgrowth']",{'credit_large'} -> {'cluster_2_ambisius'},apriori+eclat+fpgrowth,3,True
['credit_large'] -> ['income_very_high'],0.1262709169162849,0.433489025564773,1.6841452427600774,"['apriori', 'eclat', 'fpgrowth', 'fpgrowth_cluster1']",{'credit_large'} -> {'income_very_high'},apriori+eclat+fpgrowth+fpgrowth_cluster1,4,True
['credit_large'] -> ['risk_score_high'],0.13004168362549298,0.4038072658810404,1.2114183972181525,"['apriori', 'eclat', 'fpgrowth']",{'credit_large'} -> {'risk_score_high'},apriori+eclat+fpgrowth,3,True
"['credit_med', 'emp_mid', 'risk_score_low'] -> ['age_young']",0.032010778796087075,0.6333444407419749,1.8995800954414237,"['apriori', 'eclat', 'fpgrowth']","{'emp_mid', 'risk_score_low', 'credit_med'} -> {'age_young'}",apriori+eclat+fpgrowth,3,True
"['credit_med', 'emp_mid'] -> ['age_young']",0.05860128278901348,0.49536125281765325,1.485729273636581,"['apriori', 'eclat', 'fpgrowth']","{'emp_mid', 'credit_med'} -> {'age_young'}",apriori+eclat+fpgrowth,3,True
"['credit_med', 'emp_mid'] -> ['burden_med']",0.05307714979438885,0.448665322102266,1.3460375275839829,"['apriori', 'eclat', 'fpgrowth']","{'emp_mid', 'credit_med'} -> {'burden_med'}",apriori+eclat+fpgrowth,3,True
"['credit_med', 'emp_mid'] -> ['risk_score_low']",0.050542448527038215,0.4272392929173093,1.2817142810079494,"['apriori', 'eclat', 'fpgrowth']","{'emp_mid', 'credit_med'} -> {'risk_score_low'}",apriori+eclat+fpgrowth,3,True
"['credit_med', 'emp_new'] -> ['age_senior', 'cluster_1_veteran']",0.10126582278481013,0.6835551738943753,1.5892784158925521,['fpgrowth_cluster1'],"{'emp_new', 'credit_med'} -> {'cluster_1_veteran', 'age_senior'}",fpgrowth_cluster1,1,False
"['credit_med', 'emp_new'] -> ['age_senior', 'cluster_2_ambisius']",0.07871041068041204,0.6806478405315615,1.8885487252253605,['fpgrowth_cluster2'],"{'emp_new', 'credit_med'} -> {'age_senior', 'cluster_2_ambisius'}",fpgrowth_cluster2,1,False
"['credit_med', 'emp_new'] -> ['age_senior', 'cluster_3_cc_intensif']",0.06401415981415244,0.5550759392486012,1.785447087709977,['fpgrowth_cluster3'],"{'emp_new', 'credit_med'} -> {'cluster_3_cc_intensif', 'age_senior'}",fpgrowth_cluster3,1,False
"['credit_med', 'emp_new'] -> ['age_senior', 'cluster_4_bermasalah']",0.0776158940397351,0.5756385068762279,1.551060216600828,['fpgrowth_cluster4'],"{'emp_new', 'credit_med'} -> {'cluster_4_bermasalah', 'age_senior'}",fpgrowth_cluster4,1,False
"['credit_med', 'emp_new'] -> ['age_senior']",0.07334547600890591,0.598062406099771,1.69846613820309,"['apriori', 'eclat', 'fpgrowth', 'fpgrowth_cluster1', 'fpgrowth_cluster2', 'fpgrowth_cluster3', 'fpgrowth_cluster4']","{'emp_new', 'credit_med'} -> {'age_senior'}",apriori+eclat+fpgrowth+fpgrowth_cluster1+fpgrowth_cluster2+fpgrowth_cluster3+fpgrowth_cluster4,7,True
"['credit_med', 'emp_new'] -> ['cluster_2_ambisius', 'income_low']",0.06177414578314217,0.5341915836101883,2.045022743739224,['fpgrowth_cluster2'],"{'emp_new', 'credit_med'} -> {'income_low', 'cluster_2_ambisius'}",fpgrowth_cluster2,1,False
"['credit_med', 'emp_new'] -> ['income_low']",0.06177414578314217,0.5341915836101883,2.045022743739224,['fpgrowth_cluster2'],"{'emp_new', 'credit_med'} -> {'income_low'}",fpgrowth_cluster2,1,False
"['credit_med', 'emp_senior'] -> ['age_mid']",0.05161752115759779,0.45992046619813426,1.379989941089313,"['apriori', 'eclat', 'fpgrowth']","{'emp_senior', 'credit_med'} -> {'age_mid'}",apriori+eclat+fpgrowth,3,True
"['credit_med', 'emp_senior'] -> ['burden_med']",0.04913053851875763,0.4377610484455894,1.3133236965168547,"['apriori', 'eclat', 'fpgrowth']","{'emp_senior', 'credit_med'} -> {'burden_med'}",apriori+eclat+fpgrowth,3,True
"['credit_med', 'income_high'] -> ['burden_med', 'cluster_0_minimal']",0.05015855398763279,0.5141812271434376,2.424447517638802,['fpgrowth_cluster0'],"{'income_high', 'credit_med'} -> {'burden_med', 'cluster_0_minimal'}",fpgrowth_cluster0,1,False
"['credit_med', 'income_high'] -> ['burden_med', 'cluster_4_bermasalah']",0.055894039735099335,0.5314861460957179,1.5292379584690052,['fpgrowth_cluster4'],"{'income_high', 'credit_med'} -> {'cluster_4_bermasalah', 'burden_med'}",fpgrowth_cluster4,1,False
"['credit_med', 'income_high'] -> ['burden_med']",0.05206650673067995,0.5231180504833067,1.7327199081048719,"['apriori', 'eclat', 'fpgrowth', 'fpgrowth_cluster0', 'fpgrowth_cluster4']","{'income_high', 'credit_med'} -> {'burden_med'}",apriori+eclat+fpgrowth+fpgrowth_cluster0+fpgrowth_cluster4,5,True
"['credit_med', 'income_low'] -> ['burden_high']",0.04112222986344051,0.40360350432530706,1.2108071142668104,"['apriori', 'eclat', 'fpgrowth']","{'income_low', 'credit_med'} -> {'burden_high'}",apriori+eclat+fpgrowth,3,True
"['credit_med', 'income_low'] -> ['burden_low']",0.04269413762613858,0.4190313515896193,1.257058769403897,"['apriori', 'eclat', 'fpgrowth']","{'income_low', 'credit_med'} -> {'burden_low'}",apriori+eclat+fpgrowth,3,True
"['credit_med', 'income_low'] -> ['cluster_2_ambisius']",0.049964211028617145,0.49038514518706267,1.398299649417852,"['apriori', 'eclat', 'fpgrowth']","{'income_low', 'credit_med'} -> {'cluster_2_ambisius'}",apriori+eclat+fpgrowth,3,True
"['credit_med', 'income_low'] -> ['emp_new']",0.041852044181836044,0.4107664334123092,1.232088335089939,"['apriori', 'eclat', 'fpgrowth']","{'income_low', 'credit_med'} -> {'emp_new'}",apriori+eclat+fpgrowth,3,True
"['credit_med', 'income_very_high'] -> ['burden_med', 'cluster_1_veteran']",0.10366176875940886,0.7403089036947305,1.7957716826083718,['fpgrowth_cluster1'],"{'income_very_high', 'credit_med'} -> {'cluster_1_veteran', 'burden_med'}",fpgrowth_cluster1,1,False
"['credit_med', 'income_very_high'] -> ['burden_med', 'cluster_3_cc_intensif']",0.07312216527158082,0.7171790235081374,1.8041909033874934,['fpgrowth_cluster3'],"{'income_very_high', 'credit_med'} -> {'cluster_3_cc_intensif', 'burden_med'}",fpgrowth_cluster3,1,False
"['credit_med', 'income_very_high'] -> ['burden_med']",0.06781443652339489,0.7211806146851204,2.009081407820624,"['apriori', 'eclat', 'fpgrowth', 'fpgrowth_cluster1', 'fpgrowth_cluster3']","{'income_very_high', 'credit_med'} -> {'burden_med'}",apriori+eclat+fpgrowth+fpgrowth_cluster1+fpgrowth_cluster3,5,True
"['credit_med', 'risk_score_high'] -> ['age_senior']",0.04595865321188475,0.4339402613235801,1.3019157996499333,"['apriori', 'eclat', 'fpgrowth']","{'risk_score_high', 'credit_med'} -> {'age_senior'}",apriori+eclat+fpgrowth,3,True
"['credit_med', 'risk_score_high'] -> ['burden_med']",0.04351096826711204,0.4108292915639659,1.2325259310988033,"['apriori', 'eclat', 'fpgrowth']","{'risk_score_high', 'credit_med'} -> {'burden_med'}",apriori+eclat+fpgrowth,3,True
"['credit_med', 'risk_score_high'] -> ['cluster_2_ambisius']",0.050365608903734684,0.4755506082531606,1.355999983537804,"['apriori', 'eclat', 'fpgrowth']","{'risk_score_high', 'credit_med'} -> {'cluster_2_ambisius'}",apriori+eclat+fpgrowth,3,True
"['credit_med', 'risk_score_low'] -> ['age_young']",0.06270227786276684,0.5067144542237547,1.5197807534053187,"['apriori', 'eclat', 'fpgrowth']","{'risk_score_low', 'credit_med'} -> {'age_young'}",apriori+eclat+fpgrowth,3,True
"['credit_med', 'risk_score_low'] -> ['burden_med']",0.05404836423348444,0.43677978404863443,1.3103798124283885,"['apriori', 'eclat', 'fpgrowth']","{'risk_score_low', 'credit_med'} -> {'burden_med'}",apriori+eclat+fpgrowth,3,True
"['credit_med', 'risk_score_low'] -> ['emp_mid']",0.050542448527038215,0.40844750930042645,1.2250605530087255,"['apriori', 'eclat', 'fpgrowth']","{'risk_score_low', 'credit_med'} -> {'emp_mid'}",apriori+eclat+fpgrowth,3,True
"['credit_med', 'risk_score_med'] -> ['burden_med']",0.04747442141162931,0.4154405443246297,1.2463601165356128,"['apriori', 'eclat', 'fpgrowth']","{'risk_score_med', 'credit_med'} -> {'burden_med'}",apriori+eclat+fpgrowth,3,True
['credit_med'] -> ['burden_med'],0.14503375391222578,0.421698251799618,1.2651338186316647,"['apriori', 'eclat', 'fpgrowth']",{'credit_med'} -> {'burden_med'},apriori+eclat+fpgrowth,3,True
"['credit_small', 'emp_mid', 'income_low'] -> ['burden_high', 'cluster_0_minimal']",0.06839226256540352,0.5728039306818936,2.0194384364072238,['fpgrowth_cluster0'],"{'emp_mid', 'income_low', 'credit_small'} -> {'burden_high', 'cluster_0_minimal'}",fpgrowth_cluster0,1,False
"['credit_small', 'emp_mid', 'income_low'] -> ['burden_high']",0.06839226256540352,0.5728039306818936,2.0194384364072238,['fpgrowth_cluster0'],"{'emp_mid', 'income_low', 'credit_small'} -> {'burden_high'}",fpgrowth_cluster0,1,False
"['credit_small', 'emp_mid', 'income_low'] -> ['cluster_0_minimal']",0.04227589788213499,0.8178658702144993,2.3098842999307627,"['apriori', 'eclat', 'fpgrowth']","{'emp_mid', 'income_low', 'credit_small'} -> {'cluster_0_minimal'}",apriori+eclat+fpgrowth,3,True
"['credit_small', 'emp_mid', 'risk_score_low'] -> ['age_young', 'cluster_0_minimal']",0.08117964166798795,0.7418677099181338,1.6797256004931413,['fpgrowth_cluster0'],"{'emp_mid', 'risk_score_low', 'credit_small'} -> {'age_young', 'cluster_0_minimal'}",fpgrowth_cluster0,1,False
"['credit_small', 'emp_mid', 'risk_score_low'] -> ['age_young']",0.04797031146399984,0.7163467465620232,2.0121909551597597,"['apriori', 'eclat', 'fpgrowth', 'fpgrowth_cluster0']","{'emp_mid', 'risk_score_low', 'credit_small'} -> {'age_young'}",apriori+eclat+fpgrowth+fpgrowth_cluster0,4,True
"['credit_small', 'emp_mid', 'risk_score_low'] -> ['burden_low']",0.03184797406352192,0.6109196640103381,1.8327075483306219,"['apriori', 'eclat', 'fpgrowth']","{'emp_mid', 'risk_score_low', 'credit_small'} -> {'burden_low'}",apriori+eclat+fpgrowth,3,True
"['credit_small', 'emp_mid', 'risk_score_low'] -> ['cluster_0_minimal']",0.03874471937235969,0.743215593366358,2.099050826183065,"['apriori', 'eclat', 'fpgrowth']","{'emp_mid', 'risk_score_low', 'credit_small'} -> {'cluster_0_minimal'}",apriori+eclat+fpgrowth,3,True
"['credit_small', 'emp_mid'] -> ['age_young', 'cluster_0_minimal']",0.05176067704312922,0.45528615870821193,2.911417322801494,"['apriori', 'eclat', 'fpgrowth']","{'emp_mid', 'credit_small'} -> {'age_young', 'cluster_0_minimal'}",apriori+eclat+fpgrowth,3,True
"['credit_small', 'emp_mid'] -> ['age_young']",0.06489452779610111,0.5708113179596069,1.7120254763402911,"['apriori', 'eclat', 'fpgrowth']","{'emp_mid', 'credit_small'} -> {'age_young'}",apriori+eclat+fpgrowth,3,True
"['credit_small', 'emp_mid'] -> ['burden_low', 'cluster_0_minimal']",0.0507024462814557,0.4459779763962273,2.4977893691307513,"['apriori', 'eclat', 'fpgrowth']","{'emp_mid', 'credit_small'} -> {'burden_low', 'cluster_0_minimal'}",apriori+eclat+fpgrowth,3,True
"['credit_small', 'emp_mid'] -> ['burden_low', 'cluster_1_veteran']",0.060980005512796046,0.6652787416146194,1.8306033425186872,['fpgrowth_cluster1'],"{'emp_mid', 'credit_small'} -> {'cluster_1_veteran', 'burden_low'}",fpgrowth_cluster1,1,False
"['credit_small', 'emp_mid'] -> ['burden_low', 'cluster_3_cc_intensif']",0.06233636933515248,0.6597073170731708,1.989945245726858,['fpgrowth_cluster3'],"{'emp_mid', 'credit_small'} -> {'cluster_3_cc_intensif', 'burden_low'}",fpgrowth_cluster3,1,False
"['credit_small', 'emp_mid'] -> ['burden_low', 'cluster_4_bermasalah']",0.05324503311258278,0.5860058309037901,1.8972315708934886,['fpgrowth_cluster4'],"{'emp_mid', 'credit_small'} -> {'cluster_4_bermasalah', 'burden_low'}",fpgrowth_cluster4,1,False
"['credit_small', 'emp_mid'] -> ['burden_low']",0.06386010226428591,0.6213725804167621,1.8615596522116247,"['apriori', 'eclat', 'fpgrowth', 'fpgrowth_cluster1', 'fpgrowth_cluster3', 'fpgrowth_cluster4']","{'emp_mid', 'credit_small'} -> {'burden_low'}",apriori+eclat+fpgrowth+fpgrowth_cluster1+fpgrowth_cluster3+fpgrowth_cluster4,6,True
"['credit_small', 'emp_mid'] -> ['cluster_0_minimal', 'income_low']",0.04227589788213499,0.3718581798429707,2.3434281342972447,"['apriori', 'eclat', 'fpgrowth']","{'emp_mid', 'credit_small'} -> {'income_low', 'cluster_0_minimal'}",apriori+eclat+fpgrowth,3,True
"['credit_small', 'emp_mid'] -> ['cluster_0_minimal']",0.08607317792030988,0.7570984148930916,2.138259836671463,"['apriori', 'eclat', 'fpgrowth']","{'emp_mid', 'credit_small'} -> {'cluster_0_minimal'}",apriori+eclat+fpgrowth,3,True
"['credit_small', 'emp_mid'] -> ['income_low']",0.05169050258943734,0.4546689052392474,1.4204490878606026,"['apriori', 'eclat', 'fpgrowth']","{'emp_mid', 'credit_small'} -> {'income_low'}",apriori+eclat+fpgrowth,3,True
"['credit_small', 'emp_mid'] -> ['risk_score_low']",0.052131198158622334,0.45854525702434445,1.3756319097043235,"['apriori', 'eclat', 'fpgrowth']","{'emp_mid', 'credit_small'} -> {'risk_score_low'}",apriori+eclat+fpgrowth,3,True
"['credit_small', 'emp_new', 'income_low'] -> ['age_senior', 'burden_high']",0.03200235786164405,0.42382899628252796,3.5482257618703765,"['apriori', 'eclat', 'fpgrowth']","{'emp_new', 'income_low', 'credit_small'} -> {'age_senior', 'burden_high'}",apriori+eclat+fpgrowth,3,True
"['credit_small', 'emp_new', 'income_low'] -> ['age_senior', 'cluster_0_minimal']",0.055233859376630064,0.5365621118476513,4.390197461037843,"['apriori', 'eclat', 'fpgrowth', 'fpgrowth_cluster0']","{'emp_new', 'income_low', 'credit_small'} -> {'age_senior', 'cluster_0_minimal'}",apriori+eclat+fpgrowth+fpgrowth_cluster0,4,True
"['credit_small', 'emp_new', 'income_low'] -> ['age_senior', 'cluster_1_veteran']",0.054301041070330555,0.8317635595972719,1.9338656525159543,['fpgrowth_cluster1'],"{'emp_new', 'income_low', 'credit_small'} -> {'cluster_1_veteran', 'age_senior'}",fpgrowth_cluster1,1,False
"['credit_small', 'emp_new', 'income_low'] -> ['age_senior', 'cluster_4_bermasalah']",0.061456953642384106,0.6987951807228915,1.8829063577651073,['fpgrowth_cluster4'],"{'emp_new', 'income_low', 'credit_small'} -> {'cluster_4_bermasalah', 'age_senior'}",fpgrowth_cluster4,1,False
"['credit_small', 'emp_new', 'income_low'] -> ['age_senior']",0.062125312250711585,0.6923922760187092,2.010623565083161,"['apriori', 'eclat', 'fpgrowth', 'fpgrowth_cluster0', 'fpgrowth_cluster1', 'fpgrowth_cluster4']","{'emp_new', 'income_low', 'credit_small'} -> {'age_senior'}",apriori+eclat+fpgrowth+fpgrowth_cluster0+fpgrowth_cluster1+fpgrowth_cluster4,6,True
"['credit_small', 'emp_new', 'income_low'] -> ['burden_high', 'cluster_0_minimal']",0.05494367112624225,0.5337431159958544,4.292310314196672,"['apriori', 'eclat', 'fpgrowth', 'fpgrowth_cluster0']","{'emp_new', 'income_low', 'credit_small'} -> {'burden_high', 'cluster_0_minimal'}",apriori+eclat+fpgrowth+fpgrowth_cluster0,4,True
"['credit_small', 'emp_new', 'income_low'] -> ['burden_high', 'cluster_4_bermasalah']",0.05880794701986755,0.6686746987951807,1.9462197285673148,['fpgrowth_cluster4'],"{'emp_new', 'income_low', 'credit_small'} -> {'cluster_4_bermasalah', 'burden_high'}",fpgrowth_cluster4,1,False
"['credit_small', 'emp_new', 'income_low'] -> ['burden_high']",0.06086676981032163,0.6289376109943815,1.9416705496928863,"['apriori', 'eclat', 'fpgrowth', 'fpgrowth_cluster0', 'fpgrowth_cluster4']","{'emp_new', 'income_low', 'credit_small'} -> {'burden_high'}",apriori+eclat+fpgrowth+fpgrowth_cluster0+fpgrowth_cluster4,5,True
"['credit_small', 'emp_new', 'income_low'] -> ['cluster_0_minimal']",0.05935355293259042,0.7860594795539034,2.2200540660256527,"['apriori', 'eclat', 'fpgrowth']","{'emp_new', 'income_low', 'credit_small'} -> {'cluster_0_minimal'}",apriori+eclat+fpgrowth,3,True
"['credit_small', 'emp_new', 'risk_score_high'] -> ['age_senior', 'cluster_0_minimal']",0.06193118756936737,0.7449933244325768,2.672281690949361,['fpgrowth_cluster0'],"{'risk_score_high', 'emp_new', 'credit_small'} -> {'age_senior', 'cluster_0_minimal'}",fpgrowth_cluster0,1,False
"['credit_small', 'emp_new', 'risk_score_high'] -> ['age_senior']",0.03853299969651301,0.7638897210912617,2.4011210732046147,"['apriori', 'eclat', 'fpgrowth', 'fpgrowth_cluster0']","{'risk_score_high', 'emp_new', 'credit_small'} -> {'age_senior'}",apriori+eclat+fpgrowth+fpgrowth_cluster0,4,True
"['credit_small', 'emp_new', 'risk_score_low'] -> ['cluster_0_minimal']",0.0327293652018919,0.7376012145748986,2.083194234171401,"['apriori', 'eclat', 'fpgrowth']","{'emp_new', 'risk_score_low', 'credit_small'} -> {'cluster_0_minimal'}",apriori+eclat+fpgrowth,3,True
"['credit_small', 'emp_new', 'risk_score_med'] -> ['age_senior', 'cluster_0_minimal']",0.053741874108133816,0.5952757288373726,2.135246557343632,['fpgrowth_cluster0'],"{'emp_new', 'risk_score_med', 'credit_small'} -> {'age_senior', 'cluster_0_minimal'}",fpgrowth_cluster0,1,False
"['credit_small', 'emp_new', 'risk_score_med'] -> ['age_senior']",0.053741874108133816,0.5952757288373726,2.135246557343632,['fpgrowth_cluster0'],"{'emp_new', 'risk_score_med', 'credit_small'} -> {'age_senior'}",fpgrowth_cluster0,1,False
"['credit_small', 'emp_new', 'risk_score_med'] -> ['cluster_0_minimal']",0.03196586714572427,0.7447031127386868,2.103252001179014,"['apriori', 'eclat', 'fpgrowth']","{'emp_new', 'risk_score_med', 'credit_small'} -> {'cluster_0_minimal'}",apriori+eclat+fpgrowth,3,True
"['credit_small', 'emp_new'] -> ['age_senior', 'cluster_0_minimal']",0.07692849646196026,0.4518327620325166,3.6591560386503486,"['apriori', 'eclat', 'fpgrowth', 'fpgrowth_cluster0']","{'emp_new', 'credit_small'} -> {'age_senior', 'cluster_0_minimal'}",apriori+eclat+fpgrowth+fpgrowth_cluster0,4,True
"['credit_small', 'emp_new'] -> ['age_senior', 'cluster_1_veteran']",0.11347878633674703,0.7868274037047928,1.8293882593507094,['fpgrowth_cluster1'],"{'emp_new', 'credit_small'} -> {'cluster_1_veteran', 'age_senior'}",fpgrowth_cluster1,1,False
"['credit_small', 'emp_new'] -> ['age_senior', 'cluster_4_bermasalah']",0.08635761589403973,0.63671875,1.7156411714846538,['fpgrowth_cluster4'],"{'emp_new', 'credit_small'} -> {'cluster_4_bermasalah', 'age_senior'}",fpgrowth_cluster4,1,False
"['credit_small', 'emp_new'] -> ['age_senior', 'income_low']",0.049952983116026445,0.39270897696177953,3.06411740483845,"['apriori', 'eclat', 'fpgrowth']","{'emp_new', 'credit_small'} -> {'age_senior', 'income_low'}",apriori+eclat+fpgrowth,3,True
"['credit_small', 'emp_new'] -> ['age_senior']",0.09599648356044198,0.6281388151291246,1.8184575353772667,"['apriori', 'eclat', 'fpgrowth', 'fpgrowth_cluster0', 'fpgrowth_cluster1', 'fpgrowth_cluster4']","{'emp_new', 'credit_small'} -> {'age_senior'}",apriori+eclat+fpgrowth+fpgrowth_cluster0+fpgrowth_cluster1+fpgrowth_cluster4,6,True
"['credit_small', 'emp_new'] -> ['burden_high', 'income_low']",0.04631794641478717,0.36413187395180513,2.2547720569881693,"['apriori', 'eclat', 'fpgrowth']","{'emp_new', 'credit_small'} -> {'income_low', 'burden_high'}",apriori+eclat+fpgrowth,3,True
"['credit_small', 'emp_new'] -> ['burden_low', 'cluster_0_minimal']",0.04555444835861953,0.3581295789566599,2.0057767478062045,"['apriori', 'eclat', 'fpgrowth']","{'emp_new', 'credit_small'} -> {'burden_low', 'cluster_0_minimal'}",apriori+eclat+fpgrowth,3,True
"['credit_small', 'emp_new'] -> ['burden_low', 'cluster_1_veteran']",0.0869961622458283,0.6032049397236108,1.659798983207973,['fpgrowth_cluster1'],"{'emp_new', 'credit_small'} -> {'cluster_1_veteran', 'burden_low'}",fpgrowth_cluster1,1,False
"['credit_small', 'emp_new'] -> ['burden_low']",0.0704978300521309,0.5340433569187216,1.5646438401034577,"['apriori', 'eclat', 'fpgrowth', 'fpgrowth_cluster1']","{'emp_new', 'credit_small'} -> {'burden_low'}",apriori+eclat+fpgrowth+fpgrowth_cluster1,4,True
"['credit_small', 'emp_new'] -> ['cluster_0_minimal', 'income_low']",0.05935355293259042,0.46661223408950486,2.9405625489652856,"['apriori', 'eclat', 'fpgrowth']","{'emp_new', 'credit_small'} -> {'income_low', 'cluster_0_minimal'}",apriori+eclat+fpgrowth,3,True
"['credit_small', 'emp_new'] -> ['cluster_0_minimal']",0.09412920520413749,0.740003530761762,2.08997905384122,"['apriori', 'eclat', 'fpgrowth']","{'emp_new', 'credit_small'} -> {'cluster_0_minimal'}",apriori+eclat+fpgrowth,3,True
"['credit_small', 'emp_new'] -> ['cluster_4_bermasalah', 'income_low']",0.08794701986754967,0.6484375,1.7854497173595916,['fpgrowth_cluster4'],"{'emp_new', 'credit_small'} -> {'cluster_4_bermasalah', 'income_low'}",fpgrowth_cluster4,1,False
"['credit_small', 'emp_new'] -> ['income_low']",0.07861753909623297,0.6073163659082884,1.8372511768606357,"['apriori', 'eclat', 'fpgrowth', 'fpgrowth_cluster4']","{'emp_new', 'credit_small'} -> {'income_low'}",apriori+eclat+fpgrowth+fpgrowth_cluster4,4,True
"['credit_small', 'emp_senior', 'income_low'] -> ['burden_high', 'cluster_0_minimal']",0.05247344220707151,0.5866867576670802,2.068382783535747,['fpgrowth_cluster0'],"{'income_low', 'credit_small', 'emp_senior'} -> {'burden_high', 'cluster_0_minimal'}",fpgrowth_cluster0,1,False
"['credit_small', 'emp_senior', 'income_low'] -> ['burden_high']",0.05247344220707151,0.5866867576670802,2.068382783535747,['fpgrowth_cluster0'],"{'income_low', 'credit_small', 'emp_senior'} -> {'burden_high'}",fpgrowth_cluster0,1,False
"['credit_small', 'emp_senior', 'income_low'] -> ['cluster_0_minimal']",0.03166832746207071,0.7659718921854844,2.1633210436859027,"['apriori', 'eclat', 'fpgrowth']","{'income_low', 'credit_small', 'emp_senior'} -> {'cluster_0_minimal'}",apriori+eclat+fpgrowth,3,True
"['credit_small', 'emp_senior'] -> ['age_mid']",0.041023985628271885,0.44043636801976915,1.3215279645662743,"['apriori', 'eclat', 'fpgrowth']","{'credit_small', 'emp_senior'} -> {'age_mid'}",apriori+eclat+fpgrowth,3,True
"['credit_small', 'emp_senior'] -> ['burden_low', 'cluster_0_minimal']",0.038407881994638675,0.4123496971340747,2.3094474265041076,"['apriori', 'eclat', 'fpgrowth']","{'credit_small', 'emp_senior'} -> {'burden_low', 'cluster_0_minimal'}",apriori+eclat+fpgrowth,3,True
"['credit_small', 'emp_senior'] -> ['burden_low', 'cluster_1_veteran']",0.0654326484744397,0.6665226781857451,1.8340262001910324,['fpgrowth_cluster1'],"{'credit_small', 'emp_senior'} -> {'cluster_1_veteran', 'burden_low'}",fpgrowth_cluster1,1,False
"['credit_small', 'emp_senior'] -> ['burden_low', 'cluster_3_cc_intensif']",0.05824329805671301,0.6668777707409753,2.0115742466742126,['fpgrowth_cluster3'],"{'credit_small', 'emp_senior'} -> {'cluster_3_cc_intensif', 'burden_low'}",fpgrowth_cluster3,1,False
"['credit_small', 'emp_senior'] -> ['burden_low']",0.05867155511162275,0.6310232775622178,1.8621189724638676,"['apriori', 'eclat', 'fpgrowth', 'fpgrowth_cluster1', 'fpgrowth_cluster3']","{'credit_small', 'emp_senior'} -> {'burden_low'}",apriori+eclat+fpgrowth+fpgrowth_cluster1+fpgrowth_cluster3,5,True
"['credit_small', 'emp_senior'] -> ['cluster_0_minimal']",0.06555136068265709,0.7037639755296387,1.9876283106255859,"['apriori', 'eclat', 'fpgrowth']","{'credit_small', 'emp_senior'} -> {'cluster_0_minimal'}",apriori+eclat+fpgrowth,3,True
"['credit_small', 'emp_senior'] -> ['income_low']",0.04134398113710685,0.44387186209806223,1.3867176188624801,"['apriori', 'eclat', 'fpgrowth']","{'credit_small', 'emp_senior'} -> {'income_low'}",apriori+eclat+fpgrowth,3,True
"['credit_small', 'income_high'] -> ['burden_low', 'cluster_0_minimal']",0.05156767824144898,0.5916273013746444,2.6000746917402378,"['apriori', 'eclat', 'fpgrowth', 'fpgrowth_cluster0']","{'credit_small', 'income_high'} -> {'burden_low', 'cluster_0_minimal'}",apriori+eclat+fpgrowth+fpgrowth_cluster0,4,True
"['credit_small', 'income_high'] -> ['burden_low', 'cluster_1_veteran']",0.06806182812798169,0.7512286449801077,2.0671059850173172,['fpgrowth_cluster1'],"{'credit_small', 'income_high'} -> {'cluster_1_veteran', 'burden_low'}",fpgrowth_cluster1,1,False
"['credit_small', 'income_high'] -> ['burden_low', 'cluster_3_cc_intensif']",0.05306242855562521,0.81994301994302,2.4732812143745906,['fpgrowth_cluster3'],"{'credit_small', 'income_high'} -> {'cluster_3_cc_intensif', 'burden_low'}",fpgrowth_cluster3,1,False
"['credit_small', 'income_high'] -> ['burden_low']",0.06331938962842533,0.7862609720125983,2.1961906415594705,"['apriori', 'eclat', 'fpgrowth', 'fpgrowth_cluster0', 'fpgrowth_cluster1', 'fpgrowth_cluster3']","{'credit_small', 'income_high'} -> {'burden_low'}",apriori+eclat+fpgrowth+fpgrowth_cluster0+fpgrowth_cluster1+fpgrowth_cluster3,6,True
"['credit_small', 'income_high'] -> ['cluster_0_minimal']",0.04489480849391588,0.6666388796265422,1.8827765503516234,"['apriori', 'eclat', 'fpgrowth']","{'credit_small', 'income_high'} -> {'cluster_0_minimal'}",apriori+eclat+fpgrowth,3,True
"['credit_small', 'income_low', 'risk_score_high'] -> ['age_senior', 'cluster_0_minimal']",0.058030759473600764,0.5309734513274337,1.9045950961281488,['fpgrowth_cluster0'],"{'risk_score_high', 'income_low', 'credit_small'} -> {'age_senior', 'cluster_0_minimal'}",fpgrowth_cluster0,1,False
"['credit_small', 'income_low', 'risk_score_high'] -> ['age_senior']",0.058030759473600764,0.5309734513274337,1.9045950961281488,['fpgrowth_cluster0'],"{'risk_score_high', 'income_low', 'credit_small'} -> {'age_senior'}",fpgrowth_cluster0,1,False
"['credit_small', 'income_low', 'risk_score_high'] -> ['burden_high', 'cluster_0_minimal']",0.06618043443792611,0.6055418540548382,2.1348570242454312,['fpgrowth_cluster0'],"{'risk_score_high', 'income_low', 'credit_small'} -> {'burden_high', 'cluster_0_minimal'}",fpgrowth_cluster0,1,False
"['credit_small', 'income_low', 'risk_score_high'] -> ['burden_high']",0.06618043443792611,0.6055418540548382,2.1348570242454312,['fpgrowth_cluster0'],"{'risk_score_high', 'income_low', 'credit_small'} -> {'burden_high'}",fpgrowth_cluster0,1,False
"['credit_small', 'income_low', 'risk_score_high'] -> ['cluster_0_minimal']",0.03869700074384921,0.796096321533753,2.248400943618259,"['apriori', 'eclat', 'fpgrowth']","{'risk_score_high', 'income_low', 'credit_small'} -> {'cluster_0_minimal'}",apriori+eclat+fpgrowth,3,True
"['credit_small', 'income_low', 'risk_score_low'] -> ['age_young']",0.032906204825195434,0.5243313355398515,1.5726187905602778,"['apriori', 'eclat', 'fpgrowth']","{'risk_score_low', 'income_low', 'credit_small'} -> {'age_young'}",apriori+eclat+fpgrowth,3,True
"['credit_small', 'income_low', 'risk_score_low'] -> ['burden_high', 'cluster_0_minimal']",0.08335183129855715,0.6000114135707355,2.1153592808019392,['fpgrowth_cluster0'],"{'risk_score_low', 'income_low', 'credit_small'} -> {'burden_high', 'cluster_0_minimal'}",fpgrowth_cluster0,1,False
"['credit_small', 'income_low', 'risk_score_low'] -> ['burden_high']",0.04814494298975978,0.5851155647264346,1.8341742901564044,"['apriori', 'eclat', 'fpgrowth', 'fpgrowth_cluster0']","{'risk_score_low', 'income_low', 'credit_small'} -> {'burden_high'}",apriori+eclat+fpgrowth+fpgrowth_cluster0,4,True
"['credit_small', 'income_low', 'risk_score_low'] -> ['cluster_0_minimal']",0.04918667808171114,0.7837463100456213,2.213521021763935,"['apriori', 'eclat', 'fpgrowth']","{'risk_score_low', 'income_low', 'credit_small'} -> {'cluster_0_minimal'}",apriori+eclat+fpgrowth,3,True
"['credit_small', 'income_low', 'risk_score_med'] -> ['burden_high', 'cluster_0_minimal']",0.07790550182337086,0.6073922986587552,2.141380825423164,['fpgrowth_cluster0'],"{'income_low', 'credit_small', 'risk_score_med'} -> {'burden_high', 'cluster_0_minimal'}",fpgrowth_cluster0,1,False
"['credit_small', 'income_low', 'risk_score_med'] -> ['burden_high']",0.04463181187077023,0.5918181271954954,1.8552516589996413,"['apriori', 'eclat', 'fpgrowth', 'fpgrowth_cluster0']","{'income_low', 'credit_small', 'risk_score_med'} -> {'burden_high'}",apriori+eclat+fpgrowth+fpgrowth_cluster0,4,True
"['credit_small', 'income_low', 'risk_score_med'] -> ['cluster_0_minimal']",0.04541409945123578,0.7942952525897194,2.2433142160405146,"['apriori', 'eclat', 'fpgrowth']","{'income_low', 'credit_small', 'risk_score_med'} -> {'cluster_0_minimal'}",apriori+eclat+fpgrowth,3,True
"['credit_small', 'income_low'] -> ['burden_high', 'cluster_0_minimal']",0.11725648894895219,0.5093826027327264,4.100594345125857,"['apriori', 'eclat', 'fpgrowth', 'fpgrowth_cluster0']","{'income_low', 'credit_small'} -> {'burden_high', 'cluster_0_minimal'}",apriori+eclat+fpgrowth+fpgrowth_cluster0,4,True
"['credit_small', 'income_low'] -> ['burden_high', 'cluster_3_cc_intensif']",0.056768317415833915,0.5384749912556838,1.9871951129976033,['fpgrowth_cluster3'],"{'income_low', 'credit_small'} -> {'cluster_3_cc_intensif', 'burden_high'}",fpgrowth_cluster3,1,False
"['credit_small', 'income_low'] -> ['burden_high', 'cluster_4_bermasalah']",0.1080794701986755,0.602658788774003,1.7540762741880196,['fpgrowth_cluster4'],"{'income_low', 'credit_small'} -> {'cluster_4_bermasalah', 'burden_high'}",fpgrowth_cluster4,1,False
"['credit_small', 'income_low'] -> ['burden_high']",0.11461953303983706,0.5830216526825823,1.854955891293667,"['apriori', 'eclat', 'fpgrowth', 'fpgrowth_cluster0', 'fpgrowth_cluster3', 'fpgrowth_cluster4']","{'income_low', 'credit_small'} -> {'burden_high'}",apriori+eclat+fpgrowth+fpgrowth_cluster0+fpgrowth_cluster3+fpgrowth_cluster4,6,True
"['credit_small', 'income_low'] -> ['cluster_0_minimal', 'emp_new']",0.05935355293259042,0.35215841716074875,2.7387237640114943,"['apriori', 'eclat', 'fpgrowth']","{'income_low', 'credit_small'} -> {'emp_new', 'cluster_0_minimal'}",apriori+eclat+fpgrowth,3,True
"['credit_small', 'income_low'] -> ['cluster_0_minimal']",0.13329777827679612,0.7908866830990607,2.2336874527307424,"['apriori', 'eclat', 'fpgrowth']","{'income_low', 'credit_small'} -> {'cluster_0_minimal'}",apriori+eclat+fpgrowth,3,True
"['credit_small', 'income_low'] -> ['emp_new']",0.07550771217246073,0.44800479648257935,1.3437842990848123,"['apriori', 'eclat', 'fpgrowth']","{'income_low', 'credit_small'} -> {'emp_new'}",apriori+eclat+fpgrowth,3,True
"['credit_small', 'income_med'] -> ['burden_low', 'cluster_0_minimal']",0.05630060773368943,0.6656950798506946,2.9664316876937535,"['apriori', 'eclat', 'fpgrowth', 'fpgrowth_cluster0']","{'credit_small', 'income_med'} -> {'burden_low', 'cluster_0_minimal'}",apriori+eclat+fpgrowth+fpgrowth_cluster0,4,True
"['credit_small', 'income_med'] -> ['burden_low', 'cluster_1_veteran']",0.0572270635879821,0.8294406883835279,2.282316872008887,['fpgrowth_cluster1'],"{'credit_small', 'income_med'} -> {'cluster_1_veteran', 'burden_low'}",fpgrowth_cluster1,1,False
"['credit_small', 'income_med'] -> ['burden_low']",0.06548282526347626,0.8396300001653134,2.306299723275873,"['apriori', 'eclat', 'fpgrowth', 'fpgrowth_cluster0', 'fpgrowth_cluster1']","{'credit_small', 'income_med'} -> {'burden_low'}",apriori+eclat+fpgrowth+fpgrowth_cluster0+fpgrowth_cluster1,5,True
"['credit_small', 'income_med'] -> ['cluster_0_minimal']",0.04589689969263589,0.7202449123425249,2.034175132761901,"['apriori', 'eclat', 'fpgrowth']","{'credit_small', 'income_med'} -> {'cluster_0_minimal'}",apriori+eclat+fpgrowth,3,True
"['credit_small', 'risk_score_high'] -> ['age_senior']",0.04637127899959299,0.47617675035309714,1.4286345148517607,"['apriori', 'eclat', 'fpgrowth']","{'risk_score_high', 'credit_small'} -> {'age_senior'}",apriori+eclat+fpgrowth,3,True
"['credit_small', 'risk_score_high'] -> ['burden_low', 'cluster_0_minimal']",0.039235940548202834,0.4029054852563918,2.256553218098317,"['apriori', 'eclat', 'fpgrowth']","{'risk_score_high', 'credit_small'} -> {'burden_low', 'cluster_0_minimal'}",apriori+eclat+fpgrowth,3,True
"['credit_small', 'risk_score_high'] -> ['burden_low', 'cluster_1_veteran']",0.0578843585013676,0.611696168496527,1.6831637336523746,['fpgrowth_cluster1'],"{'risk_score_high', 'credit_small'} -> {'cluster_1_veteran', 'burden_low'}",fpgrowth_cluster1,1,False
"['credit_small', 'risk_score_high'] -> ['burden_low']",0.05500315233323372,0.5691391287410286,1.6694011450479938,"['apriori', 'eclat', 'fpgrowth', 'fpgrowth_cluster1']","{'risk_score_high', 'credit_small'} -> {'burden_low'}",apriori+eclat+fpgrowth+fpgrowth_cluster1,4,True
"['credit_small', 'risk_score_high'] -> ['cluster_0_minimal', 'income_low']",0.03869700074384921,0.39737122762516935,2.5042098441139324,"['apriori', 'eclat', 'fpgrowth']","{'risk_score_high', 'credit_small'} -> {'income_low', 'cluster_0_minimal'}",apriori+eclat+fpgrowth,3,True
"['credit_small', 'risk_score_high'] -> ['cluster_0_minimal']",0.0729280992547473,0.748883059983282,2.1150573532134462,"['apriori', 'eclat', 'fpgrowth']","{'risk_score_high', 'credit_small'} -> {'cluster_0_minimal'}",apriori+eclat+fpgrowth,3,True
"['credit_small', 'risk_score_high'] -> ['emp_new']",0.03990400134734951,0.40976565877842797,1.2290865251752001,"['apriori', 'eclat', 'fpgrowth']","{'risk_score_high', 'credit_small'} -> {'emp_new'}",apriori+eclat+fpgrowth,3,True
"['credit_small', 'risk_score_high'] -> ['income_low']",0.04860844058329006,0.49914968437436946,1.5594132471020756,"['apriori', 'eclat', 'fpgrowth']","{'risk_score_high', 'credit_small'} -> {'income_low'}",apriori+eclat+fpgrowth,3,True
"['credit_small', 'risk_score_low'] -> ['age_young', 'cluster_0_minimal']",0.05446099002119268,0.43463261648745527,2.7793441651870965,"['apriori', 'eclat', 'fpgrowth']","{'risk_score_low', 'credit_small'} -> {'age_young', 'cluster_0_minimal'}",apriori+eclat+fpgrowth,3,True
"['credit_small', 'risk_score_low'] -> ['age_young', 'cluster_3_cc_intensif']",0.054777093550647145,0.5126833477135461,1.7177489135957074,['fpgrowth_cluster3'],"{'risk_score_low', 'credit_small'} -> {'cluster_3_cc_intensif', 'age_young'}",fpgrowth_cluster3,1,False
"['credit_small', 'risk_score_low'] -> ['age_young']",0.06649984804626306,0.5495922078961284,1.6933997685076396,"['apriori', 'eclat', 'fpgrowth', 'fpgrowth_cluster3']","{'risk_score_low', 'credit_small'} -> {'age_young'}",apriori+eclat+fpgrowth+fpgrowth_cluster3,4,True
"['credit_small', 'risk_score_low'] -> ['burden_low', 'cluster_0_minimal']",0.05072770908478477,0.40483870967741936,2.2673806303530792,"['apriori', 'eclat', 'fpgrowth']","{'risk_score_low', 'credit_small'} -> {'burden_low', 'cluster_0_minimal'}",apriori+eclat+fpgrowth,3,True
"['credit_small', 'risk_score_low'] -> ['burden_low', 'cluster_1_veteran']",0.0856603693573352,0.6563769293257514,1.8061088166738866,['fpgrowth_cluster1'],"{'risk_score_low', 'credit_small'} -> {'cluster_1_veteran', 'burden_low'}",fpgrowth_cluster1,1,False
"['credit_small', 'risk_score_low'] -> ['burden_low', 'cluster_3_cc_intensif']",0.07074375898816328,0.6621225194132873,1.9972304770556628,['fpgrowth_cluster3'],"{'risk_score_low', 'credit_small'} -> {'cluster_3_cc_intensif', 'burden_low'}",fpgrowth_cluster3,1,False
"['credit_small', 'risk_score_low'] -> ['burden_low', 'cluster_4_bermasalah']",0.061456953642384106,0.5167037861915368,1.6728617434588777,['fpgrowth_cluster4'],"{'risk_score_low', 'credit_small'} -> {'cluster_4_bermasalah', 'burden_low'}",fpgrowth_cluster4,1,False
"['credit_small', 'risk_score_low'] -> ['burden_low']",0.07306334870789795,0.5991803778647734,1.7926149899771355,"['apriori', 'eclat', 'fpgrowth', 'fpgrowth_cluster1', 'fpgrowth_cluster3', 'fpgrowth_cluster4']","{'risk_score_low', 'credit_small'} -> {'burden_low'}",apriori+eclat+fpgrowth+fpgrowth_cluster1+fpgrowth_cluster3+fpgrowth_cluster4,6,True
"['credit_small', 'risk_score_low'] -> ['cluster_0_minimal', 'income_low']",0.04918667808171114,0.3925403225806452,2.473765767825932,"['apriori', 'eclat', 'fpgrowth']","{'risk_score_low', 'credit_small'} -> {'income_low', 'cluster_0_minimal'}",apriori+eclat+fpgrowth,3,True
"['credit_small', 'risk_score_low'] -> ['cluster_0_minimal']",0.09038750333328655,0.7213485663082437,2.0372921633910206,"['apriori', 'eclat', 'fpgrowth']","{'risk_score_low', 'credit_small'} -> {'cluster_0_minimal'}",apriori+eclat+fpgrowth,3,True
"['credit_small', 'risk_score_low'] -> ['cluster_4_bermasalah', 'income_low']",0.06675496688741722,0.5612472160356348,1.5453743548756538,['fpgrowth_cluster4'],"{'risk_score_low', 'credit_small'} -> {'cluster_4_bermasalah', 'income_low'}",fpgrowth_cluster4,1,False
"['credit_small', 'risk_score_low'] -> ['emp_mid']",0.052131198158622334,0.41603942652329745,1.2478310635386503,"['apriori', 'eclat', 'fpgrowth']","{'risk_score_low', 'credit_small'} -> {'emp_mid'}",apriori+eclat+fpgrowth,3,True
"['credit_small', 'risk_score_low'] -> ['income_low']",0.06375755479114456,0.5159502448691238,1.5598904808348442,"['apriori', 'eclat', 'fpgrowth', 'fpgrowth_cluster4']","{'risk_score_low', 'credit_small'} -> {'income_low'}",apriori+eclat+fpgrowth+fpgrowth_cluster4,4,True
"['credit_small', 'risk_score_med'] -> ['burden_low', 'cluster_0_minimal']",0.04470112700172629,0.4014570938791973,2.2484412108338985,"['apriori', 'eclat', 'fpgrowth']","{'risk_score_med', 'credit_small'} -> {'burden_low', 'cluster_0_minimal'}",apriori+eclat+fpgrowth,3,True
"['credit_small', 'risk_score_med'] -> ['burden_low', 'cluster_1_veteran']",0.06986408837436126,0.6414249562001167,1.7649664649513481,['fpgrowth_cluster1'],"{'risk_score_med', 'credit_small'} -> {'cluster_1_veteran', 'burden_low'}",fpgrowth_cluster1,1,False
"['credit_small', 'risk_score_med'] -> ['burden_low', 'cluster_3_cc_intensif']",0.05451897193849331,0.6390749945969311,1.9277097801539596,['fpgrowth_cluster3'],"{'risk_score_med', 'credit_small'} -> {'cluster_3_cc_intensif', 'burden_low'}",fpgrowth_cluster3,1,False
"['credit_small', 'risk_score_med'] -> ['burden_low']",0.06260239836732454,0.594912130927787,1.7549431409787757,"['apriori', 'eclat', 'fpgrowth', 'fpgrowth_cluster1', 'fpgrowth_cluster3']","{'risk_score_med', 'credit_small'} -> {'burden_low'}",apriori+eclat+fpgrowth+fpgrowth_cluster1+fpgrowth_cluster3,5,True
"['credit_small', 'risk_score_med'] -> ['cluster_0_minimal', 'income_low']",0.04541409945123578,0.40786023999193305,2.570310976248892,"['apriori', 'eclat', 'fpgrowth']","{'risk_score_med', 'credit_small'} -> {'income_low', 'cluster_0_minimal'}",apriori+eclat+fpgrowth,3,True
"['credit_small', 'risk_score_med'] -> ['cluster_0_minimal']",0.08243814121907062,0.7403700715942322,2.0910142687157376,"['apriori', 'eclat', 'fpgrowth']","{'risk_score_med', 'credit_small'} -> {'cluster_0_minimal'}",apriori+eclat+fpgrowth,3,True
"['credit_small', 'risk_score_med'] -> ['cluster_4_bermasalah', 'income_low']",0.06357615894039735,0.5714285714285714,1.5734083567781598,['fpgrowth_cluster4'],"{'risk_score_med', 'credit_small'} -> {'cluster_4_bermasalah', 'income_low'}",fpgrowth_cluster4,1,False
"['credit_small', 'risk_score_med'] -> ['income_low']",0.058775543152595235,0.5279723490686988,1.5965057183097775,"['apriori', 'eclat', 'fpgrowth', 'fpgrowth_cluster4']","{'risk_score_med', 'credit_small'} -> {'income_low'}",apriori+eclat+fpgrowth+fpgrowth_cluster4,4,True
"['credit_small'] -> ['burden_low', 'cluster_0_minimal']",0.1346647766347139,0.403147872706952,2.25791075777351,"['apriori', 'eclat', 'fpgrowth']","{'credit_small'} -> {'burden_low', 'cluster_0_minimal'}",apriori+eclat+fpgrowth,3,True
"['credit_small'] -> ['burden_low', 'cluster_1_veteran']",0.21340881623306404,0.6388448111710567,1.7578668511820623,['fpgrowth_cluster1'],"{'credit_small'} -> {'cluster_1_veteran', 'burden_low'}",fpgrowth_cluster1,1,False
"['credit_small'] -> ['burden_low', 'cluster_3_cc_intensif']",0.16776061064198533,0.646281696143192,1.9494481194268642,['fpgrowth_cluster3'],"{'credit_small'} -> {'cluster_3_cc_intensif', 'burden_low'}",fpgrowth_cluster3,1,False
['credit_small'] -> ['burden_low'],0.19048912389797795,0.5990728472817924,1.767576828787504,"['apriori', 'eclat', 'fpgrowth', 'fpgrowth_cluster1', 'fpgrowth_cluster3']",{'credit_small'} -> {'burden_low'},apriori+eclat+fpgrowth+fpgrowth_cluster1+fpgrowth_cluster3,5,True
"['credit_small'] -> ['cluster_0_minimal', 'income_low']",0.13329777827679612,0.39905547012209985,2.514823840164665,"['apriori', 'eclat', 'fpgrowth']","{'credit_small'} -> {'income_low', 'cluster_0_minimal'}",apriori+eclat+fpgrowth,3,True
['credit_small'] -> ['cluster_0_minimal'],0.24575374380710446,0.7357165065839782,2.0778712862936035,"['apriori', 'eclat', 'fpgrowth']",{'credit_small'} -> {'cluster_0_minimal'},apriori+eclat+fpgrowth,3,True
"['credit_small'] -> ['cluster_4_bermasalah', 'income_low']",0.17933774834437086,0.5604304635761589,1.5431254558716265,['fpgrowth_cluster4'],"{'credit_small'} -> {'cluster_4_bermasalah', 'income_low'}",fpgrowth_cluster4,1,False
['credit_small'] -> ['income_low'],0.1712410840103464,0.5185330072773053,1.5680350783071357,"['apriori', 'eclat', 'fpgrowth', 'fpgrowth_cluster4']",{'credit_small'} -> {'income_low'},apriori+eclat+fpgrowth+fpgrowth_cluster4,4,True
"['emp_mid', 'income_high'] -> ['age_young']",0.045262522631261314,0.4905241383506221,1.4712213917166264,"['apriori', 'eclat', 'fpgrowth']","{'emp_mid', 'income_high'} -> {'age_young'}",apriori+eclat+fpgrowth,3,True
"['emp_mid', 'income_high'] -> ['burden_med']",0.03820577956800606,0.4140480029203297,1.2421823633272313,"['apriori', 'eclat', 'fpgrowth']","{'emp_mid', 'income_high'} -> {'burden_med'}",apriori+eclat+fpgrowth,3,True
"['emp_mid', 'income_low', 'risk_score_low'] -> ['age_young', 'cluster_0_minimal']",0.05164103377199936,0.7260365581810075,1.643880947190901,['fpgrowth_cluster0'],"{'emp_mid', 'risk_score_low', 'income_low'} -> {'age_young', 'cluster_0_minimal'}",fpgrowth_cluster0,1,False
"['emp_mid', 'income_low', 'risk_score_low'] -> ['age_young']",0.05164103377199936,0.7260365581810075,1.643880947190901,['fpgrowth_cluster0'],"{'emp_mid', 'risk_score_low', 'income_low'} -> {'age_young'}",fpgrowth_cluster0,1,False
"['emp_mid', 'income_low'] -> ['age_young']",0.049517901503136806,0.515803631472764,1.5470417808581374,"['apriori', 'eclat', 'fpgrowth']","{'emp_mid', 'income_low'} -> {'age_young'}",apriori+eclat+fpgrowth,3,True
"['emp_mid', 'income_low'] -> ['burden_high', 'cluster_0_minimal']",0.0802441731409545,0.5441642922423526,1.9184684821669236,['fpgrowth_cluster0'],"{'emp_mid', 'income_low'} -> {'burden_high', 'cluster_0_minimal'}",fpgrowth_cluster0,1,False
"['emp_mid', 'income_low'] -> ['burden_high']",0.05566896457757137,0.5069512803644681,1.5923446190515982,"['apriori', 'eclat', 'fpgrowth', 'fpgrowth_cluster0']","{'emp_mid', 'income_low'} -> {'burden_high'}",apriori+eclat+fpgrowth+fpgrowth_cluster0,4,True
"['emp_mid', 'income_low'] -> ['burden_low']",0.03878401706642714,0.4039940352621268,1.2119480866684265,"['apriori', 'eclat', 'fpgrowth']","{'emp_mid', 'income_low'} -> {'burden_low'}",apriori+eclat+fpgrowth,3,True
"['emp_mid', 'income_low'] -> ['cluster_0_minimal', 'credit_small']",0.04227589788213499,0.44036724072395544,1.7919045053067668,"['apriori', 'eclat', 'fpgrowth']","{'emp_mid', 'income_low'} -> {'credit_small', 'cluster_0_minimal'}",apriori+eclat+fpgrowth,3,True
"['emp_mid', 'income_low'] -> ['cluster_0_minimal']",0.052212600524904916,0.543872986169995,1.5360509805612141,"['apriori', 'eclat', 'fpgrowth']","{'emp_mid', 'income_low'} -> {'cluster_0_minimal'}",apriori+eclat+fpgrowth,3,True
"['emp_mid', 'income_low'] -> ['credit_small']",0.05169050258943734,0.5384345486974065,1.6119192287980315,"['apriori', 'eclat', 'fpgrowth']","{'emp_mid', 'income_low'} -> {'credit_small'}",apriori+eclat+fpgrowth,3,True
"['emp_mid', 'income_low'] -> ['risk_score_low']",0.04232642348879314,0.4408935411245285,1.3226769106484009,"['apriori', 'eclat', 'fpgrowth']","{'emp_mid', 'income_low'} -> {'risk_score_low'}",apriori+eclat+fpgrowth,3,True
"['emp_mid', 'income_med'] -> ['age_young']",0.031047985291434505,0.5099820185347411,1.5295811080408672,"['apriori', 'eclat', 'fpgrowth']","{'emp_mid', 'income_med'} -> {'age_young'}",apriori+eclat+fpgrowth,3,True
"['emp_mid', 'income_very_high'] -> ['age_mid']",0.033781982007270075,0.40095282515991465,1.203057715926165,"['apriori', 'eclat', 'fpgrowth']","{'emp_mid', 'income_very_high'} -> {'age_mid'}",apriori+eclat+fpgrowth,3,True
"['emp_mid', 'income_very_high'] -> ['age_young']",0.03701281385524414,0.43929904051172713,1.3175827553250155,"['apriori', 'eclat', 'fpgrowth']","{'emp_mid', 'income_very_high'} -> {'age_young'}",apriori+eclat+fpgrowth,3,True
"['emp_mid', 'income_very_high'] -> ['burden_med', 'cluster_1_veteran']",0.07353221805228675,0.6936,1.6824696188859745,['fpgrowth_cluster1'],"{'emp_mid', 'income_very_high'} -> {'cluster_1_veteran', 'burden_med'}",fpgrowth_cluster1,1,False
"['emp_mid', 'income_very_high'] -> ['burden_med', 'cluster_2_ambisius', 'credit_large']",0.05164920481194823,0.5188967513669991,1.8893291723215453,['fpgrowth_cluster2'],"{'emp_mid', 'income_very_high'} -> {'credit_large', 'burden_med', 'cluster_2_ambisius'}",fpgrowth_cluster2,1,False
"['emp_mid', 'income_very_high'] -> ['burden_med', 'cluster_2_ambisius']",0.0614459856409928,0.6173206818912834,1.5524532250722622,['fpgrowth_cluster2'],"{'emp_mid', 'income_very_high'} -> {'burden_med', 'cluster_2_ambisius'}",fpgrowth_cluster2,1,False
"['emp_mid', 'income_very_high'] -> ['burden_med', 'cluster_3_cc_intensif']",0.0670009956119326,0.674962852897474,1.6979886463568274,['fpgrowth_cluster3'],"{'emp_mid', 'income_very_high'} -> {'cluster_3_cc_intensif', 'burden_med'}",fpgrowth_cluster3,1,False
"['emp_mid', 'income_very_high'] -> ['burden_med', 'credit_large']",0.05164920481194823,0.5188967513669991,1.8893291723215453,['fpgrowth_cluster2'],"{'emp_mid', 'income_very_high'} -> {'credit_large', 'burden_med'}",fpgrowth_cluster2,1,False
"['emp_mid', 'income_very_high'] -> ['burden_med']",0.059885989739783006,0.6422145976602441,1.7558827712220646,"['apriori', 'eclat', 'fpgrowth', 'fpgrowth_cluster1', 'fpgrowth_cluster2', 'fpgrowth_cluster3']","{'emp_mid', 'income_very_high'} -> {'burden_med'}",apriori+eclat+fpgrowth+fpgrowth_cluster1+fpgrowth_cluster2+fpgrowth_cluster3,6,True
"['emp_mid', 'income_very_high'] -> ['credit_large']",0.042691330647990904,0.5066964285714285,1.5734008800006472,"['apriori', 'eclat', 'fpgrowth']","{'emp_mid', 'income_very_high'} -> {'credit_large'}",apriori+eclat+fpgrowth,3,True
"['emp_mid', 'risk_score_high'] -> ['age_mid']",0.04093416232754628,0.4567750422852847,1.3705521063348052,"['apriori', 'eclat', 'fpgrowth']","{'risk_score_high', 'emp_mid'} -> {'age_mid'}",apriori+eclat+fpgrowth,3,True
"['emp_mid', 'risk_score_high'] -> ['cluster_2_ambisius']",0.04007242003621002,0.44715905531541694,1.2750434151977674,"['apriori', 'eclat', 'fpgrowth']","{'risk_score_high', 'emp_mid'} -> {'cluster_2_ambisius'}",apriori+eclat+fpgrowth,3,True
"['emp_mid', 'risk_score_high'] -> ['credit_large']",0.03534546883552511,0.3944120779302136,1.2247339343754642,"['apriori', 'eclat', 'fpgrowth']","{'risk_score_high', 'emp_mid'} -> {'credit_large'}",apriori+eclat+fpgrowth,3,True
"['emp_mid', 'risk_score_low'] -> ['age_young', 'cluster_0_minimal']",0.12980814967496432,0.7344247589145548,1.6628733838825716,['fpgrowth_cluster0'],"{'emp_mid', 'risk_score_low'} -> {'age_young', 'cluster_0_minimal'}",fpgrowth_cluster0,1,False
"['emp_mid', 'risk_score_low'] -> ['age_young', 'cluster_1_veteran']",0.07736997222398914,0.5425215581326196,2.131534842236649,['fpgrowth_cluster1'],"{'emp_mid', 'risk_score_low'} -> {'cluster_1_veteran', 'age_young'}",fpgrowth_cluster1,1,False
"['emp_mid', 'risk_score_low'] -> ['age_young', 'cluster_3_cc_intensif']",0.08046019395995428,0.5657246564687581,1.8954641658977331,['fpgrowth_cluster3'],"{'emp_mid', 'risk_score_low'} -> {'cluster_3_cc_intensif', 'age_young'}",fpgrowth_cluster3,1,False
"['emp_mid', 'risk_score_low'] -> ['age_young', 'cluster_4_bermasalah']",0.05933774834437086,0.5572139303482587,2.0888605631228168,['fpgrowth_cluster4'],"{'emp_mid', 'risk_score_low'} -> {'cluster_4_bermasalah', 'age_young'}",fpgrowth_cluster4,1,False
"['emp_mid', 'risk_score_low'] -> ['age_young']",0.08655756520820321,0.6189004949526618,1.9392293974344985,"['apriori', 'eclat', 'fpgrowth', 'fpgrowth_cluster0', 'fpgrowth_cluster1', 'fpgrowth_cluster3', 'fpgrowth_cluster4']","{'emp_mid', 'risk_score_low'} -> {'age_young'}",apriori+eclat+fpgrowth+fpgrowth_cluster0+fpgrowth_cluster1+fpgrowth_cluster3+fpgrowth_cluster4,7,True
"['emp_mid', 'risk_score_low'] -> ['cluster_0_minimal']",0.06258157780241681,0.46705771446527705,1.3191029496339564,"['apriori', 'eclat', 'fpgrowth']","{'emp_mid', 'risk_score_low'} -> {'cluster_0_minimal'}",apriori+eclat+fpgrowth,3,True
"['emp_mid', 'risk_score_med'] -> ['age_young']",0.04944492007129724,0.4503042077815839,1.3505903817412712,"['apriori', 'eclat', 'fpgrowth']","{'emp_mid', 'risk_score_med'} -> {'age_young'}",apriori+eclat+fpgrowth,3,True
['emp_mid'] -> ['age_young'],0.16284122328107675,0.48841125114708833,1.4648842421064654,"['apriori', 'eclat', 'fpgrowth']",{'emp_mid'} -> {'age_young'},apriori+eclat+fpgrowth,3,True
['emp_mid'] -> ['risk_score_low'],0.13399110187927188,0.40188080384579766,1.2056390273349893,"['apriori', 'eclat', 'fpgrowth']",{'emp_mid'} -> {'risk_score_low'},apriori+eclat+fpgrowth,3,True
"['emp_new', 'income_high'] -> ['age_senior', 'cluster_1_veteran']",0.07187837923796196,0.7069864442127216,1.6437565525464426,['fpgrowth_cluster1'],"{'emp_new', 'income_high'} -> {'cluster_1_veteran', 'age_senior'}",fpgrowth_cluster1,1,False
"['emp_new', 'income_high'] -> ['age_senior']",0.047878648717505815,0.5647746518397792,1.57510822322314,"['apriori', 'eclat', 'fpgrowth', 'fpgrowth_cluster1']","{'emp_new', 'income_high'} -> {'age_senior'}",apriori+eclat+fpgrowth+fpgrowth_cluster1,4,True
"['emp_new', 'income_high'] -> ['burden_med']",0.031199562111408962,0.40477057538237443,1.21434922131613,"['apriori', 'eclat', 'fpgrowth']","{'emp_new', 'income_high'} -> {'burden_med'}",apriori+eclat+fpgrowth,3,True
"['emp_new', 'income_low', 'risk_score_high'] -> ['age_senior']",0.03577774347026708,0.8048749684263704,2.4148011409239833,"['apriori', 'eclat', 'fpgrowth']","{'risk_score_high', 'emp_new', 'income_low'} -> {'age_senior'}",apriori+eclat+fpgrowth,3,True
"['emp_new', 'income_low', 'risk_score_med'] -> ['age_senior']",0.032611472119689545,0.6927847346451997,2.078505896271996,"['apriori', 'eclat', 'fpgrowth']","{'emp_new', 'income_low', 'risk_score_med'} -> {'age_senior'}",apriori+eclat+fpgrowth,3,True
"['emp_new', 'income_low'] -> ['age_senior', 'burden_high']",0.048431600959986526,0.3548088589113492,2.9704006681266795,"['apriori', 'eclat', 'fpgrowth']","{'emp_new', 'income_low'} -> {'age_senior', 'burden_high'}",apriori+eclat+fpgrowth,3,True
"['emp_new', 'income_low'] -> ['age_senior', 'cluster_0_minimal', 'credit_small']",0.10713492944347551,0.5497518509478481,2.5203786609930057,['fpgrowth_cluster0'],"{'emp_new', 'income_low'} -> {'age_senior', 'credit_small', 'cluster_0_minimal'}",fpgrowth_cluster0,1,False
"['emp_new', 'income_low'] -> ['age_senior', 'cluster_0_minimal']",0.11910575550975107,0.6111789113985844,2.192291073304255,['fpgrowth_cluster0'],"{'emp_new', 'income_low'} -> {'age_senior', 'cluster_0_minimal'}",fpgrowth_cluster0,1,False
"['emp_new', 'income_low'] -> ['age_senior', 'cluster_1_veteran', 'credit_small']",0.054301041070330555,0.5134322373696872,3.1878626396875407,['fpgrowth_cluster1'],"{'emp_new', 'income_low'} -> {'cluster_1_veteran', 'age_senior', 'credit_small'}",fpgrowth_cluster1,1,False
"['emp_new', 'income_low'] -> ['age_senior', 'cluster_1_veteran']",0.08574518160422365,0.8107457898957499,1.88499894941352,['fpgrowth_cluster1'],"{'emp_new', 'income_low'} -> {'cluster_1_veteran', 'age_senior'}",fpgrowth_cluster1,1,False
"['emp_new', 'income_low'] -> ['age_senior', 'cluster_2_ambisius']",0.07928669190564995,0.7272593789002275,2.017878690186669,['fpgrowth_cluster2'],"{'emp_new', 'income_low'} -> {'age_senior', 'cluster_2_ambisius'}",fpgrowth_cluster2,1,False
"['emp_new', 'income_low'] -> ['age_senior', 'cluster_3_cc_intensif']",0.05606770161141635,0.6311747613117477,2.030225163327397,['fpgrowth_cluster3'],"{'emp_new', 'income_low'} -> {'cluster_3_cc_intensif', 'age_senior'}",fpgrowth_cluster3,1,False
"['emp_new', 'income_low'] -> ['age_senior', 'cluster_4_bermasalah']",0.11470198675496689,0.6983870967741936,1.8818067739632984,['fpgrowth_cluster4'],"{'emp_new', 'income_low'} -> {'cluster_4_bermasalah', 'age_senior'}",fpgrowth_cluster4,1,False
"['emp_new', 'income_low'] -> ['age_senior', 'credit_small']",0.06225898397237708,0.43220950063046093,3.0973915951460387,"['apriori', 'eclat', 'fpgrowth', 'fpgrowth_cluster0', 'fpgrowth_cluster1']","{'emp_new', 'income_low'} -> {'age_senior', 'credit_small'}",apriori+eclat+fpgrowth+fpgrowth_cluster0+fpgrowth_cluster1,5,True
"['emp_new', 'income_low'] -> ['age_senior']",0.09101872477416185,0.6850643037915713,2.0016180542664945,"['apriori', 'eclat', 'fpgrowth', 'fpgrowth_cluster0', 'fpgrowth_cluster1', 'fpgrowth_cluster2', 'fpgrowth_cluster3', 'fpgrowth_cluster4']","{'emp_new', 'income_low'} -> {'age_senior'}",apriori+eclat+fpgrowth+fpgrowth_cluster0+fpgrowth_cluster1+fpgrowth_cluster2+fpgrowth_cluster3+fpgrowth_cluster4,8,True
"['emp_new', 'income_low'] -> ['burden_high', 'cluster_0_minimal', 'credit_small']",0.1065720627873791,0.546863558701489,2.3731850309493865,['fpgrowth_cluster0'],"{'emp_new', 'income_low'} -> {'burden_high', 'cluster_0_minimal', 'credit_small'}",fpgrowth_cluster0,1,False
"['emp_new', 'income_low'] -> ['burden_high', 'cluster_0_minimal']",0.11935944188996353,0.6124806769180702,2.159320064463662,['fpgrowth_cluster0'],"{'emp_new', 'income_low'} -> {'burden_high', 'cluster_0_minimal'}",fpgrowth_cluster0,1,False
"['emp_new', 'income_low'] -> ['burden_high', 'cluster_4_bermasalah']",0.08874172185430464,0.5403225806451614,1.5726428233889624,['fpgrowth_cluster4'],"{'emp_new', 'income_low'} -> {'cluster_4_bermasalah', 'burden_high'}",fpgrowth_cluster4,1,False
"['emp_new', 'income_low'] -> ['burden_high', 'credit_small']",0.1065720627873791,0.546863558701489,2.3731850309493865,['fpgrowth_cluster0'],"{'emp_new', 'income_low'} -> {'credit_small', 'burden_high'}",fpgrowth_cluster0,1,False
"['emp_new', 'income_low'] -> ['burden_high']",0.0843446857389871,0.5435590680953439,1.6853851915868692,"['apriori', 'eclat', 'fpgrowth', 'fpgrowth_cluster0', 'fpgrowth_cluster4']","{'emp_new', 'income_low'} -> {'burden_high'}",apriori+eclat+fpgrowth+fpgrowth_cluster0+fpgrowth_cluster4,5,True
"['emp_new', 'income_low'] -> ['cluster_0_minimal', 'credit_small']",0.05935355293259042,0.4348228423368772,1.7693437161965504,"['apriori', 'eclat', 'fpgrowth']","{'emp_new', 'income_low'} -> {'credit_small', 'cluster_0_minimal'}",apriori+eclat+fpgrowth,3,True
"['emp_new', 'income_low'] -> ['cluster_0_minimal']",0.0690011368261498,0.5055008328363734,1.4276771777558441,"['apriori', 'eclat', 'fpgrowth']","{'emp_new', 'income_low'} -> {'cluster_0_minimal'}",apriori+eclat+fpgrowth,3,True
"['emp_new', 'income_low'] -> ['cluster_1_veteran', 'credit_small']",0.06528422704238492,0.6172814755412991,1.847848062897765,['fpgrowth_cluster1'],"{'emp_new', 'income_low'} -> {'cluster_1_veteran', 'credit_small'}",fpgrowth_cluster1,1,False
"['emp_new', 'income_low'] -> ['cluster_2_ambisius', 'credit_med']",0.06177414578314217,0.5666250642390426,1.7450593793374516,['fpgrowth_cluster2'],"{'emp_new', 'income_low'} -> {'cluster_2_ambisius', 'credit_med'}",fpgrowth_cluster2,1,False
"['emp_new', 'income_low'] -> ['cluster_4_bermasalah', 'credit_small']",0.08794701986754967,0.535483870967742,1.6733870967741937,['fpgrowth_cluster4'],"{'emp_new', 'income_low'} -> {'cluster_4_bermasalah', 'credit_small'}",fpgrowth_cluster4,1,False
"['emp_new', 'income_low'] -> ['credit_med']",0.06177414578314217,0.5666250642390426,1.7450593793374516,['fpgrowth_cluster2'],"{'emp_new', 'income_low'} -> {'credit_med'}",fpgrowth_cluster2,1,False
"['emp_new', 'income_low'] -> ['credit_small']",0.07595087668546335,0.5624537869805595,1.6978629694193166,"['apriori', 'eclat', 'fpgrowth', 'fpgrowth_cluster1', 'fpgrowth_cluster4']","{'emp_new', 'income_low'} -> {'credit_small'}",apriori+eclat+fpgrowth+fpgrowth_cluster1+fpgrowth_cluster4,5,True
"['emp_new', 'income_med'] -> ['age_senior', 'cluster_1_veteran']",0.05330449716939126,0.7627427184466019,1.7733909208822818,['fpgrowth_cluster1'],"{'emp_new', 'income_med'} -> {'cluster_1_veteran', 'age_senior'}",fpgrowth_cluster1,1,False
"['emp_new', 'income_med'] -> ['age_senior']",0.039498388541270635,0.6151791920177511,1.7169212146553192,"['apriori', 'eclat', 'fpgrowth', 'fpgrowth_cluster1']","{'emp_new', 'income_med'} -> {'age_senior'}",apriori+eclat+fpgrowth+fpgrowth_cluster1,4,True
"['emp_new', 'income_med'] -> ['burden_low', 'cluster_0_minimal']",0.05033296337402886,0.7569146399618503,1.501001630033294,['fpgrowth_cluster0'],"{'emp_new', 'income_med'} -> {'burden_low', 'cluster_0_minimal'}",fpgrowth_cluster0,1,False
"['emp_new', 'income_med'] -> ['burden_low']",0.03527765916746056,0.5573142507029597,1.47947618426956,"['apriori', 'eclat', 'fpgrowth', 'fpgrowth_cluster0']","{'emp_new', 'income_med'} -> {'burden_low'}",apriori+eclat+fpgrowth+fpgrowth_cluster0,4,True
"['emp_new', 'income_very_high'] -> ['burden_med', 'cluster_1_veteran']",0.053198481860780696,0.6245954692556634,1.5150849208715145,['fpgrowth_cluster1'],"{'emp_new', 'income_very_high'} -> {'cluster_1_veteran', 'burden_med'}",fpgrowth_cluster1,1,False
"['emp_new', 'income_very_high'] -> ['burden_med']",0.039307676492479,0.603368676175775,1.720472084178212,"['apriori', 'eclat', 'fpgrowth', 'fpgrowth_cluster1']","{'emp_new', 'income_very_high'} -> {'burden_med'}",apriori+eclat+fpgrowth+fpgrowth_cluster1,4,True
"['emp_new', 'income_very_high'] -> ['credit_large']",0.030475361749308778,0.5240370692151752,1.6272472813371823,"['apriori', 'eclat', 'fpgrowth']","{'emp_new', 'income_very_high'} -> {'credit_large'}",apriori+eclat+fpgrowth,3,True
"['emp_new', 'risk_score_high'] -> ['age_senior', 'cluster_0_minimal', 'credit_small']",0.06193118756936737,0.6070873484612994,2.7832375566950756,['fpgrowth_cluster0'],"{'risk_score_high', 'emp_new'} -> {'age_senior', 'credit_small', 'cluster_0_minimal'}",fpgrowth_cluster0,1,False
"['emp_new', 'risk_score_high'] -> ['age_senior', 'cluster_0_minimal']",0.07218963056920881,0.7076468759714019,2.5383204497250933,['fpgrowth_cluster0'],"{'risk_score_high', 'emp_new'} -> {'age_senior', 'cluster_0_minimal'}",fpgrowth_cluster0,1,False
"['emp_new', 'risk_score_high'] -> ['age_senior', 'cluster_1_veteran']",0.09600746347772618,0.8577382079939382,1.9942571902202666,['fpgrowth_cluster1'],"{'risk_score_high', 'emp_new'} -> {'cluster_1_veteran', 'age_senior'}",fpgrowth_cluster1,1,False
"['emp_new', 'risk_score_high'] -> ['age_senior', 'cluster_2_ambisius']",0.09365370300706745,0.6971105153410784,1.934226624535277,['fpgrowth_cluster2'],"{'risk_score_high', 'emp_new'} -> {'age_senior', 'cluster_2_ambisius'}",fpgrowth_cluster2,1,False
"['emp_new', 'risk_score_high'] -> ['age_senior', 'cluster_3_cc_intensif']",0.06161731627272392,0.6883625128733265,2.2141742363434638,['fpgrowth_cluster3'],"{'risk_score_high', 'emp_new'} -> {'cluster_3_cc_intensif', 'age_senior'}",fpgrowth_cluster3,1,False
"['emp_new', 'risk_score_high'] -> ['age_senior', 'cluster_4_bermasalah']",0.07735099337748344,0.7156862745098038,1.9284194762844464,['fpgrowth_cluster4'],"{'risk_score_high', 'emp_new'} -> {'cluster_4_bermasalah', 'age_senior'}",fpgrowth_cluster4,1,False
"['emp_new', 'risk_score_high'] -> ['age_senior', 'credit_small']",0.06193118756936737,0.6070873484612994,2.7832375566950756,['fpgrowth_cluster0'],"{'risk_score_high', 'emp_new'} -> {'age_senior', 'credit_small'}",fpgrowth_cluster0,1,False
"['emp_new', 'risk_score_high'] -> ['age_senior']",0.08059564457302644,0.7285848725680633,2.137034397532484,"['apriori', 'eclat', 'fpgrowth', 'fpgrowth_cluster0', 'fpgrowth_cluster1', 'fpgrowth_cluster2', 'fpgrowth_cluster3', 'fpgrowth_cluster4']","{'risk_score_high', 'emp_new'} -> {'age_senior'}",apriori+eclat+fpgrowth+fpgrowth_cluster0+fpgrowth_cluster1+fpgrowth_cluster2+fpgrowth_cluster3+fpgrowth_cluster4,8,True
"['emp_new', 'risk_score_high'] -> ['income_low']",0.044451305946583204,0.39397935066550566,1.230846452968349,"['apriori', 'eclat', 'fpgrowth']","{'risk_score_high', 'emp_new'} -> {'income_low'}",apriori+eclat+fpgrowth,3,True
"['emp_new', 'risk_score_low'] -> ['age_senior']",0.044442885012140186,0.40851975127073814,1.2256487034095216,"['apriori', 'eclat', 'fpgrowth']","{'emp_new', 'risk_score_low'} -> {'age_senior'}",apriori+eclat+fpgrowth,3,True
"['emp_new', 'risk_score_low'] -> ['age_young']",0.045694797266003284,0.42002734989808294,1.2597814744733251,"['apriori', 'eclat', 'fpgrowth']","{'emp_new', 'risk_score_low'} -> {'age_young'}",apriori+eclat+fpgrowth,3,True
"['emp_new', 'risk_score_low'] -> ['cluster_0_minimal']",0.049419657267968174,0.45426632608303014,1.282976454722609,"['apriori', 'eclat', 'fpgrowth']","{'emp_new', 'risk_score_low'} -> {'cluster_0_minimal'}",apriori+eclat+fpgrowth,3,True
"['emp_new', 'risk_score_low'] -> ['credit_small']",0.044372710558448304,0.4078747065046315,1.2210603571886578,"['apriori', 'eclat', 'fpgrowth']","{'emp_new', 'risk_score_low'} -> {'credit_small'}",apriori+eclat+fpgrowth,3,True
"['emp_new', 'risk_score_low'] -> ['income_low']",0.04497621086019846,0.4134220914931496,1.2915882876438576,"['apriori', 'eclat', 'fpgrowth']","{'emp_new', 'risk_score_low'} -> {'income_low'}",apriori+eclat+fpgrowth,3,True
"['emp_new', 'risk_score_med'] -> ['age_senior', 'cluster_0_minimal']",0.0669811320754717,0.5509618519726117,1.9762932380090212,['fpgrowth_cluster0'],"{'emp_new', 'risk_score_med'} -> {'age_senior', 'cluster_0_minimal'}",fpgrowth_cluster0,1,False
"['emp_new', 'risk_score_med'] -> ['age_senior', 'cluster_1_veteran']",0.09363272056484956,0.768936096117012,1.7877906384602729,['fpgrowth_cluster1'],"{'emp_new', 'risk_score_med'} -> {'cluster_1_veteran', 'age_senior'}",fpgrowth_cluster1,1,False
"['emp_new', 'risk_score_med'] -> ['age_senior', 'cluster_2_ambisius']",0.06488766518060814,0.6107888194078204,1.694715501299022,['fpgrowth_cluster2'],"{'emp_new', 'risk_score_med'} -> {'age_senior', 'cluster_2_ambisius'}",fpgrowth_cluster2,1,False
"['emp_new', 'risk_score_med'] -> ['age_senior', 'cluster_3_cc_intensif']",0.052564622589328515,0.5726049407511549,1.8418305525122252,['fpgrowth_cluster3'],"{'emp_new', 'risk_score_med'} -> {'cluster_3_cc_intensif', 'age_senior'}",fpgrowth_cluster3,1,False
"['emp_new', 'risk_score_med'] -> ['age_senior', 'cluster_4_bermasalah']",0.08052980132450331,0.6204081632653061,1.6716922314964529,['fpgrowth_cluster4'],"{'emp_new', 'risk_score_med'} -> {'cluster_4_bermasalah', 'age_senior'}",fpgrowth_cluster4,1,False
"['emp_new', 'risk_score_med'] -> ['age_senior']",0.07022097838020426,0.6176755678166866,1.803229272493925,"['apriori', 'eclat', 'fpgrowth', 'fpgrowth_cluster0', 'fpgrowth_cluster1', 'fpgrowth_cluster2', 'fpgrowth_cluster3', 'fpgrowth_cluster4']","{'emp_new', 'risk_score_med'} -> {'age_senior'}",apriori+eclat+fpgrowth+fpgrowth_cluster0+fpgrowth_cluster1+fpgrowth_cluster2+fpgrowth_cluster3+fpgrowth_cluster4,8,True
"['emp_new', 'risk_score_med'] -> ['income_low']",0.04707302353651177,0.42114515318935214,1.3157162097767543,"['apriori', 'eclat', 'fpgrowth']","{'emp_new', 'risk_score_med'} -> {'income_low'}",apriori+eclat+fpgrowth,3,True
"['emp_new'] -> ['age_senior', 'cluster_0_minimal']",0.1841446012367211,0.5070619310615818,1.8188247734774479,['fpgrowth_cluster0'],"{'emp_new'} -> {'age_senior', 'cluster_0_minimal'}",fpgrowth_cluster0,1,False
"['emp_new'] -> ['age_senior', 'cluster_1_veteran']",0.2652078960201853,0.7316331305568553,1.701060553929158,['fpgrowth_cluster1'],"{'emp_new'} -> {'cluster_1_veteran', 'age_senior'}",fpgrowth_cluster1,1,False
"['emp_new'] -> ['age_senior', 'cluster_2_ambisius']",0.19258998391214913,0.6121555956954232,1.6985078054274019,['fpgrowth_cluster2'],"{'emp_new'} -> {'age_senior', 'cluster_2_ambisius'}",fpgrowth_cluster2,1,False
"['emp_new'] -> ['age_senior', 'cluster_3_cc_intensif']",0.15293705520115047,0.5465146923178285,1.7579091378208032,['fpgrowth_cluster3'],"{'emp_new'} -> {'cluster_3_cc_intensif', 'age_senior'}",fpgrowth_cluster3,1,False
"['emp_new'] -> ['age_senior', 'cluster_4_bermasalah']",0.2214569536423841,0.6049204052098408,1.6299604066146673,['fpgrowth_cluster4'],"{'emp_new'} -> {'cluster_4_bermasalah', 'age_senior'}",fpgrowth_cluster4,1,False
['emp_new'] -> ['age_senior'],0.19959788502948567,0.5929159268114941,1.7287211093977866,"['apriori', 'eclat', 'fpgrowth', 'fpgrowth_cluster0', 'fpgrowth_cluster1', 'fpgrowth_cluster2', 'fpgrowth_cluster3', 'fpgrowth_cluster4']",{'emp_new'} -> {'age_senior'},apriori+eclat+fpgrowth+fpgrowth_cluster0+fpgrowth_cluster1+fpgrowth_cluster2+fpgrowth_cluster3+fpgrowth_cluster4,8,True
['emp_new'] -> ['income_low'],0.13650054034329343,0.4094315158454855,1.2791211726213765,"['apriori', 'eclat', 'fpgrowth']",{'emp_new'} -> {'income_low'},apriori+eclat+fpgrowth,3,True
"['emp_senior', 'income_high'] -> ['age_mid']",0.04290185400906654,0.4649408329023819,1.3950535359097638,"['apriori', 'eclat', 'fpgrowth']","{'emp_senior', 'income_high'} -> {'age_mid'}",apriori+eclat+fpgrowth,3,True
"['emp_senior', 'income_high'] -> ['burden_med']",0.037852100321399,0.4102150701183342,1.2306832098646474,"['apriori', 'eclat', 'fpgrowth']","{'emp_senior', 'income_high'} -> {'burden_med'}",apriori+eclat+fpgrowth,3,True
"['emp_senior', 'income_high'] -> ['credit_large']",0.038085079507656036,0.4127399385513948,1.2816458650776372,"['apriori', 'eclat', 'fpgrowth']","{'emp_senior', 'income_high'} -> {'credit_large'}",apriori+eclat+fpgrowth,3,True
"['emp_senior', 'income_low'] -> ['age_mid']",0.040667499403517146,0.4643143287504407,1.3931737121331083,"['apriori', 'eclat', 'fpgrowth']","{'income_low', 'emp_senior'} -> {'age_mid'}",apriori+eclat+fpgrowth,3,True
"['emp_senior', 'income_low'] -> ['burden_high', 'cluster_0_minimal']",0.05889487870619946,0.5565627809409649,1.9621797475584368,['fpgrowth_cluster0'],"{'income_low', 'emp_senior'} -> {'burden_high', 'cluster_0_minimal'}",fpgrowth_cluster0,1,False
"['emp_senior', 'income_low'] -> ['burden_high']",0.04683063747419481,0.5057160245305012,1.5902678378772377,"['apriori', 'eclat', 'fpgrowth', 'fpgrowth_cluster0']","{'income_low', 'emp_senior'} -> {'burden_high'}",apriori+eclat+fpgrowth+fpgrowth_cluster0,4,True
"['emp_senior', 'income_low'] -> ['burden_low']",0.03534827581367279,0.403582988815178,1.21071498194056,"['apriori', 'eclat', 'fpgrowth']","{'income_low', 'emp_senior'} -> {'burden_low'}",apriori+eclat+fpgrowth,3,True
"['emp_senior', 'income_low'] -> ['cluster_0_minimal', 'credit_small']",0.03166832746207071,0.36156779796814414,1.4712605894294886,"['apriori', 'eclat', 'fpgrowth']","{'income_low', 'emp_senior'} -> {'credit_small', 'cluster_0_minimal'}",apriori+eclat+fpgrowth,3,True
"['emp_senior', 'income_low'] -> ['cluster_0_minimal']",0.03746754431516751,0.4277793801878025,1.2081698358078767,"['apriori', 'eclat', 'fpgrowth']","{'income_low', 'emp_senior'} -> {'cluster_0_minimal'}",apriori+eclat+fpgrowth,3,True
"['emp_senior', 'income_low'] -> ['credit_small']",0.04134398113710685,0.47203794506938435,1.4131467644867985,"['apriori', 'eclat', 'fpgrowth']","{'income_low', 'emp_senior'} -> {'credit_small'}",apriori+eclat+fpgrowth,3,True
"['emp_senior', 'income_very_high'] -> ['age_mid']",0.045335504063100864,0.47704985822306245,1.431386629057517,"['apriori', 'eclat', 'fpgrowth']","{'income_very_high', 'emp_senior'} -> {'age_mid'}",apriori+eclat+fpgrowth,3,True
"['emp_senior', 'income_very_high'] -> ['burden_med', 'cluster_1_veteran']",0.08434577953056421,0.6817480719794344,1.6537203270465497,['fpgrowth_cluster1'],"{'income_very_high', 'emp_senior'} -> {'cluster_1_veteran', 'burden_med'}",fpgrowth_cluster1,1,False
"['emp_senior', 'income_very_high'] -> ['burden_med', 'cluster_2_ambisius', 'credit_large']",0.06357502461201066,0.5083519999999999,1.850935202191525,['fpgrowth_cluster2'],"{'income_very_high', 'emp_senior'} -> {'credit_large', 'burden_med', 'cluster_2_ambisius'}",fpgrowth_cluster2,1,False
"['emp_senior', 'income_very_high'] -> ['burden_med', 'cluster_2_ambisius']",0.07891851223397017,0.6310399999999999,1.5869549034842292,['fpgrowth_cluster2'],"{'income_very_high', 'emp_senior'} -> {'burden_med', 'cluster_2_ambisius'}",fpgrowth_cluster2,1,False
"['emp_senior', 'income_very_high'] -> ['burden_med', 'cluster_3_cc_intensif']",0.08289391201740477,0.6728524393894043,1.692679527254291,['fpgrowth_cluster3'],"{'income_very_high', 'emp_senior'} -> {'cluster_3_cc_intensif', 'burden_med'}",fpgrowth_cluster3,1,False
"['emp_senior', 'income_very_high'] -> ['burden_med', 'cluster_4_bermasalah']",0.056688741721854306,0.6666666666666667,1.9181910569105691,['fpgrowth_cluster4'],"{'income_very_high', 'emp_senior'} -> {'cluster_4_bermasalah', 'burden_med'}",fpgrowth_cluster4,1,False
"['emp_senior', 'income_very_high'] -> ['burden_med', 'credit_large']",0.042398647312424986,0.4059898194706994,2.3911961900736083,"['apriori', 'eclat', 'fpgrowth', 'fpgrowth_cluster2']","{'income_very_high', 'emp_senior'} -> {'credit_large', 'burden_med'}",apriori+eclat+fpgrowth+fpgrowth_cluster2,4,True
"['emp_senior', 'income_very_high'] -> ['burden_med']",0.06873236408529762,0.6468974134973758,1.7828062487801204,"['apriori', 'eclat', 'fpgrowth', 'fpgrowth_cluster1', 'fpgrowth_cluster2', 'fpgrowth_cluster3', 'fpgrowth_cluster4']","{'income_very_high', 'emp_senior'} -> {'burden_med'}",apriori+eclat+fpgrowth+fpgrowth_cluster1+fpgrowth_cluster2+fpgrowth_cluster3+fpgrowth_cluster4,7,True
"['emp_senior', 'income_very_high'] -> ['cluster_2_ambisius', 'credit_large']",0.03651878570125332,0.3842745746691872,1.6304769791309421,"['apriori', 'eclat', 'fpgrowth']","{'income_very_high', 'emp_senior'} -> {'credit_large', 'cluster_2_ambisius'}",apriori+eclat+fpgrowth,3,True
"['emp_senior', 'income_very_high'] -> ['cluster_2_ambisius']",0.04385903355742376,0.4615134688090738,1.3159740419770976,"['apriori', 'eclat', 'fpgrowth']","{'income_very_high', 'emp_senior'} -> {'cluster_2_ambisius'}",apriori+eclat+fpgrowth,3,True
"['emp_senior', 'income_very_high'] -> ['cluster_3_cc_intensif', 'credit_large']",0.06807035657656993,0.5525291828793774,1.5978713847513553,['fpgrowth_cluster3'],"{'income_very_high', 'emp_senior'} -> {'credit_large', 'cluster_3_cc_intensif'}",fpgrowth_cluster3,1,False
"['emp_senior', 'income_very_high'] -> ['credit_large']",0.05775385951227767,0.566786005549712,1.7305293777707091,"['apriori', 'eclat', 'fpgrowth', 'fpgrowth_cluster3']","{'income_very_high', 'emp_senior'} -> {'credit_large'}",apriori+eclat+fpgrowth+fpgrowth_cluster3,4,True
"['emp_senior', 'income_very_high'] -> ['risk_score_high']",0.04177625577184882,0.4395971172022685,1.318787649798691,"['apriori', 'eclat', 'fpgrowth']","{'income_very_high', 'emp_senior'} -> {'risk_score_high'}",apriori+eclat+fpgrowth,3,True
"['emp_senior', 'risk_score_high'] -> ['age_mid']",0.0642854135380556,0.49113250841714734,1.4736415775540783,"['apriori', 'eclat', 'fpgrowth']","{'risk_score_high', 'emp_senior'} -> {'age_mid'}",apriori+eclat+fpgrowth,3,True
"['emp_senior', 'risk_score_high'] -> ['cluster_2_ambisius']",0.06402155759217415,0.48911668203555575,1.394682713632868,"['apriori', 'eclat', 'fpgrowth']","{'risk_score_high', 'emp_senior'} -> {'cluster_2_ambisius'}",apriori+eclat+fpgrowth,3,True
"['emp_senior', 'risk_score_high'] -> ['credit_large']",0.05758796367770277,0.43996483026312966,1.366184981917154,"['apriori', 'eclat', 'fpgrowth']","{'risk_score_high', 'emp_senior'} -> {'credit_large'}",apriori+eclat+fpgrowth,3,True
"['emp_senior', 'risk_score_low'] -> ['age_mid']",0.03748438618405356,0.413949163050217,1.242053187703863,"['apriori', 'eclat', 'fpgrowth']","{'risk_score_low', 'emp_senior'} -> {'age_mid'}",apriori+eclat+fpgrowth,3,True
"['emp_senior', 'risk_score_low'] -> ['age_young']",0.036869657969712706,0.4071605703657781,1.2211903434556346,"['apriori', 'eclat', 'fpgrowth']","{'risk_score_low', 'emp_senior'} -> {'age_young'}",apriori+eclat+fpgrowth,3,True
"['emp_senior', 'risk_score_med'] -> ['age_mid']",0.05334942667471334,0.4773817597267224,1.4323824984961384,"['apriori', 'eclat', 'fpgrowth']","{'risk_score_med', 'emp_senior'} -> {'age_mid'}",apriori+eclat+fpgrowth,3,True
['emp_senior'] -> ['age_mid'],0.1551192263968225,0.46554454778272,1.3968649805472235,"['apriori', 'eclat', 'fpgrowth']",{'emp_senior'} -> {'age_mid'},apriori+eclat+fpgrowth,3,True
"['income_high', 'risk_score_high'] -> ['age_senior']",0.03570195506027986,0.4079348279290549,1.2238938053094957,"['apriori', 'eclat', 'fpgrowth']","{'risk_score_high', 'income_high'} -> {'age_senior'}",apriori+eclat+fpgrowth,3,True
"['income_high', 'risk_score_high'] -> ['cluster_2_ambisius']",0.04197555122033375,0.47961769139484917,1.3675969925153233,"['apriori', 'eclat', 'fpgrowth']","{'risk_score_high', 'income_high'} -> {'cluster_2_ambisius'}",apriori+eclat+fpgrowth,3,True
"['income_high', 'risk_score_high'] -> ['credit_large']",0.03783806543066062,0.43234228166394056,1.3425153367459306,"['apriori', 'eclat', 'fpgrowth']","{'risk_score_high', 'income_high'} -> {'credit_large'}",apriori+eclat+fpgrowth,3,True
"['income_high', 'risk_score_high'] -> ['emp_senior']",0.03658896015494519,0.41806985470990093,1.2547132033434067,"['apriori', 'eclat', 'fpgrowth']","{'risk_score_high', 'income_high'} -> {'emp_senior'}",apriori+eclat+fpgrowth,3,True
"['income_high', 'risk_score_low'] -> ['age_young']",0.046194439376289455,0.527214480217844,1.581266161390874,"['apriori', 'eclat', 'fpgrowth']","{'risk_score_low', 'income_high'} -> {'age_young'}",apriori+eclat+fpgrowth,3,True
"['income_high', 'risk_score_low'] -> ['burden_med']",0.036796676537873156,0.4199583533557585,1.2599139621278317,"['apriori', 'eclat', 'fpgrowth']","{'risk_score_low', 'income_high'} -> {'burden_med'}",apriori+eclat+fpgrowth,3,True
"['income_high', 'risk_score_low'] -> ['emp_mid']",0.03686123703526968,0.4206951786000321,1.2617951056344505,"['apriori', 'eclat', 'fpgrowth']","{'risk_score_low', 'income_high'} -> {'emp_mid'}",apriori+eclat+fpgrowth,3,True
"['income_high', 'risk_score_med'] -> ['burden_med']",0.03567669225695078,0.41250162274438534,1.2375430795533484,"['apriori', 'eclat', 'fpgrowth']","{'risk_score_med', 'income_high'} -> {'burden_med'}",apriori+eclat+fpgrowth,3,True
['income_high'] -> ['burden_med'],0.10725744200081404,0.40996287792631375,1.2299266099272317,"['apriori', 'eclat', 'fpgrowth']",{'income_high'} -> {'burden_med'},apriori+eclat+fpgrowth,3,True
"['income_low', 'risk_score_high'] -> ['age_senior', 'cluster_0_minimal']",0.06312034247661329,0.5163758998638044,1.8522338625041315,['fpgrowth_cluster0'],"{'risk_score_high', 'income_low'} -> {'age_senior', 'cluster_0_minimal'}",fpgrowth_cluster0,1,False
"['income_low', 'risk_score_high'] -> ['age_senior', 'cluster_4_bermasalah']",0.060132450331125825,0.5820512820512821,1.5683394644850748,['fpgrowth_cluster4'],"{'risk_score_high', 'income_low'} -> {'cluster_4_bermasalah', 'age_senior'}",fpgrowth_cluster4,1,False
"['income_low', 'risk_score_high'] -> ['age_senior', 'emp_new']",0.03577774347026708,0.36885056140757033,1.906379851067823,"['apriori', 'eclat', 'fpgrowth']","{'risk_score_high', 'income_low'} -> {'emp_new', 'age_senior'}",apriori+eclat+fpgrowth,3,True
"['income_low', 'risk_score_high'] -> ['age_senior']",0.055508230734569966,0.5378125344267725,1.638565616726155,"['apriori', 'eclat', 'fpgrowth', 'fpgrowth_cluster0', 'fpgrowth_cluster4']","{'risk_score_high', 'income_low'} -> {'age_senior'}",apriori+eclat+fpgrowth+fpgrowth_cluster0+fpgrowth_cluster4,5,True
"['income_low', 'risk_score_high'] -> ['burden_high', 'cluster_0_minimal', 'credit_small']",0.06618043443792611,0.5414099487645112,2.3495183863885316,['fpgrowth_cluster0'],"{'risk_score_high', 'income_low'} -> {'burden_high', 'cluster_0_minimal', 'credit_small'}",fpgrowth_cluster0,1,False
"['income_low', 'risk_score_high'] -> ['burden_high', 'cluster_0_minimal']",0.07132551133661011,0.583500875543161,2.0571508549991426,['fpgrowth_cluster0'],"{'risk_score_high', 'income_low'} -> {'burden_high', 'cluster_0_minimal'}",fpgrowth_cluster0,1,False
"['income_low', 'risk_score_high'] -> ['burden_high', 'credit_small']",0.06618043443792611,0.5414099487645112,2.3495183863885316,['fpgrowth_cluster0'],"{'risk_score_high', 'income_low'} -> {'burden_high', 'credit_small'}",fpgrowth_cluster0,1,False
"['income_low', 'risk_score_high'] -> ['burden_high']",0.05448138976380966,0.5237184299055843,1.647814165025189,"['apriori', 'eclat', 'fpgrowth', 'fpgrowth_cluster0']","{'risk_score_high', 'income_low'} -> {'burden_high'}",apriori+eclat+fpgrowth+fpgrowth_cluster0,4,True
"['income_low', 'risk_score_high'] -> ['cluster_0_minimal', 'credit_small']",0.03869700074384921,0.39894663734228497,1.623359348109967,"['apriori', 'eclat', 'fpgrowth']","{'risk_score_high', 'income_low'} -> {'credit_small', 'cluster_0_minimal'}",apriori+eclat+fpgrowth,3,True
"['income_low', 'risk_score_high'] -> ['cluster_0_minimal']",0.04328079605900268,0.4462032642666976,1.2602040899899505,"['apriori', 'eclat', 'fpgrowth']","{'risk_score_high', 'income_low'} -> {'cluster_0_minimal'}",apriori+eclat+fpgrowth,3,True
"['income_low', 'risk_score_high'] -> ['cluster_2_ambisius', 'credit_med']",0.05357014222940795,0.5409796314258002,1.666078046014298,['fpgrowth_cluster2'],"{'risk_score_high', 'income_low'} -> {'cluster_2_ambisius', 'credit_med'}",fpgrowth_cluster2,1,False
"['income_low', 'risk_score_high'] -> ['credit_med']",0.05357014222940795,0.5409796314258002,1.666078046014298,['fpgrowth_cluster2'],"{'risk_score_high', 'income_low'} -> {'credit_med'}",fpgrowth_cluster2,1,False
"['income_low', 'risk_score_high'] -> ['credit_small']",0.04860844058329006,0.5011286028475518,1.5002358837947123,"['apriori', 'eclat', 'fpgrowth']","{'risk_score_high', 'income_low'} -> {'credit_small'}",apriori+eclat+fpgrowth,3,True
"['income_low', 'risk_score_high'] -> ['emp_new']",0.044451305946583204,0.458270633175136,1.3745765367410507,"['apriori', 'eclat', 'fpgrowth']","{'risk_score_high', 'income_low'} -> {'emp_new'}",apriori+eclat+fpgrowth,3,True
"['income_low', 'risk_score_low'] -> ['age_young']",0.054907299546673026,0.48251110014800186,1.4471880113085236,"['apriori', 'eclat', 'fpgrowth']","{'risk_score_low', 'income_low'} -> {'age_young'}",apriori+eclat+fpgrowth,3,True
"['income_low', 'risk_score_low'] -> ['burden_high', 'cluster_0_minimal']",0.09983351831298558,0.5690208305092405,2.006100996686201,['fpgrowth_cluster0'],"{'risk_score_low', 'income_low'} -> {'burden_high', 'cluster_0_minimal'}",fpgrowth_cluster0,1,False
"['income_low', 'risk_score_low'] -> ['burden_high']",0.06809672149625456,0.5213437621413703,1.6387877204428258,"['apriori', 'eclat', 'fpgrowth', 'fpgrowth_cluster0']","{'risk_score_low', 'income_low'} -> {'burden_high'}",apriori+eclat+fpgrowth+fpgrowth_cluster0,4,True
"['income_low', 'risk_score_low'] -> ['cluster_0_minimal', 'credit_small']",0.04918667808171114,0.43223976319684265,1.7588328726992402,"['apriori', 'eclat', 'fpgrowth']","{'risk_score_low', 'income_low'} -> {'credit_small', 'cluster_0_minimal'}",apriori+eclat+fpgrowth,3,True
"['income_low', 'risk_score_low'] -> ['cluster_0_minimal']",0.06212123338619809,0.5459052787370497,1.541790748981034,"['apriori', 'eclat', 'fpgrowth']","{'risk_score_low', 'income_low'} -> {'cluster_0_minimal'}",apriori+eclat+fpgrowth,3,True
"['income_low', 'risk_score_low'] -> ['cluster_4_bermasalah', 'credit_small']",0.06675496688741722,0.5142857142857143,1.6071428571428572,['fpgrowth_cluster4'],"{'risk_score_low', 'income_low'} -> {'cluster_4_bermasalah', 'credit_small'}",fpgrowth_cluster4,1,False
"['income_low', 'risk_score_low'] -> ['credit_small']",0.06375755479114456,0.5421999436182959,1.6400713306084487,"['apriori', 'eclat', 'fpgrowth', 'fpgrowth_cluster4']","{'risk_score_low', 'income_low'} -> {'credit_small'}",apriori+eclat+fpgrowth+fpgrowth_cluster4,4,True
"['income_low', 'risk_score_med'] -> ['age_senior']",0.04570883215674166,0.4182140380614839,1.254733686445466,"['apriori', 'eclat', 'fpgrowth']","{'income_low', 'risk_score_med'} -> {'age_senior'}",apriori+eclat+fpgrowth,3,True
"['income_low', 'risk_score_med'] -> ['burden_high', 'cluster_0_minimal', 'credit_small']",0.07790550182337086,0.5177282545703599,2.2467486163520554,['fpgrowth_cluster0'],"{'income_low', 'risk_score_med'} -> {'burden_high', 'cluster_0_minimal', 'credit_small'}",fpgrowth_cluster0,1,False
"['income_low', 'risk_score_med'] -> ['burden_high', 'cluster_0_minimal']",0.0873394640875218,0.5804225277909489,2.0462980423027557,['fpgrowth_cluster0'],"{'income_low', 'risk_score_med'} -> {'burden_high', 'cluster_0_minimal'}",fpgrowth_cluster0,1,False
"['income_low', 'risk_score_med'] -> ['burden_high', 'cluster_4_bermasalah']",0.06754966887417219,0.5193482688391039,1.5115957709079548,['fpgrowth_cluster4'],"{'income_low', 'risk_score_med'} -> {'cluster_4_bermasalah', 'burden_high'}",fpgrowth_cluster4,1,False
"['income_low', 'risk_score_med'] -> ['burden_high', 'credit_small']",0.07790550182337086,0.5177282545703599,2.2467486163520554,['fpgrowth_cluster0'],"{'income_low', 'risk_score_med'} -> {'credit_small', 'burden_high'}",fpgrowth_cluster0,1,False
"['income_low', 'risk_score_med'] -> ['burden_high']",0.06404346777632218,0.5224890233371055,1.6191808070563212,"['apriori', 'eclat', 'fpgrowth', 'fpgrowth_cluster0', 'fpgrowth_cluster4']","{'income_low', 'risk_score_med'} -> {'burden_high'}",apriori+eclat+fpgrowth+fpgrowth_cluster0+fpgrowth_cluster4,5,True
"['income_low', 'risk_score_med'] -> ['cluster_0_minimal', 'credit_small']",0.04541409945123578,0.41551737421989365,1.6907875655641653,"['apriori', 'eclat', 'fpgrowth']","{'income_low', 'risk_score_med'} -> {'credit_small', 'cluster_0_minimal'}",apriori+eclat+fpgrowth,3,True
"['income_low', 'risk_score_med'] -> ['cluster_0_minimal']",0.05327925222102146,0.48747977502118806,1.3767806187583111,"['apriori', 'eclat', 'fpgrowth']","{'income_low', 'risk_score_med'} -> {'cluster_0_minimal'}",apriori+eclat+fpgrowth,3,True
"['income_low', 'risk_score_med'] -> ['cluster_2_ambisius', 'credit_med']",0.050728755632748784,0.5493629193031118,1.6918964152734046,['fpgrowth_cluster2'],"{'income_low', 'risk_score_med'} -> {'cluster_2_ambisius', 'credit_med'}",fpgrowth_cluster2,1,False
"['income_low', 'risk_score_med'] -> ['credit_med']",0.050728755632748784,0.5493629193031118,1.6918964152734046,['fpgrowth_cluster2'],"{'income_low', 'risk_score_med'} -> {'credit_med'}",fpgrowth_cluster2,1,False
"['income_low', 'risk_score_med'] -> ['credit_small']",0.057175337889994536,0.5231271027557337,1.5660931083960967,"['apriori', 'eclat', 'fpgrowth']","{'income_low', 'risk_score_med'} -> {'credit_small'}",apriori+eclat+fpgrowth,3,True
"['income_low', 'risk_score_med'] -> ['emp_new']",0.04707302353651177,0.4306957392711303,1.291866017192912,"['apriori', 'eclat', 'fpgrowth']","{'income_low', 'risk_score_med'} -> {'emp_new'}",apriori+eclat+fpgrowth,3,True
['income_low'] -> ['age_senior'],0.12816381524469833,0.40040163812229795,1.201292586419909,"['apriori', 'eclat', 'fpgrowth']",{'income_low'} -> {'age_senior'},apriori+eclat+fpgrowth,3,True
"['income_low'] -> ['burden_high', 'cluster_0_minimal', 'credit_small']",0.22743776755985412,0.5074914648599883,2.2023247454996704,['fpgrowth_cluster0'],"{'income_low'} -> {'burden_high', 'cluster_0_minimal', 'credit_small'}",fpgrowth_cluster0,1,False
"['income_low'] -> ['burden_high', 'cluster_0_minimal']",0.2584984937371175,0.5767985706957245,2.0335216665518514,['fpgrowth_cluster0'],"{'income_low'} -> {'burden_high', 'cluster_0_minimal'}",fpgrowth_cluster0,1,False
"['income_low'] -> ['burden_high', 'credit_small']",0.22743776755985412,0.5074914648599883,2.2023247454996704,['fpgrowth_cluster0'],"{'income_low'} -> {'credit_small', 'burden_high'}",fpgrowth_cluster0,1,False
['income_low'] -> ['burden_high'],0.1857450287619239,0.5225966856351792,1.6435683590739592,"['apriori', 'eclat', 'fpgrowth', 'fpgrowth_cluster0']",{'income_low'} -> {'burden_high'},apriori+eclat+fpgrowth+fpgrowth_cluster0,4,True
"['income_low'] -> ['cluster_0_minimal', 'credit_small']",0.13329777827679612,0.41644085484026555,1.6945453134872108,"['apriori', 'eclat', 'fpgrowth']","{'income_low'} -> {'credit_small', 'cluster_0_minimal'}",apriori+eclat+fpgrowth,3,True
['income_low'] -> ['cluster_0_minimal'],0.15868128166622222,0.4957424605158156,1.4001167771607885,"['apriori', 'eclat', 'fpgrowth']",{'income_low'} -> {'cluster_0_minimal'},apriori+eclat+fpgrowth,3,True
"['income_low'] -> ['cluster_1_veteran', 'credit_small']",0.12221444776625745,0.5764576457645765,1.7256408725607566,['fpgrowth_cluster1'],"{'income_low'} -> {'cluster_1_veteran', 'credit_small'}",fpgrowth_cluster1,1,False
"['income_low'] -> ['cluster_2_ambisius', 'credit_med']",0.14246952512826258,0.5454099767128324,1.6797223693680874,['fpgrowth_cluster2'],"{'income_low'} -> {'cluster_2_ambisius', 'credit_med'}",fpgrowth_cluster2,1,False
['income_low'] -> ['credit_med'],0.14246952512826258,0.5454099767128324,1.6797223693680874,['fpgrowth_cluster2'],{'income_low'} -> {'credit_med'},fpgrowth_cluster2,1,False
['income_low'] -> ['credit_small'],0.15696025886581805,0.5390264105992826,1.6136639324794184,"['apriori', 'eclat', 'fpgrowth', 'fpgrowth_cluster1']",{'income_low'} -> {'credit_small'},apriori+eclat+fpgrowth+fpgrowth_cluster1,4,True
['income_low'] -> ['emp_new'],0.13650054034329343,0.42644673033244757,1.2791211726213765,"['apriori', 'eclat', 'fpgrowth']",{'income_low'} -> {'emp_new'},apriori+eclat+fpgrowth,3,True
"['income_med', 'risk_score_low'] -> ['age_young']",0.03373145640061192,0.5326212215229147,1.5974825161950328,"['apriori', 'eclat', 'fpgrowth']","{'risk_score_low', 'income_med'} -> {'age_young'}",apriori+eclat+fpgrowth,3,True
"['income_med', 'risk_score_low'] -> ['burden_low']",0.0320191997305301,0.5055846112933251,1.5167112601263402,"['apriori', 'eclat', 'fpgrowth']","{'risk_score_low', 'income_med'} -> {'burden_low'}",apriori+eclat+fpgrowth,3,True
"['income_med'] -> ['burden_low', 'cluster_1_veteran']",0.09518054407056378,0.5559821649739906,1.5298592092571948,['fpgrowth_cluster1'],"{'income_med'} -> {'cluster_1_veteran', 'burden_low'}",fpgrowth_cluster1,1,False
['income_med'] -> ['burden_low'],0.08790160469878226,0.493483636112029,1.445899236547709,"['apriori', 'eclat', 'fpgrowth', 'fpgrowth_cluster1']",{'income_med'} -> {'burden_low'},apriori+eclat+fpgrowth+fpgrowth_cluster1,4,True
"['income_very_high', 'risk_score_high'] -> ['age_mid']",0.03932857082707611,0.42939013178057,1.2883837667813813,"['apriori', 'eclat', 'fpgrowth']","{'risk_score_high', 'income_very_high'} -> {'age_mid'}",apriori+eclat+fpgrowth,3,True
"['income_very_high', 'risk_score_high'] -> ['burden_med', 'cluster_1_veteran']",0.06064075652524224,0.6541628545288197,1.5868067020594931,['fpgrowth_cluster1'],"{'risk_score_high', 'income_very_high'} -> {'cluster_1_veteran', 'burden_med'}",fpgrowth_cluster1,1,False
"['income_very_high', 'risk_score_high'] -> ['burden_med', 'cluster_2_ambisius']",0.08696243766958275,0.6124922487175151,1.5403105626399956,['fpgrowth_cluster2'],"{'risk_score_high', 'income_very_high'} -> {'burden_med', 'cluster_2_ambisius'}",fpgrowth_cluster2,1,False
"['income_very_high', 'risk_score_high'] -> ['burden_med', 'cluster_3_cc_intensif']",0.06821785464065784,0.6589492430988424,1.6577035736175796,['fpgrowth_cluster3'],"{'risk_score_high', 'income_very_high'} -> {'cluster_3_cc_intensif', 'burden_med'}",fpgrowth_cluster3,1,False
"['income_very_high', 'risk_score_high'] -> ['burden_med', 'credit_large']",0.03449495445677955,0.3766166104811523,2.604109826038137,"['apriori', 'eclat', 'fpgrowth']","{'risk_score_high', 'income_very_high'} -> {'credit_large', 'burden_med'}",apriori+eclat+fpgrowth,3,True
"['income_very_high', 'risk_score_high'] -> ['burden_med']",0.06356557697570792,0.6222212167802795,1.7013595260630705,"['apriori', 'eclat', 'fpgrowth', 'fpgrowth_cluster1', 'fpgrowth_cluster2', 'fpgrowth_cluster3']","{'risk_score_high', 'income_very_high'} -> {'burden_med'}",apriori+eclat+fpgrowth+fpgrowth_cluster1+fpgrowth_cluster2+fpgrowth_cluster3,6,True
"['income_very_high', 'risk_score_high'] -> ['cluster_2_ambisius', 'credit_large']",0.04068153429425552,0.44416181428133616,1.8845785303859726,"['apriori', 'eclat', 'fpgrowth']","{'risk_score_high', 'income_very_high'} -> {'credit_large', 'cluster_2_ambisius'}",apriori+eclat+fpgrowth,3,True
"['income_very_high', 'risk_score_high'] -> ['cluster_2_ambisius']",0.049792985361608956,0.5436408213300643,1.550154561849719,"['apriori', 'eclat', 'fpgrowth']","{'risk_score_high', 'income_very_high'} -> {'cluster_2_ambisius'}",apriori+eclat+fpgrowth,3,True
"['income_very_high', 'risk_score_high'] -> ['cluster_3_cc_intensif', 'credit_large']",0.06104576127438328,0.5896705253784507,1.705281255957153,['fpgrowth_cluster3'],"{'risk_score_high', 'income_very_high'} -> {'credit_large', 'cluster_3_cc_intensif'}",fpgrowth_cluster3,1,False
"['income_very_high', 'risk_score_high'] -> ['credit_large']",0.05695138151240363,0.6025892525520905,1.8397256371298467,"['apriori', 'eclat', 'fpgrowth', 'fpgrowth_cluster3']","{'risk_score_high', 'income_very_high'} -> {'credit_large'}",apriori+eclat+fpgrowth+fpgrowth_cluster3,4,True
"['income_very_high', 'risk_score_high'] -> ['emp_senior']",0.04177625577184882,0.45611400551639597,1.368891486683209,"['apriori', 'eclat', 'fpgrowth']","{'risk_score_high', 'income_very_high'} -> {'emp_senior'}",apriori+eclat+fpgrowth,3,True
"['income_very_high', 'risk_score_low'] -> ['age_young']",0.03404022399685618,0.4962962962962963,1.4885337349472725,"['apriori', 'eclat', 'fpgrowth']","{'risk_score_low', 'income_very_high'} -> {'age_young'}",apriori+eclat+fpgrowth,3,True
"['income_very_high', 'risk_score_low'] -> ['burden_med', 'cluster_1_veteran']",0.07898140491486971,0.6790010936930369,1.6470569655837421,['fpgrowth_cluster1'],"{'risk_score_low', 'income_very_high'} -> {'cluster_1_veteran', 'burden_med'}",fpgrowth_cluster1,1,False
"['income_very_high', 'risk_score_low'] -> ['burden_med', 'cluster_3_cc_intensif']",0.05979202772963605,0.667283950617284,1.6786710071233881,['fpgrowth_cluster3'],"{'risk_score_low', 'income_very_high'} -> {'cluster_3_cc_intensif', 'burden_med'}",fpgrowth_cluster3,1,False
"['income_very_high', 'risk_score_low'] -> ['burden_med']",0.05372821672496858,0.6479433194820764,1.801239605303144,"['apriori', 'eclat', 'fpgrowth', 'fpgrowth_cluster1', 'fpgrowth_cluster3']","{'risk_score_low', 'income_very_high'} -> {'burden_med'}",apriori+eclat+fpgrowth+fpgrowth_cluster1+fpgrowth_cluster3,5,True
"['income_very_high', 'risk_score_low'] -> ['credit_large']",0.030430450098945978,0.4436668712911807,1.3776806118108886,"['apriori', 'eclat', 'fpgrowth']","{'risk_score_low', 'income_very_high'} -> {'credit_large'}",apriori+eclat+fpgrowth,3,True
"['income_very_high', 'risk_score_med'] -> ['age_mid']",0.03158692509578813,0.4088283378746594,1.2266881675499175,"['apriori', 'eclat', 'fpgrowth']","{'income_very_high', 'risk_score_med'} -> {'age_mid'}",apriori+eclat+fpgrowth,3,True
"['income_very_high', 'risk_score_med'] -> ['burden_med', 'cluster_1_veteran']",0.07145431800351972,0.6748097717260714,1.6368900511195137,['fpgrowth_cluster1'],"{'income_very_high', 'risk_score_med'} -> {'cluster_1_veteran', 'burden_med'}",fpgrowth_cluster1,1,False
"['income_very_high', 'risk_score_med'] -> ['burden_med', 'cluster_2_ambisius']",0.05894876699829517,0.625371486796298,1.5726995871428247,['fpgrowth_cluster2'],"{'income_very_high', 'risk_score_med'} -> {'burden_med', 'cluster_2_ambisius'}",fpgrowth_cluster2,1,False
"['income_very_high', 'risk_score_med'] -> ['burden_med', 'cluster_3_cc_intensif']",0.0626129282053173,0.6768985449471796,1.7028582226737072,['fpgrowth_cluster3'],"{'income_very_high', 'risk_score_med'} -> {'cluster_3_cc_intensif', 'burden_med'}",fpgrowth_cluster3,1,False
"['income_very_high', 'risk_score_med'] -> ['burden_med']",0.05620408592399025,0.6405941361822546,1.7520126333623078,"['apriori', 'eclat', 'fpgrowth', 'fpgrowth_cluster1', 'fpgrowth_cluster2', 'fpgrowth_cluster3']","{'income_very_high', 'risk_score_med'} -> {'burden_med'}",apriori+eclat+fpgrowth+fpgrowth_cluster1+fpgrowth_cluster2+fpgrowth_cluster3,6,True
"['income_very_high', 'risk_score_med'] -> ['cluster_2_ambisius']",0.03305778164516989,0.4278655767484106,1.2200293826947952,"['apriori', 'eclat', 'fpgrowth']","{'income_very_high', 'risk_score_med'} -> {'cluster_2_ambisius'}",apriori+eclat+fpgrowth,3,True
"['income_very_high', 'risk_score_med'] -> ['credit_large']",0.04146468119745688,0.5366757493188011,1.6664930886406937,"['apriori', 'eclat', 'fpgrowth']","{'income_very_high', 'risk_score_med'} -> {'credit_large'}",apriori+eclat+fpgrowth,3,True
"['income_very_high'] -> ['burden_med', 'cluster_0_minimal']",0.06771048041858253,0.5123575284943012,2.415848484011332,['fpgrowth_cluster0'],"{'income_very_high'} -> {'burden_med', 'cluster_0_minimal'}",fpgrowth_cluster0,1,False
"['income_very_high'] -> ['burden_med', 'cluster_1_veteran']",0.21107647944363167,0.6702800969566389,1.6259023922628177,['fpgrowth_cluster1'],"{'income_very_high'} -> {'cluster_1_veteran', 'burden_med'}",fpgrowth_cluster1,1,False
"['income_very_high'] -> ['burden_med', 'cluster_2_ambisius', 'credit_large']",0.151081727883207,0.5123639423468419,1.865542886077755,['fpgrowth_cluster2'],"{'income_very_high'} -> {'credit_large', 'burden_med', 'cluster_2_ambisius'}",fpgrowth_cluster2,1,False
"['income_very_high'] -> ['burden_med', 'cluster_2_ambisius']",0.18320940619022083,0.6213186395591868,1.562507387288606,['fpgrowth_cluster2'],"{'income_very_high'} -> {'burden_med', 'cluster_2_ambisius'}",fpgrowth_cluster2,1,False
"['income_very_high'] -> ['burden_med', 'cluster_3_cc_intensif']",0.1906228105756112,0.6673767105602891,1.678904361195221,['fpgrowth_cluster3'],"{'income_very_high'} -> {'cluster_3_cc_intensif', 'burden_med'}",fpgrowth_cluster3,1,False
"['income_very_high'] -> ['burden_med', 'cluster_4_bermasalah']",0.12821192052980132,0.6585034013605442,1.8947030031524803,['fpgrowth_cluster4'],"{'income_very_high'} -> {'cluster_4_bermasalah', 'burden_med'}",fpgrowth_cluster4,1,False
"['income_very_high'] -> ['burden_med', 'credit_large']",0.151081727883207,0.5123639423468419,1.865542886077755,['fpgrowth_cluster2'],"{'income_very_high'} -> {'credit_large', 'burden_med'}",fpgrowth_cluster2,1,False
['income_very_high'] -> ['burden_med'],0.15255995793671984,0.6226797776400725,1.8416053350213102,"['apriori', 'eclat', 'fpgrowth', 'fpgrowth_cluster0', 'fpgrowth_cluster1', 'fpgrowth_cluster2', 'fpgrowth_cluster3', 'fpgrowth_cluster4']",{'income_very_high'} -> {'burden_med'},apriori+eclat+fpgrowth+fpgrowth_cluster0+fpgrowth_cluster1+fpgrowth_cluster2+fpgrowth_cluster3+fpgrowth_cluster4,8,True
"['income_very_high'] -> ['cluster_0_minimal', 'credit_med']",0.06951006817821469,0.5259748050389922,1.7307020192413844,['fpgrowth_cluster0'],"{'income_very_high'} -> {'cluster_0_minimal', 'credit_med'}",fpgrowth_cluster0,1,False
"['income_very_high'] -> ['cluster_2_ambisius', 'credit_large']",0.08720158313567529,0.3672538125073886,1.5582578871028874,"['apriori', 'eclat', 'fpgrowth']","{'income_very_high'} -> {'credit_large', 'cluster_2_ambisius'}",apriori+eclat+fpgrowth,3,True
['income_very_high'] -> ['cluster_2_ambisius'],0.10341188193849911,0.4355242936517319,1.241867689311566,"['apriori', 'eclat', 'fpgrowth']",{'income_very_high'} -> {'cluster_2_ambisius'},apriori+eclat+fpgrowth,3,True
"['income_very_high'] -> ['cluster_4_bermasalah', 'credit_large']",0.1080794701986755,0.5551020408163265,1.791034362462934,['fpgrowth_cluster4'],"{'income_very_high'} -> {'cluster_4_bermasalah', 'credit_large'}",fpgrowth_cluster4,1,False
['income_very_high'] -> ['credit_large'],0.12263115721577883,0.541447220808172,1.698140452595897,"['apriori', 'eclat', 'fpgrowth', 'fpgrowth_cluster4']",{'income_very_high'} -> {'credit_large'},apriori+eclat+fpgrowth+fpgrowth_cluster4,4,True
['income_very_high'] -> ['credit_med'],0.06951006817821469,0.5259748050389922,1.7307020192413844,['fpgrowth_cluster0'],{'income_very_high'} -> {'credit_med'},fpgrowth_cluster0,1,False
['income_very_high'] -> ['emp_senior'],0.09503305216768887,0.4002364345667336,1.2011914593996131,"['apriori', 'eclat', 'fpgrowth']",{'income_very_high'} -> {'emp_senior'},apriori+eclat+fpgrowth,3,True
['risk_score_high'] -> ['age_senior'],0.14686671064265766,0.4405988951765023,1.3218931591850032,"['apriori', 'eclat', 'fpgrowth']",{'risk_score_high'} -> {'age_senior'},apriori+eclat+fpgrowth,3,True
['risk_score_high'] -> ['cluster_2_ambisius'],0.15120910583711106,0.4536260441929399,1.2934835909840467,"['apriori', 'eclat', 'fpgrowth']",{'risk_score_high'} -> {'cluster_2_ambisius'},apriori+eclat+fpgrowth,3,True
['risk_score_high'] -> ['credit_large'],0.13004168362549298,0.3901239558070601,1.2114183972181525,"['apriori', 'eclat', 'fpgrowth']",{'risk_score_high'} -> {'credit_large'},apriori+eclat+fpgrowth,3,True
['risk_score_low'] -> ['age_young'],0.16887341932043057,0.5066188358932903,1.5194939668392333,"['apriori', 'eclat', 'fpgrowth']",{'risk_score_low'} -> {'age_young'},apriori+eclat+fpgrowth,3,True
['risk_score_low'] -> ['cluster_0_minimal'],0.1422127408738123,0.42663702506063056,1.204943502164063,"['apriori', 'eclat', 'fpgrowth']",{'risk_score_low'} -> {'cluster_0_minimal'},apriori+eclat+fpgrowth,3,True
['risk_score_low'] -> ['emp_mid'],0.13399110187927188,0.40197217731069795,1.2056390273349893,"['apriori', 'eclat', 'fpgrowth']",{'risk_score_low'} -> {'emp_mid'},apriori+eclat+fpgrowth,3,True
