antecedents,consequents,antecedent support,consequent support,support,confidence,lift,representativity,leverage,conviction,zhangs_metric,jaccard,certainty,kulczynski,algorithm,context,context_n,support_count,rule_str,normalized_rule
frozenset({'leverage_under_3x'}),frozenset({'burden_under_20pct'}),0.47446632327967325,0.6564820142875187,0.4320304276431208,0.9105607847081304,1.387030817129642,1.0,0.12055182002488785,3.840798296267124,0.5309564308082014,0.6181418754744109,0.739637460011399,0.7843300983936162,fpgrowth,Portfolio-wide,356255,153913,{leverage_under_3x} -> {burden_under_20pct},{leverage_under_3x} -> {burden_under_20pct}
frozenset({'burden_under_20pct'}),frozenset({'leverage_under_3x'}),0.6564820142875187,0.47446632327967325,0.4320304276431208,0.658099412079102,1.387030817129642,1.0,0.12055182002488785,1.537094978151702,0.8122878477008881,0.6181418754744109,0.34942211495449577,0.7843300983936162,fpgrowth,Portfolio-wide,356255,153913,{burden_under_20pct} -> {leverage_under_3x},{burden_under_20pct} -> {leverage_under_3x}
"frozenset({'leverage_under_3x', 'card_history_not_observed'})",frozenset({'burden_under_20pct'}),0.3393131324472639,0.6564820142875187,0.30745112349300363,0.9060985092900515,1.3802335624890532,1.0,0.08469815482981619,3.6582804289398463,0.41696748524206734,0.44665329124970443,0.7266475275954185,0.6872149414435292,fpgrowth,Portfolio-wide,356255,109531,"{card_history_not_observed, leverage_under_3x} -> {burden_under_20pct}","{card_history_not_observed, leverage_under_3x} -> {burden_under_20pct}"
"frozenset({'card_history_not_observed', 'burden_under_20pct'})",frozenset({'leverage_under_3x'}),0.45759077065585047,0.47446632327967325,0.30745112349300363,0.6718910065697864,1.4160984112116668,1.0,0.09033971297321006,1.601704577573866,0.5417208501532701,0.49223212399840016,0.3756651419984578,0.6599422849403291,fpgrowth,Portfolio-wide,356255,109531,"{burden_under_20pct, card_history_not_observed} -> {leverage_under_3x}","{burden_under_20pct, card_history_not_observed} -> {leverage_under_3x}"
"frozenset({'leverage_under_3x', 'previous_approval_high'})",frozenset({'burden_under_20pct'}),0.235640201541031,0.6564820142875187,0.2130440274522463,0.904107304521847,1.3772004180542197,1.0,0.05835047329747339,3.5823165049181873,0.35832506002107906,0.3137253280975509,0.7208510195491958,0.6143155442972676,fpgrowth,Portfolio-wide,356255,75898,"{leverage_under_3x, previous_approval_high} -> {burden_under_20pct}","{leverage_under_3x, previous_approval_high} -> {burden_under_20pct}"
"frozenset({'previous_approval_high', 'burden_under_20pct'})",frozenset({'leverage_under_3x'}),0.3299939649969825,0.47446632327967325,0.2130440274522463,0.6455997686327214,1.360686179305868,1.0,0.056473004175646796,1.4828818669017625,0.39563327696452005,0.3602268682218372,0.32563744805286804,0.5473089980292299,fpgrowth,Portfolio-wide,356255,75898,"{burden_under_20pct, previous_approval_high} -> {leverage_under_3x}","{burden_under_20pct, previous_approval_high} -> {leverage_under_3x}"
"frozenset({'bureau_debt_low', 'leverage_under_3x'})",frozenset({'burden_under_20pct'}),0.23246550925601045,0.6564820142875187,0.20923495810585113,0.9000688264486759,1.3710487216097191,1.0,0.056625532337091555,3.43754579781906,0.35259824875910356,0.3078285862953281,0.709094784821646,0.6093951828662407,fpgrowth,Portfolio-wide,356255,74541,"{bureau_debt_low, leverage_under_3x} -> {burden_under_20pct}","{bureau_debt_low, leverage_under_3x} -> {burden_under_20pct}"
"frozenset({'bureau_debt_low', 'burden_under_20pct'})",frozenset({'leverage_under_3x'}),0.3220810935986863,0.47446632327967325,0.20923495810585113,0.6496344003555773,1.3691896947818814,1.0,0.05641832582818612,1.4999579789045434,0.39774818101739523,0.35625833401040946,0.3333146567677018,0.5453122572974886,fpgrowth,Portfolio-wide,356255,74541,"{burden_under_20pct, bureau_debt_low} -> {leverage_under_3x}","{burden_under_20pct, bureau_debt_low} -> {leverage_under_3x}"
"frozenset({'previous_approval_high', 'card_history_not_observed'})",frozenset({'repayment_clean_observed'}),0.3917530982021305,0.44839230326591906,0.21825658587247898,0.5571279126422286,1.2425010612009186,1.0,0.0425975118580659,1.245523735815096,0.32087580384218023,0.3509575673321267,0.197124895138526,0.5219407764435617,fpgrowth,Portfolio-wide,356255,77755,"{card_history_not_observed, previous_approval_high} -> {repayment_clean_observed}","{card_history_not_observed, previous_approval_high} -> {repayment_clean_observed}"
"frozenset({'leverage_under_3x', 'repayment_clean_observed'})",frozenset({'burden_under_20pct'}),0.21169667794136224,0.6564820142875187,0.19176151913657352,0.9058314991116179,1.3798268336333914,1.0,0.05278645758365191,3.6479075537121792,0.34919474535648953,0.28349593529672956,0.7258702460860388,0.5989681279630777,fpgrowth,Portfolio-wide,356255,68316,"{leverage_under_3x, repayment_clean_observed} -> {burden_under_20pct}","{leverage_under_3x, repayment_clean_observed} -> {burden_under_20pct}"
"frozenset({'repayment_clean_observed', 'burden_under_20pct'})",frozenset({'leverage_under_3x'}),0.2879005206944464,0.47446632327967325,0.19176151913657352,0.666068677729462,1.4038270896137957,1.0,0.05516241761237606,1.573777725153198,0.4039626030908097,0.33606682375627833,0.3645862538163349,0.5351156138971215,fpgrowth,Portfolio-wide,356255,68316,"{burden_under_20pct, repayment_clean_observed} -> {leverage_under_3x}","{burden_under_20pct, repayment_clean_observed} -> {leverage_under_3x}"
frozenset({'credit_medium'}),frozenset({'leverage_3_to_6x'}),0.3439278045220418,0.3596637240179085,0.1635682306213246,0.47558885461045003,1.3223153263762828,1.0,0.03986987565362378,1.2210577170445691,0.37153034664971935,0.30289106275924443,0.18103789358918598,0.46518493084844603,fpgrowth,Portfolio-wide,356255,58272,{credit_medium} -> {leverage_3_to_6x},{credit_medium} -> {leverage_3_to_6x}
frozenset({'leverage_3_to_6x'}),frozenset({'credit_medium'}),0.3596637240179085,0.3439278045220418,0.1635682306213246,0.4547810070864421,1.3223153263762828,1.0,0.03986987565362378,1.2033186737901767,0.38066050504373633,0.30289106275924443,0.16896494521253427,0.46518493084844603,fpgrowth,Portfolio-wide,356255,58272,{leverage_3_to_6x} -> {credit_medium},{leverage_3_to_6x} -> {credit_medium}
"frozenset({'credit_medium', 'repayment_clean_observed'})",frozenset({'leverage_3_to_6x'}),0.15091998708790053,0.3596637240179085,0.07303757140250663,0.4839489640293122,1.345559564981914,1.0,0.01875712681773766,1.2408390475907565,0.302462385423032,0.1669254160304854,0.19409370462541095,0.3435103981011919,fpgrowth,Portfolio-wide,356255,26020,"{credit_medium, repayment_clean_observed} -> {leverage_3_to_6x}","{credit_medium, repayment_clean_observed} -> {leverage_3_to_6x}"
"frozenset({'repayment_clean_observed', 'leverage_3_to_6x'})",frozenset({'credit_medium'}),0.15997529859230045,0.3439278045220418,0.07303757140250663,0.4565553060078608,1.3274742547853553,1.0,0.018017618179898658,1.207247402966544,0.29366960461871333,0.16951360929784104,0.17166937154495357,0.3344591981453698,fpgrowth,Portfolio-wide,356255,26020,"{leverage_3_to_6x, repayment_clean_observed} -> {credit_medium}","{leverage_3_to_6x, repayment_clean_observed} -> {credit_medium}"
"frozenset({'leverage_under_3x', 'credit_medium'})",frozenset({'burden_under_20pct'}),0.14880913952084884,0.6564820142875187,0.13344935509677058,0.8967819821179311,1.3660419670312072,1.0,0.035758831439731326,3.328081596228342,0.3148037425940539,0.19863211153680643,0.6995265978053895,0.5500307558906065,fpgrowth,Portfolio-wide,356255,47542,"{credit_medium, leverage_under_3x} -> {burden_under_20pct}","{credit_medium, leverage_under_3x} -> {burden_under_20pct}"
"frozenset({'credit_medium', 'burden_under_20pct'})",frozenset({'leverage_under_3x'}),0.22074076153317146,0.47446632327967325,0.13344935509677058,0.6045523906408953,1.2741734470468267,1.0,0.028715297574171586,1.3289590435811467,0.27613081968570297,0.23755677587955773,0.2475313631146229,0.442907203833679,fpgrowth,Portfolio-wide,356255,47542,"{burden_under_20pct, credit_medium} -> {leverage_under_3x}","{burden_under_20pct, credit_medium} -> {leverage_under_3x}"
"frozenset({'credit_medium', 'card_history_not_observed'})",frozenset({'leverage_3_to_6x'}),0.23678264164713478,0.3596637240179085,0.11364893124307027,0.4799715488115701,1.334500859440779,1.0,0.028486804565463847,1.2313485435627993,0.3284204114728593,0.23539671742277574,0.18788225703618625,0.3979790937951647,fpgrowth,Portfolio-wide,356255,40488,"{card_history_not_observed, credit_medium} -> {leverage_3_to_6x}","{card_history_not_observed, credit_medium} -> {leverage_3_to_6x}"
"frozenset({'card_history_not_observed', 'leverage_3_to_6x'})",frozenset({'credit_medium'}),0.24962737365089613,0.3439278045220418,0.11364893124307027,0.45527431379384015,1.3237496585265538,1.0,0.02779513667471417,1.204408406086541,0.325931605082801,0.23681486117366307,0.1697168543938686,0.39285923221154717,fpgrowth,Portfolio-wide,356255,40488,"{card_history_not_observed, leverage_3_to_6x} -> {credit_medium}","{card_history_not_observed, leverage_3_to_6x} -> {credit_medium}"
"frozenset({'credit_medium', 'previous_approval_high'})",frozenset({'leverage_3_to_6x'}),0.1727217863608932,0.3596637240179085,0.08531529382043761,0.49394633773747415,1.3733560121645167,1.0,0.023193532918853163,1.2653525183854983,0.328615790989264,0.1908319782006768,0.2097063976480401,0.365577420734001,fpgrowth,Portfolio-wide,356255,30394,"{credit_medium, previous_approval_high} -> {leverage_3_to_6x}","{credit_medium, previous_approval_high} -> {leverage_3_to_6x}"
"frozenset({'previous_approval_high', 'leverage_3_to_6x'})",frozenset({'credit_medium'}),0.1907032883749,0.3439278045220418,0.08531529382043761,0.44737190715200403,1.3007727240131661,1.0,0.019727130534524434,1.1871857474650955,0.2857125068869535,0.18987824153032093,0.15767182840998417,0.34771677152484554,fpgrowth,Portfolio-wide,356255,30394,"{leverage_3_to_6x, previous_approval_high} -> {credit_medium}","{leverage_3_to_6x, previous_approval_high} -> {credit_medium}"
"frozenset({'bureau_debt_low', 'credit_medium'})",frozenset({'leverage_3_to_6x'}),0.16775062806136054,0.3596637240179085,0.08115815918373076,0.4838024162511295,1.345152107214015,1.0,0.020824343588838765,1.2404867751058948,0.30830861251410174,0.18186449953139053,0.193864843972533,0.3547262635371715,fpgrowth,Portfolio-wide,356255,28913,"{bureau_debt_low, credit_medium} -> {leverage_3_to_6x}","{bureau_debt_low, credit_medium} -> {leverage_3_to_6x}"
"frozenset({'bureau_debt_low', 'leverage_3_to_6x'})",frozenset({'credit_medium'}),0.18350338942611333,0.3439278045220418,0.08115815918373076,0.4422706274665769,1.2859403097147166,1.0,0.01804624133605434,1.1763271360405922,0.2723329477161857,0.18185763615893127,0.14989634314999573,0.3391225164494467,fpgrowth,Portfolio-wide,356255,28913,"{bureau_debt_low, leverage_3_to_6x} -> {credit_medium}","{bureau_debt_low, leverage_3_to_6x} -> {credit_medium}"
"frozenset({'credit_medium', 'repayment_some_late'})",frozenset({'leverage_3_to_6x'}),0.15694095521466364,0.3596637240179085,0.07266143633071817,0.462985816744469,1.287274155904074,1.0,0.016215467927284448,1.1924010500061522,0.26470827319840284,0.16367280613567534,0.16135598841107998,0.3325059261976021,fpgrowth,Portfolio-wide,356255,25886,"{credit_medium, repayment_some_late} -> {leverage_3_to_6x}","{credit_medium, repayment_some_late} -> {leverage_3_to_6x}"
"frozenset({'repayment_some_late', 'leverage_3_to_6x'})",frozenset({'credit_medium'}),0.15936899131240262,0.3439278045220418,0.07266143633071817,0.4559320839791462,1.3256621825407728,1.0,0.01785000903975118,1.2058645183054892,0.29223286506365925,0.16873077123637695,0.17071944250816426,0.33360076441583364,fpgrowth,Portfolio-wide,356255,25886,"{leverage_3_to_6x, repayment_some_late} -> {credit_medium}","{leverage_3_to_6x, repayment_some_late} -> {credit_medium}"
"frozenset({'previous_deep', 'credit_medium'})",frozenset({'repayment_some_late'}),0.1399783862682629,0.44470674095802165,0.08379671864254537,0.5986404106842064,1.3461464726047752,1.0,0.021547386680623087,1.38353056417214,0.29899107652605444,0.16729618255587186,0.27721148639866316,0.39353591080006856,fpgrowth,Portfolio-wide,356255,29853,"{credit_medium, previous_deep} -> {repayment_some_late}","{credit_medium, previous_deep} -> {repayment_some_late}"
"frozenset({'credit_medium', 'repayment_some_late'})",frozenset({'previous_deep'}),0.15694095521466364,0.3972912660874935,0.08379671864254537,0.5339378655362989,1.3439456416812152,1.0,0.021445447844331042,1.2931939527892455,0.30356389410688106,0.17812583907634477,0.2267207886000901,0.37242898914916645,fpgrowth,Portfolio-wide,356255,29853,"{credit_medium, repayment_some_late} -> {previous_deep}","{credit_medium, repayment_some_late} -> {previous_deep}"
"frozenset({'previous_deep', 'credit_medium'})",frozenset({'leverage_3_to_6x'}),0.1399783862682629,0.3596637240179085,0.0626966639064715,0.44790246250100274,1.245336775967711,1.0,0.012351516219210795,1.1598245463705847,0.22906908152744235,0.14348853941823417,0.13780062412950353,0.3111113473807421,fpgrowth,Portfolio-wide,356255,22336,"{credit_medium, previous_deep} -> {leverage_3_to_6x}","{credit_medium, previous_deep} -> {leverage_3_to_6x}"
"frozenset({'previous_deep', 'leverage_3_to_6x'})",frozenset({'credit_medium'}),0.1387377019269905,0.3439278045220418,0.0626966639064715,0.4519079027232631,1.3139615255919241,1.0,0.014980910678288203,1.1970108650311393,0.27743314537751407,0.14928884611271523,0.16458569490596411,0.31710195260218454,fpgrowth,Portfolio-wide,356255,22336,"{leverage_3_to_6x, previous_deep} -> {credit_medium}","{leverage_3_to_6x, previous_deep} -> {credit_medium}"
"frozenset({'credit_file_established', 'credit_medium'})",frozenset({'leverage_3_to_6x'}),0.13999522813714896,0.3596637240179085,0.06668818683246551,0.4763604282792637,1.3244605904585045,1.0,0.016336981735921824,1.2228569240439129,0.28485382326424946,0.15402468751620765,0.18224284432796825,0.33088929539958256,fpgrowth,Portfolio-wide,356255,23758,"{credit_file_established, credit_medium} -> {leverage_3_to_6x}","{credit_file_established, credit_medium} -> {leverage_3_to_6x}"
"frozenset({'credit_file_established', 'leverage_3_to_6x'})",frozenset({'credit_medium'}),0.14725126664888913,0.3439278045220418,0.06668818683246551,0.4528870165271927,1.3168083841216969,1.0,0.016044381980823315,1.1991530365693954,0.2821324240968784,0.15710157577681233,0.16607808219303138,0.32339435951149476,fpgrowth,Portfolio-wide,356255,23758,"{credit_file_established, leverage_3_to_6x} -> {credit_medium}","{credit_file_established, leverage_3_to_6x} -> {credit_medium}"
"frozenset({'credit_medium', 'previous_two_to_four'})",frozenset({'leverage_3_to_6x'}),0.13120657955677814,0.3596637240179085,0.06435839496989516,0.49051194831311645,1.3638071219234016,1.0,0.01716814795085235,1.2568229497472558,0.3070447806164921,0.15089471986942818,0.20434298227837308,0.33472620797792996,fpgrowth,Portfolio-wide,356255,22928,"{credit_medium, previous_two_to_four} -> {leverage_3_to_6x}","{credit_medium, previous_two_to_four} -> {leverage_3_to_6x}"
"frozenset({'previous_two_to_four', 'leverage_3_to_6x'})",frozenset({'credit_medium'}),0.14035732831819905,0.3439278045220418,0.06435839496989516,0.45853248805071695,1.3332230835129537,1.0,0.01608560719283756,1.2116556967861254,0.29074636192586234,0.15326100761358546,0.1746830368953282,0.32283005905237316,fpgrowth,Portfolio-wide,356255,22928,"{leverage_3_to_6x, previous_two_to_four} -> {credit_medium}","{leverage_3_to_6x, previous_two_to_four} -> {credit_medium}"
"frozenset({'external_score_weak', 'leverage_under_3x'})",frozenset({'burden_under_20pct'}),0.17040883636720888,0.6564820142875187,0.1558743035185471,0.9147078686850385,1.393347949795354,1.0,0.04400396736780965,4.027546039903251,0.3402931370607782,0.23229576704747484,0.7517098525771236,0.5760733357321505,fpgrowth,Portfolio-wide,356255,55531,"{external_score_weak, leverage_under_3x} -> {burden_under_20pct}","{external_score_weak, leverage_under_3x} -> {burden_under_20pct}"
"frozenset({'external_score_weak', 'burden_under_20pct'})",frozenset({'leverage_under_3x'}),0.22356458154973263,0.47446632327967325,0.1558743035185471,0.6972227104939357,1.469488299347558,1.0,0.04980043849508679,1.735710355217381,0.4114843312439814,0.2875078955815808,0.42386700811336725,0.5128741236149004,fpgrowth,Portfolio-wide,356255,55531,"{burden_under_20pct, external_score_weak} -> {leverage_under_3x}","{burden_under_20pct, external_score_weak} -> {leverage_under_3x}"
"frozenset({'external_score_weak', 'previous_deep'})",frozenset({'repayment_some_late'}),0.13847384598110904,0.44470674095802165,0.0845153050483502,0.610334063082786,1.3724416719385841,1.0,0.022935052294168153,1.4250495268719179,0.3149893753199224,0.16948303424672956,0.2982700031520525,0.4001906698904326,fpgrowth,Portfolio-wide,356255,30109,"{external_score_weak, previous_deep} -> {repayment_some_late}","{external_score_weak, previous_deep} -> {repayment_some_late}"
"frozenset({'external_score_weak', 'repayment_some_late'})",frozenset({'previous_deep'}),0.1562700874373693,0.3972912660874935,0.0845153050483502,0.5408284236240839,1.3612894865526188,1.0,0.022430564158754433,1.3126002673542645,0.3145584724467388,0.18018551765409935,0.23815343873451694,0.37677862535761664,fpgrowth,Portfolio-wide,356255,30109,"{external_score_weak, repayment_some_late} -> {previous_deep}","{external_score_weak, repayment_some_late} -> {previous_deep}"
"frozenset({'external_score_weak', 'credit_medium'})",frozenset({'leverage_3_to_6x'}),0.12372317581507628,0.3596637240179085,0.060776690853461705,0.4912312543957166,1.36580706251948,1.0,0.01627795269248894,1.2585998678467176,0.3056478929974057,0.14381264238793282,0.2054663078021331,0.3301066208606436,fpgrowth,Portfolio-wide,356255,21652,"{credit_medium, external_score_weak} -> {leverage_3_to_6x}","{credit_medium, external_score_weak} -> {leverage_3_to_6x}"
"frozenset({'external_score_weak', 'leverage_3_to_6x'})",frozenset({'credit_medium'}),0.11668608159885475,0.3439278045220418,0.060776690853461705,0.5208563868174164,1.514435238934093,1.0,0.020645102990887766,1.3692600244009803,0.3845607268642348,0.1520035943949903,0.26967852549593196,0.3487849503419305,fpgrowth,Portfolio-wide,356255,21652,"{external_score_weak, leverage_3_to_6x} -> {credit_medium}","{external_score_weak, leverage_3_to_6x} -> {credit_medium}"
"frozenset({'external_score_weak', 'leverage_under_3x'})",frozenset({'credit_small'}),0.17040883636720888,0.334033206551487,0.11042371335139156,0.6479928840863793,1.9399055883580227,1.0,0.05350150331494513,1.8919128714771072,0.5840358685481036,0.28025019412841684,0.47143443280278974,0.48928496903035784,fpgrowth,Portfolio-wide,356255,39339,"{external_score_weak, leverage_under_3x} -> {credit_small}","{external_score_weak, leverage_under_3x} -> {credit_small}"
"frozenset({'external_score_weak', 'credit_small'})",frozenset({'leverage_under_3x'}),0.12634489340500485,0.47446632327967325,0.11042371335139156,0.873986358890049,1.8420408699373159,1.0,0.050477316312356676,4.170450691618233,0.52323150948346,0.2251764423049404,0.760217762073102,0.5533594081249709,fpgrowth,Portfolio-wide,356255,39339,"{credit_small, external_score_weak} -> {leverage_under_3x}","{credit_small, external_score_weak} -> {leverage_under_3x}"
"frozenset({'external_score_weak', 'credit_small'})",frozenset({'burden_under_20pct'}),0.12634489340500485,0.6564820142875187,0.108354970456555,0.8576125835906778,1.3063763590255348,1.0,0.025411820339095573,2.412558598050319,0.26843980732052325,0.1606515623179238,0.5855022958579583,0.5113332827092887,fpgrowth,Portfolio-wide,356255,38602,"{credit_small, external_score_weak} -> {burden_under_20pct}","{credit_small, external_score_weak} -> {burden_under_20pct}"
"frozenset({'external_score_weak', 'burden_under_20pct'})",frozenset({'credit_small'}),0.22356458154973263,0.334033206551487,0.108354970456555,0.48466966325992517,1.4509625203541536,1.0,0.03367697641015639,1.2923104773170322,0.4002938487101482,0.2411946640007498,0.2261921437980588,0.4045267459836235,fpgrowth,Portfolio-wide,356255,38602,"{burden_under_20pct, external_score_weak} -> {credit_small}","{burden_under_20pct, external_score_weak} -> {credit_small}"
"frozenset({'leverage_under_3x', 'income_q3'})",frozenset({'burden_under_20pct'}),0.1251996463207534,0.6564820142875187,0.11623696509522673,0.9284128870255364,1.4142244064875789,1.0,0.03404564909049361,4.798600913477543,0.3348176982293637,0.17467562049707255,0.7916059247203993,0.5527366412679793,fpgrowth,Portfolio-wide,356255,41410,"{income_q3, leverage_under_3x} -> {burden_under_20pct}","{income_q3, leverage_under_3x} -> {burden_under_20pct}"
"frozenset({'income_q3', 'burden_under_20pct'})",frozenset({'leverage_under_3x'}),0.18809279869756215,0.47446632327967325,0.11623696509522673,0.6179766896983987,1.3024669178346164,1.0,0.026993266461810703,1.37565866414127,0.2860255215634528,0.21276267790165954,0.2730754902603461,0.4314806687424497,fpgrowth,Portfolio-wide,356255,41410,"{burden_under_20pct, income_q3} -> {leverage_under_3x}","{burden_under_20pct, income_q3} -> {leverage_under_3x}"
"frozenset({'credit_medium', 'income_q3'})",frozenset({'burden_under_20pct'}),0.09827230495010596,0.6564820142875187,0.08004378885910374,0.8145101399600115,1.240719657558328,1.0,0.015529788156780883,1.8519502124721245,0.21516047050436143,0.11863426648195068,0.46002868043351786,0.4682192602525873,fpgrowth,Portfolio-wide,356255,28516,"{credit_medium, income_q3} -> {burden_under_20pct}","{credit_medium, income_q3} -> {burden_under_20pct}"
"frozenset({'credit_medium', 'burden_under_20pct'})",frozenset({'income_q3'}),0.22074076153317146,0.2616272052322073,0.08004378885910374,0.3626144455747711,1.3859967095277137,1.0,0.022292000338350965,1.1584398009045411,0.3573875699492068,0.19895346403404732,0.13676999079350266,0.3342802073591943,fpgrowth,Portfolio-wide,356255,28516,"{burden_under_20pct, credit_medium} -> {income_q3}","{burden_under_20pct, credit_medium} -> {income_q3}"
"frozenset({'income_q3', 'burden_under_20pct'})",frozenset({'credit_medium'}),0.18809279869756215,0.3439278045220418,0.08004378885910374,0.4255547762240893,1.237337518597791,1.0,0.01535344555664482,1.1420970500294212,0.2362500027121269,0.17709711276309006,0.12441766662978467,0.32914452651532233,fpgrowth,Portfolio-wide,356255,28516,"{burden_under_20pct, income_q3} -> {credit_medium}","{burden_under_20pct, income_q3} -> {credit_medium}"
"frozenset({'leverage_under_3x', 'credit_medium'})",frozenset({'income_q3'}),0.14880913952084884,0.2616272052322073,0.05785462660173191,0.3887840947674199,1.4860231925130052,1.0,0.01892210731588262,1.2080392353121552,0.3842416640622297,0.16408856053308282,0.17221231664582326,0.30495896367665243,fpgrowth,Portfolio-wide,356255,20611,"{credit_medium, leverage_under_3x} -> {income_q3}","{credit_medium, leverage_under_3x} -> {income_q3}"
"frozenset({'leverage_under_3x', 'income_q3'})",frozenset({'credit_medium'}),0.1251996463207534,0.3439278045220418,0.05785462660173191,0.46209896195323186,1.3435929165291336,1.0,0.014794987115699064,1.2196894020883366,0.29232606890690865,0.14067213584679017,0.18011913665248475,0.3151581599508745,fpgrowth,Portfolio-wide,356255,20611,"{income_q3, leverage_under_3x} -> {credit_medium}","{income_q3, leverage_under_3x} -> {credit_medium}"
"frozenset({'credit_medium', 'income_q3'})",frozenset({'leverage_under_3x'}),0.09827230495010596,0.47446632327967325,0.05785462660173191,0.588717509283062,1.2407993579262813,1.0,0.0112277273918363,1.2777924871156774,0.2152178834321936,0.1123643896854386,0.2174003133660068,0.3553268610835446,fpgrowth,Portfolio-wide,356255,20611,"{credit_medium, income_q3} -> {leverage_under_3x}","{credit_medium, income_q3} -> {leverage_under_3x}"
"frozenset({'previous_deep', 'income_q3'})",frozenset({'repayment_some_late'}),0.1123717561858781,0.44470674095802165,0.06742080812900872,0.5999800164863988,1.349158807878368,1.0,0.017448330659857465,1.3881637966296692,0.29156058723929956,0.13768967513743743,0.2796239158319027,0.37579368055066836,fpgrowth,Portfolio-wide,356255,24019,"{income_q3, previous_deep} -> {repayment_some_late}","{income_q3, previous_deep} -> {repayment_some_late}"
"frozenset({'repayment_some_late', 'income_q3'})",frozenset({'previous_deep'}),0.11975410871426366,0.3972912660874935,0.06742080812900872,0.5629936947706444,1.4170804717530818,1.0,0.019843546658739573,1.3791762880770904,0.33436540446365365,0.14994912005793448,0.2749295295714189,0.3663474518209115,fpgrowth,Portfolio-wide,356255,24019,"{income_q3, repayment_some_late} -> {previous_deep}","{income_q3, repayment_some_late} -> {previous_deep}"
"frozenset({'previous_approval_high', 'income_q3'})",frozenset({'credit_large'}),0.13129640285750374,0.3220389889264712,0.05242312388598055,0.399273115980759,1.2398284981323242,1.0,0.0101405630600674,1.128567788638895,0.22267299643813515,0.13075959027354772,0.11392119280132364,0.2810290689728772,fpgrowth,Portfolio-wide,356255,18676,"{income_q3, previous_approval_high} -> {credit_large}","{income_q3, previous_approval_high} -> {credit_large}"
"frozenset({'credit_large', 'income_q3'})",frozenset({'leverage_3_to_6x'}),0.09600988056307981,0.3596637240179085,0.060560553536090724,0.6307741784586599,1.753788709664954,1.0,0.02602928235025883,1.7342673199533978,0.4754541852232419,0.15327398924417987,0.4233876239870153,0.399577611503235,fpgrowth,Portfolio-wide,356255,21575,"{credit_large, income_q3} -> {leverage_3_to_6x}","{credit_large, income_q3} -> {leverage_3_to_6x}"
"frozenset({'credit_large', 'leverage_3_to_6x'})",frozenset({'income_q3'}),0.15630657815328908,0.2616272052322073,0.060560553536090724,0.3874472479123642,1.4809134530504398,1.0,0.019666500334436114,1.205402787353988,0.38490414215308405,0.1694602406610324,0.17040178561796204,0.309461881149925,fpgrowth,Portfolio-wide,356255,21575,"{credit_large, leverage_3_to_6x} -> {income_q3}","{credit_large, leverage_3_to_6x} -> {income_q3}"
"frozenset({'income_q3', 'leverage_3_to_6x'})",frozenset({'credit_large'}),0.10097823188446478,0.3220389889264712,0.060560553536090724,0.5997387001723468,1.8623170510241562,1.0,0.02804162583643493,1.6937960561399492,0.5150425939521973,0.16708356888954287,0.4096101497136941,0.39389609159652833,fpgrowth,Portfolio-wide,356255,21575,"{income_q3, leverage_3_to_6x} -> {credit_large}","{income_q3, leverage_3_to_6x} -> {credit_large}"
"frozenset({'income_q3', 'external_score_strong'})",frozenset({'credit_large'}),0.08701912955607641,0.3220389889264712,0.037470351293315184,0.43059901293506664,1.3371021141585504,1.0,0.009446798793814732,1.1906565434109715,0.27614375292616933,0.10083849524097296,0.16012723775471135,0.2734762375183666,fpgrowth,Portfolio-wide,356255,13349,"{external_score_strong, income_q3} -> {credit_large}","{external_score_strong, income_q3} -> {credit_large}"
"frozenset({'burden_20_to_35pct', 'income_q3'})",frozenset({'credit_large'}),0.0688664018750614,0.3220389889264712,0.0506575346310929,0.7355914241460829,2.2841688411648664,1.0,0.02847986820024408,2.5640658926588484,0.6037844550405489,0.1488842139999175,0.6099944221936379,0.44644695675611795,fpgrowth,Portfolio-wide,356255,18047,"{burden_20_to_35pct, income_q3} -> {credit_large}","{burden_20_to_35pct, income_q3} -> {credit_large}"
"frozenset({'burden_20_to_35pct', 'credit_large'})",frozenset({'income_q3'}),0.13865068560441257,0.2616272052322073,0.0506575346310929,0.365360866484462,1.3964941687168422,1.0,0.014382743252881004,1.1634529857584255,0.3296236510790668,0.144892978146025,0.14048954943535993,0.2794928702098082,fpgrowth,Portfolio-wide,356255,18047,"{burden_20_to_35pct, credit_large} -> {income_q3}","{burden_20_to_35pct, credit_large} -> {income_q3}"
"frozenset({'credit_large', 'income_q3'})",frozenset({'burden_20_to_35pct'}),0.09600988056307981,0.2896268122552666,0.0506575346310929,0.5276283475616887,1.8217524249676726,1.0,0.022850498978599212,1.503843814669856,0.4989855329807231,0.1512259297122459,0.3350373288468567,0.351267290149168,fpgrowth,Portfolio-wide,356255,18047,"{credit_large, income_q3} -> {burden_20_to_35pct}","{credit_large, income_q3} -> {burden_20_to_35pct}"
"frozenset({'burden_20_to_35pct', 'income_q3'})",frozenset({'leverage_3_to_6x'}),0.0688664018750614,0.3596637240179085,0.033043746754431516,0.47982391782831985,1.3340903899566703,1.0,0.008275000196333052,1.2309990749839077,0.26894701598236165,0.08355217397476117,0.1876517047642197,0.28584896138036664,fpgrowth,Portfolio-wide,356255,11772,"{burden_20_to_35pct, income_q3} -> {leverage_3_to_6x}","{burden_20_to_35pct, income_q3} -> {leverage_3_to_6x}"
"frozenset({'external_score_weak', 'income_q3'})",frozenset({'bureau_debt_moderate'}),0.08626124545620413,0.29571234087942627,0.03229989754529761,0.3744427451108001,1.2662398329310016,1.0,0.0067913827242687096,1.1258564321907174,0.23010974740981854,0.09237154118468688,0.1117872835223075,0.24183508507284207,fpgrowth,Portfolio-wide,356255,11507,"{external_score_weak, income_q3} -> {bureau_debt_moderate}","{external_score_weak, income_q3} -> {bureau_debt_moderate}"
"frozenset({'credit_file_established', 'income_q3'})",frozenset({'bureau_debt_moderate'}),0.10861601942428878,0.29571234087942627,0.04348009150748761,0.40031011758625146,1.353714614668293,1.0,0.011360994146525943,1.1744197789127604,0.29313053572385495,0.12049411142399302,0.14851570285561128,0.27367260523400316,fpgrowth,Portfolio-wide,356255,15490,"{credit_file_established, income_q3} -> {bureau_debt_moderate}","{credit_file_established, income_q3} -> {bureau_debt_moderate}"
"frozenset({'bureau_debt_moderate', 'income_q3'})",frozenset({'credit_file_established'}),0.0810290381889377,0.40597886345454803,0.04348009150748761,0.5365988845394395,1.3217409398445572,1.0,0.010584014676727517,1.2818724787813083,0.2648855061511068,0.09803239056003138,0.21989120091671513,0.3218491408149933,fpgrowth,Portfolio-wide,356255,15490,"{bureau_debt_moderate, income_q3} -> {credit_file_established}","{bureau_debt_moderate, income_q3} -> {credit_file_established}"
"frozenset({'leverage_under_3x', 'income_q3'})",frozenset({'credit_small'}),0.1251996463207534,0.334033206551487,0.06734501971902149,0.5379010380467681,1.6103220503134543,1.0,0.025524180399388148,1.4411778607628947,0.4332488025969425,0.17184769217545773,0.3061231183008564,0.3697563946042616,fpgrowth,Portfolio-wide,356255,23992,"{income_q3, leverage_under_3x} -> {credit_small}","{income_q3, leverage_under_3x} -> {credit_small}"
"frozenset({'income_q3', 'credit_small'})",frozenset({'leverage_under_3x'}),0.06734501971902149,0.47446632327967325,0.06734501971902149,1.0,2.1076311445829465,1.0,0.03539207582174027,inf,0.5634813385781745,0.14193846099236238,1.0,0.5709692304961812,fpgrowth,Portfolio-wide,356255,23992,"{credit_small, income_q3} -> {leverage_under_3x}","{credit_small, income_q3} -> {leverage_under_3x}"
"frozenset({'income_q3', 'credit_small'})",frozenset({'burden_under_20pct'}),0.06734501971902149,0.6564820142875187,0.06693800788760859,0.9939563187729242,1.5140648138725736,1.0,0.022727213690232693,56.83919664285341,0.3640427600217656,0.10190154687633536,0.9824065071453515,0.5479605217595247,fpgrowth,Portfolio-wide,356255,23847,"{credit_small, income_q3} -> {burden_under_20pct}","{credit_small, income_q3} -> {burden_under_20pct}"
"frozenset({'previous_deep', 'income_q3'})",frozenset({'previous_outcome_mixed'}),0.1123717561858781,0.3234901966288192,0.051631556048336164,0.4594709364774061,1.4203550563994822,1.0,0.015280394544240725,1.2515697101695307,0.3334173853087152,0.1343765524093393,0.20100335452785495,0.30953936428625395,fpgrowth,Portfolio-wide,356255,18394,"{income_q3, previous_deep} -> {previous_outcome_mixed}","{income_q3, previous_deep} -> {previous_outcome_mixed}"
"frozenset({'previous_outcome_mixed', 'income_q3'})",frozenset({'previous_deep'}),0.08894752354352921,0.3972912660874935,0.051631556048336164,0.5804721030042919,1.461074412032147,1.0,0.01629348180438031,1.4366356521904249,0.3463819821895286,0.11880049860815989,0.30392928890821447,0.3552155268336847,fpgrowth,Portfolio-wide,356255,18394,"{income_q3, previous_outcome_mixed} -> {previous_deep}","{income_q3, previous_outcome_mixed} -> {previous_deep}"
frozenset({'credit_file_deep'}),frozenset({'previous_deep'}),0.2207828662053866,0.3972912660874935,0.11391278718895173,0.5159493992753162,1.2986678623881232,1.0,0.026197682743788017,1.2451358040051534,0.29514260547577426,0.2259451032793274,0.1968747531125839,0.40133650609109434,fpgrowth,Portfolio-wide,356255,40582,{credit_file_deep} -> {previous_deep},{credit_file_deep} -> {previous_deep}
frozenset({'credit_file_deep'}),frozenset({'bureau_debt_moderate'}),0.2207828662053866,0.29571234087942627,0.08808297427404528,0.3989574725065158,1.3491404224796513,1.0,0.02279475608238124,1.1717767494051556,0.3321119365342194,0.20560331271621762,0.14659511676806763,0.3484122809475597,fpgrowth,Portfolio-wide,356255,31380,{credit_file_deep} -> {bureau_debt_moderate},{credit_file_deep} -> {bureau_debt_moderate}
"frozenset({'leverage_under_3x', 'credit_file_deep'})",frozenset({'burden_under_20pct'}),0.10957039199449832,0.6564820142875187,0.10317890275224208,0.9416677340847958,1.4344151303319248,1.0,0.03124791110942081,5.888987515277436,0.34011868630861863,0.15565398556861682,0.8301915231768174,0.5494185810990521,fpgrowth,Portfolio-wide,356255,36758,"{credit_file_deep, leverage_under_3x} -> {burden_under_20pct}","{credit_file_deep, leverage_under_3x} -> {burden_under_20pct}"
"frozenset({'credit_file_deep', 'burden_under_20pct'})",frozenset({'leverage_under_3x'}),0.15956828676088758,0.47446632327967325,0.10317890275224208,0.6466128379685823,1.3628213557897504,1.0,0.027469124420767183,1.487132904600548,0.31677542297828304,0.19436336717428088,0.3275651443751724,0.4320379534365514,fpgrowth,Portfolio-wide,356255,36758,"{burden_under_20pct, credit_file_deep} -> {leverage_under_3x}","{burden_under_20pct, credit_file_deep} -> {leverage_under_3x}"
"frozenset({'leverage_under_3x', 'credit_file_deep'})",frozenset({'previous_deep'}),0.10957039199449832,0.3972912660874935,0.05958933909699513,0.543845267068016,1.3688830172980637,1.0,0.01605797933579793,1.3212813337231661,0.3026374950009752,0.13322831878400684,0.24315891364168826,0.3469171579339882,fpgrowth,Portfolio-wide,356255,21229,"{credit_file_deep, leverage_under_3x} -> {previous_deep}","{credit_file_deep, leverage_under_3x} -> {previous_deep}"
"frozenset({'external_score_weak', 'credit_file_deep'})",frozenset({'previous_deep'}),0.07886766501522785,0.3972912660874935,0.0437972800381749,0.5553261914083354,1.397781020653091,1.0,0.012463845550910714,1.3553951734224186,0.3089462233865453,0.10129779070446858,0.2622077903118347,0.33278295835492333,fpgrowth,Portfolio-wide,356255,15603,"{credit_file_deep, external_score_weak} -> {previous_deep}","{credit_file_deep, external_score_weak} -> {previous_deep}"
"frozenset({'external_score_weak', 'credit_file_deep'})",frozenset({'bureau_debt_moderate'}),0.07886766501522785,0.29571234087942627,0.037986835272487404,0.4816528454995196,1.6287884505162018,1.0,0.014664693431139943,1.3587180965607502,0.4191001797161429,0.11285682119536665,0.2640121578337359,0.3050557936977517,fpgrowth,Portfolio-wide,356255,13533,"{credit_file_deep, external_score_weak} -> {bureau_debt_moderate}","{credit_file_deep, external_score_weak} -> {bureau_debt_moderate}"
"frozenset({'bureau_debt_moderate', 'credit_file_deep'})",frozenset({'external_score_weak'}),0.08808297427404528,0.33316585030385537,0.037986835272487404,0.43126195028680686,1.2944362391688267,1.0,0.008640596251182492,1.1724802833790005,0.24943378372511507,0.09911453870322766,0.1471071930369055,0.27263987212045326,fpgrowth,Portfolio-wide,356255,13533,"{bureau_debt_moderate, credit_file_deep} -> {external_score_weak}","{bureau_debt_moderate, credit_file_deep} -> {external_score_weak}"
"frozenset({'credit_medium', 'credit_file_deep'})",frozenset({'previous_deep'}),0.07618138692790277,0.3972912660874935,0.03982821293736228,0.5228076639646277,1.3159304233219473,1.0,0.009562013272474561,1.263031043038022,0.25987937501309666,0.09184532131945523,0.20825382280814117,0.31152853435695793,fpgrowth,Portfolio-wide,356255,14189,"{credit_file_deep, credit_medium} -> {previous_deep}","{credit_file_deep, credit_medium} -> {previous_deep}"
"frozenset({'credit_medium', 'credit_file_deep'})",frozenset({'bureau_debt_moderate'}),0.07618138692790277,0.29571234087942627,0.032089374184221975,0.42122328666175385,1.4244359413917844,1.0,0.009561597924330523,1.2168555556743297,0.3225392127435679,0.09443485300313074,0.17820977573148156,0.2648693961334664,fpgrowth,Portfolio-wide,356255,11432,"{credit_file_deep, credit_medium} -> {bureau_debt_moderate}","{credit_file_deep, credit_medium} -> {bureau_debt_moderate}"
"frozenset({'income_q3', 'credit_file_deep'})",frozenset({'previous_deep'}),0.06264894527796101,0.3972912660874935,0.03349286325805954,0.5346117657601147,1.3456418788788067,1.0,0.00860298446953231,1.2950665478187382,0.27402777861100147,0.07853926963481742,0.22783890782733476,0.30945740509686287,fpgrowth,Portfolio-wide,356255,11932,"{credit_file_deep, income_q3} -> {previous_deep}","{credit_file_deep, income_q3} -> {previous_deep}"
"frozenset({'bureau_debt_low', 'credit_file_deep'})",frozenset({'previous_deep'}),0.13005852549437902,0.3972912660874935,0.06746571977937152,0.5187335434022532,1.305675678478205,1.0,0.01579460352023713,1.2523389603615445,0.2691135307183953,0.1467015796284089,0.2014941388461597,0.34427389845950074,fpgrowth,Portfolio-wide,356255,24035,"{bureau_debt_low, credit_file_deep} -> {previous_deep}","{bureau_debt_low, credit_file_deep} -> {previous_deep}"
"frozenset({'burden_under_20pct', 'credit_file_deep'})",frozenset({'previous_deep'}),0.15956828676088758,0.3972912660874935,0.0838837349651233,0.5256917691346948,1.3231898458571307,1.0,0.020488648290478056,1.27071110027535,0.2906250975914116,0.177353115727003,0.21303906152758834,0.36841545294876005,fpgrowth,Portfolio-wide,356255,29884,"{burden_under_20pct, credit_file_deep} -> {previous_deep}","{burden_under_20pct, credit_file_deep} -> {previous_deep}"
"frozenset({'previous_deep', 'credit_file_deep'})",frozenset({'repayment_some_late'}),0.11391278718895173,0.44470674095802165,0.0699948070904268,0.6144596126361441,1.3817186834461463,1.0,0.019337022746183395,1.4402985452154906,0.3117793288915692,0.14324859974149073,0.30569950006414487,0.3859275194892718,fpgrowth,Portfolio-wide,356255,24936,"{credit_file_deep, previous_deep} -> {repayment_some_late}","{credit_file_deep, previous_deep} -> {repayment_some_late}"
"frozenset({'repayment_some_late', 'credit_file_deep'})",frozenset({'previous_deep'}),0.10921951972603894,0.3972912660874935,0.0699948070904268,0.6408635312259059,1.6130823552631828,1.0,0.026602845817000814,1.6782164617529431,0.4266694860666558,0.16034878561645155,0.40412931061618074,0.4085218056731492,fpgrowth,Portfolio-wide,356255,24936,"{credit_file_deep, repayment_some_late} -> {previous_deep}","{credit_file_deep, repayment_some_late} -> {previous_deep}"
"frozenset({'previous_approval_high', 'credit_file_deep'})",frozenset({'credit_large'}),0.1022834767231337,0.3220389889264712,0.03995452695400766,0.39062542879881446,1.2129755782086469,1.0,0.007015259526205429,1.1125521856567582,0.19558634466539487,0.10394864641832136,0.10116575843165214,0.25734639405912413,fpgrowth,Portfolio-wide,356255,14234,"{credit_file_deep, previous_approval_high} -> {credit_large}","{credit_file_deep, previous_approval_high} -> {credit_large}"
"frozenset({'credit_large', 'credit_file_deep'})",frozenset({'previous_deep'}),0.07949081416401173,0.3972912660874935,0.03957277792592385,0.4978283131466507,1.25305627291846,1.0,0.007991771724377969,1.2002045310223104,0.21939079690708327,0.09051220483057051,0.16680867789407527,0.29871738823713057,fpgrowth,Portfolio-wide,356255,14098,"{credit_file_deep, credit_large} -> {previous_deep}","{credit_file_deep, credit_large} -> {previous_deep}"
"frozenset({'credit_large', 'credit_file_deep'})",frozenset({'bureau_debt_moderate'}),0.07949081416401173,0.29571234087942627,0.03076448049851932,0.3870193156538014,1.308769578242271,1.0,0.007258065763667956,1.1489557128080838,0.25629680151450235,0.08931772989536135,0.12964443376501558,0.24552723749068486,fpgrowth,Portfolio-wide,356255,10960,"{credit_file_deep, credit_large} -> {bureau_debt_moderate}","{credit_file_deep, credit_large} -> {bureau_debt_moderate}"
"frozenset({'external_score_strong', 'credit_file_deep'})",frozenset({'bureau_debt_low'}),0.06012827890134875,0.504579584847932,0.04187730698516512,0.6964660846832548,1.3802898603064822,1.0,0.011537804979501898,1.6321748251264918,0.29314052787477657,0.08009728284504002,0.38732053416979945,0.3897302691842333,fpgrowth,Portfolio-wide,356255,14919,"{credit_file_deep, external_score_strong} -> {bureau_debt_low}","{credit_file_deep, external_score_strong} -> {bureau_debt_low}"
"frozenset({'burden_20_to_35pct', 'credit_file_deep'})",frozenset({'bureau_debt_low'}),0.052987326493663243,0.504579584847932,0.0338465425046666,0.6387667531917148,1.2659385602852395,1.0,0.007110219300292174,1.3714695962495365,0.22182622761335336,0.0646271264564954,0.2708551449229125,0.3529227265032334,fpgrowth,Portfolio-wide,356255,12058,"{burden_20_to_35pct, credit_file_deep} -> {bureau_debt_low}","{burden_20_to_35pct, credit_file_deep} -> {bureau_debt_low}"
"frozenset({'credit_file_deep', 'leverage_3_to_6x'})",frozenset({'bureau_debt_moderate'}),0.07793013431390437,0.29571234087942627,0.03051185246522856,0.3915282930519036,1.3240174281787764,1.0,0.007466950022215795,1.1574698561631735,0.2654060629947218,0.08892197444413541,0.1360466152312257,0.24735457453191295,fpgrowth,Portfolio-wide,356255,10870,"{credit_file_deep, leverage_3_to_6x} -> {bureau_debt_moderate}","{credit_file_deep, leverage_3_to_6x} -> {bureau_debt_moderate}"
"frozenset({'credit_large', 'credit_file_deep'})",frozenset({'leverage_3_to_6x'}),0.07949081416401173,0.3596637240179085,0.04071521803202762,0.5122002895582471,1.4241088421048085,1.0,0.012125255784583653,1.3127032720093275,0.3235236378674101,0.10218674707283051,0.23821321899402226,0.3127019304376632,fpgrowth,Portfolio-wide,356255,14505,"{credit_file_deep, credit_large} -> {leverage_3_to_6x}","{credit_file_deep, credit_large} -> {leverage_3_to_6x}"
"frozenset({'credit_file_deep', 'leverage_3_to_6x'})",frozenset({'credit_large'}),0.07793013431390437,0.3220389889264712,0.04071521803202762,0.5224579476281381,1.6223437707644373,1.0,0.015618676370673757,1.419688606911629,0.41602902625992233,0.11333270826496647,0.2956201837983428,0.3244437077935684,fpgrowth,Portfolio-wide,356255,14505,"{credit_file_deep, leverage_3_to_6x} -> {credit_large}","{credit_file_deep, leverage_3_to_6x} -> {credit_large}"
"frozenset({'credit_file_deep', 'leverage_3_to_6x'})",frozenset({'previous_deep'}),0.07793013431390437,0.3972912660874935,0.038747526350507364,0.4972085149299427,1.2514962129080505,1.0,0.007786564622567875,1.198725021821973,0.21794056927732916,0.08877398775531205,0.16578032343057753,0.29736889144760487,fpgrowth,Portfolio-wide,356255,13804,"{credit_file_deep, leverage_3_to_6x} -> {previous_deep}","{credit_file_deep, leverage_3_to_6x} -> {previous_deep}"
"frozenset({'income_q1', 'credit_file_deep'})",frozenset({'bureau_debt_low'}),0.05152489087872451,0.504579584847932,0.032361651064546464,0.6280780126389192,1.2447551020682033,1.0,0.006363243015624655,1.3320546565887448,0.2073107870742425,0.0617892017621901,0.2492800538974149,0.34610694172185946,fpgrowth,Portfolio-wide,356255,11529,"{credit_file_deep, income_q1} -> {bureau_debt_low}","{credit_file_deep, income_q1} -> {bureau_debt_low}"
"frozenset({'credit_file_deep', 'external_score_middle'})",frozenset({'previous_deep'}),0.08174201063844717,0.3972912660874935,0.04208783034624076,0.5148861646234677,1.2959916529100766,1.0,0.009612443447154721,1.2424068125055643,0.24872105083818263,0.09632284921369104,0.19511065946000564,0.31041156405149095,fpgrowth,Portfolio-wide,356255,14994,"{credit_file_deep, external_score_middle} -> {previous_deep}","{credit_file_deep, external_score_middle} -> {previous_deep}"
"frozenset({'credit_file_deep', 'external_score_middle'})",frozenset({'bureau_debt_moderate'}),0.08174201063844717,0.29571234087942627,0.03228866963270691,0.39500703959342054,1.335781382740738,1.0,0.008116548318620728,1.1641253786610415,0.27375150237014184,0.09354542275569869,0.14098599830356398,0.2520982477960268,fpgrowth,Portfolio-wide,356255,11503,"{credit_file_deep, external_score_middle} -> {bureau_debt_moderate}","{credit_file_deep, external_score_middle} -> {bureau_debt_moderate}"
"frozenset({'card_utilisation_moderate', 'credit_file_deep'})",frozenset({'bureau_debt_low'}),0.06561030722375827,0.504579584847932,0.039729968702193655,0.605544622229828,1.2000973491868967,1.0,0.006624347121484436,1.255960605614364,0.17844189215040346,0.07489721080120014,0.20379668316838545,0.34214168900419906,fpgrowth,Portfolio-wide,356255,14154,"{card_utilisation_moderate, credit_file_deep} -> {bureau_debt_low}","{card_utilisation_moderate, credit_file_deep} -> {bureau_debt_low}"
"frozenset({'previous_deep', 'credit_file_deep'})",frozenset({'card_utilisation_moderate'}),0.11391278718895173,0.25667850275785603,0.04779722389861195,0.41959489428810803,1.6347099183601799,1.0,0.018558260237977534,1.2806942770264367,0.438185616815674,0.14807342800246961,0.21917352334716675,0.30290462866696993,fpgrowth,Portfolio-wide,356255,17028,"{credit_file_deep, previous_deep} -> {card_utilisation_moderate}","{credit_file_deep, previous_deep} -> {card_utilisation_moderate}"
"frozenset({'card_utilisation_moderate', 'credit_file_deep'})",frozenset({'previous_deep'}),0.06561030722375827,0.3972912660874935,0.04779722389861195,0.7285017540857363,1.8336717070576174,1.0,0.021730821873295607,2.2199360142563704,0.4865701244961506,0.11514508090855609,0.5495365661091011,0.4244047590666499,fpgrowth,Portfolio-wide,356255,17028,"{card_utilisation_moderate, credit_file_deep} -> {previous_deep}","{card_utilisation_moderate, credit_file_deep} -> {previous_deep}"
"frozenset({'card_utilisation_moderate', 'credit_file_deep'})",frozenset({'repayment_some_late'}),0.06561030722375827,0.44470674095802165,0.040496273736508964,0.6172242662787712,1.3879354851898558,1.0,0.011318927837776879,1.4507013118192915,0.2991315274299047,0.08619515342701463,0.31067822724588096,0.35414356993441687,fpgrowth,Portfolio-wide,356255,14427,"{card_utilisation_moderate, credit_file_deep} -> {repayment_some_late}","{card_utilisation_moderate, credit_file_deep} -> {repayment_some_late}"
"frozenset({'repayment_some_late', 'credit_file_deep'})",frozenset({'card_utilisation_moderate'}),0.10921951972603894,0.25667850275785603,0.040496273736508964,0.3707787201233616,1.4445258022762615,1.0,0.012461970941297168,1.181335598484329,0.34546255368310574,0.12445008022359091,0.1535004944547384,0.264274567239923,fpgrowth,Portfolio-wide,356255,14427,"{credit_file_deep, repayment_some_late} -> {card_utilisation_moderate}","{credit_file_deep, repayment_some_late} -> {card_utilisation_moderate}"
"frozenset({'burden_under_20pct', 'credit_file_deep'})",frozenset({'bureau_debt_moderate'}),0.15956828676088758,0.29571234087942627,0.06659555655359223,0.41734832093162344,1.4113321063654662,1.0,0.019409244945410596,1.2087627727198615,0.34678552075815267,0.17133551429541202,0.17270781118624307,0.3212760835974978,fpgrowth,Portfolio-wide,356255,23725,"{burden_under_20pct, credit_file_deep} -> {bureau_debt_moderate}","{burden_under_20pct, credit_file_deep} -> {bureau_debt_moderate}"
"frozenset({'card_history_not_observed', 'credit_file_deep'})",frozenset({'bureau_debt_moderate'}),0.14747582490070316,0.29571234087942627,0.05895776901376823,0.3997792116332629,1.3519192687202353,1.0,0.01534734760925692,1.1733809837493523,0.3053413246361399,0.15344379182373397,0.14776188309728772,0.2995773104934675,fpgrowth,Portfolio-wide,356255,21004,"{card_history_not_observed, credit_file_deep} -> {bureau_debt_moderate}","{card_history_not_observed, credit_file_deep} -> {bureau_debt_moderate}"
"frozenset({'leverage_under_3x', 'credit_file_deep'})",frozenset({'bureau_debt_moderate'}),0.10957039199449832,0.29571234087942627,0.0454786599486323,0.41506340463686436,1.4036052854693077,1.0,0.013077342840862857,1.2040410271874744,0.3229328739153404,0.12639840227176985,0.16946351708969137,0.2844284929856431,fpgrowth,Portfolio-wide,356255,16202,"{credit_file_deep, leverage_under_3x} -> {bureau_debt_moderate}","{credit_file_deep, leverage_under_3x} -> {bureau_debt_moderate}"
"frozenset({'previous_deep', 'bureau_debt_moderate'})",frozenset({'credit_file_deep'}),0.12351545943214833,0.2207828662053866,0.04521480400275084,0.3660659500488603,1.6580360439216415,1.0,0.01794470684864598,1.2291769685737364,0.45280525138780436,0.15117785077428436,0.1864474965225386,0.28542951688445173,fpgrowth,Portfolio-wide,356255,16108,"{bureau_debt_moderate, previous_deep} -> {credit_file_deep}","{bureau_debt_moderate, previous_deep} -> {credit_file_deep}"
"frozenset({'previous_deep', 'credit_file_deep'})",frozenset({'bureau_debt_moderate'}),0.11391278718895173,0.29571234087942627,0.04521480400275084,0.3969247449608201,1.3422664193871507,1.0,0.011529387047006005,1.1678271546306744,0.2877723723295622,0.12407662740808638,0.1437088990140409,0.2749130269716724,fpgrowth,Portfolio-wide,356255,16108,"{credit_file_deep, previous_deep} -> {bureau_debt_moderate}","{credit_file_deep, previous_deep} -> {bureau_debt_moderate}"
"frozenset({'bureau_debt_moderate', 'credit_file_deep'})",frozenset({'previous_deep'}),0.08808297427404528,0.3972912660874935,0.04521480400275084,0.5133205863607393,1.2920510219514698,1.0,0.010220207632663271,1.23841016698366,0.2478698718242093,0.10272369570624136,0.19251308923306468,0.31356414164402224,fpgrowth,Portfolio-wide,356255,16108,"{bureau_debt_moderate, credit_file_deep} -> {previous_deep}","{bureau_debt_moderate, credit_file_deep} -> {previous_deep}"
"frozenset({'repayment_some_late', 'credit_file_deep'})",frozenset({'bureau_debt_moderate'}),0.10921951972603894,0.29571234087942627,0.04425762445439362,0.4052171678231817,1.3703086134927487,1.0,0.011960064606479977,1.1841089234922666,0.3033714690620485,0.12270802851539395,0.15548309774516186,0.277440808232657,fpgrowth,Portfolio-wide,356255,15767,"{credit_file_deep, repayment_some_late} -> {bureau_debt_moderate}","{credit_file_deep, repayment_some_late} -> {bureau_debt_moderate}"
"frozenset({'previous_approval_high', 'credit_file_deep'})",frozenset({'bureau_debt_moderate'}),0.1022834767231337,0.29571234087942627,0.0391713800508063,0.3829687971678696,1.2950720826494733,1.0,0.008924893715722127,1.141413361087644,0.2538019541279231,0.10916586483928248,0.12389320636030772,0.25771663619416363,fpgrowth,Portfolio-wide,356255,13955,"{credit_file_deep, previous_approval_high} -> {bureau_debt_moderate}","{credit_file_deep, previous_approval_high} -> {bureau_debt_moderate}"
"frozenset({'repayment_clean_observed', 'credit_file_deep'})",frozenset({'bureau_debt_moderate'}),0.09070469186397384,0.29571234087942627,0.035393187464035594,0.39020238905737453,1.3195336653754184,1.0,0.008570690704192838,1.1549531295012545,0.26631228207617647,0.10082844211300718,0.1341639981253336,0.2549451417896959,fpgrowth,Portfolio-wide,356255,12609,"{credit_file_deep, repayment_clean_observed} -> {bureau_debt_moderate}","{credit_file_deep, repayment_clean_observed} -> {bureau_debt_moderate}"
"frozenset({'income_q4', 'credit_file_deep'})",frozenset({'burden_under_20pct'}),0.0690235926513312,0.6564820142875187,0.062020182172881785,0.898535990239935,1.368713796698784,1.0,0.016707435035774702,3.3856141357394476,0.28935971516394077,0.093476329483437,0.7046326131960129,0.4965047668997644,fpgrowth,Portfolio-wide,356255,22095,"{credit_file_deep, income_q4} -> {burden_under_20pct}","{credit_file_deep, income_q4} -> {burden_under_20pct}"
"frozenset({'burden_under_20pct', 'credit_file_deep'})",frozenset({'income_q4'}),0.15956828676088758,0.23744228151183844,0.062020182172881785,0.38867486410892393,1.636923557313213,1.0,0.024131924107441353,1.247384859084269,0.46297387106392773,0.18514018534966734,0.19832280092439106,0.32493797585396544,fpgrowth,Portfolio-wide,356255,22095,"{burden_under_20pct, credit_file_deep} -> {income_q4}","{burden_under_20pct, credit_file_deep} -> {income_q4}"
"frozenset({'leverage_under_3x', 'credit_file_deep'})",frozenset({'income_q4'}),0.10957039199449832,0.23744228151183844,0.04253133289357342,0.3881644677853209,1.6347739977640323,1.0,0.01651468903225326,1.2463442842685335,0.4360756277626238,0.13968452979082352,0.19765347936193284,0.2836436477713695,fpgrowth,Portfolio-wide,356255,15152,"{credit_file_deep, leverage_under_3x} -> {income_q4}","{credit_file_deep, leverage_under_3x} -> {income_q4}"
"frozenset({'income_q4', 'credit_file_deep'})",frozenset({'leverage_under_3x'}),0.0690235926513312,0.47446632327967325,0.04253133289357342,0.6161854412362749,1.298691626788158,1.0,0.009781962668742428,1.369238515633909,0.24704628781624358,0.08489989858182653,0.26966705319632706,0.3529129015316977,fpgrowth,Portfolio-wide,356255,15152,"{credit_file_deep, income_q4} -> {leverage_under_3x}","{credit_file_deep, income_q4} -> {leverage_under_3x}"
"frozenset({'previous_deep', 'income_q4'})",frozenset({'credit_file_deep'}),0.10354380991143984,0.2207828662053866,0.036880885882303406,0.35618629364563,1.6132877508451327,1.0,0.014020186752230001,1.21031460825364,0.4240561673813123,0.12830553494004143,0.17376854482249246,0.2616161269257964,fpgrowth,Portfolio-wide,356255,13139,"{income_q4, previous_deep} -> {credit_file_deep}","{income_q4, previous_deep} -> {credit_file_deep}"
"frozenset({'income_q4', 'credit_file_deep'})",frozenset({'previous_deep'}),0.0690235926513312,0.3972912660874935,0.036880885882303406,0.5343228954859699,1.344914779395877,1.0,0.00945841536794862,1.2942631880978548,0.27547257118001645,0.08588255287996445,0.2273596211372787,0.31357687268487294,fpgrowth,Portfolio-wide,356255,13139,"{credit_file_deep, income_q4} -> {previous_deep}","{credit_file_deep, income_q4} -> {previous_deep}"
"frozenset({'credit_large', 'credit_file_deep'})",frozenset({'income_q4'}),0.07949081416401173,0.23744228151183844,0.036681590433818474,0.46145697235071864,1.943449032802994,1.0,0.017807110159481967,1.4159643321661695,0.5273721132989405,0.1308881120982362,0.2937675213399049,0.3079716591272449,fpgrowth,Portfolio-wide,356255,13068,"{credit_file_deep, credit_large} -> {income_q4}","{credit_file_deep, credit_large} -> {income_q4}"
"frozenset({'income_q4', 'credit_file_deep'})",frozenset({'credit_large'}),0.0690235926513312,0.3220389889264712,0.036681590433818474,0.5314355429036194,1.6502211259424806,1.0,0.014453302444311165,1.446889538474056,0.4232337163388897,0.10350891089108913,0.308862236259834,0.32266986684264715,fpgrowth,Portfolio-wide,356255,13068,"{credit_file_deep, income_q4} -> {credit_large}","{credit_file_deep, income_q4} -> {credit_large}"
"frozenset({'previous_deep', 'credit_file_deep'})",frozenset({'previous_outcome_mixed'}),0.11391278718895173,0.3234901966288192,0.046160755638517355,0.4052289192252723,1.2526775879092316,1.0,0.009311085712226518,1.1374288785022686,0.22764124165161206,0.11798510568079092,0.12082415094228206,0.273962457356573,fpgrowth,Portfolio-wide,356255,16445,"{credit_file_deep, previous_deep} -> {previous_outcome_mixed}","{credit_file_deep, previous_deep} -> {previous_outcome_mixed}"
"frozenset({'previous_outcome_mixed', 'credit_file_deep'})",frozenset({'previous_deep'}),0.07487894906738152,0.3972912660874935,0.046160755638517355,0.6164717348927875,1.5516871059456538,1.0,0.016412003160236412,1.5714845260336257,0.3843174632406534,0.10835617521480154,0.3636590221324249,0.36633021733370236,fpgrowth,Portfolio-wide,356255,16445,"{credit_file_deep, previous_outcome_mixed} -> {previous_deep}","{credit_file_deep, previous_outcome_mixed} -> {previous_deep}"
"frozenset({'credit_file_deep', 'credit_small'})",frozenset({'leverage_under_3x'}),0.06511066511347209,0.47446632327967325,0.059760564764003314,0.9178306604586998,1.934448485435891,1.0,0.02886774688132012,6.395739331167207,0.5166994391292442,0.12454881038043256,0.8436459104693528,0.5218919439865897,fpgrowth,Portfolio-wide,356255,21290,"{credit_file_deep, credit_small} -> {leverage_under_3x}","{credit_file_deep, credit_small} -> {leverage_under_3x}"
"frozenset({'leverage_under_3x', 'credit_file_deep'})",frozenset({'credit_small'}),0.10957039199449832,0.334033206551487,0.059760564764003314,0.5454079672089152,1.6327956517845401,1.0,0.02316041538297766,1.4649768262757232,0.43524326413215997,0.15569011159375779,0.3173953457392165,0.36215701341092976,fpgrowth,Portfolio-wide,356255,21290,"{credit_file_deep, leverage_under_3x} -> {credit_small}","{credit_file_deep, leverage_under_3x} -> {credit_small}"
"frozenset({'credit_file_deep', 'credit_small'})",frozenset({'previous_deep'}),0.06511066511347209,0.3972912660874935,0.0345117963256656,0.5300482841869287,1.3341553903432621,1.0,0.008643897746935483,1.2824907615663244,0.26790563631835657,0.08065574200658629,0.22026728771232174,0.30845801450845123,fpgrowth,Portfolio-wide,356255,12295,"{credit_file_deep, credit_small} -> {previous_deep}","{credit_file_deep, credit_small} -> {previous_deep}"
"frozenset({'credit_file_deep', 'credit_small'})",frozenset({'burden_under_20pct'}),0.06511066511347209,0.6564820142875187,0.05926934358816017,0.9102862562510778,1.3866126358983548,1.0,0.016525363002867936,3.829045265058492,0.2982364253718296,0.08948702300428894,0.7388382923739806,0.5002847636145822,fpgrowth,Portfolio-wide,356255,21115,"{credit_file_deep, credit_small} -> {burden_under_20pct}","{credit_file_deep, credit_small} -> {burden_under_20pct}"
frozenset({'previous_one'}),frozenset({'previous_approval_high'}),0.16970428485214242,0.5241863272094427,0.16791904675022104,0.9894803003738132,1.8876499614963416,1.0,0.07896238096187144,45.23072803391729,0.5663533560183576,0.3192549898601772,0.9778911363255058,0.654911293570362,fpgrowth,Portfolio-wide,356255,59822,{previous_one} -> {previous_approval_high},{previous_one} -> {previous_approval_high}
frozenset({'previous_one'}),frozenset({'card_history_not_observed'}),0.16970428485214242,0.7093149569830599,0.16241175562448246,0.95702801945152,1.349228590247218,1.0,0.04203796811474411,6.764525146542787,0.31173923029894,0.22663976967821536,0.8521699633992669,0.5929989462307442,fpgrowth,Portfolio-wide,356255,57860,{previous_one} -> {card_history_not_observed},{previous_one} -> {card_history_not_observed}
frozenset({'previous_one'}),frozenset({'repayment_clean_observed'}),0.16970428485214242,0.44839230326591906,0.1206972533718825,0.7112210129345993,1.5861579419502427,1.0,0.04460315821293474,1.9101379305314778,0.4450772816716215,0.24265664414986376,0.47647759671378315,0.49019940606790563,fpgrowth,Portfolio-wide,356255,42999,{previous_one} -> {repayment_clean_observed},{previous_one} -> {repayment_clean_observed}
"frozenset({'previous_approval_high', 'card_history_not_observed'})",frozenset({'previous_one'}),0.3917530982021305,0.16970428485214242,0.16112896661099493,0.4113023415780574,2.423641465131014,1.0,0.09464678724199126,1.4103941187290272,0.9657224984781994,0.4024919540874638,0.2909783253342354,0.6803856972371415,fpgrowth,Portfolio-wide,356255,57403,"{card_history_not_observed, previous_approval_high} -> {previous_one}","{card_history_not_observed, previous_approval_high} -> {previous_one}"
"frozenset({'previous_approval_high', 'previous_one'})",frozenset({'card_history_not_observed'}),0.16791904675022104,0.7093149569830599,0.16112896661099493,0.9595633713349604,1.3528029571183524,1.0,0.04202147518872547,7.188656735576434,0.3134238866352663,0.22500744759246774,0.8608919528663774,0.5933623771675771,fpgrowth,Portfolio-wide,356255,57403,"{previous_approval_high, previous_one} -> {card_history_not_observed}","{previous_approval_high, previous_one} -> {card_history_not_observed}"
"frozenset({'card_history_not_observed', 'previous_one'})",frozenset({'previous_approval_high'}),0.16241175562448246,0.5241863272094427,0.16112896661099493,0.9921016246111304,1.892650710469082,1.0,0.07599494493455992,60.24196741282689,0.5630934939878749,0.3066383192397477,0.9834002765356717,0.649745174641169,fpgrowth,Portfolio-wide,356255,57403,"{card_history_not_observed, previous_one} -> {previous_approval_high}","{card_history_not_observed, previous_one} -> {previous_approval_high}"
"frozenset({'previous_approval_high', 'repayment_clean_observed'})",frozenset({'previous_one'}),0.25968758333216374,0.16970428485214242,0.12031831132194636,0.4633194617089121,2.730157709998817,1.0,0.07624821570758036,1.5470948840286005,0.8560180527835548,0.38928697926600003,0.3536272336470906,0.5861537597670896,fpgrowth,Portfolio-wide,356255,42864,"{previous_approval_high, repayment_clean_observed} -> {previous_one}","{previous_approval_high, repayment_clean_observed} -> {previous_one}"
"frozenset({'previous_approval_high', 'previous_one'})",frozenset({'repayment_clean_observed'}),0.16791904675022104,0.44839230326591906,0.12031831132194636,0.7165256928889038,1.5979883857729116,1.0,0.04502470318739721,1.945882511736419,0.4497317509190749,0.24258064516129033,0.4860943587454083,0.4924291896729078,fpgrowth,Portfolio-wide,356255,42864,"{previous_approval_high, previous_one} -> {repayment_clean_observed}","{previous_approval_high, previous_one} -> {repayment_clean_observed}"
"frozenset({'repayment_clean_observed', 'previous_one'})",frozenset({'previous_approval_high'}),0.1206972533718825,0.5241863272094427,0.12031831132194636,0.9968603921021418,1.901729099667719,1.0,0.05705046137267175,151.55194160237542,0.5392485714684455,0.2293676657088276,0.9934016021871651,0.6131969355447092,fpgrowth,Portfolio-wide,356255,42864,"{previous_one, repayment_clean_observed} -> {previous_approval_high}","{previous_one, repayment_clean_observed} -> {previous_approval_high}"
"frozenset({'card_history_not_observed', 'previous_one'})",frozenset({'repayment_clean_observed'}),0.16241175562448246,0.44839230326591906,0.11800255435011438,0.726564120290356,1.6203759854893565,1.0,0.04517837316819111,2.0173201019552445,0.45709724799109697,0.239452504229251,0.504292849195935,0.49486611443271666,fpgrowth,Portfolio-wide,356255,42039,"{card_history_not_observed, previous_one} -> {repayment_clean_observed}","{card_history_not_observed, previous_one} -> {repayment_clean_observed}"
"frozenset({'repayment_clean_observed', 'previous_one'})",frozenset({'card_history_not_observed'}),0.1206972533718825,0.7093149569830599,0.11800255435011438,0.9776738993930091,1.378335378054573,1.0,0.03239018726666405,13.019964754880599,0.3121645777277349,0.16573167702842814,0.9231948765740595,0.5720175968747456,fpgrowth,Portfolio-wide,356255,42039,"{previous_one, repayment_clean_observed} -> {card_history_not_observed}","{previous_one, repayment_clean_observed} -> {card_history_not_observed}"
"frozenset({'previous_one', 'burden_under_20pct'})",frozenset({'previous_approval_high'}),0.10406871482505509,0.5241863272094427,0.10292908169709898,0.9890492245448415,1.8868275901245688,1.0,0.04837768429554647,43.450226400763,0.5246048192082162,0.19593374298690888,0.976985160197406,0.5927044734727805,fpgrowth,Portfolio-wide,356255,36669,"{burden_under_20pct, previous_one} -> {previous_approval_high}","{burden_under_20pct, previous_one} -> {previous_approval_high}"
"frozenset({'previous_one', 'burden_under_20pct'})",frozenset({'card_history_not_observed'}),0.10406871482505509,0.7093149569830599,0.09937264038399461,0.9548752528658125,1.3461935963217213,1.0,0.02555514440457833,6.441809904275585,0.2870362898955747,0.13917521720328654,0.8447641245457622,0.5474859451703665,fpgrowth,Portfolio-wide,356255,35402,"{burden_under_20pct, previous_one} -> {card_history_not_observed}","{burden_under_20pct, previous_one} -> {card_history_not_observed}"
"frozenset({'previous_one', 'burden_under_20pct'})",frozenset({'repayment_clean_observed'}),0.10406871482505509,0.44839230326591906,0.0740677323827034,0.7117194875252866,1.5872696349633846,1.0,0.02740412164437285,1.9134408080479088,0.41296394487377486,0.15482602828140585,0.4773812726299073,0.43845229925838014,fpgrowth,Portfolio-wide,356255,26387,"{burden_under_20pct, previous_one} -> {repayment_clean_observed}","{burden_under_20pct, previous_one} -> {repayment_clean_observed}"
"frozenset({'bureau_debt_low', 'previous_one'})",frozenset({'previous_approval_high'}),0.07806206228684509,0.5241863272094427,0.07705155015368205,0.9870550161812298,1.8830232017609347,1.0,0.036132484429145975,36.756606223070676,0.5086449736201061,0.14670985120574653,0.9727940062275842,0.5670238453223332,fpgrowth,Portfolio-wide,356255,27450,"{bureau_debt_low, previous_one} -> {previous_approval_high}","{bureau_debt_low, previous_one} -> {previous_approval_high}"
"frozenset({'bureau_debt_low', 'previous_one'})",frozenset({'card_history_not_observed'}),0.07806206228684509,0.7093149569830599,0.07450562097374072,0.954440848615606,1.3455811684489831,1.0,0.019135032620738256,6.38038756614137,0.2785726539093769,0.1045148131231198,0.8432697089896743,0.5297398447995382,fpgrowth,Portfolio-wide,356255,26543,"{bureau_debt_low, previous_one} -> {card_history_not_observed}","{bureau_debt_low, previous_one} -> {card_history_not_observed}"
"frozenset({'bureau_debt_low', 'previous_one'})",frozenset({'repayment_clean_observed'}),0.07806206228684509,0.44839230326591906,0.05561465803988716,0.7124415677813737,1.5888800110800747,1.0,0.020612230133401056,1.918245597871051,0.40200737911206924,0.11811802860396212,0.4786903193679466,0.4182364090863148,fpgrowth,Portfolio-wide,356255,19813,"{bureau_debt_low, previous_one} -> {repayment_clean_observed}","{bureau_debt_low, previous_one} -> {repayment_clean_observed}"
"frozenset({'leverage_under_3x', 'previous_one'})",frozenset({'previous_approval_high'}),0.0775989108924787,0.5241863272094427,0.07680172909853897,0.9897268945559776,1.8881203938013527,1.0,0.03612544100235775,46.31644008554584,0.5099438431114636,0.1462936030968625,0.9784093941988414,0.5681214903744203,fpgrowth,Portfolio-wide,356255,27361,"{leverage_under_3x, previous_one} -> {previous_approval_high}","{leverage_under_3x, previous_one} -> {previous_approval_high}"
"frozenset({'leverage_under_3x', 'previous_one'})",frozenset({'card_history_not_observed'}),0.0775989108924787,0.7093149569830599,0.07469088153148727,0.962524868873214,1.3569781088039305,1.0,0.019648813389856447,7.756745187454935,0.28519961558161633,0.10487007996594845,0.8710799470869159,0.5339124461106672,fpgrowth,Portfolio-wide,356255,26609,"{leverage_under_3x, previous_one} -> {card_history_not_observed}","{leverage_under_3x, previous_one} -> {card_history_not_observed}"
"frozenset({'leverage_under_3x', 'previous_one'})",frozenset({'burden_under_20pct'}),0.0775989108924787,0.6564820142875187,0.06950639289273133,0.8957135105805752,1.3644143953474415,1.0,0.018564103563519244,3.2939835986894046,0.28955390382323304,0.10458780695900456,0.6964162176163003,0.5007952908327783,fpgrowth,Portfolio-wide,356255,24762,"{leverage_under_3x, previous_one} -> {burden_under_20pct}","{leverage_under_3x, previous_one} -> {burden_under_20pct}"
"frozenset({'previous_one', 'burden_under_20pct'})",frozenset({'leverage_under_3x'}),0.10406871482505509,0.47446632327967325,0.06950639289273133,0.6678894133513149,1.4076645287164644,1.0,0.02012929240124662,1.5824056740360686,0.323242945502377,0.13654711487559557,0.3680507998625855,0.4071916258798271,fpgrowth,Portfolio-wide,356255,24762,"{burden_under_20pct, previous_one} -> {leverage_under_3x}","{burden_under_20pct, previous_one} -> {leverage_under_3x}"
"frozenset({'leverage_under_3x', 'previous_one'})",frozenset({'repayment_clean_observed'}),0.0775989108924787,0.44839230326591906,0.05537887187548245,0.7136552722011213,1.5915868024565267,1.0,0.02058411748947711,1.9263762981573607,0.40296594075677167,0.1176740746042539,0.48089062300209395,0.41858033733129524,fpgrowth,Portfolio-wide,356255,19729,"{leverage_under_3x, previous_one} -> {repayment_clean_observed}","{leverage_under_3x, previous_one} -> {repayment_clean_observed}"
"frozenset({'credit_medium', 'previous_one'})",frozenset({'previous_approval_high'}),0.05738586125107016,0.5241863272094427,0.05667288880156068,0.9875758168655839,1.8840167429071273,1.0,0.026592004958611536,38.29738081311053,0.4977849737994072,0.10796906918790573,0.973888553766119,0.5478458701343727,fpgrowth,Portfolio-wide,356255,20190,"{credit_medium, previous_one} -> {previous_approval_high}","{credit_medium, previous_one} -> {previous_approval_high}"
"frozenset({'credit_medium', 'previous_one'})",frozenset({'card_history_not_observed'}),0.05738586125107016,0.7093149569830599,0.05469958316374507,0.9531891997652122,1.3438165801824147,1.0,0.013994933459006396,6.209785809235438,0.2714268905016461,0.07682512398779438,0.8389638498460349,0.515152635791224,fpgrowth,Portfolio-wide,356255,19487,"{credit_medium, previous_one} -> {card_history_not_observed}","{credit_medium, previous_one} -> {card_history_not_observed}"
"frozenset({'credit_medium', 'previous_one'})",frozenset({'repayment_clean_observed'}),0.05738586125107016,0.44839230326591906,0.039463305778164516,0.6876834279006065,1.533664656801158,1.0,0.01373192727689871,1.7661813237324278,0.369151028282161,0.08462802554672029,0.4338067181648572,0.38784704755073396,fpgrowth,Portfolio-wide,356255,14059,"{credit_medium, previous_one} -> {repayment_clean_observed}","{credit_medium, previous_one} -> {repayment_clean_observed}"
"frozenset({'external_score_weak', 'previous_one'})",frozenset({'previous_approval_high'}),0.055145892689225415,0.5241863272094427,0.05470519712004042,0.9920085513590553,1.8924731528960514,1.0,0.02579847417058929,59.54035296588099,0.4991150645453859,0.1042744554603774,0.9832046679237351,0.5481853363829505,fpgrowth,Portfolio-wide,356255,19489,"{external_score_weak, previous_one} -> {previous_approval_high}","{external_score_weak, previous_one} -> {previous_approval_high}"
"frozenset({'external_score_weak', 'previous_one'})",frozenset({'card_history_not_observed'}),0.055145892689225415,0.7093149569830599,0.05324556848324936,0.9655400590450982,1.3612289569528386,1.0,0.014129761982598993,8.435448087312851,0.28085788603660056,0.07486561367780435,0.8814526519931967,0.5203031225153428,fpgrowth,Portfolio-wide,356255,18969,"{external_score_weak, previous_one} -> {card_history_not_observed}","{external_score_weak, previous_one} -> {card_history_not_observed}"
"frozenset({'external_score_weak', 'previous_one'})",frozenset({'repayment_clean_observed'}),0.055145892689225415,0.44839230326591906,0.0377959607584455,0.6853812480912145,1.5285303585702923,1.0,0.013068966919868506,1.753257532767797,0.36595788919385375,0.08115210067320384,0.42963313642728784,0.3848367096085775,fpgrowth,Portfolio-wide,356255,13465,"{external_score_weak, previous_one} -> {repayment_clean_observed}","{external_score_weak, previous_one} -> {repayment_clean_observed}"
"frozenset({'income_q3', 'previous_one'})",frozenset({'previous_approval_high'}),0.04003873629843792,0.5241863272094427,0.03955032210074245,0.9878014582164891,1.8844472031064736,1.0,0.018562563974356877,39.00578292347439,0.488915977370847,0.07538064819867536,0.9743627758488554,0.531626171424999,fpgrowth,Portfolio-wide,356255,14090,"{income_q3, previous_one} -> {previous_approval_high}","{income_q3, previous_one} -> {previous_approval_high}"
"frozenset({'income_q3', 'previous_one'})",frozenset({'card_history_not_observed'}),0.04003873629843792,0.7093149569830599,0.03816086791764326,0.9530987100392596,1.3436890067750564,1.0,0.00976079340246069,6.197804863368652,0.26644843161246706,0.05365755468373815,0.8386525516622224,0.503449159924318,fpgrowth,Portfolio-wide,356255,13595,"{income_q3, previous_one} -> {card_history_not_observed}","{income_q3, previous_one} -> {card_history_not_observed}"
"frozenset({'income_q1', 'previous_one'})",frozenset({'previous_approval_high'}),0.0641282227617858,0.5241863272094427,0.06363700158594265,0.9923400157576818,1.893105493690576,1.0,0.03002186402597317,62.11679524898863,0.5040940767978023,0.12128783055762123,0.9839012943924167,0.5568707532843158,fpgrowth,Portfolio-wide,356255,22671,"{income_q1, previous_one} -> {previous_approval_high}","{income_q1, previous_one} -> {previous_approval_high}"
"frozenset({'income_q1', 'previous_one'})",frozenset({'card_history_not_observed'}),0.0641282227617858,0.7093149569830599,0.061882640243645703,0.9649829291779742,1.3604435091603746,1.0,0.016395532673969523,8.301238115956261,0.2831003104833531,0.0869674986291751,0.8795360419697098,0.5261128767941181,fpgrowth,Portfolio-wide,356255,22046,"{income_q1, previous_one} -> {card_history_not_observed}","{income_q1, previous_one} -> {card_history_not_observed}"
"frozenset({'income_q1', 'previous_one'})",frozenset({'repayment_clean_observed'}),0.0641282227617858,0.44839230326591906,0.0459979509059522,0.7172809244506697,1.5996726955977347,1.0,0.017243349397445127,1.9510805758765775,0.40055927497293903,0.09859748136292804,0.48746350490895435,0.4099325457099538,fpgrowth,Portfolio-wide,356255,16387,"{income_q1, previous_one} -> {repayment_clean_observed}","{income_q1, previous_one} -> {repayment_clean_observed}"
"frozenset({'previous_one', 'credit_small'})",frozenset({'previous_approval_high'}),0.060277048743175535,0.5241863272094427,0.059805476414366114,0.9921765856384465,1.8927937150142695,1.0,0.02820907161865638,60.81918338990707,0.5019356067547669,0.11398947098099639,0.9835578193546421,0.553134302329569,fpgrowth,Portfolio-wide,356255,21306,"{credit_small, previous_one} -> {previous_approval_high}","{credit_small, previous_one} -> {previous_approval_high}"
"frozenset({'previous_one', 'credit_small'})",frozenset({'card_history_not_observed'}),0.060277048743175535,0.7093149569830599,0.05839918036238088,0.9688460463816708,1.3658897741314782,1.0,0.01564376812604952,9.330598824732084,0.2850590178132506,0.08211441156271955,0.8928257426147872,0.5255889254373994,fpgrowth,Portfolio-wide,356255,20805,"{credit_small, previous_one} -> {card_history_not_observed}","{credit_small, previous_one} -> {card_history_not_observed}"
"frozenset({'previous_one', 'credit_small'})",frozenset({'leverage_under_3x'}),0.060277048743175535,0.47446632327967325,0.05098875805251856,0.8459066778429729,1.7828592596325428,1.0,0.022389328357194416,3.410489626440706,0.46726881520196933,0.1054021121039805,0.7067869691650019,0.47668608616903274,fpgrowth,Portfolio-wide,356255,18165,"{credit_small, previous_one} -> {leverage_under_3x}","{credit_small, previous_one} -> {leverage_under_3x}"
"frozenset({'leverage_under_3x', 'previous_one'})",frozenset({'credit_small'}),0.0775989108924787,0.334033206551487,0.05098875805251856,0.657080846446012,1.967112351582121,1.0,0.02506814502220079,1.942051899249382,0.5330009186405888,0.14138277255002688,0.4850807023300935,0.4048633112659636,fpgrowth,Portfolio-wide,356255,18165,"{leverage_under_3x, previous_one} -> {credit_small}","{leverage_under_3x, previous_one} -> {credit_small}"
"frozenset({'previous_one', 'credit_small'})",frozenset({'burden_under_20pct'}),0.060277048743175535,0.6564820142875187,0.049287729295027435,0.8176865046102263,1.2455581216458202,1.0,0.009716930920800608,1.8842158940459315,0.2097927475959095,0.07384246604146516,0.46927525494293326,0.4463825361105648,fpgrowth,Portfolio-wide,356255,17559,"{credit_small, previous_one} -> {burden_under_20pct}","{credit_small, previous_one} -> {burden_under_20pct}"
"frozenset({'burden_under_20pct', 'previous_one'})",frozenset({'credit_small'}),0.10406871482505509,0.334033206551487,0.049287729295027435,0.4736075522589346,1.4178457200360228,1.0,0.014525322780322016,1.2651526371748112,0.32893666087176854,0.12676422388587683,0.20958153932075643,0.31058046708164416,fpgrowth,Portfolio-wide,356255,17559,"{burden_under_20pct, previous_one} -> {credit_small}","{burden_under_20pct, previous_one} -> {credit_small}"
"frozenset({'previous_one', 'credit_small'})",frozenset({'repayment_clean_observed'}),0.060277048743175535,0.44839230326591906,0.04362605437116672,0.7237589643289559,1.6141199549086165,1.0,0.01659828965114217,1.996834740335073,0.4048718375944002,0.09381073674807153,0.4992074307400131,0.41052667576415747,fpgrowth,Portfolio-wide,356255,15542,"{credit_small, previous_one} -> {repayment_clean_observed}","{credit_small, previous_one} -> {repayment_clean_observed}"
"frozenset({'previous_one', 'credit_small'})",frozenset({'income_q1'}),0.060277048743175535,0.320088139113837,0.03476161738080869,0.5766974015088013,1.8016831336062196,1.0,0.015467649017331588,1.6062076238360246,0.473504924218769,0.10058234448478352,0.37741548156037863,0.34264877178647035,fpgrowth,Portfolio-wide,356255,12384,"{credit_small, previous_one} -> {income_q1}","{credit_small, previous_one} -> {income_q1}"
"frozenset({'income_q1', 'previous_one'})",frozenset({'credit_small'}),0.0641282227617858,0.334033206551487,0.03476161738080869,0.5420642563249585,1.6227855365673236,1.0,0.013340661501241326,1.4542800002986742,0.4100728713070505,0.0956566741076601,0.3123745084889953,0.32306530435427594,fpgrowth,Portfolio-wide,356255,12384,"{income_q1, previous_one} -> {credit_small}","{income_q1, previous_one} -> {credit_small}"
"frozenset({'external_score_strong', 'previous_one'})",frozenset({'previous_approval_high'}),0.059931790431011496,0.5241863272094427,0.059244080784831094,0.9885251276286825,1.885827760695692,1.0,0.027828655675713153,41.465705011229346,0.4996753156607351,0.11287294974570698,0.9758836850903851,0.5507730808858402,fpgrowth,Portfolio-wide,356255,21106,"{external_score_strong, previous_one} -> {previous_approval_high}","{external_score_strong, previous_one} -> {previous_approval_high}"
"frozenset({'external_score_strong', 'previous_one'})",frozenset({'card_history_not_observed'}),0.059931790431011496,0.7093149569830599,0.05677113303672931,0.9472624233057,1.3354609457760565,1.0,0.014260617685238626,5.511915056354076,0.26720920117115193,0.07968151034382227,0.8185748528821737,0.5136494944183755,fpgrowth,Portfolio-wide,356255,20225,"{external_score_strong, previous_one} -> {card_history_not_observed}","{external_score_strong, previous_one} -> {card_history_not_observed}"
"frozenset({'external_score_strong', 'previous_one'})",frozenset({'repayment_clean_observed'}),0.059931790431011496,0.44839230326591906,0.0442604314325413,0.7385134185752423,1.6470251902099822,1.0,0.017387477882329683,2.10950670481271,0.41788961759222504,0.09537577498865871,0.5259555242376991,0.4186112935547519,fpgrowth,Portfolio-wide,356255,15768,"{external_score_strong, previous_one} -> {repayment_clean_observed}","{external_score_strong, previous_one} -> {repayment_clean_observed}"
"frozenset({'bureau_debt_low', 'previous_one'})",frozenset({'external_score_strong'}),0.07806206228684509,0.33316585030385537,0.033287953853279255,0.4264293419633226,1.2799311261175437,1.0,0.007280340495009991,1.1626015737602522,0.23722633759781628,0.08807736013012189,0.13986010119902298,0.26317170262659106,fpgrowth,Portfolio-wide,356255,11859,"{bureau_debt_low, previous_one} -> {external_score_strong}","{bureau_debt_low, previous_one} -> {external_score_strong}"
"frozenset({'previous_approval_high', 'credit_file_thin'})",frozenset({'previous_one'}),0.12729365201891904,0.16970428485214242,0.04636566504329764,0.3642417693885201,2.146332190173463,1.0,0.024763386861209505,1.3059928683098119,0.6119915334217902,0.18499479219164736,0.23429903465385796,0.3187281161607326,fpgrowth,Portfolio-wide,356255,16518,"{credit_file_thin, previous_approval_high} -> {previous_one}","{credit_file_thin, previous_approval_high} -> {previous_one}"
"frozenset({'credit_file_thin', 'previous_one'})",frozenset({'previous_approval_high'}),0.04679793967803961,0.5241863272094427,0.04636566504329764,0.9907629558541267,1.890096907198153,1.0,0.021834824922497005,51.511464628338665,0.49404697915227636,0.08837975794283513,0.9805868459144946,0.5396077984514175,fpgrowth,Portfolio-wide,356255,16518,"{credit_file_thin, previous_one} -> {previous_approval_high}","{credit_file_thin, previous_one} -> {previous_approval_high}"
"frozenset({'credit_file_thin', 'previous_one'})",frozenset({'card_history_not_observed'}),0.04679793967803961,0.7093149569830599,0.0449593689913124,0.9607125719769672,1.3544231127779691,1.0,0.0117648904216879,7.398932881188411,0.2745255099018697,0.06322034165903564,0.8648453748590593,0.5120483915536467,fpgrowth,Portfolio-wide,356255,16017,"{credit_file_thin, previous_one} -> {card_history_not_observed}","{credit_file_thin, previous_one} -> {card_history_not_observed}"
"frozenset({'credit_file_thin', 'previous_one'})",frozenset({'repayment_clean_observed'}),0.04679793967803961,0.44839230326591906,0.033417074848072305,0.7140714971209212,1.5925150630818057,1.0,0.012433238887736581,1.9291805160374649,0.3903290497516246,0.07236686138752288,0.4816451899203299,0.3942989604896965,fpgrowth,Portfolio-wide,356255,11905,"{credit_file_thin, previous_one} -> {repayment_clean_observed}","{credit_file_thin, previous_one} -> {repayment_clean_observed}"
"frozenset({'previous_one', 'leverage_3_to_6x'})",frozenset({'previous_approval_high'}),0.06166369594812705,0.5241863272094427,0.06096475838935594,0.9886653313911142,1.8860952300193923,1.0,0.028641492088147424,41.978613509489385,0.5006777161716717,0.11614873284026674,0.9761783461530013,0.5524844670921214,fpgrowth,Portfolio-wide,356255,21719,"{leverage_3_to_6x, previous_one} -> {previous_approval_high}","{leverage_3_to_6x, previous_one} -> {previous_approval_high}"
"frozenset({'previous_one', 'leverage_3_to_6x'})",frozenset({'card_history_not_observed'}),0.06166369594812705,0.7093149569830599,0.05861251070160419,0.9505189366351056,1.3400520139571879,1.0,0.014873528862741972,5.874672516095799,0.27043641870793,0.08227863064653407,0.8297777455236633,0.5165757482892185,fpgrowth,Portfolio-wide,356255,20881,"{leverage_3_to_6x, previous_one} -> {card_history_not_observed}","{leverage_3_to_6x, previous_one} -> {card_history_not_observed}"
"frozenset({'previous_one', 'leverage_3_to_6x'})",frozenset({'repayment_clean_observed'}),0.06166369594812705,0.44839230326591906,0.04325834023382128,0.7015203932993445,1.564523717712674,1.0,0.015608813579751274,1.8480582403315982,0.3845400002242407,0.09267043097072142,0.458891512087536,0.39899735406600606,fpgrowth,Portfolio-wide,356255,15411,"{leverage_3_to_6x, previous_one} -> {repayment_clean_observed}","{leverage_3_to_6x, previous_one} -> {repayment_clean_observed}"
"frozenset({'credit_large', 'previous_one'})",frozenset({'previous_approval_high'}),0.052041374857896734,0.5241863272094427,0.05144068153429426,0.9884573894282632,1.8856985352716333,1.0,0.024161304384603535,41.222362119331486,0.4954778909570485,0.09802201563987634,0.9757413222195959,0.5432958668856606,fpgrowth,Portfolio-wide,356255,18326,"{credit_large, previous_one} -> {previous_approval_high}","{credit_large, previous_one} -> {previous_approval_high}"
"frozenset({'credit_large', 'previous_one'})",frozenset({'card_history_not_observed'}),0.052041374857896734,0.7093149569830599,0.04931299209835652,0.9475728155339805,1.3358985401411898,1.0,0.012399266529688202,5.544548042730519,0.26524381068235103,0.06925560474476582,0.8196426485453392,0.5085474061167926,fpgrowth,Portfolio-wide,356255,17568,"{credit_large, previous_one} -> {card_history_not_observed}","{credit_large, previous_one} -> {card_history_not_observed}"
"frozenset({'credit_large', 'previous_one'})",frozenset({'repayment_clean_observed'}),0.052041374857896734,0.44839230326591906,0.037607893222551265,0.7226537216828479,1.6116550538876626,1.0,0.01427294128489386,1.9888772262640726,0.4003548478404088,0.08125712622207129,0.49720375556895974,0.40326323324191976,fpgrowth,Portfolio-wide,356255,13398,"{credit_large, previous_one} -> {repayment_clean_observed}","{credit_large, previous_one} -> {repayment_clean_observed}"
"frozenset({'bureau_debt_moderate', 'previous_one'})",frozenset({'previous_approval_high'}),0.04745196558644791,0.5241863272094427,0.04696916534504779,0.9898254954155575,1.8883084964939674,1.0,0.02209549378541879,46.765291503048694,0.4938601495853487,0.08952149628710222,0.9786166199790541,0.5397147226038932,fpgrowth,Portfolio-wide,356255,16733,"{bureau_debt_moderate, previous_one} -> {previous_approval_high}","{bureau_debt_moderate, previous_one} -> {previous_approval_high}"
"frozenset({'bureau_debt_moderate', 'previous_one'})",frozenset({'card_history_not_observed'}),0.04745196558644791,0.7093149569830599,0.04531304823791947,0.954924578527063,1.3462631361795305,1.0,0.011654659309206533,6.448859123623852,0.27001595006818985,0.063690774444782,0.8449338121937353,0.5094037052676788,fpgrowth,Portfolio-wide,356255,16143,"{bureau_debt_moderate, previous_one} -> {card_history_not_observed}","{bureau_debt_moderate, previous_one} -> {card_history_not_observed}"
"frozenset({'bureau_debt_moderate', 'previous_one'})",frozenset({'repayment_clean_observed'}),0.04745196558644791,0.44839230326591906,0.03346760045473046,0.7052942916296954,1.5729402277706372,1.0,0.012190504310927955,1.8717238284403128,0.38239324477340675,0.07238168087224692,0.4657331467360283,0.3899666985937036,fpgrowth,Portfolio-wide,356255,11923,"{bureau_debt_moderate, previous_one} -> {repayment_clean_observed}","{bureau_debt_moderate, previous_one} -> {repayment_clean_observed}"
"frozenset({'income_q4', 'previous_one'})",frozenset({'previous_approval_high'}),0.03523880366591346,0.5241863272094427,0.03475038946821799,0.9861398757368169,1.8812773713244855,1.0,0.01627869039932817,34.329683035704896,0.48555670962812625,0.06623225157555719,0.9708706893984445,0.5262169198330231,fpgrowth,Portfolio-wide,356255,12380,"{income_q4, previous_one} -> {previous_approval_high}","{income_q4, previous_one} -> {previous_approval_high}"
"frozenset({'income_q4', 'previous_one'})",frozenset({'card_history_not_observed'}),0.03523880366591346,0.7093149569830599,0.033338479459937405,0.9460729647920981,1.3337840341278642,1.0,0.008343068953515505,5.390339778485473,0.25939417389590325,0.04687537000639371,0.8144829377934,0.49653695925172997,fpgrowth,Portfolio-wide,356255,11877,"{income_q4, previous_one} -> {card_history_not_observed}","{income_q4, previous_one} -> {card_history_not_observed}"
"frozenset({'credit_file_established', 'previous_one'})",frozenset({'previous_approval_high'}),0.06535206523417215,0.5241863272094427,0.06461663695948128,0.9887466712481746,1.8862504035766527,1.0,0.03035997790882867,42.282037900419134,0.5027001902349229,0.12309765462070738,0.9763492951225493,0.5560085153353498,fpgrowth,Portfolio-wide,356255,23020,"{credit_file_established, previous_one} -> {previous_approval_high}","{credit_file_established, previous_one} -> {previous_approval_high}"
"frozenset({'credit_file_established', 'previous_one'})",frozenset({'card_history_not_observed'}),0.06535206523417215,0.7093149569830599,0.06252263126131563,0.9567047504509921,1.3487728420674492,1.0,0.016167433920984686,6.7140170352384825,0.27666600366838157,0.0877948798801758,0.8510578697147319,0.5224249206059319,fpgrowth,Portfolio-wide,356255,22274,"{credit_file_established, previous_one} -> {card_history_not_observed}","{credit_file_established, previous_one} -> {card_history_not_observed}"
"frozenset({'credit_file_established', 'previous_one'})",frozenset({'repayment_clean_observed'}),0.06535206523417215,0.44839230326591906,0.04627303476442436,0.7080577269993987,1.5791032135078489,1.0,0.016969671710889315,1.8894409879892415,0.3923714567294379,0.09898582314052565,0.4707429306568563,0.40562769161002726,fpgrowth,Portfolio-wide,356255,16485,"{credit_file_established, previous_one} -> {repayment_clean_observed}","{credit_file_established, previous_one} -> {repayment_clean_observed}"
"frozenset({'burden_20_to_35pct', 'previous_one'})",frozenset({'previous_approval_high'}),0.054230817813083323,0.5241863272094427,0.05366100124910528,0.9894927536231884,1.887673718791656,1.0,0.02523394803810071,45.28433575523943,0.4972116250953486,0.10225892900126775,0.9779173088591832,0.5459314215787621,fpgrowth,Portfolio-wide,356255,19117,"{burden_20_to_35pct, previous_one} -> {previous_approval_high}","{burden_20_to_35pct, previous_one} -> {previous_approval_high}"
"frozenset({'burden_20_to_35pct', 'previous_one'})",frozenset({'card_history_not_observed'}),0.054230817813083323,0.7093149569830599,0.0519431306227281,0.9578157349896481,1.3503391202457373,1.0,0.013476400418484746,6.890840528941465,0.2743219927489208,0.0729945722490454,0.8548798225992882,0.515522864902787,fpgrowth,Portfolio-wide,356255,18505,"{burden_20_to_35pct, previous_one} -> {card_history_not_observed}","{burden_20_to_35pct, previous_one} -> {card_history_not_observed}"
"frozenset({'burden_20_to_35pct', 'previous_one'})",frozenset({'repayment_clean_observed'}),0.054230817813083323,0.44839230326591906,0.038225428415039786,0.7048654244306418,1.5719837724614585,1.0,0.013908747107836923,1.8690039812175454,0.3847250730493528,0.08231183965571431,0.4649556608496044,0.39505769500006127,fpgrowth,Portfolio-wide,356255,13618,"{burden_20_to_35pct, previous_one} -> {repayment_clean_observed}","{burden_20_to_35pct, previous_one} -> {repayment_clean_observed}"
"frozenset({'repayment_some_late', 'previous_one'})",frozenset({'previous_approval_high'}),0.04225905601324894,0.5241863272094427,0.041835202312949994,0.9899701095981401,1.8885843796581705,1.0,0.01968358295002692,47.43956850239621,0.4912631934651406,0.07974531153856443,0.9789205502585993,0.5348899513419308,fpgrowth,Portfolio-wide,356255,14904,"{previous_one, repayment_some_late} -> {previous_approval_high}","{previous_one, repayment_some_late} -> {previous_approval_high}"
"frozenset({'repayment_some_late', 'previous_one'})",frozenset({'card_history_not_observed'}),0.04225905601324894,0.7093149569830599,0.038725070525325964,0.9163732979076719,1.2919131182645525,1.0,0.008750090027143574,3.4759835763463323,0.23592406896574,0.054324371150908025,0.712311644161703,0.48548416336833233,fpgrowth,Portfolio-wide,356255,13796,"{previous_one, repayment_some_late} -> {card_history_not_observed}","{previous_one, repayment_some_late} -> {card_history_not_observed}"
"frozenset({'previous_one', 'external_score_middle'})",frozenset({'previous_approval_high'}),0.05455081332191829,0.5241863272094427,0.05389398043536231,0.9879592466810744,1.8847482190933371,1.0,0.025299189953858024,39.51693554278491,0.4965101864194928,0.10268587748291243,0.9746943940296863,0.5453868974698265,fpgrowth,Portfolio-wide,356255,19200,"{external_score_middle, previous_one} -> {previous_approval_high}","{external_score_middle, previous_one} -> {previous_approval_high}"
"frozenset({'previous_one', 'external_score_middle'})",frozenset({'card_history_not_observed'}),0.05455081332191829,0.7093149569830599,0.052319265694516566,0.9590923124421118,1.3521388531287057,1.0,0.013625557889689166,7.1058781459009035,0.27545741060009543,0.07352894765909773,0.8592714398604119,0.5164262933022242,fpgrowth,Portfolio-wide,356255,18639,"{external_score_middle, previous_one} -> {card_history_not_observed}","{external_score_middle, previous_one} -> {card_history_not_observed}"
"frozenset({'previous_one', 'external_score_middle'})",frozenset({'repayment_clean_observed'}),0.05455081332191829,0.44839230326591906,0.03858191463979453,0.7072656169599671,1.5773366576734553,1.0,0.014121749809350409,1.884328349152774,0.3871386618154735,0.08308599960104214,0.4693069281425305,0.3966553072592652,fpgrowth,Portfolio-wide,356255,13745,"{external_score_middle, previous_one} -> {repayment_clean_observed}","{external_score_middle, previous_one} -> {repayment_clean_observed}"
"frozenset({'leverage_under_3x', 'credit_file_established'})",frozenset({'burden_under_20pct'}),0.1903439951719976,0.6564820142875187,0.17472316178018554,0.9179336685788441,1.3982617171547027,1.0,0.04976575242213882,4.185857705148076,0.3517868112730471,0.25996491814233214,0.7611003358355621,0.592042195059064,fpgrowth,Portfolio-wide,356255,62246,"{credit_file_established, leverage_under_3x} -> {burden_under_20pct}","{credit_file_established, leverage_under_3x} -> {burden_under_20pct}"
"frozenset({'credit_file_established', 'burden_under_20pct'})",frozenset({'leverage_under_3x'}),0.26991901868043955,0.47446632327967325,0.17472316178018554,0.6473169717138104,1.364305410001145,1.0,0.04665567740361995,1.4901019742120254,0.365748862555804,0.30671364162704184,0.3289049895200591,0.5077844745808671,fpgrowth,Portfolio-wide,356255,62246,"{burden_under_20pct, credit_file_established} -> {leverage_under_3x}","{burden_under_20pct, credit_file_established} -> {leverage_under_3x}"
"frozenset({'previous_two_to_four', 'card_history_not_observed'})",frozenset({'repayment_clean_observed'}),0.2920267785715288,0.44839230326591906,0.15892829574321765,0.5442250759352533,1.2137252846922766,1.0,0.027985735884203305,1.2102633725758032,0.24872456141878527,0.27331180397665567,0.17373356687503452,0.4493326804473753,fpgrowth,Portfolio-wide,356255,56619,"{card_history_not_observed, previous_two_to_four} -> {repayment_clean_observed}","{card_history_not_observed, previous_two_to_four} -> {repayment_clean_observed}"
"frozenset({'bureau_debt_low', 'previous_two_to_four'})",frozenset({'previous_approval_high'}),0.1928815034174959,0.5241863272094427,0.12325160348626686,0.6390016735792767,1.219035370458945,1.0,0.022145756623214108,1.3180495253488327,0.2226181885910908,0.20755849680926494,0.24130316746987054,0.43706552427625106,fpgrowth,Portfolio-wide,356255,43909,"{bureau_debt_low, previous_two_to_four} -> {previous_approval_high}","{bureau_debt_low, previous_two_to_four} -> {previous_approval_high}"
"frozenset({'bureau_debt_low', 'previous_approval_high'})",frozenset({'previous_two_to_four'}),0.2650320697253372,0.3841686432471123,0.12325160348626686,0.46504411188426054,1.2105207441022874,1.0,0.021434592842909994,1.151181565496949,0.2366215368973926,0.23434131033452169,0.13132729886243974,0.39293546506957255,fpgrowth,Portfolio-wide,356255,43909,"{bureau_debt_low, previous_approval_high} -> {previous_two_to_four}","{bureau_debt_low, previous_approval_high} -> {previous_two_to_four}"
"frozenset({'credit_file_established', 'previous_two_to_four'})",frozenset({'previous_approval_high'}),0.15945039367868521,0.5241863272094427,0.1003438548230902,0.6293108001056245,1.2005479109991712,1.0,0.01676213858856046,1.283591949606668,0.19873542918647252,0.17202997098185283,0.22093621706927125,0.41036931857228276,fpgrowth,Portfolio-wide,356255,35748,"{credit_file_established, previous_two_to_four} -> {previous_approval_high}","{credit_file_established, previous_two_to_four} -> {previous_approval_high}"
"frozenset({'credit_file_established', 'previous_approval_high'})",frozenset({'previous_two_to_four'}),0.21400682095689885,0.3841686432471123,0.1003438548230902,0.4688815729069661,1.22050974526144,1.0,0.01812914477045069,1.15949913491707,0.22986230581851558,0.20156183924896395,0.13755864934601927,0.36503949171864064,fpgrowth,Portfolio-wide,356255,35748,"{credit_file_established, previous_approval_high} -> {previous_two_to_four}","{credit_file_established, previous_approval_high} -> {previous_two_to_four}"
"frozenset({'leverage_under_3x', 'previous_two_to_four'})",frozenset({'burden_under_20pct'}),0.1749645619008856,0.6564820142875187,0.1578391882219197,0.9021209009818392,1.3741745871909572,1.0,0.042978100196293056,3.509615322968428,0.33003482751638613,0.23431926525985933,0.7150684881458172,0.5712763778025176,fpgrowth,Portfolio-wide,356255,56231,"{leverage_under_3x, previous_two_to_four} -> {burden_under_20pct}","{leverage_under_3x, previous_two_to_four} -> {burden_under_20pct}"
"frozenset({'previous_two_to_four', 'burden_under_20pct'})",frozenset({'leverage_under_3x'}),0.24252010498098273,0.47446632327967325,0.1578391882219197,0.6508292920056945,1.3717080856380706,1.0,0.042771565690192456,1.5050909617793524,0.35774139759075974,0.2822855536423376,0.3355883296131303,0.49174804046895115,fpgrowth,Portfolio-wide,356255,56231,"{burden_under_20pct, previous_two_to_four} -> {leverage_under_3x}","{burden_under_20pct, previous_two_to_four} -> {leverage_under_3x}"
"frozenset({'previous_two_to_four', 'repayment_some_late'})",frozenset({'previous_approval_high'}),0.16378998189499094,0.5241863272094427,0.11277315406099564,0.6885229044917826,1.313507943172043,1.0,0.02691668501775922,1.5276040506741027,0.2854305662475409,0.19605795460645425,0.3453801071300387,0.45183117336142914,fpgrowth,Portfolio-wide,356255,40176,"{previous_two_to_four, repayment_some_late} -> {previous_approval_high}","{previous_two_to_four, repayment_some_late} -> {previous_approval_high}"
"frozenset({'previous_approval_high', 'repayment_some_late'})",frozenset({'previous_two_to_four'}),0.2314999087732102,0.3841686432471123,0.11277315406099564,0.48714124622603766,1.268040103712185,1.0,0.023838148195761202,1.2007816035529921,0.2750571032467407,0.2242477352519271,0.1672090936094454,0.3903462072780902,fpgrowth,Portfolio-wide,356255,40176,"{previous_approval_high, repayment_some_late} -> {previous_two_to_four}","{previous_approval_high, repayment_some_late} -> {previous_two_to_four}"
"frozenset({'previous_deep', 'leverage_3_to_6x'})",frozenset({'repayment_some_late'}),0.1387377019269905,0.44470674095802165,0.0826879622742137,0.5960021041557075,1.3402137841934973,1.0,0.020990371002256307,1.3744954237484386,0.2947422462259273,0.16512609516976182,0.27246029144799766,0.3909701423327945,fpgrowth,Portfolio-wide,356255,29458,"{leverage_3_to_6x, previous_deep} -> {repayment_some_late}","{leverage_3_to_6x, previous_deep} -> {repayment_some_late}"
"frozenset({'repayment_some_late', 'leverage_3_to_6x'})",frozenset({'previous_deep'}),0.15936899131240262,0.3972912660874935,0.0826879622742137,0.5188459912639144,1.305958714807618,1.0,0.01937205394062251,1.2526316376241482,0.27869422800260146,0.17445737467057537,0.20168070966442414,0.3634876571692231,fpgrowth,Portfolio-wide,356255,29458,"{leverage_3_to_6x, repayment_some_late} -> {previous_deep}","{leverage_3_to_6x, repayment_some_late} -> {previous_deep}"
"frozenset({'previous_deep', 'external_score_middle'})",frozenset({'repayment_some_late'}),0.13589984701969096,0.44470674095802165,0.08151745238663317,0.5998347619539399,1.3488321779465935,1.0,0.021081874321812695,1.3876599120737785,0.2992916079253068,0.16333245220834294,0.27936233417195344,0.39157042429605926,fpgrowth,Portfolio-wide,356255,29041,"{external_score_middle, previous_deep} -> {repayment_some_late}","{external_score_middle, previous_deep} -> {repayment_some_late}"
"frozenset({'repayment_some_late', 'external_score_middle'})",frozenset({'previous_deep'}),0.1505635008631458,0.3972912660874935,0.08151745238663317,0.5414157609202259,1.3627678409648014,1.0,0.021699888502148566,1.314281395980687,0.3133833983696965,0.17480362355915371,0.23912793481047273,0.37329942895979856,fpgrowth,Portfolio-wide,356255,29041,"{external_score_middle, repayment_some_late} -> {previous_deep}","{external_score_middle, repayment_some_late} -> {previous_deep}"
"frozenset({'credit_medium', 'external_score_middle'})",frozenset({'leverage_3_to_6x'}),0.11454997122847399,0.3596637240179085,0.0536469663583669,0.46832806488764733,1.302127608689077,1.0,0.012447497120189673,1.204382314907737,0.2620431489526067,0.12755875030868524,0.16969886752562785,0.3087433724993914,fpgrowth,Portfolio-wide,356255,19112,"{credit_medium, external_score_middle} -> {leverage_3_to_6x}","{credit_medium, external_score_middle} -> {leverage_3_to_6x}"
"frozenset({'leverage_3_to_6x', 'external_score_middle'})",frozenset({'credit_medium'}),0.11985235294943229,0.3439278045220418,0.0536469663583669,0.4476087872968289,1.3014614736336108,1.0,0.012426409741667796,1.187694844505972,0.26317520445967885,0.13080376697328078,0.15803288645581753,0.3017960035924263,fpgrowth,Portfolio-wide,356255,19112,"{external_score_middle, leverage_3_to_6x} -> {credit_medium}","{external_score_middle, leverage_3_to_6x} -> {credit_medium}"
"frozenset({'leverage_under_3x', 'external_score_middle'})",frozenset({'burden_under_20pct'}),0.157611822991958,0.6564820142875187,0.14405973249498252,0.9140160284951024,1.3922940897125504,1.0,0.04059040546169408,3.9951397882675708,0.33447874320329424,0.21500358185695195,0.749695867229308,0.5667290190578131,fpgrowth,Portfolio-wide,356255,51322,"{external_score_middle, leverage_under_3x} -> {burden_under_20pct}","{external_score_middle, leverage_under_3x} -> {burden_under_20pct}"
"frozenset({'burden_under_20pct', 'external_score_middle'})",frozenset({'leverage_under_3x'}),0.22088953137499825,0.47446632327967325,0.14405973249498252,0.6521799905963681,1.3745548600547186,1.0,0.03925508869251708,1.5109357210972438,0.34974725861301037,0.2613109846131913,0.3381584762098296,0.47790238474154056,fpgrowth,Portfolio-wide,356255,51322,"{burden_under_20pct, external_score_middle} -> {leverage_under_3x}","{burden_under_20pct, external_score_middle} -> {leverage_under_3x}"
"frozenset({'external_score_middle', 'credit_small'})",frozenset({'leverage_under_3x'}),0.10825672622138637,0.47446632327967325,0.09530252206986568,0.8803381128944434,1.8554280244997068,1.0,0.0439383512093103,4.39182173566042,0.517010686341564,0.19552422745125142,0.7723040550848713,0.540600338283098,fpgrowth,Portfolio-wide,356255,33952,"{credit_small, external_score_middle} -> {leverage_under_3x}","{credit_small, external_score_middle} -> {leverage_under_3x}"
"frozenset({'leverage_under_3x', 'external_score_middle'})",frozenset({'credit_small'}),0.157611822991958,0.334033206551487,0.09530252206986568,0.6046660730186999,1.8101974928217153,1.0,0.04265493944543657,1.6845677742199299,0.5313157291350792,0.2404549607291836,0.4063759171321746,0.4449872999189011,fpgrowth,Portfolio-wide,356255,33952,"{external_score_middle, leverage_under_3x} -> {credit_small}","{external_score_middle, leverage_under_3x} -> {credit_small}"
"frozenset({'external_score_middle', 'credit_small'})",frozenset({'burden_under_20pct'}),0.10825672622138637,0.6564820142875187,0.09304290466098722,0.8594653460212099,1.3091986182652535,1.0,0.021974310970999056,2.4443649732423016,0.26484523518575825,0.1385194007396728,0.5908957905440935,0.5005974512040844,fpgrowth,Portfolio-wide,356255,33147,"{credit_small, external_score_middle} -> {burden_under_20pct}","{credit_small, external_score_middle} -> {burden_under_20pct}"
"frozenset({'external_score_middle', 'burden_under_20pct'})",frozenset({'credit_small'}),0.22088953137499825,0.334033206551487,0.09304290466098722,0.4212191681598109,1.2610098633857987,1.0,0.019258466202141264,1.1506372651131567,0.26566809152739485,0.2014439643384565,0.13091637971445558,0.34988152297117525,fpgrowth,Portfolio-wide,356255,33147,"{burden_under_20pct, external_score_middle} -> {credit_small}","{burden_under_20pct, external_score_middle} -> {credit_small}"
frozenset({'credit_large'}),frozenset({'leverage_3_to_6x'}),0.3220389889264712,0.3596637240179085,0.15630657815328908,0.4853653859563489,1.3494977489922821,1.0,0.040480836117032445,1.2442541922136983,0.38200363873460663,0.2975023373848003,0.19630570163411445,0.45997813830018613,fpgrowth,Portfolio-wide,356255,55685,{credit_large} -> {leverage_3_to_6x},{credit_large} -> {leverage_3_to_6x}
frozenset({'leverage_3_to_6x'}),frozenset({'credit_large'}),0.3596637240179085,0.3220389889264712,0.15630657815328908,0.43459089064402334,1.3494977489922821,1.0,0.040480836117032445,1.1990627668623046,0.40444932274541956,0.2975023373848003,0.1660153015869304,0.45997813830018613,fpgrowth,Portfolio-wide,356255,55685,{leverage_3_to_6x} -> {credit_large},{leverage_3_to_6x} -> {credit_large}
"frozenset({'credit_large', 'card_history_not_observed'})",frozenset({'leverage_3_to_6x'}),0.22191407839889968,0.3596637240179085,0.10441116615907145,0.4705026689266108,1.3081738232326798,1.0,0.024596722310121083,1.2093286186806855,0.3027629542636032,0.2188148923779214,0.17309490195398855,0.380402428647428,fpgrowth,Portfolio-wide,356255,37197,"{card_history_not_observed, credit_large} -> {leverage_3_to_6x}","{card_history_not_observed, credit_large} -> {leverage_3_to_6x}"
"frozenset({'card_history_not_observed', 'leverage_3_to_6x'})",frozenset({'credit_large'}),0.24962737365089613,0.3220389889264712,0.10441116615907145,0.41826809548976174,1.2988119757923529,1.0,0.024021419140166422,1.1654183066412802,0.30660182258362784,0.2234564044646826,0.1419389979534589,0.371243558936569,fpgrowth,Portfolio-wide,356255,37197,"{card_history_not_observed, leverage_3_to_6x} -> {credit_large}","{card_history_not_observed, leverage_3_to_6x} -> {credit_large}"
"frozenset({'credit_large', 'previous_approval_high'})",frozenset({'leverage_3_to_6x'}),0.17516947130566587,0.3596637240179085,0.082348317918345,0.4701065619742008,1.3070724973942411,1.0,0.01934621353430105,1.2084246190474905,0.2848239583537603,0.1819913151364764,0.1724763098684434,0.3495328801504632,fpgrowth,Portfolio-wide,356255,29337,"{credit_large, previous_approval_high} -> {leverage_3_to_6x}","{credit_large, previous_approval_high} -> {leverage_3_to_6x}"
"frozenset({'previous_approval_high', 'leverage_3_to_6x'})",frozenset({'credit_large'}),0.1907032883749,0.3220389889264712,0.082348317918345,0.4318138329972475,1.3408743905100273,1.0,0.020934423745138937,1.1932022468090895,0.31412210743023183,0.19133242027000585,0.16191911080100532,0.3437614942825998,fpgrowth,Portfolio-wide,356255,29337,"{leverage_3_to_6x, previous_approval_high} -> {credit_large}","{leverage_3_to_6x, previous_approval_high} -> {credit_large}"
"frozenset({'bureau_debt_low', 'credit_large'})",frozenset({'leverage_3_to_6x'}),0.1698334058469355,0.3596637240179085,0.08132657787259126,0.4788609017585614,1.331412844223116,1.0,0.020243662663037607,1.2287243043994944,0.29984122270368724,0.18146345740716383,0.1861477823630072,0.3524896398406643,fpgrowth,Portfolio-wide,356255,28973,"{bureau_debt_low, credit_large} -> {leverage_3_to_6x}","{bureau_debt_low, credit_large} -> {leverage_3_to_6x}"
"frozenset({'bureau_debt_low', 'leverage_3_to_6x'})",frozenset({'credit_large'}),0.18350338942611333,0.3220389889264712,0.08132657787259126,0.4431884235322911,1.376194929097486,1.0,0.022231331877225216,1.217577075847391,0.33479471809180616,0.19171039310787472,0.17869675781795147,0.34786242876635476,fpgrowth,Portfolio-wide,356255,28973,"{bureau_debt_low, leverage_3_to_6x} -> {credit_large}","{bureau_debt_low, leverage_3_to_6x} -> {credit_large}"
"frozenset({'credit_large', 'burden_under_20pct'})",frozenset({'leverage_3_to_6x'}),0.1508778824156854,0.3596637240179085,0.10587079479586252,0.7016985730498038,1.9509851180178084,1.0,0.05160549373430099,2.146608155813484,0.574049853859147,0.26162201906135985,0.5341487931592073,0.4980295381404234,fpgrowth,Portfolio-wide,356255,37717,"{burden_under_20pct, credit_large} -> {leverage_3_to_6x}","{burden_under_20pct, credit_large} -> {leverage_3_to_6x}"
"frozenset({'burden_under_20pct', 'leverage_3_to_6x'})",frozenset({'credit_large'}),0.2085388275252277,0.3220389889264712,0.10587079479586252,0.5076790545542649,1.5764521440296146,1.0,0.03871316162772642,1.3770712323842322,0.46201157173676466,0.24927959604504843,0.27382115283272523,0.41821526815991605,fpgrowth,Portfolio-wide,356255,37717,"{burden_under_20pct, leverage_3_to_6x} -> {credit_large}","{burden_under_20pct, leverage_3_to_6x} -> {credit_large}"
"frozenset({'credit_large', 'repayment_clean_observed'})",frozenset({'leverage_3_to_6x'}),0.14295097612665086,0.3596637240179085,0.06831062020182173,0.477860466942879,1.3286312603466375,1.0,0.016896339776115342,1.226370032226692,0.28860160458002015,0.15728753966766415,0.18458542387543278,0.3338948012609066,fpgrowth,Portfolio-wide,356255,24336,"{credit_large, repayment_clean_observed} -> {leverage_3_to_6x}","{credit_large, repayment_clean_observed} -> {leverage_3_to_6x}"
"frozenset({'repayment_clean_observed', 'leverage_3_to_6x'})",frozenset({'credit_large'}),0.15997529859230045,0.3220389889264712,0.06831062020182173,0.427007299270073,1.3259490743450584,1.0,0.01679233678994696,1.1831931021283244,0.29263808802542296,0.1651196873473376,0.15482942031930122,0.31956319917830406,fpgrowth,Portfolio-wide,356255,24336,"{leverage_3_to_6x, repayment_clean_observed} -> {credit_large}","{leverage_3_to_6x, repayment_clean_observed} -> {credit_large}"
"frozenset({'credit_large', 'credit_file_established'})",frozenset({'leverage_3_to_6x'}),0.13490617675541397,0.3596637240179085,0.06583486547557227,0.48800482719876814,1.3568363852409793,1.0,0.017314007550701872,1.2506685804842237,0.3040033986714787,0.1535560662306287,0.2004276627683186,0.3355252182071323,fpgrowth,Portfolio-wide,356255,23454,"{credit_file_established, credit_large} -> {leverage_3_to_6x}","{credit_file_established, credit_large} -> {leverage_3_to_6x}"
"frozenset({'credit_file_established', 'leverage_3_to_6x'})",frozenset({'credit_large'}),0.14725126664888913,0.3220389889264712,0.06583486547557227,0.4470920147162546,1.388316415371481,1.0,0.018414216445821807,1.226173303909886,0.3280017857733054,0.1631775583895139,0.18445459804799993,0.3257616826945752,fpgrowth,Portfolio-wide,356255,23454,"{credit_file_established, leverage_3_to_6x} -> {credit_large}","{credit_file_established, leverage_3_to_6x} -> {credit_large}"
"frozenset({'credit_large', 'previous_two_to_four'})",frozenset({'previous_approval_high'}),0.12492175548413356,0.5241863272094427,0.0819300781743414,0.6558511594463419,1.2511794478460165,1.0,0.016447801978557372,1.3825810716813112,0.22941278258168513,0.1444521429278432,0.2767151088044818,0.4060753462484676,fpgrowth,Portfolio-wide,356255,29188,"{credit_large, previous_two_to_four} -> {previous_approval_high}","{credit_large, previous_two_to_four} -> {previous_approval_high}"
"frozenset({'credit_large', 'previous_approval_high'})",frozenset({'previous_two_to_four'}),0.17516947130566587,0.3841686432471123,0.0819300781743414,0.4677189327778223,1.217483365702409,1.0,0.014635460044529772,1.156966487586596,0.21656999297344678,0.17161436744101272,0.13567072968035937,0.34049242513567796,fpgrowth,Portfolio-wide,356255,29188,"{credit_large, previous_approval_high} -> {previous_two_to_four}","{credit_large, previous_approval_high} -> {previous_two_to_four}"
"frozenset({'credit_large', 'previous_two_to_four'})",frozenset({'leverage_3_to_6x'}),0.12492175548413356,0.3596637240179085,0.059538813490336975,0.4766088441488405,1.325151279713461,1.0,0.014608989702058914,1.2234373256474904,0.2803968435379778,0.14007594518738647,0.18263079028526358,0.32107453414634607,fpgrowth,Portfolio-wide,356255,21211,"{credit_large, previous_two_to_four} -> {leverage_3_to_6x}","{credit_large, previous_two_to_four} -> {leverage_3_to_6x}"
"frozenset({'previous_two_to_four', 'leverage_3_to_6x'})",frozenset({'credit_large'}),0.14035732831819905,0.3220389889264712,0.059538813490336975,0.4241945483271003,1.3172148805371933,1.0,0.014338281390323386,1.1774133244203133,0.2801424731366384,0.147791248606466,0.1506805815261694,0.30453765489013823,fpgrowth,Portfolio-wide,356255,21211,"{leverage_3_to_6x, previous_two_to_four} -> {credit_large}","{leverage_3_to_6x, previous_two_to_four} -> {credit_large}"
"frozenset({'credit_large', 'previous_two_to_four'})",frozenset({'external_score_strong'}),0.12492175548413356,0.33316585030385537,0.05121612328248024,0.4099856192701779,1.2305751591775118,1.0,0.009596460395158574,1.1301998247420677,0.21412012399447888,0.1258778889272163,0.11520071220306712,0.2818556142048999,fpgrowth,Portfolio-wide,356255,18246,"{credit_large, previous_two_to_four} -> {external_score_strong}","{credit_large, previous_two_to_four} -> {external_score_strong}"
"frozenset({'previous_two_to_four', 'external_score_strong'})",frozenset({'credit_large'}),0.1310971074090188,0.3220389889264712,0.05121612328248024,0.39067317574511823,1.2131238426981825,1.0,0.00899774336129483,1.1126393654219584,0.20218813048876388,0.12742865922646068,0.10123618570626512,0.27485510122588175,fpgrowth,Portfolio-wide,356255,18246,"{external_score_strong, previous_two_to_four} -> {credit_large}","{external_score_strong, previous_two_to_four} -> {credit_large}"
"frozenset({'credit_large', 'external_score_middle'})",frozenset({'leverage_3_to_6x'}),0.11035915285399503,0.3596637240179085,0.05387713856647626,0.488198189032455,1.35737400363498,1.0,0.01418495467154681,1.251141090672493,0.2959434383312601,0.1294669958314784,0.20072963196940796,0.31899841708982346,fpgrowth,Portfolio-wide,356255,19194,"{credit_large, external_score_middle} -> {leverage_3_to_6x}","{credit_large, external_score_middle} -> {leverage_3_to_6x}"
"frozenset({'leverage_3_to_6x', 'external_score_middle'})",frozenset({'credit_large'}),0.11985235294943229,0.3220389889264712,0.05387713856647626,0.4495292519555951,1.3958845587427702,1.0,0.015280008002182516,1.2316022485882205,0.32222818661842667,0.13885352161583425,0.18804954996932244,0.3084146503833481,fpgrowth,Portfolio-wide,356255,19194,"{external_score_middle, leverage_3_to_6x} -> {credit_large}","{external_score_middle, leverage_3_to_6x} -> {credit_large}"
"frozenset({'credit_large', 'repayment_some_late'})",frozenset({'leverage_3_to_6x'}),0.14058188657001305,0.3596637240179085,0.07028953979593269,0.4999900165724897,1.390159705257331,1.0,0.0197273349426986,1.2806469814715713,0.32656769107461436,0.16348074738532647,0.2191446866560247,0.34771064528558926,fpgrowth,Portfolio-wide,356255,25041,"{credit_large, repayment_some_late} -> {leverage_3_to_6x}","{credit_large, repayment_some_late} -> {leverage_3_to_6x}"
"frozenset({'repayment_some_late', 'leverage_3_to_6x'})",frozenset({'credit_large'}),0.15936899131240262,0.3220389889264712,0.07028953979593269,0.44104903480343816,1.369551669112151,1.0,0.018966510967454983,1.2129167910732843,0.32098988017706137,0.1709715081624711,0.1755411357483795,0.32965655143002953,fpgrowth,Portfolio-wide,356255,25041,"{leverage_3_to_6x, repayment_some_late} -> {credit_large}","{leverage_3_to_6x, repayment_some_late} -> {credit_large}"
"frozenset({'credit_large', 'card_history_not_observed'})",frozenset({'external_score_strong'}),0.22191407839889968,0.33316585030385537,0.08987944028855735,0.4050190999013382,1.215668111038244,1.0,0.01594524766439151,1.1207656406879076,0.22800446534013052,0.19320581668979664,0.1077528042470892,0.3373964842006607,fpgrowth,Portfolio-wide,356255,32020,"{card_history_not_observed, credit_large} -> {external_score_strong}","{card_history_not_observed, credit_large} -> {external_score_strong}"
"frozenset({'bureau_debt_low', 'credit_large'})",frozenset({'external_score_strong'}),0.1698334058469355,0.33316585030385537,0.07686909657408317,0.4526147031601216,1.358526699982384,1.0,0.020286405505089145,1.2182171379937656,0.3178982023011752,0.18038877288207045,0.17912827786443647,0.34166895977606393,fpgrowth,Portfolio-wide,356255,27385,"{bureau_debt_low, credit_large} -> {external_score_strong}","{bureau_debt_low, credit_large} -> {external_score_strong}"
"frozenset({'credit_large', 'previous_approval_high'})",frozenset({'external_score_strong'}),0.17516947130566587,0.33316585030385537,0.07374212291757308,0.4209758833426809,1.263562525867344,1.0,0.015381637062744112,1.151651771511261,0.2528844917940073,0.16968080296591012,0.13168196781589211,0.32115673148025764,fpgrowth,Portfolio-wide,356255,26271,"{credit_large, previous_approval_high} -> {external_score_strong}","{credit_large, previous_approval_high} -> {external_score_strong}"
"frozenset({'previous_approval_high', 'external_score_strong'})",frozenset({'credit_large'}),0.1896983901980323,0.3220389889264712,0.07374212291757308,0.38873351977626847,1.2071007956897577,1.0,0.012651845137219543,1.1091087651745377,0.21173445216256592,0.16836283469411298,0.09837517166981134,0.3088592987626897,fpgrowth,Portfolio-wide,356255,26271,"{external_score_strong, previous_approval_high} -> {credit_large}","{external_score_strong, previous_approval_high} -> {credit_large}"
"frozenset({'credit_large', 'external_score_strong'})",frozenset({'leverage_3_to_6x'}),0.1284838107535333,0.3596637240179085,0.06155703077851539,0.47910340156861025,1.332087084614501,1.0,0.0153460649268874,1.22929632850431,0.2860512889255727,0.1443000493502221,0.18652648933174318,0.3251275132277228,fpgrowth,Portfolio-wide,356255,21930,"{credit_large, external_score_strong} -> {leverage_3_to_6x}","{credit_large, external_score_strong} -> {leverage_3_to_6x}"
"frozenset({'external_score_strong', 'leverage_3_to_6x'})",frozenset({'credit_large'}),0.12295967775890865,0.3220389889264712,0.06155703077851539,0.500627782216642,1.5545564339445452,1.0,0.021959220474311737,1.3576266098320424,0.4067426324919693,0.1605382019428563,0.2634204480393073,0.3458877701962507,fpgrowth,Portfolio-wide,356255,21930,"{external_score_strong, leverage_3_to_6x} -> {credit_large}","{external_score_strong, leverage_3_to_6x} -> {credit_large}"
"frozenset({'credit_large', 'repayment_clean_observed'})",frozenset({'external_score_strong'}),0.14295097612665086,0.33316585030385537,0.06138861208965488,0.42943821548490974,1.2889622843795414,1.0,0.013762228576653115,1.1687325856618216,0.2615744298946188,0.1480213064047811,0.14437227791186558,0.30684831611370145,fpgrowth,Portfolio-wide,356255,21870,"{credit_large, repayment_clean_observed} -> {external_score_strong}","{credit_large, repayment_clean_observed} -> {external_score_strong}"
"frozenset({'credit_large', 'credit_file_established'})",frozenset({'external_score_strong'}),0.13490617675541397,0.33316585030385537,0.05488203674334395,0.4068163375710035,1.2210625344703758,1.0,0.009935905653384244,1.1241613549597111,0.20927339873931286,0.1328251846115176,0.11044798365636843,0.28577260783783887,fpgrowth,Portfolio-wide,356255,19552,"{credit_file_established, credit_large} -> {external_score_strong}","{credit_file_established, credit_large} -> {external_score_strong}"
"frozenset({'credit_file_established', 'external_score_strong'})",frozenset({'credit_large'}),0.1402731189737688,0.3220389889264712,0.05488203674334395,0.39125127568887197,1.214918966778285,1.0,0.009708623335468847,1.1136959865348757,0.20576283068978576,0.13470296040620328,0.10208888952597053,0.2808358742296253,fpgrowth,Portfolio-wide,356255,19552,"{credit_file_established, external_score_strong} -> {credit_large}","{credit_file_established, external_score_strong} -> {credit_large}"
"frozenset({'credit_large', 'previous_deep'})",frozenset({'repayment_some_late'}),0.12466070651639977,0.44470674095802165,0.07424176502785926,0.5955506518655288,1.339198615659721,1.0,0.018804308507426704,1.3729611918112292,0.289356108664379,0.14994529199335566,0.27164729348191824,0.38124804872972706,fpgrowth,Portfolio-wide,356255,26449,"{credit_large, previous_deep} -> {repayment_some_late}","{credit_large, previous_deep} -> {repayment_some_late}"
"frozenset({'credit_large', 'repayment_some_late'})",frozenset({'previous_deep'}),0.14058188657001305,0.3972912660874935,0.07424176502785926,0.5281033484415869,1.3292598995249125,1.0,0.018389809323490373,1.277204938670562,0.2882202132425224,0.16013101573520777,0.21704029657065335,0.35748660642933255,fpgrowth,Portfolio-wide,356255,26449,"{credit_large, repayment_some_late} -> {previous_deep}","{credit_large, repayment_some_late} -> {previous_deep}"
"frozenset({'credit_large', 'previous_deep'})",frozenset({'leverage_3_to_6x'}),0.12466070651639977,0.3596637240179085,0.06354437130706937,0.5097385782801558,1.4172643617925023,1.0,0.018708437362677473,1.3061118978845663,0.3363442463324036,0.15101564324071912,0.23436881509184476,0.3432078774708618,fpgrowth,Portfolio-wide,356255,22638,"{credit_large, previous_deep} -> {leverage_3_to_6x}","{credit_large, previous_deep} -> {leverage_3_to_6x}"
"frozenset({'previous_deep', 'leverage_3_to_6x'})",frozenset({'credit_large'}),0.1387377019269905,0.3220389889264712,0.06354437130706937,0.45801804718164524,1.4222440851291491,1.0,0.018865422052519218,1.2508922253740569,0.3447100949225546,0.1599677774951242,0.20057061694426306,0.3276684615658592,fpgrowth,Portfolio-wide,356255,22638,"{leverage_3_to_6x, previous_deep} -> {credit_large}","{leverage_3_to_6x, previous_deep} -> {credit_large}"
"frozenset({'external_score_weak', 'credit_large'})",frozenset({'leverage_3_to_6x'}),0.08309778108377426,0.3596637240179085,0.04082749715793463,0.4913187407107148,1.3660503072760568,1.0,0.010940239755719464,1.2588163300467385,0.29224767090812814,0.10157761311814292,0.20560293338197244,0.30241724504708156,fpgrowth,Portfolio-wide,356255,14545,"{credit_large, external_score_weak} -> {leverage_3_to_6x}","{credit_large, external_score_weak} -> {leverage_3_to_6x}"
"frozenset({'credit_large', 'leverage_under_3x'})",frozenset({'burden_under_20pct'}),0.03350970512694559,0.6564820142875187,0.030708340935565816,0.9164014072708997,1.395927667973466,1.0,0.008709822215647783,4.109135985406416,0.29346440980827593,0.046578363626300176,0.7566398377781858,0.48158926590161766,fpgrowth,Portfolio-wide,356255,10940,"{credit_large, leverage_under_3x} -> {burden_under_20pct}","{credit_large, leverage_under_3x} -> {burden_under_20pct}"
"frozenset({'credit_large', 'previous_deep'})",frozenset({'previous_outcome_mixed'}),0.12466070651639977,0.3234901966288192,0.05530308346549522,0.44362883069509806,1.3713826116472052,1.0,0.014976567002617534,1.2159325297469548,0.30937591680019416,0.14077482601426183,0.1775859469701762,0.30729317798367206,fpgrowth,Portfolio-wide,356255,19702,"{credit_large, previous_deep} -> {previous_outcome_mixed}","{credit_large, previous_deep} -> {previous_outcome_mixed}"
"frozenset({'credit_large', 'previous_outcome_mixed'})",frozenset({'previous_deep'}),0.09828633984084434,0.3972912660874935,0.05530308346549522,0.5626731400828217,1.4162736211747151,1.0,0.01625477907102052,1.3781653704660366,0.32595907432523963,0.12561045584953778,0.2743976728555856,0.35093674526061147,fpgrowth,Portfolio-wide,356255,19702,"{credit_large, previous_outcome_mixed} -> {previous_deep}","{credit_large, previous_outcome_mixed} -> {previous_deep}"
"frozenset({'credit_large', 'previous_outcome_mixed'})",frozenset({'leverage_3_to_6x'}),0.09828633984084434,0.3596637240179085,0.05003438548230902,0.5090675424817935,1.4153986306843829,1.0,0.014684354475061216,1.304326626149676,0.32547500368051363,0.12265864769270998,0.23332087227877663,0.32409094665375227,fpgrowth,Portfolio-wide,356255,17825,"{credit_large, previous_outcome_mixed} -> {leverage_3_to_6x}","{credit_large, previous_outcome_mixed} -> {leverage_3_to_6x}"
"frozenset({'previous_outcome_mixed', 'leverage_3_to_6x'})",frozenset({'credit_large'}),0.11532469719723232,0.3220389889264712,0.05003438548230902,0.4338566386759158,1.3472177394488563,1.0,0.012895336598660878,1.1975076586395499,0.29132664617296644,0.12917789952749514,0.16493227180186223,0.2946120582682975,fpgrowth,Portfolio-wide,356255,17825,"{leverage_3_to_6x, previous_outcome_mixed} -> {credit_large}","{leverage_3_to_6x, previous_outcome_mixed} -> {credit_large}"
frozenset({'income_q4'}),frozenset({'burden_under_20pct'}),0.23744228151183844,0.6564820142875187,0.20534448639317343,0.8648185364700319,1.3173529779161144,1.0,0.04946789914925767,2.541161907426217,0.3159131464812491,0.29821450409685707,0.6064792262635335,0.5888069165514243,fpgrowth,Portfolio-wide,356255,73155,{income_q4} -> {burden_under_20pct},{income_q4} -> {burden_under_20pct}
frozenset({'credit_large'}),frozenset({'income_q4'}),0.3220389889264712,0.23744228151183844,0.12748171955481327,0.3958580294261209,1.6671758159735512,1.0,0.05101604728834627,1.2622160942796312,0.5902747078914913,0.29509687983262073,0.20774263255554712,0.466376821782454,fpgrowth,Portfolio-wide,356255,45416,{credit_large} -> {income_q4},{credit_large} -> {income_q4}
frozenset({'income_q4'}),frozenset({'credit_large'}),0.23744228151183844,0.3220389889264712,0.12748171955481327,0.5368956141387871,1.6671758159735512,1.0,0.05101604728834627,1.4639485864785264,0.5247907510091775,0.29509687983262073,0.31691590180399537,0.466376821782454,fpgrowth,Portfolio-wide,356255,45416,{income_q4} -> {credit_large},{income_q4} -> {credit_large}
frozenset({'income_q4'}),frozenset({'leverage_under_3x'}),0.23744228151183844,0.47446632327967325,0.1428667667822206,0.6016905071521457,1.2681416522737703,1.0,0.030208400482161474,1.3194103734832885,0.2772833501812663,0.2510654880527219,0.24208569214143308,0.4514004771741111,fpgrowth,Portfolio-wide,356255,50897,{income_q4} -> {leverage_under_3x},{income_q4} -> {leverage_under_3x}
"frozenset({'income_q4', 'card_history_not_observed'})",frozenset({'burden_under_20pct'}),0.15981810781603065,0.6564820142875187,0.13643036588960156,0.8536602501053816,1.3003558841316631,1.0,0.031512652550913914,2.3474003882052146,0.2749163694335711,0.20067132659254275,0.5739968328263828,0.5307403334973728,fpgrowth,Portfolio-wide,356255,48604,"{card_history_not_observed, income_q4} -> {burden_under_20pct}","{card_history_not_observed, income_q4} -> {burden_under_20pct}"
"frozenset({'credit_large', 'burden_under_20pct'})",frozenset({'income_q4'}),0.1508778824156854,0.23744228151183844,0.09977123128096448,0.6612714182061729,2.784977527994327,1.0,0.06394644265050925,2.2512352351544553,0.7548156644706305,0.34576884539432085,0.5557994187438209,0.5407314651026136,fpgrowth,Portfolio-wide,356255,35544,"{burden_under_20pct, credit_large} -> {income_q4}","{burden_under_20pct, credit_large} -> {income_q4}"
"frozenset({'income_q4', 'burden_under_20pct'})",frozenset({'credit_large'}),0.20534448639317343,0.3220389889264712,0.09977123128096448,0.48587246257945454,1.5087380077770343,1.0,0.03364230050128138,1.3186630976332456,0.4243277678809725,0.23332173639054998,0.24165618815388581,0.39784174694414465,fpgrowth,Portfolio-wide,356255,35544,"{burden_under_20pct, income_q4} -> {credit_large}","{burden_under_20pct, income_q4} -> {credit_large}"
"frozenset({'credit_large', 'card_history_not_observed'})",frozenset({'income_q4'}),0.22191407839889968,0.23744228151183844,0.08643527810135998,0.3894988489463432,1.6403938105140026,1.0,0.03374349302672826,1.2490684369260763,0.5017315905390739,0.23177900718828798,0.1994033549827158,0.37676266480890863,fpgrowth,Portfolio-wide,356255,30793,"{card_history_not_observed, credit_large} -> {income_q4}","{card_history_not_observed, credit_large} -> {income_q4}"
"frozenset({'income_q4', 'card_history_not_observed'})",frozenset({'credit_large'}),0.15981810781603065,0.3220389889264712,0.08643527810135998,0.5408353238724182,1.679409458076218,1.0,0.03496761624814371,1.4765095102506383,0.48150597030569803,0.21859005757040129,0.3227270172948297,0.40461768285525235,fpgrowth,Portfolio-wide,356255,30793,"{card_history_not_observed, income_q4} -> {credit_large}","{card_history_not_observed, income_q4} -> {credit_large}"
"frozenset({'credit_large', 'leverage_under_3x'})",frozenset({'income_q4'}),0.03350970512694559,0.23744228151183844,0.03350970512694559,1.0,4.211549828584939,1.0,0.025553084288814677,inf,0.7889967675136575,0.14112779288331956,1.0,0.5705638964416597,fpgrowth,Portfolio-wide,356255,11938,"{credit_large, leverage_under_3x} -> {income_q4}","{credit_large, leverage_under_3x} -> {income_q4}"
"frozenset({'bureau_debt_low', 'income_q4'})",frozenset({'burden_under_20pct'}),0.11772185653534688,0.6564820142875187,0.09929685197400738,0.843486969169508,1.2848592205301255,1.0,0.022014570470016565,2.194820353868944,0.25128653358999475,0.14712671405221284,0.5443818450848431,0.4973714909984366,fpgrowth,Portfolio-wide,356255,35375,"{bureau_debt_low, income_q4} -> {burden_under_20pct}","{bureau_debt_low, income_q4} -> {burden_under_20pct}"
"frozenset({'bureau_debt_low', 'income_q4'})",frozenset({'credit_large'}),0.11772185653534688,0.3220389889264712,0.0664973123184236,0.5648680226042585,1.7540361323554852,1.0,0.028586284665233393,1.5580583507815617,0.4872457964845395,0.17815110883837051,0.3581755140952362,0.38567820626761284,fpgrowth,Portfolio-wide,356255,23690,"{bureau_debt_low, income_q4} -> {credit_large}","{bureau_debt_low, income_q4} -> {credit_large}"
"frozenset({'bureau_debt_low', 'credit_large'})",frozenset({'income_q4'}),0.1698334058469355,0.23744228151183844,0.0664973123184236,0.3915443607034245,1.6490085852039071,1.0,0.02617168095720123,1.2532675666704984,0.47409161214428375,0.1951336035056505,0.20208579030202087,0.3358005524997203,fpgrowth,Portfolio-wide,356255,23690,"{bureau_debt_low, credit_large} -> {income_q4}","{bureau_debt_low, credit_large} -> {income_q4}"
"frozenset({'bureau_debt_low', 'income_q4'})",frozenset({'leverage_under_3x'}),0.11772185653534688,0.47446632327967325,0.06748536862640524,0.5732611650253939,1.2082230853874243,1.0,0.011630312186422027,1.2315112514931987,0.19533327306114287,0.12861636565950524,0.1879895544701626,0.35774771487303325,fpgrowth,Portfolio-wide,356255,24042,"{bureau_debt_low, income_q4} -> {leverage_under_3x}","{bureau_debt_low, income_q4} -> {leverage_under_3x}"
"frozenset({'income_q4', 'previous_approval_high'})",frozenset({'burden_under_20pct'}),0.11326998919313414,0.6564820142875187,0.09695302522069865,0.8559462741307956,1.3038381181847851,1.0,0.022593314556864474,2.384651862627859,0.26280109886313824,0.1441040018690965,0.5806515761600474,0.5018160018435913,fpgrowth,Portfolio-wide,356255,34540,"{income_q4, previous_approval_high} -> {burden_under_20pct}","{income_q4, previous_approval_high} -> {burden_under_20pct}"
"frozenset({'credit_large', 'previous_approval_high'})",frozenset({'income_q4'}),0.17516947130566587,0.23744228151183844,0.06396541802922064,0.3651630478327057,1.5379023715053857,1.0,0.022372779111180817,1.201186723433216,0.42404306569144673,0.18346792048757316,0.1674899659714743,0.3172782965845169,fpgrowth,Portfolio-wide,356255,22788,"{credit_large, previous_approval_high} -> {income_q4}","{credit_large, previous_approval_high} -> {income_q4}"
"frozenset({'income_q4', 'previous_approval_high'})",frozenset({'credit_large'}),0.11326998919313414,0.3220389889264712,0.06396541802922064,0.5647163779644635,1.7535652432861197,1.0,0.0274880652337514,1.5575155525106803,0.4846269072941475,0.17225401192806872,0.3579518365720186,0.38167134706046896,fpgrowth,Portfolio-wide,356255,22788,"{income_q4, previous_approval_high} -> {credit_large}","{income_q4, previous_approval_high} -> {credit_large}"
"frozenset({'income_q4', 'previous_approval_high'})",frozenset({'leverage_under_3x'}),0.11326998919313414,0.47446632327967325,0.064524006680608,0.5696478576561842,1.2006075662411269,1.0,0.010781211370213317,1.2211712804730706,0.18843207303056683,0.12332280025966083,0.1811140533761906,0.35282033185475586,fpgrowth,Portfolio-wide,356255,22987,"{income_q4, previous_approval_high} -> {leverage_under_3x}","{income_q4, previous_approval_high} -> {leverage_under_3x}"
"frozenset({'income_q4', 'repayment_clean_observed'})",frozenset({'burden_under_20pct'}),0.09981333595317961,0.6564820142875187,0.0850570518308515,0.8521611968840518,1.2980724198650044,1.0,0.019531391991551336,2.3235982602149736,0.25508815701023535,0.1267166251275446,0.5696330053597637,0.49086306770979715,fpgrowth,Portfolio-wide,356255,30302,"{income_q4, repayment_clean_observed} -> {burden_under_20pct}","{income_q4, repayment_clean_observed} -> {burden_under_20pct}"
"frozenset({'credit_large', 'repayment_clean_observed'})",frozenset({'income_q4'}),0.14295097612665086,0.23744228151183844,0.053947313020168135,0.377383313370118,1.5893686287347368,1.0,0.020004707104311806,1.2247627390389366,0.43266993070303483,0.16525649624241173,0.18351533066339565,0.30229255513641257,fpgrowth,Portfolio-wide,356255,19219,"{credit_large, repayment_clean_observed} -> {income_q4}","{credit_large, repayment_clean_observed} -> {income_q4}"
"frozenset({'income_q4', 'repayment_clean_observed'})",frozenset({'credit_large'}),0.09981333595317961,0.3220389889264712,0.053947313020168135,0.5404820158047189,1.6783123608928086,1.0,0.021803527228427974,1.4753742712829625,0.44897727875945465,0.1466338084047975,0.322205883981957,0.3539999856584434,fpgrowth,Portfolio-wide,356255,19219,"{income_q4, repayment_clean_observed} -> {credit_large}","{income_q4, repayment_clean_observed} -> {credit_large}"
"frozenset({'income_q4', 'repayment_clean_observed'})",frozenset({'leverage_under_3x'}),0.09981333595317961,0.47446632327967325,0.059005487642278705,0.5911583565342108,1.2459437636119721,1.0,0.011647421118294754,1.2854211040375636,0.21928291676321854,0.11451279900201015,0.22204482495350633,0.35776007999519077,fpgrowth,Portfolio-wide,356255,21021,"{income_q4, repayment_clean_observed} -> {leverage_under_3x}","{income_q4, repayment_clean_observed} -> {leverage_under_3x}"
"frozenset({'credit_file_established', 'income_q4'})",frozenset({'burden_under_20pct'}),0.09826669099381061,0.6564820142875187,0.08519740073823526,0.867001828153565,1.320678722774338,1.0,0.02068708549724929,2.5828775008209943,0.26927426666286786,0.12724551525797487,0.6128349100249084,0.49839027805326563,fpgrowth,Portfolio-wide,356255,30352,"{credit_file_established, income_q4} -> {burden_under_20pct}","{credit_file_established, income_q4} -> {burden_under_20pct}"
"frozenset({'credit_large', 'credit_file_established'})",frozenset({'income_q4'}),0.13490617675541397,0.23744228151183844,0.05347574069135872,0.3963920850585714,1.6694250178808527,1.0,0.02144331029251388,1.263332868261273,0.46352355656900746,0.16770246478873244,0.2084429803711974,0.31080391580035793,fpgrowth,Portfolio-wide,356255,19051,"{credit_file_established, credit_large} -> {income_q4}","{credit_file_established, credit_large} -> {income_q4}"
"frozenset({'credit_file_established', 'income_q4'})",frozenset({'credit_large'}),0.09826669099381061,0.3220389889264712,0.05347574069135872,0.544189899451554,1.6898261333686058,1.0,0.02183003487856198,1.4873760152699194,0.45270939621215334,0.14577801583961436,0.3276750534272085,0.3551217609662763,fpgrowth,Portfolio-wide,356255,19051,"{credit_file_established, income_q4} -> {credit_large}","{credit_file_established, income_q4} -> {credit_large}"
"frozenset({'credit_file_established', 'income_q4'})",frozenset({'leverage_under_3x'}),0.09826669099381061,0.47446632327967325,0.05834865475572273,0.5937785648994516,1.2514661963678504,1.0,0.011724419179029624,1.293712323649898,0.22283447256009764,0.11343395979307183,0.22703062982445696,0.3583780034535653,fpgrowth,Portfolio-wide,356255,20787,"{credit_file_established, income_q4} -> {leverage_under_3x}","{credit_file_established, income_q4} -> {leverage_under_3x}"
"frozenset({'income_q4', 'previous_two_to_four'})",frozenset({'burden_under_20pct'}),0.08373215814514884,0.6564820142875187,0.07162285441607837,0.8553804894401609,1.3029762747856954,1.0,0.016654198576309988,2.375322557673462,0.2537754865335769,0.10712501416942008,0.5790045453955264,0.4822407524699468,fpgrowth,Portfolio-wide,356255,25516,"{income_q4, previous_two_to_four} -> {burden_under_20pct}","{income_q4, previous_two_to_four} -> {burden_under_20pct}"
"frozenset({'credit_large', 'previous_two_to_four'})",frozenset({'income_q4'}),0.12492175548413356,0.23744228151183844,0.04598952997150917,0.3681466834441848,1.5504681015534703,1.0,0.016327823338892485,1.2068587732431415,0.4057162801552761,0.14536420903202912,0.1714026345330022,0.28091694025619807,fpgrowth,Portfolio-wide,356255,16384,"{credit_large, previous_two_to_four} -> {income_q4}","{credit_large, previous_two_to_four} -> {income_q4}"
"frozenset({'income_q4', 'previous_two_to_four'})",frozenset({'credit_large'}),0.08373215814514884,0.3220389889264712,0.04598952997150917,0.5492457257794168,1.7055255564251632,1.0,0.01902451042181405,1.504058973696517,0.4514733027542698,0.12782623621015182,0.3351324532559346,0.34602653069530076,fpgrowth,Portfolio-wide,356255,16384,"{income_q4, previous_two_to_four} -> {credit_large}","{income_q4, previous_two_to_four} -> {credit_large}"
"frozenset({'income_q4', 'previous_two_to_four'})",frozenset({'leverage_under_3x'}),0.08373215814514884,0.47446632327967325,0.04881896394436569,0.5830372108615487,1.2288273840625745,1.0,0.009090874728964776,1.2603850761028574,0.2032332070430134,0.09584006083683715,0.20659168458894714,0.3429647898584829,fpgrowth,Portfolio-wide,356255,17392,"{income_q4, previous_two_to_four} -> {leverage_under_3x}","{income_q4, previous_two_to_four} -> {leverage_under_3x}"
"frozenset({'credit_large', 'income_q4'})",frozenset({'leverage_3_to_6x'}),0.12748171955481327,0.3596637240179085,0.08127043830963776,0.63750660560155,1.7725073812832095,1.0,0.03541988831034699,1.7664770886231342,0.49950524241590677,0.20023513952764616,0.43390151707009034,0.4317344472455663,fpgrowth,Portfolio-wide,356255,28953,"{credit_large, income_q4} -> {leverage_3_to_6x}","{credit_large, income_q4} -> {leverage_3_to_6x}"
"frozenset({'credit_large', 'leverage_3_to_6x'})",frozenset({'income_q4'}),0.15630657815328908,0.23744228151183844,0.08127043830963776,0.5199425338960223,2.1897638895038116,1.0,0.04415664777761232,1.5884717400124675,0.6439895658431575,0.2600833617793428,0.37046409148446585,0.431108517214,fpgrowth,Portfolio-wide,356255,28953,"{credit_large, leverage_3_to_6x} -> {income_q4}","{credit_large, leverage_3_to_6x} -> {income_q4}"
"frozenset({'income_q4', 'leverage_3_to_6x'})",frozenset({'credit_large'}),0.0818739386113879,0.3220389889264712,0.08127043830963776,0.9926289083927593,3.082325254161691,1.0,0.05490383789979843,91.97565939996741,0.7358135590764039,0.25189006725072427,0.9891275582417802,0.6224955085161621,fpgrowth,Portfolio-wide,356255,28953,"{income_q4, leverage_3_to_6x} -> {credit_large}","{income_q4, leverage_3_to_6x} -> {credit_large}"
"frozenset({'income_q4', 'leverage_3_to_6x'})",frozenset({'burden_under_20pct'}),0.0818739386113879,0.6564820142875187,0.06543066062230705,0.7991634668129457,1.2173425157432218,1.0,0.011681892485050464,1.7104357472280052,0.19445968794307314,0.09723317190374292,0.41535365966208515,0.44941604660796935,fpgrowth,Portfolio-wide,356255,23310,"{income_q4, leverage_3_to_6x} -> {burden_under_20pct}","{income_q4, leverage_3_to_6x} -> {burden_under_20pct}"
"frozenset({'income_q4', 'leverage_3_to_6x'})",frozenset({'external_score_strong'}),0.0818739386113879,0.33316585030385537,0.034559514954176085,0.4221064179923204,1.266955834781233,1.0,0.007281914578987376,1.1539047507319145,0.22949626739685505,0.0908312922359607,0.13337734387027486,0.2629185411162694,fpgrowth,Portfolio-wide,356255,12312,"{income_q4, leverage_3_to_6x} -> {external_score_strong}","{income_q4, leverage_3_to_6x} -> {external_score_strong}"
"frozenset({'income_q4', 'external_score_middle'})",frozenset({'burden_under_20pct'}),0.08154552216810992,0.6564820142875187,0.07099128433285147,0.8705724415682765,1.3261177345629347,1.0,0.017458115683803156,2.654133245460983,0.26775321722310413,0.10642792517937173,0.6232291646584929,0.489355702344801,fpgrowth,Portfolio-wide,356255,25291,"{external_score_middle, income_q4} -> {burden_under_20pct}","{external_score_middle, income_q4} -> {burden_under_20pct}"
"frozenset({'credit_large', 'external_score_middle'})",frozenset({'income_q4'}),0.11035915285399503,0.23744228151183844,0.043867454491866784,0.3974972021568827,1.6740792736068122,1.0,0.017663525452500488,1.2656500869672647,0.45260592951207274,0.1443321819760247,0.2098922045695995,0.29112358630128093,fpgrowth,Portfolio-wide,356255,15628,"{credit_large, external_score_middle} -> {income_q4}","{credit_large, external_score_middle} -> {income_q4}"
"frozenset({'income_q4', 'external_score_middle'})",frozenset({'credit_large'}),0.08154552216810992,0.3220389889264712,0.043867454491866784,0.5379505008433445,1.6704514650124267,1.0,0.01760661698136752,1.4672908688592035,0.43699437475391434,0.12194988724239374,0.31847187137647426,0.33708416890713355,fpgrowth,Portfolio-wide,356255,15628,"{external_score_middle, income_q4} -> {credit_large}","{external_score_middle, income_q4} -> {credit_large}"
"frozenset({'income_q4', 'external_score_middle'})",frozenset({'leverage_under_3x'}),0.08154552216810992,0.47446632327967325,0.049237203688369285,0.6038002134177824,1.2725881349051482,1.0,0.010546599605345083,1.3264360419115733,0.23321766484427964,0.09715798627458583,0.2461000995126271,0.35378703869178196,fpgrowth,Portfolio-wide,356255,17541,"{external_score_middle, income_q4} -> {leverage_under_3x}","{external_score_middle, income_q4} -> {leverage_under_3x}"
"frozenset({'income_q4', 'external_score_strong'})",frozenset({'burden_under_20pct'}),0.08959593549564217,0.6564820142875187,0.07510070034104785,0.838215482941195,1.276829318547153,1.0,0.01628258013489408,2.1233056905415753,0.2381469639920472,0.11192734240019413,0.5290362549045221,0.4763071001023452,fpgrowth,Portfolio-wide,356255,26755,"{external_score_strong, income_q4} -> {burden_under_20pct}","{external_score_strong, income_q4} -> {burden_under_20pct}"
"frozenset({'external_score_strong', 'burden_under_20pct'})",frozenset({'income_q4'}),0.21168545002877154,0.23744228151183844,0.07510070034104785,0.35477497546874587,1.4941524871216225,1.0,0.02483762412335607,1.1818477112572436,0.41953338004839325,0.20078949935834414,0.15386729569734067,0.3355326585583474,fpgrowth,Portfolio-wide,356255,26755,"{burden_under_20pct, external_score_strong} -> {income_q4}","{burden_under_20pct, external_score_strong} -> {income_q4}"
"frozenset({'credit_large', 'income_q4'})",frozenset({'external_score_strong'}),0.12748171955481327,0.33316585030385537,0.05428695737603683,0.4258411132640479,1.2781655529090705,1.0,0.01181440188235984,1.1614104825356688,0.2494259894326831,0.13359305923961098,0.1389779797606672,0.29439192791231245,fpgrowth,Portfolio-wide,356255,19340,"{credit_large, income_q4} -> {external_score_strong}","{credit_large, income_q4} -> {external_score_strong}"
"frozenset({'credit_large', 'external_score_strong'})",frozenset({'income_q4'}),0.1284838107535333,0.23744228151183844,0.05428695737603683,0.4225198260983549,1.779463301178265,1.0,0.0237794682133826,1.320491599453661,0.5026100609342459,0.17419813912432558,0.24270627665201416,0.3255760260649004,fpgrowth,Portfolio-wide,356255,19340,"{credit_large, external_score_strong} -> {income_q4}","{credit_large, external_score_strong} -> {income_q4}"
"frozenset({'income_q4', 'external_score_strong'})",frozenset({'credit_large'}),0.08959593549564217,0.3220389889264712,0.05428695737603683,0.6059087064131082,1.8814762412244777,1.0,0.025433572897098893,1.7203146126445639,0.5146093640835755,0.15191623398556248,0.41871097725389655,0.3872406651792199,fpgrowth,Portfolio-wide,356255,19340,"{external_score_strong, income_q4} -> {credit_large}","{external_score_strong, income_q4} -> {credit_large}"
"frozenset({'income_q4', 'previous_approval_high'})",frozenset({'external_score_strong'}),0.11326998919313414,0.33316585030385537,0.046500399994386044,0.41052709835699946,1.2322004130453008,1.0,0.008762707730946999,1.1312380057463542,0.21251531385229108,0.11626976607078938,0.11601272683529358,0.27504921291320805,fpgrowth,Portfolio-wide,356255,16566,"{income_q4, previous_approval_high} -> {external_score_strong}","{income_q4, previous_approval_high} -> {external_score_strong}"
"frozenset({'income_q4', 'repayment_clean_observed'})",frozenset({'external_score_strong'}),0.09981333595317961,0.33316585030385537,0.04093696930569395,0.41013526814589835,1.2310243314908926,1.0,0.007682574361188493,1.1304865568078761,0.20847717360517073,0.10441979852076726,0.11542512913760569,0.2665039566557686,fpgrowth,Portfolio-wide,356255,14584,"{income_q4, repayment_clean_observed} -> {external_score_strong}","{income_q4, repayment_clean_observed} -> {external_score_strong}"
"frozenset({'bureau_debt_low', 'income_q4'})",frozenset({'external_score_strong'}),0.11772185653534688,0.33316585030385537,0.05116559767582209,0.4346312501490259,1.3045492200134907,1.0,0.01194469524387478,1.1794676481003166,0.2646010123481943,0.12800292128677063,0.1521598734728945,0.2941026031353764,fpgrowth,Portfolio-wide,356255,18228,"{bureau_debt_low, income_q4} -> {external_score_strong}","{bureau_debt_low, income_q4} -> {external_score_strong}"
"frozenset({'income_q4', 'bureau_debt_moderate'})",frozenset({'burden_under_20pct'}),0.07976309104433622,0.6564820142875187,0.07223196867412388,0.9055813626126126,1.3794458079638965,1.0,0.019868933999539283,3.6382434148363263,0.29891345711290024,0.1087809332172237,0.7251420847978125,0.5078051120919824,fpgrowth,Portfolio-wide,356255,25733,"{bureau_debt_moderate, income_q4} -> {burden_under_20pct}","{bureau_debt_moderate, income_q4} -> {burden_under_20pct}"
"frozenset({'credit_large', 'bureau_debt_moderate'})",frozenset({'income_q4'}),0.09611654573269147,0.23744228151183844,0.040541185386871764,0.42179195140470765,1.7763978206370035,1.0,0.017719053477064543,1.3188293043321193,0.4835391462118266,0.13835748977382675,0.24175175914337188,0.29626658688570884,fpgrowth,Portfolio-wide,356255,14443,"{bureau_debt_moderate, credit_large} -> {income_q4}","{bureau_debt_moderate, credit_large} -> {income_q4}"
"frozenset({'income_q4', 'bureau_debt_moderate'})",frozenset({'credit_large'}),0.07976309104433622,0.3220389889264712,0.040541185386871764,0.5082699887387387,1.5782871211745988,1.0,0.014854360193303658,1.3787261211382948,0.3981602126653041,0.11222135026145874,0.27469278729963675,0.31707952403954576,fpgrowth,Portfolio-wide,356255,14443,"{bureau_debt_moderate, income_q4} -> {credit_large}","{bureau_debt_moderate, income_q4} -> {credit_large}"
"frozenset({'income_q4', 'bureau_debt_moderate'})",frozenset({'leverage_under_3x'}),0.07976309104433622,0.47446632327967325,0.05036841588188236,0.6314752252252251,1.3309168517172152,1.0,0.012523515340654316,1.4260470738812834,0.27018940308576617,0.0999649030935416,0.29876087661097184,0.36881663362059336,fpgrowth,Portfolio-wide,356255,17944,"{bureau_debt_moderate, income_q4} -> {leverage_under_3x}","{bureau_debt_moderate, income_q4} -> {leverage_under_3x}"
"frozenset({'credit_file_established', 'income_q4'})",frozenset({'bureau_debt_moderate'}),0.09826669099381061,0.29571234087942627,0.04038118763245428,0.4109346435100549,1.38964319949572,1.0,0.011322514408199313,1.1956018994517046,0.31094650664569234,0.11420088750585451,0.1636011949641483,0.27374514119327553,fpgrowth,Portfolio-wide,356255,14386,"{credit_file_established, income_q4} -> {bureau_debt_moderate}","{credit_file_established, income_q4} -> {bureau_debt_moderate}"
"frozenset({'income_q4', 'bureau_debt_moderate'})",frozenset({'credit_file_established'}),0.07976309104433622,0.40597886345454803,0.04038118763245428,0.5062640765765766,1.2470207741080002,1.0,0.007999058584653024,1.2031150831130124,0.21525841687234984,0.09067073401318526,0.16882431777636778,0.3028651540579658,fpgrowth,Portfolio-wide,356255,14386,"{bureau_debt_moderate, income_q4} -> {credit_file_established}","{bureau_debt_moderate, income_q4} -> {credit_file_established}"
"frozenset({'leverage_under_3x', 'income_q4'})",frozenset({'burden_under_20pct'}),0.1428667667822206,0.6564820142875187,0.13577633998119323,0.9503703558166492,1.4476715814493228,1.0,0.04198687714925588,6.92162902565642,0.3607789104953288,0.20461419367938374,0.85552534001847,0.578597257010409,fpgrowth,Portfolio-wide,356255,48371,"{income_q4, leverage_under_3x} -> {burden_under_20pct}","{income_q4, leverage_under_3x} -> {burden_under_20pct}"
"frozenset({'income_q4', 'burden_under_20pct'})",frozenset({'leverage_under_3x'}),0.20534448639317343,0.47446632327967325,0.13577633998119323,0.6612124940195475,1.3935920455829636,1.0,0.03834729651647134,1.551219178521445,0.3554117266286223,0.24957304646183212,0.3553457732819185,0.47368946843069654,fpgrowth,Portfolio-wide,356255,48371,"{burden_under_20pct, income_q4} -> {leverage_under_3x}","{burden_under_20pct, income_q4} -> {leverage_under_3x}"
"frozenset({'income_q4', 'card_history_not_observed'})",frozenset({'leverage_under_3x'}),0.15981810781603065,0.47446632327967325,0.09533059185134243,0.5964943094000281,1.2571899840579954,1.0,0.01950228184235596,1.3024194923717474,0.24348926677538343,0.1768808103955626,0.23219822349328625,0.3987080169087213,fpgrowth,Portfolio-wide,356255,33962,"{card_history_not_observed, income_q4} -> {leverage_under_3x}","{card_history_not_observed, income_q4} -> {leverage_under_3x}"
"frozenset({'income_q4', 'previous_outcome_mixed'})",frozenset({'burden_under_20pct'}),0.07951888394548848,0.6564820142875187,0.069284641619065,0.8712979632179041,1.3272229006357859,1.0,0.017081924512635294,2.66909517752301,0.2678458613407355,0.10391923240471371,0.6253411986124728,0.48841862351167786,fpgrowth,Portfolio-wide,356255,24683,"{income_q4, previous_outcome_mixed} -> {burden_under_20pct}","{income_q4, previous_outcome_mixed} -> {burden_under_20pct}"
"frozenset({'income_q4', 'previous_outcome_mixed'})",frozenset({'leverage_under_3x'}),0.07951888394548848,0.47446632327967325,0.04990526448751596,0.6275901020156024,1.3227284450400723,1.0,0.01217623199059701,1.4111700026360317,0.26506456252365196,0.09900267845707508,0.29136815682587935,0.36638599586407017,fpgrowth,Portfolio-wide,356255,17779,"{income_q4, previous_outcome_mixed} -> {leverage_under_3x}","{income_q4, previous_outcome_mixed} -> {leverage_under_3x}"
"frozenset({'previous_deep', 'income_q4'})",frozenset({'previous_outcome_mixed'}),0.10354380991143984,0.3234901966288192,0.04684846528469776,0.45245066146172197,1.3986533940652155,1.0,0.013353057856749,1.2355230036021445,0.31794814241246905,0.12322526819400043,0.1906261582467357,0.2986362813144004,fpgrowth,Portfolio-wide,356255,16690,"{income_q4, previous_deep} -> {previous_outcome_mixed}","{income_q4, previous_deep} -> {previous_outcome_mixed}"
"frozenset({'income_q4', 'previous_outcome_mixed'})",frozenset({'previous_deep'}),0.07951888394548848,0.3972912660874935,0.04684846528469776,0.5891489286596774,1.4829143727764003,1.0,0.015256307204130182,1.4669761769058682,0.3537848029451559,0.10895962814017862,0.31832567171663934,0.3535343122847904,fpgrowth,Portfolio-wide,356255,16690,"{income_q4, previous_outcome_mixed} -> {previous_deep}","{income_q4, previous_outcome_mixed} -> {previous_deep}"
"frozenset({'credit_large', 'previous_outcome_mixed'})",frozenset({'income_q4'}),0.09828633984084434,0.23744228151183844,0.04032785504764846,0.4103098671997716,1.7280404508719072,1.0,0.016990522274390473,1.2931498698596948,0.46723240592803816,0.13651912807160912,0.22669442784037186,0.2900763191064468,fpgrowth,Portfolio-wide,356255,14367,"{credit_large, previous_outcome_mixed} -> {income_q4}","{credit_large, previous_outcome_mixed} -> {income_q4}"
"frozenset({'income_q4', 'previous_outcome_mixed'})",frozenset({'credit_large'}),0.07951888394548848,0.3220389889264712,0.04032785504764846,0.5071481520703167,1.5748035781658416,1.0,0.014719674061281943,1.375587844341928,0.39653195099795924,0.1116403760975989,0.2730380657889622,0.31618738751971315,fpgrowth,Portfolio-wide,356255,14367,"{income_q4, previous_outcome_mixed} -> {credit_large}","{income_q4, previous_outcome_mixed} -> {credit_large}"
"frozenset({'leverage_under_3x', 'income_q4'})",frozenset({'credit_medium'}),0.1428667667822206,0.3439278045220418,0.07493508863033502,0.5245102854785154,1.5250592670384122,1.0,0.025799235191763317,1.3797820971547308,0.40167358480289017,0.1819433369454838,0.2752478800369167,0.3711952860557783,fpgrowth,Portfolio-wide,356255,26696,"{income_q4, leverage_under_3x} -> {credit_medium}","{income_q4, leverage_under_3x} -> {credit_medium}"
"frozenset({'leverage_under_3x', 'credit_medium'})",frozenset({'income_q4'}),0.14880913952084884,0.23744228151183844,0.07493508863033502,0.5035650960123741,2.1207894937922727,1.0,0.039601507032691184,1.536067896038126,0.6208683711295548,0.2407040069246583,0.348987110153639,0.40957897784422936,fpgrowth,Portfolio-wide,356255,26696,"{credit_medium, leverage_under_3x} -> {income_q4}","{credit_medium, leverage_under_3x} -> {income_q4}"
"frozenset({'credit_medium', 'income_q4'})",frozenset({'leverage_under_3x'}),0.07553858893208516,0.47446632327967325,0.07493508863033502,0.9920107019434433,2.0907926511755917,1.0,0.03909457207399395,65.77970592660893,0.5643421012952723,0.15773489476856176,0.9847977429221758,0.5749731142814104,fpgrowth,Portfolio-wide,356255,26696,"{credit_medium, income_q4} -> {leverage_under_3x}","{credit_medium, income_q4} -> {leverage_under_3x}"
"frozenset({'credit_medium', 'income_q4'})",frozenset({'burden_under_20pct'}),0.07553858893208516,0.6564820142875187,0.07115128208726895,0.9419196611051244,1.4347988834505874,1.0,0.021561557068696814,5.914531358610746,0.3277997383638946,0.10766316397522915,0.8309248967723981,0.5251511720811566,fpgrowth,Portfolio-wide,356255,25348,"{credit_medium, income_q4} -> {burden_under_20pct}","{credit_medium, income_q4} -> {burden_under_20pct}"
"frozenset({'external_score_weak', 'income_q4'})",frozenset({'burden_under_20pct'}),0.06622222845995145,0.6564820142875187,0.05917952028743456,0.8936503899626991,1.3612717035859385,1.0,0.01570581835743739,3.230082231538002,0.28421408618790345,0.08918962366319211,0.6904103585239529,0.4918984178568172,fpgrowth,Portfolio-wide,356255,21083,"{external_score_weak, income_q4} -> {burden_under_20pct}","{external_score_weak, income_q4} -> {burden_under_20pct}"
"frozenset({'external_score_weak', 'income_q4'})",frozenset({'leverage_under_3x'}),0.06622222845995145,0.47446632327967325,0.04499024575093683,0.6793828416412343,1.4318884361383293,1.0,0.01357002849415713,1.639131478210728,0.3230121531825007,0.09076134658399163,0.38992081276384405,0.3871028423941747,fpgrowth,Portfolio-wide,356255,16028,"{external_score_weak, income_q4} -> {leverage_under_3x}","{external_score_weak, income_q4} -> {leverage_under_3x}"
"frozenset({'external_score_weak', 'income_q4'})",frozenset({'previous_deep'}),0.06622222845995145,0.3972912660874935,0.03185078104166959,0.4809681247880637,1.2106184198928311,1.0,0.005541268053680239,1.1612171866446594,0.18631402208288037,0.07378626887412051,0.1388346542738459,0.2805689871840161,fpgrowth,Portfolio-wide,356255,11347,"{external_score_weak, income_q4} -> {previous_deep}","{external_score_weak, income_q4} -> {previous_deep}"
"frozenset({'income_q4', 'repayment_some_late'})",frozenset({'burden_under_20pct'}),0.1105219575865602,0.6564820142875187,0.09711021599696847,0.8786508863717174,1.3384233950800906,1.0,0.024554538657543715,2.830824020394148,0.28427039117192526,0.1449636082513105,0.6467459676773671,0.5132880300378095,fpgrowth,Portfolio-wide,356255,34596,"{income_q4, repayment_some_late} -> {burden_under_20pct}","{income_q4, repayment_some_late} -> {burden_under_20pct}"
"frozenset({'income_q4', 'repayment_some_late'})",frozenset({'leverage_under_3x'}),0.1105219575865602,0.47446632327967325,0.06881306929025557,0.62261898714888,1.3122511685236686,1.0,0.01637412243248837,1.3925811284195533,0.26751729999936025,0.13331339387677416,0.2819089821108632,0.38382577756968345,fpgrowth,Portfolio-wide,356255,24515,"{income_q4, repayment_some_late} -> {leverage_under_3x}","{income_q4, repayment_some_late} -> {leverage_under_3x}"
"frozenset({'credit_large', 'repayment_some_late'})",frozenset({'income_q4'}),0.14058188657001305,0.23744228151183844,0.057228670474800354,0.4070842401613322,1.7144555618710888,1.0,0.023848586588377976,1.2861147740374674,0.48489140476309056,0.1783961149757186,0.222464417494618,0.3240528187448108,fpgrowth,Portfolio-wide,356255,20388,"{credit_large, repayment_some_late} -> {income_q4}","{credit_large, repayment_some_late} -> {income_q4}"
"frozenset({'income_q4', 'repayment_some_late'})",frozenset({'credit_large'}),0.1105219575865602,0.3220389889264712,0.057228670474800354,0.5178036267587748,1.6078911081074132,1.0,0.021636290999450178,1.4059852970614728,0.4250440349857016,0.15247468477496748,0.2887550089677233,0.3477554498064148,fpgrowth,Portfolio-wide,356255,20388,"{income_q4, repayment_some_late} -> {credit_large}","{income_q4, repayment_some_late} -> {credit_large}"
"frozenset({'previous_deep', 'income_q4'})",frozenset({'burden_under_20pct'}),0.10354380991143984,0.6564820142875187,0.09160292487122988,0.8846779440468445,1.3476042371198658,1.0,0.023628275973563914,2.978770911368597,0.2877356167346323,0.13704336725052388,0.6642910684458948,0.5121070105055174,fpgrowth,Portfolio-wide,356255,32634,"{income_q4, previous_deep} -> {burden_under_20pct}","{income_q4, previous_deep} -> {burden_under_20pct}"
"frozenset({'previous_deep', 'income_q4'})",frozenset({'leverage_under_3x'}),0.10354380991143984,0.47446632327967325,0.06587977712593507,0.6362502710908696,1.3409808871004594,1.0,0.016751726338884818,1.4447671983052175,0.2836471197634262,0.12863868807173512,0.30784696581355897,0.38755027057983676,fpgrowth,Portfolio-wide,356255,23470,"{income_q4, previous_deep} -> {leverage_under_3x}","{income_q4, previous_deep} -> {leverage_under_3x}"
"frozenset({'previous_deep', 'income_q4'})",frozenset({'repayment_some_late'}),0.10354380991143984,0.44470674095802165,0.0636201597170566,0.6144274560832791,1.381646373876933,1.0,0.017573529464963294,1.440178425053821,0.3081308403954276,0.13127562959015823,0.30564159092813176,0.37874419279241117,fpgrowth,Portfolio-wide,356255,22665,"{income_q4, previous_deep} -> {repayment_some_late}","{income_q4, previous_deep} -> {repayment_some_late}"
"frozenset({'income_q4', 'repayment_some_late'})",frozenset({'previous_deep'}),0.1105219575865602,0.3972912660874935,0.0636201597170566,0.5756336668867781,1.4488958505320102,1.0,0.019710751257023845,1.4202557716841842,0.3483158125751707,0.1432263690709402,0.29590147075116724,0.36788423631331,fpgrowth,Portfolio-wide,356255,22665,"{income_q4, repayment_some_late} -> {previous_deep}","{income_q4, repayment_some_late} -> {previous_deep}"
"frozenset({'credit_large', 'previous_deep'})",frozenset({'income_q4'}),0.12466070651639977,0.23744228151183844,0.05196277946976183,0.41683366733466937,1.7555157602117581,1.0,0.02236305689963016,1.3076161564453355,0.4916571636409921,0.16754609056105133,0.2352495837016643,0.3178387511516709,fpgrowth,Portfolio-wide,356255,18512,"{credit_large, previous_deep} -> {income_q4}","{credit_large, previous_deep} -> {income_q4}"
"frozenset({'previous_deep', 'income_q4'})",frozenset({'credit_large'}),0.10354380991143984,0.3220389889264712,0.05196277946976183,0.5018434179136847,1.5583312430168725,1.0,0.018617635616287015,1.3609395829604012,0.39967140975244686,0.13907921625195335,0.26521352415605604,0.33159948595984073,fpgrowth,Portfolio-wide,356255,18512,"{income_q4, previous_deep} -> {credit_large}","{income_q4, previous_deep} -> {credit_large}"
"frozenset({'income_q4', 'card_utilisation_moderate'})",frozenset({'burden_under_20pct'}),0.06915832760241962,0.6564820142875187,0.06098440723638966,0.8818085883594446,1.343233430875442,1.0,0.015583209027197127,2.9064547156538825,0.2745125926524645,0.09175334794562202,0.6559382141362474,0.4873521830092253,fpgrowth,Portfolio-wide,356255,21726,"{card_utilisation_moderate, income_q4} -> {burden_under_20pct}","{card_utilisation_moderate, income_q4} -> {burden_under_20pct}"
"frozenset({'previous_deep', 'income_q4'})",frozenset({'card_utilisation_moderate'}),0.10354380991143984,0.25667850275785603,0.04646390927846627,0.44873671654738667,1.7482442500091777,1.0,0.019886439180553838,1.3483965276748566,0.47743275289582093,0.14808817477500044,0.2583783927978688,0.3148782934245523,fpgrowth,Portfolio-wide,356255,16553,"{income_q4, previous_deep} -> {card_utilisation_moderate}","{income_q4, previous_deep} -> {card_utilisation_moderate}"
"frozenset({'income_q4', 'card_utilisation_moderate'})",frozenset({'previous_deep'}),0.06915832760241962,0.3972912660874935,0.04646390927846627,0.6718483643152853,1.6910725748683522,1.0,0.01898790974480733,1.8366775245685014,0.43902130284262897,0.11063212629158814,0.45553860891561,0.39440005772374903,fpgrowth,Portfolio-wide,356255,16553,"{card_utilisation_moderate, income_q4} -> {previous_deep}","{card_utilisation_moderate, income_q4} -> {previous_deep}"
"frozenset({'leverage_under_3x', 'card_utilisation_moderate'})",frozenset({'income_q4'}),0.11758150762796311,0.23744228151183844,0.041442225372275474,0.3524552985270596,1.4843830520954913,1.0,0.013523403937490276,1.1776140191613125,0.36980123005305887,0.1321577227767086,0.15082532669559057,0.2634956478449224,fpgrowth,Portfolio-wide,356255,14764,"{card_utilisation_moderate, leverage_under_3x} -> {income_q4}","{card_utilisation_moderate, leverage_under_3x} -> {income_q4}"
"frozenset({'income_q4', 'card_utilisation_moderate'})",frozenset({'leverage_under_3x'}),0.06915832760241962,0.47446632327967325,0.041442225372275474,0.5992369510512217,1.2629704610204813,1.0,0.008628927950584293,1.3113326642733854,0.22368556393156613,0.08252424471088007,0.23741699780344924,0.34329093797332755,fpgrowth,Portfolio-wide,356255,14764,"{card_utilisation_moderate, income_q4} -> {leverage_under_3x}","{card_utilisation_moderate, income_q4} -> {leverage_under_3x}"
"frozenset({'income_q4', 'card_utilisation_moderate'})",frozenset({'repayment_some_late'}),0.06915832760241962,0.44470674095802165,0.041512399825967355,0.6002516438022566,1.3497696088643678,1.0,0.010757225347788134,1.3891070480532297,0.27838549828233594,0.08788433425640904,0.28011307594943496,0.34679972629994416,fpgrowth,Portfolio-wide,356255,14789,"{card_utilisation_moderate, income_q4} -> {repayment_some_late}","{card_utilisation_moderate, income_q4} -> {repayment_some_late}"
"frozenset({'income_q4', 'repayment_some_late'})",frozenset({'card_utilisation_moderate'}),0.1105219575865602,0.25667850275785603,0.041512399825967355,0.37560318992228375,1.4633215710963463,1.0,0.013143789230781817,1.1904633163478617,0.35596517680161854,0.1274606129554935,0.15999091591681341,0.26866617726924635,fpgrowth,Portfolio-wide,356255,14789,"{income_q4, repayment_some_late} -> {card_utilisation_moderate}","{income_q4, repayment_some_late} -> {card_utilisation_moderate}"
"frozenset({'credit_large', 'card_utilisation_moderate'})",frozenset({'income_q4'}),0.09142608524792635,0.23744228151183844,0.037635963004028015,0.4116545393141138,1.733703604484568,1.0,0.01592754473306455,1.2961053827103226,0.4657850407350946,0.12922999816872766,0.22845779877183148,0.2850801364261785,fpgrowth,Portfolio-wide,356255,13408,"{card_utilisation_moderate, credit_large} -> {income_q4}","{card_utilisation_moderate, credit_large} -> {income_q4}"
"frozenset({'income_q4', 'card_utilisation_moderate'})",frozenset({'credit_large'}),0.06915832760241962,0.3220389889264712,0.037635963004028015,0.544200016235084,1.6898575481471816,1.0,0.015364285107099137,1.487409028568976,0.43856453274089674,0.106448181139745,0.32768997579496223,0.33053386907563415,fpgrowth,Portfolio-wide,356255,13408,"{card_utilisation_moderate, income_q4} -> {credit_large}","{card_utilisation_moderate, income_q4} -> {credit_large}"
"frozenset({'income_q4', 'credit_small'})",frozenset({'leverage_under_3x'}),0.03442197302494,0.47446632327967325,0.03442197302494,1.0,2.1076311445829465,1.0,0.018089906043764627,inf,0.544268471359799,0.0725488224053576,1.0,0.5362744112026788,fpgrowth,Portfolio-wide,356255,12263,"{credit_small, income_q4} -> {leverage_under_3x}","{credit_small, income_q4} -> {leverage_under_3x}"
"frozenset({'income_q4', 'credit_small'})",frozenset({'burden_under_20pct'}),0.03442197302494,0.6564820142875187,0.03442197302494,1.0,1.5232709780865847,1.0,0.011824566837776756,inf,0.35576408753691946,0.052433992517370395,1.0,0.5262169962586852,fpgrowth,Portfolio-wide,356255,12263,"{credit_small, income_q4} -> {burden_under_20pct}","{credit_small, income_q4} -> {burden_under_20pct}"
frozenset({'leverage_under_3x'}),frozenset({'credit_small'}),0.47446632327967325,0.334033206551487,0.29214747863187884,0.6157391247759286,1.8433470466386708,1.0,0.13365997126607515,1.7331111137978135,0.8705599219920459,0.5657912618984197,0.42300294999051,0.7451726102615116,fpgrowth,Portfolio-wide,356255,104079,{leverage_under_3x} -> {credit_small},{leverage_under_3x} -> {credit_small}
frozenset({'credit_small'}),frozenset({'leverage_under_3x'}),0.334033206551487,0.47446632327967325,0.29214747863187884,0.8746060957470946,1.843347046638671,1.0,0.13365997126607515,4.191062395348855,0.6869840375084879,0.5657912618984197,0.7613970144873584,0.7451726102615116,fpgrowth,Portfolio-wide,356255,104079,{credit_small} -> {leverage_under_3x},{credit_small} -> {leverage_under_3x}
frozenset({'credit_small'}),frozenset({'burden_under_20pct'}),0.334033206551487,0.6564820142875187,0.28486337033866194,0.8527995563062496,1.2990448142464264,1.0,0.06557657806282297,2.3336749339368046,0.3456683107526711,0.4036882637474542,0.5714913052123137,0.6433618305315321,fpgrowth,Portfolio-wide,356255,101484,{credit_small} -> {burden_under_20pct},{credit_small} -> {burden_under_20pct}
frozenset({'burden_under_20pct'}),frozenset({'credit_small'}),0.6564820142875187,0.334033206551487,0.28486337033866194,0.4339241047568146,1.2990448142464264,1.0,0.06557657806282297,1.176462023987816,0.6701355564578708,0.4036882637474542,0.14999381228615316,0.6433618305315321,fpgrowth,Portfolio-wide,356255,101484,{burden_under_20pct} -> {credit_small},{burden_under_20pct} -> {credit_small}
"frozenset({'leverage_under_3x', 'credit_small'})",frozenset({'burden_under_20pct'}),0.29214747863187884,0.6564820142875187,0.2678727316107844,0.9169092708423409,1.3967012818126698,1.0,0.07608316636950874,4.134251669168515,0.4012520725923408,0.39349257596186754,0.7581182569369026,0.6624760143629128,fpgrowth,Portfolio-wide,356255,95431,"{credit_small, leverage_under_3x} -> {burden_under_20pct}","{credit_small, leverage_under_3x} -> {burden_under_20pct}"
"frozenset({'burden_under_20pct', 'credit_small'})",frozenset({'leverage_under_3x'}),0.28486337033866194,0.47446632327967325,0.2678727316107844,0.9403551298726892,1.9819217586880211,1.0,0.13271465564914353,8.811045704326046,0.6927895924074001,0.5450583719814489,0.8865060931974261,0.7524660209000436,fpgrowth,Portfolio-wide,356255,95431,"{burden_under_20pct, credit_small} -> {leverage_under_3x}","{burden_under_20pct, credit_small} -> {leverage_under_3x}"
"frozenset({'leverage_under_3x', 'burden_under_20pct'})",frozenset({'credit_small'}),0.4320304276431208,0.334033206551487,0.2678727316107844,0.6200320960542645,1.8561989763095434,1.0,0.12356022253734258,1.7526922314565334,0.8121291619058422,0.5376909337795732,0.42944917421755585,0.7109832667899998,fpgrowth,Portfolio-wide,356255,95431,"{burden_under_20pct, leverage_under_3x} -> {credit_small}","{burden_under_20pct, leverage_under_3x} -> {credit_small}"
"frozenset({'leverage_under_3x', 'card_history_not_observed'})",frozenset({'credit_small'}),0.3393131324472639,0.334033206551487,0.21726852956449735,0.6403186578646946,1.916931147281004,1.0,0.10392667590810839,1.8515466759963006,0.723993283121916,0.4763847858197933,0.4599109960531193,0.6453792850671697,fpgrowth,Portfolio-wide,356255,77403,"{card_history_not_observed, leverage_under_3x} -> {credit_small}","{card_history_not_observed, leverage_under_3x} -> {credit_small}"
"frozenset({'card_history_not_observed', 'credit_small'})",frozenset({'leverage_under_3x'}),0.25061823693702545,0.47446632327967325,0.21726852956449735,0.8669302450607052,1.8271691846708682,1.0,0.09835861613815289,3.9493097207556302,0.6041050479344782,0.4278488989121784,0.7467911937257057,0.6624260823542902,fpgrowth,Portfolio-wide,356255,77403,"{card_history_not_observed, credit_small} -> {leverage_under_3x}","{card_history_not_observed, credit_small} -> {leverage_under_3x}"
"frozenset({'card_history_not_observed', 'credit_small'})",frozenset({'burden_under_20pct'}),0.25061823693702545,0.6564820142875187,0.21151422436176334,0.843969804220241,1.28559470915011,1.0,0.04698785936015826,2.2016122199664907,0.2964442024128806,0.3040806114460506,0.5457874048249876,0.5830816418215048,fpgrowth,Portfolio-wide,356255,75353,"{card_history_not_observed, credit_small} -> {burden_under_20pct}","{card_history_not_observed, credit_small} -> {burden_under_20pct}"
"frozenset({'card_history_not_observed', 'burden_under_20pct'})",frozenset({'credit_small'}),0.45759077065585047,0.334033206551487,0.21151422436176334,0.46223446346744856,1.3837979410475196,1.0,0.058663711951223524,1.2383961935206709,0.5113319027345109,0.36461070224080283,0.1925039779417666,0.5477238148716811,fpgrowth,Portfolio-wide,356255,75353,"{burden_under_20pct, card_history_not_observed} -> {credit_small}","{burden_under_20pct, card_history_not_observed} -> {credit_small}"
"frozenset({'leverage_under_3x', 'previous_approval_high'})",frozenset({'credit_small'}),0.235640201541031,0.334033206551487,0.15188558757070075,0.6445656835183685,1.9296455288765335,1.0,0.07317393545751152,1.873670499913391,0.6302923124376961,0.3635471885728875,0.46628822941588505,0.549633872422792,fpgrowth,Portfolio-wide,356255,54110,"{leverage_under_3x, previous_approval_high} -> {credit_small}","{leverage_under_3x, previous_approval_high} -> {credit_small}"
"frozenset({'previous_approval_high', 'credit_small'})",frozenset({'leverage_under_3x'}),0.1762950695428836,0.47446632327967325,0.15188558757070075,0.8615418909021431,1.8158125216282397,1.0,0.06823951411235446,3.7956150069108587,0.545440892732672,0.30445571016221507,0.736538084558299,0.5908303428397162,fpgrowth,Portfolio-wide,356255,54110,"{credit_small, previous_approval_high} -> {leverage_under_3x}","{credit_small, previous_approval_high} -> {leverage_under_3x}"
"frozenset({'previous_approval_high', 'credit_small'})",frozenset({'burden_under_20pct'}),0.1762950695428836,0.6564820142875187,0.14765827848030202,0.8375632901315161,1.2758358521680526,1.0,0.0319237361178316,2.114780495065487,0.26247276478047116,0.21552215079667483,0.5271376852901068,0.5312434302073935,fpgrowth,Portfolio-wide,356255,52604,"{credit_small, previous_approval_high} -> {burden_under_20pct}","{credit_small, previous_approval_high} -> {burden_under_20pct}"
"frozenset({'previous_approval_high', 'burden_under_20pct'})",frozenset({'credit_small'}),0.3299939649969825,0.334033206551487,0.14765827848030202,0.4474575117810176,1.3395599689040127,1.0,0.03742933620972079,1.2052770739769398,0.3783342071317428,0.28595502258655453,0.17031525647426993,0.4447521086354437,fpgrowth,Portfolio-wide,356255,52604,"{burden_under_20pct, previous_approval_high} -> {credit_small}","{burden_under_20pct, previous_approval_high} -> {credit_small}"
"frozenset({'bureau_debt_low', 'leverage_under_3x'})",frozenset({'credit_small'}),0.23246550925601045,0.334033206551487,0.14491305385187575,0.6233744279556129,1.8662049632467532,1.0,0.0672618543824662,1.7682463509674422,0.6047326640444597,0.34373335463939486,0.43446794082007845,0.5286013575564319,fpgrowth,Portfolio-wide,356255,51626,"{bureau_debt_low, leverage_under_3x} -> {credit_small}","{bureau_debt_low, leverage_under_3x} -> {credit_small}"
"frozenset({'bureau_debt_low', 'credit_small'})",frozenset({'leverage_under_3x'}),0.16699555093963594,0.47446632327967325,0.14491305385187575,0.8677659556586488,1.8289305543549523,1.0,0.0656792887934833,3.97426910246884,0.5440935927571459,0.2918404956528621,0.7483814069412679,0.5865946106067439,fpgrowth,Portfolio-wide,356255,51626,"{bureau_debt_low, credit_small} -> {leverage_under_3x}","{bureau_debt_low, credit_small} -> {leverage_under_3x}"
"frozenset({'bureau_debt_low', 'credit_small'})",frozenset({'burden_under_20pct'}),0.16699555093963594,0.6564820142875187,0.1400569816563978,0.8386869043416871,1.2775474210849718,1.0,0.03042740599849164,2.129510839219822,0.260803157920629,0.20493526976407964,0.530408588872755,0.5260158198886415,fpgrowth,Portfolio-wide,356255,49896,"{bureau_debt_low, credit_small} -> {burden_under_20pct}","{bureau_debt_low, credit_small} -> {burden_under_20pct}"
"frozenset({'bureau_debt_low', 'burden_under_20pct'})",frozenset({'credit_small'}),0.3220810935986863,0.334033206551487,0.1400569816563978,0.43485005621257944,1.3018168483963368,1.0,0.03247120119201899,1.1783895597431295,0.3419919203084221,0.2713981114833994,0.1513841991115534,0.4270703252046334,fpgrowth,Portfolio-wide,356255,49896,"{burden_under_20pct, bureau_debt_low} -> {credit_small}","{burden_under_20pct, bureau_debt_low} -> {credit_small}"
"frozenset({'leverage_under_3x', 'repayment_clean_observed'})",frozenset({'credit_small'}),0.21169667794136224,0.334033206551487,0.13486126510505117,0.6370495107268822,1.9071442546197546,1.0,0.0641475449560005,1.8348695294012332,0.6033918691190939,0.3282345225244921,0.45500212196213946,0.5203928068924198,fpgrowth,Portfolio-wide,356255,48045,"{leverage_under_3x, repayment_clean_observed} -> {credit_small}","{leverage_under_3x, repayment_clean_observed} -> {credit_small}"
"frozenset({'repayment_clean_observed', 'credit_small'})",frozenset({'leverage_under_3x'}),0.1545213400513677,0.47446632327967325,0.13486126510505117,0.872767897691148,1.839472803166046,1.0,0.06154609302263063,4.130511617615262,0.539772319182945,0.27292867895588946,0.7578992404390461,0.5785028501122056,fpgrowth,Portfolio-wide,356255,48045,"{credit_small, repayment_clean_observed} -> {leverage_under_3x}","{credit_small, repayment_clean_observed} -> {leverage_under_3x}"
"frozenset({'repayment_clean_observed', 'credit_small'})",frozenset({'burden_under_20pct'}),0.1545213400513677,0.6564820142875187,0.1308164095942513,0.8465912187324021,1.28958783379802,1.0,0.029375929026922806,2.2392328709871383,0.2655991828963495,0.1923241994057445,0.5534184885562339,0.5229300294624063,fpgrowth,Portfolio-wide,356255,46604,"{credit_small, repayment_clean_observed} -> {burden_under_20pct}","{credit_small, repayment_clean_observed} -> {burden_under_20pct}"
"frozenset({'repayment_clean_observed', 'burden_under_20pct'})",frozenset({'credit_small'}),0.2879005206944464,0.334033206551487,0.1308164095942513,0.45438059395901176,1.3602856992871297,1.0,0.03464807549884265,1.2205702108009038,0.37194285777889047,0.2663648885764419,0.1807107930777468,0.4230037775384928,fpgrowth,Portfolio-wide,356255,46604,"{burden_under_20pct, repayment_clean_observed} -> {credit_small}","{burden_under_20pct, repayment_clean_observed} -> {credit_small}"
"frozenset({'leverage_under_3x', 'previous_deep'})",frozenset({'credit_small'}),0.2024168081851483,0.334033206551487,0.11970639008575318,0.5913856223652096,1.7704396172781554,1.0,0.05209245458775082,1.6298173287571833,0.5456089609246325,0.28724228279685043,0.38643430625286723,0.4748761793895947,fpgrowth,Portfolio-wide,356255,42646,"{leverage_under_3x, previous_deep} -> {credit_small}","{leverage_under_3x, previous_deep} -> {credit_small}"
"frozenset({'previous_deep', 'credit_small'})",frozenset({'leverage_under_3x'}),0.13265217330283083,0.47446632327967325,0.11970639008575318,0.9024080578949596,1.9019433279420275,1.0,0.056767401143701005,5.385010948492888,0.5467494860629358,0.24559584895446407,0.8142993562009616,0.5773524869226441,fpgrowth,Portfolio-wide,356255,42646,"{credit_small, previous_deep} -> {leverage_under_3x}","{credit_small, previous_deep} -> {leverage_under_3x}"
"frozenset({'previous_deep', 'credit_small'})",frozenset({'burden_under_20pct'}),0.13265217330283083,0.6564820142875187,0.1168713421566013,0.8810360150662322,1.3420565923994465,1.0,0.029787576227141913,2.8875796813946004,0.2938555114353853,0.17384768911510373,0.653689210225695,0.5295313693717051,fpgrowth,Portfolio-wide,356255,41636,"{credit_small, previous_deep} -> {burden_under_20pct}","{credit_small, previous_deep} -> {burden_under_20pct}"
"frozenset({'previous_deep', 'burden_under_20pct'})",frozenset({'credit_small'}),0.2761673520371644,0.334033206551487,0.1168713421566013,0.4231902913016079,1.2669108429984146,1.0,0.024622276010793948,1.154569320532606,0.2910596455066688,0.23690334621140136,0.13387617164580715,0.38653485203982585,fpgrowth,Portfolio-wide,356255,41636,"{burden_under_20pct, previous_deep} -> {credit_small}","{burden_under_20pct, previous_deep} -> {credit_small}"
"frozenset({'previous_deep', 'credit_small'})",frozenset({'repayment_some_late'}),0.13265217330283083,0.44470674095802165,0.07862065093823245,0.5926827203859665,1.332749575842191,1.0,0.01962933526773187,1.3632941366203863,0.287856249707196,0.15763909994484404,0.26648257838253053,0.38473742404492955,fpgrowth,Portfolio-wide,356255,28009,"{credit_small, previous_deep} -> {repayment_some_late}","{credit_small, previous_deep} -> {repayment_some_late}"
"frozenset({'repayment_some_late', 'credit_small'})",frozenset({'previous_deep'}),0.14718389917334493,0.3972912660874935,0.07862065093823245,0.5341661104224278,1.3445201443335808,1.0,0.02014577328796026,1.2938275797388963,0.3004636342768401,0.16876653229936797,0.22709948708791072,0.36602891389127634,fpgrowth,Portfolio-wide,356255,28009,"{credit_small, repayment_some_late} -> {previous_deep}","{credit_small, repayment_some_late} -> {previous_deep}"
"frozenset({'leverage_under_3x', 'repayment_some_late'})",frozenset({'credit_small'}),0.21684186888605073,0.334033206551487,0.13000799988772088,0.5995521093578077,1.7948877464833555,1.0,0.05757561510909624,1.6630548168964303,0.5654823422361261,0.3089051328566855,0.39869691014383646,0.49437946137296523,fpgrowth,Portfolio-wide,356255,46316,"{leverage_under_3x, repayment_some_late} -> {credit_small}","{leverage_under_3x, repayment_some_late} -> {credit_small}"
"frozenset({'repayment_some_late', 'credit_small'})",frozenset({'leverage_under_3x'}),0.14718389917334493,0.47446632327967325,0.13000799988772088,0.8833031372175075,1.8616772021074428,1.0,0.06017419640097778,4.503408782289649,0.5427312532336828,0.2644361975449615,0.7779459852872663,0.5786560234129021,fpgrowth,Portfolio-wide,356255,46316,"{credit_small, repayment_some_late} -> {leverage_under_3x}","{credit_small, repayment_some_late} -> {leverage_under_3x}"
"frozenset({'repayment_some_late', 'credit_small'})",frozenset({'burden_under_20pct'}),0.14718389917334493,0.6564820142875187,0.12649647022497928,0.8594450271765042,1.309167667158805,1.0,0.029872887624970743,2.4440116120534525,0.276913039754315,0.18680179900101557,0.5908366412548252,0.5260667145503044,fpgrowth,Portfolio-wide,356255,45065,"{credit_small, repayment_some_late} -> {burden_under_20pct}","{credit_small, repayment_some_late} -> {burden_under_20pct}"
"frozenset({'repayment_some_late', 'burden_under_20pct'})",frozenset({'credit_small'}),0.2975565255224488,0.334033206551487,0.12649647022497928,0.4251174461822915,1.2726801941972947,1.0,0.027102709874396322,1.158439735257102,0.3050162144129653,0.25044180902735325,0.1367699418752572,0.401905871434437,fpgrowth,Portfolio-wide,356255,45065,"{burden_under_20pct, repayment_some_late} -> {credit_small}","{burden_under_20pct, repayment_some_late} -> {credit_small}"
"frozenset({'leverage_under_3x', 'credit_file_established'})",frozenset({'credit_small'}),0.1903439951719976,0.334033206551487,0.11566434155310101,0.6076595242659746,1.8191590307423868,1.0,0.0520831264979779,1.6974205687102843,0.5561564977236267,0.2829965798112715,0.4108708127887192,0.4769627610153496,fpgrowth,Portfolio-wide,356255,41206,"{credit_file_established, leverage_under_3x} -> {credit_small}","{credit_file_established, leverage_under_3x} -> {credit_small}"
"frozenset({'credit_file_established', 'credit_small'})",frozenset({'leverage_under_3x'}),0.1310774585619851,0.47446632327967325,0.11566434155310101,0.8824121463905604,1.8597993220910314,1.0,0.053472501724352216,4.469285394611018,0.5320469397331583,0.23610776864807875,0.7762505833246225,0.5630949574827778,fpgrowth,Portfolio-wide,356255,41206,"{credit_file_established, credit_small} -> {leverage_under_3x}","{credit_file_established, credit_small} -> {leverage_under_3x}"
"frozenset({'credit_file_established', 'credit_small'})",frozenset({'burden_under_20pct'}),0.1310774585619851,0.6564820142875187,0.11361805448344585,0.8668008651519369,1.320372601666289,1.0,0.027568060458985105,2.5789806075266446,0.2792401099511933,0.16858743414065266,0.6122498955278908,0.5199359750666152,fpgrowth,Portfolio-wide,356255,40477,"{credit_file_established, credit_small} -> {burden_under_20pct}","{credit_file_established, credit_small} -> {burden_under_20pct}"
"frozenset({'credit_file_established', 'burden_under_20pct'})",frozenset({'credit_small'}),0.26991901868043955,0.334033206551487,0.11361805448344585,0.42093386023294516,1.260155732954243,1.0,0.023456139164387907,1.1500703420794318,0.28277313452694003,0.23171555494492918,0.13048796807340604,0.38053692952824225,fpgrowth,Portfolio-wide,356255,40477,"{burden_under_20pct, credit_file_established} -> {credit_small}","{burden_under_20pct, credit_file_established} -> {credit_small}"
"frozenset({'leverage_under_3x', 'previous_two_to_four'})",frozenset({'credit_small'}),0.1749645619008856,0.334033206551487,0.11075212979466954,0.6329974972726689,1.8950136838419396,1.0,0.05230815615004059,1.8146110407952745,0.5724594402147117,0.2781000444046604,0.4489177143098732,0.4822788681311286,fpgrowth,Portfolio-wide,356255,39456,"{leverage_under_3x, previous_two_to_four} -> {credit_small}","{leverage_under_3x, previous_two_to_four} -> {credit_small}"
"frozenset({'previous_two_to_four', 'credit_small'})",frozenset({'leverage_under_3x'}),0.1280403082062006,0.47446632327967325,0.11075212979466954,0.864978625452154,1.823055890401507,1.0,0.05000131552847737,3.8922257937323783,0.5177652925492336,0.22521833437981623,0.7430775980133804,0.5492016317681462,fpgrowth,Portfolio-wide,356255,39456,"{credit_small, previous_two_to_four} -> {leverage_under_3x}","{credit_small, previous_two_to_four} -> {leverage_under_3x}"
"frozenset({'previous_two_to_four', 'credit_small'})",frozenset({'burden_under_20pct'}),0.1280403082062006,0.6564820142875187,0.10744831651485594,0.8391757097446017,1.2782920041691634,1.0,0.02339215707365465,2.135983222229395,0.24967453336781292,0.15869508438669883,0.5318315286408161,0.5014243059679716,fpgrowth,Portfolio-wide,356255,38279,"{credit_small, previous_two_to_four} -> {burden_under_20pct}","{credit_small, previous_two_to_four} -> {burden_under_20pct}"
"frozenset({'previous_two_to_four', 'burden_under_20pct'})",frozenset({'credit_small'}),0.24252010498098273,0.334033206551487,0.10744831651485594,0.4430491093646917,1.3263624713802258,1.0,0.026438548194855027,1.1957370113706998,0.324838037143684,0.22904961076106536,0.1636957035780988,0.3823593375833299,fpgrowth,Portfolio-wide,356255,38279,"{burden_under_20pct, previous_two_to_four} -> {credit_small}","{burden_under_20pct, previous_two_to_four} -> {credit_small}"
"frozenset({'bureau_debt_low', 'previous_approval_high'})",frozenset({'external_score_strong'}),0.2650320697253372,0.33316585030385537,0.11305104489761547,0.42655609570107705,1.2803115784887542,1.0,0.024751410029782817,1.1628585545981136,0.29789072028625363,0.2330243699229327,0.1400501840521765,0.38293986162063254,fpgrowth,Portfolio-wide,356255,40275,"{bureau_debt_low, previous_approval_high} -> {external_score_strong}","{bureau_debt_low, previous_approval_high} -> {external_score_strong}"
"frozenset({'bureau_debt_low', 'repayment_clean_observed'})",frozenset({'external_score_strong'}),0.22509999859651092,0.33316585030385537,0.09538392443614827,0.4237402267030788,1.2718597248686125,1.0,0.02038829200034506,1.1571762954769955,0.27584174804597755,0.2060653471110465,0.13582744141177433,0.35501792449298114,fpgrowth,Portfolio-wide,356255,33981,"{bureau_debt_low, repayment_clean_observed} -> {external_score_strong}","{bureau_debt_low, repayment_clean_observed} -> {external_score_strong}"
"frozenset({'leverage_under_3x', 'external_score_strong'})",frozenset({'burden_under_20pct'}),0.1461705800620342,0.6564820142875187,0.13184937755259576,0.9020240427084535,1.3740270457941213,1.0,0.03589102072389652,3.506145744412343,0.3188134322377966,0.19655448013825602,0.7147865283142678,0.5514331865065517,fpgrowth,Portfolio-wide,356255,46972,"{external_score_strong, leverage_under_3x} -> {burden_under_20pct}","{external_score_strong, leverage_under_3x} -> {burden_under_20pct}"
"frozenset({'external_score_strong', 'burden_under_20pct'})",frozenset({'leverage_under_3x'}),0.21168545002877154,0.47446632327967325,0.13184937755259576,0.62285517277959,1.3127489607148561,1.0,0.03141176038564153,1.3934532274870515,0.302214049085339,0.237865429704314,0.282358402654536,0.4503725136516582,fpgrowth,Portfolio-wide,356255,46972,"{burden_under_20pct, external_score_strong} -> {leverage_under_3x}","{burden_under_20pct, external_score_strong} -> {leverage_under_3x}"
"frozenset({'leverage_under_3x', 'external_score_strong'})",frozenset({'credit_small'}),0.1461705800620342,0.334033206551487,0.08622756171843202,0.5899105119637439,1.7660235581183652,1.0,0.037401734156819876,1.62395480224949,0.5080126402683184,0.21886488643164523,0.3842193153314321,0.4240255999285615,fpgrowth,Portfolio-wide,356255,30719,"{external_score_strong, leverage_under_3x} -> {credit_small}","{external_score_strong, leverage_under_3x} -> {credit_small}"
"frozenset({'external_score_strong', 'credit_small'})",frozenset({'leverage_under_3x'}),0.09920702867328178,0.47446632327967325,0.08622756171843202,0.8691678691678691,1.8318852709289966,1.0,0.03915716758031889,4.016854830520438,0.5041272522729148,0.17689672050905533,0.7510490066999916,0.5254518818835423,fpgrowth,Portfolio-wide,356255,30719,"{credit_small, external_score_strong} -> {leverage_under_3x}","{credit_small, external_score_strong} -> {leverage_under_3x}"
"frozenset({'external_score_strong', 'credit_small'})",frozenset({'burden_under_20pct'}),0.09920702867328178,0.6564820142875187,0.08327462070707779,0.8394024276377217,1.278637356955966,1.0,0.01814699069216215,2.1389986203376,0.24191732095230495,0.12384419184223819,0.5324915170622367,0.4831261202859907,fpgrowth,Portfolio-wide,356255,29667,"{credit_small, external_score_strong} -> {burden_under_20pct}","{credit_small, external_score_strong} -> {burden_under_20pct}"
"frozenset({'external_score_strong', 'credit_small'})",frozenset({'bureau_debt_low'}),0.09920702867328178,0.504579584847932,0.060611079142748873,0.6109554933084345,1.2108208727718575,1.0,0.010553237800787471,1.2734286351068755,0.19328970317935706,0.1115865411944664,0.21471845973051126,0.3655387171758601,fpgrowth,Portfolio-wide,356255,21593,"{credit_small, external_score_strong} -> {bureau_debt_low}","{credit_small, external_score_strong} -> {bureau_debt_low}"
"frozenset({'previous_deep', 'external_score_strong'})",frozenset({'bureau_debt_low'}),0.1228642405018877,0.504579584847932,0.07586139141906781,0.6174407712869252,1.2236737074350854,1.0,0.013866603953968847,1.2950162431544445,0.2083926948373307,0.13753409599804584,0.22780891337380754,0.38389325598653307,fpgrowth,Portfolio-wide,356255,27026,"{external_score_strong, previous_deep} -> {bureau_debt_low}","{external_score_strong, previous_deep} -> {bureau_debt_low}"
"frozenset({'previous_deep', 'external_score_strong'})",frozenset({'repayment_some_late'}),0.1228642405018877,0.44470674095802165,0.07058988645773392,0.5745356514587283,1.2919427536021135,1.0,0.015951330483856878,1.3051463911038195,0.2576247674200625,0.14203736755303525,0.23380242491092806,0.3666346083259847,fpgrowth,Portfolio-wide,356255,25148,"{external_score_strong, previous_deep} -> {repayment_some_late}","{external_score_strong, previous_deep} -> {repayment_some_late}"
"frozenset({'repayment_some_late', 'external_score_strong'})",frozenset({'previous_deep'}),0.13776087353159955,0.3972912660874935,0.07058988645773392,0.5124088186152655,1.289756061494743,1.0,0.015858694595045672,1.236094410487171,0.2605536887376447,0.15198196619265472,0.19100030586993838,0.34504337014472836,fpgrowth,Portfolio-wide,356255,25148,"{external_score_strong, repayment_some_late} -> {previous_deep}","{external_score_strong, repayment_some_late} -> {previous_deep}"
"frozenset({'bureau_debt_low', 'leverage_3_to_6x'})",frozenset({'external_score_strong'}),0.18350338942611333,0.33316585030385537,0.073380022736523,0.3998837458316762,1.2002543041760507,1.0,0.012242959964732451,1.111174951627135,0.20434038208004507,0.1655353207872141,0.10005170784702923,0.31006723941063136,fpgrowth,Portfolio-wide,356255,26142,"{bureau_debt_low, leverage_3_to_6x} -> {external_score_strong}","{bureau_debt_low, leverage_3_to_6x} -> {external_score_strong}"
"frozenset({'previous_two_to_four', 'external_score_strong'})",frozenset({'previous_approval_high'}),0.1310971074090188,0.5241863272094427,0.08705000631570083,0.6640116478245974,1.266747363212483,1.0,0.018330695075185435,1.4161612142499482,0.24234768926661596,0.15319409591179434,0.2938657054453808,0.41503928147987784,fpgrowth,Portfolio-wide,356255,31012,"{external_score_strong, previous_two_to_four} -> {previous_approval_high}","{external_score_strong, previous_two_to_four} -> {previous_approval_high}"
"frozenset({'bureau_debt_low', 'previous_two_to_four'})",frozenset({'external_score_strong'}),0.1928815034174959,0.33316585030385537,0.07803679948351602,0.40458415193189257,1.2143626111826946,1.0,0.013775269389540018,1.1199469276133005,0.21870733629459654,0.1741851810082328,0.10710054615616232,0.3194061190354034,fpgrowth,Portfolio-wide,356255,27801,"{bureau_debt_low, previous_two_to_four} -> {external_score_strong}","{bureau_debt_low, previous_two_to_four} -> {external_score_strong}"
"frozenset({'previous_two_to_four', 'external_score_strong'})",frozenset({'repayment_clean_observed'}),0.1310971074090188,0.44839230326591906,0.07090707498842122,0.5408744433025009,1.2062527375313472,1.0,0.012124141045791695,1.2014310436164957,0.19678417326791076,0.1394210337500345,0.16765926324839814,0.34950534399853544,fpgrowth,Portfolio-wide,356255,25261,"{external_score_strong, previous_two_to_four} -> {repayment_clean_observed}","{external_score_strong, previous_two_to_four} -> {repayment_clean_observed}"
"frozenset({'credit_medium', 'external_score_strong'})",frozenset({'leverage_3_to_6x'}),0.10547501087704032,0.3596637240179085,0.049054750108770404,0.4650840962316372,1.293108159577638,1.0,0.011119214905904673,1.1970784032986599,0.2533964807919936,0.11789627071077771,0.16463282835576384,0.3007373467141391,fpgrowth,Portfolio-wide,356255,17476,"{credit_medium, external_score_strong} -> {leverage_3_to_6x}","{credit_medium, external_score_strong} -> {leverage_3_to_6x}"
"frozenset({'bureau_debt_low', 'credit_file_established'})",frozenset({'external_score_strong'}),0.22697786697730557,0.33316585030385537,0.09418815174523866,0.4149662387771759,1.2455245289957437,1.0,0.01856687769358928,1.139821654569718,0.25500616089519973,0.2021397719263369,0.1226697650541659,0.3488363698182715,fpgrowth,Portfolio-wide,356255,33555,"{bureau_debt_low, credit_file_established} -> {external_score_strong}","{bureau_debt_low, credit_file_established} -> {external_score_strong}"
"frozenset({'credit_file_established', 'external_score_strong'})",frozenset({'bureau_debt_low'}),0.1402731189737688,0.504579584847932,0.09418815174523866,0.6714625897984912,1.3307367360113345,1.0,0.02340919960812983,1.5079573886218962,0.2890878132649354,0.17104451592184605,0.3368512880102748,0.4290645911458869,fpgrowth,Portfolio-wide,356255,33555,"{credit_file_established, external_score_strong} -> {bureau_debt_low}","{credit_file_established, external_score_strong} -> {bureau_debt_low}"
frozenset({'income_q1'}),frozenset({'credit_small'}),0.320088139113837,0.334033206551487,0.16854219589900493,0.5265493322108513,1.5763382857856392,1.0,0.061622128411711524,1.4066234113859173,0.5377438216529596,0.3470952078154807,0.28907766506266214,0.5155582603609361,fpgrowth,Portfolio-wide,356255,60044,{income_q1} -> {credit_small},{income_q1} -> {credit_small}
frozenset({'credit_small'}),frozenset({'income_q1'}),0.334033206551487,0.320088139113837,0.16854219589900493,0.5045671885110209,1.5763382857856387,1.0,0.061622128411711524,1.3723593696645737,0.5490039534356562,0.3470952078154807,0.2713278882306056,0.5155582603609361,fpgrowth,Portfolio-wide,356255,60044,{credit_small} -> {income_q1},{credit_small} -> {income_q1}
"frozenset({'card_history_not_observed', 'income_q1'})",frozenset({'credit_small'}),0.24162467895187437,0.334033206551487,0.1319925334381272,0.5462709107806691,1.6353790583286467,1.0,0.051281867145859014,1.4677630534871597,0.5123069796464311,0.2975047134596161,0.3186911214148857,0.4707094253569735,fpgrowth,Portfolio-wide,356255,47023,"{card_history_not_observed, income_q1} -> {credit_small}","{card_history_not_observed, income_q1} -> {credit_small}"
"frozenset({'card_history_not_observed', 'credit_small'})",frozenset({'income_q1'}),0.25061823693702545,0.320088139113837,0.1319925334381272,0.5266677120200708,1.645383404327785,1.0,0.051772608348964036,1.4364366812749385,0.5234166831784766,0.30086247712644126,0.30383287127391534,0.4695153999490706,fpgrowth,Portfolio-wide,356255,47023,"{card_history_not_observed, credit_small} -> {income_q1}","{card_history_not_observed, credit_small} -> {income_q1}"
"frozenset({'previous_approval_high', 'income_q1'})",frozenset({'credit_small'}),0.18435951776115422,0.334033206551487,0.09616707133934962,0.5216279175992327,1.5616049762969608,1.0,0.03458487046330546,1.392152297237496,0.44092120978191657,0.2277622656561628,0.28168778517670784,0.40476232898137954,fpgrowth,Portfolio-wide,356255,34260,"{income_q1, previous_approval_high} -> {credit_small}","{income_q1, previous_approval_high} -> {credit_small}"
"frozenset({'previous_approval_high', 'credit_small'})",frozenset({'income_q1'}),0.1762950695428836,0.320088139113837,0.09616707133934962,0.5454892844632678,1.7041846223151325,1.0,0.03973711059442353,1.4959204208931671,0.5016470113558966,0.2402878404253081,0.3315152423663478,0.4229643154841135,fpgrowth,Portfolio-wide,356255,34260,"{credit_small, previous_approval_high} -> {income_q1}","{credit_small, previous_approval_high} -> {income_q1}"
"frozenset({'bureau_debt_low', 'income_q1'})",frozenset({'credit_small'}),0.16327069093767105,0.334033206551487,0.08613773841770642,0.5275762472922326,1.5794125761892281,1.0,0.03159990598791935,1.4096810112349871,0.4384371477563096,0.20949617695248499,0.2906196564824801,0.39272401494114745,fpgrowth,Portfolio-wide,356255,30687,"{bureau_debt_low, income_q1} -> {credit_small}","{bureau_debt_low, income_q1} -> {credit_small}"
"frozenset({'bureau_debt_low', 'credit_small'})",frozenset({'income_q1'}),0.16699555093963594,0.320088139113837,0.08613773841770642,0.5158085825223135,1.6114579688904687,1.0,0.032684443277148374,1.40422121570855,0.4555125070595357,0.21483628420809442,0.2878614930373245,0.39245744692662204,fpgrowth,Portfolio-wide,356255,30687,"{bureau_debt_low, credit_small} -> {income_q1}","{bureau_debt_low, credit_small} -> {income_q1}"
"frozenset({'burden_under_20pct', 'credit_small'})",frozenset({'income_q1'}),0.28486337033866194,0.320088139113837,0.12396457593577634,0.43517204682511523,1.359538182295313,1.0,0.03278318982237825,1.2037503757814998,0.36979802375053045,0.2577296123813859,0.16926298000050133,0.41122733776892817,fpgrowth,Portfolio-wide,356255,44163,"{burden_under_20pct, credit_small} -> {income_q1}","{burden_under_20pct, credit_small} -> {income_q1}"
"frozenset({'income_q1', 'burden_under_20pct'})",frozenset({'credit_small'}),0.15247505298171254,0.334033206551487,0.12396457593577634,0.8130154639175258,2.4339360517805577,1.0,0.07303284506918703,3.5616142778500763,0.695133357666793,0.3419300391768222,0.7192284391324831,0.5920649961834332,fpgrowth,Portfolio-wide,356255,44163,"{burden_under_20pct, income_q1} -> {credit_small}","{burden_under_20pct, income_q1} -> {credit_small}"
"frozenset({'income_q1', 'repayment_clean_observed'})",frozenset({'credit_small'}),0.1510912127549087,0.334033206551487,0.08112166846781098,0.5369052705891096,1.6073410069976157,1.0,0.0306521861895359,1.4380789742429139,0.44510610538294854,0.20079484186537713,0.3046278974167907,0.38988018632353777,fpgrowth,Portfolio-wide,356255,28900,"{income_q1, repayment_clean_observed} -> {credit_small}","{income_q1, repayment_clean_observed} -> {credit_small}"
"frozenset({'repayment_clean_observed', 'credit_small'})",frozenset({'income_q1'}),0.1545213400513677,0.320088139113837,0.08112166846781098,0.5249868299151665,1.640132094143166,1.0,0.03166122027739229,1.4313537049188263,0.4616237285512471,0.20616056269706526,0.30136066538723844,0.3892111194817123,fpgrowth,Portfolio-wide,356255,28900,"{credit_small, repayment_clean_observed} -> {income_q1}","{credit_small, repayment_clean_observed} -> {income_q1}"
"frozenset({'leverage_under_3x', 'income_q1'})",frozenset({'credit_small'}),0.12870275504905193,0.334033206551487,0.12665646797939678,0.9841006739220519,2.9461162980823743,1.0,0.08366547401835138,41.88647935035373,0.7581455013226139,0.37686461204376515,0.9761259476683243,0.6816369790900837,fpgrowth,Portfolio-wide,356255,45122,"{income_q1, leverage_under_3x} -> {credit_small}","{income_q1, leverage_under_3x} -> {credit_small}"
"frozenset({'leverage_under_3x', 'credit_small'})",frozenset({'income_q1'}),0.29214747863187884,0.320088139113837,0.12665646797939678,0.4335360639514215,1.3544271435725945,1.0,0.033143525197319224,1.2002738702642766,0.3696822021622007,0.2608358864674259,0.1668568109544702,0.41461426946836644,fpgrowth,Portfolio-wide,356255,45122,"{credit_small, leverage_under_3x} -> {income_q1}","{credit_small, leverage_under_3x} -> {income_q1}"
"frozenset({'income_q1', 'credit_small'})",frozenset({'leverage_under_3x'}),0.16854219589900493,0.47446632327967325,0.12665646797939678,0.7514822463526747,1.5838473870140515,1.0,0.04668887197371349,2.114672569695436,0.4433490625086039,0.24529091670154876,0.5271135520786445,0.509213681464462,fpgrowth,Portfolio-wide,356255,45122,"{credit_small, income_q1} -> {leverage_under_3x}","{credit_small, income_q1} -> {leverage_under_3x}"
"frozenset({'leverage_under_3x', 'income_q1'})",frozenset({'burden_under_20pct'}),0.12870275504905193,0.6564820142875187,0.10882654278536441,0.8455649822250333,1.2880245975096922,1.0,0.02433549890640968,2.2243529392604127,0.25664870707889603,0.16090074536429888,0.5504310568931136,0.5056686482477385,fpgrowth,Portfolio-wide,356255,38770,"{income_q1, leverage_under_3x} -> {burden_under_20pct}","{income_q1, leverage_under_3x} -> {burden_under_20pct}"
"frozenset({'income_q1', 'burden_under_20pct'})",frozenset({'leverage_under_3x'}),0.15247505298171254,0.47446632327967325,0.10882654278536441,0.7137334315169366,1.5042868091951551,1.0,0.03648226500525788,1.8358192488391085,0.39554369886410445,0.21004328722891305,0.45528406424959544,0.4715498212243296,fpgrowth,Portfolio-wide,356255,38770,"{burden_under_20pct, income_q1} -> {leverage_under_3x}","{burden_under_20pct, income_q1} -> {leverage_under_3x}"
"frozenset({'external_score_strong', 'income_q1'})",frozenset({'bureau_debt_low'}),0.0991593100447713,0.504579584847932,0.061206158510056,0.6172507501556928,1.223297114451662,1.0,0.01117239501385793,1.2943733145227392,0.20262972970262302,0.11281560430463575,0.2274253580631647,0.3692760240022396,fpgrowth,Portfolio-wide,356255,21805,"{external_score_strong, income_q1} -> {bureau_debt_low}","{external_score_strong, income_q1} -> {bureau_debt_low}"
"frozenset({'external_score_strong', 'income_q1'})",frozenset({'credit_small'}),0.0991593100447713,0.334033206551487,0.05012982273932998,0.5055483213497142,1.5134672584469242,1.0,0.017007320445641946,1.3468794266538142,0.3766098990743024,0.13086584400738635,0.25754304341525297,0.3278113452363314,fpgrowth,Portfolio-wide,356255,17859,"{external_score_strong, income_q1} -> {credit_small}","{external_score_strong, income_q1} -> {credit_small}"
"frozenset({'external_score_strong', 'credit_small'})",frozenset({'income_q1'}),0.09920702867328178,0.320088139113837,0.05012982273932998,0.5053051523639759,1.5786437878107937,1.0,0.018374829544286146,1.3744065945607216,0.40691355878816104,0.13579233102944868,0.2724132698740339,0.3309588559431097,fpgrowth,Portfolio-wide,356255,17859,"{credit_small, external_score_strong} -> {income_q1}","{credit_small, external_score_strong} -> {income_q1}"
"frozenset({'credit_file_established', 'income_q1'})",frozenset({'credit_small'}),0.12498070202523473,0.334033206551487,0.06393454126959622,0.5115553060078608,1.5314504545493774,1.0,0.022186836615051136,1.3634436030115433,0.3965904029500855,0.16182708225280462,0.26656298963065095,0.3514785294671534,fpgrowth,Portfolio-wide,356255,22777,"{credit_file_established, income_q1} -> {credit_small}","{credit_file_established, income_q1} -> {credit_small}"
"frozenset({'credit_file_established', 'credit_small'})",frozenset({'income_q1'}),0.1310774585619851,0.320088139113837,0.06393454126959622,0.48776152643638776,1.5238350530161913,1.0,0.021978201478719324,1.3273346223997136,0.39561753543504335,0.1651069567171428,0.2466104755166555,0.34375097622670897,fpgrowth,Portfolio-wide,356255,22777,"{credit_file_established, credit_small} -> {income_q1}","{credit_file_established, credit_small} -> {income_q1}"
"frozenset({'previous_deep', 'income_q1'})",frozenset({'repayment_some_late'}),0.10984828283111817,0.44470674095802165,0.06367068532371475,0.579623856493075,1.3033844624086526,1.0,0.014820413466053194,1.3209437966900965,0.2614910094055168,0.12970608417200366,0.24296552017904843,0.3613992007787128,fpgrowth,Portfolio-wide,356255,22683,"{income_q1, previous_deep} -> {repayment_some_late}","{income_q1, previous_deep} -> {repayment_some_late}"
"frozenset({'previous_deep', 'income_q1'})",frozenset({'credit_small'}),0.10984828283111817,0.334033206551487,0.058649001417523966,0.533909132723463,1.5983714261090016,1.0,0.021956027269270907,1.4288346762507733,0.4205611053945316,0.15224313434032102,0.30012896759758445,0.3547437446039311,fpgrowth,Portfolio-wide,356255,20894,"{income_q1, previous_deep} -> {credit_small}","{income_q1, previous_deep} -> {credit_small}"
"frozenset({'previous_deep', 'credit_small'})",frozenset({'income_q1'}),0.13265217330283083,0.320088139113837,0.058649001417523966,0.44212620085488175,1.3812639296129707,1.0,0.01618861411561464,1.218755679022845,0.31824072440317297,0.1488208437502226,0.17949100282202238,0.31267693151142534,fpgrowth,Portfolio-wide,356255,20894,"{credit_small, previous_deep} -> {income_q1}","{credit_small, previous_deep} -> {income_q1}"
"frozenset({'leverage_3_to_6x', 'credit_small'})",frozenset({'income_q1'}),0.03978891524329483,0.320088139113837,0.03978891524329483,1.0,3.1241395034770636,1.0,0.027052955405710406,inf,0.7080858278765202,0.12430612191207809,1.0,0.562153060956039,fpgrowth,Portfolio-wide,356255,14175,"{credit_small, leverage_3_to_6x} -> {income_q1}","{credit_small, leverage_3_to_6x} -> {income_q1}"
"frozenset({'external_score_middle', 'credit_small'})",frozenset({'income_q1'}),0.10825672622138637,0.320088139113837,0.05362170355503782,0.495319833017865,1.5474482571867747,1.0,0.01897000951227814,1.347213354849807,0.39672274391819745,0.143096848618321,0.25772707314686316,0.3314207576689476,fpgrowth,Portfolio-wide,356255,19103,"{credit_small, external_score_middle} -> {income_q1}","{credit_small, external_score_middle} -> {income_q1}"
"frozenset({'income_q1', 'external_score_middle'})",frozenset({'credit_small'}),0.10359152853995032,0.334033206551487,0.05362170355503782,0.5176263378945941,1.5496253897583938,1.0,0.019018693105268332,1.380603556466541,0.39567090015043815,0.13963875061219416,0.27567910765103487,0.3390772003419912,fpgrowth,Portfolio-wide,356255,19103,"{external_score_middle, income_q1} -> {credit_small}","{external_score_middle, income_q1} -> {credit_small}"
"frozenset({'credit_medium', 'income_q1'})",frozenset({'leverage_3_to_6x'}),0.10188769280431152,0.3596637240179085,0.068290971354788,0.6702573144525868,1.8635666309766985,1.0,0.03164566432919665,1.9419271572894936,0.5159650435542997,0.1736532929814919,0.48504762588737804,0.43006590943495326,fpgrowth,Portfolio-wide,356255,24329,"{credit_medium, income_q1} -> {leverage_3_to_6x}","{credit_medium, income_q1} -> {leverage_3_to_6x}"
"frozenset({'credit_medium', 'leverage_3_to_6x'})",frozenset({'income_q1'}),0.1635682306213246,0.320088139113837,0.068290971354788,0.4175075507962657,1.3043518324425705,1.0,0.015934720797065274,1.1672457931696811,0.2789655973328565,0.16441179650754176,0.14328241245189807,0.31542903606828976,fpgrowth,Portfolio-wide,356255,24329,"{credit_medium, leverage_3_to_6x} -> {income_q1}","{credit_medium, leverage_3_to_6x} -> {income_q1}"
"frozenset({'income_q1', 'leverage_3_to_6x'})",frozenset({'credit_medium'}),0.10807988659808283,0.3439278045220418,0.068290971354788,0.6318564305007272,1.8371775186330783,1.0,0.03111929324411812,1.7821096165561412,0.5109053816304315,0.17797236304050446,0.43886728924539337,0.41520918418756875,fpgrowth,Portfolio-wide,356255,24329,"{income_q1, leverage_3_to_6x} -> {credit_medium}","{income_q1, leverage_3_to_6x} -> {credit_medium}"
"frozenset({'previous_two_to_four', 'income_q1'})",frozenset({'previous_approval_high'}),0.1321048125640342,0.5241863272094427,0.0844142538350339,0.6389945392346429,1.2190217601370736,1.0,0.015166717330400967,1.3180234774892288,0.20701819925400672,0.1476091374046551,0.24128817348158937,0.400016590184515,fpgrowth,Portfolio-wide,356255,30073,"{income_q1, previous_two_to_four} -> {previous_approval_high}","{income_q1, previous_two_to_four} -> {previous_approval_high}"
"frozenset({'previous_two_to_four', 'income_q1'})",frozenset({'credit_small'}),0.1321048125640342,0.334033206551487,0.06833307602700313,0.5172640928117629,1.5485409314598582,1.0,0.024205681885355622,1.3795675513916705,0.4081493133902264,0.1717753316398532,0.27513516899464113,0.3609169011550012,fpgrowth,Portfolio-wide,356255,24344,"{income_q1, previous_two_to_four} -> {credit_small}","{income_q1, previous_two_to_four} -> {credit_small}"
"frozenset({'previous_two_to_four', 'credit_small'})",frozenset({'income_q1'}),0.1280403082062006,0.320088139113837,0.06833307602700313,0.5336840951441412,1.6673035640172233,1.0,0.027348892041718226,1.4580499052382268,0.4589996524248245,0.1799207710045527,0.3141524193325793,0.3735830786771016,fpgrowth,Portfolio-wide,356255,24344,"{credit_small, previous_two_to_four} -> {income_q1}","{credit_small, previous_two_to_four} -> {income_q1}"
"frozenset({'repayment_some_late', 'income_q1'})",frozenset({'credit_small'}),0.13486407208319884,0.334033206551487,0.07062076321735836,0.5236440078258335,1.5676405745161162,1.0,0.025571684770816568,1.3980443290089244,0.4185454135763331,0.1773159111411818,0.28471509862001204,0.36753119963396114,fpgrowth,Portfolio-wide,356255,25159,"{income_q1, repayment_some_late} -> {credit_small}","{income_q1, repayment_some_late} -> {credit_small}"
"frozenset({'repayment_some_late', 'credit_small'})",frozenset({'income_q1'}),0.14718389917334493,0.320088139113837,0.07062076321735836,0.47981310193573,1.4990030660432814,1.0,0.02350894282344377,1.3070530292405762,0.3903420169648494,0.1780424459871629,0.23492010069322153,0.35022110903438963,fpgrowth,Portfolio-wide,356255,25159,"{credit_small, repayment_some_late} -> {income_q1}","{credit_small, repayment_some_late} -> {income_q1}"
"frozenset({'external_score_weak', 'previous_approval_high'})",frozenset({'income_q1'}),0.16005670095858304,0.320088139113837,0.06276122440386801,0.3921186931130636,1.2250334992063217,1.0,0.011528972841335278,1.1184944382779383,0.21870022951513993,0.150368203369313,0.10594101698026798,0.29409675677988817,fpgrowth,Portfolio-wide,356255,22359,"{external_score_weak, previous_approval_high} -> {income_q1}","{external_score_weak, previous_approval_high} -> {income_q1}"
"frozenset({'external_score_weak', 'income_q1'})",frozenset({'credit_small'}),0.11710432134285835,0.334033206551487,0.0646475137191057,0.5520506244157338,1.6526818699105659,1.0,0.025530781759914987,1.48670101968528,0.44730411661230923,0.16726826398622982,0.32736980283252237,0.37279340659362836,fpgrowth,Portfolio-wide,356255,23031,"{external_score_weak, income_q1} -> {credit_small}","{external_score_weak, income_q1} -> {credit_small}"
"frozenset({'external_score_weak', 'credit_small'})",frozenset({'income_q1'}),0.12634489340500485,0.320088139113837,0.0646475137191057,0.5116749239074893,1.5985438427180079,1.0,0.024206011902561594,1.392334520943907,0.42857950189880956,0.16932940233654137,0.28178179528144676,0.35682138765946136,fpgrowth,Portfolio-wide,356255,23031,"{credit_small, external_score_weak} -> {income_q1}","{credit_small, external_score_weak} -> {income_q1}"
"frozenset({'previous_outcome_mixed', 'income_q1'})",frozenset({'credit_small'}),0.09611093177639612,0.334033206551487,0.051564188572791964,0.5365070093457944,1.60614872660302,1.0,0.019459945846871163,1.4368432897087011,0.4175209821058134,0.1362042247777506,0.30402987774488943,0.3454377300155414,fpgrowth,Portfolio-wide,356255,18370,"{income_q1, previous_outcome_mixed} -> {credit_small}","{income_q1, previous_outcome_mixed} -> {credit_small}"
"frozenset({'previous_outcome_mixed', 'credit_small'})",frozenset({'income_q1'}),0.10966582925151927,0.320088139113837,0.051564188572791964,0.47019375975837624,1.4689508991495472,1.0,0.01646145736329737,1.2833217301783422,0.35856430356659,0.13634474363922455,0.22077217545359354,0.3156437391216881,fpgrowth,Portfolio-wide,356255,18370,"{credit_small, previous_outcome_mixed} -> {income_q1}","{credit_small, previous_outcome_mixed} -> {income_q1}"
"frozenset({'previous_outcome_mixed', 'income_q1'})",frozenset({'previous_two_to_four'}),0.09611093177639612,0.3841686432471123,0.04681478154692566,0.4870911214953271,1.2679096278610407,1.0,0.009891975285171786,1.2006642555072813,0.23376790644774798,0.10800134694089002,0.16712770001010857,0.30447554861865767,fpgrowth,Portfolio-wide,356255,16678,"{income_q1, previous_outcome_mixed} -> {previous_two_to_four}","{income_q1, previous_outcome_mixed} -> {previous_two_to_four}"
"frozenset({'previous_deep', 'income_q1'})",frozenset({'previous_outcome_mixed'}),0.10984828283111817,0.3234901966288192,0.048804929053627315,0.4442939643276945,1.3734387284616496,1.0,0.013270086441250752,1.2173878992563472,0.30545415150425176,0.12691982013548236,0.1785691309968998,0.29758192511148057,fpgrowth,Portfolio-wide,356255,17387,"{income_q1, previous_deep} -> {previous_outcome_mixed}","{income_q1, previous_deep} -> {previous_outcome_mixed}"
"frozenset({'previous_outcome_mixed', 'income_q1'})",frozenset({'previous_deep'}),0.09611093177639612,0.3972912660874935,0.048804929053627315,0.5077978971962617,1.2781501647318667,1.0,0.010620895283334188,1.2245147480664704,0.24075887601491022,0.10977334427678515,0.18334997469077677,0.31532105023939777,fpgrowth,Portfolio-wide,356255,17387,"{income_q1, previous_outcome_mixed} -> {previous_deep}","{income_q1, previous_outcome_mixed} -> {previous_deep}"
frozenset({'credit_file_thin'}),frozenset({'bureau_debt_low'}),0.23164306465874163,0.504579584847932,0.14754319237624736,0.6369419805147594,1.2623221383534933,1.0,0.03066083097783684,1.3645764273558714,0.2704591814995781,0.25063417890520695,0.2671718637719019,0.4646750746147693,fpgrowth,Portfolio-wide,356255,52563,{credit_file_thin} -> {bureau_debt_low},{credit_file_thin} -> {bureau_debt_low}
"frozenset({'card_history_not_observed', 'credit_file_thin'})",frozenset({'bureau_debt_low'}),0.17017866415909952,0.504579584847932,0.10870303574686671,0.638758309004239,1.2659218251898663,1.0,0.022834356035492637,1.3714375375290822,0.2531410042045853,0.19203610036695426,0.27083810043460005,0.4270955970724498,fpgrowth,Portfolio-wide,356255,38726,"{card_history_not_observed, credit_file_thin} -> {bureau_debt_low}","{card_history_not_observed, credit_file_thin} -> {bureau_debt_low}"
"frozenset({'credit_file_thin', 'burden_under_20pct'})",frozenset({'bureau_debt_low'}),0.14372008813911383,0.504579584847932,0.08769841826781379,0.610202925724107,1.2093293982712505,1.0,0.015180195860271542,1.270970070959066,0.2021481908173018,0.15643635744578577,0.2131994113398701,0.3920039267164363,fpgrowth,Portfolio-wide,356255,31243,"{burden_under_20pct, credit_file_thin} -> {bureau_debt_low}","{burden_under_20pct, credit_file_thin} -> {bureau_debt_low}"
"frozenset({'previous_approval_high', 'credit_file_thin'})",frozenset({'bureau_debt_low'}),0.12729365201891904,0.504579584847932,0.08136306858851104,0.6391761670599131,1.266749956307775,1.0,0.01713329049902776,1.3730257536350994,0.24129333387979174,0.1477957597821764,0.2716815417682516,0.40021269759656797,fpgrowth,Portfolio-wide,356255,28986,"{credit_file_thin, previous_approval_high} -> {bureau_debt_low}","{credit_file_thin, previous_approval_high} -> {bureau_debt_low}"
"frozenset({'credit_file_thin', 'repayment_clean_observed'})",frozenset({'bureau_debt_low'}),0.10893882191127142,0.504579584847932,0.06916394155871497,0.6348879154856996,1.2582512938509776,1.0,0.014195636024902841,1.35689952802059,0.2303390640018836,0.1270568094508815,0.26302575883508916,0.38598016455307904,fpgrowth,Portfolio-wide,356255,24640,"{credit_file_thin, repayment_clean_observed} -> {bureau_debt_low}","{credit_file_thin, repayment_clean_observed} -> {bureau_debt_low}"
"frozenset({'leverage_under_3x', 'credit_file_thin'})",frozenset({'burden_under_20pct'}),0.10835216347840732,0.6564820142875187,0.09658811806150089,0.8914276832206419,1.3578859189129655,1.0,0.025456871528785535,3.163955563466353,0.29558879455891574,0.14453974948123632,0.6839399353306895,0.5192787801458635,fpgrowth,Portfolio-wide,356255,34410,"{credit_file_thin, leverage_under_3x} -> {burden_under_20pct}","{credit_file_thin, leverage_under_3x} -> {burden_under_20pct}"
"frozenset({'credit_file_thin', 'burden_under_20pct'})",frozenset({'leverage_under_3x'}),0.14372008813911383,0.47446632327967325,0.09658811806150089,0.6720571863830784,1.416448656961762,1.0,0.02839777626070497,1.6025162159345747,0.34335618364285314,0.18517721260130665,0.3759813535385614,0.4378146561030761,fpgrowth,Portfolio-wide,356255,34410,"{burden_under_20pct, credit_file_thin} -> {leverage_under_3x}","{burden_under_20pct, credit_file_thin} -> {leverage_under_3x}"
"frozenset({'leverage_under_3x', 'credit_file_thin'})",frozenset({'bureau_debt_low'}),0.10835216347840732,0.504579584847932,0.06683414969614461,0.6168233983575555,1.2224501681800128,1.0,0.012161860030834588,1.2929297170769372,0.20408365033099762,0.12238499100488306,0.22656275372739854,0.3746392594122014,fpgrowth,Portfolio-wide,356255,23810,"{credit_file_thin, leverage_under_3x} -> {bureau_debt_low}","{credit_file_thin, leverage_under_3x} -> {bureau_debt_low}"
"frozenset({'card_history_not_observed', 'credit_file_thin'})",frozenset({'income_q1'}),0.17017866415909952,0.320088139113837,0.06679765898022484,0.3925148861068501,1.2262712613892108,1.0,0.012325487052660053,1.1192239041527399,0.2223608116523006,0.15773914080987386,0.10652372926487225,0.30060004563338,fpgrowth,Portfolio-wide,356255,23797,"{card_history_not_observed, credit_file_thin} -> {income_q1}","{card_history_not_observed, credit_file_thin} -> {income_q1}"
"frozenset({'credit_file_thin', 'income_q1'})",frozenset({'bureau_debt_low'}),0.08642124321062161,0.504579584847932,0.05625464905755709,0.6509354293880733,1.2900550258771357,1.0,0.012648254036299475,1.41928014717613,0.24610824728318698,0.10519878638992997,0.2954174677989758,0.38121179426724294,fpgrowth,Portfolio-wide,356255,20041,"{credit_file_thin, income_q1} -> {bureau_debt_low}","{credit_file_thin, income_q1} -> {bureau_debt_low}"
"frozenset({'previous_approval_high', 'credit_file_thin'})",frozenset({'income_q1'}),0.12729365201891904,0.320088139113837,0.05116840465396977,0.4019713775386447,1.2558146598355728,1.0,0.010423216458229655,1.1369219387657301,0.23341660348963608,0.12914355344909426,0.1204321370685977,0.2809143059240056,fpgrowth,Portfolio-wide,356255,18229,"{credit_file_thin, previous_approval_high} -> {income_q1}","{credit_file_thin, previous_approval_high} -> {income_q1}"
"frozenset({'repayment_clean_observed', 'credit_file_thin'})",frozenset({'income_q1'}),0.10893882191127142,0.320088139113837,0.04243028168025712,0.38948724555526926,1.2168124899396882,1.0,0.00756025689742456,1.1136734751832524,0.19996459851018988,0.10975335264690295,0.10207073950876656,0.2610226823481099,fpgrowth,Portfolio-wide,356255,15116,"{credit_file_thin, repayment_clean_observed} -> {income_q1}","{credit_file_thin, repayment_clean_observed} -> {income_q1}"
"frozenset({'previous_two_to_four', 'credit_file_thin'})",frozenset({'income_q1'}),0.09355938864015943,0.320088139113837,0.03699035803006274,0.39536767573730164,1.2351837741688143,1.0,0.007043107423605845,1.1245046511783208,0.2100566439446401,0.0982069664495551,0.11071955198038329,0.2554653572533903,fpgrowth,Portfolio-wide,356255,13178,"{credit_file_thin, previous_two_to_four} -> {income_q1}","{credit_file_thin, previous_two_to_four} -> {income_q1}"
"frozenset({'leverage_under_3x', 'credit_file_thin'})",frozenset({'credit_small'}),0.10835216347840732,0.334033206551487,0.07168180095717955,0.6615631719385509,1.9805311536791157,1.0,0.03548858035369623,1.9677728256204876,0.5552471759570237,0.1933669026615682,0.49181125637067635,0.43807900363803454,fpgrowth,Portfolio-wide,356255,25537,"{credit_file_thin, leverage_under_3x} -> {credit_small}","{credit_file_thin, leverage_under_3x} -> {credit_small}"
"frozenset({'credit_file_thin', 'credit_small'})",frozenset({'leverage_under_3x'}),0.08419250256136757,0.47446632327967325,0.07168180095717955,0.8514036140561445,1.794444773595209,1.0,0.031735293819173005,3.53665180604655,0.48342535048282537,0.14719750069169052,0.7172466912659262,0.5012412051266459,fpgrowth,Portfolio-wide,356255,25537,"{credit_file_thin, credit_small} -> {leverage_under_3x}","{credit_file_thin, credit_small} -> {leverage_under_3x}"
"frozenset({'credit_file_thin', 'credit_small'})",frozenset({'burden_under_20pct'}),0.08419250256136757,0.6564820142875187,0.06939130678867665,0.8241981729679269,1.2554771570740302,1.0,0.01412044311928299,1.9540069151261443,0.2221974470494273,0.10337113419305201,0.4882310844148455,0.46494996836531033,fpgrowth,Portfolio-wide,356255,24721,"{credit_file_thin, credit_small} -> {burden_under_20pct}","{credit_file_thin, credit_small} -> {burden_under_20pct}"
"frozenset({'credit_file_thin', 'burden_under_20pct'})",frozenset({'credit_small'}),0.14372008813911383,0.334033206551487,0.06939130678867665,0.4828226011210719,1.4454329439449036,1.0,0.021384024901706128,1.2876950827551856,0.35988904712655717,0.16992596971425825,0.22341863893712002,0.3452801756120061,fpgrowth,Portfolio-wide,356255,24721,"{burden_under_20pct, credit_file_thin} -> {credit_small}","{burden_under_20pct, credit_file_thin} -> {credit_small}"
"frozenset({'credit_file_thin', 'credit_small'})",frozenset({'bureau_debt_low'}),0.08419250256136757,0.504579584847932,0.05352065234172152,0.6356938054277522,1.2598484451552572,1.0,0.011038834351998227,1.3599011560420178,0.22521516130518787,0.09999160924241948,0.26465243774739294,0.37088179943671057,fpgrowth,Portfolio-wide,356255,19067,"{credit_file_thin, credit_small} -> {bureau_debt_low}","{credit_file_thin, credit_small} -> {bureau_debt_low}"
"frozenset({'credit_file_thin', 'income_q1'})",frozenset({'credit_small'}),0.08642124321062161,0.334033206551487,0.04733126552609788,0.5476809146420683,1.6396002071059068,1.0,0.018463700542288016,1.472338477430189,0.426996818061248,0.12685158019063095,0.3208083498942485,0.3446886014542767,fpgrowth,Portfolio-wide,356255,16862,"{credit_file_thin, income_q1} -> {credit_small}","{credit_file_thin, income_q1} -> {credit_small}"
"frozenset({'credit_file_thin', 'credit_small'})",frozenset({'income_q1'}),0.08419250256136757,0.320088139113837,0.04733126552609788,0.5621791024871641,1.7563259421094302,1.0,0.02038224405389278,1.5529451991638419,0.4702184723204625,0.1325993787598789,0.3560622740979954,0.35502428943340425,fpgrowth,Portfolio-wide,356255,16862,"{credit_file_thin, credit_small} -> {income_q1}","{credit_file_thin, credit_small} -> {income_q1}"
"frozenset({'bureau_debt_low', 'credit_file_thin'})",frozenset({'external_score_strong'}),0.14754319237624736,0.33316585030385537,0.06312613156306578,0.4278484865780111,1.2841907001807145,1.0,0.013969778418488017,1.165485250065786,0.2596019546711797,0.15117029428767326,0.14198828346943485,0.308661041051281,fpgrowth,Portfolio-wide,356255,22489,"{bureau_debt_low, credit_file_thin} -> {external_score_strong}","{bureau_debt_low, credit_file_thin} -> {external_score_strong}"
"frozenset({'external_score_strong', 'credit_file_thin'})",frozenset({'bureau_debt_low'}),0.08173639668215182,0.504579584847932,0.06312613156306578,0.7723136096706618,1.5306081198338977,1.0,0.02188361445821972,2.1758894523096632,0.37752221110439554,0.1206562619038677,0.540417828240989,0.4487100010591639,fpgrowth,Portfolio-wide,356255,22489,"{credit_file_thin, external_score_strong} -> {bureau_debt_low}","{credit_file_thin, external_score_strong} -> {bureau_debt_low}"
"frozenset({'repayment_some_late', 'credit_file_thin'})",frozenset({'bureau_debt_low'}),0.09533339882949012,0.504579584847932,0.059777406632889364,0.6270353031239878,1.24268861038633,1.0,0.011674119829362915,1.3283305881273928,0.21587309587673137,0.11067111512997203,0.24717535759697826,0.37275251601940634,fpgrowth,Portfolio-wide,356255,21296,"{credit_file_thin, repayment_some_late} -> {bureau_debt_low}","{credit_file_thin, repayment_some_late} -> {bureau_debt_low}"
"frozenset({'credit_file_thin', 'leverage_3_to_6x'})",frozenset({'bureau_debt_low'}),0.08363672088812789,0.504579584847932,0.05376766641871693,0.6428715263793797,1.274073596483547,1.0,0.011566284514943001,1.3872330316578345,0.23474967816486925,0.10060399159663863,0.2791405789949116,0.3747154320797037,fpgrowth,Portfolio-wide,356255,19155,"{credit_file_thin, leverage_3_to_6x} -> {bureau_debt_low}","{credit_file_thin, leverage_3_to_6x} -> {bureau_debt_low}"
"frozenset({'credit_medium', 'credit_file_thin'})",frozenset({'bureau_debt_low'}),0.07946555136068266,0.504579584847932,0.04923439671022161,0.6195690568703638,1.2278916457888143,1.0,0.009137701794936337,1.3022610912678778,0.20161754151526462,0.09205947651013754,0.2321048315845767,0.35857207175707395,fpgrowth,Portfolio-wide,356255,17540,"{credit_file_thin, credit_medium} -> {bureau_debt_low}","{credit_file_thin, credit_medium} -> {bureau_debt_low}"
"frozenset({'credit_medium', 'credit_file_thin'})",frozenset({'leverage_3_to_6x'}),0.07946555136068266,0.3596637240179085,0.040167857293230975,0.5054750971388202,1.4054102857302657,1.0,0.011586981159711473,1.2948514266466435,0.3133657949730134,0.10068105704556328,0.22771062422986899,0.30857840019117516,fpgrowth,Portfolio-wide,356255,14310,"{credit_file_thin, credit_medium} -> {leverage_3_to_6x}","{credit_file_thin, credit_medium} -> {leverage_3_to_6x}"
"frozenset({'credit_file_thin', 'leverage_3_to_6x'})",frozenset({'credit_medium'}),0.08363672088812789,0.3439278045220418,0.040167857293230975,0.4802658074909384,1.3964145997395185,1.0,0.011402863500754357,1.262322558211368,0.3097901340091423,0.10368663594470046,0.20780945132047907,0.2985286728067297,fpgrowth,Portfolio-wide,356255,14310,"{credit_file_thin, leverage_3_to_6x} -> {credit_medium}","{credit_file_thin, leverage_3_to_6x} -> {credit_medium}"
"frozenset({'previous_deep', 'credit_file_thin'})",frozenset({'bureau_debt_low'}),0.07608314269273414,0.504579584847932,0.04879089416288894,0.6412838959601549,1.270927154441697,1.0,0.010400893609063176,1.3810933202403375,0.23072730090911553,0.0917343072165166,0.2759359665674292,0.36899001400180653,fpgrowth,Portfolio-wide,356255,17382,"{credit_file_thin, previous_deep} -> {bureau_debt_low}","{credit_file_thin, previous_deep} -> {bureau_debt_low}"
"frozenset({'previous_deep', 'credit_file_thin'})",frozenset({'repayment_some_late'}),0.07608314269273414,0.44470674095802165,0.04406394296220404,0.5791551374285188,1.3023304665471407,1.0,0.010229256533474118,1.3194725858098382,0.25126258451065,0.09243034456770059,0.24212142733815045,0.33912026607395995,fpgrowth,Portfolio-wide,356255,15698,"{credit_file_thin, previous_deep} -> {repayment_some_late}","{credit_file_thin, previous_deep} -> {repayment_some_late}"
"frozenset({'external_score_weak', 'credit_file_thin'})",frozenset({'credit_small'}),0.0753533283743386,0.334033206551487,0.031334297062497365,0.4158316260011175,1.2448811011758567,1.0,0.006163783161289894,1.1400254157712872,0.21274119036256958,0.08288351165328957,0.12282657371858059,0.254818780202515,fpgrowth,Portfolio-wide,356255,11163,"{credit_file_thin, external_score_weak} -> {credit_small}","{credit_file_thin, external_score_weak} -> {credit_small}"
"frozenset({'external_score_weak', 'credit_file_thin'})",frozenset({'income_q1'}),0.0753533283743386,0.320088139113837,0.030960968968856577,0.4108772583348855,1.2836378738443663,1.0,0.0068412623134806415,1.1541090044571005,0.23897137807002017,0.0849454747088904,0.1335307183827011,0.2538018222782089,fpgrowth,Portfolio-wide,356255,11030,"{credit_file_thin, external_score_weak} -> {income_q1}","{credit_file_thin, external_score_weak} -> {income_q1}"
"frozenset({'credit_large', 'credit_file_thin'})",frozenset({'leverage_3_to_6x'}),0.06798501073669141,0.3596637240179085,0.031640257680593954,0.46540049545829887,1.293987868054009,1.0,0.007188515541638026,1.1977868863365966,0.24376778282424943,0.07989793025233909,0.16512694252441124,0.2766861372805495,fpgrowth,Portfolio-wide,356255,11272,"{credit_file_thin, credit_large} -> {leverage_3_to_6x}","{credit_file_thin, credit_large} -> {leverage_3_to_6x}"
"frozenset({'credit_large', 'credit_file_thin'})",frozenset({'bureau_debt_low'}),0.06798501073669141,0.504579584847932,0.04478814332430422,0.6587943848059454,1.3056302803144326,1.0,0.010484294830902269,1.4519702873890472,0.25116161618468585,0.08486195837743254,0.31128067241774365,0.3737788367156358,fpgrowth,Portfolio-wide,356255,15956,"{credit_file_thin, credit_large} -> {bureau_debt_low}","{credit_file_thin, credit_large} -> {bureau_debt_low}"
"frozenset({'burden_20_to_35pct', 'credit_file_thin'})",frozenset({'credit_large'}),0.0733912506491137,0.3220389889264712,0.03183113219463587,0.4337183507993575,1.3467883259886437,1.0,0.00819628803954607,1.19721522325601,0.27788731938432,0.08754458288943445,0.16472829565234987,0.26628041520164514,fpgrowth,Portfolio-wide,356255,11340,"{burden_20_to_35pct, credit_file_thin} -> {credit_large}","{burden_20_to_35pct, credit_file_thin} -> {credit_large}"
"frozenset({'credit_large', 'credit_file_thin'})",frozenset({'burden_20_to_35pct'}),0.06798501073669141,0.2896268122552666,0.03183113219463587,0.4682080924855492,1.6165909807856031,1.0,0.01214085025382786,1.3358104508678141,0.4092362715740774,0.09770724015819267,0.25139079474161435,0.28905602383554846,fpgrowth,Portfolio-wide,356255,11340,"{credit_file_thin, credit_large} -> {burden_20_to_35pct}","{credit_file_thin, credit_large} -> {burden_20_to_35pct}"
"frozenset({'income_q4', 'credit_file_thin'})",frozenset({'burden_under_20pct'}),0.044911650362801925,0.6564820142875187,0.037658418829209415,0.8385,1.2772627151256013,1.0,0.008174728134060436,2.127046351160875,0.22728338536865186,0.056737108758812306,0.5298644999182874,0.44793198824158204,fpgrowth,Portfolio-wide,356255,13416,"{credit_file_thin, income_q4} -> {burden_under_20pct}","{credit_file_thin, income_q4} -> {burden_under_20pct}"
"frozenset({'income_q3', 'credit_file_thin'})",frozenset({'bureau_debt_low'}),0.05725954723442478,0.504579584847932,0.03597423194060434,0.6282660914750723,1.2451278457181665,1.0,0.007082233368477735,1.3327286098756475,0.20882695690661016,0.06840964652880827,0.24965968870938646,0.3497807740849346,fpgrowth,Portfolio-wide,356255,12816,"{credit_file_thin, income_q3} -> {bureau_debt_low}","{credit_file_thin, income_q3} -> {bureau_debt_low}"
"frozenset({'burden_20_to_35pct', 'credit_file_thin'})",frozenset({'bureau_debt_low'}),0.0733912506491137,0.504579584847932,0.049197905994301835,0.6703511053315995,1.3285339428340666,1.0,0.012166179210301525,1.5028729753528218,0.26687702914599415,0.09304165029886718,0.3346077703172251,0.38392693646299486,fpgrowth,Portfolio-wide,356255,17527,"{burden_20_to_35pct, credit_file_thin} -> {bureau_debt_low}","{burden_20_to_35pct, credit_file_thin} -> {bureau_debt_low}"
"frozenset({'burden_20_to_35pct', 'credit_file_thin'})",frozenset({'leverage_3_to_6x'}),0.0733912506491137,0.3596637240179085,0.035847917923958965,0.4884494760192764,1.3580726756723325,1.0,0.009451747405166987,1.2517556838749728,0.28454553392024723,0.09024995229917955,0.201122061691488,0.29406006407962854,fpgrowth,Portfolio-wide,356255,12771,"{burden_20_to_35pct, credit_file_thin} -> {leverage_3_to_6x}","{burden_20_to_35pct, credit_file_thin} -> {leverage_3_to_6x}"
"frozenset({'credit_file_thin', 'leverage_3_to_6x'})",frozenset({'burden_20_to_35pct'}),0.08363672088812789,0.2896268122552666,0.035847917923958965,0.4286145791381394,1.4798857046438574,1.0,0.011624481065647015,1.2432469604723688,0.3538685448841623,0.10624261684108947,0.1956545788617473,0.27619368338188405,fpgrowth,Portfolio-wide,356255,12771,"{credit_file_thin, leverage_3_to_6x} -> {burden_20_to_35pct}","{credit_file_thin, leverage_3_to_6x} -> {burden_20_to_35pct}"
"frozenset({'burden_20_to_35pct', 'credit_file_thin'})",frozenset({'income_q1'}),0.0733912506491137,0.320088139113837,0.03492442211337385,0.4758662892985543,1.486672672770658,1.0,0.011432753265861864,1.2972107059785185,0.3532850059785677,0.09740325825720035,0.22911521205363866,0.2924875280295267,fpgrowth,Portfolio-wide,356255,12442,"{burden_20_to_35pct, credit_file_thin} -> {income_q1}","{burden_20_to_35pct, credit_file_thin} -> {income_q1}"
"frozenset({'credit_file_thin', 'income_q1'})",frozenset({'burden_20_to_35pct'}),0.08642124321062161,0.2896268122552666,0.03492442211337385,0.40411848772248926,1.3953075841828961,1.0,0.00989451293114441,1.1921383246639514,0.3101124479840389,0.10238054094974779,0.16117116670845447,0.2623513519043921,fpgrowth,Portfolio-wide,356255,12442,"{credit_file_thin, income_q1} -> {burden_20_to_35pct}","{credit_file_thin, income_q1} -> {burden_20_to_35pct}"
"frozenset({'card_utilisation_moderate', 'credit_file_thin'})",frozenset({'bureau_debt_low'}),0.05372836872464948,0.504579584847932,0.03501424541409945,0.6516900893370252,1.2915506471262186,1.0,0.007904007428459203,1.4223552072035,0.23855402467731426,0.06691126774162402,0.29694073960181483,0.3605414993661912,fpgrowth,Portfolio-wide,356255,12474,"{card_utilisation_moderate, credit_file_thin} -> {bureau_debt_low}","{card_utilisation_moderate, credit_file_thin} -> {bureau_debt_low}"
"frozenset({'previous_deep', 'credit_file_thin'})",frozenset({'card_utilisation_moderate'}),0.07608314269273414,0.25667850275785603,0.032066918359040575,0.42147205312672936,1.6420231869761814,1.0,0.012538011207557261,1.2848497661340674,0.423193059503917,0.10664276912736642,0.2216988893504183,0.27320116878310813,fpgrowth,Portfolio-wide,356255,11424,"{credit_file_thin, previous_deep} -> {card_utilisation_moderate}","{credit_file_thin, previous_deep} -> {card_utilisation_moderate}"
"frozenset({'card_utilisation_moderate', 'credit_file_thin'})",frozenset({'previous_deep'}),0.05372836872464948,0.3972912660874935,0.032066918359040575,0.596834021211013,1.5022580966569128,1.0,0.010721106723608896,1.494939468163702,0.353318658462691,0.076540662226808,0.3310765945404179,0.33877394907389285,fpgrowth,Portfolio-wide,356255,11424,"{card_utilisation_moderate, credit_file_thin} -> {previous_deep}","{card_utilisation_moderate, credit_file_thin} -> {previous_deep}"
"frozenset({'previous_two_to_four', 'credit_file_thin'})",frozenset({'bureau_debt_low'}),0.09355938864015943,0.504579584847932,0.059460218102202075,0.635534487414119,1.2595327010815422,1.0,0.01225206062352411,1.3593067054192938,0.22732295042895104,0.11038159108318091,0.26433085630108877,0.3766877984497984,fpgrowth,Portfolio-wide,356255,21183,"{credit_file_thin, previous_two_to_four} -> {bureau_debt_low}","{credit_file_thin, previous_two_to_four} -> {bureau_debt_low}"
"frozenset({'credit_file_thin', 'external_score_middle'})",frozenset({'bureau_debt_low'}),0.07442983256375349,0.504579584847932,0.046233737070356905,0.6211721224920802,1.2310686780545954,1.0,0.008677963055037083,1.3077717997184901,0.2027913609536202,0.08677899306653179,0.23534059977798946,0.35640017903708254,fpgrowth,Portfolio-wide,356255,16471,"{credit_file_thin, external_score_middle} -> {bureau_debt_low}","{credit_file_thin, external_score_middle} -> {bureau_debt_low}"
"frozenset({'previous_outcome_mixed', 'credit_file_thin'})",frozenset({'bureau_debt_low'}),0.07279897825995425,0.504579584847932,0.04611865096630223,0.6335068440331598,1.2555142202673208,1.0,0.009385772738540889,1.3517862669088778,0.21949242546411402,0.08680995857638008,0.2602380831352175,0.36245349822973194,fpgrowth,Portfolio-wide,356255,16430,"{credit_file_thin, previous_outcome_mixed} -> {bureau_debt_low}","{credit_file_thin, previous_outcome_mixed} -> {bureau_debt_low}"
"frozenset({'previous_deep', 'credit_file_thin'})",frozenset({'previous_outcome_mixed'}),0.07608314269273414,0.3234901966288192,0.03754613970330241,0.4934882862940417,1.525512338354669,1.0,0.012933988913491332,1.3356251890433284,0.3728501322730653,0.10371082543768512,0.2512869566975803,0.30477702960630326,fpgrowth,Portfolio-wide,356255,13376,"{credit_file_thin, previous_deep} -> {previous_outcome_mixed}","{credit_file_thin, previous_deep} -> {previous_outcome_mixed}"
"frozenset({'previous_outcome_mixed', 'credit_file_thin'})",frozenset({'previous_deep'}),0.07279897825995425,0.3972912660874935,0.03754613970330241,0.5157509157509157,1.2981682704228752,1.0,0.008623741460529268,1.2446254490023771,0.24771741228202948,0.08680303187623299,0.1965454339684725,0.3051281197235965,fpgrowth,Portfolio-wide,356255,13376,"{credit_file_thin, previous_outcome_mixed} -> {previous_deep}","{credit_file_thin, previous_outcome_mixed} -> {previous_deep}"
"frozenset({'previous_outcome_mixed', 'credit_file_thin'})",frozenset({'previous_two_to_four'}),0.07279897825995425,0.3841686432471123,0.03482056392190987,0.47831116252168876,1.2450551884684151,1.0,0.006853479214007217,1.1804572237535949,0.21227624570128467,0.08248444066173732,0.152870616674936,0.28447495405972206,fpgrowth,Portfolio-wide,356255,12405,"{credit_file_thin, previous_outcome_mixed} -> {previous_two_to_four}","{credit_file_thin, previous_outcome_mixed} -> {previous_two_to_four}"
frozenset({'previous_deep'}),frozenset({'repayment_some_late'}),0.3972912660874935,0.44470674095802165,0.23665913460863708,0.5956816945392371,1.3394932877697638,1.0,0.05998103045578165,1.3734061790973422,0.42051662048869376,0.3909531427511535,0.2718832817125955,0.5639253393764929,fpgrowth,Portfolio-wide,356255,84311,{previous_deep} -> {repayment_some_late},{previous_deep} -> {repayment_some_late}
frozenset({'repayment_some_late'}),frozenset({'previous_deep'}),0.44470674095802165,0.3972912660874935,0.23665913460863708,0.5321689842137487,1.3394932877697638,1.0,0.05998103045578165,1.2883043525867468,0.4564237649150838,0.3909531427511535,0.2237859027704666,0.5639253393764929,fpgrowth,Portfolio-wide,356255,84311,{repayment_some_late} -> {previous_deep},{repayment_some_late} -> {previous_deep}
"frozenset({'leverage_under_3x', 'previous_deep'})",frozenset({'burden_under_20pct'}),0.2024168081851483,0.6564820142875187,0.18634124433341287,0.920581872642556,1.402295649549006,1.0,0.05345825037037641,4.325435478557436,0.35969115324389433,0.2770636305206134,0.7688094054443029,0.6022150410780925,fpgrowth,Portfolio-wide,356255,66385,"{leverage_under_3x, previous_deep} -> {burden_under_20pct}","{leverage_under_3x, previous_deep} -> {burden_under_20pct}"
"frozenset({'previous_deep', 'burden_under_20pct'})",frozenset({'leverage_under_3x'}),0.2761673520371644,0.47446632327967325,0.18634124433341287,0.6747403085804891,1.4221036888697467,1.0,0.05530913620245628,1.6157356431925896,0.4100621806259218,0.33022105933383744,0.38108687258760704,0.5337394593289653,fpgrowth,Portfolio-wide,356255,66385,"{burden_under_20pct, previous_deep} -> {leverage_under_3x}","{burden_under_20pct, previous_deep} -> {leverage_under_3x}"
"frozenset({'leverage_under_3x', 'previous_deep'})",frozenset({'repayment_some_late'}),0.2024168081851483,0.44470674095802165,0.12160952126987691,0.6007876636343465,1.3509749421384603,1.0,0.03159340218673462,1.3909721931372496,0.32572629858731655,0.23141060907930366,0.2810783673938417,0.43712384968006457,fpgrowth,Portfolio-wide,356255,43324,"{leverage_under_3x, previous_deep} -> {repayment_some_late}","{leverage_under_3x, previous_deep} -> {repayment_some_late}"
"frozenset({'leverage_under_3x', 'repayment_some_late'})",frozenset({'previous_deep'}),0.21684186888605073,0.3972912660874935,0.12160952126987691,0.5608212191427943,1.411612252808214,1.0,0.03546014063935955,1.3723539482852902,0.3723260419685291,0.24691104728035382,0.27132500966717354,0.43345892909208783,fpgrowth,Portfolio-wide,356255,43324,"{leverage_under_3x, repayment_some_late} -> {previous_deep}","{leverage_under_3x, repayment_some_late} -> {previous_deep}"
"frozenset({'previous_deep', 'burden_under_20pct'})",frozenset({'repayment_some_late'}),0.2761673520371644,0.44470674095802165,0.16608889699793686,0.6014067042058828,1.3523669619000738,1.0,0.04327541391448281,1.393132460834967,0.35996681195494384,0.2993751423005894,0.2821931667569823,0.4874431535281855,fpgrowth,Portfolio-wide,356255,59170,"{burden_under_20pct, previous_deep} -> {repayment_some_late}","{burden_under_20pct, previous_deep} -> {repayment_some_late}"
"frozenset({'repayment_some_late', 'burden_under_20pct'})",frozenset({'previous_deep'}),0.2975565255224488,0.3972912660874935,0.16608889699793686,0.5581759523045865,1.404953997105142,1.0,0.0478722882405276,1.3641374593716193,0.4103289920940281,0.3141108332935187,0.2669360458288102,0.48811459110103456,fpgrowth,Portfolio-wide,356255,59170,"{burden_under_20pct, repayment_some_late} -> {previous_deep}","{burden_under_20pct, repayment_some_late} -> {previous_deep}"
"frozenset({'previous_deep', 'card_history_not_observed'})",frozenset({'repayment_some_late'}),0.20842374142117304,0.44470674095802165,0.11593942541157318,0.5562678446371815,1.250864431330243,1.0,0.02325198262588589,1.2514154143008673,0.25335885400119945,0.21582530816137782,0.2009048405731253,0.4084888447128494,fpgrowth,Portfolio-wide,356255,41304,"{card_history_not_observed, previous_deep} -> {repayment_some_late}","{card_history_not_observed, previous_deep} -> {repayment_some_late}"
"frozenset({'bureau_debt_low', 'previous_deep'})",frozenset({'repayment_some_late'}),0.20735147576876115,0.44470674095802165,0.12252740312416668,0.5909164748883173,1.3287778674443282,1.0,0.03031680410220472,1.3574080229468528,0.3121544518099199,0.23138861795513338,0.26330183475042457,0.43322026333588304,fpgrowth,Portfolio-wide,356255,43651,"{bureau_debt_low, previous_deep} -> {repayment_some_late}","{bureau_debt_low, previous_deep} -> {repayment_some_late}"
"frozenset({'bureau_debt_low', 'repayment_some_late'})",frozenset({'previous_deep'}),0.22383405145190946,0.3972912660874935,0.12252740312416668,0.5474028742695192,1.377837674762695,1.0,0.03360008942934442,1.3316671707531267,0.35330730620283707,0.24574391424775374,0.2490616109170519,0.42790493162736576,fpgrowth,Portfolio-wide,356255,43651,"{bureau_debt_low, repayment_some_late} -> {previous_deep}","{bureau_debt_low, repayment_some_late} -> {previous_deep}"
"frozenset({'previous_deep', 'previous_approval_high'})",frozenset({'repayment_some_late'}),0.1167815188558757,0.44470674095802165,0.07689155239926457,0.6584222670897029,1.4805763134403556,1.0,0.024958023744740328,1.6256717155149154,0.3675051389941574,0.15867122335495829,0.38486965698160047,0.41566310887765034,fpgrowth,Portfolio-wide,356255,27393,"{previous_approval_high, previous_deep} -> {repayment_some_late}","{previous_approval_high, previous_deep} -> {repayment_some_late}"
"frozenset({'credit_file_established', 'previous_deep'})",frozenset({'repayment_some_late'}),0.1616959761968253,0.44470674095802165,0.09642531332893574,0.5963371235135839,1.3409671331469102,1.0,0.024518022728419714,1.3756361840241331,0.30331426356892,0.18907761913673343,0.27306361113974825,0.4065830565778159,fpgrowth,Portfolio-wide,356255,34352,"{credit_file_established, previous_deep} -> {repayment_some_late}","{credit_file_established, previous_deep} -> {repayment_some_late}"
"frozenset({'credit_file_established', 'repayment_some_late'})",frozenset({'previous_deep'}),0.18242831679555374,0.3972912660874935,0.09642531332893574,0.5285654936837408,1.3304231399019415,1.0,0.023948136379019838,1.278456977241676,0.3037769537849171,0.19951677353405817,0.2178070769674694,0.3856361738609538,fpgrowth,Portfolio-wide,356255,34352,"{credit_file_established, repayment_some_late} -> {previous_deep}","{credit_file_established, repayment_some_late} -> {previous_deep}"
frozenset({'previous_deep'}),frozenset({'previous_outcome_mixed'}),0.3972912660874935,0.3234901966288192,0.17967467123268446,0.45224923518231985,1.3980307282734814,1.0,0.051154841447128646,1.2350686604634102,0.4723809760080617,0.3320502977610857,0.19032841492003388,0.5038373166236559,fpgrowth,Portfolio-wide,356255,64010,{previous_deep} -> {previous_outcome_mixed},{previous_deep} -> {previous_outcome_mixed}
frozenset({'previous_outcome_mixed'}),frozenset({'previous_deep'}),0.3234901966288192,0.3972912660874935,0.17967467123268446,0.555425398064992,1.3980307282734814,1.0,0.051154841447128646,1.3556976293499918,0.4208485058980914,0.3320502977610857,0.26237239163760717,0.5038373166236559,fpgrowth,Portfolio-wide,356255,64010,{previous_outcome_mixed} -> {previous_deep},{previous_outcome_mixed} -> {previous_deep}
"frozenset({'previous_deep', 'card_history_not_observed'})",frozenset({'previous_outcome_mixed'}),0.20842374142117304,0.3234901966288192,0.09437341230298522,0.4527958842859452,1.3997205757845408,1.0,0.026950375208535784,1.2363024764322048,0.3607633386984546,0.21569067720495783,0.19113645805688317,0.3722654418175789,fpgrowth,Portfolio-wide,356255,33621,"{card_history_not_observed, previous_deep} -> {previous_outcome_mixed}","{card_history_not_observed, previous_deep} -> {previous_outcome_mixed}"
"frozenset({'previous_deep', 'burden_under_20pct'})",frozenset({'previous_outcome_mixed'}),0.2761673520371644,0.3234901966288192,0.12580595360065122,0.4555424552273697,1.4082110060048296,1.0,0.03646852258768857,1.2425391288382208,0.4004781331368693,0.26549652868279505,0.1951963710511041,0.4222221799326575,fpgrowth,Portfolio-wide,356255,44819,"{burden_under_20pct, previous_deep} -> {previous_outcome_mixed}","{burden_under_20pct, previous_deep} -> {previous_outcome_mixed}"
"frozenset({'previous_outcome_mixed', 'burden_under_20pct'})",frozenset({'previous_deep'}),0.21820044630952548,0.3972912660874935,0.12580595360065122,0.5765613944812504,1.4512309826470666,1.0,0.039116822025483694,1.4233674635644884,0.3977104037691336,0.25691160369841737,0.29744073431625606,0.4466103212965258,fpgrowth,Portfolio-wide,356255,44819,"{burden_under_20pct, previous_outcome_mixed} -> {previous_deep}","{burden_under_20pct, previous_outcome_mixed} -> {previous_deep}"
"frozenset({'leverage_under_3x', 'previous_outcome_mixed'})",frozenset({'previous_deep'}),0.16172685295644973,0.3972912660874935,0.09244221133738474,0.5715946959178007,1.438729578797036,1.0,0.02818954516597094,1.4068657137747835,0.36377444642271056,0.1981289856816268,0.2892001061587574,0.40213795147600184,fpgrowth,Portfolio-wide,356255,32933,"{leverage_under_3x, previous_outcome_mixed} -> {previous_deep}","{leverage_under_3x, previous_outcome_mixed} -> {previous_deep}"
"frozenset({'leverage_under_3x', 'previous_deep'})",frozenset({'previous_outcome_mixed'}),0.2024168081851483,0.3234901966288192,0.09244221133738474,0.45669236742844466,1.4117657109481587,1.0,0.02696235825659314,1.2451689665561292,0.3656887130237107,0.21326348236025486,0.19689614272528344,0.37122873827190384,fpgrowth,Portfolio-wide,356255,32933,"{leverage_under_3x, previous_deep} -> {previous_outcome_mixed}","{leverage_under_3x, previous_deep} -> {previous_outcome_mixed}"
"frozenset({'leverage_under_3x', 'previous_outcome_mixed'})",frozenset({'burden_under_20pct'}),0.16172685295644973,0.6564820142875187,0.1474702109444078,0.911847403499028,1.3889906861936772,1.0,0.04129944075117632,3.8968561261686,0.3340829523681289,0.2198624002946174,0.7433828790124714,0.5682422479814755,fpgrowth,Portfolio-wide,356255,52537,"{leverage_under_3x, previous_outcome_mixed} -> {burden_under_20pct}","{leverage_under_3x, previous_outcome_mixed} -> {burden_under_20pct}"
"frozenset({'previous_outcome_mixed', 'burden_under_20pct'})",frozenset({'leverage_under_3x'}),0.21820044630952548,0.47446632327967325,0.1474702109444078,0.6758474303724191,1.424437093239265,1.0,0.043941447445943485,1.6212540820642352,0.38113131998905747,0.27048998862167856,0.3831935345218892,0.4933301199285349,fpgrowth,Portfolio-wide,356255,52537,"{burden_under_20pct, previous_outcome_mixed} -> {leverage_under_3x}","{burden_under_20pct, previous_outcome_mixed} -> {leverage_under_3x}"
"frozenset({'previous_deep', 'repayment_clean_observed'})",frozenset({'previous_outcome_mixed'}),0.1285848619668496,0.3234901966288192,0.06922288809981614,0.5383439935383876,1.6641740589007616,1.0,0.02762694581867038,1.4653980320895788,0.45799217817903554,0.18080839925802641,0.3175915498029886,0.3761657925954769,fpgrowth,Portfolio-wide,356255,24661,"{previous_deep, repayment_clean_observed} -> {previous_outcome_mixed}","{previous_deep, repayment_clean_observed} -> {previous_outcome_mixed}"
"frozenset({'leverage_under_3x', 'previous_outcome_mixed'})",frozenset({'credit_small'}),0.16172685295644973,0.334033206551487,0.09755371854430113,0.6032004998611497,1.8058099854457852,1.0,0.043531579265777394,1.6783458477530189,0.5323227661188197,0.2449828355526106,0.4041752471108343,0.44762423292231435,fpgrowth,Portfolio-wide,356255,34754,"{leverage_under_3x, previous_outcome_mixed} -> {credit_small}","{leverage_under_3x, previous_outcome_mixed} -> {credit_small}"
"frozenset({'previous_outcome_mixed', 'credit_small'})",frozenset({'leverage_under_3x'}),0.10966582925151927,0.47446632327967325,0.09755371854430113,0.8895543781514756,1.8748525121921658,1.0,0.04552097574991634,4.758302483380406,0.5241006428930027,0.2004891950203639,0.7898410192515595,0.5475808168126618,fpgrowth,Portfolio-wide,356255,34754,"{credit_small, previous_outcome_mixed} -> {leverage_under_3x}","{credit_small, previous_outcome_mixed} -> {leverage_under_3x}"
"frozenset({'previous_deep', 'credit_small'})",frozenset({'previous_outcome_mixed'}),0.13265217330283083,0.3234901966288192,0.06067002568385005,0.4573617165347666,1.4138348589881842,1.0,0.017758348058877098,1.2467048934532543,0.33746993696487215,0.1534115509372627,0.19788555796063767,0.3224549916354253,fpgrowth,Portfolio-wide,356255,21614,"{credit_small, previous_deep} -> {previous_outcome_mixed}","{credit_small, previous_deep} -> {previous_outcome_mixed}"
"frozenset({'previous_outcome_mixed', 'credit_small'})",frozenset({'previous_deep'}),0.10966582925151927,0.3972912660874935,0.06067002568385005,0.5532263431365021,1.3924956080324902,1.0,0.01710074953397908,1.3490247794458734,0.3165832444408719,0.13594394686525108,0.2587237719897473,0.35296776436024185,fpgrowth,Portfolio-wide,356255,21614,"{credit_small, previous_outcome_mixed} -> {previous_deep}","{credit_small, previous_outcome_mixed} -> {previous_deep}"
"frozenset({'previous_outcome_mixed', 'credit_small'})",frozenset({'burden_under_20pct'}),0.10966582925151927,0.6564820142875187,0.09472989852773996,0.8638050628375439,1.3158091829446894,1.0,0.022736254042191498,2.5222522427740905,0.2695744943682903,0.1410893158748474,0.6035289480404412,0.5040521840109686,fpgrowth,Portfolio-wide,356255,33748,"{credit_small, previous_outcome_mixed} -> {burden_under_20pct}","{credit_small, previous_outcome_mixed} -> {burden_under_20pct}"
"frozenset({'previous_outcome_mixed', 'burden_under_20pct'})",frozenset({'credit_small'}),0.21820044630952548,0.334033206551487,0.09472989852773996,0.43414163504213027,1.2996960377806415,1.0,0.021843703776003587,1.1769142857826211,0.2949468675382677,0.2070581883328834,0.1503204506222619,0.35886794527629406,fpgrowth,Portfolio-wide,356255,33748,"{burden_under_20pct, previous_outcome_mixed} -> {credit_small}","{burden_under_20pct, previous_outcome_mixed} -> {credit_small}"
"frozenset({'previous_deep', 'external_score_strong'})",frozenset({'previous_outcome_mixed'}),0.1228642405018877,0.3234901966288192,0.056962007550771215,0.4636174636174636,1.4331731485187167,1.0,0.017216630232165027,1.2612450210137127,0.34458474587800236,0.14628432199418986,0.2071326480272167,0.3198515970089574,fpgrowth,Portfolio-wide,356255,20293,"{external_score_strong, previous_deep} -> {previous_outcome_mixed}","{external_score_strong, previous_deep} -> {previous_outcome_mixed}"
"frozenset({'previous_outcome_mixed', 'external_score_strong'})",frozenset({'previous_deep'}),0.10107647611963341,0.3972912660874935,0.056962007550771215,0.5635535560554306,1.4184896678079049,1.0,0.016805206381539754,1.3809454568246022,0.32819791498437895,0.12904682263613412,0.27585843810266214,0.3534647465447815,fpgrowth,Portfolio-wide,356255,20293,"{external_score_strong, previous_outcome_mixed} -> {previous_deep}","{external_score_strong, previous_outcome_mixed} -> {previous_deep}"
"frozenset({'previous_outcome_mixed', 'card_history_not_observed'})",frozenset({'previous_two_to_four'}),0.21238438758754263,0.3841686432471123,0.11672818627106989,0.5496081307904789,1.4306428711750674,1.0,0.03513676424469479,1.3673234328890704,0.38218330425781316,0.2432724932724933,0.2686441437728736,0.4267271704207396,fpgrowth,Portfolio-wide,356255,41585,"{card_history_not_observed, previous_outcome_mixed} -> {previous_two_to_four}","{card_history_not_observed, previous_outcome_mixed} -> {previous_two_to_four}"
"frozenset({'previous_two_to_four', 'card_history_not_observed'})",frozenset({'previous_outcome_mixed'}),0.2920267785715288,0.3234901966288192,0.11672818627106989,0.3997174055134761,1.235639934931697,1.0,0.022260386250085376,1.126985539119056,0.26936435631267386,0.2340232757068252,0.1126771681722893,0.3802786775929566,fpgrowth,Portfolio-wide,356255,41585,"{card_history_not_observed, previous_two_to_four} -> {previous_outcome_mixed}","{card_history_not_observed, previous_two_to_four} -> {previous_outcome_mixed}"
"frozenset({'previous_outcome_mixed', 'previous_two_to_four'})",frozenset({'repayment_clean_observed'}),0.1420302872942134,0.44839230326591906,0.08452372598279323,0.5951105753078124,1.327209613040307,1.0,0.020838438329420686,1.3623662735904605,0.2873522344648137,0.16707633066820546,0.2659830037009496,0.39180726897378454,fpgrowth,Portfolio-wide,356255,30112,"{previous_outcome_mixed, previous_two_to_four} -> {repayment_clean_observed}","{previous_outcome_mixed, previous_two_to_four} -> {repayment_clean_observed}"
"frozenset({'previous_outcome_mixed', 'repayment_clean_observed'})",frozenset({'previous_two_to_four'}),0.1541255561325455,0.3841686432471123,0.08452372598279323,0.5484082465214541,1.427519544245303,1.0,0.025313520193646577,1.3636904394494098,0.354052778229434,0.18626977941085504,0.26669574628406856,0.3842127450841697,fpgrowth,Portfolio-wide,356255,30112,"{previous_outcome_mixed, repayment_clean_observed} -> {previous_two_to_four}","{previous_outcome_mixed, repayment_clean_observed} -> {previous_two_to_four}"
"frozenset({'previous_two_to_four', 'repayment_clean_observed'})",frozenset({'previous_outcome_mixed'}),0.19653899594391658,0.3234901966288192,0.08452372598279323,0.4300608414979006,1.3294401066235808,1.0,0.020945287539664945,1.1869860024167627,0.30842025381328936,0.19408189441254006,0.15753008210379063,0.3456738326106363,fpgrowth,Portfolio-wide,356255,30112,"{previous_two_to_four, repayment_clean_observed} -> {previous_outcome_mixed}","{previous_two_to_four, repayment_clean_observed} -> {previous_outcome_mixed}"
"frozenset({'leverage_under_3x', 'previous_two_to_four'})",frozenset({'previous_outcome_mixed'}),0.1749645619008856,0.3234901966288192,0.06848745982512526,0.3914361804530578,1.210040318168286,1.0,0.01188813929273256,1.1116497261944067,0.21039248488777498,0.15928527595346592,0.10043606683251362,0.3015751773018901,fpgrowth,Portfolio-wide,356255,24399,"{leverage_under_3x, previous_two_to_four} -> {previous_outcome_mixed}","{leverage_under_3x, previous_two_to_four} -> {previous_outcome_mixed}"
"frozenset({'credit_file_established', 'previous_outcome_mixed'})",frozenset({'previous_deep'}),0.13289918737982626,0.3972912660874935,0.07411825798936156,0.5577028682465256,1.4037632232360866,1.0,0.021318571573231346,1.3626783685507635,0.3317136210635968,0.16251430962961141,0.26615111600874625,0.37213092994414354,fpgrowth,Portfolio-wide,356255,26405,"{credit_file_established, previous_outcome_mixed} -> {previous_deep}","{credit_file_established, previous_outcome_mixed} -> {previous_deep}"
"frozenset({'credit_file_established', 'previous_deep'})",frozenset({'previous_outcome_mixed'}),0.1616959761968253,0.3234901966288192,0.07411825798936156,0.4583803489280445,1.416983740790147,1.0,0.02181119485536167,1.249049590487079,0.3510368456323989,0.18030659974734545,0.19939127508136803,0.3437504590750683,fpgrowth,Portfolio-wide,356255,26405,"{credit_file_established, previous_deep} -> {previous_outcome_mixed}","{credit_file_established, previous_deep} -> {previous_outcome_mixed}"
"frozenset({'credit_medium', 'previous_two_to_four'})",frozenset({'previous_outcome_mixed'}),0.13120657955677814,0.3234901966288192,0.05112349300360697,0.38964122970284326,1.2044916160161954,1.0,0.008679450783789996,1.108380572694676,0.19541378752864996,0.12667709963484614,0.09778281518520573,0.2738392273725722,fpgrowth,Portfolio-wide,356255,18213,"{credit_medium, previous_two_to_four} -> {previous_outcome_mixed}","{credit_medium, previous_two_to_four} -> {previous_outcome_mixed}"
"frozenset({'previous_deep', 'credit_medium'})",frozenset({'previous_outcome_mixed'}),0.1399783862682629,0.3234901966288192,0.06370156208333919,0.4550814149354296,1.4067857996253328,1.0,0.018419926385634014,1.2414878514209924,0.33622379217445586,0.15934671637913483,0.1945148727348304,0.3260005104960457,fpgrowth,Portfolio-wide,356255,22694,"{credit_medium, previous_deep} -> {previous_outcome_mixed}","{credit_medium, previous_deep} -> {previous_outcome_mixed}"
"frozenset({'credit_medium', 'previous_outcome_mixed'})",frozenset({'previous_deep'}),0.11553802753645563,0.3972912660874935,0.06370156208333919,0.5513471490002673,1.3877655918034877,1.0,0.017799312842129045,1.343374354067942,0.31591772189874795,0.14183395415114625,0.2556058577626944,0.35584342408010217,fpgrowth,Portfolio-wide,356255,22694,"{credit_medium, previous_outcome_mixed} -> {previous_deep}","{credit_medium, previous_outcome_mixed} -> {previous_deep}"
"frozenset({'external_score_weak', 'previous_outcome_mixed'})",frozenset({'previous_two_to_four'}),0.11273666334507586,0.3841686432471123,0.05203856787974906,0.4615940044319399,1.2015400333832673,1.0,0.008728676878264806,1.1438047901066515,0.18904732857809592,0.11697563191701477,0.12572494131034603,0.2985258093355503,fpgrowth,Portfolio-wide,356255,18539,"{external_score_weak, previous_outcome_mixed} -> {previous_two_to_four}","{external_score_weak, previous_outcome_mixed} -> {previous_two_to_four}"
"frozenset({'external_score_weak', 'previous_two_to_four'})",frozenset({'previous_outcome_mixed'}),0.12546630924478253,0.3234901966288192,0.05203856787974906,0.41476128685847247,1.2821448414227525,1.0,0.011451446831862118,1.155955319052144,0.25162771851356514,0.13110661650306923,0.13491466017910095,0.2878136340145111,fpgrowth,Portfolio-wide,356255,18539,"{external_score_weak, previous_two_to_four} -> {previous_outcome_mixed}","{external_score_weak, previous_two_to_four} -> {previous_outcome_mixed}"
"frozenset({'external_score_weak', 'previous_deep'})",frozenset({'previous_outcome_mixed'}),0.13847384598110904,0.3234901966288192,0.06025739989614181,0.4351536528014271,1.3451834316349727,1.0,0.015462468231764018,1.1976881973768916,0.2978516197675061,0.15000349381594577,0.1650581493663019,0.310713188064994,fpgrowth,Portfolio-wide,356255,21467,"{external_score_weak, previous_deep} -> {previous_outcome_mixed}","{external_score_weak, previous_deep} -> {previous_outcome_mixed}"
"frozenset({'external_score_weak', 'previous_outcome_mixed'})",frozenset({'previous_deep'}),0.11273666334507586,0.3972912660874935,0.06025739989614181,0.5344969250305007,1.3453528195930466,1.0,0.015468108181297104,1.2947470517826274,0.2893172156077351,0.13397365087091923,0.22764836681946105,0.3430837564666553,fpgrowth,Portfolio-wide,356255,21467,"{external_score_weak, previous_outcome_mixed} -> {previous_deep}","{external_score_weak, previous_outcome_mixed} -> {previous_deep}"
"frozenset({'bureau_debt_low', 'previous_deep'})",frozenset({'previous_outcome_mixed'}),0.20735147576876115,0.3234901966288192,0.09494884282325862,0.45791254907269524,1.415537638681878,1.0,0.02787267315554623,1.247971710494184,0.37034653914267124,0.21782611775463812,0.19869978494623897,0.37571318372980506,fpgrowth,Portfolio-wide,356255,33826,"{bureau_debt_low, previous_deep} -> {previous_outcome_mixed}","{bureau_debt_low, previous_deep} -> {previous_outcome_mixed}"
"frozenset({'bureau_debt_low', 'previous_outcome_mixed'})",frozenset({'previous_deep'}),0.16446365665043297,0.3972912660874935,0.09494884282325862,0.5773241624140226,1.4531509038683004,1.0,0.029608868447229292,1.4259360964533685,0.3732216160629132,0.2034010414787555,0.29870630073309007,0.4081573368645426,fpgrowth,Portfolio-wide,356255,33826,"{bureau_debt_low, previous_outcome_mixed} -> {previous_deep}","{bureau_debt_low, previous_outcome_mixed} -> {previous_deep}"
"frozenset({'previous_deep', 'leverage_3_to_6x'})",frozenset({'previous_outcome_mixed'}),0.1387377019269905,0.3234901966288192,0.06316823623528091,0.45530692348156837,1.4074829105377773,1.0,0.01828794975908824,1.2420018401836406,0.3361482331121287,0.15829271209211704,0.1948482138704873,0.3252889339955458,fpgrowth,Portfolio-wide,356255,22504,"{leverage_3_to_6x, previous_deep} -> {previous_outcome_mixed}","{leverage_3_to_6x, previous_deep} -> {previous_outcome_mixed}"
"frozenset({'previous_outcome_mixed', 'leverage_3_to_6x'})",frozenset({'previous_deep'}),0.11532469719723232,0.3972912660874935,0.06316823623528091,0.5477424850918827,1.378692490489474,1.0,0.01735074127463567,1.3326671510034624,0.3104812510350951,0.1405463470690366,0.2496250851181954,0.3533698895428397,fpgrowth,Portfolio-wide,356255,22504,"{leverage_3_to_6x, previous_outcome_mixed} -> {previous_deep}","{leverage_3_to_6x, previous_outcome_mixed} -> {previous_deep}"
"frozenset({'credit_medium', 'previous_outcome_mixed'})",frozenset({'leverage_3_to_6x'}),0.11553802753645563,0.3596637240179085,0.05367784311799133,0.4645902674862127,1.291735130516192,1.0,0.012123005868546033,1.1959742923903651,0.25535013605302614,0.1273423453419458,0.16386162615475292,0.3069173982827998,fpgrowth,Portfolio-wide,356255,19123,"{credit_medium, previous_outcome_mixed} -> {leverage_3_to_6x}","{credit_medium, previous_outcome_mixed} -> {leverage_3_to_6x}"
"frozenset({'previous_outcome_mixed', 'leverage_3_to_6x'})",frozenset({'credit_medium'}),0.11532469719723232,0.3439278045220418,0.05367784311799133,0.4654496774978703,1.353335413357196,1.0,0.014014473203777952,1.2273347669252306,0.29511943952853964,0.1323500913570677,0.18522637266665146,0.3107613371247901,fpgrowth,Portfolio-wide,356255,19123,"{leverage_3_to_6x, previous_outcome_mixed} -> {credit_medium}","{leverage_3_to_6x, previous_outcome_mixed} -> {credit_medium}"
"frozenset({'previous_deep', 'previous_outcome_mixed'})",frozenset({'repayment_some_late'}),0.17967467123268446,0.44470674095802165,0.09850809111451067,0.5482580846742696,1.2328531011092156,1.0,0.01860555363791956,1.2292267779525878,0.23024201267162211,0.18732285355894204,0.18648046240449648,0.3848852801471317,fpgrowth,Portfolio-wide,356255,35094,"{previous_deep, previous_outcome_mixed} -> {repayment_some_late}","{previous_deep, previous_outcome_mixed} -> {repayment_some_late}"
"frozenset({'previous_deep', 'repayment_some_late'})",frozenset({'previous_outcome_mixed'}),0.23665913460863708,0.3234901966288192,0.09850809111451067,0.4162446181399817,1.2867302393636095,1.0,0.021951181125956468,1.1588926190549529,0.2919224376860106,0.2133866789896754,0.1371072836623343,0.36038054153126897,fpgrowth,Portfolio-wide,356255,35094,"{previous_deep, repayment_some_late} -> {previous_outcome_mixed}","{previous_deep, repayment_some_late} -> {previous_outcome_mixed}"
"frozenset({'previous_outcome_mixed', 'repayment_some_late'})",frozenset({'previous_deep'}),0.14903089079451518,0.3972912660874935,0.09850809111451067,0.6609910911042887,1.6637443294782168,1.0,0.03929941982461076,1.777855148042486,0.46881385752384935,0.2199754287433557,0.43752447936995664,0.45447019529037536,fpgrowth,Portfolio-wide,356255,35094,"{previous_outcome_mixed, repayment_some_late} -> {previous_deep}","{previous_outcome_mixed, repayment_some_late} -> {previous_deep}"
"frozenset({'previous_deep', 'external_score_middle'})",frozenset({'previous_outcome_mixed'}),0.13589984701969096,0.3234901966288192,0.062427194004294674,0.4593617680470928,1.4200175858008335,1.0,0.01846492577006839,1.2513169868277252,0.3423021835422773,0.15726205628623957,0.20084198446378593,0.32617097036134846,fpgrowth,Portfolio-wide,356255,22240,"{external_score_middle, previous_deep} -> {previous_outcome_mixed}","{external_score_middle, previous_deep} -> {previous_outcome_mixed}"
"frozenset({'previous_outcome_mixed', 'external_score_middle'})",frozenset({'previous_deep'}),0.1095844268852367,0.3972912660874935,0.062427194004294674,0.5696721311475409,1.4338903967299519,1.0,0.01889025830358662,1.4005802959490625,0.33983752707494636,0.1404599051390389,0.28601023240700446,0.3634020942447187,fpgrowth,Portfolio-wide,356255,22240,"{external_score_middle, previous_outcome_mixed} -> {previous_deep}","{external_score_middle, previous_outcome_mixed} -> {previous_deep}"
frozenset({'burden_20_to_35pct'}),frozenset({'leverage_3_to_6x'}),0.2896268122552666,0.3596637240179085,0.13766262929643092,0.47531037691047767,1.3215410539618693,1.0,0.03349437142526611,1.2204096437272924,0.34250680986256943,0.26906786635211494,0.18060300068928703,0.4290320498169595,fpgrowth,Portfolio-wide,356255,49043,{burden_20_to_35pct} -> {leverage_3_to_6x},{burden_20_to_35pct} -> {leverage_3_to_6x}
frozenset({'leverage_3_to_6x'}),frozenset({'burden_20_to_35pct'}),0.3596637240179085,0.2896268122552666,0.13766262929643092,0.38275372272344144,1.3215410539618693,1.0,0.03349437142526611,1.1508748029701752,0.3799685625700167,0.26906786635211494,0.13109575653302838,0.4290320498169595,fpgrowth,Portfolio-wide,356255,49043,{leverage_3_to_6x} -> {burden_20_to_35pct},{leverage_3_to_6x} -> {burden_20_to_35pct}
frozenset({'burden_20_to_35pct'}),frozenset({'income_q1'}),0.2896268122552666,0.320088139113837,0.12809364079100644,0.442271348407168,1.3817173908149012,1.0,0.03538753341874551,1.2190728572835279,0.3888984047289731,0.26596339899755217,0.17970448277528728,0.4212268758732761,fpgrowth,Portfolio-wide,356255,45634,{burden_20_to_35pct} -> {income_q1},{burden_20_to_35pct} -> {income_q1}
frozenset({'income_q1'}),frozenset({'burden_20_to_35pct'}),0.320088139113837,0.2896268122552666,0.12809364079100644,0.4001824033393842,1.3817173908149012,1.0,0.03538753341874551,1.1843153513661777,0.4063217828206362,0.26596339899755217,0.155630298259293,0.4212268758732761,fpgrowth,Portfolio-wide,356255,45634,{income_q1} -> {burden_20_to_35pct},{income_q1} -> {burden_20_to_35pct}
frozenset({'burden_20_to_35pct'}),frozenset({'credit_large'}),0.2896268122552666,0.3220389889264712,0.13865068560441257,0.47872185770636067,1.4865338489050581,1.0,0.04537955981972962,1.3005744075331458,0.46073552136585794,0.29312104632256075,0.231108966770504,0.45463095883714244,fpgrowth,Portfolio-wide,356255,49395,{burden_20_to_35pct} -> {credit_large},{burden_20_to_35pct} -> {credit_large}
frozenset({'credit_large'}),frozenset({'burden_20_to_35pct'}),0.3220389889264712,0.2896268122552666,0.13865068560441257,0.43054005996792416,1.4865338489050584,1.0,0.04537955981972962,1.247450677048012,0.482762512407073,0.29312104632256075,0.19836509899820928,0.45463095883714244,fpgrowth,Portfolio-wide,356255,49395,{credit_large} -> {burden_20_to_35pct},{credit_large} -> {burden_20_to_35pct}
"frozenset({'burden_20_to_35pct', 'repayment_clean_observed'})",frozenset({'leverage_3_to_6x'}),0.13409776704888351,0.3596637240179085,0.06398506687625437,0.47715236639943065,1.3266624753506475,1.0,0.015754964596966937,1.224709140543376,0.2843609417229102,0.14887989027496573,0.1834795978118347,0.3275274209857485,fpgrowth,Portfolio-wide,356255,22795,"{burden_20_to_35pct, repayment_clean_observed} -> {leverage_3_to_6x}","{burden_20_to_35pct, repayment_clean_observed} -> {leverage_3_to_6x}"
"frozenset({'repayment_clean_observed', 'leverage_3_to_6x'})",frozenset({'burden_20_to_35pct'}),0.15997529859230045,0.2896268122552666,0.06398506687625437,0.3999684166198765,1.3809785548009235,1.0,0.01765193110538195,1.183892994003797,0.32841390637008633,0.16592904249588725,0.15532906684572137,0.31044543663685886,fpgrowth,Portfolio-wide,356255,22795,"{leverage_3_to_6x, repayment_clean_observed} -> {burden_20_to_35pct}","{leverage_3_to_6x, repayment_clean_observed} -> {burden_20_to_35pct}"
"frozenset({'burden_20_to_35pct', 'repayment_clean_observed'})",frozenset({'credit_large'}),0.13409776704888351,0.3220389889264712,0.06381384120924619,0.4758754945261968,1.4776952819052913,1.0,0.02062913189152627,1.2935113775316782,0.37333370955874234,0.16265642104359396,0.22691054955524745,0.33701556610418343,fpgrowth,Portfolio-wide,356255,22734,"{burden_20_to_35pct, repayment_clean_observed} -> {credit_large}","{burden_20_to_35pct, repayment_clean_observed} -> {credit_large}"
"frozenset({'credit_large', 'repayment_clean_observed'})",frozenset({'burden_20_to_35pct'}),0.14295097612665086,0.2896268122552666,0.06381384120924619,0.44640367584974566,1.5413064570013,1.0,0.02241140568490558,1.2831970819804928,0.4097779120080241,0.17304793947051927,0.22069648221409996,0.3333674691941957,fpgrowth,Portfolio-wide,356255,22734,"{credit_large, repayment_clean_observed} -> {burden_20_to_35pct}","{credit_large, repayment_clean_observed} -> {burden_20_to_35pct}"
"frozenset({'burden_20_to_35pct', 'previous_deep'})",frozenset({'leverage_3_to_6x'}),0.1040322241091353,0.3596637240179085,0.05024771582153233,0.48300145701796987,1.3429251402455036,1.0,0.012831098680575075,1.2385649527920397,0.2850067399973679,0.12153327042018289,0.19261400240193605,0.31135447308489106,fpgrowth,Portfolio-wide,356255,17901,"{burden_20_to_35pct, previous_deep} -> {leverage_3_to_6x}","{burden_20_to_35pct, previous_deep} -> {leverage_3_to_6x}"
"frozenset({'previous_deep', 'leverage_3_to_6x'})",frozenset({'burden_20_to_35pct'}),0.1387377019269905,0.2896268122552666,0.05024771582153233,0.3621778011572856,1.2504981784561962,1.0,0.010065557472796707,1.1137479834249386,0.2325873402814834,0.13288940359004053,0.10213080976824476,0.267834522350093,fpgrowth,Portfolio-wide,356255,17901,"{leverage_3_to_6x, previous_deep} -> {burden_20_to_35pct}","{leverage_3_to_6x, previous_deep} -> {burden_20_to_35pct}"
"frozenset({'burden_20_to_35pct', 'previous_deep'})",frozenset({'income_q1'}),0.1040322241091353,0.320088139113837,0.042250635078805915,0.40613026819923376,1.2688076144389608,1.0,0.008951154055839149,1.1448838431696036,0.2364576669145995,0.11064148835294724,0.12654894558429056,0.26906357314796253,fpgrowth,Portfolio-wide,356255,15052,"{burden_20_to_35pct, previous_deep} -> {income_q1}","{burden_20_to_35pct, previous_deep} -> {income_q1}"
"frozenset({'previous_deep', 'income_q1'})",frozenset({'burden_20_to_35pct'}),0.10984828283111817,0.2896268122552666,0.042250635078805915,0.38462717841263355,1.328009570031234,1.0,0.01043562709071423,1.154378553658434,0.2774733491737449,0.11827475385618758,0.1337330403178231,0.2652533746319281,fpgrowth,Portfolio-wide,356255,15052,"{income_q1, previous_deep} -> {burden_20_to_35pct}","{income_q1, previous_deep} -> {burden_20_to_35pct}"
"frozenset({'burden_20_to_35pct', 'previous_deep'})",frozenset({'repayment_some_late'}),0.1040322241091353,0.44470674095802165,0.06085247926344894,0.5849387512816362,1.3153359223238126,1.0,0.01458864792526085,1.3378585949823703,0.26757428654560933,0.12472671622212507,0.2525368497459348,0.3608880363658116,fpgrowth,Portfolio-wide,356255,21679,"{burden_20_to_35pct, previous_deep} -> {repayment_some_late}","{burden_20_to_35pct, previous_deep} -> {repayment_some_late}"
"frozenset({'burden_20_to_35pct', 'repayment_some_late'})",frozenset({'previous_deep'}),0.12519403236445803,0.3972912660874935,0.06085247926344894,0.4860653348579629,1.2234483270793048,1.0,0.01111398363877477,1.1727341523964623,0.20877559933212603,0.1318200888975368,0.1472918240195213,0.3196168821572857,fpgrowth,Portfolio-wide,356255,21679,"{burden_20_to_35pct, repayment_some_late} -> {previous_deep}","{burden_20_to_35pct, repayment_some_late} -> {previous_deep}"
"frozenset({'burden_20_to_35pct', 'previous_deep'})",frozenset({'credit_large'}),0.1040322241091353,0.3220389889264712,0.05109823020027789,0.4911769467378987,1.5252095666281125,1.0,0.017595797932399897,1.3324101703471802,0.3843356914466198,0.13627176500531493,0.2494803610366961,0.3249239450933758,fpgrowth,Portfolio-wide,356255,18204,"{burden_20_to_35pct, previous_deep} -> {credit_large}","{burden_20_to_35pct, previous_deep} -> {credit_large}"
"frozenset({'credit_large', 'previous_deep'})",frozenset({'burden_20_to_35pct'}),0.12466070651639977,0.2896268122552666,0.05109823020027789,0.4098984485825584,1.4152641649119446,1.0,0.014993147158443687,1.2038151501862617,0.33520502543047354,0.14069310909821622,0.16930767996625234,0.29316313964391194,fpgrowth,Portfolio-wide,356255,18204,"{credit_large, previous_deep} -> {burden_20_to_35pct}","{credit_large, previous_deep} -> {burden_20_to_35pct}"
"frozenset({'burden_20_to_35pct', 'bureau_debt_low'})",frozenset({'external_score_strong'}),0.15290452063830684,0.33316585030385537,0.06269385692832381,0.41001964275879793,1.2306772809543656,1.0,0.011751292294558915,1.1302650020660303,0.22127292470146184,0.14808062056620036,0.11525173461791424,0.29909788123179004,fpgrowth,Portfolio-wide,356255,22335,"{burden_20_to_35pct, bureau_debt_low} -> {external_score_strong}","{burden_20_to_35pct, bureau_debt_low} -> {external_score_strong}"
"frozenset({'burden_20_to_35pct', 'external_score_strong'})",frozenset({'bureau_debt_low'}),0.10119998315813111,0.504579584847932,0.06269385692832381,0.6195046182009819,1.2277639381460221,1.0,0.011630411439776306,1.3020405472720156,0.206398728879404,0.11544007814882389,0.23197476292488672,0.37187715403176,fpgrowth,Portfolio-wide,356255,22335,"{burden_20_to_35pct, external_score_strong} -> {bureau_debt_low}","{burden_20_to_35pct, external_score_strong} -> {bureau_debt_low}"
"frozenset({'burden_20_to_35pct', 'external_score_strong'})",frozenset({'credit_large'}),0.10119998315813111,0.3220389889264712,0.05526939972772312,0.5461404044046265,1.6958828687955008,1.0,0.022679059472102664,1.4937681557314633,0.45653830302252485,0.1502010054084567,0.33055206983554725,0.35888186108244713,fpgrowth,Portfolio-wide,356255,19690,"{burden_20_to_35pct, external_score_strong} -> {credit_large}","{burden_20_to_35pct, external_score_strong} -> {credit_large}"
"frozenset({'credit_large', 'external_score_strong'})",frozenset({'burden_20_to_35pct'}),0.1284838107535333,0.2896268122552666,0.05526939972772312,0.43016625521595697,1.4852432061325316,1.0,0.01805704319276833,1.2466323629429008,0.37487495801388826,0.15232392622849364,0.19783889001620375,0.3104979811178301,fpgrowth,Portfolio-wide,356255,19690,"{credit_large, external_score_strong} -> {burden_20_to_35pct}","{credit_large, external_score_strong} -> {burden_20_to_35pct}"
"frozenset({'burden_20_to_35pct', 'external_score_strong'})",frozenset({'leverage_3_to_6x'}),0.10119998315813111,0.3596637240179085,0.044417622208811104,0.4389093834077608,1.2203326443506057,1.0,0.008019659395608045,1.1412350466153713,0.2008803913901948,0.10665875802940127,0.12375631736357942,0.28120351323167986,fpgrowth,Portfolio-wide,356255,15824,"{burden_20_to_35pct, external_score_strong} -> {leverage_3_to_6x}","{burden_20_to_35pct, external_score_strong} -> {leverage_3_to_6x}"
"frozenset({'external_score_strong', 'leverage_3_to_6x'})",frozenset({'burden_20_to_35pct'}),0.12295967775890865,0.2896268122552666,0.044417622208811104,0.36123730167789064,1.247250898026351,1.0,0.008805202703563587,1.1121081265558075,0.22602917073405143,0.12064469892194386,0.10080685850485205,0.2572994350918601,fpgrowth,Portfolio-wide,356255,15824,"{external_score_strong, leverage_3_to_6x} -> {burden_20_to_35pct}","{external_score_strong, leverage_3_to_6x} -> {burden_20_to_35pct}"
"frozenset({'burden_20_to_35pct', 'external_score_strong'})",frozenset({'income_q1'}),0.10119998315813111,0.320088139113837,0.04060574588426829,0.4012426150389704,1.2535379041216876,1.0,0.008212831596830457,1.1355381628076542,0.22503100172578483,0.10666568352750332,0.11936028858117102,0.2640503149120821,fpgrowth,Portfolio-wide,356255,14466,"{burden_20_to_35pct, external_score_strong} -> {income_q1}","{burden_20_to_35pct, external_score_strong} -> {income_q1}"
"frozenset({'external_score_strong', 'income_q1'})",frozenset({'burden_20_to_35pct'}),0.0991593100447713,0.2896268122552666,0.04060574588426829,0.40950008492328593,1.4138887271333407,1.0,0.01188655101056954,1.2030030311730802,0.324952865853928,0.1166227295813481,0.168746899145488,0.27485015779295396,fpgrowth,Portfolio-wide,356255,14466,"{external_score_strong, income_q1} -> {burden_20_to_35pct}","{external_score_strong, income_q1} -> {burden_20_to_35pct}"
"frozenset({'burden_20_to_35pct', 'previous_deep'})",frozenset({'previous_outcome_mixed'}),0.1040322241091353,0.3234901966288192,0.04640496273736509,0.4460633532998759,1.3789084119037467,1.0,0.012751558104567517,1.2212764896513737,0.3066948162868231,0.12176026514454061,0.1811845978583764,0.29475713111650914,fpgrowth,Portfolio-wide,356255,16532,"{burden_20_to_35pct, previous_deep} -> {previous_outcome_mixed}","{burden_20_to_35pct, previous_deep} -> {previous_outcome_mixed}"
"frozenset({'burden_20_to_35pct', 'previous_outcome_mixed'})",frozenset({'previous_deep'}),0.09007873573704228,0.3972912660874935,0.04640496273736509,0.5151600137110093,1.296680943390178,1.0,0.010617467768834814,1.2431085532480395,0.25145061877987746,0.10523501553190406,0.19556502335442585,0.3159816968729559,fpgrowth,Portfolio-wide,356255,16532,"{burden_20_to_35pct, previous_outcome_mixed} -> {previous_deep}","{burden_20_to_35pct, previous_outcome_mixed} -> {previous_deep}"
"frozenset({'burden_20_to_35pct', 'previous_outcome_mixed'})",frozenset({'previous_two_to_four'}),0.09007873573704228,0.3841686432471123,0.04310395643569915,0.4785142251721667,1.2455837653162327,1.0,0.00849853074218445,1.1809168849451401,0.2166820323251429,0.09997591098784482,0.15320035410751595,0.29535741800321885,fpgrowth,Portfolio-wide,356255,15356,"{burden_20_to_35pct, previous_outcome_mixed} -> {previous_two_to_four}","{burden_20_to_35pct, previous_outcome_mixed} -> {previous_two_to_four}"
"frozenset({'burden_20_to_35pct', 'previous_outcome_mixed'})",frozenset({'income_q1'}),0.09007873573704228,0.320088139113837,0.03812157022357581,0.4232027671309713,1.3221444827746722,1.0,0.00928843532777886,1.1787710171635795,0.2677737288791366,0.1024648604603789,0.15165881631001393,0.27114993530050974,fpgrowth,Portfolio-wide,356255,13581,"{burden_20_to_35pct, previous_outcome_mixed} -> {income_q1}","{burden_20_to_35pct, previous_outcome_mixed} -> {income_q1}"
"frozenset({'previous_outcome_mixed', 'income_q1'})",frozenset({'burden_20_to_35pct'}),0.09611093177639612,0.2896268122552666,0.03812157022357581,0.3966413551401869,1.3694911463880683,1.0,0.010285267430294794,1.1773647295793441,0.2984899226964868,0.10966569767441861,0.15064552650792762,0.2641322126395345,fpgrowth,Portfolio-wide,356255,13581,"{income_q1, previous_outcome_mixed} -> {burden_20_to_35pct}","{income_q1, previous_outcome_mixed} -> {burden_20_to_35pct}"
"frozenset({'burden_20_to_35pct', 'previous_outcome_mixed'})",frozenset({'leverage_3_to_6x'}),0.09007873573704228,0.3596637240179085,0.04476007354282747,0.4968994422112119,1.3815667497967354,1.0,0.012362019992817781,1.2727798967198076,0.30352525726189766,0.11052350686526612,0.2143182002032031,0.3106746141846182,fpgrowth,Portfolio-wide,356255,15946,"{burden_20_to_35pct, previous_outcome_mixed} -> {leverage_3_to_6x}","{burden_20_to_35pct, previous_outcome_mixed} -> {leverage_3_to_6x}"
"frozenset({'previous_outcome_mixed', 'leverage_3_to_6x'})",frozenset({'burden_20_to_35pct'}),0.11532469719723232,0.2896268122552666,0.04476007354282747,0.38812218571254714,1.3400768481699488,1.0,0.011358949119289197,1.1609722908028313,0.286855683741238,0.12426745635910223,0.13865299979857068,0.271333071224384,fpgrowth,Portfolio-wide,356255,15946,"{leverage_3_to_6x, previous_outcome_mixed} -> {burden_20_to_35pct}","{leverage_3_to_6x, previous_outcome_mixed} -> {burden_20_to_35pct}"
"frozenset({'burden_20_to_35pct', 'previous_outcome_mixed'})",frozenset({'credit_large'}),0.09007873573704228,0.3220389889264712,0.041818360444063944,0.4642423109282977,1.4415717565002502,1.0,0.01280949546353206,1.2654246964672027,0.3366365042484351,0.1129312239901153,0.2097514749065765,0.2970486361140338,fpgrowth,Portfolio-wide,356255,14898,"{burden_20_to_35pct, previous_outcome_mixed} -> {credit_large}","{burden_20_to_35pct, previous_outcome_mixed} -> {credit_large}"
"frozenset({'credit_large', 'previous_outcome_mixed'})",frozenset({'burden_20_to_35pct'}),0.09828633984084434,0.2896268122552666,0.041818360444063944,0.42547479651577896,1.4690449175015636,1.0,0.013352001147722392,1.2364526106716631,0.3540875937113668,0.12082921053058444,0.19123467299180805,0.2849309222594014,fpgrowth,Portfolio-wide,356255,14898,"{credit_large, previous_outcome_mixed} -> {burden_20_to_35pct}","{credit_large, previous_outcome_mixed} -> {burden_20_to_35pct}"
"frozenset({'burden_20_to_35pct', 'credit_small'})",frozenset({'income_q1'}),0.044911650362801925,0.320088139113837,0.040319434113205425,0.8977499999999999,2.804696239246534,1.0,0.025943747524044873,6.64950475194291,0.6737126991603317,0.12418193292930689,0.8496128603099636,0.5118567684354529,fpgrowth,Portfolio-wide,356255,14364,"{burden_20_to_35pct, credit_small} -> {income_q1}","{burden_20_to_35pct, credit_small} -> {income_q1}"
"frozenset({'burden_20_to_35pct', 'card_history_not_observed'})",frozenset({'leverage_3_to_6x'}),0.2103352935397398,0.3596637240179085,0.10000982442351686,0.47547809376376227,1.3220073696953853,1.0,0.02435984945661411,1.2207998719765432,0.30845314824967,0.21279175326691985,0.18086492065161833,0.37677145096517023,fpgrowth,Portfolio-wide,356255,35629,"{burden_20_to_35pct, card_history_not_observed} -> {leverage_3_to_6x}","{burden_20_to_35pct, card_history_not_observed} -> {leverage_3_to_6x}"
"frozenset({'card_history_not_observed', 'leverage_3_to_6x'})",frozenset({'burden_20_to_35pct'}),0.24962737365089613,0.2896268122552666,0.10000982442351686,0.4006364484825314,1.383285081111292,1.0,0.027711043941353486,1.185212524095285,0.3692608283605415,0.22768607452566733,0.1562694625056079,0.37297113514540503,fpgrowth,Portfolio-wide,356255,35629,"{card_history_not_observed, leverage_3_to_6x} -> {burden_20_to_35pct}","{card_history_not_observed, leverage_3_to_6x} -> {burden_20_to_35pct}"
"frozenset({'burden_20_to_35pct', 'previous_approval_high'})",frozenset({'leverage_3_to_6x'}),0.1611682643050624,0.3596637240179085,0.07437649997894766,0.461483532751624,1.2830972431588503,1.0,0.01641012184548636,1.1890746428869257,0.26302753531607337,0.1665933153937077,0.15900990237911045,0.3341390441830733,fpgrowth,Portfolio-wide,356255,26497,"{burden_20_to_35pct, previous_approval_high} -> {leverage_3_to_6x}","{burden_20_to_35pct, previous_approval_high} -> {leverage_3_to_6x}"
"frozenset({'previous_approval_high', 'leverage_3_to_6x'})",frozenset({'burden_20_to_35pct'}),0.1907032883749,0.2896268122552666,0.07437649997894766,0.3900116280781289,1.3466005617407644,1.0,0.019143714480328533,1.1645684089134078,0.3180406960004738,0.18321428818376054,0.14131278820018572,0.3234063916647901,fpgrowth,Portfolio-wide,356255,26497,"{leverage_3_to_6x, previous_approval_high} -> {burden_20_to_35pct}","{leverage_3_to_6x, previous_approval_high} -> {burden_20_to_35pct}"
"frozenset({'burden_20_to_35pct', 'bureau_debt_low'})",frozenset({'leverage_3_to_6x'}),0.15290452063830684,0.3596637240179085,0.07134496357945853,0.4665981311842564,1.2973177443967725,1.0,0.016350754267511945,1.2004762514307705,0.2705466165252051,0.16169809400208665,0.1669972656200702,0.3324819395034072,fpgrowth,Portfolio-wide,356255,25417,"{burden_20_to_35pct, bureau_debt_low} -> {leverage_3_to_6x}","{burden_20_to_35pct, bureau_debt_low} -> {leverage_3_to_6x}"
"frozenset({'bureau_debt_low', 'leverage_3_to_6x'})",frozenset({'burden_20_to_35pct'}),0.18350338942611333,0.2896268122552666,0.07134496357945853,0.38879371003762964,1.342395432971727,1.0,0.018197461861936534,1.1622478358141053,0.3123871141051421,0.17756989758135505,0.13959831183549373,0.31756391096903824,fpgrowth,Portfolio-wide,356255,25417,"{bureau_debt_low, leverage_3_to_6x} -> {burden_20_to_35pct}","{bureau_debt_low, leverage_3_to_6x} -> {burden_20_to_35pct}"
"frozenset({'burden_20_to_35pct', 'card_history_not_observed'})",frozenset({'income_q1'}),0.2103352935397398,0.320088139113837,0.09537550350170523,0.45344507760265834,1.4166256795956877,1.0,0.02804967080260727,1.2439954943665694,0.3724330357407667,0.21922987586135695,0.19613856760052784,0.37570572787817536,fpgrowth,Portfolio-wide,356255,33978,"{burden_20_to_35pct, card_history_not_observed} -> {income_q1}","{burden_20_to_35pct, card_history_not_observed} -> {income_q1}"
"frozenset({'card_history_not_observed', 'income_q1'})",frozenset({'burden_20_to_35pct'}),0.24162467895187437,0.2896268122552666,0.09537550350170523,0.3947258364312267,1.3628773985308018,1.0,0.025394517974671654,1.173638708707279,0.3510903867967452,0.21881339232240485,0.1479490301564233,0.36201532515099877,fpgrowth,Portfolio-wide,356255,33978,"{card_history_not_observed, income_q1} -> {burden_20_to_35pct}","{card_history_not_observed, income_q1} -> {burden_20_to_35pct}"
"frozenset({'burden_20_to_35pct', 'previous_approval_high'})",frozenset({'income_q1'}),0.1611682643050624,0.320088139113837,0.07462632103409075,0.46303359632164687,1.446581549705509,1.0,0.023038271228476292,1.2662093125912497,0.3680298138132986,0.1835238568588469,0.2102411583488218,0.34808831693170555,fpgrowth,Portfolio-wide,356255,26586,"{burden_20_to_35pct, previous_approval_high} -> {income_q1}","{burden_20_to_35pct, previous_approval_high} -> {income_q1}"
"frozenset({'previous_approval_high', 'income_q1'})",frozenset({'burden_20_to_35pct'}),0.18435951776115422,0.2896268122552666,0.07462632103409075,0.40478691819302975,1.397615486774288,1.0,0.021230861596009454,1.1934771083796676,0.34880027153066123,0.18686478204028847,0.16211212349296178,0.3312253176751292,fpgrowth,Portfolio-wide,356255,26586,"{income_q1, previous_approval_high} -> {burden_20_to_35pct}","{income_q1, previous_approval_high} -> {burden_20_to_35pct}"
"frozenset({'burden_20_to_35pct', 'income_q1'})",frozenset({'leverage_3_to_6x'}),0.12809364079100644,0.3596637240179085,0.059367587823328793,0.4634702195731253,1.2886209773828845,1.0,0.013296951953423147,1.1934776024410536,0.25688151325747727,0.1385831105519736,0.16211247035162502,0.31426718608288207,fpgrowth,Portfolio-wide,356255,21150,"{burden_20_to_35pct, income_q1} -> {leverage_3_to_6x}","{burden_20_to_35pct, income_q1} -> {leverage_3_to_6x}"
"frozenset({'burden_20_to_35pct', 'leverage_3_to_6x'})",frozenset({'income_q1'}),0.13766262929643092,0.320088139113837,0.059367587823328793,0.4312542054931387,1.34729829942173,1.0,0.015303412986316246,1.195458265279464,0.2989246213694188,0.149021320970083,0.16350070174450765,0.308363415919072,fpgrowth,Portfolio-wide,356255,21150,"{burden_20_to_35pct, leverage_3_to_6x} -> {income_q1}","{burden_20_to_35pct, leverage_3_to_6x} -> {income_q1}"
"frozenset({'income_q1', 'leverage_3_to_6x'})",frozenset({'burden_20_to_35pct'}),0.10807988659808283,0.2896268122552666,0.059367587823328793,0.5492935798878038,1.896556384440251,1.0,0.02806475479901535,1.5761328351344481,0.5300122300887532,0.17546770647529764,0.3655357101200816,0.37713658942248807,fpgrowth,Portfolio-wide,356255,21150,"{income_q1, leverage_3_to_6x} -> {burden_20_to_35pct}","{income_q1, leverage_3_to_6x} -> {burden_20_to_35pct}"
"frozenset({'burden_20_to_35pct', 'bureau_debt_low'})",frozenset({'income_q1'}),0.15290452063830684,0.320088139113837,0.06596117949221765,0.43138802709599244,1.347716376777624,1.0,0.017018256019008735,1.1957396138068042,0.30457501607226134,0.1620542456571062,0.1636975237306388,0.3187299768217854,fpgrowth,Portfolio-wide,356255,23499,"{burden_20_to_35pct, bureau_debt_low} -> {income_q1}","{burden_20_to_35pct, bureau_debt_low} -> {income_q1}"
"frozenset({'bureau_debt_low', 'income_q1'})",frozenset({'burden_20_to_35pct'}),0.16327069093767105,0.2896268122552666,0.06596117949221765,0.4039988997008562,1.3948946803474334,1.0,0.018673609741225138,1.1918991213072998,0.33834119865380274,0.1704703731646451,0.1610028213602682,0.31587215897323173,fpgrowth,Portfolio-wide,356255,23499,"{bureau_debt_low, income_q1} -> {burden_20_to_35pct}","{bureau_debt_low, income_q1} -> {burden_20_to_35pct}"
"frozenset({'burden_20_to_35pct', 'repayment_clean_observed'})",frozenset({'income_q1'}),0.13409776704888351,0.320088139113837,0.059822318283252164,0.446109727251795,1.393709021792711,1.0,0.01689921356925423,1.2275208544693952,0.3262378871588344,0.1516933107463664,0.1853498892837489,0.31650149749504064,fpgrowth,Portfolio-wide,356255,21312,"{burden_20_to_35pct, repayment_clean_observed} -> {income_q1}","{burden_20_to_35pct, repayment_clean_observed} -> {income_q1}"
"frozenset({'income_q1', 'repayment_clean_observed'})",frozenset({'burden_20_to_35pct'}),0.1510912127549087,0.2896268122552666,0.059822318283252164,0.39593512549464027,1.3670527338666332,1.0,0.016062251973265683,1.1759882385586888,0.316287600348755,0.1570569508312699,0.14965135941698107,0.30124239047723167,fpgrowth,Portfolio-wide,356255,21312,"{income_q1, repayment_clean_observed} -> {burden_20_to_35pct}","{income_q1, repayment_clean_observed} -> {burden_20_to_35pct}"
"frozenset({'burden_20_to_35pct', 'credit_file_established'})",frozenset({'leverage_3_to_6x'}),0.11546785308276375,0.3596637240179085,0.054230817813083323,0.46966161026837805,1.305835364828154,1.0,0.012701219768983772,1.2074107558122162,0.2647802913220656,0.12884466615093232,0.17178143793550418,0.31022180816231626,fpgrowth,Portfolio-wide,356255,19320,"{burden_20_to_35pct, credit_file_established} -> {leverage_3_to_6x}","{burden_20_to_35pct, credit_file_established} -> {leverage_3_to_6x}"
"frozenset({'credit_file_established', 'leverage_3_to_6x'})",frozenset({'burden_20_to_35pct'}),0.14725126664888913,0.2896268122552666,0.054230817813083323,0.3682876150898797,1.2715936491587123,1.0,0.01158290285301531,1.1245199630616787,0.2504668057392332,0.14172535211267603,0.11073166075474011,0.27776569529559164,fpgrowth,Portfolio-wide,356255,19320,"{credit_file_established, leverage_3_to_6x} -> {burden_20_to_35pct}","{credit_file_established, leverage_3_to_6x} -> {burden_20_to_35pct}"
"frozenset({'burden_20_to_35pct', 'credit_file_established'})",frozenset({'income_q1'}),0.11546785308276375,0.320088139113837,0.0495066735905461,0.4287485414235706,1.3394702553195492,1.0,0.012546783369814324,1.190214660598885,0.2865200589022925,0.12823924613908036,0.15981542396997034,0.29170714803677017,fpgrowth,Portfolio-wide,356255,17637,"{burden_20_to_35pct, credit_file_established} -> {income_q1}","{burden_20_to_35pct, credit_file_established} -> {income_q1}"
"frozenset({'credit_file_established', 'income_q1'})",frozenset({'burden_20_to_35pct'}),0.12498070202523473,0.2896268122552666,0.0495066735905461,0.3961145423919147,1.3676722099982705,1.0,0.01330891126955202,1.176337629586963,0.30722825337145837,0.1355972599158908,0.14990392651885046,0.2835235876689514,fpgrowth,Portfolio-wide,356255,17637,"{credit_file_established, income_q1} -> {burden_20_to_35pct}","{credit_file_established, income_q1} -> {burden_20_to_35pct}"
"frozenset({'burden_20_to_35pct', 'credit_file_established'})",frozenset({'credit_large'}),0.11546785308276375,0.3220389889264712,0.05796971270578659,0.5020420070011669,1.558947904645777,1.0,0.02078456204550303,1.3614823350674028,0.40534620237975133,0.15273792266958555,0.2655064452595391,0.3410251873092439,fpgrowth,Portfolio-wide,356255,20652,"{burden_20_to_35pct, credit_file_established} -> {credit_large}","{burden_20_to_35pct, credit_file_established} -> {credit_large}"
"frozenset({'credit_large', 'credit_file_established'})",frozenset({'burden_20_to_35pct'}),0.13490617675541397,0.2896268122552666,0.05796971270578659,0.4297039179376209,1.4836468854233544,1.0,0.018897266778570496,1.2456217219234424,0.376820598456885,0.15814380886744772,0.19718805284172666,0.3149285234525817,fpgrowth,Portfolio-wide,356255,20652,"{credit_file_established, credit_large} -> {burden_20_to_35pct}","{credit_file_established, credit_large} -> {burden_20_to_35pct}"
"frozenset({'burden_20_to_35pct', 'credit_medium'})",frozenset({'leverage_3_to_6x'}),0.1060644762880521,0.3596637240179085,0.07102777504877125,0.6696660138675701,1.8619225936564727,1.0,0.03288023052100128,1.938451091512523,0.5178457869001846,0.17995363192854197,0.48412420391802313,0.43357492932631775,fpgrowth,Portfolio-wide,356255,25304,"{burden_20_to_35pct, credit_medium} -> {leverage_3_to_6x}","{burden_20_to_35pct, credit_medium} -> {leverage_3_to_6x}"
"frozenset({'burden_20_to_35pct', 'leverage_3_to_6x'})",frozenset({'credit_medium'}),0.13766262929643092,0.3439278045220418,0.07102777504877125,0.5159553860897581,1.5001851531218418,1.0,0.02368176919011806,1.3553961280098368,0.386641730696882,0.17300105972037058,0.2622083099290493,0.3612374093499898,fpgrowth,Portfolio-wide,356255,25304,"{burden_20_to_35pct, leverage_3_to_6x} -> {credit_medium}","{burden_20_to_35pct, leverage_3_to_6x} -> {credit_medium}"
"frozenset({'credit_medium', 'leverage_3_to_6x'})",frozenset({'burden_20_to_35pct'}),0.1635682306213246,0.2896268122552666,0.07102777504877125,0.43423942888522793,1.499306730284712,1.0,0.02365402982768272,1.255607449534734,0.39814971546886563,0.18585520275580433,0.2035727405324406,0.33973918895827093,fpgrowth,Portfolio-wide,356255,25304,"{credit_medium, leverage_3_to_6x} -> {burden_20_to_35pct}","{credit_medium, leverage_3_to_6x} -> {burden_20_to_35pct}"
"frozenset({'burden_20_to_35pct', 'credit_medium'})",frozenset({'income_q1'}),0.1060644762880521,0.320088139113837,0.05963705772550561,0.5622717408564019,1.7566153572983036,1.0,0.025687076884379323,1.5532738558309889,0.4818282738350058,0.1627135778453432,0.3561985246542323,0.37429311438389795,fpgrowth,Portfolio-wide,356255,21246,"{burden_20_to_35pct, credit_medium} -> {income_q1}","{burden_20_to_35pct, credit_medium} -> {income_q1}"
"frozenset({'burden_20_to_35pct', 'income_q1'})",frozenset({'credit_medium'}),0.12809364079100644,0.3439278045220418,0.05963705772550561,0.46557391418679056,1.353696642333995,1.0,0.015582093075019704,1.2276200823536634,0.2996675658504795,0.14461521706576635,0.1854157370228558,0.3194869228149564,fpgrowth,Portfolio-wide,356255,21246,"{burden_20_to_35pct, income_q1} -> {credit_medium}","{burden_20_to_35pct, income_q1} -> {credit_medium}"
"frozenset({'credit_medium', 'income_q1'})",frozenset({'burden_20_to_35pct'}),0.10188769280431152,0.2896268122552666,0.05963705772550561,0.5853215053170974,2.0209506874011933,1.0,0.030127650050548998,1.7130697560960892,0.5624946570448252,0.17969602395270354,0.41625260942152303,0.3956157540638462,fpgrowth,Portfolio-wide,356255,21246,"{credit_medium, income_q1} -> {burden_20_to_35pct}","{credit_medium, income_q1} -> {burden_20_to_35pct}"
"frozenset({'burden_20_to_35pct', 'external_score_middle'})",frozenset({'leverage_3_to_6x'}),0.09462884731442366,0.3596637240179085,0.04424358956365525,0.4675486473659231,1.2999605357549007,1.0,0.010209025939027574,1.2026193056216306,0.25486329860582313,0.10789830369244671,0.1684816672029867,0.295281207209325,fpgrowth,Portfolio-wide,356255,15762,"{burden_20_to_35pct, external_score_middle} -> {leverage_3_to_6x}","{burden_20_to_35pct, external_score_middle} -> {leverage_3_to_6x}"
"frozenset({'leverage_3_to_6x', 'external_score_middle'})",frozenset({'burden_20_to_35pct'}),0.11985235294943229,0.2896268122552666,0.04424358956365525,0.36915077989601386,1.2745739146921857,1.0,0.009531134637618073,1.1260585970568988,0.24475902659894813,0.12113713042876795,0.1119467471642856,0.26095573128992067,fpgrowth,Portfolio-wide,356255,15762,"{external_score_middle, leverage_3_to_6x} -> {burden_20_to_35pct}","{external_score_middle, leverage_3_to_6x} -> {burden_20_to_35pct}"
"frozenset({'burden_20_to_35pct', 'external_score_middle'})",frozenset({'income_q1'}),0.09462884731442366,0.320088139113837,0.041068897278634685,0.433999762695776,1.355875803137545,1.0,0.010779325635273406,1.201257201100274,0.28990245767791417,0.10991330739065762,0.16753880927076684,0.28115236352410017,fpgrowth,Portfolio-wide,356255,14631,"{burden_20_to_35pct, external_score_middle} -> {income_q1}","{burden_20_to_35pct, external_score_middle} -> {income_q1}"
"frozenset({'income_q1', 'external_score_middle'})",frozenset({'burden_20_to_35pct'}),0.10359152853995032,0.2896268122552666,0.041068897278634685,0.39645034548164204,1.3688316437092332,1.0,0.0110660130909584,1.1769921205764293,0.3005883783932181,0.11662349049459965,0.1503766401509534,0.2691248538836671,fpgrowth,Portfolio-wide,356255,14631,"{external_score_middle, income_q1} -> {burden_20_to_35pct}","{external_score_middle, income_q1} -> {burden_20_to_35pct}"
"frozenset({'burden_20_to_35pct', 'external_score_middle'})",frozenset({'credit_large'}),0.09462884731442366,0.3220389889264712,0.046727765224347725,0.4938004271476032,1.5333560349127446,1.0,0.01625358691193331,1.3393156522303429,0.38419132469928696,0.1263117161002481,0.2533500236970168,0.3194500706270057,fpgrowth,Portfolio-wide,356255,16647,"{burden_20_to_35pct, external_score_middle} -> {credit_large}","{burden_20_to_35pct, external_score_middle} -> {credit_large}"
"frozenset({'credit_large', 'external_score_middle'})",frozenset({'burden_20_to_35pct'}),0.11035915285399503,0.2896268122552666,0.046727765224347725,0.4234154033981076,1.4619344117385258,1.0,0.01476479558005344,1.232036360199918,0.35517117522483316,0.13227651966626935,0.18833564308302247,0.2923766233028374,fpgrowth,Portfolio-wide,356255,16647,"{credit_large, external_score_middle} -> {burden_20_to_35pct}","{credit_large, external_score_middle} -> {burden_20_to_35pct}"
"frozenset({'burden_20_to_35pct', 'credit_file_established'})",frozenset({'bureau_debt_moderate'}),0.11546785308276375,0.29571234087942627,0.041012757715681185,0.3551876701672501,1.2011256246896855,1.0,0.006867488584255441,1.09223665016339,0.18930642432180883,0.1107951529490271,0.08444749601617212,0.2469395336664308,fpgrowth,Portfolio-wide,356255,14611,"{burden_20_to_35pct, credit_file_established} -> {bureau_debt_moderate}","{burden_20_to_35pct, credit_file_established} -> {bureau_debt_moderate}"
"frozenset({'burden_20_to_35pct', 'bureau_debt_moderate'})",frozenset({'credit_file_established'}),0.07405369749196503,0.40597886345454803,0.041012757715681185,0.5538245773633538,1.364170963608203,1.0,0.01094852177328631,1.3313622992389866,0.2883040293618489,0.0934189241894337,0.24888965192149054,0.32742324061485906,fpgrowth,Portfolio-wide,356255,14611,"{burden_20_to_35pct, bureau_debt_moderate} -> {credit_file_established}","{burden_20_to_35pct, bureau_debt_moderate} -> {credit_file_established}"
"frozenset({'burden_20_to_35pct', 'bureau_debt_moderate'})",frozenset({'leverage_3_to_6x'}),0.07405369749196503,0.3596637240179085,0.034916001178930824,0.47149571677659013,1.3109348685749393,1.0,0.00828157256167503,1.2116009203872578,0.2561548069304784,0.08755234911138483,0.1746457243690646,0.2842876454828538,fpgrowth,Portfolio-wide,356255,12439,"{burden_20_to_35pct, bureau_debt_moderate} -> {leverage_3_to_6x}","{burden_20_to_35pct, bureau_debt_moderate} -> {leverage_3_to_6x}"
"frozenset({'burden_20_to_35pct', 'bureau_debt_moderate'})",frozenset({'income_q1'}),0.07405369749196503,0.320088139113837,0.03139605058174622,0.42396330831627627,1.3245205195357046,1.0,0.007692340357044119,1.1803273484173686,0.2646047706624679,0.08655111042327633,0.15277740421685482,0.26102447509593685,fpgrowth,Portfolio-wide,356255,11185,"{burden_20_to_35pct, bureau_debt_moderate} -> {income_q1}","{burden_20_to_35pct, bureau_debt_moderate} -> {income_q1}"
"frozenset({'bureau_debt_moderate', 'income_q1'})",frozenset({'burden_20_to_35pct'}),0.08210972477579262,0.2896268122552666,0.03139605058174622,0.3823670176398195,1.3202058699690242,1.0,0.0076148727397761205,1.1501542308025097,0.26423896586639223,0.0922489443124835,0.13055138761498175,0.24538437913518096,fpgrowth,Portfolio-wide,356255,11185,"{bureau_debt_moderate, income_q1} -> {burden_20_to_35pct}","{bureau_debt_moderate, income_q1} -> {burden_20_to_35pct}"
"frozenset({'burden_20_to_35pct', 'bureau_debt_moderate'})",frozenset({'credit_large'}),0.07405369749196503,0.3220389889264712,0.03783525845251295,0.5109165340004549,1.5865052107622557,1.0,0.013987080585933773,1.3861867313137903,0.39924967407602,0.10560913884557828,0.27859647087212636,0.3142015554738346,fpgrowth,Portfolio-wide,356255,13479,"{burden_20_to_35pct, bureau_debt_moderate} -> {credit_large}","{burden_20_to_35pct, bureau_debt_moderate} -> {credit_large}"
"frozenset({'credit_large', 'bureau_debt_moderate'})",frozenset({'burden_20_to_35pct'}),0.09611654573269147,0.2896268122552666,0.03783525845251295,0.3936393902225337,1.3591262050545037,1.0,0.009997329706965968,1.1715358423520281,0.2923310009072553,0.10875072613438327,0.14641962810770262,0.26213695313357716,fpgrowth,Portfolio-wide,356255,13479,"{bureau_debt_moderate, credit_large} -> {burden_20_to_35pct}","{bureau_debt_moderate, credit_large} -> {burden_20_to_35pct}"
"frozenset({'burden_20_to_35pct', 'card_history_not_observed'})",frozenset({'credit_large'}),0.2103352935397398,0.3220389889264712,0.09835370731638854,0.46760439325797715,1.4520117418600573,1.0,0.030617542049298202,1.2734158631065509,0.39421837216175887,0.22661070222866087,0.21471058357914705,0.38650685460263057,fpgrowth,Portfolio-wide,356255,35039,"{burden_20_to_35pct, card_history_not_observed} -> {credit_large}","{burden_20_to_35pct, card_history_not_observed} -> {credit_large}"
"frozenset({'credit_large', 'card_history_not_observed'})",frozenset({'burden_20_to_35pct'}),0.22191407839889968,0.2896268122552666,0.09835370731638854,0.44320625363657057,1.5302666565481673,1.0,0.034081440195149915,1.2758282440928495,0.44534814377943294,0.23803668478260867,0.2161954364703464,0.3913969842145113,fpgrowth,Portfolio-wide,356255,35039,"{card_history_not_observed, credit_large} -> {burden_20_to_35pct}","{card_history_not_observed, credit_large} -> {burden_20_to_35pct}"
"frozenset({'burden_20_to_35pct', 'previous_approval_high'})",frozenset({'credit_large'}),0.1611682643050624,0.3220389889264712,0.0780957460246172,0.4845603218558963,1.5046635299383964,1.0,0.02619328114078063,1.315306212968704,0.3998413209737783,0.1927759262210459,0.23972076605419826,0.363532165669598,fpgrowth,Portfolio-wide,356255,27822,"{burden_20_to_35pct, previous_approval_high} -> {credit_large}","{burden_20_to_35pct, previous_approval_high} -> {credit_large}"
"frozenset({'credit_large', 'previous_approval_high'})",frozenset({'burden_20_to_35pct'}),0.17516947130566587,0.2896268122552666,0.0780957460246172,0.44582966108484906,1.539324545311471,1.0,0.027361970445916803,1.2818679345693,0.4247713970140547,0.20195406637437938,0.21988843543699826,0.357736163927447,fpgrowth,Portfolio-wide,356255,27822,"{credit_large, previous_approval_high} -> {burden_20_to_35pct}","{credit_large, previous_approval_high} -> {burden_20_to_35pct}"
"frozenset({'burden_20_to_35pct', 'bureau_debt_low'})",frozenset({'credit_large'}),0.15290452063830684,0.3220389889264712,0.075263505073613,0.49222550621408767,1.5284655682684245,1.0,0.026022287844965915,1.335161610853519,0.40815833774330085,0.18830940809618787,0.25102699787725513,0.36296740062116417,fpgrowth,Portfolio-wide,356255,26813,"{burden_20_to_35pct, bureau_debt_low} -> {credit_large}","{burden_20_to_35pct, bureau_debt_low} -> {credit_large}"
"frozenset({'bureau_debt_low', 'credit_large'})",frozenset({'burden_20_to_35pct'}),0.1698334058469355,0.2896268122552666,0.075263505073613,0.44316078275816473,1.5301096583819693,1.0,0.02607519712371012,1.275724061360819,0.4173283680412108,0.19589835758957275,0.21613142662426787,0.3515122586802327,fpgrowth,Portfolio-wide,356255,26813,"{bureau_debt_low, credit_large} -> {burden_20_to_35pct}","{bureau_debt_low, credit_large} -> {burden_20_to_35pct}"
"frozenset({'burden_20_to_35pct', 'repayment_some_late'})",frozenset({'credit_large'}),0.12519403236445803,0.3220389889264712,0.05910092489929966,0.47207461716105026,1.4658927440268283,1.0,0.018783565297021687,1.2841985498551967,0.3633055350641649,0.15227013032095693,0.22130421334554712,0.3277978203997846,fpgrowth,Portfolio-wide,356255,21055,"{burden_20_to_35pct, repayment_some_late} -> {credit_large}","{burden_20_to_35pct, repayment_some_late} -> {credit_large}"
"frozenset({'credit_large', 'repayment_some_late'})",frozenset({'burden_20_to_35pct'}),0.14058188657001305,0.2896268122552666,0.05910092489929966,0.4204021324601162,1.4515304338936306,1.0,0.018384641231195306,1.2256311272502234,0.3619564990876391,0.15925542134045337,0.18409382907599633,0.3122305096353362,fpgrowth,Portfolio-wide,356255,21055,"{credit_large, repayment_some_late} -> {burden_20_to_35pct}","{credit_large, repayment_some_late} -> {burden_20_to_35pct}"
"frozenset({'burden_20_to_35pct', 'repayment_some_late'})",frozenset({'leverage_3_to_6x'}),0.12519403236445803,0.3596637240179085,0.060344416218719735,0.4820071298849802,1.3401605380168389,1.0,0.015316664313700191,1.2361874321550128,0.29014518453226235,0.14214963467451316,0.1910611821568786,0.3248936158275149,fpgrowth,Portfolio-wide,356255,21498,"{burden_20_to_35pct, repayment_some_late} -> {leverage_3_to_6x}","{burden_20_to_35pct, repayment_some_late} -> {leverage_3_to_6x}"
"frozenset({'repayment_some_late', 'leverage_3_to_6x'})",frozenset({'burden_20_to_35pct'}),0.15936899131240262,0.2896268122552666,0.060344416218719735,0.3786459067211498,1.3073579195679748,1.0,0.014186883292571291,1.143266287981036,0.27966910970278225,0.15526617987996447,0.12531313963087165,0.2934991098234896,fpgrowth,Portfolio-wide,356255,21498,"{leverage_3_to_6x, repayment_some_late} -> {burden_20_to_35pct}","{leverage_3_to_6x, repayment_some_late} -> {burden_20_to_35pct}"
"frozenset({'burden_20_to_35pct', 'repayment_some_late'})",frozenset({'income_q1'}),0.12519403236445803,0.320088139113837,0.054747301792255544,0.4372996121163203,1.3661849930677934,1.0,0.014674176944558692,1.208301745522722,0.3063933214863923,0.14018543807949402,0.17239215808018962,0.30416891017714326,fpgrowth,Portfolio-wide,356255,19504,"{burden_20_to_35pct, repayment_some_late} -> {income_q1}","{burden_20_to_35pct, repayment_some_late} -> {income_q1}"
"frozenset({'repayment_some_late', 'income_q1'})",frozenset({'burden_20_to_35pct'}),0.13486407208319884,0.2896268122552666,0.054747301792255544,0.40594430337593135,1.4016116125952687,1.0,0.015687050507034173,1.1958023326460465,0.33120297324905,0.1480682948308192,0.16374138710097608,0.2974856764648141,fpgrowth,Portfolio-wide,356255,19504,"{income_q1, repayment_some_late} -> {burden_20_to_35pct}","{income_q1, repayment_some_late} -> {burden_20_to_35pct}"
"frozenset({'burden_20_to_35pct', 'previous_approval_high'})",frozenset({'previous_two_to_four'}),0.1611682643050624,0.3841686432471123,0.07443263954190117,0.46183186164376405,1.2021591812913677,1.0,0.012516846109333353,1.1443103239702443,0.20047334626869992,0.158063208593126,0.12611117888856602,0.3277908851554443,fpgrowth,Portfolio-wide,356255,26517,"{burden_20_to_35pct, previous_approval_high} -> {previous_two_to_four}","{burden_20_to_35pct, previous_approval_high} -> {previous_two_to_four}"
"frozenset({'burden_20_to_35pct', 'previous_two_to_four'})",frozenset({'credit_large'}),0.11834219870598307,0.3220389889264712,0.0560160559150047,0.47333965844402276,1.4698209680197976,1.0,0.017905253896394364,1.2872832024346954,0.36254999381931935,0.1457365699763386,0.22317016324872718,0.323640751751821,fpgrowth,Portfolio-wide,356255,19956,"{burden_20_to_35pct, previous_two_to_four} -> {credit_large}","{burden_20_to_35pct, previous_two_to_four} -> {credit_large}"
"frozenset({'credit_large', 'previous_two_to_four'})",frozenset({'burden_20_to_35pct'}),0.12492175548413356,0.2896268122552666,0.0560160559150047,0.44840913176343694,1.548230732754899,1.0,0.01983536609280323,1.2878624876727884,0.4046511757753402,0.15623703309350262,0.22351958413896023,0.32090841639683265,fpgrowth,Portfolio-wide,356255,19956,"{credit_large, previous_two_to_four} -> {burden_20_to_35pct}","{credit_large, previous_two_to_four} -> {burden_20_to_35pct}"
"frozenset({'burden_20_to_35pct', 'previous_two_to_four'})",frozenset({'income_q1'}),0.11834219870598307,0.320088139113837,0.054146608468653074,0.45754269449715373,1.4294272064058957,1.0,0.01626667430621502,1.2533923941827998,0.340743403676964,0.14090268292148458,0.20216525595562546,0.31335212649668925,fpgrowth,Portfolio-wide,356255,19290,"{burden_20_to_35pct, previous_two_to_four} -> {income_q1}","{burden_20_to_35pct, previous_two_to_four} -> {income_q1}"
"frozenset({'previous_two_to_four', 'income_q1'})",frozenset({'burden_20_to_35pct'}),0.1321048125640342,0.2896268122552666,0.054146608468653074,0.4098761234940399,1.4151870826544537,1.0,0.015885512722152356,1.2037696084265435,0.3380358001224375,0.14730363333689692,0.16927625269829844,0.29841457389557446,fpgrowth,Portfolio-wide,356255,19290,"{income_q1, previous_two_to_four} -> {burden_20_to_35pct}","{income_q1, previous_two_to_four} -> {burden_20_to_35pct}"
"frozenset({'burden_20_to_35pct', 'previous_two_to_four'})",frozenset({'leverage_3_to_6x'}),0.11834219870598307,0.3596637240179085,0.05569886738431741,0.4706593927893738,1.3086095743309896,1.0,0.013135471489256222,1.2096866691493022,0.26748488585298275,0.13189187033479782,0.17333965438898474,0.3127615635317018,fpgrowth,Portfolio-wide,356255,19843,"{burden_20_to_35pct, previous_two_to_four} -> {leverage_3_to_6x}","{burden_20_to_35pct, previous_two_to_four} -> {leverage_3_to_6x}"
"frozenset({'previous_two_to_four', 'leverage_3_to_6x'})",frozenset({'burden_20_to_35pct'}),0.14035732831819905,0.2896268122552666,0.05569886738431741,0.39683618982861024,1.3701638558202724,1.0,0.015047621806851562,1.1777450433289094,0.31427044336625104,0.14881394319826607,0.1509197974007268,0.2945743639948529,fpgrowth,Portfolio-wide,356255,19843,"{leverage_3_to_6x, previous_two_to_four} -> {burden_20_to_35pct}","{leverage_3_to_6x, previous_two_to_four} -> {burden_20_to_35pct}"
"frozenset({'burden_20_to_35pct', 'external_score_weak'})",frozenset({'leverage_3_to_6x'}),0.09365763287532806,0.3596637240179085,0.04893685702656805,0.5225079422166277,1.4527679811006204,1.0,0.015251604003925459,1.3410406844350025,0.3438643601590761,0.12101565970679697,0.2543104682753808,0.32928537622179055,fpgrowth,Portfolio-wide,356255,17434,"{burden_20_to_35pct, external_score_weak} -> {leverage_3_to_6x}","{burden_20_to_35pct, external_score_weak} -> {leverage_3_to_6x}"
"frozenset({'external_score_weak', 'leverage_3_to_6x'})",frozenset({'burden_20_to_35pct'}),0.11668608159885475,0.2896268122552666,0.04893685702656805,0.41938898243925904,1.4480323115583122,1.0,0.01514143917853382,1.2234924351403949,0.3502805390559841,0.1369337951726792,0.1826676068616224,0.2941770994517653,fpgrowth,Portfolio-wide,356255,17434,"{external_score_weak, leverage_3_to_6x} -> {burden_20_to_35pct}","{external_score_weak, leverage_3_to_6x} -> {burden_20_to_35pct}"
"frozenset({'burden_20_to_35pct', 'external_score_weak'})",frozenset({'income_q1'}),0.09365763287532806,0.320088139113837,0.04632356037108251,0.49460528681891747,1.5452159151795835,1.0,0.01634486295021183,1.34530861355202,0.3893023904586672,0.1260771910524386,0.25667613369418735,0.3196632758579605,fpgrowth,Portfolio-wide,356255,16503,"{burden_20_to_35pct, external_score_weak} -> {income_q1}","{burden_20_to_35pct, external_score_weak} -> {income_q1}"
"frozenset({'external_score_weak', 'income_q1'})",frozenset({'burden_20_to_35pct'}),0.11710432134285835,0.2896268122552666,0.04632356037108251,0.3955751576020518,1.3658098658814992,1.0,0.012407009079234067,1.1752878735534,0.30335822709700816,0.1285310404448702,0.14914462873119705,0.2777586975147426,fpgrowth,Portfolio-wide,356255,16503,"{external_score_weak, income_q1} -> {burden_20_to_35pct}","{external_score_weak, income_q1} -> {burden_20_to_35pct}"
"frozenset({'burden_20_to_35pct', 'external_score_weak'})",frozenset({'credit_medium'}),0.09365763287532806,0.3439278045220418,0.04049908071465664,0.4324162320925493,1.257287798215327,1.0,0.008287616663113652,1.1559037318786332,0.22578350362928004,0.10199061245263813,0.1348760520266255,0.275085415558215,fpgrowth,Portfolio-wide,356255,14428,"{burden_20_to_35pct, external_score_weak} -> {credit_medium}","{burden_20_to_35pct, external_score_weak} -> {credit_medium}"
"frozenset({'burden_20_to_35pct', 'external_score_weak'})",frozenset({'credit_large'}),0.09365763287532806,0.3220389889264712,0.03661422295827427,0.3909368818557813,1.2139427066237656,1.0,0.006452813561856986,1.11312110498373,0.19444958203827378,0.09658644946316178,0.10162515514013491,0.252315941102216,fpgrowth,Portfolio-wide,356255,13044,"{burden_20_to_35pct, external_score_weak} -> {credit_large}","{burden_20_to_35pct, external_score_weak} -> {credit_large}"
"frozenset({'external_score_weak', 'credit_large'})",frozenset({'burden_20_to_35pct'}),0.08309778108377426,0.2896268122552666,0.03661422295827427,0.44061613295500607,1.5213236976370232,1.0,0.012546877517494736,1.269920763888592,0.3737341754175393,0.108935118296991,0.21254929564430042,0.2835173782694027,fpgrowth,Portfolio-wide,356255,13044,"{credit_large, external_score_weak} -> {burden_20_to_35pct}","{credit_large, external_score_weak} -> {burden_20_to_35pct}"
frozenset({'previous_deep'}),frozenset({'card_utilisation_moderate'}),0.3972912660874935,0.25667850275785603,0.16650713674194045,0.41910595815935053,1.63280506024583,1.0,0.06453100940382964,1.279616321914439,0.643025388994548,0.3415792837770138,0.21851575126527278,0.5339025739092412,fpgrowth,Portfolio-wide,356255,59319,{previous_deep} -> {card_utilisation_moderate},{previous_deep} -> {card_utilisation_moderate}
frozenset({'card_utilisation_moderate'}),frozenset({'previous_deep'}),0.25667850275785603,0.3972912660874935,0.16650713674194045,0.6486991896591319,1.63280506024583,1.0,0.06453100940382964,1.715648572878886,0.5213854563770953,0.3415792837770138,0.4171300487710114,0.5339025739092412,fpgrowth,Portfolio-wide,356255,59319,{card_utilisation_moderate} -> {previous_deep},{card_utilisation_moderate} -> {previous_deep}
frozenset({'card_utilisation_moderate'}),frozenset({'repayment_some_late'}),0.25667850275785603,0.44470674095802165,0.14868282550420345,0.5792570235009787,1.3025595749978929,1.0,0.03453616506877272,1.3197921060086195,0.3124903516489039,0.26901062959934585,0.24230490889640988,0.4567980324821736,fpgrowth,Portfolio-wide,356255,52969,{card_utilisation_moderate} -> {repayment_some_late},{card_utilisation_moderate} -> {repayment_some_late}
"frozenset({'previous_deep', 'burden_under_20pct'})",frozenset({'card_utilisation_moderate'}),0.2761673520371644,0.25667850275785603,0.11607416036266158,0.42030370174618337,1.637471378515431,1.0,0.04518793793116048,1.2822602101845493,0.5378346831284738,0.2785077823501283,0.22012709116500215,0.4362599181937177,fpgrowth,Portfolio-wide,356255,41352,"{burden_under_20pct, previous_deep} -> {card_utilisation_moderate}","{burden_under_20pct, previous_deep} -> {card_utilisation_moderate}"
"frozenset({'card_utilisation_moderate', 'burden_under_20pct'})",frozenset({'previous_deep'}),0.17424316851693308,0.3972912660874935,0.11607416036266158,0.6661619009262989,1.676759490553697,1.0,0.04684887133547275,1.8053923011928221,0.48877772582845064,0.2548502403549859,0.4461037640742677,0.47916289370060683,fpgrowth,Portfolio-wide,356255,41352,"{burden_under_20pct, card_utilisation_moderate} -> {previous_deep}","{burden_under_20pct, card_utilisation_moderate} -> {previous_deep}"
"frozenset({'leverage_under_3x', 'previous_deep'})",frozenset({'card_utilisation_moderate'}),0.2024168081851483,0.25667850275785603,0.07989782599542462,0.3947193254936765,1.537796586985879,1.0,0.027941782737436624,1.2280608460668414,0.4384733029854175,0.21070241540887252,0.18570809972263236,0.3529976011346864,fpgrowth,Portfolio-wide,356255,28464,"{leverage_under_3x, previous_deep} -> {card_utilisation_moderate}","{leverage_under_3x, previous_deep} -> {card_utilisation_moderate}"
"frozenset({'leverage_under_3x', 'card_utilisation_moderate'})",frozenset({'previous_deep'}),0.11758150762796311,0.3972912660874935,0.07989782599542462,0.6795101339253742,1.710357593855912,1.0,0.033183719961434884,1.8805859333229784,0.4706689040660107,0.18368374182057537,0.4682508348698487,0.4403082791969439,fpgrowth,Portfolio-wide,356255,28464,"{card_utilisation_moderate, leverage_under_3x} -> {previous_deep}","{card_utilisation_moderate, leverage_under_3x} -> {previous_deep}"
"frozenset({'leverage_under_3x', 'card_utilisation_moderate'})",frozenset({'burden_under_20pct'}),0.11758150762796311,0.6564820142875187,0.10799567725365258,0.9184750173076465,1.3990863379623115,1.0,0.03080553228308411,4.2136529732094115,0.3232568556314759,0.16213915462092798,0.7626762321534205,0.5414908491134705,fpgrowth,Portfolio-wide,356255,38474,"{card_utilisation_moderate, leverage_under_3x} -> {burden_under_20pct}","{card_utilisation_moderate, leverage_under_3x} -> {burden_under_20pct}"
"frozenset({'card_utilisation_moderate', 'burden_under_20pct'})",frozenset({'leverage_under_3x'}),0.17424316851693308,0.47446632327967325,0.10799567725365258,0.6197986306886831,1.3063068974093321,1.0,0.02532316173082283,1.3822508784549081,0.28396144733748335,0.1997279787366585,0.27654232991495115,0.4237068417744047,fpgrowth,Portfolio-wide,356255,38474,"{burden_under_20pct, card_utilisation_moderate} -> {leverage_under_3x}","{burden_under_20pct, card_utilisation_moderate} -> {leverage_under_3x}"
"frozenset({'leverage_under_3x', 'card_utilisation_moderate'})",frozenset({'repayment_some_late'}),0.11758150762796311,0.44470674095802165,0.06964393482196742,0.5923034686910645,1.3318967628308909,1.0,0.017354645767805175,1.3620259590121464,0.2823955523023316,0.14136758078025377,0.2657996028759374,0.3744549490347622,fpgrowth,Portfolio-wide,356255,24811,"{card_utilisation_moderate, leverage_under_3x} -> {repayment_some_late}","{card_utilisation_moderate, leverage_under_3x} -> {repayment_some_late}"
"frozenset({'previous_deep', 'previous_outcome_mixed'})",frozenset({'card_utilisation_moderate'}),0.17967467123268446,0.25667850275785603,0.07518771666362577,0.4184658647086392,1.6303113046572866,1.0,0.029069091068110293,1.2782078508078023,0.4713010801071098,0.20818080782174136,0.2176546252880393,0.35569575618993304,fpgrowth,Portfolio-wide,356255,26786,"{previous_deep, previous_outcome_mixed} -> {card_utilisation_moderate}","{previous_deep, previous_outcome_mixed} -> {card_utilisation_moderate}"
"frozenset({'previous_deep', 'card_utilisation_moderate'})",frozenset({'previous_outcome_mixed'}),0.16650713674194045,0.3234901966288192,0.07518771666362577,0.45155852256443973,1.3958955395565489,1.0,0.02132429025887376,1.2335132027840983,0.34027167869489505,0.18125837404755782,0.1893074206721484,0.3419925460234234,fpgrowth,Portfolio-wide,356255,26786,"{card_utilisation_moderate, previous_deep} -> {previous_outcome_mixed}","{card_utilisation_moderate, previous_deep} -> {previous_outcome_mixed}"
"frozenset({'previous_outcome_mixed', 'card_utilisation_moderate'})",frozenset({'previous_deep'}),0.0967003971874079,0.3972912660874935,0.07518771666362577,0.777532656023222,1.9570846942605322,1.0,0.03676949343387699,2.7092009242283197,0.5413883814446441,0.17952962781750792,0.6308874727389084,0.4833917616438061,fpgrowth,Portfolio-wide,356255,26786,"{card_utilisation_moderate, previous_outcome_mixed} -> {previous_deep}","{card_utilisation_moderate, previous_outcome_mixed} -> {previous_deep}"
"frozenset({'leverage_under_3x', 'card_utilisation_moderate'})",frozenset({'previous_outcome_mixed'}),0.11758150762796311,0.3234901966288192,0.04597830205891847,0.39103344553462727,1.2087953502445976,1.0,0.007941837036435674,1.1109145459804537,0.19574624573177218,0.11637324694147236,0.09984075407219055,0.26658271261502936,fpgrowth,Portfolio-wide,356255,16380,"{card_utilisation_moderate, leverage_under_3x} -> {previous_outcome_mixed}","{card_utilisation_moderate, leverage_under_3x} -> {previous_outcome_mixed}"
"frozenset({'previous_outcome_mixed', 'card_utilisation_moderate'})",frozenset({'repayment_some_late'}),0.0967003971874079,0.44470674095802165,0.05302101023143535,0.5483018867924528,1.232951597745648,1.0,0.010017691748876942,1.229345978664363,0.20916443726586828,0.10856371055807806,0.18655934345963263,0.3337643980036531,fpgrowth,Portfolio-wide,356255,18889,"{card_utilisation_moderate, previous_outcome_mixed} -> {repayment_some_late}","{card_utilisation_moderate, previous_outcome_mixed} -> {repayment_some_late}"
"frozenset({'previous_outcome_mixed', 'repayment_some_late'})",frozenset({'card_utilisation_moderate'}),0.14903089079451518,0.25667850275785603,0.05302101023143535,0.35577194733769046,1.3860605524620684,1.0,0.014767984317629643,1.1538173387053314,0.3273101167810953,0.15033387187915348,0.13331168942037716,0.2811688930831252,fpgrowth,Portfolio-wide,356255,18889,"{previous_outcome_mixed, repayment_some_late} -> {card_utilisation_moderate}","{previous_outcome_mixed, repayment_some_late} -> {card_utilisation_moderate}"
"frozenset({'previous_deep', 'external_score_strong'})",frozenset({'card_utilisation_moderate'}),0.1228642405018877,0.25667850275785603,0.05388275252277161,0.438555207785977,1.7085778632568183,1.0,0.02234614322826594,1.3239440592384897,0.4728092758907705,0.1654570842455481,0.24468107770717806,0.32423916464668207,fpgrowth,Portfolio-wide,356255,19196,"{external_score_strong, previous_deep} -> {card_utilisation_moderate}","{external_score_strong, previous_deep} -> {card_utilisation_moderate}"
"frozenset({'card_utilisation_moderate', 'external_score_strong'})",frozenset({'previous_deep'}),0.08813069290255575,0.3972912660874935,0.05388275252277161,0.6113959932477625,1.538911235750946,1.0,0.018869197958347163,1.550958619674696,0.3840352327450502,0.12486177782981436,0.355237472286821,0.3735106533850109,fpgrowth,Portfolio-wide,356255,19196,"{card_utilisation_moderate, external_score_strong} -> {previous_deep}","{card_utilisation_moderate, external_score_strong} -> {previous_deep}"
"frozenset({'card_utilisation_moderate', 'external_score_strong'})",frozenset({'repayment_some_late'}),0.08813069290255575,0.44470674095802165,0.048709491796606365,0.5526961174634519,1.242832785203101,1.0,0.009517178577538546,1.2414228463501136,0.21427032188115125,0.10061284954746541,0.19447269482748508,0.33111391599270723,fpgrowth,Portfolio-wide,356255,17353,"{card_utilisation_moderate, external_score_strong} -> {repayment_some_late}","{card_utilisation_moderate, external_score_strong} -> {repayment_some_late}"
"frozenset({'repayment_some_late', 'external_score_strong'})",frozenset({'card_utilisation_moderate'}),0.13776087353159955,0.25667850275785603,0.048709491796606365,0.3535800154855536,1.3775209520335718,1.0,0.013349237039901034,1.1499048838975554,0.31784480688780564,0.1408888672382437,0.1303628552210848,0.2716742525728896,fpgrowth,Portfolio-wide,356255,17353,"{external_score_strong, repayment_some_late} -> {card_utilisation_moderate}","{external_score_strong, repayment_some_late} -> {card_utilisation_moderate}"
"frozenset({'card_utilisation_moderate', 'external_score_strong'})",frozenset({'bureau_debt_low'}),0.08813069290255575,0.504579584847932,0.05354310816690292,0.6075421218587763,1.2040560896689365,1.0,0.009074159729770756,1.2623530899634376,0.18585328577518137,0.09930706316606015,0.20782861154246188,0.35682820966742074,fpgrowth,Portfolio-wide,356255,19075,"{card_utilisation_moderate, external_score_strong} -> {bureau_debt_low}","{card_utilisation_moderate, external_score_strong} -> {bureau_debt_low}"
"frozenset({'card_utilisation_moderate', 'external_score_strong'})",frozenset({'credit_large'}),0.08813069290255575,0.3220389889264712,0.036187562279827654,0.41061247889925795,1.2750396474291816,1.0,0.007806043044099268,1.1502805655053006,0.23655874927472795,0.09676281401754822,0.1306468786937077,0.261491303252711,fpgrowth,Portfolio-wide,356255,12892,"{card_utilisation_moderate, external_score_strong} -> {credit_large}","{card_utilisation_moderate, external_score_strong} -> {credit_large}"
"frozenset({'previous_deep', 'repayment_clean_observed'})",frozenset({'card_utilisation_moderate'}),0.1285848619668496,0.25667850275785603,0.0483894962877714,0.376323429893689,1.4661275714573687,1.0,0.015384526440794861,1.191838098255701,0.36484460702262006,0.14364277203302975,0.160959864042325,0.2824226206476636,fpgrowth,Portfolio-wide,356255,17239,"{previous_deep, repayment_clean_observed} -> {card_utilisation_moderate}","{previous_deep, repayment_clean_observed} -> {card_utilisation_moderate}"
"frozenset({'card_utilisation_moderate', 'repayment_clean_observed'})",frozenset({'previous_deep'}),0.08660650376836816,0.3972912660874935,0.0483894962877714,0.558728203798535,1.4063440389738875,1.0,0.013981488754225141,1.3658446769105015,0.3163329281811075,0.11111039496751574,0.26785232837604256,0.3402633720547746,fpgrowth,Portfolio-wide,356255,17239,"{card_utilisation_moderate, repayment_clean_observed} -> {previous_deep}","{card_utilisation_moderate, repayment_clean_observed} -> {previous_deep}"
"frozenset({'card_utilisation_moderate', 'repayment_clean_observed'})",frozenset({'previous_outcome_mixed'}),0.08660650376836816,0.3234901966288192,0.036802290494168506,0.4249367991184288,1.3136002374934779,1.0,0.008785935560804516,1.1764094839212316,0.26136970621134986,0.09858784251210637,0.14995584983998947,0.26935156151851847,fpgrowth,Portfolio-wide,356255,13111,"{card_utilisation_moderate, repayment_clean_observed} -> {previous_outcome_mixed}","{card_utilisation_moderate, repayment_clean_observed} -> {previous_outcome_mixed}"
"frozenset({'leverage_under_3x', 'card_utilisation_moderate'})",frozenset({'credit_small'}),0.11758150762796311,0.334033206551487,0.06491417664313483,0.552078111198644,1.6527641574866845,1.0,0.02563804861900818,1.4867922512798997,0.4475801453695506,0.16786678667866786,0.32741107633621747,0.3732063062946943,fpgrowth,Portfolio-wide,356255,23126,"{card_utilisation_moderate, leverage_under_3x} -> {credit_small}","{card_utilisation_moderate, leverage_under_3x} -> {credit_small}"
"frozenset({'card_utilisation_moderate', 'credit_small'})",frozenset({'leverage_under_3x'}),0.07227688032448668,0.47446632327967325,0.06491417664313483,0.898131966289953,1.8929309040982258,1.0,0.030621230977450675,5.158965551609487,0.5084692721093507,0.1347245039439803,0.8061626909510918,0.5174735533539914,fpgrowth,Portfolio-wide,356255,23126,"{card_utilisation_moderate, credit_small} -> {leverage_under_3x}","{card_utilisation_moderate, credit_small} -> {leverage_under_3x}"
"frozenset({'previous_deep', 'credit_small'})",frozenset({'card_utilisation_moderate'}),0.13265217330283083,0.25667850275785603,0.04812844732003761,0.3628168775657032,1.4135070668850496,1.0,0.014079486089091355,1.1665743662549564,0.3372808295652588,0.14105548928468595,0.14278932494437407,0.27516083098345745,fpgrowth,Portfolio-wide,356255,17146,"{credit_small, previous_deep} -> {card_utilisation_moderate}","{credit_small, previous_deep} -> {card_utilisation_moderate}"
"frozenset({'card_utilisation_moderate', 'credit_small'})",frozenset({'previous_deep'}),0.07227688032448668,0.3972912660874935,0.04812844732003761,0.6658899374732999,1.6760749463006175,1.0,0.019413474027068053,1.8039227234119646,0.4347934852966781,0.11420007992540296,0.4456525287798436,0.39351570289097004,fpgrowth,Portfolio-wide,356255,17146,"{card_utilisation_moderate, credit_small} -> {previous_deep}","{card_utilisation_moderate, credit_small} -> {previous_deep}"
"frozenset({'card_utilisation_moderate', 'credit_small'})",frozenset({'burden_under_20pct'}),0.07227688032448668,0.6564820142875187,0.06338998750894724,0.8770437686900462,1.335975319357231,1.0,0.015941515527110296,2.793823314627504,0.27107568293034934,0.0952704384473572,0.6420675585444714,0.4868019484818483,fpgrowth,Portfolio-wide,356255,22583,"{card_utilisation_moderate, credit_small} -> {burden_under_20pct}","{card_utilisation_moderate, credit_small} -> {burden_under_20pct}"
"frozenset({'card_utilisation_moderate', 'credit_small'})",frozenset({'repayment_some_late'}),0.07227688032448668,0.44470674095802165,0.041863272094426744,0.5792069594935726,1.3024469974208175,1.0,0.009721256198711316,1.319635083255367,0.2503057571710941,0.08811088004537292,0.24221475111655041,0.33667188262757203,fpgrowth,Portfolio-wide,356255,14914,"{card_utilisation_moderate, credit_small} -> {repayment_some_late}","{card_utilisation_moderate, credit_small} -> {repayment_some_late}"
"frozenset({'burden_20_to_35pct', 'previous_deep'})",frozenset({'card_utilisation_moderate'}),0.1040322241091353,0.25667850275785603,0.04371307069374465,0.4201877934272301,1.637019808486356,1.0,0.017010235170842068,1.2820038778346292,0.43431678356032893,0.1378971416427585,0.2199711582081547,0.29524530250738823,fpgrowth,Portfolio-wide,356255,15573,"{burden_20_to_35pct, previous_deep} -> {card_utilisation_moderate}","{burden_20_to_35pct, previous_deep} -> {card_utilisation_moderate}"
"frozenset({'burden_20_to_35pct', 'card_utilisation_moderate'})",frozenset({'previous_deep'}),0.0710333890050666,0.3972912660874935,0.04371307069374465,0.6153876551015569,1.548958428313481,1.0,0.015492125641436302,1.567055093022695,0.38150443445021387,0.1029483704634098,0.3618603427202431,0.3627077108463125,fpgrowth,Portfolio-wide,356255,15573,"{burden_20_to_35pct, card_utilisation_moderate} -> {previous_deep}","{burden_20_to_35pct, card_utilisation_moderate} -> {previous_deep}"
"frozenset({'burden_20_to_35pct', 'card_utilisation_moderate'})",frozenset({'credit_large'}),0.0710333890050666,0.3220389889264712,0.03696228824858599,0.5203509049237335,1.6158009521093777,1.0,0.014086767473373622,1.413452079932997,0.41025359132636374,0.10379455488468148,0.2925122724730762,0.317563361254838,fpgrowth,Portfolio-wide,356255,13168,"{burden_20_to_35pct, card_utilisation_moderate} -> {credit_large}","{burden_20_to_35pct, card_utilisation_moderate} -> {credit_large}"
"frozenset({'credit_large', 'card_utilisation_moderate'})",frozenset({'burden_20_to_35pct'}),0.09142608524792635,0.2896268122552666,0.03696228824858599,0.4042860213072979,1.395886030575701,1.0,0.010482842621250824,1.1924735916112823,0.31214756557454604,0.1074202179729818,0.16140700554316686,0.26595320826755076,fpgrowth,Portfolio-wide,356255,13168,"{card_utilisation_moderate, credit_large} -> {burden_20_to_35pct}","{card_utilisation_moderate, credit_large} -> {burden_20_to_35pct}"
"frozenset({'burden_20_to_35pct', 'card_utilisation_moderate'})",frozenset({'leverage_3_to_6x'}),0.0710333890050666,0.3596637240179085,0.03319532357440597,0.46732000316130556,1.2993248191414395,1.0,0.007647190355230961,1.202103100890416,0.2479847016434072,0.08350987204474196,0.16812459824844894,0.2798077242416586,fpgrowth,Portfolio-wide,356255,11826,"{burden_20_to_35pct, card_utilisation_moderate} -> {leverage_3_to_6x}","{burden_20_to_35pct, card_utilisation_moderate} -> {leverage_3_to_6x}"
"frozenset({'burden_20_to_35pct', 'card_utilisation_moderate'})",frozenset({'repayment_some_late'}),0.0710333890050666,0.44470674095802165,0.04016224333693562,0.5653995099976289,1.2713985598230455,1.0,0.008573216413289085,1.2777096938821877,0.22978713945211288,0.08444934986749454,0.2173496023485552,0.32785562923901035,fpgrowth,Portfolio-wide,356255,14308,"{burden_20_to_35pct, card_utilisation_moderate} -> {repayment_some_late}","{burden_20_to_35pct, card_utilisation_moderate} -> {repayment_some_late}"
"frozenset({'bureau_debt_low', 'previous_deep'})",frozenset({'card_utilisation_moderate'}),0.20735147576876115,0.25667850275785603,0.08892226074020014,0.4288479761743604,1.6707592243473721,1.0,0.035699594395242666,1.3014424640628852,0.5064914644560088,0.23705793435802267,0.23162181378486152,0.38764118349852933,fpgrowth,Portfolio-wide,356255,31679,"{bureau_debt_low, previous_deep} -> {card_utilisation_moderate}","{bureau_debt_low, previous_deep} -> {card_utilisation_moderate}"
"frozenset({'bureau_debt_low', 'card_utilisation_moderate'})",frozenset({'previous_deep'}),0.13487249301764187,0.3972912660874935,0.08892226074020014,0.6593061249973985,1.659503193941854,1.0,0.035338597228844575,1.769062428574345,0.45936583295728867,0.20061808532870615,0.43472882367080634,0.4415637289675378,fpgrowth,Portfolio-wide,356255,31679,"{bureau_debt_low, card_utilisation_moderate} -> {previous_deep}","{bureau_debt_low, card_utilisation_moderate} -> {previous_deep}"
"frozenset({'bureau_debt_low', 'card_utilisation_moderate'})",frozenset({'repayment_some_late'}),0.13487249301764187,0.44470674095802165,0.07723400373328093,0.5726445919790213,1.2876903793843693,1.0,0.017255296918521887,1.299371082288303,0.2582460973917219,0.1537468638768907,0.2303969099890117,0.3731593018407121,fpgrowth,Portfolio-wide,356255,27515,"{bureau_debt_low, card_utilisation_moderate} -> {repayment_some_late}","{bureau_debt_low, card_utilisation_moderate} -> {repayment_some_late}"
"frozenset({'previous_approval_high', 'card_utilisation_moderate'})",frozenset({'repayment_some_late'}),0.12051760677043129,0.44470674095802165,0.07014076995410591,0.5819960405263771,1.3087187283750101,1.0,0.01654577781916701,1.3284401892777256,0.2682189819299145,0.1416746042545471,0.2472374683698021,0.3698598448028877,fpgrowth,Portfolio-wide,356255,24988,"{card_utilisation_moderate, previous_approval_high} -> {repayment_some_late}","{card_utilisation_moderate, previous_approval_high} -> {repayment_some_late}"
"frozenset({'previous_deep', 'previous_approval_high'})",frozenset({'card_utilisation_moderate'}),0.1167815188558757,0.25667850275785603,0.054329062048251955,0.46521969041438327,1.8124606673947279,1.0,0.024353756638537446,1.389956742831685,0.5075345438901151,0.17024065017767304,0.280553150191744,0.3384408000096369,fpgrowth,Portfolio-wide,356255,19355,"{previous_approval_high, previous_deep} -> {card_utilisation_moderate}","{previous_approval_high, previous_deep} -> {card_utilisation_moderate}"
"frozenset({'credit_file_established', 'previous_deep'})",frozenset({'card_utilisation_moderate'}),0.1616959761968253,0.25667850275785603,0.0675246663204727,0.4176026386598386,1.6269482413717922,1.0,0.026020785248301655,1.2763132984182453,0.4596808386046711,0.1924603174603175,0.2164933161479117,0.3403368113850793,fpgrowth,Portfolio-wide,356255,24056,"{credit_file_established, previous_deep} -> {card_utilisation_moderate}","{credit_file_established, previous_deep} -> {card_utilisation_moderate}"
"frozenset({'credit_file_established', 'card_utilisation_moderate'})",frozenset({'previous_deep'}),0.10441397313721913,0.3972912660874935,0.0675246663204727,0.6467014355610516,1.627776623256127,1.0,0.02604190673556138,1.7059473051344862,0.43062875225570035,0.15552208121335154,0.4138154226744029,0.4083320300875551,fpgrowth,Portfolio-wide,356255,24056,"{card_utilisation_moderate, credit_file_established} -> {previous_deep}","{card_utilisation_moderate, credit_file_established} -> {previous_deep}"
"frozenset({'credit_file_established', 'card_utilisation_moderate'})",frozenset({'repayment_some_late'}),0.10441397313721913,0.44470674095802165,0.06103493284304782,0.5845475563202323,1.3144562528127068,1.0,0.014601335138716677,1.3365988514199243,0.2671202356752818,0.12504960231880058,0.25183236620496974,0.360897578095734,fpgrowth,Portfolio-wide,356255,21744,"{card_utilisation_moderate, credit_file_established} -> {repayment_some_late}","{card_utilisation_moderate, credit_file_established} -> {repayment_some_late}"
"frozenset({'credit_large', 'previous_deep'})",frozenset({'card_utilisation_moderate'}),0.12466070651639977,0.25667850275785603,0.05816900815427152,0.46661863051946595,1.8179108320561699,1.0,0.026171284652905524,1.393602288670249,0.5139927086868565,0.17999496226038164,0.282435162363157,0.3466203396137021,fpgrowth,Portfolio-wide,356255,20723,"{credit_large, previous_deep} -> {card_utilisation_moderate}","{credit_large, previous_deep} -> {card_utilisation_moderate}"
"frozenset({'credit_large', 'card_utilisation_moderate'})",frozenset({'previous_deep'}),0.09142608524792635,0.3972912660874935,0.05816900815427152,0.6362408277301894,1.6014468024828747,1.0,0.021846222992699747,1.6568894473551865,0.4133561843889793,0.13510447566580827,0.39645943089549374,0.3913274198070039,fpgrowth,Portfolio-wide,356255,20723,"{card_utilisation_moderate, credit_large} -> {previous_deep}","{card_utilisation_moderate, credit_large} -> {previous_deep}"
"frozenset({'credit_large', 'card_utilisation_moderate'})",frozenset({'leverage_3_to_6x'}),0.09142608524792635,0.3596637240179085,0.04726951200684903,0.5170243468115808,1.4375215299328796,1.0,0.014386865714201065,1.3258148143800583,0.33498457308924584,0.11705581004149782,0.24574685004738553,0.3242256563764769,fpgrowth,Portfolio-wide,356255,16840,"{card_utilisation_moderate, credit_large} -> {leverage_3_to_6x}","{card_utilisation_moderate, credit_large} -> {leverage_3_to_6x}"
"frozenset({'card_utilisation_moderate', 'leverage_3_to_6x'})",frozenset({'credit_large'}),0.09762669997614068,0.3220389889264712,0.04726951200684903,0.48418631397354805,1.5035021553992605,1.0,0.015829908254304734,1.3143525064179116,0.37111716536695566,0.12693339765429493,0.23916910028546026,0.31548413390609625,fpgrowth,Portfolio-wide,356255,16840,"{card_utilisation_moderate, leverage_3_to_6x} -> {credit_large}","{card_utilisation_moderate, leverage_3_to_6x} -> {credit_large}"
"frozenset({'credit_large', 'card_utilisation_moderate'})",frozenset({'repayment_some_late'}),0.09142608524792635,0.44470674095802165,0.052569086749659655,0.5749900217985324,1.2929644838750238,1.0,0.011911290340504067,1.3065416990721863,0.24938372890497335,0.10871180458809324,0.2346206778473819,0.3466003514619157,fpgrowth,Portfolio-wide,356255,18728,"{card_utilisation_moderate, credit_large} -> {repayment_some_late}","{card_utilisation_moderate, credit_large} -> {repayment_some_late}"
"frozenset({'credit_large', 'repayment_some_late'})",frozenset({'card_utilisation_moderate'}),0.14058188657001305,0.25667850275785603,0.052569086749659655,0.37393926082702716,1.4568390294055593,1.0,0.016484738589993955,1.1872993317294944,0.3648775385140173,0.15251062720891218,0.15775241063823603,0.2893722200048437,fpgrowth,Portfolio-wide,356255,18728,"{credit_large, repayment_some_late} -> {card_utilisation_moderate}","{credit_large, repayment_some_late} -> {card_utilisation_moderate}"
"frozenset({'previous_deep', 'external_score_middle'})",frozenset({'card_utilisation_moderate'}),0.13589984701969096,0.25667850275785603,0.0589044364289624,0.43344004957141374,1.688649594392835,1.0,0.024021867170926442,1.3119908964264817,0.4719485694043413,0.1765329385142126,0.2377995893693035,0.3314636355596316,fpgrowth,Portfolio-wide,356255,20985,"{external_score_middle, previous_deep} -> {card_utilisation_moderate}","{external_score_middle, previous_deep} -> {card_utilisation_moderate}"
"frozenset({'card_utilisation_moderate', 'external_score_middle'})",frozenset({'previous_deep'}),0.08952856802009797,0.3972912660874935,0.0589044364289624,0.6579401160056435,1.656064887821492,1.0,0.023335518289257395,1.7619977147698804,0.43511406549663617,0.1376543979219007,0.43246237403287346,0.40310261698033295,fpgrowth,Portfolio-wide,356255,20985,"{card_utilisation_moderate, external_score_middle} -> {previous_deep}","{card_utilisation_moderate, external_score_middle} -> {previous_deep}"
"frozenset({'card_utilisation_moderate', 'external_score_middle'})",frozenset({'repayment_some_late'}),0.08952856802009797,0.44470674095802165,0.0524175099296852,0.5854836181219627,1.3165611496256355,1.0,0.01260355222282887,1.3396171618745858,0.2640889657032232,0.10879114477133701,0.2535180733272665,0.35167672627941987,fpgrowth,Portfolio-wide,356255,18674,"{card_utilisation_moderate, external_score_middle} -> {repayment_some_late}","{card_utilisation_moderate, external_score_middle} -> {repayment_some_late}"
"frozenset({'previous_approval_high', 'card_utilisation_moderate'})",frozenset({'previous_two_to_four'}),0.12051760677043129,0.3841686432471123,0.06023494407096041,0.4998020263188541,1.3009964116133286,1.0,0.013935858590574828,1.2311752329197818,0.2630619710657279,0.1355265318495876,0.18776793647118814,0.3282975001317057,fpgrowth,Portfolio-wide,356255,21459,"{card_utilisation_moderate, previous_approval_high} -> {previous_two_to_four}","{card_utilisation_moderate, previous_approval_high} -> {previous_two_to_four}"
"frozenset({'previous_two_to_four', 'card_utilisation_moderate'})",frozenset({'previous_approval_high'}),0.08143324304220291,0.5241863272094427,0.06023494407096041,0.7396849470890353,1.4111107228355624,1.0,0.017548751487914162,1.827837719985019,0.31716626524742225,0.11044488821180055,0.4529054800290499,0.42729813477058115,fpgrowth,Portfolio-wide,356255,21459,"{card_utilisation_moderate, previous_two_to_four} -> {previous_approval_high}","{card_utilisation_moderate, previous_two_to_four} -> {previous_approval_high}"
"frozenset({'previous_deep', 'income_q1'})",frozenset({'card_utilisation_moderate'}),0.10984828283111817,0.25667850275785603,0.04168643247112321,0.3794909797107374,1.4784681055613744,1.0,0.0134907397035103,1.1979221460723166,0.3635607571196106,0.1283289839793996,0.16522120967648277,0.2709490811636154,fpgrowth,Portfolio-wide,356255,14851,"{income_q1, previous_deep} -> {card_utilisation_moderate}","{income_q1, previous_deep} -> {card_utilisation_moderate}"
"frozenset({'card_utilisation_moderate', 'income_q1'})",frozenset({'previous_deep'}),0.06880464835581256,0.3972912660874935,0.04168643247112321,0.6058665143603132,1.5249932884929975,1.0,0.014350946613137665,1.5291995120239477,0.3696962281518223,0.09822219870633209,0.34606309239762567,0.35539657066002406,fpgrowth,Portfolio-wide,356255,14851,"{card_utilisation_moderate, income_q1} -> {previous_deep}","{card_utilisation_moderate, income_q1} -> {previous_deep}"
"frozenset({'card_utilisation_moderate', 'income_q1'})",frozenset({'repayment_some_late'}),0.06880464835581256,0.44470674095802165,0.038407881994638675,0.5582163838120104,1.255246058581117,1.0,0.00780999106156257,1.2569349308003483,0.21836819224220572,0.08084108284394238,0.20441386781791968,0.3222915737363519,fpgrowth,Portfolio-wide,356255,13683,"{card_utilisation_moderate, income_q1} -> {repayment_some_late}","{card_utilisation_moderate, income_q1} -> {repayment_some_late}"
"frozenset({'card_utilisation_moderate', 'income_q1'})",frozenset({'credit_small'}),0.06880464835581256,0.334033206551487,0.03192937642980449,0.4640584203655352,1.3892583469661914,1.0,0.008946339113864929,1.2426107970624911,0.3008944102201714,0.08608424525874464,0.1952427885191556,0.2798229262019607,fpgrowth,Portfolio-wide,356255,11375,"{card_utilisation_moderate, income_q1} -> {credit_small}","{card_utilisation_moderate, income_q1} -> {credit_small}"
"frozenset({'card_utilisation_moderate', 'credit_small'})",frozenset({'income_q1'}),0.07227688032448668,0.320088139113837,0.03192937642980449,0.4417647287273292,1.380134640259878,1.0,0.008794404305786055,1.2179665024320168,0.2968913953649359,0.08858551325083522,0.17895935725390208,0.2707582774765354,fpgrowth,Portfolio-wide,356255,11375,"{card_utilisation_moderate, credit_small} -> {income_q1}","{card_utilisation_moderate, credit_small} -> {income_q1}"
"frozenset({'previous_deep', 'card_utilisation_moderate'})",frozenset({'repayment_some_late'}),0.16650713674194045,0.44470674095802165,0.10416134510392837,0.6255668504189215,1.4066952281210692,1.0,0.030114498977168364,1.4830237644910682,0.3468703487348835,0.20542515500442873,0.32570197191467687,0.4298958225609557,fpgrowth,Portfolio-wide,356255,37108,"{card_utilisation_moderate, previous_deep} -> {repayment_some_late}","{card_utilisation_moderate, previous_deep} -> {repayment_some_late}"
"frozenset({'previous_deep', 'repayment_some_late'})",frozenset({'card_utilisation_moderate'}),0.23665913460863708,0.25667850275785603,0.10416134510392837,0.4401323670695402,1.7147223563351928,1.0,0.04341603276861349,1.3276736384124401,0.5460407366039487,0.2676456587279835,0.24680285043864716,0.42296853800695494,fpgrowth,Portfolio-wide,356255,37108,"{previous_deep, repayment_some_late} -> {card_utilisation_moderate}","{previous_deep, repayment_some_late} -> {card_utilisation_moderate}"
"frozenset({'card_utilisation_moderate', 'repayment_some_late'})",frozenset({'previous_deep'}),0.14868282550420345,0.3972912660874935,0.10416134510392837,0.700560705318205,1.7633428296002964,1.0,0.04509095711389751,2.012791055205319,0.5085006112711987,0.2357590312456321,0.5031774423808769,0.4813697497778771,fpgrowth,Portfolio-wide,356255,37108,"{card_utilisation_moderate, repayment_some_late} -> {previous_deep}","{card_utilisation_moderate, repayment_some_late} -> {previous_deep}"
"frozenset({'card_utilisation_moderate', 'burden_under_20pct'})",frozenset({'repayment_some_late'}),0.17424316851693308,0.44470674095802165,0.1022497929853616,0.5868223922674185,1.319571614775257,1.0,0.02476268137999693,1.343957776630958,0.29328041148004547,0.19789001341829776,0.2559290050712706,0.4083743657554325,fpgrowth,Portfolio-wide,356255,36427,"{burden_under_20pct, card_utilisation_moderate} -> {repayment_some_late}","{burden_under_20pct, card_utilisation_moderate} -> {repayment_some_late}"
"frozenset({'previous_deep', 'leverage_3_to_6x'})",frozenset({'card_utilisation_moderate'}),0.1387377019269905,0.25667850275785603,0.06171702853293287,0.44484684174321204,1.733089592480868,1.0,0.026106042926247235,1.3389485157145018,0.49113468202507293,0.1849480997964368,0.25314529403965075,0.3426458545187961,fpgrowth,Portfolio-wide,356255,21987,"{leverage_3_to_6x, previous_deep} -> {card_utilisation_moderate}","{leverage_3_to_6x, previous_deep} -> {card_utilisation_moderate}"
"frozenset({'card_utilisation_moderate', 'leverage_3_to_6x'})",frozenset({'previous_deep'}),0.09762669997614068,0.3972912660874935,0.06171702853293287,0.6321736630247269,1.5912095658440837,1.0,0.02293079329546807,1.6385687302022185,0.41174452663958316,0.14246743990150978,0.38971128792590315,0.39375910095427613,fpgrowth,Portfolio-wide,356255,21987,"{card_utilisation_moderate, leverage_3_to_6x} -> {previous_deep}","{card_utilisation_moderate, leverage_3_to_6x} -> {previous_deep}"
"frozenset({'card_utilisation_moderate', 'leverage_3_to_6x'})",frozenset({'repayment_some_late'}),0.09762669997614068,0.44470674095802165,0.0559936000898233,0.5735480161012076,1.2897218847315564,1.0,0.012578348512947209,1.3021237560329024,0.2489424708924751,0.11513266112974067,0.23202384153819886,0.349729653797279,fpgrowth,Portfolio-wide,356255,19948,"{card_utilisation_moderate, leverage_3_to_6x} -> {repayment_some_late}","{card_utilisation_moderate, leverage_3_to_6x} -> {repayment_some_late}"
"frozenset({'repayment_some_late', 'leverage_3_to_6x'})",frozenset({'card_utilisation_moderate'}),0.15936899131240262,0.25667850275785603,0.0559936000898233,0.3513456390023954,1.3688159905383503,1.0,0.015087006013726027,1.1459438831166497,0.3205230496904137,0.1555144966516204,0.12735691971209148,0.2847462313533898,fpgrowth,Portfolio-wide,356255,19948,"{leverage_3_to_6x, repayment_some_late} -> {card_utilisation_moderate}","{leverage_3_to_6x, repayment_some_late} -> {card_utilisation_moderate}"
"frozenset({'previous_deep', 'credit_medium'})",frozenset({'card_utilisation_moderate'}),0.1399783862682629,0.25667850275785603,0.060209681267631335,0.4301355578727842,1.675775545093323,1.0,0.02428023866183278,1.3043830116289408,0.46889678739633206,0.17895729219679463,0.23335401405513617,0.33235395721138306,fpgrowth,Portfolio-wide,356255,21450,"{credit_medium, previous_deep} -> {card_utilisation_moderate}","{credit_medium, previous_deep} -> {card_utilisation_moderate}"
"frozenset({'credit_medium', 'card_utilisation_moderate'})",frozenset({'previous_deep'}),0.092975537185443,0.3972912660874935,0.060209681267631335,0.6475862693596596,1.6300037897562158,1.0,0.023271312384061854,1.7102305656972467,0.4261235608405807,0.14000391619345998,0.4152835178733293,0.3995683736632758,fpgrowth,Portfolio-wide,356255,21450,"{card_utilisation_moderate, credit_medium} -> {previous_deep}","{card_utilisation_moderate, credit_medium} -> {previous_deep}"
"frozenset({'credit_medium', 'card_utilisation_moderate'})",frozenset({'leverage_3_to_6x'}),0.092975537185443,0.3596637240179085,0.043277989080855006,0.46547716088518554,1.2942010266846047,1.0,0.009838061134173043,1.1979586822566968,0.25062445389238375,0.10572077044920014,0.16524666934571164,0.29290309828356925,fpgrowth,Portfolio-wide,356255,15418,"{card_utilisation_moderate, credit_medium} -> {leverage_3_to_6x}","{card_utilisation_moderate, credit_medium} -> {leverage_3_to_6x}"
"frozenset({'card_utilisation_moderate', 'leverage_3_to_6x'})",frozenset({'credit_medium'}),0.09762669997614068,0.3439278045220418,0.043277989080855006,0.44330074755606674,1.2889354734553202,1.0,0.009701452495328874,1.1785038197873872,0.24841822353510626,0.1086631709517366,0.151466475365002,0.2845676321558471,fpgrowth,Portfolio-wide,356255,15418,"{card_utilisation_moderate, leverage_3_to_6x} -> {credit_medium}","{card_utilisation_moderate, leverage_3_to_6x} -> {credit_medium}"
"frozenset({'credit_medium', 'card_utilisation_moderate'})",frozenset({'repayment_some_late'}),0.092975537185443,0.44470674095802165,0.05425046666011705,0.5834918334691906,1.3120822774401562,1.0,0.012903618529557334,1.3332109755905661,0.26223402253670836,0.11221948033096239,0.24993116745304716,0.35274169402284433,fpgrowth,Portfolio-wide,356255,19327,"{card_utilisation_moderate, credit_medium} -> {repayment_some_late}","{card_utilisation_moderate, credit_medium} -> {repayment_some_late}"
"frozenset({'external_score_weak', 'previous_deep'})",frozenset({'card_utilisation_moderate'}),0.13847384598110904,0.25667850275785603,0.05371994779020645,0.3879429173761453,1.5113962143612811,1.0,0.018176688332653422,1.2144643340382013,0.39274504316956343,0.15733699450002875,0.17659171045813118,0.2986158819900203,fpgrowth,Portfolio-wide,356255,19138,"{external_score_weak, previous_deep} -> {card_utilisation_moderate}","{external_score_weak, previous_deep} -> {card_utilisation_moderate}"
"frozenset({'external_score_weak', 'card_utilisation_moderate'})",frozenset({'previous_deep'}),0.07901643485705463,0.3972912660874935,0.05371994779020645,0.6798579040852576,1.7112329470025043,1.0,0.02232740834412727,1.8826288126539128,0.451284952711942,0.12712140233412378,0.46882784684979106,0.4075367153836633,fpgrowth,Portfolio-wide,356255,19138,"{card_utilisation_moderate, external_score_weak} -> {previous_deep}","{card_utilisation_moderate, external_score_weak} -> {previous_deep}"
"frozenset({'external_score_weak', 'card_utilisation_moderate'})",frozenset({'repayment_some_late'}),0.07901643485705463,0.44470674095802165,0.04755582377791189,0.6018472468916519,1.3533575983019868,1.0,0.012416682550509303,1.3946739152419425,0.28349799289855726,0.09987207979391288,0.2829865181593191,0.3543923696980904,fpgrowth,Portfolio-wide,356255,16942,"{card_utilisation_moderate, external_score_weak} -> {repayment_some_late}","{card_utilisation_moderate, external_score_weak} -> {repayment_some_late}"
"frozenset({'previous_deep', 'income_q3'})",frozenset({'card_utilisation_moderate'}),0.1123717561858781,0.25667850275785603,0.0488751035073192,0.43494117353183626,1.694497859612921,1.0,0.02003168937725716,1.3154763051631118,0.4617413562467681,0.15265114321784262,0.23981907079960244,0.3126774369348758,fpgrowth,Portfolio-wide,356255,17412,"{income_q3, previous_deep} -> {card_utilisation_moderate}","{income_q3, previous_deep} -> {card_utilisation_moderate}"
"frozenset({'card_utilisation_moderate', 'income_q3'})",frozenset({'previous_deep'}),0.07312178074693688,0.3972912660874935,0.0488751035073192,0.6684069097888676,1.6824102789152875,1.0,0.019824458655796535,1.8176154802524658,0.4376137608311342,0.11594473114699519,0.4498286293968509,0.3957138726650521,fpgrowth,Portfolio-wide,356255,17412,"{card_utilisation_moderate, income_q3} -> {previous_deep}","{card_utilisation_moderate, income_q3} -> {previous_deep}"
"frozenset({'repayment_some_late', 'income_q3'})",frozenset({'card_utilisation_moderate'}),0.11975410871426366,0.25667850275785603,0.042601507347265304,0.35574150903593277,1.3859419671445188,1.0,0.011863202023386588,1.1537628260511386,0.3163537259496088,0.12761395454430796,0.13327074038033104,0.26085687702050897,fpgrowth,Portfolio-wide,356255,15177,"{income_q3, repayment_some_late} -> {card_utilisation_moderate}","{income_q3, repayment_some_late} -> {card_utilisation_moderate}"
"frozenset({'card_utilisation_moderate', 'income_q3'})",frozenset({'repayment_some_late'}),0.07312178074693688,0.44470674095802165,0.042601507347265304,0.5826103646833014,1.3101001424628669,1.0,0.010083758538247986,1.3303954196673906,0.2553728922254792,0.0896445405252153,0.24834377417654677,0.33920361002850097,fpgrowth,Portfolio-wide,356255,15177,"{card_utilisation_moderate, income_q3} -> {repayment_some_late}","{card_utilisation_moderate, income_q3} -> {repayment_some_late}"
"frozenset({'previous_deep', 'bureau_debt_moderate'})",frozenset({'card_utilisation_moderate'}),0.12351545943214833,0.25667850275785603,0.05031227631892886,0.40733586346385475,1.5869496630503765,1.0,0.018608513124436322,1.2542036060871224,0.4219815332392666,0.15251612464049286,0.2026812910227466,0.30167434009560745,fpgrowth,Portfolio-wide,356255,17924,"{bureau_debt_moderate, previous_deep} -> {card_utilisation_moderate}","{bureau_debt_moderate, previous_deep} -> {card_utilisation_moderate}"
"frozenset({'bureau_debt_moderate', 'card_utilisation_moderate'})",frozenset({'previous_deep'}),0.07574349833686544,0.3972912660874935,0.05031227631892886,0.6642454788022533,1.6719357698036326,1.0,0.020220045966779628,1.7950874697455939,0.4348261531302516,0.11901963518529587,0.44292408205505235,0.3954418715008603,fpgrowth,Portfolio-wide,356255,17924,"{bureau_debt_moderate, card_utilisation_moderate} -> {previous_deep}","{bureau_debt_moderate, card_utilisation_moderate} -> {previous_deep}"
"frozenset({'credit_file_established', 'card_utilisation_moderate'})",frozenset({'bureau_debt_moderate'}),0.10441397313721913,0.29571234087942627,0.03949418253778894,0.3782461422657132,1.2791016470291283,1.0,0.00861768212086034,1.132743529227218,0.24364080860986212,0.10951376510970835,0.11718762968152073,0.25590111363919266,fpgrowth,Portfolio-wide,356255,14070,"{card_utilisation_moderate, credit_file_established} -> {bureau_debt_moderate}","{card_utilisation_moderate, credit_file_established} -> {bureau_debt_moderate}"
"frozenset({'bureau_debt_moderate', 'card_utilisation_moderate'})",frozenset({'credit_file_established'}),0.07574349833686544,0.40597886345454803,0.03949418253778894,0.5214201008004743,1.2843528265575597,1.0,0.00874392316891686,1.2412162264629452,0.23954145849238656,0.08930724994604748,0.19433860218725263,0.3093507384913926,fpgrowth,Portfolio-wide,356255,14070,"{bureau_debt_moderate, card_utilisation_moderate} -> {credit_file_established}","{bureau_debt_moderate, card_utilisation_moderate} -> {credit_file_established}"
"frozenset({'bureau_debt_moderate', 'card_utilisation_moderate'})",frozenset({'repayment_some_late'}),0.07574349833686544,0.44470674095802165,0.04601479277483825,0.6075081529795434,1.3660871244515034,1.0,0.01233114848069148,1.4147892835415676,0.28994361030764243,0.09698852206839427,0.2931809622583848,0.3554901854092246,fpgrowth,Portfolio-wide,356255,16393,"{bureau_debt_moderate, card_utilisation_moderate} -> {repayment_some_late}","{bureau_debt_moderate, card_utilisation_moderate} -> {repayment_some_late}"
"frozenset({'leverage_under_3x', 'income_q2'})",frozenset({'burden_under_20pct'}),0.07769715512764733,0.6564820142875187,0.0711905797813364,0.9162572254335261,1.3957080399650277,1.0,0.02018379487872867,4.10206119263222,0.30740204039827285,0.10737828809490545,0.756220116414617,0.5123498847637967,fpgrowth,Portfolio-wide,356255,25362,"{income_q2, leverage_under_3x} -> {burden_under_20pct}","{income_q2, leverage_under_3x} -> {burden_under_20pct}"
"frozenset({'income_q2', 'burden_under_20pct'})",frozenset({'leverage_under_3x'}),0.11056967621507066,0.47446632327967325,0.0711905797813364,0.6438526566982306,1.3570039117796624,1.0,0.01872899204134789,1.4756074602388187,0.2957875861633824,0.13854473942969517,0.32231299519307427,0.3969480699231461,fpgrowth,Portfolio-wide,356255,25362,"{burden_under_20pct, income_q2} -> {leverage_under_3x}","{burden_under_20pct, income_q2} -> {leverage_under_3x}"
"frozenset({'previous_deep', 'income_q2'})",frozenset({'repayment_some_late'}),0.07152741715905742,0.44470674095802165,0.041947481438857,0.5864531826387254,1.3187413830861718,1.0,0.0101387568649077,1.342757907279151,0.2603213177903416,0.08844330549752319,0.2552641138220411,0.34038967383582114,fpgrowth,Portfolio-wide,356255,14944,"{income_q2, previous_deep} -> {repayment_some_late}","{income_q2, previous_deep} -> {repayment_some_late}"
"frozenset({'income_q2', 'repayment_some_late'})",frozenset({'previous_deep'}),0.07956660257399896,0.3972912660874935,0.041947481438857,0.5271996048825232,1.326985136306572,1.0,0.01033636516395254,1.2747636003196472,0.2677130763964828,0.09645086130670782,0.2155408267468181,0.316391651922316,fpgrowth,Portfolio-wide,356255,14944,"{income_q2, repayment_some_late} -> {previous_deep}","{income_q2, repayment_some_late} -> {previous_deep}"
"frozenset({'leverage_under_3x', 'income_q2'})",frozenset({'credit_small'}),0.07769715512764733,0.334033206551487,0.06372401790852059,0.8201589595375723,2.455321637045553,1.0,0.03777058804130424,3.703085745812545,0.6426537514768541,0.18311165600625912,0.7299549433520945,0.5054652328296848,fpgrowth,Portfolio-wide,356255,22702,"{income_q2, leverage_under_3x} -> {credit_small}","{income_q2, leverage_under_3x} -> {credit_small}"
"frozenset({'income_q2', 'credit_small'})",frozenset({'leverage_under_3x'}),0.06372401790852059,0.47446632327967325,0.06372401790852059,1.0,2.1076311445829465,1.0,0.03348911742685677,inf,0.5613021019148381,0.1343067248019594,1.0,0.5671533624009797,fpgrowth,Portfolio-wide,356255,22702,"{credit_small, income_q2} -> {leverage_under_3x}","{credit_small, income_q2} -> {leverage_under_3x}"
"frozenset({'income_q2', 'credit_small'})",frozenset({'burden_under_20pct'}),0.06372401790852059,0.6564820142875187,0.059538813490336975,0.934322967139459,1.4232270600032837,1.0,0.017705141855257463,5.230412683866354,0.3176108662839163,0.09011921857872421,0.808810497289328,0.5125083568994997,fpgrowth,Portfolio-wide,356255,21211,"{credit_small, income_q2} -> {burden_under_20pct}","{credit_small, income_q2} -> {burden_under_20pct}"
"frozenset({'income_q2', 'burden_under_20pct'})",frozenset({'credit_small'}),0.11056967621507066,0.334033206551487,0.059538813490336975,0.5384732553121271,1.6120351053455166,1.0,0.022604869996857235,1.4429646843086013,0.4268643699604956,0.1546205378295828,0.30698234622481324,0.3583577274787541,fpgrowth,Portfolio-wide,356255,21211,"{burden_under_20pct, income_q2} -> {credit_small}","{burden_under_20pct, income_q2} -> {credit_small}"
"frozenset({'income_q2', 'previous_approval_high'})",frozenset({'burden_20_to_35pct'}),0.09526041739765057,0.2896268122552666,0.03395601465242593,0.3564546070660341,1.2307375974288868,1.0,0.006366043627438259,1.103843171817446,0.20721887283483115,0.09675974436294703,0.09407420770331988,0.23684759215204576,fpgrowth,Portfolio-wide,356255,12097,"{income_q2, previous_approval_high} -> {burden_20_to_35pct}","{income_q2, previous_approval_high} -> {burden_20_to_35pct}"
"frozenset({'bureau_debt_low', 'income_q2'})",frozenset({'burden_20_to_35pct'}),0.09152713646124265,0.2896268122552666,0.032476737168601146,0.35483178458613185,1.2251344474053596,1.0,0.005968024400478656,1.1010666222746839,0.202276877167704,0.09314270073580319,0.0917897429911109,0.23348241616858564,fpgrowth,Portfolio-wide,356255,11570,"{bureau_debt_low, income_q2} -> {burden_20_to_35pct}","{bureau_debt_low, income_q2} -> {burden_20_to_35pct}"
"frozenset({'previous_deep', 'income_q2'})",frozenset({'previous_outcome_mixed'}),0.07152741715905742,0.3234901966288192,0.032389720846023214,0.4528294482379719,1.3998243314852592,1.0,0.009251302604888153,1.236378312379289,0.3076285212424232,0.08931944143418893,0.1911860714576934,0.27647763357275834,fpgrowth,Portfolio-wide,356255,11539,"{income_q2, previous_deep} -> {previous_outcome_mixed}","{income_q2, previous_deep} -> {previous_outcome_mixed}"
"frozenset({'previous_outcome_mixed', 'income_q2'})",frozenset({'previous_deep'}),0.05891285736340542,0.3972912660874935,0.032389720846023214,0.54979035639413,1.3838470747379892,1.0,0.008984157155283959,1.3387290620547876,0.294740825250605,0.07642430424012824,0.25302286448826267,0.3156583708604675,fpgrowth,Portfolio-wide,356255,11539,"{income_q2, previous_outcome_mixed} -> {previous_deep}","{income_q2, previous_outcome_mixed} -> {previous_deep}"
"frozenset({'credit_medium', 'income_q2'})",frozenset({'leverage_3_to_6x'}),0.06822921783553915,0.3596637240179085,0.0542560806164124,0.79520302793434,2.2109625598347664,1.0,0.029716506042853284,3.126688200139956,0.5878144251663256,0.14521072796934864,0.6801727783553095,0.47302763702776374,fpgrowth,Portfolio-wide,356255,19329,"{credit_medium, income_q2} -> {leverage_3_to_6x}","{credit_medium, income_q2} -> {leverage_3_to_6x}"
"frozenset({'income_q2', 'leverage_3_to_6x'})",frozenset({'credit_medium'}),0.06873166692397299,0.3439278045220418,0.0542560806164124,0.7893898554275913,2.2952196508933334,1.0,0.03061734931011013,3.1151025360623015,0.6059605287758241,0.15138272127064684,0.6789832795474953,0.47357206399507473,fpgrowth,Portfolio-wide,356255,19329,"{income_q2, leverage_3_to_6x} -> {credit_medium}","{income_q2, leverage_3_to_6x} -> {credit_medium}"
"frozenset({'income_q2', 'previous_approval_high'})",frozenset({'previous_two_to_four'}),0.09526041739765057,0.3841686432471123,0.04394324290185401,0.4612959306951115,1.200764140446486,1.0,0.007347177595044975,1.1431719042841453,0.184801223770255,0.10090625483421854,0.12524092286347763,0.2878406119550874,fpgrowth,Portfolio-wide,356255,15655,"{income_q2, previous_approval_high} -> {previous_two_to_four}","{income_q2, previous_approval_high} -> {previous_two_to_four}"
"frozenset({'burden_20_to_35pct', 'income_q2'})",frozenset({'credit_large'}),0.0619500077191899,0.3220389889264712,0.03351251210509326,0.5409605799728138,1.679798405081713,1.0,0.01356219425521826,1.476912399012218,0.43141673977840467,0.09561985920117894,0.3229117714301704,0.3225120520671544,fpgrowth,Portfolio-wide,356255,11939,"{burden_20_to_35pct, income_q2} -> {credit_large}","{burden_20_to_35pct, income_q2} -> {credit_large}"
"frozenset({'credit_large', 'income_q2'})",frozenset({'burden_20_to_35pct'}),0.04888913839805757,0.2896268122552666,0.03351251210509326,0.6854797037377275,2.366768802929649,1.0,0.019352906796957295,2.2585925175155204,0.6071668890135091,0.10987585013666608,0.5572463858598042,0.40059449565018007,fpgrowth,Portfolio-wide,356255,11939,"{credit_large, income_q2} -> {burden_20_to_35pct}","{credit_large, income_q2} -> {burden_20_to_35pct}"
frozenset({'bureau_debt_not_observed'}),frozenset({'income_q1'}),0.14159520568132378,0.320088139113837,0.057161302999256154,0.40369518674173344,1.2612000802633996,1.0,0.01183835710528023,1.1402085741536439,0.2412665876276274,0.14130578088028145,0.12296747922433243,0.2911375357559658,fpgrowth,Portfolio-wide,356255,20364,{bureau_debt_not_observed} -> {income_q1},{bureau_debt_not_observed} -> {income_q1}
"frozenset({'bureau_debt_not_observed', 'leverage_under_3x'})",frozenset({'burden_under_20pct'}),0.06619977263477003,0.6564820142875187,0.05754024504919229,0.8691909769335143,1.3240133895775485,1.0,0.014081284964542702,2.6261031361566167,0.2620695753605398,0.08650827143821743,0.6192076441203559,0.4784201811444696,fpgrowth,Portfolio-wide,356255,20499,"{bureau_debt_not_observed, leverage_under_3x} -> {burden_under_20pct}","{bureau_debt_not_observed, leverage_under_3x} -> {burden_under_20pct}"
"frozenset({'bureau_debt_not_observed', 'burden_under_20pct'})",frozenset({'leverage_under_3x'}),0.08327462070707779,0.47446632327967325,0.05754024504919229,0.6909697643846698,1.4563093953822706,1.0,0.01802924193979575,1.7005898328165283,0.34179562918401324,0.11503431556854979,0.41196872949440544,0.4061216884586411,fpgrowth,Portfolio-wide,356255,20499,"{burden_under_20pct, bureau_debt_not_observed} -> {leverage_under_3x}","{burden_under_20pct, bureau_debt_not_observed} -> {leverage_under_3x}"
"frozenset({'bureau_debt_not_observed', 'leverage_under_3x'})",frozenset({'credit_small'}),0.06619977263477003,0.334033206551487,0.04504077135759498,0.6803765264586161,2.0368529628617766,1.0,0.022927849031423368,2.083597884941594,0.5451343122536194,0.12680675522961302,0.5200609449514626,0.4076078647452617,fpgrowth,Portfolio-wide,356255,16046,"{bureau_debt_not_observed, leverage_under_3x} -> {credit_small}","{bureau_debt_not_observed, leverage_under_3x} -> {credit_small}"
"frozenset({'bureau_debt_not_observed', 'credit_small'})",frozenset({'leverage_under_3x'}),0.05365258031466225,0.47446632327967325,0.04504077135759498,0.8394893795123992,1.7693339618069455,1.0,0.01958442884122981,3.27413647224,0.45946717318887736,0.09323703217334209,0.6945759565984585,0.46720935600085295,fpgrowth,Portfolio-wide,356255,16046,"{bureau_debt_not_observed, credit_small} -> {leverage_under_3x}","{bureau_debt_not_observed, credit_small} -> {leverage_under_3x}"
"frozenset({'bureau_debt_not_observed', 'credit_small'})",frozenset({'burden_under_20pct'}),0.05365258031466225,0.6564820142875187,0.042584665478379254,0.7937114157162289,1.2090375645365479,1.0,0.0073627114816869,1.665230225439606,0.18269806179217488,0.0637924799636697,0.39948243508731124,0.42928970037548486,fpgrowth,Portfolio-wide,356255,15171,"{bureau_debt_not_observed, credit_small} -> {burden_under_20pct}","{bureau_debt_not_observed, credit_small} -> {burden_under_20pct}"
"frozenset({'bureau_debt_not_observed', 'burden_under_20pct'})",frozenset({'credit_small'}),0.08327462070707779,0.334033206551487,0.042584665478379254,0.5113762766710487,1.5309144918567446,1.0,0.014768176899235201,1.3629440439595084,0.37829830117560526,0.11364300321355536,0.26629416340902345,0.3194313001576939,fpgrowth,Portfolio-wide,356255,15171,"{burden_under_20pct, bureau_debt_not_observed} -> {credit_small}","{burden_under_20pct, bureau_debt_not_observed} -> {credit_small}"
"frozenset({'bureau_debt_not_observed', 'income_q1'})",frozenset({'credit_small'}),0.057161302999256154,0.334033206551487,0.031629029768003254,0.5533294048320565,1.6565101731787488,1.0,0.01253525643650059,1.4909573198972643,0.42034893736398943,0.08796458933464484,0.32928998928761705,0.3240088423812386,fpgrowth,Portfolio-wide,356255,11268,"{bureau_debt_not_observed, income_q1} -> {credit_small}","{bureau_debt_not_observed, income_q1} -> {credit_small}"
"frozenset({'bureau_debt_not_observed', 'credit_small'})",frozenset({'income_q1'}),0.05365258031466225,0.320088139113837,0.031629029768003254,0.5895155383488542,1.8417287812692031,1.0,0.01445547517642733,1.6563644288781694,0.48294302710489506,0.0924523502818369,0.3962681264066478,0.3441645198518626,fpgrowth,Portfolio-wide,356255,11268,"{bureau_debt_not_observed, credit_small} -> {income_q1}","{bureau_debt_not_observed, credit_small} -> {income_q1}"
"frozenset({'bureau_debt_not_observed', 'previous_approval_high'})",frozenset({'income_q1'}),0.08060237751049108,0.320088139113837,0.03581423418618686,0.44433223054152876,1.388155874102868,1.0,0.010014369160702783,1.223594201889331,0.30413370411133694,0.09815445922347274,0.18273558467675247,0.2781104471746869,fpgrowth,Portfolio-wide,356255,12759,"{bureau_debt_not_observed, previous_approval_high} -> {income_q1}","{bureau_debt_not_observed, previous_approval_high} -> {income_q1}"
"frozenset({'bureau_debt_not_observed', 'card_history_not_observed'})",frozenset({'income_q1'}),0.10334170748480723,0.320088139113837,0.04451867342212741,0.43079096045197746,1.3458510572888482,1.0,0.011440218580468987,1.1944853536163857,0.28659270948315707,0.11749105482668958,0.1628193707252819,0.28493675336622004,fpgrowth,Portfolio-wide,356255,15860,"{bureau_debt_not_observed, card_history_not_observed} -> {income_q1}","{bureau_debt_not_observed, card_history_not_observed} -> {income_q1}"
"frozenset({'bureau_debt_not_observed', 'previous_approval_high'})",frozenset({'previous_one'}),0.08060237751049108,0.16970428485214242,0.0321427067690278,0.39878112484764056,2.3498589042408975,1.0,0.018464137936227504,1.3810207055416315,0.6248031540065739,0.1473328015233782,0.27589789495024014,0.2940926696718271,fpgrowth,Portfolio-wide,356255,11451,"{bureau_debt_not_observed, previous_approval_high} -> {previous_one}","{bureau_debt_not_observed, previous_approval_high} -> {previous_one}"
"frozenset({'bureau_debt_not_observed', 'previous_one'})",frozenset({'previous_approval_high'}),0.03233638826121739,0.5241863272094427,0.0321427067690278,0.9940104166666665,1.8962921485540807,1.0,0.015192414171161722,79.44019580502933,0.4884497988888952,0.06129659070835539,0.9874119142095985,0.5276648279195046,fpgrowth,Portfolio-wide,356255,11451,"{bureau_debt_not_observed, previous_one} -> {previous_approval_high}","{bureau_debt_not_observed, previous_one} -> {previous_approval_high}"
"frozenset({'bureau_debt_not_observed', 'previous_one'})",frozenset({'card_history_not_observed'}),0.03233638826121739,0.7093149569830599,0.031177106286227562,0.9641493055555554,1.3592682574414987,1.0,0.008240422437734627,8.108212337905908,0.27314248888881487,0.043882106593971,0.8766682520973214,0.504051565839666,fpgrowth,Portfolio-wide,356255,11107,"{bureau_debt_not_observed, previous_one} -> {card_history_not_observed}","{bureau_debt_not_observed, previous_one} -> {card_history_not_observed}"
frozenset({'bureau_debt_not_observed'}),frozenset({'credit_file_none'}),0.14159520568132378,0.14159520568132378,0.14159520568132378,1.0,7.062386012211561,1.0,0.1215460034093874,inf,1.0,1.0,1.0,1.0,fpgrowth,Portfolio-wide,356255,50444,{bureau_debt_not_observed} -> {credit_file_none},{bureau_debt_not_observed} -> {credit_file_none}
frozenset({'credit_file_none'}),frozenset({'bureau_debt_not_observed'}),0.14159520568132378,0.14159520568132378,0.14159520568132378,1.0,7.062386012211561,1.0,0.1215460034093874,inf,1.0,1.0,1.0,1.0,fpgrowth,Portfolio-wide,356255,50444,{credit_file_none} -> {bureau_debt_not_observed},{credit_file_none} -> {bureau_debt_not_observed}
frozenset({'credit_file_none'}),frozenset({'income_q1'}),0.14159520568132378,0.320088139113837,0.057161302999256154,0.40369518674173344,1.2612000802633996,1.0,0.01183835710528023,1.1402085741536439,0.2412665876276274,0.14130578088028145,0.12296747922433243,0.2911375357559658,fpgrowth,Portfolio-wide,356255,20364,{credit_file_none} -> {income_q1},{credit_file_none} -> {income_q1}
"frozenset({'bureau_debt_not_observed', 'repayment_clean_observed'})",frozenset({'credit_file_none'}),0.06836395278662756,0.14159520568132378,0.06836395278662756,1.0,7.062386012211561,1.0,0.05868394483061672,inf,0.9213949984935222,0.48281262389977003,1.0,0.741406311949885,fpgrowth,Portfolio-wide,356255,24355,"{bureau_debt_not_observed, repayment_clean_observed} -> {credit_file_none}","{bureau_debt_not_observed, repayment_clean_observed} -> {credit_file_none}"
"frozenset({'credit_file_none', 'repayment_clean_observed'})",frozenset({'bureau_debt_not_observed'}),0.06836395278662756,0.14159520568132378,0.06836395278662756,1.0,7.062386012211561,1.0,0.05868394483061672,inf,0.9213949984935222,0.48281262389977003,1.0,0.741406311949885,fpgrowth,Portfolio-wide,356255,24355,"{credit_file_none, repayment_clean_observed} -> {bureau_debt_not_observed}","{credit_file_none, repayment_clean_observed} -> {bureau_debt_not_observed}"
"frozenset({'bureau_debt_not_observed', 'leverage_under_3x'})",frozenset({'credit_file_none'}),0.06619977263477003,0.14159520568132378,0.06619977263477003,1.0,7.062386012211561,1.0,0.056826202212492904,inf,0.9192595687631324,0.46752834826738554,1.0,0.7337641741336928,fpgrowth,Portfolio-wide,356255,23584,"{bureau_debt_not_observed, leverage_under_3x} -> {credit_file_none}","{bureau_debt_not_observed, leverage_under_3x} -> {credit_file_none}"
"frozenset({'leverage_under_3x', 'credit_file_none'})",frozenset({'bureau_debt_not_observed'}),0.06619977263477003,0.14159520568132378,0.06619977263477003,1.0,7.062386012211561,1.0,0.056826202212492904,inf,0.9192595687631324,0.46752834826738554,1.0,0.7337641741336928,fpgrowth,Portfolio-wide,356255,23584,"{credit_file_none, leverage_under_3x} -> {bureau_debt_not_observed}","{credit_file_none, leverage_under_3x} -> {bureau_debt_not_observed}"
"frozenset({'leverage_under_3x', 'credit_file_none'})",frozenset({'burden_under_20pct'}),0.06619977263477003,0.6564820142875187,0.05754024504919229,0.8691909769335143,1.3240133895775485,1.0,0.014081284964542702,2.6261031361566167,0.2620695753605398,0.08650827143821743,0.6192076441203559,0.4784201811444696,fpgrowth,Portfolio-wide,356255,20499,"{credit_file_none, leverage_under_3x} -> {burden_under_20pct}","{credit_file_none, leverage_under_3x} -> {burden_under_20pct}"
"frozenset({'credit_file_none', 'burden_under_20pct'})",frozenset({'leverage_under_3x'}),0.08327462070707779,0.47446632327967325,0.05754024504919229,0.6909697643846698,1.4563093953822706,1.0,0.01802924193979575,1.7005898328165283,0.34179562918401324,0.11503431556854979,0.41196872949440544,0.4061216884586411,fpgrowth,Portfolio-wide,356255,20499,"{burden_under_20pct, credit_file_none} -> {leverage_under_3x}","{burden_under_20pct, credit_file_none} -> {leverage_under_3x}"
"frozenset({'bureau_debt_not_observed', 'credit_small'})",frozenset({'credit_file_none'}),0.05365258031466225,0.14159520568132378,0.05365258031466225,1.0,7.062386012211561,1.0,0.046055632169673906,inf,0.9070715220041465,0.37891523273332806,1.0,0.689457616366664,fpgrowth,Portfolio-wide,356255,19114,"{bureau_debt_not_observed, credit_small} -> {credit_file_none}","{bureau_debt_not_observed, credit_small} -> {credit_file_none}"
"frozenset({'credit_file_none', 'credit_small'})",frozenset({'bureau_debt_not_observed'}),0.05365258031466225,0.14159520568132378,0.05365258031466225,1.0,7.062386012211561,1.0,0.046055632169673906,inf,0.9070715220041465,0.37891523273332806,1.0,0.689457616366664,fpgrowth,Portfolio-wide,356255,19114,"{credit_file_none, credit_small} -> {bureau_debt_not_observed}","{credit_file_none, credit_small} -> {bureau_debt_not_observed}"
"frozenset({'leverage_under_3x', 'credit_file_none'})",frozenset({'credit_small'}),0.06619977263477003,0.334033206551487,0.04504077135759498,0.6803765264586161,2.0368529628617766,1.0,0.022927849031423368,2.083597884941594,0.5451343122536194,0.12680675522961302,0.5200609449514626,0.4076078647452617,fpgrowth,Portfolio-wide,356255,16046,"{credit_file_none, leverage_under_3x} -> {credit_small}","{credit_file_none, leverage_under_3x} -> {credit_small}"
"frozenset({'credit_file_none', 'credit_small'})",frozenset({'leverage_under_3x'}),0.05365258031466225,0.47446632327967325,0.04504077135759498,0.8394893795123992,1.7693339618069455,1.0,0.01958442884122981,3.27413647224,0.45946717318887736,0.09323703217334209,0.6945759565984585,0.46720935600085295,fpgrowth,Portfolio-wide,356255,16046,"{credit_file_none, credit_small} -> {leverage_under_3x}","{credit_file_none, credit_small} -> {leverage_under_3x}"
"frozenset({'credit_file_none', 'credit_small'})",frozenset({'burden_under_20pct'}),0.05365258031466225,0.6564820142875187,0.042584665478379254,0.7937114157162289,1.2090375645365479,1.0,0.0073627114816869,1.665230225439606,0.18269806179217488,0.0637924799636697,0.39948243508731124,0.42928970037548486,fpgrowth,Portfolio-wide,356255,15171,"{credit_file_none, credit_small} -> {burden_under_20pct}","{credit_file_none, credit_small} -> {burden_under_20pct}"
"frozenset({'credit_file_none', 'burden_under_20pct'})",frozenset({'credit_small'}),0.08327462070707779,0.334033206551487,0.042584665478379254,0.5113762766710487,1.5309144918567446,1.0,0.014768176899235201,1.3629440439595084,0.37829830117560526,0.11364300321355536,0.26629416340902345,0.3194313001576939,fpgrowth,Portfolio-wide,356255,15171,"{burden_under_20pct, credit_file_none} -> {credit_small}","{burden_under_20pct, credit_file_none} -> {credit_small}"
"frozenset({'credit_file_none', 'income_q1'})",frozenset({'credit_small'}),0.057161302999256154,0.334033206551487,0.031629029768003254,0.5533294048320565,1.6565101731787488,1.0,0.01253525643650059,1.4909573198972643,0.42034893736398943,0.08796458933464484,0.32928998928761705,0.3240088423812386,fpgrowth,Portfolio-wide,356255,11268,"{credit_file_none, income_q1} -> {credit_small}","{credit_file_none, income_q1} -> {credit_small}"
"frozenset({'credit_file_none', 'credit_small'})",frozenset({'income_q1'}),0.05365258031466225,0.320088139113837,0.031629029768003254,0.5895155383488542,1.8417287812692031,1.0,0.01445547517642733,1.6563644288781694,0.48294302710489506,0.0924523502818369,0.3962681264066478,0.3441645198518626,fpgrowth,Portfolio-wide,356255,11268,"{credit_file_none, credit_small} -> {income_q1}","{credit_file_none, credit_small} -> {income_q1}"
"frozenset({'bureau_debt_not_observed', 'external_score_strong'})",frozenset({'credit_file_none'}),0.05102805574658601,0.14159520568132378,0.05102805574658601,1.0,7.062386012211561,1.0,0.043802727697630106,inf,0.9045628793525715,0.3603798271350408,1.0,0.6801899135675205,fpgrowth,Portfolio-wide,356255,18179,"{bureau_debt_not_observed, external_score_strong} -> {credit_file_none}","{bureau_debt_not_observed, external_score_strong} -> {credit_file_none}"
"frozenset({'credit_file_none', 'external_score_strong'})",frozenset({'bureau_debt_not_observed'}),0.05102805574658601,0.14159520568132378,0.05102805574658601,1.0,7.062386012211561,1.0,0.043802727697630106,inf,0.9045628793525715,0.3603798271350408,1.0,0.6801899135675205,fpgrowth,Portfolio-wide,356255,18179,"{credit_file_none, external_score_strong} -> {bureau_debt_not_observed}","{credit_file_none, external_score_strong} -> {bureau_debt_not_observed}"
"frozenset({'burden_20_to_35pct', 'bureau_debt_not_observed'})",frozenset({'credit_file_none'}),0.0477803820297259,0.14159520568132378,0.0477803820297259,1.0,7.062386012211561,1.0,0.04101490900869463,inf,0.9014777453844407,0.3374435017048608,1.0,0.6687217508524304,fpgrowth,Portfolio-wide,356255,17022,"{burden_20_to_35pct, bureau_debt_not_observed} -> {credit_file_none}","{burden_20_to_35pct, bureau_debt_not_observed} -> {credit_file_none}"
"frozenset({'burden_20_to_35pct', 'credit_file_none'})",frozenset({'bureau_debt_not_observed'}),0.0477803820297259,0.14159520568132378,0.0477803820297259,1.0,7.062386012211561,1.0,0.04101490900869463,inf,0.9014777453844407,0.3374435017048608,1.0,0.6687217508524304,fpgrowth,Portfolio-wide,356255,17022,"{burden_20_to_35pct, credit_file_none} -> {bureau_debt_not_observed}","{burden_20_to_35pct, credit_file_none} -> {bureau_debt_not_observed}"
"frozenset({'bureau_debt_not_observed', 'previous_deep'})",frozenset({'credit_file_none'}),0.04559936000898233,0.14159520568132378,0.04559936000898233,1.0,7.062386012211561,1.0,0.03914270924957375,inf,0.8994176641863476,0.32204028229323606,1.0,0.661020141146618,fpgrowth,Portfolio-wide,356255,16245,"{bureau_debt_not_observed, previous_deep} -> {credit_file_none}","{bureau_debt_not_observed, previous_deep} -> {credit_file_none}"
"frozenset({'previous_deep', 'credit_file_none'})",frozenset({'bureau_debt_not_observed'}),0.04559936000898233,0.14159520568132378,0.04559936000898233,1.0,7.062386012211561,1.0,0.03914270924957375,inf,0.8994176641863476,0.32204028229323606,1.0,0.661020141146618,fpgrowth,Portfolio-wide,356255,16245,"{credit_file_none, previous_deep} -> {bureau_debt_not_observed}","{credit_file_none, previous_deep} -> {bureau_debt_not_observed}"
"frozenset({'bureau_debt_not_observed', 'previous_outcome_mixed'})",frozenset({'credit_file_none'}),0.04291308192165724,0.14159520568132378,0.04291308192165724,1.0,7.062386012211561,1.0,0.03683679526054069,inf,0.8968932477336516,0.30306874950440094,1.0,0.6515343747522004,fpgrowth,Portfolio-wide,356255,15288,"{bureau_debt_not_observed, previous_outcome_mixed} -> {credit_file_none}","{bureau_debt_not_observed, previous_outcome_mixed} -> {credit_file_none}"
"frozenset({'previous_outcome_mixed', 'credit_file_none'})",frozenset({'bureau_debt_not_observed'}),0.04291308192165724,0.14159520568132378,0.04291308192165724,1.0,7.062386012211561,1.0,0.03683679526054069,inf,0.8968932477336516,0.30306874950440094,1.0,0.6515343747522004,fpgrowth,Portfolio-wide,356255,15288,"{credit_file_none, previous_outcome_mixed} -> {bureau_debt_not_observed}","{credit_file_none, previous_outcome_mixed} -> {bureau_debt_not_observed}"
"frozenset({'bureau_debt_not_observed', 'card_utilisation_moderate'})",frozenset({'credit_file_none'}),0.03292585367222916,0.14159520568132378,0.03292585367222916,1.0,7.062386012211561,1.0,0.028263710649276703,inf,0.8876307960235107,0.23253508841487588,1.0,0.6162675442074379,fpgrowth,Portfolio-wide,356255,11730,"{bureau_debt_not_observed, card_utilisation_moderate} -> {credit_file_none}","{bureau_debt_not_observed, card_utilisation_moderate} -> {credit_file_none}"
"frozenset({'card_utilisation_moderate', 'credit_file_none'})",frozenset({'bureau_debt_not_observed'}),0.03292585367222916,0.14159520568132378,0.03292585367222916,1.0,7.062386012211561,1.0,0.028263710649276703,inf,0.8876307960235107,0.23253508841487588,1.0,0.6162675442074379,fpgrowth,Portfolio-wide,356255,11730,"{card_utilisation_moderate, credit_file_none} -> {bureau_debt_not_observed}","{card_utilisation_moderate, credit_file_none} -> {bureau_debt_not_observed}"
"frozenset({'bureau_debt_not_observed', 'card_history_not_observed'})",frozenset({'credit_file_none'}),0.10334170748480723,0.14159520568132378,0.10334170748480723,1.0,7.062386012211561,1.0,0.08870901715803675,inf,0.9573377076687567,0.7298390294187613,1.0,0.8649195147093807,fpgrowth,Portfolio-wide,356255,36816,"{bureau_debt_not_observed, card_history_not_observed} -> {credit_file_none}","{bureau_debt_not_observed, card_history_not_observed} -> {credit_file_none}"
"frozenset({'credit_file_none', 'card_history_not_observed'})",frozenset({'bureau_debt_not_observed'}),0.10334170748480723,0.14159520568132378,0.10334170748480723,1.0,7.062386012211561,1.0,0.08870901715803675,inf,0.9573377076687567,0.7298390294187613,1.0,0.8649195147093807,fpgrowth,Portfolio-wide,356255,36816,"{card_history_not_observed, credit_file_none} -> {bureau_debt_not_observed}","{card_history_not_observed, credit_file_none} -> {bureau_debt_not_observed}"
"frozenset({'bureau_debt_not_observed', 'burden_under_20pct'})",frozenset({'credit_file_none'}),0.08327462070707779,0.14159520568132378,0.08327462070707779,1.0,7.062386012211561,1.0,0.07148333366002489,inf,0.9363816184305609,0.5881175164538894,1.0,0.7940587582269447,fpgrowth,Portfolio-wide,356255,29667,"{burden_under_20pct, bureau_debt_not_observed} -> {credit_file_none}","{burden_under_20pct, bureau_debt_not_observed} -> {credit_file_none}"
"frozenset({'credit_file_none', 'burden_under_20pct'})",frozenset({'bureau_debt_not_observed'}),0.08327462070707779,0.14159520568132378,0.08327462070707779,1.0,7.062386012211561,1.0,0.07148333366002489,inf,0.9363816184305609,0.5881175164538894,1.0,0.7940587582269447,fpgrowth,Portfolio-wide,356255,29667,"{burden_under_20pct, credit_file_none} -> {bureau_debt_not_observed}","{burden_under_20pct, credit_file_none} -> {bureau_debt_not_observed}"
"frozenset({'previous_approval_high', 'credit_file_none'})",frozenset({'bureau_debt_not_observed'}),0.08060237751049108,0.14159520568132378,0.08060237751049108,1.0,7.062386012211561,1.0,0.06918946728848939,inf,0.9336600109910239,0.5692451034810879,1.0,0.784622551740544,fpgrowth,Portfolio-wide,356255,28715,"{credit_file_none, previous_approval_high} -> {bureau_debt_not_observed}","{credit_file_none, previous_approval_high} -> {bureau_debt_not_observed}"
"frozenset({'bureau_debt_not_observed', 'previous_approval_high'})",frozenset({'credit_file_none'}),0.08060237751049108,0.14159520568132378,0.08060237751049108,1.0,7.062386012211561,1.0,0.06918946728848939,inf,0.9336600109910239,0.5692451034810879,1.0,0.784622551740544,fpgrowth,Portfolio-wide,356255,28715,"{bureau_debt_not_observed, previous_approval_high} -> {credit_file_none}","{bureau_debt_not_observed, previous_approval_high} -> {credit_file_none}"
"frozenset({'bureau_debt_not_observed', 'repayment_some_late'})",frozenset({'credit_file_none'}),0.05772550560693885,0.14159520568132378,0.05772550560693885,1.0,7.062386012211561,1.0,0.04955185076746593,inf,0.910992284548244,0.40767980334628495,1.0,0.7038399016731425,fpgrowth,Portfolio-wide,356255,20565,"{bureau_debt_not_observed, repayment_some_late} -> {credit_file_none}","{bureau_debt_not_observed, repayment_some_late} -> {credit_file_none}"
"frozenset({'credit_file_none', 'repayment_some_late'})",frozenset({'bureau_debt_not_observed'}),0.05772550560693885,0.14159520568132378,0.05772550560693885,1.0,7.062386012211561,1.0,0.04955185076746593,inf,0.910992284548244,0.40767980334628495,1.0,0.7038399016731425,fpgrowth,Portfolio-wide,356255,20565,"{credit_file_none, repayment_some_late} -> {bureau_debt_not_observed}","{credit_file_none, repayment_some_late} -> {bureau_debt_not_observed}"
"frozenset({'bureau_debt_not_observed', 'previous_two_to_four'})",frozenset({'credit_file_none'}),0.05614236993165008,0.14159520568132378,0.05614236993165008,1.0,7.062386012211561,1.0,0.04819287951374112,inf,0.9094642740309409,0.39649908809769246,1.0,0.6982495440488462,fpgrowth,Portfolio-wide,356255,20001,"{bureau_debt_not_observed, previous_two_to_four} -> {credit_file_none}","{bureau_debt_not_observed, previous_two_to_four} -> {credit_file_none}"
"frozenset({'credit_file_none', 'previous_two_to_four'})",frozenset({'bureau_debt_not_observed'}),0.05614236993165008,0.14159520568132378,0.05614236993165008,1.0,7.062386012211561,1.0,0.04819287951374112,inf,0.9094642740309409,0.39649908809769246,1.0,0.6982495440488462,fpgrowth,Portfolio-wide,356255,20001,"{credit_file_none, previous_two_to_four} -> {bureau_debt_not_observed}","{credit_file_none, previous_two_to_four} -> {bureau_debt_not_observed}"
"frozenset({'bureau_debt_not_observed', 'credit_medium'})",frozenset({'credit_file_none'}),0.04828563809630742,0.14159520568132378,0.04828563809630742,1.0,7.062386012211561,1.0,0.041448623238606805,inf,0.9019563313110339,0.3410118150820712,1.0,0.6705059075410356,fpgrowth,Portfolio-wide,356255,17202,"{bureau_debt_not_observed, credit_medium} -> {credit_file_none}","{bureau_debt_not_observed, credit_medium} -> {credit_file_none}"
"frozenset({'credit_medium', 'credit_file_none'})",frozenset({'bureau_debt_not_observed'}),0.04828563809630742,0.14159520568132378,0.04828563809630742,1.0,7.062386012211561,1.0,0.041448623238606805,inf,0.9019563313110339,0.3410118150820712,1.0,0.6705059075410356,fpgrowth,Portfolio-wide,356255,17202,"{credit_file_none, credit_medium} -> {bureau_debt_not_observed}","{credit_file_none, credit_medium} -> {bureau_debt_not_observed}"
"frozenset({'bureau_debt_not_observed', 'leverage_3_to_6x'})",frozenset({'credit_file_none'}),0.05084560216698713,0.14159520568132378,0.05084560216698713,1.0,7.062386012211561,1.0,0.043646108670161825,inf,0.9043889974892131,0.35909126952660375,1.0,0.6795456347633019,fpgrowth,Portfolio-wide,356255,18114,"{bureau_debt_not_observed, leverage_3_to_6x} -> {credit_file_none}","{bureau_debt_not_observed, leverage_3_to_6x} -> {credit_file_none}"
"frozenset({'credit_file_none', 'leverage_3_to_6x'})",frozenset({'bureau_debt_not_observed'}),0.05084560216698713,0.14159520568132378,0.05084560216698713,1.0,7.062386012211561,1.0,0.043646108670161825,inf,0.9043889974892131,0.35909126952660375,1.0,0.6795456347633019,fpgrowth,Portfolio-wide,356255,18114,"{credit_file_none, leverage_3_to_6x} -> {bureau_debt_not_observed}","{credit_file_none, leverage_3_to_6x} -> {bureau_debt_not_observed}"
"frozenset({'credit_large', 'bureau_debt_not_observed'})",frozenset({'credit_file_none'}),0.0396569872703541,0.14159520568132378,0.0396569872703541,1.0,7.062386012211561,1.0,0.03404174800110667,inf,0.8938522829241771,0.2800729521846007,1.0,0.6400364760923003,fpgrowth,Portfolio-wide,356255,14128,"{bureau_debt_not_observed, credit_large} -> {credit_file_none}","{bureau_debt_not_observed, credit_large} -> {credit_file_none}"
"frozenset({'credit_large', 'credit_file_none'})",frozenset({'bureau_debt_not_observed'}),0.0396569872703541,0.14159520568132378,0.0396569872703541,1.0,7.062386012211561,1.0,0.03404174800110667,inf,0.8938522829241771,0.2800729521846007,1.0,0.6400364760923003,fpgrowth,Portfolio-wide,356255,14128,"{credit_file_none, credit_large} -> {bureau_debt_not_observed}","{credit_file_none, credit_large} -> {bureau_debt_not_observed}"
"frozenset({'bureau_debt_not_observed', 'income_q3'})",frozenset({'credit_file_none'}),0.03310269329553269,0.14159520568132378,0.03310269329553269,1.0,7.062386012211561,1.0,0.02841551062974596,inf,0.8877931382852099,0.2337839980968995,1.0,0.6168919990484497,fpgrowth,Portfolio-wide,356255,11793,"{bureau_debt_not_observed, income_q3} -> {credit_file_none}","{bureau_debt_not_observed, income_q3} -> {credit_file_none}"
"frozenset({'credit_file_none', 'income_q3'})",frozenset({'bureau_debt_not_observed'}),0.03310269329553269,0.14159520568132378,0.03310269329553269,1.0,7.062386012211561,1.0,0.02841551062974596,inf,0.8877931382852099,0.2337839980968995,1.0,0.6168919990484497,fpgrowth,Portfolio-wide,356255,11793,"{credit_file_none, income_q3} -> {bureau_debt_not_observed}","{credit_file_none, income_q3} -> {bureau_debt_not_observed}"
"frozenset({'bureau_debt_not_observed', 'credit_file_none'})",frozenset({'income_q1'}),0.14159520568132378,0.320088139113837,0.057161302999256154,0.40369518674173344,1.2612000802633996,1.0,0.01183835710528023,1.1402085741536439,0.2412665876276274,0.14130578088028145,0.12296747922433243,0.2911375357559658,fpgrowth,Portfolio-wide,356255,20364,"{bureau_debt_not_observed, credit_file_none} -> {income_q1}","{bureau_debt_not_observed, credit_file_none} -> {income_q1}"
"frozenset({'bureau_debt_not_observed', 'income_q1'})",frozenset({'credit_file_none'}),0.057161302999256154,0.14159520568132378,0.057161302999256154,1.0,7.062386012211561,1.0,0.04906753654406401,inf,0.910447139101673,0.40369518674173344,1.0,0.7018475933708668,fpgrowth,Portfolio-wide,356255,20364,"{bureau_debt_not_observed, income_q1} -> {credit_file_none}","{bureau_debt_not_observed, income_q1} -> {credit_file_none}"
"frozenset({'credit_file_none', 'income_q1'})",frozenset({'bureau_debt_not_observed'}),0.057161302999256154,0.14159520568132378,0.057161302999256154,1.0,7.062386012211561,1.0,0.04906753654406401,inf,0.910447139101673,0.40369518674173344,1.0,0.7018475933708668,fpgrowth,Portfolio-wide,356255,20364,"{credit_file_none, income_q1} -> {bureau_debt_not_observed}","{credit_file_none, income_q1} -> {bureau_debt_not_observed}"
"frozenset({'credit_file_none', 'previous_approval_high'})",frozenset({'income_q1'}),0.08060237751049108,0.320088139113837,0.03581423418618686,0.44433223054152876,1.388155874102868,1.0,0.010014369160702783,1.223594201889331,0.30413370411133694,0.09815445922347274,0.18273558467675247,0.2781104471746869,fpgrowth,Portfolio-wide,356255,12759,"{credit_file_none, previous_approval_high} -> {income_q1}","{credit_file_none, previous_approval_high} -> {income_q1}"
"frozenset({'credit_file_none', 'card_history_not_observed'})",frozenset({'income_q1'}),0.10334170748480723,0.320088139113837,0.04451867342212741,0.43079096045197746,1.3458510572888482,1.0,0.011440218580468987,1.1944853536163857,0.28659270948315707,0.11749105482668958,0.1628193707252819,0.28493675336622004,fpgrowth,Portfolio-wide,356255,15860,"{card_history_not_observed, credit_file_none} -> {income_q1}","{card_history_not_observed, credit_file_none} -> {income_q1}"
"frozenset({'external_score_weak', 'bureau_debt_not_observed'})",frozenset({'credit_file_none'}),0.05447502491193106,0.14159520568132378,0.05447502491193106,1.0,7.062386012211561,1.0,0.04676162255503095,inf,0.9078605186909229,0.38472365395289826,1.0,0.6923618269764491,fpgrowth,Portfolio-wide,356255,19407,"{bureau_debt_not_observed, external_score_weak} -> {credit_file_none}","{bureau_debt_not_observed, external_score_weak} -> {credit_file_none}"
"frozenset({'external_score_weak', 'credit_file_none'})",frozenset({'bureau_debt_not_observed'}),0.05447502491193106,0.14159520568132378,0.05447502491193106,1.0,7.062386012211561,1.0,0.04676162255503095,inf,0.9078605186909229,0.38472365395289826,1.0,0.6923618269764491,fpgrowth,Portfolio-wide,356255,19407,"{credit_file_none, external_score_weak} -> {bureau_debt_not_observed}","{credit_file_none, external_score_weak} -> {bureau_debt_not_observed}"
"frozenset({'bureau_debt_not_observed', 'previous_one'})",frozenset({'credit_file_none'}),0.03233638826121739,0.14159520568132378,0.03233638826121739,1.0,7.062386012211561,1.0,0.02775771071437917,inf,0.8870900836874702,0.2283720561414638,1.0,0.6141860280707319,fpgrowth,Portfolio-wide,356255,11520,"{bureau_debt_not_observed, previous_one} -> {credit_file_none}","{bureau_debt_not_observed, previous_one} -> {credit_file_none}"
"frozenset({'credit_file_none', 'previous_one'})",frozenset({'bureau_debt_not_observed'}),0.03233638826121739,0.14159520568132378,0.03233638826121739,1.0,7.062386012211561,1.0,0.02775771071437917,inf,0.8870900836874702,0.2283720561414638,1.0,0.6141860280707319,fpgrowth,Portfolio-wide,356255,11520,"{credit_file_none, previous_one} -> {bureau_debt_not_observed}","{credit_file_none, previous_one} -> {bureau_debt_not_observed}"
"frozenset({'previous_approval_high', 'credit_file_none'})",frozenset({'previous_one'}),0.08060237751049108,0.16970428485214242,0.0321427067690278,0.39878112484764056,2.3498589042408975,1.0,0.018464137936227504,1.3810207055416315,0.6248031540065739,0.1473328015233782,0.27589789495024014,0.2940926696718271,fpgrowth,Portfolio-wide,356255,11451,"{credit_file_none, previous_approval_high} -> {previous_one}","{credit_file_none, previous_approval_high} -> {previous_one}"
"frozenset({'credit_file_none', 'previous_one'})",frozenset({'previous_approval_high'}),0.03233638826121739,0.5241863272094427,0.0321427067690278,0.9940104166666665,1.8962921485540807,1.0,0.015192414171161722,79.44019580502933,0.4884497988888952,0.06129659070835539,0.9874119142095985,0.5276648279195046,fpgrowth,Portfolio-wide,356255,11451,"{credit_file_none, previous_one} -> {previous_approval_high}","{credit_file_none, previous_one} -> {previous_approval_high}"
"frozenset({'credit_file_none', 'previous_one'})",frozenset({'card_history_not_observed'}),0.03233638826121739,0.7093149569830599,0.031177106286227562,0.9641493055555554,1.3592682574414987,1.0,0.008240422437734627,8.108212337905908,0.27314248888881487,0.043882106593971,0.8766682520973214,0.504051565839666,fpgrowth,Portfolio-wide,356255,11107,"{credit_file_none, previous_one} -> {card_history_not_observed}","{credit_file_none, previous_one} -> {card_history_not_observed}"
"frozenset({'bureau_debt_not_observed', 'external_score_middle'})",frozenset({'credit_file_none'}),0.035842303967663615,0.14159520568132378,0.035842303967663615,1.0,7.062386012211561,1.0,0.030767205565269757,inf,0.8903157625056043,0.25313218618666244,1.0,0.6265660930933312,fpgrowth,Portfolio-wide,356255,12769,"{bureau_debt_not_observed, external_score_middle} -> {credit_file_none}","{bureau_debt_not_observed, external_score_middle} -> {credit_file_none}"
"frozenset({'credit_file_none', 'external_score_middle'})",frozenset({'bureau_debt_not_observed'}),0.035842303967663615,0.14159520568132378,0.035842303967663615,1.0,7.062386012211561,1.0,0.030767205565269757,inf,0.8903157625056043,0.25313218618666244,1.0,0.6265660930933312,fpgrowth,Portfolio-wide,356255,12769,"{credit_file_none, external_score_middle} -> {bureau_debt_not_observed}","{credit_file_none, external_score_middle} -> {bureau_debt_not_observed}"
"frozenset({'leverage_under_3x', 'repayment_some_late'})",frozenset({'burden_under_20pct'}),0.21684186888605073,0.6564820142875187,0.1979452919959018,0.9128554970162198,1.3905262857916127,1.0,0.055592505127717184,3.9419352219659656,0.35860934831866725,0.2930878985233181,0.7463174954201127,0.607189907781226,fpgrowth,Portfolio-wide,356255,70519,"{leverage_under_3x, repayment_some_late} -> {burden_under_20pct}","{leverage_under_3x, repayment_some_late} -> {burden_under_20pct}"
"frozenset({'repayment_some_late', 'burden_under_20pct'})",frozenset({'leverage_under_3x'}),0.2975565255224488,0.47446632327967325,0.1979452919959018,0.6652359300416957,1.4020719646514799,1.0,0.05676474136339124,1.5698628493367976,0.40824615609638476,0.34480583616112026,0.36300167850812026,0.5412157961879118,fpgrowth,Portfolio-wide,356255,70519,"{burden_under_20pct, repayment_some_late} -> {leverage_under_3x}","{burden_under_20pct, repayment_some_late} -> {leverage_under_3x}"
frozenset({'credit_file_established'}),frozenset({'bureau_debt_moderate'}),0.40597886345454803,0.29571234087942627,0.1584483024799652,0.3902870734000774,1.3198200394322164,1.0,0.03839534242025183,1.1551135434310853,0.40793320351599005,0.29167118785943486,0.1342842392535235,0.4630530564866527,fpgrowth,Portfolio-wide,356255,56448,{credit_file_established} -> {bureau_debt_moderate},{credit_file_established} -> {bureau_debt_moderate}
frozenset({'bureau_debt_moderate'}),frozenset({'credit_file_established'}),0.29571234087942627,0.40597886345454803,0.1584483024799652,0.535819039573228,1.3198200394322164,1.0,0.03839534242025183,1.2797188751544306,0.3440653006610617,0.29167118785943486,0.2185783773179679,0.4630530564866527,fpgrowth,Portfolio-wide,356255,56448,{bureau_debt_moderate} -> {credit_file_established},{bureau_debt_moderate} -> {credit_file_established}
"frozenset({'credit_file_established', 'card_history_not_observed'})",frozenset({'bureau_debt_moderate'}),0.28831876043845,0.29571234087942627,0.11245877250845603,0.3900501387333885,1.3190188058212542,1.0,0.027199356939747454,1.1546648402510693,0.33984413541709446,0.23847619047619048,0.13394782179168022,0.3851740029113886,fpgrowth,Portfolio-wide,356255,40064,"{card_history_not_observed, credit_file_established} -> {bureau_debt_moderate}","{card_history_not_observed, credit_file_established} -> {bureau_debt_moderate}"
"frozenset({'bureau_debt_moderate', 'card_history_not_observed'})",frozenset({'credit_file_established'}),0.20762094567093795,0.40597886345454803,0.11245877250845603,0.5416542735851608,1.3341932852762974,1.0,0.028169056955610172,1.2960110726718455,0.3161156391207492,0.2244054353792555,0.22840165405500093,0.40933037259102056,fpgrowth,Portfolio-wide,356255,40064,"{bureau_debt_moderate, card_history_not_observed} -> {credit_file_established}","{bureau_debt_moderate, card_history_not_observed} -> {credit_file_established}"
"frozenset({'credit_file_established', 'burden_under_20pct'})",frozenset({'bureau_debt_moderate'}),0.26991901868043955,0.29571234087942627,0.11105809041276614,0.4114496672212979,1.3913848370266777,1.0,0.031239705550895766,1.196648136779475,0.38528818807606596,0.24431284888603466,0.16433246393439563,0.393505448519191,fpgrowth,Portfolio-wide,356255,39565,"{burden_under_20pct, credit_file_established} -> {bureau_debt_moderate}","{burden_under_20pct, credit_file_established} -> {bureau_debt_moderate}"
"frozenset({'bureau_debt_moderate', 'burden_under_20pct'})",frozenset({'credit_file_established'}),0.21010792830977812,0.40597886345454803,0.11105809041276614,0.5285763907444023,1.301980074151274,1.0,0.025758712474772766,1.2600580982429839,0.29363390105888687,0.21990451258621938,0.20638579967511586,0.4010663634124689,fpgrowth,Portfolio-wide,356255,39565,"{burden_under_20pct, bureau_debt_moderate} -> {credit_file_established}","{burden_under_20pct, bureau_debt_moderate} -> {credit_file_established}"
"frozenset({'credit_file_established', 'previous_approval_high'})",frozenset({'bureau_debt_moderate'}),0.21400682095689885,0.29571234087942627,0.08221919692355195,0.3841896092653559,1.2992004598888396,1.0,0.018934738934223136,1.1436761537595668,0.29299979325716574,0.19232562262391742,0.12562660617454088,0.3311136847359537,fpgrowth,Portfolio-wide,356255,29291,"{credit_file_established, previous_approval_high} -> {bureau_debt_moderate}","{credit_file_established, previous_approval_high} -> {bureau_debt_moderate}"
"frozenset({'bureau_debt_moderate', 'previous_approval_high'})",frozenset({'credit_file_established'}),0.14826458576019985,0.40597886345454803,0.08221919692355195,0.5545437334343052,1.365942376200553,1.0,0.02202690890606665,1.3335116848285424,0.31453981001551223,0.17418426388996258,0.25010030929832006,0.37853230700699164,fpgrowth,Portfolio-wide,356255,29291,"{bureau_debt_moderate, previous_approval_high} -> {credit_file_established}","{bureau_debt_moderate, previous_approval_high} -> {credit_file_established}"
"frozenset({'previous_deep', 'bureau_debt_moderate'})",frozenset({'credit_file_established'}),0.12351545943214833,0.40597886345454803,0.06235140559430745,0.5048064904665591,1.2434304736238453,1.0,0.01220673975497754,1.199573752703512,0.22336194201620532,0.13347393974354352,0.16637055641950077,0.32919468834407106,fpgrowth,Portfolio-wide,356255,22213,"{bureau_debt_moderate, previous_deep} -> {credit_file_established}","{bureau_debt_moderate, previous_deep} -> {credit_file_established}"
"frozenset({'previous_deep', 'credit_file_established'})",frozenset({'bureau_debt_moderate'}),0.1616959761968253,0.29571234087942627,0.06235140559430745,0.38560888811735095,1.30399998515645,1.0,0.014535909962360254,1.1463181115404797,0.2780957969983461,0.15782891978883198,0.12764180384784282,0.2982302193389344,fpgrowth,Portfolio-wide,356255,22213,"{credit_file_established, previous_deep} -> {bureau_debt_moderate}","{credit_file_established, previous_deep} -> {bureau_debt_moderate}"
"frozenset({'previous_deep', 'bureau_debt_moderate'})",frozenset({'repayment_some_late'}),0.12351545943214833,0.44470674095802165,0.07533929348360023,0.6099584119264595,1.3715969553608294,1.0,0.020411136061596814,1.4236770539896386,0.30910168616818773,0.1528543441614652,0.2975935116762247,0.3896859200117941,fpgrowth,Portfolio-wide,356255,26840,"{bureau_debt_moderate, previous_deep} -> {repayment_some_late}","{bureau_debt_moderate, previous_deep} -> {repayment_some_late}"
"frozenset({'bureau_debt_moderate', 'repayment_some_late'})",frozenset({'previous_deep'}),0.1376654362745786,0.3972912660874935,0.07533929348360023,0.5472636815920398,1.3774873205280043,1.0,0.020646018009585744,1.3312577529276242,0.3177890765630137,0.1639174061475135,0.24883066573632448,0.3684480372676139,fpgrowth,Portfolio-wide,356255,26840,"{bureau_debt_moderate, repayment_some_late} -> {previous_deep}","{bureau_debt_moderate, repayment_some_late} -> {previous_deep}"
"frozenset({'credit_file_established', 'credit_medium'})",frozenset({'bureau_debt_moderate'}),0.13999522813714896,0.29571234087942627,0.0570658657422352,0.4076272205959017,1.3784586040056663,1.0,0.01566754911784956,1.1889264389039906,0.31924477175526556,0.15071204584374281,0.15890506992018102,0.3003024236706454,fpgrowth,Portfolio-wide,356255,20330,"{credit_file_established, credit_medium} -> {bureau_debt_moderate}","{credit_file_established, credit_medium} -> {bureau_debt_moderate}"
"frozenset({'credit_medium', 'bureau_debt_moderate'})",frozenset({'credit_file_established'}),0.10649675092279406,0.40597886345454803,0.0570658657422352,0.5358460727464418,1.3198866270692766,1.0,0.013830435840997177,1.2797934083210931,0.27124598592847166,0.12530664069723005,0.21862388609122646,0.33820485505788267,fpgrowth,Portfolio-wide,356255,20330,"{bureau_debt_moderate, credit_medium} -> {credit_file_established}","{bureau_debt_moderate, credit_medium} -> {credit_file_established}"
"frozenset({'external_score_weak', 'credit_medium'})",frozenset({'bureau_debt_moderate'}),0.12372317581507628,0.29571234087942627,0.04511375278943453,0.3646346166935136,1.2330720307753058,1.0,0.008527282848121508,1.1084765988594012,0.21570508721076184,0.12052131919552468,0.09786097331330332,0.25859710217488996,fpgrowth,Portfolio-wide,356255,16072,"{credit_medium, external_score_weak} -> {bureau_debt_moderate}","{credit_medium, external_score_weak} -> {bureau_debt_moderate}"
"frozenset({'credit_medium', 'bureau_debt_moderate'})",frozenset({'external_score_weak'}),0.10649675092279406,0.33316585030385537,0.04511375278943453,0.4236162361623616,1.271487566255705,1.0,0.009632672213643952,1.1569273659901103,0.23896906845228857,0.1143426294820717,0.13564150231316383,0.27951276540366254,fpgrowth,Portfolio-wide,356255,16072,"{bureau_debt_moderate, credit_medium} -> {external_score_weak}","{bureau_debt_moderate, credit_medium} -> {external_score_weak}"
"frozenset({'credit_file_established', 'external_score_middle'})",frozenset({'bureau_debt_moderate'}),0.1411517031339911,0.29571234087942627,0.05658587247898275,0.4008869267788251,1.3556651899836765,1.0,0.01484557192611239,1.1755504771977685,0.3054727384244521,0.1488012636924621,0.14933469944756333,0.29612068861224333,fpgrowth,Portfolio-wide,356255,20159,"{credit_file_established, external_score_middle} -> {bureau_debt_moderate}","{credit_file_established, external_score_middle} -> {bureau_debt_moderate}"
"frozenset({'bureau_debt_moderate', 'external_score_middle'})",frozenset({'credit_file_established'}),0.10580623429846599,0.40597886345454803,0.05658587247898275,0.5348066005199766,1.3173262173533122,1.0,0.01363077773208591,1.2769337166207166,0.2693896970822755,0.12431012474794499,0.2168739951151069,0.33709396346038656,fpgrowth,Portfolio-wide,356255,20159,"{bureau_debt_moderate, external_score_middle} -> {credit_file_established}","{bureau_debt_moderate, external_score_middle} -> {credit_file_established}"
"frozenset({'credit_file_established', 'leverage_3_to_6x'})",frozenset({'bureau_debt_moderate'}),0.14725126664888913,0.29571234087942627,0.05729323097219688,0.38908480908900284,1.3157543845883939,1.0,0.013749214213993284,1.1528403117138724,0.28141904245895344,0.14855491750183772,0.13257717496593424,0.2914156544092367,fpgrowth,Portfolio-wide,356255,20411,"{credit_file_established, leverage_3_to_6x} -> {bureau_debt_moderate}","{credit_file_established, leverage_3_to_6x} -> {bureau_debt_moderate}"
"frozenset({'bureau_debt_moderate', 'leverage_3_to_6x'})",frozenset({'credit_file_established'}),0.10513255954302396,0.40597886345454803,0.05729323097219688,0.5449618198323276,1.3423403750509282,1.0,0.014611633936852414,1.3054314174836212,0.2849946860482367,0.12624710066491418,0.23396971559974986,0.3430427496196872,fpgrowth,Portfolio-wide,356255,20411,"{bureau_debt_moderate, leverage_3_to_6x} -> {credit_file_established}","{bureau_debt_moderate, leverage_3_to_6x} -> {credit_file_established}"
"frozenset({'credit_medium', 'bureau_debt_moderate'})",frozenset({'leverage_3_to_6x'}),0.10649675092279406,0.3596637240179085,0.047926344893405005,0.4500263574064312,1.2512420001079212,1.0,0.009623326860705259,1.164303570917308,0.22472676094630906,0.11459214217640507,0.14111746714635592,0.2916397825180316,fpgrowth,Portfolio-wide,356255,17074,"{bureau_debt_moderate, credit_medium} -> {leverage_3_to_6x}","{bureau_debt_moderate, credit_medium} -> {leverage_3_to_6x}"
"frozenset({'bureau_debt_moderate', 'leverage_3_to_6x'})",frozenset({'credit_medium'}),0.10513255954302396,0.3439278045220418,0.047926344893405005,0.4558658621242057,1.3254696367388057,1.0,0.011768334505989943,1.2057177629750466,0.27439866174777205,0.11947713881852406,0.17061850566707126,0.29760793881555925,fpgrowth,Portfolio-wide,356255,17074,"{bureau_debt_moderate, leverage_3_to_6x} -> {credit_medium}","{bureau_debt_moderate, leverage_3_to_6x} -> {credit_medium}"
"frozenset({'credit_file_established', 'income_q1'})",frozenset({'bureau_debt_moderate'}),0.12498070202523473,0.29571234087942627,0.04554883440232418,0.3644469399213925,1.2324373708501806,1.0,0.008590498441687966,1.1081492692891213,0.21553780926383173,0.12141686682080403,0.09759449587373627,0.2592389138661913,fpgrowth,Portfolio-wide,356255,16227,"{credit_file_established, income_q1} -> {bureau_debt_moderate}","{credit_file_established, income_q1} -> {bureau_debt_moderate}"
"frozenset({'bureau_debt_moderate', 'income_q1'})",frozenset({'credit_file_established'}),0.08210972477579262,0.40597886345454803,0.04554883440232418,0.5547313004239026,1.3664043879122008,1.0,0.012214021659282148,1.3340734192881045,0.2921397473318547,0.10292597220548405,0.25041606740532657,0.3334631943239044,fpgrowth,Portfolio-wide,356255,16227,"{bureau_debt_moderate, income_q1} -> {credit_file_established}","{bureau_debt_moderate, income_q1} -> {credit_file_established}"
"frozenset({'bureau_debt_moderate', 'income_q1'})",frozenset({'external_score_weak'}),0.08210972477579262,0.33316585030385537,0.03490196628819245,0.4250649528237386,1.2758359010566929,1.0,0.007545810015049961,1.1598425821686065,0.2355402887800857,0.09175706589919565,0.13781403151257135,0.2649117437592895,fpgrowth,Portfolio-wide,356255,12434,"{bureau_debt_moderate, income_q1} -> {external_score_weak}","{bureau_debt_moderate, income_q1} -> {external_score_weak}"
"frozenset({'bureau_debt_moderate', 'income_q1'})",frozenset({'credit_small'}),0.08210972477579262,0.334033206551487,0.041442225372275474,0.5047176261452208,1.51098039430228,1.0,0.014014850716357389,1.344620419792649,0.3684297057623992,0.11060087348021184,0.2562956911258214,0.3143919052314998,fpgrowth,Portfolio-wide,356255,14764,"{bureau_debt_moderate, income_q1} -> {credit_small}","{bureau_debt_moderate, income_q1} -> {credit_small}"
"frozenset({'bureau_debt_moderate', 'credit_small'})",frozenset({'income_q1'}),0.09309904422394072,0.320088139113837,0.041442225372275474,0.44514125486176015,1.3906833789409765,1.0,0.011642325553357473,1.225378291040122,0.3097681852395448,0.11148026216436618,0.1839254805541048,0.2873062741296427,fpgrowth,Portfolio-wide,356255,14764,"{bureau_debt_moderate, credit_small} -> {income_q1}","{bureau_debt_moderate, credit_small} -> {income_q1}"
"frozenset({'credit_file_established', 'repayment_clean_observed'})",frozenset({'bureau_debt_moderate'}),0.18038483670404626,0.29571234087942627,0.06965516273455812,0.38614754991208006,1.305821558761147,1.0,0.016313140413651547,1.1473240173916406,0.28574213060590403,0.17137786003853672,0.12840663592711243,0.31084897927691635,fpgrowth,Portfolio-wide,356255,24815,"{credit_file_established, repayment_clean_observed} -> {bureau_debt_moderate}","{credit_file_established, repayment_clean_observed} -> {bureau_debt_moderate}"
"frozenset({'bureau_debt_moderate', 'repayment_clean_observed'})",frozenset({'credit_file_established'}),0.12840802234354606,0.40597886345454803,0.06965516273455812,0.5424517990643991,1.3361577360175307,1.0,0.017524219765079077,1.2982700736901365,0.28865039453166147,0.1498825220610885,0.22974424176808522,0.35701258574272005,fpgrowth,Portfolio-wide,356255,24815,"{bureau_debt_moderate, repayment_clean_observed} -> {credit_file_established}","{bureau_debt_moderate, repayment_clean_observed} -> {credit_file_established}"
"frozenset({'credit_large', 'bureau_debt_moderate'})",frozenset({'leverage_3_to_6x'}),0.09611654573269147,0.3596637240179085,0.0484456358507249,0.5040301384264938,1.4013927587576136,1.0,0.013876001072767472,1.29107900619318,0.31688174991109463,0.11893325982841195,0.22545406191015616,0.3193635848065413,fpgrowth,Portfolio-wide,356255,17259,"{bureau_debt_moderate, credit_large} -> {leverage_3_to_6x}","{bureau_debt_moderate, credit_large} -> {leverage_3_to_6x}"
"frozenset({'bureau_debt_moderate', 'leverage_3_to_6x'})",frozenset({'credit_large'}),0.10513255954302396,0.3220389889264712,0.0484456358507249,0.46080525444545306,1.4308989603450324,1.0,0.014588852672237432,1.2573583416067318,0.33651759110623036,0.12791740474196395,0.20468177852772104,0.3056196622969891,fpgrowth,Portfolio-wide,356255,17259,"{bureau_debt_moderate, leverage_3_to_6x} -> {credit_large}","{bureau_debt_moderate, leverage_3_to_6x} -> {credit_large}"
"frozenset({'external_score_weak', 'credit_large'})",frozenset({'bureau_debt_moderate'}),0.08309778108377426,0.29571234087942627,0.03023396162860872,0.36383596811241725,1.2303712690190625,1.0,0.005660922262439725,1.107085002952555,0.20420628745917738,0.08673559775168703,0.09672699265816362,0.2330385452385644,fpgrowth,Portfolio-wide,356255,10771,"{credit_large, external_score_weak} -> {bureau_debt_moderate}","{credit_large, external_score_weak} -> {bureau_debt_moderate}"
"frozenset({'credit_large', 'credit_file_established'})",frozenset({'bureau_debt_moderate'}),0.13490617675541397,0.29571234087942627,0.05148840016280473,0.3816608060589667,1.2906488952200512,1.0,0.011594978835367621,1.1389988957868595,0.260313895542715,0.13580667372489208,0.1220360233017033,0.2778886570233513,fpgrowth,Portfolio-wide,356255,18343,"{credit_file_established, credit_large} -> {bureau_debt_moderate}","{credit_file_established, credit_large} -> {bureau_debt_moderate}"
"frozenset({'credit_large', 'bureau_debt_moderate'})",frozenset({'credit_file_established'}),0.09611654573269147,0.40597886345454803,0.05148840016280473,0.5356871678056188,1.3194952152123367,1.0,0.012467114167069561,1.2793554159122815,0.26788235125528986,0.1142645345758763,0.21835637887465306,0.33125624500132145,fpgrowth,Portfolio-wide,356255,18343,"{bureau_debt_moderate, credit_large} -> {credit_file_established}","{bureau_debt_moderate, credit_large} -> {credit_file_established}"
"frozenset({'bureau_debt_moderate', 'external_score_strong'})",frozenset({'credit_file_established'}),0.07311897376878922,0.40597886345454803,0.04253694684986877,0.5817497792621596,1.432955830044808,1.0,0.012852188982252814,1.4202530138478635,0.32597687822313237,0.09743645797835744,0.29590010353808743,0.3432630195055198,fpgrowth,Portfolio-wide,356255,15154,"{bureau_debt_moderate, external_score_strong} -> {credit_file_established}","{bureau_debt_moderate, external_score_strong} -> {credit_file_established}"
"frozenset({'leverage_under_3x', 'bureau_debt_moderate'})",frozenset({'burden_under_20pct'}),0.1456176053669422,0.6564820142875187,0.13702544525690868,0.9409950459741312,1.4333904440556458,1.0,0.04143010636989346,5.821849900296117,0.35388531038088744,0.20603032042408076,0.8282332905990694,0.5748609649966862,fpgrowth,Portfolio-wide,356255,48816,"{bureau_debt_moderate, leverage_under_3x} -> {burden_under_20pct}","{bureau_debt_moderate, leverage_under_3x} -> {burden_under_20pct}"
"frozenset({'bureau_debt_moderate', 'burden_under_20pct'})",frozenset({'leverage_under_3x'}),0.21010792830977812,0.47446632327967325,0.13702544525690868,0.6521669427670603,1.3745273600433003,1.0,0.037336309019859085,1.5108790432428136,0.34495496935555114,0.25025247735393485,0.3381336484397251,0.47048301939543336,fpgrowth,Portfolio-wide,356255,48816,"{burden_under_20pct, bureau_debt_moderate} -> {leverage_under_3x}","{burden_under_20pct, bureau_debt_moderate} -> {leverage_under_3x}"
"frozenset({'leverage_under_3x', 'bureau_debt_moderate'})",frozenset({'credit_file_established'}),0.1456176053669422,0.40597886345454803,0.07601858219533761,0.5220425236617383,1.2858859676082235,1.0,0.016900912269493515,1.2428326074034446,0.26021845335388455,0.15984465285934354,0.19538641483729355,0.35464507951990065,fpgrowth,Portfolio-wide,356255,27082,"{bureau_debt_moderate, leverage_under_3x} -> {credit_file_established}","{bureau_debt_moderate, leverage_under_3x} -> {credit_file_established}"
"frozenset({'leverage_under_3x', 'credit_file_established'})",frozenset({'bureau_debt_moderate'}),0.1903439951719976,0.29571234087942627,0.07601858219533761,0.39937473271298163,1.3505514566124335,1.0,0.019731513810683984,1.1725907940932807,0.3205827124908793,0.18539410451950328,0.14718757384304584,0.32822204632497654,fpgrowth,Portfolio-wide,356255,27082,"{credit_file_established, leverage_under_3x} -> {bureau_debt_moderate}","{credit_file_established, leverage_under_3x} -> {bureau_debt_moderate}"
"frozenset({'external_score_weak', 'burden_under_20pct'})",frozenset({'bureau_debt_moderate'}),0.22356458154973263,0.29571234087942627,0.08354689758740229,0.37370363860080863,1.263740422497898,1.0,0.01743609183960146,1.124527783535488,0.26879023195872903,0.19174005192261856,0.11073784512817976,0.3281156186720168,fpgrowth,Portfolio-wide,356255,29764,"{burden_under_20pct, external_score_weak} -> {bureau_debt_moderate}","{burden_under_20pct, external_score_weak} -> {bureau_debt_moderate}"
"frozenset({'external_score_weak', 'leverage_under_3x'})",frozenset({'bureau_debt_moderate'}),0.17040883636720888,0.29571234087942627,0.06180685183365847,0.3626974583669637,1.2265212107426047,1.0,0.011414855924972024,1.1051072498720838,0.22262282714406675,0.15286832038545115,0.09511045184460575,0.28585375533465557,fpgrowth,Portfolio-wide,356255,22019,"{external_score_weak, leverage_under_3x} -> {bureau_debt_moderate}","{external_score_weak, leverage_under_3x} -> {bureau_debt_moderate}"
"frozenset({'leverage_under_3x', 'bureau_debt_moderate'})",frozenset({'external_score_weak'}),0.1456176053669422,0.33316585030385537,0.06180685183365847,0.42444628640823484,1.2739789687962602,1.0,0.013292038522369917,1.1585958598629142,0.25171127958398515,0.14822618646920227,0.1368862649670433,0.30498002656609635,fpgrowth,Portfolio-wide,356255,22019,"{bureau_debt_moderate, leverage_under_3x} -> {external_score_weak}","{bureau_debt_moderate, leverage_under_3x} -> {external_score_weak}"
"frozenset({'external_score_weak', 'credit_file_established'})",frozenset({'bureau_debt_moderate'}),0.12446983200235787,0.29571234087942627,0.05928618545704622,0.4763096768373813,1.6107196453853503,1.0,0.02247892006676005,1.3448552092146933,0.43306274032712966,0.1642749920277512,0.25642552956765186,0.33839784025069664,fpgrowth,Portfolio-wide,356255,21121,"{credit_file_established, external_score_weak} -> {bureau_debt_moderate}","{credit_file_established, external_score_weak} -> {bureau_debt_moderate}"
"frozenset({'external_score_weak', 'bureau_debt_moderate'})",frozenset({'credit_file_established'}),0.11671134440218382,0.40597886345454803,0.05928618545704622,0.5079727747180067,1.2512296093337814,1.0,0.011903846504395306,1.2072932269245942,0.22731660295765616,0.1279362771821431,0.17170081161860232,0.3270027322895858,fpgrowth,Portfolio-wide,356255,21121,"{bureau_debt_moderate, external_score_weak} -> {credit_file_established}","{bureau_debt_moderate, external_score_weak} -> {credit_file_established}"
"frozenset({'external_score_weak', 'repayment_some_late'})",frozenset({'bureau_debt_moderate'}),0.1562700874373693,0.29571234087942627,0.05724270536553873,0.36630622215835607,1.2387248400556734,1.0,0.01103171200000163,1.1114006224258222,0.2284122112227593,0.14501379526125663,0.10023444307838446,0.2799409306123487,fpgrowth,Portfolio-wide,356255,20393,"{external_score_weak, repayment_some_late} -> {bureau_debt_moderate}","{external_score_weak, repayment_some_late} -> {bureau_debt_moderate}"
"frozenset({'bureau_debt_moderate', 'repayment_some_late'})",frozenset({'external_score_weak'}),0.1376654362745786,0.33316585030385537,0.05724270536553873,0.41581029279830356,1.2480579639812257,1.0,0.011377283231667527,1.141468501542624,0.23048497798185635,0.13840494628180502,0.12393552809511431,0.2938123684528706,fpgrowth,Portfolio-wide,356255,20393,"{bureau_debt_moderate, repayment_some_late} -> {external_score_weak}","{bureau_debt_moderate, repayment_some_late} -> {external_score_weak}"
"frozenset({'external_score_weak', 'previous_deep'})",frozenset({'bureau_debt_moderate'}),0.13847384598110904,0.29571234087942627,0.05236979130117472,0.3781926538555096,1.2789207671576812,1.0,0.011421366155523832,1.13264608964095,0.25314464531269265,0.13715961889078396,0.11711168285849906,0.2776448655944721,fpgrowth,Portfolio-wide,356255,18657,"{external_score_weak, previous_deep} -> {bureau_debt_moderate}","{external_score_weak, previous_deep} -> {bureau_debt_moderate}"
"frozenset({'previous_deep', 'bureau_debt_moderate'})",frozenset({'external_score_weak'}),0.12351545943214833,0.33316585030385537,0.05236979130117472,0.42399381860327706,1.2726208830124226,1.0,0.011218658233791673,1.1576857527451847,0.2444082234370314,0.12952831891584168,0.13620773372330908,0.2905910858257514,fpgrowth,Portfolio-wide,356255,18657,"{bureau_debt_moderate, previous_deep} -> {external_score_weak}","{bureau_debt_moderate, previous_deep} -> {external_score_weak}"
"frozenset({'bureau_debt_moderate', 'credit_small'})",frozenset({'burden_under_20pct'}),0.09309904422394072,0.6564820142875187,0.08398759315658727,0.902131636867971,1.374190940854726,1.0,0.02286974507621188,3.510000317968531,0.3002522898854105,0.12618452182640927,0.7150997409086373,0.515033750021372,fpgrowth,Portfolio-wide,356255,29921,"{bureau_debt_moderate, credit_small} -> {burden_under_20pct}","{bureau_debt_moderate, credit_small} -> {burden_under_20pct}"
"frozenset({'leverage_under_3x', 'bureau_debt_moderate'})",frozenset({'credit_small'}),0.1456176053669422,0.334033206551487,0.0839286466154861,0.5763633209322051,1.7254671380803752,1.0,0.03528753096441738,1.5720234492300365,0.49210611482013306,0.2120898296188058,0.3638771734036212,0.4138108568594102,fpgrowth,Portfolio-wide,356255,29900,"{bureau_debt_moderate, leverage_under_3x} -> {credit_small}","{bureau_debt_moderate, leverage_under_3x} -> {credit_small}"
"frozenset({'bureau_debt_moderate', 'credit_small'})",frozenset({'leverage_under_3x'}),0.09309904422394072,0.47446632327967325,0.0839286466154861,0.9014984774022372,1.9000262677670607,1.0,0.03975628540170125,5.335284804341317,0.5223188748435459,0.17353654714506264,0.8125685813086678,0.5391945534658659,fpgrowth,Portfolio-wide,356255,29900,"{bureau_debt_moderate, credit_small} -> {leverage_under_3x}","{bureau_debt_moderate, credit_small} -> {leverage_under_3x}"
"frozenset({'bureau_debt_moderate', 'credit_small'})",frozenset({'external_score_weak'}),0.09309904422394072,0.33316585030385537,0.041363629984140574,0.4442970422407815,1.333561173318249,1.0,0.010346207752795128,1.1999830851810551,0.27580535283617325,0.10746556011755869,0.16665492009904578,0.2842251564454337,fpgrowth,Portfolio-wide,356255,14736,"{bureau_debt_moderate, credit_small} -> {external_score_weak}","{bureau_debt_moderate, credit_small} -> {external_score_weak}"
"frozenset({'credit_file_established', 'credit_small'})",frozenset({'bureau_debt_moderate'}),0.1310774585619851,0.29571234087942627,0.04989403657492526,0.38064543760841163,1.2872152595201158,1.0,0.011132814467034652,1.1371316236067157,0.25678832036265953,0.1323815269119914,0.12059432765730863,0.2746851712242573,fpgrowth,Portfolio-wide,356255,17775,"{credit_file_established, credit_small} -> {bureau_debt_moderate}","{credit_file_established, credit_small} -> {bureau_debt_moderate}"
"frozenset({'bureau_debt_moderate', 'credit_small'})",frozenset({'credit_file_established'}),0.09309904422394072,0.40597886345454803,0.04989403657492526,0.5359242620677179,1.3200792216310002,1.0,0.012097792412185102,1.2800090329913596,0.26736073560325685,0.11107708843673447,0.21875551326148313,0.3294111879507238,fpgrowth,Portfolio-wide,356255,17775,"{bureau_debt_moderate, credit_small} -> {credit_file_established}","{bureau_debt_moderate, credit_small} -> {credit_file_established}"
"frozenset({'credit_file_established', 'previous_two_to_four'})",frozenset({'bureau_debt_moderate'}),0.15945039367868521,0.29571234087942627,0.0625142103268726,0.39206055804946743,1.3258173699599713,1.0,0.015362761158002523,1.1584832477078875,0.29236621141723307,0.15921162685958976,0.13680236466211654,0.3017313298178119,fpgrowth,Portfolio-wide,356255,22271,"{credit_file_established, previous_two_to_four} -> {bureau_debt_moderate}","{credit_file_established, previous_two_to_four} -> {bureau_debt_moderate}"
"frozenset({'bureau_debt_moderate', 'previous_two_to_four'})",frozenset({'credit_file_established'}),0.11249807020252348,0.40597886345454803,0.0625142103268726,0.5556914017665552,1.3687692926623714,1.0,0.016842371645222162,1.336956203204842,0.30356744170379485,0.13710377433990603,0.2520323421194488,0.3548376528717725,fpgrowth,Portfolio-wide,356255,22271,"{bureau_debt_moderate, previous_two_to_four} -> {credit_file_established}","{bureau_debt_moderate, previous_two_to_four} -> {credit_file_established}"
"frozenset({'credit_file_established', 'repayment_some_late'})",frozenset({'bureau_debt_moderate'}),0.18242831679555374,0.29571234087942627,0.07263617352738909,0.39816282254466007,1.346453182713152,1.0,0.018689868925082335,1.1702295662398428,0.31472225691666245,0.1791254508074732,0.14546681364992414,0.3218970051555183,fpgrowth,Portfolio-wide,356255,25877,"{credit_file_established, repayment_some_late} -> {bureau_debt_moderate}","{credit_file_established, repayment_some_late} -> {bureau_debt_moderate}"
"frozenset({'bureau_debt_moderate', 'repayment_some_late'})",frozenset({'credit_file_established'}),0.1376654362745786,0.40597886345454803,0.07263617352738909,0.5276282521817144,1.2996446359104254,1.0,0.016746916171661158,1.257528925658702,0.26736594862696056,0.15421426826143184,0.20478966360460182,0.35327219899311946,fpgrowth,Portfolio-wide,356255,25877,"{bureau_debt_moderate, repayment_some_late} -> {credit_file_established}","{bureau_debt_moderate, repayment_some_late} -> {credit_file_established}"
"frozenset({'credit_file_established', 'previous_outcome_mixed'})",frozenset({'bureau_debt_moderate'}),0.13289918737982626,0.29571234087942627,0.051819623584230395,0.38991678283276304,1.3185678408725854,1.0,0.012519693783168466,1.1544124462081593,0.27863127321956516,0.1375284950161658,0.13375847316559186,0.28257668869495084,fpgrowth,Portfolio-wide,356255,18461,"{credit_file_established, previous_outcome_mixed} -> {bureau_debt_moderate}","{credit_file_established, previous_outcome_mixed} -> {bureau_debt_moderate}"
"frozenset({'previous_outcome_mixed', 'bureau_debt_moderate'})",frozenset({'credit_file_established'}),0.09729547655471502,0.40597886345454803,0.051819623584230395,0.5326005423807051,1.311892293723644,1.0,0.012319716593278567,1.2709067733435255,0.2633666894333609,0.11478365758271,0.21316022467235643,0.3301208641435026,fpgrowth,Portfolio-wide,356255,18461,"{bureau_debt_moderate, previous_outcome_mixed} -> {credit_file_established}","{bureau_debt_moderate, previous_outcome_mixed} -> {credit_file_established}"
"frozenset({'external_score_weak', 'previous_outcome_mixed'})",frozenset({'bureau_debt_moderate'}),0.11273666334507586,0.29571234087942627,0.040569255168348514,0.3598585763015711,1.2169210633258616,1.0,0.007231632547640324,1.100206349796173,0.2009031658010886,0.11027857682417842,0.0910795959455581,0.24852509826763525,fpgrowth,Portfolio-wide,356255,14453,"{external_score_weak, previous_outcome_mixed} -> {bureau_debt_moderate}","{external_score_weak, previous_outcome_mixed} -> {bureau_debt_moderate}"
"frozenset({'previous_outcome_mixed', 'bureau_debt_moderate'})",frozenset({'external_score_weak'}),0.09729547655471502,0.33316585030385537,0.040569255168348514,0.4169695920604697,1.2515376101127509,1.0,0.00815372499127806,1.1437382006416827,0.2226452357842417,0.10405252661967876,0.12567404023144443,0.26936927013126943,fpgrowth,Portfolio-wide,356255,14453,"{bureau_debt_moderate, previous_outcome_mixed} -> {external_score_weak}","{bureau_debt_moderate, previous_outcome_mixed} -> {external_score_weak}"
"frozenset({'previous_deep', 'bureau_debt_moderate'})",frozenset({'previous_outcome_mixed'}),0.12351545943214833,0.3234901966288192,0.053324163871384264,0.43172056450696544,1.3345707814519414,1.0,0.013368123612979656,1.1904527264553335,0.2860237774364526,0.1354500146166516,0.15998344346055757,0.2982803438613616,fpgrowth,Portfolio-wide,356255,18997,"{bureau_debt_moderate, previous_deep} -> {previous_outcome_mixed}","{bureau_debt_moderate, previous_deep} -> {previous_outcome_mixed}"
"frozenset({'previous_outcome_mixed', 'bureau_debt_moderate'})",frozenset({'previous_deep'}),0.09729547655471502,0.3972912660874935,0.053324163871384264,0.5480641624834113,1.3795021669636045,1.0,0.0146695208063755,1.3336157124082544,0.30475178238853756,0.12084451851757613,0.25015880459732154,0.3411417416131986,fpgrowth,Portfolio-wide,356255,18997,"{bureau_debt_moderate, previous_outcome_mixed} -> {previous_deep}","{bureau_debt_moderate, previous_outcome_mixed} -> {previous_deep}"
frozenset({'repayment_serious_late'}),frozenset({'previous_deep'}),0.06011424401061038,0.3972912660874935,0.03180306241315911,0.5290437056406425,1.3316268209232012,1.0,0.007920198300291191,1.2797551304253658,0.2649671569443155,0.07472481087961588,0.21860051487535792,0.3045467226423466,fpgrowth,Portfolio-wide,356255,11330,{repayment_serious_late} -> {previous_deep},{repayment_serious_late} -> {previous_deep}
frozenset({'credit_large'}),frozenset({'leverage_over_6x'}),0.3220389889264712,0.16586995270241822,0.13222270564623653,0.4105798061501987,2.47531152846475,1.0,0.07880611378466817,1.4151704607360949,0.8791220091197108,0.3717397308921595,0.2933713444811064,0.6038633140275125,fpgrowth,Portfolio-wide,356255,47105,{credit_large} -> {leverage_over_6x},{credit_large} -> {leverage_over_6x}
frozenset({'leverage_over_6x'}),frozenset({'credit_large'}),0.16586995270241822,0.3220389889264712,0.13222270564623653,0.7971468219048262,2.47531152846475,1.0,0.07880611378466817,3.342126642726031,0.7145294047262156,0.3717397308921595,0.700789315636363,0.6038633140275125,fpgrowth,Portfolio-wide,356255,47105,{leverage_over_6x} -> {credit_large},{leverage_over_6x} -> {credit_large}
frozenset({'burden_20_to_35pct'}),frozenset({'leverage_over_6x'}),0.2896268122552666,0.16586995270241822,0.10961530364486112,0.3784708425000727,2.281732383315227,1.0,0.06157491799472789,1.342061007488099,0.7907625437173816,0.3169158104883868,0.2548773905057608,0.5196608595496369,fpgrowth,Portfolio-wide,356255,39051,{burden_20_to_35pct} -> {leverage_over_6x},{burden_20_to_35pct} -> {leverage_over_6x}
frozenset({'leverage_over_6x'}),frozenset({'burden_20_to_35pct'}),0.16586995270241822,0.2896268122552666,0.10961530364486112,0.6608508765992012,2.2817323833152265,1.0,0.06157491799472789,2.0945747422888967,0.6734399638876061,0.3169158104883868,0.5225761201974458,0.5196608595496369,fpgrowth,Portfolio-wide,356255,39051,{leverage_over_6x} -> {burden_20_to_35pct},{leverage_over_6x} -> {burden_20_to_35pct}
frozenset({'leverage_over_6x'}),frozenset({'income_q1'}),0.16586995270241822,0.320088139113837,0.08330549746670222,0.5022338049143708,1.5690484699145788,1.0,0.030212492971285018,1.365926146851334,0.4347895870543123,0.20689174398906915,0.26789599693574145,0.38124590020345184,fpgrowth,Portfolio-wide,356255,29678,{leverage_over_6x} -> {income_q1},{leverage_over_6x} -> {income_q1}
"frozenset({'credit_large', 'card_history_not_observed'})",frozenset({'leverage_over_6x'}),0.22191407839889968,0.16586995270241822,0.0951425243154482,0.42873586480811554,2.5847711283628105,1.0,0.058333646627421985,1.4601477598753896,0.7879830925805766,0.3251163013764328,0.31513780489904597,0.5011664838154163,fpgrowth,Portfolio-wide,356255,33895,"{card_history_not_observed, credit_large} -> {leverage_over_6x}","{card_history_not_observed, credit_large} -> {leverage_over_6x}"
"frozenset({'leverage_over_6x', 'card_history_not_observed'})",frozenset({'credit_large'}),0.12037445088489986,0.3220389889264712,0.0951425243154482,0.79038802350527,2.4543240125677253,1.0,0.056377257859895884,3.2343619978726457,0.6736455469680448,0.2739720491120865,0.6908200131408496,0.542912964405867,fpgrowth,Portfolio-wide,356255,33895,"{card_history_not_observed, leverage_over_6x} -> {credit_large}","{card_history_not_observed, leverage_over_6x} -> {credit_large}"
"frozenset({'burden_20_to_35pct', 'leverage_over_6x'})",frozenset({'credit_large'}),0.10961530364486112,0.3220389889264712,0.08884647233021291,0.8105298199790019,2.516868602404115,1.0,0.0535460707735537,3.578193734752315,0.6768769608499507,0.2591728282853096,0.7205293860173783,0.5432085680328731,fpgrowth,Portfolio-wide,356255,31652,"{burden_20_to_35pct, leverage_over_6x} -> {credit_large}","{burden_20_to_35pct, leverage_over_6x} -> {credit_large}"
"frozenset({'burden_20_to_35pct', 'credit_large'})",frozenset({'leverage_over_6x'}),0.13865068560441257,0.16586995270241822,0.08884647233021291,0.6407936025913554,3.8632289462394795,1.0,0.06584848966685114,2.3221469698621457,0.8604513437079322,0.4119476800937073,0.5693640355333044,0.5882164723171357,fpgrowth,Portfolio-wide,356255,31652,"{burden_20_to_35pct, credit_large} -> {leverage_over_6x}","{burden_20_to_35pct, credit_large} -> {leverage_over_6x}"
"frozenset({'credit_large', 'leverage_over_6x'})",frozenset({'burden_20_to_35pct'}),0.13222270564623653,0.2896268122552666,0.08884647233021291,0.6719456533276723,2.320039529818958,1.0,0.05055123158612698,2.1654131242293198,0.6556669148778507,0.26680378306387714,0.5381943570902182,0.48935377858327866,fpgrowth,Portfolio-wide,356255,31652,"{credit_large, leverage_over_6x} -> {burden_20_to_35pct}","{credit_large, leverage_over_6x} -> {burden_20_to_35pct}"
"frozenset({'burden_20_to_35pct', 'card_history_not_observed'})",frozenset({'leverage_over_6x'}),0.2103352935397398,0.16586995270241822,0.07852240670306382,0.3733201660149734,2.250679884648757,1.0,0.04363410151197793,1.331030618926078,0.7037034942082558,0.26377874796088674,0.24870248228636926,0.4233587901082787,fpgrowth,Portfolio-wide,356255,27974,"{burden_20_to_35pct, card_history_not_observed} -> {leverage_over_6x}","{burden_20_to_35pct, card_history_not_observed} -> {leverage_over_6x}"
"frozenset({'leverage_over_6x', 'card_history_not_observed'})",frozenset({'burden_20_to_35pct'}),0.12037445088489986,0.2896268122552666,0.07852240670306382,0.652317880794702,2.252270346502908,1.0,0.04365873821629212,2.0431685971324716,0.632091197849901,0.2368851140222371,0.5105641299482229,0.46171684349966635,fpgrowth,Portfolio-wide,356255,27974,"{card_history_not_observed, leverage_over_6x} -> {burden_20_to_35pct}","{card_history_not_observed, leverage_over_6x} -> {burden_20_to_35pct}"
"frozenset({'credit_large', 'previous_approval_high'})",frozenset({'leverage_over_6x'}),0.17516947130566587,0.16586995270241822,0.07730979214326816,0.44134284111850014,2.66077631257482,1.0,0.04825444022288976,1.4930982876288783,0.7567249434949641,0.2931403331382045,0.3302517267044392,0.45371481052743523,fpgrowth,Portfolio-wide,356255,27542,"{credit_large, previous_approval_high} -> {leverage_over_6x}","{credit_large, previous_approval_high} -> {leverage_over_6x}"
"frozenset({'leverage_over_6x', 'previous_approval_high'})",frozenset({'credit_large'}),0.09784283729351168,0.3220389889264712,0.07730979214326816,0.7901425825515678,2.453561865864556,1.0,0.04580058374756844,3.230579215719752,0.6566807811365889,0.22567455732815483,0.6904579850157903,0.5151030184914592,fpgrowth,Portfolio-wide,356255,27542,"{leverage_over_6x, previous_approval_high} -> {credit_large}","{leverage_over_6x, previous_approval_high} -> {credit_large}"
"frozenset({'burden_20_to_35pct', 'previous_approval_high'})",frozenset({'leverage_over_6x'}),0.1611682643050624,0.16586995270241822,0.06422366001880675,0.39848825260811255,2.402413735072482,1.0,0.03749068764139521,1.3867227878995065,0.6959106799310353,0.24436873190998515,0.27887533923437013,0.3928405522161933,fpgrowth,Portfolio-wide,356255,22880,"{burden_20_to_35pct, previous_approval_high} -> {leverage_over_6x}","{burden_20_to_35pct, previous_approval_high} -> {leverage_over_6x}"
"frozenset({'leverage_over_6x', 'previous_approval_high'})",frozenset({'burden_20_to_35pct'}),0.09784283729351168,0.2896268122552666,0.06422366001880675,0.6563961327710359,2.266351404622415,1.0,0.035885750951476246,2.067419070319627,0.6193623266734136,0.19868354782125425,0.5163051292520978,0.43907119225171426,fpgrowth,Portfolio-wide,356255,22880,"{leverage_over_6x, previous_approval_high} -> {burden_20_to_35pct}","{leverage_over_6x, previous_approval_high} -> {burden_20_to_35pct}"
"frozenset({'bureau_debt_low', 'leverage_over_6x'})",frozenset({'credit_large'}),0.0886106861658082,0.3220389889264712,0.07197372668453776,0.8122465788139889,2.5221995060959626,1.0,0.043437630903620045,3.6109116243578807,0.6621985237975409,0.21251502217065188,0.723061624312717,0.5178702038481073,fpgrowth,Portfolio-wide,356255,25641,"{bureau_debt_low, leverage_over_6x} -> {credit_large}","{bureau_debt_low, leverage_over_6x} -> {credit_large}"
"frozenset({'bureau_debt_low', 'credit_large'})",frozenset({'leverage_over_6x'}),0.1698334058469355,0.16586995270241822,0.07197372668453776,0.4237901626338754,2.5549543828120775,1.0,0.043803467689415974,1.4476150756301203,0.7331101778559268,0.27290724282901385,0.30920863091680756,0.42885338362520276,fpgrowth,Portfolio-wide,356255,25641,"{bureau_debt_low, credit_large} -> {leverage_over_6x}","{bureau_debt_low, credit_large} -> {leverage_over_6x}"
"frozenset({'burden_20_to_35pct', 'bureau_debt_low'})",frozenset({'leverage_over_6x'}),0.15290452063830684,0.16586995270241822,0.05837672453719948,0.3817854717015769,2.3017156843742854,1.0,0.03301445893093759,1.3492566238995478,0.6676242398892702,0.2241829078992756,0.2588511464113812,0.3668641025332497,fpgrowth,Portfolio-wide,356255,20797,"{burden_20_to_35pct, bureau_debt_low} -> {leverage_over_6x}","{burden_20_to_35pct, bureau_debt_low} -> {leverage_over_6x}"
"frozenset({'bureau_debt_low', 'leverage_over_6x'})",frozenset({'burden_20_to_35pct'}),0.0886106861658082,0.2896268122552666,0.05837672453719948,0.6588000506842372,2.2746514576958248,1.0,0.0327126939712446,2.0819850330262506,0.6148549237718386,0.18250666947486663,0.5196891504323357,0.43017923856936,fpgrowth,Portfolio-wide,356255,20797,"{bureau_debt_low, leverage_over_6x} -> {burden_20_to_35pct}","{bureau_debt_low, leverage_over_6x} -> {burden_20_to_35pct}"
"frozenset({'credit_large', 'repayment_some_late'})",frozenset({'leverage_over_6x'}),0.14058188657001305,0.16586995270241822,0.05448344584637409,0.38755665595112115,2.336509112331054,1.0,0.031165134970189298,1.3619709568286373,0.6655795078174717,0.2162312705397427,0.2657699527392935,0.35801375747532366,fpgrowth,Portfolio-wide,356255,19410,"{credit_large, repayment_some_late} -> {leverage_over_6x}","{credit_large, repayment_some_late} -> {leverage_over_6x}"
"frozenset({'leverage_over_6x', 'repayment_some_late'})",frozenset({'credit_large'}),0.06849588075956829,0.3220389889264712,0.05448344584637409,0.7954266043766904,2.469969884790268,1.0,0.03242510166093458,3.3140233558125503,0.6388986928352212,0.16212829936518544,0.6982519757303235,0.4823046835425046,fpgrowth,Portfolio-wide,356255,19410,"{leverage_over_6x, repayment_some_late} -> {credit_large}","{leverage_over_6x, repayment_some_late} -> {credit_large}"
"frozenset({'burden_20_to_35pct', 'repayment_some_late'})",frozenset({'leverage_over_6x'}),0.12519403236445803,0.16586995270241822,0.0459979509059522,0.3674132866976077,2.2150683756254015,1.0,0.02523202267903453,1.3186019082554563,0.6270495261179193,0.18769614917645983,0.24162099740699963,0.3223633143025708,fpgrowth,Portfolio-wide,356255,16387,"{burden_20_to_35pct, repayment_some_late} -> {leverage_over_6x}","{burden_20_to_35pct, repayment_some_late} -> {leverage_over_6x}"
"frozenset({'leverage_over_6x', 'repayment_some_late'})",frozenset({'burden_20_to_35pct'}),0.06849588075956829,0.2896268122552666,0.0459979509059522,0.6715433161216293,2.318650372499889,1.0,0.026159707308941585,2.1627606397189,0.6105336640687675,0.14737040900751824,0.5376279826647978,0.41518065777975516,fpgrowth,Portfolio-wide,356255,16387,"{leverage_over_6x, repayment_some_late} -> {burden_20_to_35pct}","{leverage_over_6x, repayment_some_late} -> {burden_20_to_35pct}"
"frozenset({'leverage_over_6x', 'repayment_some_late'})",frozenset({'income_q1'}),0.06849588075956829,0.320088139113837,0.03473354759933194,0.5070895828210802,1.584218597493041,1.0,0.012808828590038457,1.3793822106205642,0.3958908741781083,0.09815882786904753,0.2750377724893855,0.307801015486027,fpgrowth,Portfolio-wide,356255,12374,"{leverage_over_6x, repayment_some_late} -> {income_q1}","{leverage_over_6x, repayment_some_late} -> {income_q1}"
"frozenset({'credit_large', 'leverage_over_6x'})",frozenset({'external_score_strong'}),0.13222270564623653,0.33316585030385537,0.053447670909881964,0.40422460460672965,1.2132834269720831,1.0,0.009395580753777194,1.1192710455187036,0.20257533342909453,0.12974597290741094,0.10656136062505726,0.28232411101835825,fpgrowth,Portfolio-wide,356255,19041,"{credit_large, leverage_over_6x} -> {external_score_strong}","{credit_large, leverage_over_6x} -> {external_score_strong}"
"frozenset({'credit_large', 'external_score_strong'})",frozenset({'leverage_over_6x'}),0.1284838107535333,0.16586995270241822,0.053447670909881964,0.4159875909378891,2.507914086671253,1.0,0.03213606729716694,1.4282745269696324,0.6899037165787112,0.22186101789709164,0.2998544879731921,0.3691069749179393,fpgrowth,Portfolio-wide,356255,19041,"{credit_large, external_score_strong} -> {leverage_over_6x}","{credit_large, external_score_strong} -> {leverage_over_6x}"
"frozenset({'leverage_over_6x', 'external_score_strong'})",frozenset({'credit_large'}),0.06403559248291252,0.3220389889264712,0.053447670909881964,0.8346556787796432,2.591784558639929,1.0,0.032825713451377275,4.100298129803927,0.6561846328879832,0.16068354430379744,0.7561152949510481,0.5003110692901075,fpgrowth,Portfolio-wide,356255,19041,"{external_score_strong, leverage_over_6x} -> {credit_large}","{external_score_strong, leverage_over_6x} -> {credit_large}"
"frozenset({'burden_20_to_35pct', 'external_score_strong'})",frozenset({'leverage_over_6x'}),0.10119998315813111,0.16586995270241822,0.04248642124321062,0.41982636673785817,2.531057372947195,1.0,0.025700384823285894,1.4377248455906542,0.6730175722650659,0.18917871739429312,0.3044566190346566,0.33798466512618897,fpgrowth,Portfolio-wide,356255,15136,"{burden_20_to_35pct, external_score_strong} -> {leverage_over_6x}","{burden_20_to_35pct, external_score_strong} -> {leverage_over_6x}"
"frozenset({'leverage_over_6x', 'external_score_strong'})",frozenset({'burden_20_to_35pct'}),0.06403559248291252,0.2896268122552666,0.04248642124321062,0.6634813483540087,2.2908146631439643,1.0,0.023939996721507355,2.110947444577388,0.6020251048396067,0.13653502679102997,0.5262790636646094,0.4050875112884881,fpgrowth,Portfolio-wide,356255,15136,"{external_score_strong, leverage_over_6x} -> {burden_20_to_35pct}","{external_score_strong, leverage_over_6x} -> {burden_20_to_35pct}"
"frozenset({'leverage_over_6x', 'previous_approval_high'})",frozenset({'external_score_strong'}),0.09784283729351168,0.33316585030385537,0.03948856858149359,0.40359181799925403,1.2113841128410023,1.0,0.006890676498459002,1.1180835035816303,0.19342306834123899,0.10085961528810375,0.10561241911124312,0.2610585383259506,fpgrowth,Portfolio-wide,356255,14068,"{leverage_over_6x, previous_approval_high} -> {external_score_strong}","{leverage_over_6x, previous_approval_high} -> {external_score_strong}"
"frozenset({'bureau_debt_low', 'leverage_over_6x'})",frozenset({'external_score_strong'}),0.0886106861658082,0.33316585030385537,0.039379096433734266,0.4444057273188039,1.333887392460827,1.0,0.009857041831294704,1.200217825281253,0.2746483034260381,0.10297949805844486,0.16681790676982733,0.28130120221633925,fpgrowth,Portfolio-wide,356255,14029,"{bureau_debt_low, leverage_over_6x} -> {external_score_strong}","{bureau_debt_low, leverage_over_6x} -> {external_score_strong}"
"frozenset({'leverage_over_6x', 'external_score_strong'})",frozenset({'bureau_debt_low'}),0.06403559248291252,0.504579584847932,0.039379096433734266,0.6149563845175997,1.2187500306872951,1.0,0.007068043763214918,1.286660511255024,0.19176712138367963,0.07440742960491771,0.22279420930965846,0.34649988241061425,fpgrowth,Portfolio-wide,356255,14029,"{external_score_strong, leverage_over_6x} -> {bureau_debt_low}","{external_score_strong, leverage_over_6x} -> {bureau_debt_low}"
"frozenset({'leverage_over_6x', 'repayment_clean_observed'})",frozenset({'external_score_strong'}),0.07672032673225639,0.33316585030385537,0.031657099549480004,0.41262988438460413,1.2385119423502609,1.0,0.006096506658138198,1.1352878397592516,0.20858191777435978,0.08369821738678698,0.11916611366853065,0.2538244626317588,fpgrowth,Portfolio-wide,356255,11278,"{leverage_over_6x, repayment_clean_observed} -> {external_score_strong}","{leverage_over_6x, repayment_clean_observed} -> {external_score_strong}"
"frozenset({'credit_large', 'previous_deep'})",frozenset({'leverage_over_6x'}),0.12466070651639977,0.16586995270241822,0.04657618840437327,0.37362365179797796,2.25250954564558,1.0,0.025898722910648,1.33167551695064,0.6352402092950228,0.19092164307904727,0.24906631737897597,0.3272115415965453,fpgrowth,Portfolio-wide,356255,16593,"{credit_large, previous_deep} -> {leverage_over_6x}","{credit_large, previous_deep} -> {leverage_over_6x}"
"frozenset({'previous_deep', 'leverage_over_6x'})",frozenset({'credit_large'}),0.05613675597535473,0.3220389889264712,0.04657618840437327,0.8296914845742287,2.576369672939403,1.0,0.02849796426845799,3.980781638420288,0.6482474523619177,0.14045913962110823,0.7487930535177924,0.4871602601031662,fpgrowth,Portfolio-wide,356255,16593,"{leverage_over_6x, previous_deep} -> {credit_large}","{leverage_over_6x, previous_deep} -> {credit_large}"
"frozenset({'burden_20_to_35pct', 'previous_deep'})",frozenset({'leverage_over_6x'}),0.1040322241091353,0.16586995270241822,0.037748242129935015,0.3628514381306999,2.1875658141753958,1.0,0.02049242203742537,1.309160998261327,0.6059044877178575,0.16260005320049328,0.23615200779118697,0.29521438758223884,fpgrowth,Portfolio-wide,356255,13448,"{burden_20_to_35pct, previous_deep} -> {leverage_over_6x}","{burden_20_to_35pct, previous_deep} -> {leverage_over_6x}"
"frozenset({'previous_deep', 'leverage_over_6x'})",frozenset({'burden_20_to_35pct'}),0.05613675597535473,0.2896268122552666,0.037748242129935015,0.672433621681084,2.321724347428253,1.0,0.021489532446441237,2.1686388920328077,0.603144206183762,0.12255312944264206,0.5388812754055912,0.4013838474073518,fpgrowth,Portfolio-wide,356255,13448,"{leverage_over_6x, previous_deep} -> {burden_20_to_35pct}","{leverage_over_6x, previous_deep} -> {burden_20_to_35pct}"
"frozenset({'previous_deep', 'leverage_over_6x'})",frozenset({'repayment_some_late'}),0.05613675597535473,0.44470674095802165,0.032361651064546464,0.5764788239411971,1.2963123129172762,1.0,0.007397257266790712,1.311134579407382,0.24217593112623126,0.06907770567828447,0.23730178754648615,0.32462479595964094,fpgrowth,Portfolio-wide,356255,11529,"{leverage_over_6x, previous_deep} -> {repayment_some_late}","{leverage_over_6x, previous_deep} -> {repayment_some_late}"
"frozenset({'credit_large', 'income_q3'})",frozenset({'leverage_over_6x'}),0.09600988056307981,0.16586995270241822,0.035449327026989094,0.3692258215413402,2.2259958209776305,1.0,0.019524172679026223,1.3223909217968244,0.609257608552715,0.1565572043090731,0.243793961742243,0.29147170722365867,fpgrowth,Portfolio-wide,356255,12629,"{credit_large, income_q3} -> {leverage_over_6x}","{credit_large, income_q3} -> {leverage_over_6x}"
"frozenset({'leverage_over_6x', 'income_q3'})",frozenset({'credit_large'}),0.035449327026989094,0.3220389889264712,0.035449327026989094,1.0,3.105214071543128,1.0,0.0240332615930937,inf,0.702877547100627,0.11007774911094066,1.0,0.5550388745554703,fpgrowth,Portfolio-wide,356255,12629,"{income_q3, leverage_over_6x} -> {credit_large}","{income_q3, leverage_over_6x} -> {credit_large}"
"frozenset({'leverage_over_6x', 'previous_approval_high'})",frozenset({'income_q1'}),0.09784283729351168,0.320088139113837,0.051353665211716325,0.5248587084373296,1.639731824773012,1.0,0.02003533349681824,1.4309677415112294,0.4324569975613218,0.14008958995367357,0.3011722270245513,0.3426473612867942,fpgrowth,Portfolio-wide,356255,18295,"{leverage_over_6x, previous_approval_high} -> {income_q1}","{leverage_over_6x, previous_approval_high} -> {income_q1}"
"frozenset({'credit_large', 'income_q1'})",frozenset({'leverage_over_6x'}),0.049658250410520556,0.16586995270241822,0.049658250410520556,1.0,6.028819467948284,1.0,0.04142143876364267,inf,0.8777158823737904,0.2993806268191972,1.0,0.6496903134095986,fpgrowth,Portfolio-wide,356255,17691,"{credit_large, income_q1} -> {leverage_over_6x}","{credit_large, income_q1} -> {leverage_over_6x}"
"frozenset({'leverage_over_6x', 'income_q1'})",frozenset({'credit_large'}),0.08330549746670222,0.3220389889264712,0.049658250410520556,0.5960981198193949,1.8510122696835867,1.0,0.022830632234327065,1.6785289802819878,0.5015357521210785,0.13961251627668392,0.40424025337232905,0.3751488088811778,fpgrowth,Portfolio-wide,356255,17691,"{income_q1, leverage_over_6x} -> {credit_large}","{income_q1, leverage_over_6x} -> {credit_large}"
"frozenset({'burden_20_to_35pct', 'leverage_over_6x'})",frozenset({'income_q1'}),0.10961530364486112,0.320088139113837,0.04890598026694362,0.44616014954802696,1.3938665480802255,1.0,0.013819421704861834,1.2276326095554628,0.3173585582810732,0.1284304258408828,0.18542404933173845,0.2994746272281277,fpgrowth,Portfolio-wide,356255,17423,"{burden_20_to_35pct, leverage_over_6x} -> {income_q1}","{burden_20_to_35pct, leverage_over_6x} -> {income_q1}"
"frozenset({'burden_20_to_35pct', 'income_q1'})",frozenset({'leverage_over_6x'}),0.12809364079100644,0.16586995270241822,0.04890598026694362,0.3817986588946838,2.3017951875808156,1.0,0.027659094127458834,1.349285405635314,0.6486436021434089,0.1995693160601583,0.258866955928314,0.33832199241356403,fpgrowth,Portfolio-wide,356255,17423,"{burden_20_to_35pct, income_q1} -> {leverage_over_6x}","{burden_20_to_35pct, income_q1} -> {leverage_over_6x}"
"frozenset({'leverage_over_6x', 'income_q1'})",frozenset({'burden_20_to_35pct'}),0.08330549746670222,0.2896268122552666,0.04890598026694362,0.587067861715749,2.026980365334162,1.0,0.02477847459232347,1.7203146034996488,0.5526981001696561,0.1509321182300149,0.4187109741638578,0.3779632347025746,fpgrowth,Portfolio-wide,356255,17423,"{income_q1, leverage_over_6x} -> {burden_20_to_35pct}","{income_q1, leverage_over_6x} -> {burden_20_to_35pct}"
"frozenset({'bureau_debt_low', 'leverage_over_6x'})",frozenset({'income_q1'}),0.0886106861658082,0.320088139113837,0.04285974933685141,0.48368601115053217,1.5111025747146252,1.0,0.014496519696437647,1.316857330170832,0.3711164379445282,0.11715465119847775,0.24061629374058857,0.30879292358145727,fpgrowth,Portfolio-wide,356255,15269,"{bureau_debt_low, leverage_over_6x} -> {income_q1}","{bureau_debt_low, leverage_over_6x} -> {income_q1}"
"frozenset({'leverage_over_6x', 'card_history_not_observed'})",frozenset({'income_q1'}),0.12037445088489986,0.320088139113837,0.06099282817083269,0.5066924727170973,1.582977970129958,1.0,0.022462394190235123,1.378271814807006,0.4186773220185737,0.16073172175045122,0.2744537113384808,0.3486212883171922,fpgrowth,Portfolio-wide,356255,21729,"{card_history_not_observed, leverage_over_6x} -> {income_q1}","{card_history_not_observed, leverage_over_6x} -> {income_q1}"
"frozenset({'credit_large', 'previous_two_to_four'})",frozenset({'leverage_over_6x'}),0.12492175548413356,0.16586995270241822,0.05405678516792747,0.4327251483012763,2.6088217983495428,1.0,0.033336019494271174,1.4704160510548832,0.7047200705934983,0.2283430956389765,0.3199203726845912,0.37931187354818774,fpgrowth,Portfolio-wide,356255,19258,"{credit_large, previous_two_to_four} -> {leverage_over_6x}","{credit_large, previous_two_to_four} -> {leverage_over_6x}"
"frozenset({'leverage_over_6x', 'previous_two_to_four'})",frozenset({'credit_large'}),0.06884675302802767,0.3220389889264712,0.05405678516792747,0.7851755208545684,2.4381380759888107,1.0,0.03188544643191096,3.155883415942388,0.6334628143445616,0.16048734551697125,0.6831315140006884,0.4765167054102003,fpgrowth,Portfolio-wide,356255,19258,"{leverage_over_6x, previous_two_to_four} -> {credit_large}","{leverage_over_6x, previous_two_to_four} -> {credit_large}"
"frozenset({'leverage_over_6x', 'previous_two_to_four'})",frozenset({'previous_approval_high'}),0.06884675302802767,0.5241863272094427,0.046444260431432544,0.674603498185673,1.2869536330277649,1.0,0.01035573382137514,1.4622581070710439,0.23945707065296581,0.08497111310822957,0.31612620565117855,0.38160303855862926,fpgrowth,Portfolio-wide,356255,16546,"{leverage_over_6x, previous_two_to_four} -> {previous_approval_high}","{leverage_over_6x, previous_two_to_four} -> {previous_approval_high}"
"frozenset({'leverage_over_6x', 'previous_approval_high'})",frozenset({'previous_two_to_four'}),0.09784283729351168,0.3841686432471123,0.046444260431432544,0.4746822732880053,1.2356091045740842,1.0,0.008856110376936198,1.1723026378862653,0.21136290409419617,0.10662937495569462,0.14697794947978432,0.2977888869326145,fpgrowth,Portfolio-wide,356255,16546,"{leverage_over_6x, previous_approval_high} -> {previous_two_to_four}","{leverage_over_6x, previous_approval_high} -> {previous_two_to_four}"
"frozenset({'burden_20_to_35pct', 'previous_two_to_four'})",frozenset({'leverage_over_6x'}),0.11834219870598307,0.16586995270241822,0.04554883440232418,0.3848908918406072,2.32043770176463,1.0,0.025919419500262587,1.3560684376688408,0.6454282171552604,0.1908497500735078,0.26257409123166586,0.3297482957138459,fpgrowth,Portfolio-wide,356255,16227,"{burden_20_to_35pct, previous_two_to_four} -> {leverage_over_6x}","{burden_20_to_35pct, previous_two_to_four} -> {leverage_over_6x}"
"frozenset({'leverage_over_6x', 'previous_two_to_four'})",frozenset({'burden_20_to_35pct'}),0.06884675302802767,0.2896268122552666,0.04554883440232418,0.6615974232478493,2.28430999911963,1.0,0.0256089687886909,2.099195563351214,0.603800767873936,0.14555843596666695,0.5236270419686042,0.4094323747983463,fpgrowth,Portfolio-wide,356255,16227,"{leverage_over_6x, previous_two_to_four} -> {burden_20_to_35pct}","{leverage_over_6x, previous_two_to_four} -> {burden_20_to_35pct}"
"frozenset({'leverage_over_6x', 'previous_two_to_four'})",frozenset({'income_q1'}),0.06884675302802767,0.320088139113837,0.036238087886485804,0.5263587067313573,1.6444180286985322,1.0,0.014201058825714503,1.4354995448011465,0.4208567435984716,0.10274572224432948,0.3033783928238546,0.3197857743140006,fpgrowth,Portfolio-wide,356255,12910,"{leverage_over_6x, previous_two_to_four} -> {income_q1}","{leverage_over_6x, previous_two_to_four} -> {income_q1}"
"frozenset({'leverage_over_6x', 'repayment_clean_observed'})",frozenset({'previous_two_to_four'}),0.07672032673225639,0.3841686432471123,0.035547571262157726,0.4633396751061028,1.2060840551425864,1.0,0.00607402743195163,1.1475254051520267,0.1850689415433236,0.08357420972744672,0.12855959832321295,0.2779354189416034,fpgrowth,Portfolio-wide,356255,12664,"{leverage_over_6x, repayment_clean_observed} -> {previous_two_to_four}","{leverage_over_6x, repayment_clean_observed} -> {previous_two_to_four}"
"frozenset({'credit_large', 'credit_file_established'})",frozenset({'leverage_over_6x'}),0.13490617675541397,0.16586995270241822,0.0552722067058708,0.40970849545369425,2.470058553575033,1.0,0.03289532554818621,1.4130815721948917,0.6879615617597322,0.225137774119046,0.29232677031748855,0.3714673256392549,fpgrowth,Portfolio-wide,356255,19691,"{credit_file_established, credit_large} -> {leverage_over_6x}","{credit_file_established, credit_large} -> {leverage_over_6x}"
"frozenset({'credit_file_established', 'leverage_over_6x'})",frozenset({'credit_large'}),0.06838360163366128,0.3220389889264712,0.0552722067058708,0.8082669731549135,2.509841978604209,1.0,0.03325002077661593,3.5359636377164025,0.6457255825580119,0.16491762912587207,0.7171916618899904,0.48994950359161193,fpgrowth,Portfolio-wide,356255,19691,"{credit_file_established, leverage_over_6x} -> {credit_large}","{credit_file_established, leverage_over_6x} -> {credit_large}"
"frozenset({'burden_20_to_35pct', 'credit_file_established'})",frozenset({'leverage_over_6x'}),0.11546785308276375,0.16586995270241822,0.045661113528231184,0.3954443796188254,2.384062774336706,1.0,0.026508466198743384,1.379740786747892,0.6563333617479207,0.19374471480806565,0.2752261804501389,0.33536349489301115,fpgrowth,Portfolio-wide,356255,16267,"{burden_20_to_35pct, credit_file_established} -> {leverage_over_6x}","{burden_20_to_35pct, credit_file_established} -> {leverage_over_6x}"
"frozenset({'credit_file_established', 'leverage_over_6x'})",frozenset({'burden_20_to_35pct'}),0.06838360163366128,0.2896268122552666,0.045661113528231184,0.6677202200147772,2.3054502959010326,1.0,0.025855388976539828,2.1378766645876714,0.6078094570386103,0.14618605988712755,0.5322461690310519,0.41268760731793996,fpgrowth,Portfolio-wide,356255,16267,"{credit_file_established, leverage_over_6x} -> {burden_20_to_35pct}","{credit_file_established, leverage_over_6x} -> {burden_20_to_35pct}"
"frozenset({'credit_file_established', 'leverage_over_6x'})",frozenset({'income_q1'}),0.06838360163366128,0.320088139113837,0.033700579640987494,0.49281668171742876,1.539628063325902,1.0,0.011811799848166913,1.3405643213749354,0.37621974446636397,0.09499244396268663,0.2540454911000759,0.29905099693195636,fpgrowth,Portfolio-wide,356255,12006,"{credit_file_established, leverage_over_6x} -> {income_q1}","{credit_file_established, leverage_over_6x} -> {income_q1}"
"frozenset({'credit_large', 'external_score_middle'})",frozenset({'leverage_over_6x'}),0.11035915285399503,0.16586995270241822,0.04472638980505537,0.4052802930104792,2.4433617204773617,1.0,0.02642112234088427,1.402559958068246,0.6640070685121888,0.1932002813007736,0.2870180028686218,0.3374638112991203,fpgrowth,Portfolio-wide,356255,15934,"{credit_large, external_score_middle} -> {leverage_over_6x}","{credit_large, external_score_middle} -> {leverage_over_6x}"
"frozenset({'leverage_over_6x', 'external_score_middle'})",frozenset({'credit_large'}),0.055701674362465085,0.3220389889264712,0.04472638980505537,0.8029631122757509,2.4933723551687264,1.0,0.02678827891185557,3.4407821748703604,0.634266462038663,0.13430772602370236,0.7093684083510234,0.47092406363386596,fpgrowth,Portfolio-wide,356255,15934,"{external_score_middle, leverage_over_6x} -> {credit_large}","{external_score_middle, leverage_over_6x} -> {credit_large}"
"frozenset({'burden_20_to_35pct', 'external_score_middle'})",frozenset({'leverage_over_6x'}),0.09462884731442366,0.16586995270241822,0.03687246494786038,0.3896535358329378,2.3491508225845,1.0,0.021176382519532574,1.366650085269055,0.6343412433356429,0.16488426971933523,0.26828380521183076,0.3059754851709196,fpgrowth,Portfolio-wide,356255,13136,"{burden_20_to_35pct, external_score_middle} -> {leverage_over_6x}","{burden_20_to_35pct, external_score_middle} -> {leverage_over_6x}"
"frozenset({'leverage_over_6x', 'external_score_middle'})",frozenset({'burden_20_to_35pct'}),0.055701674362465085,0.2896268122552666,0.03687246494786038,0.6619633138480145,2.285573316549795,1.0,0.02073976656497871,2.1014677307105685,0.595651819648093,0.11953880734195416,0.5241421101137391,0.3946367872290053,fpgrowth,Portfolio-wide,356255,13136,"{external_score_middle, leverage_over_6x} -> {burden_20_to_35pct}","{external_score_middle, leverage_over_6x} -> {burden_20_to_35pct}"
"frozenset({'credit_large', 'card_utilisation_moderate'})",frozenset({'leverage_over_6x'}),0.09142608524792635,0.16586995270241822,0.03406548680018526,0.3726013938779896,2.24634653719629,1.0,0.018900646364344457,1.329505738709544,0.6106632615726022,0.15260226086737835,0.24784077955870407,0.28898803194204087,fpgrowth,Portfolio-wide,356255,12136,"{card_utilisation_moderate, credit_large} -> {leverage_over_6x}","{card_utilisation_moderate, credit_large} -> {leverage_over_6x}"
"frozenset({'leverage_over_6x', 'card_utilisation_moderate'})",frozenset({'credit_large'}),0.04147029515375223,0.3220389889264712,0.03406548680018526,0.8214430756734803,2.5507565975529576,1.0,0.02071043487838855,3.796890059742345,0.634262511156351,0.10340302983828366,0.7366265590350384,0.46361185231969115,fpgrowth,Portfolio-wide,356255,12136,"{card_utilisation_moderate, leverage_over_6x} -> {credit_large}","{card_utilisation_moderate, leverage_over_6x} -> {credit_large}"
"frozenset({'leverage_over_6x', 'repayment_clean_observed'})",frozenset({'previous_approval_high'}),0.07672032673225639,0.5241863272094427,0.04939720144278677,0.643860676130543,1.2283049799452008,1.0,0.00918145515069687,1.336032392101039,0.20131488984072507,0.08956727979722921,0.2515151534407005,0.3690483177593982,fpgrowth,Portfolio-wide,356255,17598,"{leverage_over_6x, repayment_clean_observed} -> {previous_approval_high}","{leverage_over_6x, repayment_clean_observed} -> {previous_approval_high}"
"frozenset({'leverage_over_6x', 'repayment_clean_observed'})",frozenset({'income_q1'}),0.07672032673225639,0.320088139113837,0.038929979930106245,0.5074271915703206,1.5852733343232621,1.0,0.014372713314172735,1.3803276373572464,0.39987228910201467,0.10877988329045618,0.27553432030486313,0.3145249398697674,fpgrowth,Portfolio-wide,356255,13869,"{leverage_over_6x, repayment_clean_observed} -> {income_q1}","{leverage_over_6x, repayment_clean_observed} -> {income_q1}"
"frozenset({'credit_large', 'repayment_clean_observed'})",frozenset({'leverage_over_6x'}),0.14295097612665086,0.16586995270241822,0.061237035269680426,0.4283778742121075,2.5826128676882547,1.0,0.03752576362078833,1.459233311075674,0.7150060512632164,0.24733852590047958,0.3147086265027421,0.39878245230269627,fpgrowth,Portfolio-wide,356255,21816,"{credit_large, repayment_clean_observed} -> {leverage_over_6x}","{credit_large, repayment_clean_observed} -> {leverage_over_6x}"
"frozenset({'leverage_over_6x', 'repayment_clean_observed'})",frozenset({'credit_large'}),0.07672032673225639,0.3220389889264712,0.061237035269680426,0.7981852773306015,2.4785361548655382,1.0,0.036530098818716064,3.3593238496486024,0.6461054674240866,0.18143109011676262,0.7023210488906558,0.494169690474798,fpgrowth,Portfolio-wide,356255,21816,"{leverage_over_6x, repayment_clean_observed} -> {credit_large}","{leverage_over_6x, repayment_clean_observed} -> {credit_large}"
"frozenset({'burden_20_to_35pct', 'repayment_clean_observed'})",frozenset({'leverage_over_6x'}),0.13409776704888351,0.16586995270241822,0.05021122510561255,0.37443744374437443,2.257415750374875,1.0,0.027968434827714345,1.3334078885577172,0.6432776840738245,0.20104071838789797,0.25004193496886257,0.3385759275853125,fpgrowth,Portfolio-wide,356255,17888,"{burden_20_to_35pct, repayment_clean_observed} -> {leverage_over_6x}","{burden_20_to_35pct, repayment_clean_observed} -> {leverage_over_6x}"
"frozenset({'leverage_over_6x', 'repayment_clean_observed'})",frozenset({'burden_20_to_35pct'}),0.07672032673225639,0.2896268122552666,0.05021122510561255,0.6544709498024294,2.259704288792166,1.0,0.02799096143896662,2.0559000389071427,0.6037869522583535,0.1588279689234184,0.5135950284180297,0.4139181005784227,fpgrowth,Portfolio-wide,356255,17888,"{leverage_over_6x, repayment_clean_observed} -> {burden_20_to_35pct}","{leverage_over_6x, repayment_clean_observed} -> {burden_20_to_35pct}"
"frozenset({'credit_medium', 'leverage_over_6x'})",frozenset({'income_q1'}),0.031550434379868354,0.320088139113837,0.031550434379868354,1.0,3.1241395034770636,1.0,0.02145151455098307,inf,0.7020622291784416,0.0985679583980076,1.0,0.5492839791990038,fpgrowth,Portfolio-wide,356255,11240,"{credit_medium, leverage_over_6x} -> {income_q1}","{credit_medium, leverage_over_6x} -> {income_q1}"
"frozenset({'external_score_weak', 'leverage_over_6x'})",frozenset({'credit_large'}),0.04607093233779175,0.3220389889264712,0.03400654025908408,0.7381344056540547,2.2920653431270943,1.0,0.01916990379012176,2.5889655827710167,0.590937295876198,0.10178448406230571,0.613745348082348,0.42186599649553025,fpgrowth,Portfolio-wide,356255,12115,"{external_score_weak, leverage_over_6x} -> {credit_large}","{external_score_weak, leverage_over_6x} -> {credit_large}"
"frozenset({'external_score_weak', 'credit_large'})",frozenset({'leverage_over_6x'}),0.08309778108377426,0.16586995270241822,0.03400654025908408,0.4092352384812863,2.4672053727264376,1.0,0.02022311524104254,1.4119495637370696,0.6485785520454848,0.1581985087684935,0.2917594043846328,0.30712726521640976,fpgrowth,Portfolio-wide,356255,12115,"{credit_large, external_score_weak} -> {leverage_over_6x}","{credit_large, external_score_weak} -> {leverage_over_6x}"
"frozenset({'external_score_weak', 'leverage_over_6x'})",frozenset({'burden_20_to_35pct'}),0.04607093233779175,0.2896268122552666,0.030208698825279646,0.6556997501980139,2.263946991275462,1.0,0.016865321554656944,2.0632375031771923,0.5852568748015581,0.09888635695383712,0.5153248239913757,0.3800009494247064,fpgrowth,Portfolio-wide,356255,10762,"{external_score_weak, leverage_over_6x} -> {burden_20_to_35pct}","{external_score_weak, leverage_over_6x} -> {burden_20_to_35pct}"
"frozenset({'credit_large', 'income_q2'})",frozenset({'leverage_over_6x'}),0.04888913839805757,0.16586995270241822,0.03441355209049698,0.7039099730148706,4.243746148995003,1.0,0.026304313016749188,2.8171500938107394,0.8036488373897213,0.19082009058506746,0.6450313378058935,0.4556915329096556,fpgrowth,Portfolio-wide,356255,12260,"{credit_large, income_q2} -> {leverage_over_6x}","{credit_large, income_q2} -> {leverage_over_6x}"
"frozenset({'leverage_over_6x', 'income_q2'})",frozenset({'credit_large'}),0.03441355209049698,0.3220389889264712,0.03441355209049698,1.0,3.105214071543128,1.0,0.02333104656990488,inf,0.7021235773775781,0.10686144620319366,1.0,0.5534307231015968,fpgrowth,Portfolio-wide,356255,12260,"{income_q2, leverage_over_6x} -> {credit_large}","{income_q2, leverage_over_6x} -> {credit_large}"
"frozenset({'leverage_over_6x', 'previous_one'})",frozenset({'previous_approval_high'}),0.03044167801153668,0.5241863272094427,0.030152559262326142,0.9905025357307514,1.8896000988880972,1.0,0.014195447871366278,50.09902214964614,0.4855690320690505,0.057490888266870765,0.9800395305718145,0.5240125667558354,fpgrowth,Portfolio-wide,356255,10742,"{leverage_over_6x, previous_one} -> {previous_approval_high}","{leverage_over_6x, previous_one} -> {previous_approval_high}"
"frozenset({'credit_large', 'previous_outcome_mixed'})",frozenset({'leverage_over_6x'}),0.09828633984084434,0.16586995270241822,0.03731877447334073,0.37969441667856635,2.289109091143008,1.0,0.021016023932646073,1.3447082691586014,0.6245317645814833,0.16451764589417414,0.25634427709311947,0.3023412853717072,fpgrowth,Portfolio-wide,356255,13295,"{credit_large, previous_outcome_mixed} -> {leverage_over_6x}","{credit_large, previous_outcome_mixed} -> {leverage_over_6x}"
"frozenset({'leverage_over_6x', 'previous_outcome_mixed'})",frozenset({'credit_large'}),0.046438646475137194,0.3220389889264712,0.03731877447334073,0.8036146034816247,2.4953953748286923,1.0,0.02236371971537371,3.4521966658050043,0.6284460861262857,0.11269145680937812,0.7103293650951911,0.45974869355449344,fpgrowth,Portfolio-wide,356255,13295,"{leverage_over_6x, previous_outcome_mixed} -> {credit_large}","{leverage_over_6x, previous_outcome_mixed} -> {credit_large}"
"frozenset({'leverage_over_6x', 'previous_outcome_mixed'})",frozenset({'burden_20_to_35pct'}),0.046438646475137194,0.2896268122552666,0.03109851089809266,0.6696687620889749,2.312178064159174,1.0,0.017648633754049403,2.150487468993389,0.5951450903404294,0.1019733814406421,0.5349891527300621,0.3885215908990149,fpgrowth,Portfolio-wide,356255,11079,"{leverage_over_6x, previous_outcome_mixed} -> {burden_20_to_35pct}","{leverage_over_6x, previous_outcome_mixed} -> {burden_20_to_35pct}"
"frozenset({'credit_large', 'bureau_debt_moderate'})",frozenset({'leverage_over_6x'}),0.09611654573269147,0.16586995270241822,0.03629142047129163,0.3775772443198411,2.2763450412097233,1.0,0.020348573576690277,1.3401342410530566,0.6203225473302139,0.16079845780735028,0.2538060969069668,0.2981858332883305,fpgrowth,Portfolio-wide,356255,12929,"{bureau_debt_moderate, credit_large} -> {leverage_over_6x}","{bureau_debt_moderate, credit_large} -> {leverage_over_6x}"
"frozenset({'leverage_over_6x', 'bureau_debt_moderate'})",frozenset({'credit_large'}),0.044962175969460075,0.3220389889264712,0.03629142047129163,0.8071544512423523,2.506387359906424,1.0,0.021811846782152627,3.515564737900868,0.6293147329048083,0.10973798348285901,0.7155506797473749,0.4599235403830477,fpgrowth,Portfolio-wide,356255,12929,"{bureau_debt_moderate, leverage_over_6x} -> {credit_large}","{bureau_debt_moderate, leverage_over_6x} -> {credit_large}"
"frozenset({'burden_20_to_35pct', 'bureau_debt_moderate'})",frozenset({'leverage_over_6x'}),0.07405369749196503,0.16586995270241822,0.03056237807188671,0.4127056326283072,2.4881277525214505,1.0,0.018279094771455284,1.4202929461601137,0.6459244719952151,0.1459791381760652,0.295919899691407,0.29848034626744674,fpgrowth,Portfolio-wide,356255,10888,"{burden_20_to_35pct, bureau_debt_moderate} -> {leverage_over_6x}","{burden_20_to_35pct, bureau_debt_moderate} -> {leverage_over_6x}"
"frozenset({'leverage_over_6x', 'bureau_debt_moderate'})",frozenset({'burden_20_to_35pct'}),0.044962175969460075,0.2896268122552666,0.03056237807188671,0.6797352977899863,2.3469349833222353,1.0,0.01754012637379164,2.218081427153049,0.600931544871161,0.10052533906990056,0.5491599236356621,0.39262930074950125,fpgrowth,Portfolio-wide,356255,10888,"{bureau_debt_moderate, leverage_over_6x} -> {burden_20_to_35pct}","{bureau_debt_moderate, leverage_over_6x} -> {burden_20_to_35pct}"
"frozenset({'credit_large', 'credit_file_thin'})",frozenset({'leverage_over_6x'}),0.06798501073669141,0.16586995270241822,0.03057921994077276,0.44979355904211393,2.711724165310842,1.0,0.01930254942540436,1.516031047992453,0.6772755124462949,0.15043221298572176,0.3403829022339534,0.31707507776785854,fpgrowth,Portfolio-wide,356255,10894,"{credit_file_thin, credit_large} -> {leverage_over_6x}","{credit_file_thin, credit_large} -> {leverage_over_6x}"
"frozenset({'leverage_over_6x', 'credit_file_thin'})",frozenset({'credit_large'}),0.03965418029220642,0.3220389889264712,0.03057921994077276,0.7711474481489347,2.3945779072266467,1.0,0.017809027812762602,2.9624358810503373,0.6064376543793967,0.09235255720110885,0.6624399513938347,0.43305123610291724,fpgrowth,Portfolio-wide,356255,10894,"{credit_file_thin, leverage_over_6x} -> {credit_large}","{credit_file_thin, leverage_over_6x} -> {credit_large}"
frozenset({'previous_none'}),frozenset({'card_history_not_observed'}),0.04883580581325175,0.7093149569830599,0.04645268136587557,0.9512012875043109,1.3410139996907295,1.0,0.011812713866215838,5.956817877984367,0.26735197919082504,0.06527020737854275,0.832125134512527,0.5083453933930296,fpgrowth,Portfolio-wide,356255,16549,{previous_none} -> {card_history_not_observed},{previous_none} -> {card_history_not_observed}
"frozenset({'previous_none', 'burden_under_20pct'})",frozenset({'card_history_not_observed'}),0.03372584244431657,0.7093149569830599,0.03223253006975341,0.9557220141489805,1.347387369658702,1.0,0.008310285587145545,6.5650014884371055,0.2668217250049174,0.04534630709752833,0.8476771099349645,0.500581894144776,fpgrowth,Portfolio-wide,356255,11483,"{burden_under_20pct, previous_none} -> {card_history_not_observed}","{burden_under_20pct, previous_none} -> {card_history_not_observed}"
frozenset({'previous_none'}),frozenset({'previous_outcome_not_observed'}),0.04883580581325175,0.04883580581325175,0.04883580581325175,1.0,20.47677894010806,1.0,0.04645086988382211,inf,1.0,1.0,1.0,1.0,fpgrowth,Portfolio-wide,356255,17398,{previous_none} -> {previous_outcome_not_observed},{previous_none} -> {previous_outcome_not_observed}
frozenset({'previous_outcome_not_observed'}),frozenset({'previous_none'}),0.04883580581325175,0.04883580581325175,0.04883580581325175,1.0,20.47677894010806,1.0,0.04645086988382211,inf,1.0,1.0,1.0,1.0,fpgrowth,Portfolio-wide,356255,17398,{previous_outcome_not_observed} -> {previous_none},{previous_outcome_not_observed} -> {previous_none}
frozenset({'previous_outcome_not_observed'}),frozenset({'card_history_not_observed'}),0.04883580581325175,0.7093149569830599,0.04645268136587557,0.9512012875043109,1.3410139996907295,1.0,0.011812713866215838,5.956817877984367,0.26735197919082504,0.06527020737854275,0.832125134512527,0.5083453933930296,fpgrowth,Portfolio-wide,356255,16549,{previous_outcome_not_observed} -> {card_history_not_observed},{previous_outcome_not_observed} -> {card_history_not_observed}
"frozenset({'previous_none', 'card_history_not_observed'})",frozenset({'previous_outcome_not_observed'}),0.04645268136587557,0.04883580581325175,0.04645268136587557,1.0,20.47677894010806,1.0,0.04418412723918681,inf,0.9975007800863099,0.9512012875043109,1.0,0.9756006437521554,fpgrowth,Portfolio-wide,356255,16549,"{card_history_not_observed, previous_none} -> {previous_outcome_not_observed}","{card_history_not_observed, previous_none} -> {previous_outcome_not_observed}"
"frozenset({'previous_none', 'previous_outcome_not_observed'})",frozenset({'card_history_not_observed'}),0.04883580581325175,0.7093149569830599,0.04645268136587557,0.9512012875043109,1.3410139996907295,1.0,0.011812713866215838,5.956817877984367,0.26735197919082504,0.06527020737854275,0.832125134512527,0.5083453933930296,fpgrowth,Portfolio-wide,356255,16549,"{previous_none, previous_outcome_not_observed} -> {card_history_not_observed}","{previous_none, previous_outcome_not_observed} -> {card_history_not_observed}"
"frozenset({'card_history_not_observed', 'previous_outcome_not_observed'})",frozenset({'previous_none'}),0.04645268136587557,0.04883580581325175,0.04645268136587557,1.0,20.47677894010806,1.0,0.04418412723918681,inf,0.9975007800863099,0.9512012875043109,1.0,0.9756006437521554,fpgrowth,Portfolio-wide,356255,16549,"{card_history_not_observed, previous_outcome_not_observed} -> {previous_none}","{card_history_not_observed, previous_outcome_not_observed} -> {previous_none}"
"frozenset({'previous_none', 'burden_under_20pct'})",frozenset({'previous_outcome_not_observed'}),0.03372584244431657,0.04883580581325175,0.03372584244431657,1.0,20.47677894010806,1.0,0.0320788137518176,inf,0.9843626539623517,0.690596620301184,1.0,0.845298310150592,fpgrowth,Portfolio-wide,356255,12015,"{burden_under_20pct, previous_none} -> {previous_outcome_not_observed}","{burden_under_20pct, previous_none} -> {previous_outcome_not_observed}"
"frozenset({'previous_outcome_not_observed', 'burden_under_20pct'})",frozenset({'previous_none'}),0.03372584244431657,0.04883580581325175,0.03372584244431657,1.0,20.47677894010806,1.0,0.0320788137518176,inf,0.9843626539623517,0.690596620301184,1.0,0.845298310150592,fpgrowth,Portfolio-wide,356255,12015,"{burden_under_20pct, previous_outcome_not_observed} -> {previous_none}","{burden_under_20pct, previous_outcome_not_observed} -> {previous_none}"
"frozenset({'previous_outcome_not_observed', 'burden_under_20pct'})",frozenset({'card_history_not_observed'}),0.03372584244431657,0.7093149569830599,0.03223253006975341,0.9557220141489805,1.347387369658702,1.0,0.008310285587145545,6.5650014884371055,0.2668217250049174,0.04534630709752833,0.8476771099349645,0.500581894144776,fpgrowth,Portfolio-wide,356255,11483,"{burden_under_20pct, previous_outcome_not_observed} -> {card_history_not_observed}","{burden_under_20pct, previous_outcome_not_observed} -> {card_history_not_observed}"
frozenset({'repayment_not_observed'}),frozenset({'card_history_not_observed'}),0.04678671176544891,0.7093149569830599,0.0460204067311336,0.9836213102951763,1.3867201031243268,1.0,0.012833892287845386,17.747759329693523,0.2925619549527023,0.0648100565284421,0.9436548591051201,0.5242506920297039,fpgrowth,Portfolio-wide,356255,16395,{repayment_not_observed} -> {card_history_not_observed},{repayment_not_observed} -> {card_history_not_observed}
frozenset({'repayment_not_observed'}),frozenset({'previous_outcome_not_observed'}),0.04678671176544891,0.04883580581325175,0.04380570097261793,0.9362850971922245,19.172102960122768,1.0,0.04152083420219988,14.92844142062589,0.9943638980777141,0.8453954496208015,0.9330137707062742,0.9166423761624991,fpgrowth,Portfolio-wide,356255,15606,{repayment_not_observed} -> {previous_outcome_not_observed},{repayment_not_observed} -> {previous_outcome_not_observed}
frozenset({'previous_outcome_not_observed'}),frozenset({'repayment_not_observed'}),0.04883580581325175,0.04678671176544891,0.04380570097261793,0.8969996551327738,19.172102960122768,1.0,0.04152083420219988,9.254466957982537,0.9965060572941291,0.8453954496208015,0.8919440736521902,0.9166423761624991,fpgrowth,Portfolio-wide,356255,15606,{previous_outcome_not_observed} -> {repayment_not_observed},{previous_outcome_not_observed} -> {repayment_not_observed}
frozenset({'previous_none'}),frozenset({'repayment_not_observed'}),0.04883580581325175,0.04678671176544891,0.04380570097261793,0.8969996551327738,19.172102960122768,1.0,0.04152083420219988,9.254466957982537,0.9965060572941291,0.8453954496208015,0.8919440736521902,0.9166423761624991,fpgrowth,Portfolio-wide,356255,15606,{previous_none} -> {repayment_not_observed},{previous_none} -> {repayment_not_observed}
frozenset({'repayment_not_observed'}),frozenset({'previous_none'}),0.04678671176544891,0.04883580581325175,0.04380570097261793,0.9362850971922245,19.172102960122768,1.0,0.04152083420219988,14.92844142062589,0.9943638980777141,0.8453954496208015,0.9330137707062742,0.9166423761624991,fpgrowth,Portfolio-wide,356255,15606,{repayment_not_observed} -> {previous_none},{repayment_not_observed} -> {previous_none}
"frozenset({'card_history_not_observed', 'repayment_not_observed'})",frozenset({'previous_outcome_not_observed'}),0.0460204067311336,0.04883580581325175,0.043600791567837645,0.9474229948154925,19.40017122761198,1.0,0.04135334792126914,18.090878148134266,0.9942079158637579,0.8506571741511502,0.9447235235453105,0.9201133826819157,fpgrowth,Portfolio-wide,356255,15533,"{card_history_not_observed, repayment_not_observed} -> {previous_outcome_not_observed}","{card_history_not_observed, repayment_not_observed} -> {previous_outcome_not_observed}"
"frozenset({'card_history_not_observed', 'previous_outcome_not_observed'})",frozenset({'repayment_not_observed'}),0.04645268136587557,0.04678671176544891,0.043600791567837645,0.9386065623300501,20.061391940418286,1.0,0.041427423354040184,15.52630581397006,0.9964403355802968,0.8783646233883735,0.9355931789582405,0.9352560049471225,fpgrowth,Portfolio-wide,356255,15533,"{card_history_not_observed, previous_outcome_not_observed} -> {repayment_not_observed}","{card_history_not_observed, previous_outcome_not_observed} -> {repayment_not_observed}"
"frozenset({'repayment_not_observed', 'previous_outcome_not_observed'})",frozenset({'card_history_not_observed'}),0.04380570097261793,0.7093149569830599,0.043600791567837645,0.9953223119313085,1.403216303466556,1.0,0.012528752666832375,62.14288741537514,0.30051580092359353,0.06145112157297148,0.983908053816106,0.5283955928604334,fpgrowth,Portfolio-wide,356255,15533,"{previous_outcome_not_observed, repayment_not_observed} -> {card_history_not_observed}","{previous_outcome_not_observed, repayment_not_observed} -> {card_history_not_observed}"
"frozenset({'previous_none', 'repayment_not_observed'})",frozenset({'previous_outcome_not_observed'}),0.04380570097261793,0.04883580581325175,0.04380570097261793,1.0,20.47677894010806,1.0,0.041666414266405785,inf,0.9947394532201768,0.8969996551327738,1.0,0.948499827566387,fpgrowth,Portfolio-wide,356255,15606,"{previous_none, repayment_not_observed} -> {previous_outcome_not_observed}","{previous_none, repayment_not_observed} -> {previous_outcome_not_observed}"
"frozenset({'previous_none', 'previous_outcome_not_observed'})",frozenset({'repayment_not_observed'}),0.04883580581325175,0.04678671176544891,0.04380570097261793,0.8969996551327738,19.172102960122768,1.0,0.04152083420219988,9.254466957982537,0.9965060572941291,0.8453954496208015,0.8919440736521902,0.9166423761624991,fpgrowth,Portfolio-wide,356255,15606,"{previous_none, previous_outcome_not_observed} -> {repayment_not_observed}","{previous_none, previous_outcome_not_observed} -> {repayment_not_observed}"
"frozenset({'repayment_not_observed', 'previous_outcome_not_observed'})",frozenset({'previous_none'}),0.04380570097261793,0.04883580581325175,0.04380570097261793,1.0,20.47677894010806,1.0,0.041666414266405785,inf,0.9947394532201768,0.8969996551327738,1.0,0.948499827566387,fpgrowth,Portfolio-wide,356255,15606,"{previous_outcome_not_observed, repayment_not_observed} -> {previous_none}","{previous_outcome_not_observed, repayment_not_observed} -> {previous_none}"
"frozenset({'previous_none', 'card_history_not_observed'})",frozenset({'repayment_not_observed'}),0.04645268136587557,0.04678671176544891,0.043600791567837645,0.9386065623300501,20.061391940418286,1.0,0.041427423354040184,15.52630581397006,0.9964403355802968,0.8783646233883735,0.9355931789582405,0.9352560049471225,fpgrowth,Portfolio-wide,356255,15533,"{card_history_not_observed, previous_none} -> {repayment_not_observed}","{card_history_not_observed, previous_none} -> {repayment_not_observed}"
"frozenset({'previous_none', 'repayment_not_observed'})",frozenset({'card_history_not_observed'}),0.04380570097261793,0.7093149569830599,0.043600791567837645,0.9953223119313085,1.403216303466556,1.0,0.012528752666832375,62.14288741537514,0.30051580092359353,0.06145112157297148,0.983908053816106,0.5283955928604334,fpgrowth,Portfolio-wide,356255,15533,"{previous_none, repayment_not_observed} -> {card_history_not_observed}","{previous_none, repayment_not_observed} -> {card_history_not_observed}"
"frozenset({'card_history_not_observed', 'repayment_not_observed'})",frozenset({'previous_none'}),0.0460204067311336,0.04883580581325175,0.043600791567837645,0.9474229948154925,19.40017122761198,1.0,0.04135334792126914,18.090878148134266,0.9942079158637579,0.8506571741511502,0.9447235235453105,0.9201133826819157,fpgrowth,Portfolio-wide,356255,15533,"{card_history_not_observed, repayment_not_observed} -> {previous_none}","{card_history_not_observed, repayment_not_observed} -> {previous_none}"
"frozenset({'repayment_not_observed', 'burden_under_20pct'})",frozenset({'card_history_not_observed'}),0.032572174425622095,0.7093149569830599,0.03211463698755105,0.9859531196139262,1.3900075134570622,1.0,0.009010706485996188,20.69392171269055,0.2900262126866056,0.04524638139682037,0.9516766317238579,0.5156143433975874,fpgrowth,Portfolio-wide,356255,11441,"{burden_under_20pct, repayment_not_observed} -> {card_history_not_observed}","{burden_under_20pct, repayment_not_observed} -> {card_history_not_observed}"
"frozenset({'previous_none', 'burden_under_20pct'})",frozenset({'repayment_not_observed'}),0.03372584244431657,0.04678671176544891,0.030626938569283238,0.9081148564294632,19.40967471665937,1.0,0.029049017299794054,10.37396527005266,0.9815840504840538,0.6139432815665092,0.903604844052565,0.781361243909476,fpgrowth,Portfolio-wide,356255,10911,"{burden_under_20pct, previous_none} -> {repayment_not_observed}","{burden_under_20pct, previous_none} -> {repayment_not_observed}"
"frozenset({'repayment_not_observed', 'burden_under_20pct'})",frozenset({'previous_none'}),0.032572174425622095,0.04883580581325175,0.030626938569283238,0.9402792140641159,19.253889608369445,1.0,0.029036250184118192,15.926853260235257,0.9799826068328547,0.6031175722735062,0.9372129582874534,0.783710132379799,fpgrowth,Portfolio-wide,356255,10911,"{burden_under_20pct, repayment_not_observed} -> {previous_none}","{burden_under_20pct, repayment_not_observed} -> {previous_none}"
"frozenset({'repayment_not_observed', 'burden_under_20pct'})",frozenset({'previous_outcome_not_observed'}),0.032572174425622095,0.04883580581325175,0.030626938569283238,0.9402792140641159,19.253889608369445,1.0,0.029036250184118192,15.926853260235257,0.9799826068328547,0.6031175722735062,0.9372129582874534,0.783710132379799,fpgrowth,Portfolio-wide,356255,10911,"{burden_under_20pct, repayment_not_observed} -> {previous_outcome_not_observed}","{burden_under_20pct, repayment_not_observed} -> {previous_outcome_not_observed}"
"frozenset({'previous_outcome_not_observed', 'burden_under_20pct'})",frozenset({'repayment_not_observed'}),0.03372584244431657,0.04678671176544891,0.030626938569283238,0.9081148564294632,19.40967471665937,1.0,0.029049017299794054,10.37396527005266,0.9815840504840538,0.6139432815665092,0.903604844052565,0.781361243909476,fpgrowth,Portfolio-wide,356255,10911,"{burden_under_20pct, previous_outcome_not_observed} -> {repayment_not_observed}","{burden_under_20pct, previous_outcome_not_observed} -> {repayment_not_observed}"
frozenset({'previous_refusals_repeated'}),frozenset({'previous_deep'}),0.10348767034848634,0.3972912660874935,0.10083507599893335,0.9743680156233048,2.452528154517055,1.0,0.05972032842173805,23.513931853847936,0.6606239139464626,0.25212307519546334,0.9574720210037372,0.6140872203991736,fpgrowth,Portfolio-wide,356255,35923,{previous_refusals_repeated} -> {previous_deep},{previous_refusals_repeated} -> {previous_deep}
frozenset({'previous_refusals_repeated'}),frozenset({'bureau_debt_moderate'}),0.10348767034848634,0.29571234087942627,0.03790543290620482,0.3662797005533253,1.238635152878764,1.0,0.007302851655295536,1.1113541095898525,0.2148991764169919,0.10491558739210491,0.10019678573101043,0.24723158346824492,fpgrowth,Portfolio-wide,356255,13504,{previous_refusals_repeated} -> {bureau_debt_moderate},{previous_refusals_repeated} -> {bureau_debt_moderate}
frozenset({'previous_refusals_repeated'}),frozenset({'repayment_some_late'}),0.10348767034848634,0.44470674095802165,0.06217737294915159,0.6008191385483346,1.3510457189247986,1.0,0.01615570833913814,1.391081869563067,0.2898260171426813,0.1279324962748201,0.2811350490003181,0.3703178562670789,fpgrowth,Portfolio-wide,356255,22151,{previous_refusals_repeated} -> {repayment_some_late},{previous_refusals_repeated} -> {repayment_some_late}
frozenset({'previous_refusals_repeated'}),frozenset({'external_score_weak'}),0.10348767034848634,0.33316585030385537,0.04629268361145809,0.44732559401106653,1.3426513960032058,1.0,0.011814125923839555,1.2065587667352504,0.284664277536367,0.11858946702332673,0.17119660677130913,0.29313672953679065,fpgrowth,Portfolio-wide,356255,16492,{previous_refusals_repeated} -> {external_score_weak},{previous_refusals_repeated} -> {external_score_weak}
frozenset({'previous_refusals_repeated'}),frozenset({'credit_file_deep'}),0.10348767034848634,0.2207828662053866,0.03698474407376739,0.3573830964522079,1.6187084740522704,1.0,0.014136439597310375,1.212568685157007,0.426344983464444,0.1287385072351901,0.17530444894301628,0.2624497327026153,fpgrowth,Portfolio-wide,356255,13176,{previous_refusals_repeated} -> {credit_file_deep},{previous_refusals_repeated} -> {credit_file_deep}
frozenset({'previous_refusals_repeated'}),frozenset({'card_utilisation_moderate'}),0.10348767034848634,0.25667850275785603,0.037153162762627895,0.3590105240316806,1.3986778018974264,1.0,0.010590102483679847,1.1596469600678472,0.3179421494985829,0.11502063871388227,0.13766858842841853,0.25187821565909346,fpgrowth,Portfolio-wide,356255,13236,{previous_refusals_repeated} -> {card_utilisation_moderate},{previous_refusals_repeated} -> {card_utilisation_moderate}
"frozenset({'previous_refusals_repeated', 'burden_under_20pct'})",frozenset({'previous_deep'}),0.07456176053669422,0.3972912660874935,0.07286353875735077,0.9772239581372586,2.4597166903791168,1.0,0.043240802512015016,26.462400163500686,0.6412627970244509,0.18262019670470372,0.9622105329138175,0.5803123824967081,fpgrowth,Portfolio-wide,356255,25958,"{burden_under_20pct, previous_refusals_repeated} -> {previous_deep}","{burden_under_20pct, previous_refusals_repeated} -> {previous_deep}"
"frozenset({'previous_refusals_repeated', 'card_history_not_observed'})",frozenset({'previous_deep'}),0.05872478982751119,0.3972912660874935,0.05627149092644314,0.9582237942736963,2.411892422680823,1.0,0.03294064482514926,14.427081718745487,0.6219093028583828,0.14076862040151394,0.9306859128204232,0.5499308349410972,fpgrowth,Portfolio-wide,356255,20047,"{card_history_not_observed, previous_refusals_repeated} -> {previous_deep}","{card_history_not_observed, previous_refusals_repeated} -> {previous_deep}"
"frozenset({'previous_refusals_repeated', 'card_history_not_observed'})",frozenset({'repayment_some_late'}),0.05872478982751119,0.44470674095802165,0.031993936927201025,0.5448114334878831,1.2251027099661411,1.0,0.005878627029563741,1.2199191717334066,0.19520529857353638,0.06786462798894924,0.18027355978094783,0.30837766632387953,fpgrowth,Portfolio-wide,356255,11398,"{card_history_not_observed, previous_refusals_repeated} -> {repayment_some_late}","{card_history_not_observed, previous_refusals_repeated} -> {repayment_some_late}"
"frozenset({'leverage_under_3x', 'previous_refusals_repeated'})",frozenset({'previous_deep'}),0.05761322648103184,0.3972912660874935,0.05626306999200011,0.9765651644336176,2.458058476972795,1.0,0.033373838299965465,25.71849638992566,0.6294388569196855,0.14113703896689153,0.9611174780656415,0.5590909220855357,fpgrowth,Portfolio-wide,356255,20044,"{leverage_under_3x, previous_refusals_repeated} -> {previous_deep}","{leverage_under_3x, previous_refusals_repeated} -> {previous_deep}"
"frozenset({'leverage_under_3x', 'previous_refusals_repeated'})",frozenset({'burden_under_20pct'}),0.05761322648103184,0.6564820142875187,0.05317258705140981,0.9229232643118149,1.4058622235271219,1.0,0.015350540081539008,4.456831009322809,0.3063421012370458,0.0804520570634978,0.7756253270747314,0.501959761498505,fpgrowth,Portfolio-wide,356255,18943,"{leverage_under_3x, previous_refusals_repeated} -> {burden_under_20pct}","{leverage_under_3x, previous_refusals_repeated} -> {burden_under_20pct}"
"frozenset({'previous_refusals_repeated', 'burden_under_20pct'})",frozenset({'leverage_under_3x'}),0.07456176053669422,0.47446632327967325,0.05317258705140981,0.7131348115800173,1.5030251391723357,1.0,0.017795542672305063,1.8319883273913438,0.3616396203143571,0.10723403773542182,0.4541449936943933,0.4126015060438083,fpgrowth,Portfolio-wide,356255,18943,"{burden_under_20pct, previous_refusals_repeated} -> {leverage_under_3x}","{burden_under_20pct, previous_refusals_repeated} -> {leverage_under_3x}"
"frozenset({'leverage_under_3x', 'previous_refusals_repeated'})",frozenset({'repayment_some_late'}),0.05761322648103184,0.44470674095802165,0.03499178958891805,0.6073568818514007,1.3657469651640215,1.0,0.009370799404461987,1.4142442166319151,0.28417201379358203,0.07487626735860842,0.29290854561064145,0.3430209855355887,fpgrowth,Portfolio-wide,356255,12466,"{leverage_under_3x, previous_refusals_repeated} -> {repayment_some_late}","{leverage_under_3x, previous_refusals_repeated} -> {repayment_some_late}"
"frozenset({'credit_file_established', 'previous_refusals_repeated'})",frozenset({'previous_deep'}),0.03959242677295757,0.3972912660874935,0.038531389033136375,0.9732009925558311,2.449590704925056,1.0,0.022801663673031686,22.48996479321658,0.6161639624288412,0.09672691399781559,0.9555357240798519,0.535093116582147,fpgrowth,Portfolio-wide,356255,13727,"{credit_file_established, previous_refusals_repeated} -> {previous_deep}","{credit_file_established, previous_refusals_repeated} -> {previous_deep}"
"frozenset({'previous_deep', 'previous_refusals_repeated'})",frozenset({'bureau_debt_moderate'}),0.10083507599893335,0.29571234087942627,0.03697632313932436,0.3667009993597417,1.240059844202648,1.0,0.00715814677292493,1.1120934320258624,0.21529677212529968,0.1028345264209713,0.1007949771105704,0.24587126399657058,fpgrowth,Portfolio-wide,356255,13173,"{previous_deep, previous_refusals_repeated} -> {bureau_debt_moderate}","{previous_deep, previous_refusals_repeated} -> {bureau_debt_moderate}"
"frozenset({'previous_refusals_repeated', 'bureau_debt_moderate'})",frozenset({'previous_deep'}),0.03790543290620482,0.3972912660874935,0.03697632313932436,0.9754887440758295,2.4553490784793706,1.0,0.02191682570842371,24.589059645784097,0.6160786635209102,0.09285392054585954,0.9593315070033004,0.5342799069157206,fpgrowth,Portfolio-wide,356255,13173,"{bureau_debt_moderate, previous_refusals_repeated} -> {previous_deep}","{bureau_debt_moderate, previous_refusals_repeated} -> {previous_deep}"
"frozenset({'previous_refusals_repeated', 'credit_small'})",frozenset({'previous_deep'}),0.0350086314578041,0.3972912660874935,0.034127240319434114,0.9748236048749199,2.4536748931707937,1.0,0.02021861680357267,23.93943735463953,0.6139412891856258,0.08570965308668956,0.9582279238569408,0.5303617024636016,fpgrowth,Portfolio-wide,356255,12158,"{credit_small, previous_refusals_repeated} -> {previous_deep}","{credit_small, previous_refusals_repeated} -> {previous_deep}"
"frozenset({'leverage_under_3x', 'previous_refusals_repeated'})",frozenset({'credit_small'}),0.05761322648103184,0.334033206551487,0.0320079718179394,0.5555663824604142,1.6632070451797454,1.0,0.012763241036703291,1.4984617885913978,0.42312981972169444,0.08900041366499381,0.33264898203374815,0.32569455331960134,fpgrowth,Portfolio-wide,356255,11403,"{leverage_under_3x, previous_refusals_repeated} -> {credit_small}","{leverage_under_3x, previous_refusals_repeated} -> {credit_small}"
"frozenset({'previous_refusals_repeated', 'credit_small'})",frozenset({'leverage_under_3x'}),0.0350086314578041,0.47446632327967325,0.0320079718179394,0.9142880051314947,1.9269818747337508,1.0,0.015397555167101982,6.131390099210406,0.4985057637539354,0.06703703703703703,0.836904848032948,0.4908745017049585,fpgrowth,Portfolio-wide,356255,11403,"{credit_small, previous_refusals_repeated} -> {leverage_under_3x}","{credit_small, previous_refusals_repeated} -> {leverage_under_3x}"
"frozenset({'previous_refusals_repeated', 'credit_small'})",frozenset({'burden_under_20pct'}),0.0350086314578041,0.6564820142875187,0.031219210958442687,0.891757536882617,1.3583883754232677,1.0,0.008236674061574058,3.1735972724489376,0.2734050483369516,0.04728238920182804,0.6849001577228039,0.4696564274471877,fpgrowth,Portfolio-wide,356255,11122,"{credit_small, previous_refusals_repeated} -> {burden_under_20pct}","{credit_small, previous_refusals_repeated} -> {burden_under_20pct}"
"frozenset({'previous_refusals_repeated', 'burden_under_20pct'})",frozenset({'credit_small'}),0.07456176053669422,0.334033206551487,0.031219210958442687,0.41870270677257837,1.2534762968484712,1.0,0.006313107000246593,1.145656106105359,0.21851124276453004,0.08272712396423737,0.1271377207603029,0.2560820531283082,fpgrowth,Portfolio-wide,356255,11122,"{burden_under_20pct, previous_refusals_repeated} -> {credit_small}","{burden_under_20pct, previous_refusals_repeated} -> {credit_small}"
"frozenset({'previous_refusals_repeated', 'external_score_middle'})",frozenset({'previous_deep'}),0.03406829377833293,0.3972912660874935,0.03325427011550715,0.9761061217763862,2.4569030459416723,1.0,0.01971923454687258,25.22439966722787,0.613897989031132,0.08353134452537246,0.9603558454039554,0.5299043082652041,fpgrowth,Portfolio-wide,356255,11847,"{external_score_middle, previous_refusals_repeated} -> {previous_deep}","{external_score_middle, previous_refusals_repeated} -> {previous_deep}"
"frozenset({'previous_refusals_repeated', 'repayment_clean_observed'})",frozenset({'previous_deep'}),0.0320079718179394,0.3972912660874935,0.030593254831511138,0.9558011049723757,2.4057944046569713,1.0,0.017876767183069183,13.636285104770462,0.6036587765655556,0.07673136629564704,0.9266662443387776,0.5164028522381962,fpgrowth,Portfolio-wide,356255,10899,"{previous_refusals_repeated, repayment_clean_observed} -> {previous_deep}","{previous_refusals_repeated, repayment_clean_observed} -> {previous_deep}"
"frozenset({'previous_deep', 'previous_refusals_repeated'})",frozenset({'repayment_some_late'}),0.10083507599893335,0.44470674095802165,0.061259491094861826,0.6075216435152966,1.366117460253754,1.0,0.01641745307312175,1.4148379136509672,0.2980526874063266,0.1264954094407864,0.29320525669296243,0.37263710072172684,fpgrowth,Portfolio-wide,356255,21824,"{previous_deep, previous_refusals_repeated} -> {repayment_some_late}","{previous_deep, previous_refusals_repeated} -> {repayment_some_late}"
"frozenset({'previous_refusals_repeated', 'repayment_some_late'})",frozenset({'previous_deep'}),0.06217737294915159,0.3972912660874935,0.061259491094861826,0.9852376867861495,2.479887606110061,1.0,0.03655696387389912,40.827526498152494,0.6363206658343008,0.1538374781480855,0.9755067209362963,0.5697152916716168,fpgrowth,Portfolio-wide,356255,21824,"{previous_refusals_repeated, repayment_some_late} -> {previous_deep}","{previous_refusals_repeated, repayment_some_late} -> {previous_deep}"
"frozenset({'previous_refusals_repeated', 'burden_under_20pct'})",frozenset({'repayment_some_late'}),0.07456176053669422,0.44470674095802165,0.045388836647906695,0.6087414825132703,1.3688604791595296,1.0,0.012230719119540975,1.4192489983577474,0.2911759494859132,0.09578135551053774,0.2954020040478254,0.3554030648842538,fpgrowth,Portfolio-wide,356255,16170,"{burden_under_20pct, previous_refusals_repeated} -> {repayment_some_late}","{burden_under_20pct, previous_refusals_repeated} -> {repayment_some_late}"
"frozenset({'external_score_weak', 'previous_refusals_repeated'})",frozenset({'previous_deep'}),0.04629268361145809,0.3972912660874935,0.04507445509536708,0.9736842105263157,2.450806986307839,1.0,0.026682776212783137,22.902931888675177,0.6207052435835441,0.11310760648301413,0.9563374678464432,0.5435693214681078,fpgrowth,Portfolio-wide,356255,16058,"{external_score_weak, previous_refusals_repeated} -> {previous_deep}","{external_score_weak, previous_refusals_repeated} -> {previous_deep}"
"frozenset({'previous_deep', 'previous_refusals_repeated'})",frozenset({'external_score_weak'}),0.10083507599893335,0.33316585030385537,0.04507445509536708,0.44701166383653923,1.3417091320399546,1.0,0.011479651259728572,1.2058738061683665,0.28324278284470794,0.11589454159659922,0.1707258297802532,0.29115150306712545,fpgrowth,Portfolio-wide,356255,16058,"{previous_deep, previous_refusals_repeated} -> {external_score_weak}","{previous_deep, previous_refusals_repeated} -> {external_score_weak}"
"frozenset({'previous_refusals_repeated', 'burden_under_20pct'})",frozenset({'external_score_weak'}),0.07456176053669422,0.33316585030385537,0.03364724705618167,0.45126679968377065,1.3544809567733438,1.0,0.008805814706821492,1.2152247199765842,0.2827955459385099,0.08994657382117238,0.17710693046198994,0.2761296422171086,fpgrowth,Portfolio-wide,356255,11987,"{burden_under_20pct, previous_refusals_repeated} -> {external_score_weak}","{burden_under_20pct, previous_refusals_repeated} -> {external_score_weak}"
"frozenset({'credit_medium', 'previous_refusals_repeated'})",frozenset({'previous_deep'}),0.0403110131787624,0.3972912660874935,0.0391489242256249,0.971171923960727,2.444483447936786,1.0,0.023133710762564753,20.907005139414323,0.6157365837928258,0.09825221379208318,0.9521691417143826,0.5348557642228867,fpgrowth,Portfolio-wide,356255,13947,"{credit_medium, previous_refusals_repeated} -> {previous_deep}","{credit_medium, previous_refusals_repeated} -> {previous_deep}"
"frozenset({'previous_deep', 'previous_refusals_repeated'})",frozenset({'credit_file_deep'}),0.10083507599893335,0.2207828662053866,0.036353173990540485,0.36052111460624114,1.6329216157147852,1.0,0.014090516897457994,1.218518940331878,0.4310674526772945,0.12743660641364993,0.17933159108085892,0.26258844491357125,fpgrowth,Portfolio-wide,356255,12951,"{previous_deep, previous_refusals_repeated} -> {credit_file_deep}","{previous_deep, previous_refusals_repeated} -> {credit_file_deep}"
"frozenset({'previous_refusals_repeated', 'credit_file_deep'})",frozenset({'previous_deep'}),0.03698474407376739,0.3972912660874935,0.036353173990540485,0.9829234972677595,2.474062686923742,1.0,0.021659458191551517,35.29462345791629,0.618688560985821,0.0913573454099124,0.9716670727145634,0.5372130362830457,fpgrowth,Portfolio-wide,356255,12951,"{credit_file_deep, previous_refusals_repeated} -> {previous_deep}","{credit_file_deep, previous_refusals_repeated} -> {previous_deep}"
"frozenset({'bureau_debt_low', 'previous_refusals_repeated'})",frozenset({'previous_deep'}),0.048799315097331965,0.3972912660874935,0.04767371686011424,0.9769341386252517,2.45898720162176,1.0,0.02828617518089269,26.129903588700607,0.6237679545597369,0.11965787879214868,0.9617296712708717,0.5484655149487493,fpgrowth,Portfolio-wide,356255,16984,"{bureau_debt_low, previous_refusals_repeated} -> {previous_deep}","{bureau_debt_low, previous_refusals_repeated} -> {previous_deep}"
"frozenset({'previous_deep', 'previous_refusals_repeated'})",frozenset({'card_utilisation_moderate'}),0.10083507599893335,0.25667850275785603,0.03699035803006274,0.366840185953289,1.429181571544995,1.0,0.0111081616971819,1.173987168407542,0.3339752634980106,0.1154061722772971,0.14820193362381223,0.25547590916815177,fpgrowth,Portfolio-wide,356255,13178,"{previous_deep, previous_refusals_repeated} -> {card_utilisation_moderate}","{previous_deep, previous_refusals_repeated} -> {card_utilisation_moderate}"
"frozenset({'previous_refusals_repeated', 'card_utilisation_moderate'})",frozenset({'previous_deep'}),0.037153162762627895,0.3972912660874935,0.03699035803006274,0.995618011483832,2.506015350623318,1.0,0.022229730956943583,137.54228969079284,0.6241492650881403,0.09306825805995976,0.9927295088496193,0.5443622038455921,fpgrowth,Portfolio-wide,356255,13178,"{card_utilisation_moderate, previous_refusals_repeated} -> {previous_deep}","{card_utilisation_moderate, previous_refusals_repeated} -> {previous_deep}"
"frozenset({'previous_refusals_repeated', 'leverage_3_to_6x'})",frozenset({'previous_deep'}),0.03473074062118427,0.3972912660874935,0.033745491291350294,0.9716317788733531,2.445640923451298,1.0,0.019947271377803655,21.245912150140708,0.6123775562030945,0.08472880018042399,0.9529321220509058,0.5282853497191469,fpgrowth,Portfolio-wide,356255,12022,"{leverage_3_to_6x, previous_refusals_repeated} -> {previous_deep}","{leverage_3_to_6x, previous_refusals_repeated} -> {previous_deep}"
frozenset({'burden_over_35pct'}),frozenset({'income_q1'}),0.053891173457214635,0.320088139113837,0.039519445341118016,0.7333194437210271,2.290992242796686,1.0,0.02226951991453718,2.5495366830377812,0.5956058022083103,0.11815900564820021,0.6077718721785573,0.4283918520333582,fpgrowth,Portfolio-wide,356255,14079,{burden_over_35pct} -> {income_q1},{burden_over_35pct} -> {income_q1}
frozenset({'burden_over_35pct'}),frozenset({'leverage_over_6x'}),0.053891173457214635,0.16586995270241822,0.04034188993838683,0.7485806552424606,4.513057627655229,1.0,0.031402963545960824,3.317684437138239,0.8227602485015947,0.22484707207559568,0.6985849561802876,0.4958973133384171,fpgrowth,Portfolio-wide,356255,14372,{burden_over_35pct} -> {leverage_over_6x},{burden_over_35pct} -> {leverage_over_6x}
frozenset({'burden_over_35pct'}),frozenset({'credit_large'}),0.053891173457214635,0.3220389889264712,0.032510420906373245,0.6032605864888797,1.8732532619726294,1.0,0.015155361894150763,1.708832014126386,0.4927227612372119,0.09466672115738282,0.4148049710367613,0.3521062014795699,fpgrowth,Portfolio-wide,356255,11582,{burden_over_35pct} -> {credit_large},{burden_over_35pct} -> {credit_large}
"frozenset({'card_history_not_observed', 'burden_over_35pct'})",frozenset({'income_q1'}),0.04138889278746965,0.320088139113837,0.030346240754515728,0.7331976941336047,2.2906118801010877,1.0,0.01709814708219246,2.5483732559142034,0.587762254788927,0.0916442733984928,0.6075928054576684,0.41400179182840646,fpgrowth,Portfolio-wide,356255,10811,"{burden_over_35pct, card_history_not_observed} -> {income_q1}","{burden_over_35pct, card_history_not_observed} -> {income_q1}"
"frozenset({'leverage_over_6x', 'burden_over_35pct'})",frozenset({'income_q1'}),0.04034188993838683,0.320088139113837,0.031783413566125386,0.7878513776788199,2.4613576118752287,1.0,0.01887045308741192,3.204884639113129,0.6186788235551548,0.09670999812097504,0.6879762885079307,0.4435735977780505,fpgrowth,Portfolio-wide,356255,11323,"{burden_over_35pct, leverage_over_6x} -> {income_q1}","{burden_over_35pct, leverage_over_6x} -> {income_q1}"
"frozenset({'leverage_over_6x', 'income_q1'})",frozenset({'burden_over_35pct'}),0.08330549746670222,0.053891173457214635,0.031783413566125386,0.38152840487903494,7.079608410864139,1.0,0.02729398255220778,1.5297530784057087,0.936788916381336,0.30151248868296315,0.3462997302530755,0.4856493527077606,fpgrowth,Portfolio-wide,356255,11323,"{income_q1, leverage_over_6x} -> {burden_over_35pct}","{income_q1, leverage_over_6x} -> {burden_over_35pct}"
"frozenset({'burden_over_35pct', 'income_q1'})",frozenset({'leverage_over_6x'}),0.039519445341118016,0.16586995270241822,0.031783413566125386,0.804247460757156,4.848662748460716,1.0,0.025228325036568338,4.261145477468307,0.8264171133609625,0.1830778683223386,0.765321319047259,0.49793196161123215,fpgrowth,Portfolio-wide,356255,11323,"{burden_over_35pct, income_q1} -> {leverage_over_6x}","{burden_over_35pct, income_q1} -> {leverage_over_6x}"
"frozenset({'card_history_not_observed', 'burden_over_35pct'})",frozenset({'leverage_over_6x'}),0.04138889278746965,0.16586995270241822,0.030817813083325145,0.7445913869108172,4.489007049074547,1.0,0.023952639394262096,3.2658649886890174,0.8107913425613413,0.17466352731553658,0.6938024065711854,0.46519320919357954,fpgrowth,Portfolio-wide,356255,10979,"{burden_over_35pct, card_history_not_observed} -> {leverage_over_6x}","{burden_over_35pct, card_history_not_observed} -> {leverage_over_6x}"
frozenset({'bureau_debt_high'}),frozenset({'credit_file_thin'}),0.05811286859131801,0.23164306465874163,0.0349188081570785,0.6008790996473942,2.593987005536358,1.0,0.021457365180474863,1.9251232763366906,0.6524062563052988,0.13702402326324253,0.48055274574265394,0.3758115628138575,fpgrowth,Portfolio-wide,356255,12440,{bureau_debt_high} -> {credit_file_thin},{bureau_debt_high} -> {credit_file_thin}
