antecedents,consequents,support,confidence,lift,algorithm,context,context_n,support_count,rule_str,normalized_rule
"frozenset({'cluster_3_high_exposure', 'bureau_debt_low'})",frozenset({'burden_20_to_35pct'}),0.08557072883187604,0.46714579055441474,1.612923150715374,eclat,Portfolio-wide,356255,30485,"{bureau_debt_low, cluster_3_high_exposure} -> {burden_20_to_35pct}","{bureau_debt_low, cluster_3_high_exposure} -> {burden_20_to_35pct}"
"frozenset({'bureau_debt_low', 'burden_20_to_35pct'})",frozenset({'cluster_3_high_exposure'}),0.08557072883187604,0.5596350485561654,1.6623125826340222,eclat,Portfolio-wide,356255,30485,"{burden_20_to_35pct, bureau_debt_low} -> {cluster_3_high_exposure}","{burden_20_to_35pct, bureau_debt_low} -> {cluster_3_high_exposure}"
"frozenset({'credit_file_deep', 'burden_20_to_35pct'})",frozenset({'bureau_debt_low'}),0.0338465425046666,0.6387667531917148,1.2659385602852395,eclat,Portfolio-wide,356255,12058,"{burden_20_to_35pct, credit_file_deep} -> {bureau_debt_low}","{burden_20_to_35pct, credit_file_deep} -> {bureau_debt_low}"
"frozenset({'credit_file_thin', 'burden_20_to_35pct'})",frozenset({'bureau_debt_low'}),0.049197905994301835,0.6703511053315995,1.3285339428340666,eclat,Portfolio-wide,356255,17527,"{burden_20_to_35pct, credit_file_thin} -> {bureau_debt_low}","{burden_20_to_35pct, credit_file_thin} -> {bureau_debt_low}"
"frozenset({'credit_large', 'bureau_debt_low'})",frozenset({'burden_20_to_35pct'}),0.075263505073613,0.44316078275816473,1.5301096583819693,eclat,Portfolio-wide,356255,26813,"{bureau_debt_low, credit_large} -> {burden_20_to_35pct}","{bureau_debt_low, credit_large} -> {burden_20_to_35pct}"
"frozenset({'bureau_debt_low', 'burden_20_to_35pct'})",frozenset({'credit_large'}),0.075263505073613,0.49222550621408767,1.5284655682684245,eclat,Portfolio-wide,356255,26813,"{burden_20_to_35pct, bureau_debt_low} -> {credit_large}","{burden_20_to_35pct, bureau_debt_low} -> {credit_large}"
"frozenset({'external_score_strong', 'burden_20_to_35pct'})",frozenset({'bureau_debt_low'}),0.06269385692832381,0.6195046182009819,1.2277639381460221,eclat,Portfolio-wide,356255,22335,"{burden_20_to_35pct, external_score_strong} -> {bureau_debt_low}","{burden_20_to_35pct, external_score_strong} -> {bureau_debt_low}"
"frozenset({'bureau_debt_low', 'burden_20_to_35pct'})",frozenset({'external_score_strong'}),0.06269385692832381,0.41001964275879793,1.2306772809543656,eclat,Portfolio-wide,356255,22335,"{burden_20_to_35pct, bureau_debt_low} -> {external_score_strong}","{burden_20_to_35pct, bureau_debt_low} -> {external_score_strong}"
"frozenset({'income_q1', 'bureau_debt_low'})",frozenset({'burden_20_to_35pct'}),0.06596117949221765,0.4039988997008562,1.3948946803474334,eclat,Portfolio-wide,356255,23499,"{bureau_debt_low, income_q1} -> {burden_20_to_35pct}","{bureau_debt_low, income_q1} -> {burden_20_to_35pct}"
"frozenset({'bureau_debt_low', 'burden_20_to_35pct'})",frozenset({'income_q1'}),0.06596117949221765,0.43138802709599244,1.347716376777624,eclat,Portfolio-wide,356255,23499,"{burden_20_to_35pct, bureau_debt_low} -> {income_q1}","{burden_20_to_35pct, bureau_debt_low} -> {income_q1}"
"frozenset({'income_q2', 'bureau_debt_low'})",frozenset({'burden_20_to_35pct'}),0.032476737168601146,0.35483178458613185,1.2251344474053596,eclat,Portfolio-wide,356255,11570,"{bureau_debt_low, income_q2} -> {burden_20_to_35pct}","{bureau_debt_low, income_q2} -> {burden_20_to_35pct}"
"frozenset({'bureau_debt_low', 'leverage_3_to_6x'})",frozenset({'burden_20_to_35pct'}),0.07134496357945853,0.38879371003762964,1.342395432971727,eclat,Portfolio-wide,356255,25417,"{bureau_debt_low, leverage_3_to_6x} -> {burden_20_to_35pct}","{bureau_debt_low, leverage_3_to_6x} -> {burden_20_to_35pct}"
"frozenset({'bureau_debt_low', 'burden_20_to_35pct'})",frozenset({'leverage_3_to_6x'}),0.07134496357945853,0.4665981311842564,1.2973177443967725,eclat,Portfolio-wide,356255,25417,"{burden_20_to_35pct, bureau_debt_low} -> {leverage_3_to_6x}","{burden_20_to_35pct, bureau_debt_low} -> {leverage_3_to_6x}"
"frozenset({'bureau_debt_low', 'leverage_over_6x'})",frozenset({'burden_20_to_35pct'}),0.05837672453719948,0.6588000506842372,2.2746514576958248,eclat,Portfolio-wide,356255,20797,"{bureau_debt_low, leverage_over_6x} -> {burden_20_to_35pct}","{bureau_debt_low, leverage_over_6x} -> {burden_20_to_35pct}"
"frozenset({'bureau_debt_low', 'burden_20_to_35pct'})",frozenset({'leverage_over_6x'}),0.05837672453719948,0.3817854717015769,2.3017156843742854,eclat,Portfolio-wide,356255,20797,"{burden_20_to_35pct, bureau_debt_low} -> {leverage_over_6x}","{burden_20_to_35pct, bureau_debt_low} -> {leverage_over_6x}"
"frozenset({'cluster_3_high_exposure', 'bureau_debt_moderate'})",frozenset({'burden_20_to_35pct'}),0.038896296192334145,0.42798900454026007,1.4777257713386218,eclat,Portfolio-wide,356255,13857,"{bureau_debt_moderate, cluster_3_high_exposure} -> {burden_20_to_35pct}","{bureau_debt_moderate, cluster_3_high_exposure} -> {burden_20_to_35pct}"
"frozenset({'bureau_debt_moderate', 'burden_20_to_35pct'})",frozenset({'cluster_3_high_exposure'}),0.038896296192334145,0.5252444848760519,1.560160533942969,eclat,Portfolio-wide,356255,13857,"{burden_20_to_35pct, bureau_debt_moderate} -> {cluster_3_high_exposure}","{burden_20_to_35pct, bureau_debt_moderate} -> {cluster_3_high_exposure}"
"frozenset({'credit_file_established', 'burden_20_to_35pct'})",frozenset({'bureau_debt_moderate'}),0.041012757715681185,0.3551876701672501,1.2011256246896855,eclat,Portfolio-wide,356255,14611,"{burden_20_to_35pct, credit_file_established} -> {bureau_debt_moderate}","{burden_20_to_35pct, credit_file_established} -> {bureau_debt_moderate}"
"frozenset({'bureau_debt_moderate', 'burden_20_to_35pct'})",frozenset({'credit_file_established'}),0.041012757715681185,0.5538245773633538,1.364170963608203,eclat,Portfolio-wide,356255,14611,"{burden_20_to_35pct, bureau_debt_moderate} -> {credit_file_established}","{burden_20_to_35pct, bureau_debt_moderate} -> {credit_file_established}"
"frozenset({'credit_large', 'bureau_debt_moderate'})",frozenset({'burden_20_to_35pct'}),0.03783525845251295,0.3936393902225337,1.3591262050545037,eclat,Portfolio-wide,356255,13479,"{bureau_debt_moderate, credit_large} -> {burden_20_to_35pct}","{bureau_debt_moderate, credit_large} -> {burden_20_to_35pct}"
"frozenset({'bureau_debt_moderate', 'burden_20_to_35pct'})",frozenset({'credit_large'}),0.03783525845251295,0.5109165340004549,1.5865052107622557,eclat,Portfolio-wide,356255,13479,"{burden_20_to_35pct, bureau_debt_moderate} -> {credit_large}","{burden_20_to_35pct, bureau_debt_moderate} -> {credit_large}"
"frozenset({'income_q1', 'bureau_debt_moderate'})",frozenset({'burden_20_to_35pct'}),0.03139605058174622,0.3823670176398195,1.3202058699690242,eclat,Portfolio-wide,356255,11185,"{bureau_debt_moderate, income_q1} -> {burden_20_to_35pct}","{bureau_debt_moderate, income_q1} -> {burden_20_to_35pct}"
"frozenset({'bureau_debt_moderate', 'burden_20_to_35pct'})",frozenset({'income_q1'}),0.03139605058174622,0.42396330831627627,1.3245205195357046,eclat,Portfolio-wide,356255,11185,"{burden_20_to_35pct, bureau_debt_moderate} -> {income_q1}","{burden_20_to_35pct, bureau_debt_moderate} -> {income_q1}"
"frozenset({'bureau_debt_moderate', 'burden_20_to_35pct'})",frozenset({'leverage_3_to_6x'}),0.034916001178930824,0.47149571677659013,1.3109348685749393,eclat,Portfolio-wide,356255,12439,"{burden_20_to_35pct, bureau_debt_moderate} -> {leverage_3_to_6x}","{burden_20_to_35pct, bureau_debt_moderate} -> {leverage_3_to_6x}"
"frozenset({'leverage_over_6x', 'bureau_debt_moderate'})",frozenset({'burden_20_to_35pct'}),0.03056237807188671,0.6797352977899863,2.3469349833222353,eclat,Portfolio-wide,356255,10888,"{bureau_debt_moderate, leverage_over_6x} -> {burden_20_to_35pct}","{bureau_debt_moderate, leverage_over_6x} -> {burden_20_to_35pct}"
"frozenset({'bureau_debt_moderate', 'burden_20_to_35pct'})",frozenset({'leverage_over_6x'}),0.03056237807188671,0.4127056326283072,2.4881277525214505,eclat,Portfolio-wide,356255,10888,"{burden_20_to_35pct, bureau_debt_moderate} -> {leverage_over_6x}","{burden_20_to_35pct, bureau_debt_moderate} -> {leverage_over_6x}"
"frozenset({'credit_file_none', 'burden_20_to_35pct'})",frozenset({'bureau_debt_not_observed'}),0.0477803820297259,1.0,7.062386012211561,eclat,Portfolio-wide,356255,17022,"{burden_20_to_35pct, credit_file_none} -> {bureau_debt_not_observed}","{burden_20_to_35pct, credit_file_none} -> {bureau_debt_not_observed}"
"frozenset({'bureau_debt_not_observed', 'burden_20_to_35pct'})",frozenset({'credit_file_none'}),0.0477803820297259,1.0,7.062386012211561,eclat,Portfolio-wide,356255,17022,"{burden_20_to_35pct, bureau_debt_not_observed} -> {credit_file_none}","{burden_20_to_35pct, bureau_debt_not_observed} -> {credit_file_none}"
"frozenset({'cluster_2_thin_file', 'burden_20_to_35pct'})",frozenset({'card_history_not_observed'}),0.049487024743512374,0.8911241407197736,1.25631657974619,eclat,Portfolio-wide,356255,17630,"{burden_20_to_35pct, cluster_2_thin_file} -> {card_history_not_observed}","{burden_20_to_35pct, cluster_2_thin_file} -> {card_history_not_observed}"
"frozenset({'cluster_3_high_exposure', 'card_history_not_observed'})",frozenset({'burden_20_to_35pct'}),0.13409496007073585,0.4630146545708304,1.5986594989787963,eclat,Portfolio-wide,356255,47772,"{card_history_not_observed, cluster_3_high_exposure} -> {burden_20_to_35pct}","{card_history_not_observed, cluster_3_high_exposure} -> {burden_20_to_35pct}"
"frozenset({'cluster_3_high_exposure', 'burden_20_to_35pct'})",frozenset({'card_history_not_observed'}),0.13409496007073585,0.8626530391130052,1.216177708675622,eclat,Portfolio-wide,356255,47772,"{burden_20_to_35pct, cluster_3_high_exposure} -> {card_history_not_observed}","{burden_20_to_35pct, cluster_3_high_exposure} -> {card_history_not_observed}"
"frozenset({'card_history_not_observed', 'burden_20_to_35pct'})",frozenset({'cluster_3_high_exposure'}),0.13409496007073585,0.6375295263768967,1.8936865305902377,eclat,Portfolio-wide,356255,47772,"{burden_20_to_35pct, card_history_not_observed} -> {cluster_3_high_exposure}","{burden_20_to_35pct, card_history_not_observed} -> {cluster_3_high_exposure}"
"frozenset({'credit_large', 'card_history_not_observed'})",frozenset({'burden_20_to_35pct'}),0.09835370731638854,0.44320625363657057,1.5302666565481673,eclat,Portfolio-wide,356255,35039,"{card_history_not_observed, credit_large} -> {burden_20_to_35pct}","{card_history_not_observed, credit_large} -> {burden_20_to_35pct}"
"frozenset({'card_history_not_observed', 'burden_20_to_35pct'})",frozenset({'credit_large'}),0.09835370731638854,0.46760439325797715,1.4520117418600573,eclat,Portfolio-wide,356255,35039,"{burden_20_to_35pct, card_history_not_observed} -> {credit_large}","{burden_20_to_35pct, card_history_not_observed} -> {credit_large}"
"frozenset({'income_q1', 'card_history_not_observed'})",frozenset({'burden_20_to_35pct'}),0.09537550350170523,0.3947258364312267,1.3628773985308018,eclat,Portfolio-wide,356255,33978,"{card_history_not_observed, income_q1} -> {burden_20_to_35pct}","{card_history_not_observed, income_q1} -> {burden_20_to_35pct}"
"frozenset({'card_history_not_observed', 'burden_20_to_35pct'})",frozenset({'income_q1'}),0.09537550350170523,0.45344507760265834,1.4166256795956877,eclat,Portfolio-wide,356255,33978,"{burden_20_to_35pct, card_history_not_observed} -> {income_q1}","{burden_20_to_35pct, card_history_not_observed} -> {income_q1}"
"frozenset({'card_history_not_observed', 'leverage_3_to_6x'})",frozenset({'burden_20_to_35pct'}),0.10000982442351686,0.4006364484825314,1.383285081111292,eclat,Portfolio-wide,356255,35629,"{card_history_not_observed, leverage_3_to_6x} -> {burden_20_to_35pct}","{card_history_not_observed, leverage_3_to_6x} -> {burden_20_to_35pct}"
"frozenset({'card_history_not_observed', 'burden_20_to_35pct'})",frozenset({'leverage_3_to_6x'}),0.10000982442351686,0.47547809376376227,1.3220073696953853,eclat,Portfolio-wide,356255,35629,"{burden_20_to_35pct, card_history_not_observed} -> {leverage_3_to_6x}","{burden_20_to_35pct, card_history_not_observed} -> {leverage_3_to_6x}"
"frozenset({'card_history_not_observed', 'leverage_over_6x'})",frozenset({'burden_20_to_35pct'}),0.07852240670306382,0.652317880794702,2.252270346502908,eclat,Portfolio-wide,356255,27974,"{card_history_not_observed, leverage_over_6x} -> {burden_20_to_35pct}","{card_history_not_observed, leverage_over_6x} -> {burden_20_to_35pct}"
"frozenset({'card_history_not_observed', 'burden_20_to_35pct'})",frozenset({'leverage_over_6x'}),0.07852240670306382,0.3733201660149734,2.250679884648757,eclat,Portfolio-wide,356255,27974,"{burden_20_to_35pct, card_history_not_observed} -> {leverage_over_6x}","{burden_20_to_35pct, card_history_not_observed} -> {leverage_over_6x}"
"frozenset({'burden_20_to_35pct', 'previous_one'})",frozenset({'card_history_not_observed'}),0.0519431306227281,0.9578157349896481,1.3503391202457373,eclat,Portfolio-wide,356255,18505,"{burden_20_to_35pct, previous_one} -> {card_history_not_observed}","{burden_20_to_35pct, previous_one} -> {card_history_not_observed}"
"frozenset({'cluster_0_card_intensive', 'burden_20_to_35pct'})",frozenset({'card_utilisation_moderate'}),0.032560946513031395,0.7993935635035491,3.114376758920386,eclat,Portfolio-wide,356255,11600,"{burden_20_to_35pct, cluster_0_card_intensive} -> {card_utilisation_moderate}","{burden_20_to_35pct, cluster_0_card_intensive} -> {card_utilisation_moderate}"
"frozenset({'card_utilisation_moderate', 'burden_20_to_35pct'})",frozenset({'cluster_0_card_intensive'}),0.032560946513031395,0.458389314787007,2.9944711715310386,eclat,Portfolio-wide,356255,11600,"{burden_20_to_35pct, card_utilisation_moderate} -> {cluster_0_card_intensive}","{burden_20_to_35pct, card_utilisation_moderate} -> {cluster_0_card_intensive}"
"frozenset({'credit_large', 'card_utilisation_moderate'})",frozenset({'burden_20_to_35pct'}),0.03696228824858599,0.4042860213072979,1.395886030575701,eclat,Portfolio-wide,356255,13168,"{card_utilisation_moderate, credit_large} -> {burden_20_to_35pct}","{card_utilisation_moderate, credit_large} -> {burden_20_to_35pct}"
"frozenset({'card_utilisation_moderate', 'burden_20_to_35pct'})",frozenset({'credit_large'}),0.03696228824858599,0.5203509049237335,1.6158009521093777,eclat,Portfolio-wide,356255,13168,"{burden_20_to_35pct, card_utilisation_moderate} -> {credit_large}","{burden_20_to_35pct, card_utilisation_moderate} -> {credit_large}"
"frozenset({'card_utilisation_moderate', 'burden_20_to_35pct'})",frozenset({'leverage_3_to_6x'}),0.03319532357440597,0.46732000316130556,1.2993248191414395,eclat,Portfolio-wide,356255,11826,"{burden_20_to_35pct, card_utilisation_moderate} -> {leverage_3_to_6x}","{burden_20_to_35pct, card_utilisation_moderate} -> {leverage_3_to_6x}"
"frozenset({'previous_deep', 'burden_20_to_35pct'})",frozenset({'card_utilisation_moderate'}),0.04371307069374465,0.4201877934272301,1.637019808486356,eclat,Portfolio-wide,356255,15573,"{burden_20_to_35pct, previous_deep} -> {card_utilisation_moderate}","{burden_20_to_35pct, previous_deep} -> {card_utilisation_moderate}"
"frozenset({'card_utilisation_moderate', 'burden_20_to_35pct'})",frozenset({'previous_deep'}),0.04371307069374465,0.6153876551015569,1.548958428313481,eclat,Portfolio-wide,356255,15573,"{burden_20_to_35pct, card_utilisation_moderate} -> {previous_deep}","{burden_20_to_35pct, card_utilisation_moderate} -> {previous_deep}"
"frozenset({'card_utilisation_moderate', 'burden_20_to_35pct'})",frozenset({'repayment_some_late'}),0.04016224333693562,0.5653995099976289,1.2713985598230455,eclat,Portfolio-wide,356255,14308,"{burden_20_to_35pct, card_utilisation_moderate} -> {repayment_some_late}","{burden_20_to_35pct, card_utilisation_moderate} -> {repayment_some_late}"
"frozenset({'credit_small', 'burden_20_to_35pct'})",frozenset({'cluster_2_thin_file'}),0.03376233316023635,0.75175,2.198446037186012,eclat,Portfolio-wide,356255,12028,"{burden_20_to_35pct, credit_small} -> {cluster_2_thin_file}","{burden_20_to_35pct, credit_small} -> {cluster_2_thin_file}"
"frozenset({'cluster_2_thin_file', 'burden_20_to_35pct'})",frozenset({'credit_small'}),0.03376233316023635,0.6079660331581076,1.820076630807654,eclat,Portfolio-wide,356255,12028,"{burden_20_to_35pct, cluster_2_thin_file} -> {credit_small}","{burden_20_to_35pct, cluster_2_thin_file} -> {credit_small}"
"frozenset({'cluster_2_thin_file', 'burden_20_to_35pct'})",frozenset({'income_q1'}),0.04247519333061992,0.7648604933279418,2.3895308818547782,eclat,Portfolio-wide,356255,15132,"{burden_20_to_35pct, cluster_2_thin_file} -> {income_q1}","{burden_20_to_35pct, cluster_2_thin_file} -> {income_q1}"
"frozenset({'cluster_2_thin_file', 'leverage_3_to_6x'})",frozenset({'burden_20_to_35pct'}),0.0313651738221218,0.43542981840854184,1.503416810819192,eclat,Portfolio-wide,356255,11174,"{cluster_2_thin_file, leverage_3_to_6x} -> {burden_20_to_35pct}","{cluster_2_thin_file, leverage_3_to_6x} -> {burden_20_to_35pct}"
"frozenset({'cluster_2_thin_file', 'burden_20_to_35pct'})",frozenset({'leverage_3_to_6x'}),0.0313651738221218,0.564799838253134,1.5703553084075035,eclat,Portfolio-wide,356255,11174,"{burden_20_to_35pct, cluster_2_thin_file} -> {leverage_3_to_6x}","{burden_20_to_35pct, cluster_2_thin_file} -> {leverage_3_to_6x}"
"frozenset({'cluster_2_thin_file', 'burden_20_to_35pct'})",frozenset({'previous_approval_high'}),0.03535108279182046,0.636575010109179,1.2144059794501862,eclat,Portfolio-wide,356255,12594,"{burden_20_to_35pct, cluster_2_thin_file} -> {previous_approval_high}","{burden_20_to_35pct, cluster_2_thin_file} -> {previous_approval_high}"
"frozenset({'cluster_2_thin_file', 'burden_20_to_35pct'})",frozenset({'repayment_clean_observed'}),0.031163071395489187,0.5611605337646584,1.2514945722247648,eclat,Portfolio-wide,356255,11102,"{burden_20_to_35pct, cluster_2_thin_file} -> {repayment_clean_observed}","{burden_20_to_35pct, cluster_2_thin_file} -> {repayment_clean_observed}"
frozenset({'cluster_3_high_exposure'}),frozenset({'burden_20_to_35pct'}),0.15544483586195282,0.46172573934649025,1.5942092368835723,eclat,Portfolio-wide,356255,55378,{cluster_3_high_exposure} -> {burden_20_to_35pct},{cluster_3_high_exposure} -> {burden_20_to_35pct}
frozenset({'burden_20_to_35pct'}),frozenset({'cluster_3_high_exposure'}),0.15544483586195282,0.5367073395295645,1.5942092368835723,eclat,Portfolio-wide,356255,55378,{burden_20_to_35pct} -> {cluster_3_high_exposure},{burden_20_to_35pct} -> {cluster_3_high_exposure}
"frozenset({'credit_file_established', 'cluster_3_high_exposure'})",frozenset({'burden_20_to_35pct'}),0.06492259757757786,0.45658053181199043,1.5764442810273271,eclat,Portfolio-wide,356255,23129,"{cluster_3_high_exposure, credit_file_established} -> {burden_20_to_35pct}","{cluster_3_high_exposure, credit_file_established} -> {burden_20_to_35pct}"
"frozenset({'credit_file_established', 'burden_20_to_35pct'})",frozenset({'cluster_3_high_exposure'}),0.06492259757757786,0.5622569039284325,1.6701004136256845,eclat,Portfolio-wide,356255,23129,"{burden_20_to_35pct, credit_file_established} -> {cluster_3_high_exposure}","{burden_20_to_35pct, credit_file_established} -> {cluster_3_high_exposure}"
"frozenset({'cluster_3_high_exposure', 'credit_file_thin'})",frozenset({'burden_20_to_35pct'}),0.03912085444414815,0.49402715252915536,1.7057369401757516,eclat,Portfolio-wide,356255,13937,"{cluster_3_high_exposure, credit_file_thin} -> {burden_20_to_35pct}","{cluster_3_high_exposure, credit_file_thin} -> {burden_20_to_35pct}"
"frozenset({'credit_file_thin', 'burden_20_to_35pct'})",frozenset({'cluster_3_high_exposure'}),0.03912085444414815,0.533045207679951,1.5833314195120851,eclat,Portfolio-wide,356255,13937,"{burden_20_to_35pct, credit_file_thin} -> {cluster_3_high_exposure}","{burden_20_to_35pct, credit_file_thin} -> {cluster_3_high_exposure}"
"frozenset({'cluster_3_high_exposure', 'credit_large'})",frozenset({'burden_20_to_35pct'}),0.10382170074805967,0.4579582740048288,1.5812012376851385,eclat,Portfolio-wide,356255,36987,"{cluster_3_high_exposure, credit_large} -> {burden_20_to_35pct}","{cluster_3_high_exposure, credit_large} -> {burden_20_to_35pct}"
"frozenset({'credit_large', 'burden_20_to_35pct'})",frozenset({'cluster_3_high_exposure'}),0.10382170074805967,0.7488004858791375,2.224200347656454,eclat,Portfolio-wide,356255,36987,"{burden_20_to_35pct, credit_large} -> {cluster_3_high_exposure}","{burden_20_to_35pct, credit_large} -> {cluster_3_high_exposure}"
"frozenset({'cluster_3_high_exposure', 'burden_20_to_35pct'})",frozenset({'credit_large'}),0.10382170074805967,0.6679006103506807,2.0739743736531775,eclat,Portfolio-wide,356255,36987,"{burden_20_to_35pct, cluster_3_high_exposure} -> {credit_large}","{burden_20_to_35pct, cluster_3_high_exposure} -> {credit_large}"
"frozenset({'cluster_3_high_exposure', 'credit_medium'})",frozenset({'burden_20_to_35pct'}),0.05122735119507095,0.47197868983888075,1.6296097939402647,eclat,Portfolio-wide,356255,18250,"{cluster_3_high_exposure, credit_medium} -> {burden_20_to_35pct}","{cluster_3_high_exposure, credit_medium} -> {burden_20_to_35pct}"
"frozenset({'burden_20_to_35pct', 'credit_medium'})",frozenset({'cluster_3_high_exposure'}),0.05122735119507095,0.48298311543958083,1.4346294287078039,eclat,Portfolio-wide,356255,18250,"{burden_20_to_35pct, credit_medium} -> {cluster_3_high_exposure}","{burden_20_to_35pct, credit_medium} -> {cluster_3_high_exposure}"
"frozenset({'cluster_3_high_exposure', 'external_score_middle'})",frozenset({'burden_20_to_35pct'}),0.05226593310971074,0.462804165734596,1.5979327401728853,eclat,Portfolio-wide,356255,18620,"{cluster_3_high_exposure, external_score_middle} -> {burden_20_to_35pct}","{cluster_3_high_exposure, external_score_middle} -> {burden_20_to_35pct}"
"frozenset({'external_score_middle', 'burden_20_to_35pct'})",frozenset({'cluster_3_high_exposure'}),0.05226593310971074,0.5523255813953488,1.640600898805206,eclat,Portfolio-wide,356255,18620,"{burden_20_to_35pct, external_score_middle} -> {cluster_3_high_exposure}","{burden_20_to_35pct, external_score_middle} -> {cluster_3_high_exposure}"
"frozenset({'external_score_strong', 'cluster_3_high_exposure'})",frozenset({'burden_20_to_35pct'}),0.06392892731330087,0.44317098324609366,1.530144877800536,eclat,Portfolio-wide,356255,22775,"{cluster_3_high_exposure, external_score_strong} -> {burden_20_to_35pct}","{cluster_3_high_exposure, external_score_strong} -> {burden_20_to_35pct}"
"frozenset({'external_score_strong', 'burden_20_to_35pct'})",frozenset({'cluster_3_high_exposure'}),0.06392892731330087,0.6317088730480127,1.8763971465662788,eclat,Portfolio-wide,356255,22775,"{burden_20_to_35pct, external_score_strong} -> {cluster_3_high_exposure}","{burden_20_to_35pct, external_score_strong} -> {cluster_3_high_exposure}"
"frozenset({'cluster_3_high_exposure', 'burden_20_to_35pct'})",frozenset({'external_score_strong'}),0.06392892731330087,0.4112644010256781,1.2344134329811862,eclat,Portfolio-wide,356255,22775,"{burden_20_to_35pct, cluster_3_high_exposure} -> {external_score_strong}","{burden_20_to_35pct, cluster_3_high_exposure} -> {external_score_strong}"
"frozenset({'external_score_weak', 'cluster_3_high_exposure'})",frozenset({'burden_20_to_35pct'}),0.03916576609451095,0.4939639607745955,1.705518756803612,eclat,Portfolio-wide,356255,13953,"{cluster_3_high_exposure, external_score_weak} -> {burden_20_to_35pct}","{cluster_3_high_exposure, external_score_weak} -> {burden_20_to_35pct}"
"frozenset({'external_score_weak', 'burden_20_to_35pct'})",frozenset({'cluster_3_high_exposure'}),0.03916576609451095,0.41818018342024815,1.2421419682364951,eclat,Portfolio-wide,356255,13953,"{burden_20_to_35pct, external_score_weak} -> {cluster_3_high_exposure}","{burden_20_to_35pct, external_score_weak} -> {cluster_3_high_exposure}"
"frozenset({'cluster_3_high_exposure', 'income_q1'})",frozenset({'burden_20_to_35pct'}),0.05256066581521663,0.5856687101213562,2.0221494880286466,eclat,Portfolio-wide,356255,18725,"{cluster_3_high_exposure, income_q1} -> {burden_20_to_35pct}","{cluster_3_high_exposure, income_q1} -> {burden_20_to_35pct}"
"frozenset({'income_q1', 'burden_20_to_35pct'})",frozenset({'cluster_3_high_exposure'}),0.05256066581521663,0.41033001709251876,1.2188242180419326,eclat,Portfolio-wide,356255,18725,"{burden_20_to_35pct, income_q1} -> {cluster_3_high_exposure}","{burden_20_to_35pct, income_q1} -> {cluster_3_high_exposure}"
"frozenset({'income_q2', 'cluster_3_high_exposure'})",frozenset({'burden_20_to_35pct'}),0.03583949698951594,0.61881452042844,2.1365926573228973,eclat,Portfolio-wide,356255,12768,"{cluster_3_high_exposure, income_q2} -> {burden_20_to_35pct}","{cluster_3_high_exposure, income_q2} -> {burden_20_to_35pct}"
"frozenset({'income_q2', 'burden_20_to_35pct'})",frozenset({'cluster_3_high_exposure'}),0.03583949698951594,0.5785228817399185,1.7184160787267873,eclat,Portfolio-wide,356255,12768,"{burden_20_to_35pct, income_q2} -> {cluster_3_high_exposure}","{burden_20_to_35pct, income_q2} -> {cluster_3_high_exposure}"
"frozenset({'cluster_3_high_exposure', 'income_q3'})",frozenset({'burden_20_to_35pct'}),0.04518112026497874,0.49415159794922175,1.7061666152431163,eclat,Portfolio-wide,356255,16096,"{cluster_3_high_exposure, income_q3} -> {burden_20_to_35pct}","{cluster_3_high_exposure, income_q3} -> {burden_20_to_35pct}"
"frozenset({'income_q3', 'burden_20_to_35pct'})",frozenset({'cluster_3_high_exposure'}),0.04518112026497874,0.6560691285562892,1.9487556583357997,eclat,Portfolio-wide,356255,16096,"{burden_20_to_35pct, income_q3} -> {cluster_3_high_exposure}","{burden_20_to_35pct, income_q3} -> {cluster_3_high_exposure}"
"frozenset({'cluster_3_high_exposure', 'leverage_3_to_6x'})",frozenset({'burden_20_to_35pct'}),0.06543908155675009,0.38822647793505416,1.3404369399090212,eclat,Portfolio-wide,356255,23313,"{cluster_3_high_exposure, leverage_3_to_6x} -> {burden_20_to_35pct}","{cluster_3_high_exposure, leverage_3_to_6x} -> {burden_20_to_35pct}"
"frozenset({'burden_20_to_35pct', 'leverage_3_to_6x'})",frozenset({'cluster_3_high_exposure'}),0.06543908155675009,0.4753583589910895,1.4119812249962114,eclat,Portfolio-wide,356255,23313,"{burden_20_to_35pct, leverage_3_to_6x} -> {cluster_3_high_exposure}","{burden_20_to_35pct, leverage_3_to_6x} -> {cluster_3_high_exposure}"
"frozenset({'cluster_3_high_exposure', 'leverage_over_6x'})",frozenset({'burden_20_to_35pct'}),0.08301918569563936,0.6489949969279383,2.2407973622136117,eclat,Portfolio-wide,356255,29576,"{cluster_3_high_exposure, leverage_over_6x} -> {burden_20_to_35pct}","{cluster_3_high_exposure, leverage_over_6x} -> {burden_20_to_35pct}"
"frozenset({'leverage_over_6x', 'burden_20_to_35pct'})",frozenset({'cluster_3_high_exposure'}),0.08301918569563936,0.757368569306804,2.2496505636992374,eclat,Portfolio-wide,356255,29576,"{burden_20_to_35pct, leverage_over_6x} -> {cluster_3_high_exposure}","{burden_20_to_35pct, leverage_over_6x} -> {cluster_3_high_exposure}"
"frozenset({'cluster_3_high_exposure', 'burden_20_to_35pct'})",frozenset({'leverage_over_6x'}),0.08301918569563936,0.5340749033912384,3.219841174907697,eclat,Portfolio-wide,356255,29576,"{burden_20_to_35pct, cluster_3_high_exposure} -> {leverage_over_6x}","{burden_20_to_35pct, cluster_3_high_exposure} -> {leverage_over_6x}"
"frozenset({'cluster_3_high_exposure', 'previous_approval_high'})",frozenset({'burden_20_to_35pct'}),0.09757056041318718,0.4681355384366751,1.6163404720419232,eclat,Portfolio-wide,356255,34760,"{cluster_3_high_exposure, previous_approval_high} -> {burden_20_to_35pct}","{cluster_3_high_exposure, previous_approval_high} -> {burden_20_to_35pct}"
"frozenset({'previous_approval_high', 'burden_20_to_35pct'})",frozenset({'cluster_3_high_exposure'}),0.09757056041318718,0.6053956145392478,1.7982375301840112,eclat,Portfolio-wide,356255,34760,"{burden_20_to_35pct, previous_approval_high} -> {cluster_3_high_exposure}","{burden_20_to_35pct, previous_approval_high} -> {cluster_3_high_exposure}"
"frozenset({'cluster_3_high_exposure', 'previous_deep'})",frozenset({'burden_20_to_35pct'}),0.035847917923958965,0.48525723839197515,1.67545689093276,eclat,Portfolio-wide,356255,12771,"{cluster_3_high_exposure, previous_deep} -> {burden_20_to_35pct}","{cluster_3_high_exposure, previous_deep} -> {burden_20_to_35pct}"
"frozenset({'cluster_3_high_exposure', 'previous_one'})",frozenset({'burden_20_to_35pct'}),0.035971424962456665,0.4688643348456022,1.6188568012562392,eclat,Portfolio-wide,356255,12815,"{cluster_3_high_exposure, previous_one} -> {burden_20_to_35pct}","{cluster_3_high_exposure, previous_one} -> {burden_20_to_35pct}"
"frozenset({'burden_20_to_35pct', 'previous_one'})",frozenset({'cluster_3_high_exposure'}),0.035971424962456665,0.6633022774327122,1.9702406500645413,eclat,Portfolio-wide,356255,12815,"{burden_20_to_35pct, previous_one} -> {cluster_3_high_exposure}","{burden_20_to_35pct, previous_one} -> {cluster_3_high_exposure}"
"frozenset({'cluster_3_high_exposure', 'previous_outcome_mixed'})",frozenset({'burden_20_to_35pct'}),0.04454112924730881,0.47248689852310627,1.631364495724496,eclat,Portfolio-wide,356255,15868,"{cluster_3_high_exposure, previous_outcome_mixed} -> {burden_20_to_35pct}","{cluster_3_high_exposure, previous_outcome_mixed} -> {burden_20_to_35pct}"
"frozenset({'previous_outcome_mixed', 'burden_20_to_35pct'})",frozenset({'cluster_3_high_exposure'}),0.04454112924730881,0.4944688541958805,1.468746105468316,eclat,Portfolio-wide,356255,15868,"{burden_20_to_35pct, previous_outcome_mixed} -> {cluster_3_high_exposure}","{burden_20_to_35pct, previous_outcome_mixed} -> {cluster_3_high_exposure}"
"frozenset({'cluster_3_high_exposure', 'previous_two_to_four'})",frozenset({'burden_20_to_35pct'}),0.07329300641394507,0.46441847642423917,1.6035065013763903,eclat,Portfolio-wide,356255,26111,"{cluster_3_high_exposure, previous_two_to_four} -> {burden_20_to_35pct}","{cluster_3_high_exposure, previous_two_to_four} -> {burden_20_to_35pct}"
"frozenset({'previous_two_to_four', 'burden_20_to_35pct'})",frozenset({'cluster_3_high_exposure'}),0.07329300641394507,0.6193311195445921,1.8396308728195523,eclat,Portfolio-wide,356255,26111,"{burden_20_to_35pct, previous_two_to_four} -> {cluster_3_high_exposure}","{burden_20_to_35pct, previous_two_to_four} -> {cluster_3_high_exposure}"
"frozenset({'cluster_3_high_exposure', 'burden_20_to_35pct'})",frozenset({'previous_two_to_four'}),0.07329300641394507,0.47150492975549857,1.227338404743794,eclat,Portfolio-wide,356255,26111,"{burden_20_to_35pct, cluster_3_high_exposure} -> {previous_two_to_four}","{burden_20_to_35pct, cluster_3_high_exposure} -> {previous_two_to_four}"
"frozenset({'cluster_3_high_exposure', 'repayment_clean_observed'})",frozenset({'burden_20_to_35pct'}),0.08568020097963537,0.46748552700094953,1.6140961652021522,eclat,Portfolio-wide,356255,30524,"{cluster_3_high_exposure, repayment_clean_observed} -> {burden_20_to_35pct}","{cluster_3_high_exposure, repayment_clean_observed} -> {burden_20_to_35pct}"
"frozenset({'repayment_clean_observed', 'burden_20_to_35pct'})",frozenset({'cluster_3_high_exposure'}),0.08568020097963537,0.6389383124358948,1.8978711198116487,eclat,Portfolio-wide,356255,30524,"{burden_20_to_35pct, repayment_clean_observed} -> {cluster_3_high_exposure}","{burden_20_to_35pct, repayment_clean_observed} -> {cluster_3_high_exposure}"
"frozenset({'cluster_3_high_exposure', 'burden_20_to_35pct'})",frozenset({'repayment_clean_observed'}),0.08568020097963537,0.551193614792878,1.2292664498881745,eclat,Portfolio-wide,356255,30524,"{burden_20_to_35pct, cluster_3_high_exposure} -> {repayment_clean_observed}","{burden_20_to_35pct, cluster_3_high_exposure} -> {repayment_clean_observed}"
"frozenset({'cluster_3_high_exposure', 'repayment_some_late'})",frozenset({'burden_20_to_35pct'}),0.055547290564342953,0.4736250059834378,1.6352940609863216,eclat,Portfolio-wide,356255,19789,"{cluster_3_high_exposure, repayment_some_late} -> {burden_20_to_35pct}","{cluster_3_high_exposure, repayment_some_late} -> {burden_20_to_35pct}"
"frozenset({'repayment_some_late', 'burden_20_to_35pct'})",frozenset({'cluster_3_high_exposure'}),0.055547290564342953,0.4436896033721217,1.3179139018762787,eclat,Portfolio-wide,356255,19789,"{burden_20_to_35pct, repayment_some_late} -> {cluster_3_high_exposure}","{burden_20_to_35pct, repayment_some_late} -> {cluster_3_high_exposure}"
"frozenset({'cluster_4_history_rich', 'burden_20_to_35pct'})",frozenset({'previous_deep'}),0.030559571093739035,0.9816952209197475,2.470971060067436,eclat,Portfolio-wide,356255,10887,"{burden_20_to_35pct, cluster_4_history_rich} -> {previous_deep}","{burden_20_to_35pct, cluster_4_history_rich} -> {previous_deep}"
"frozenset({'credit_file_established', 'credit_large'})",frozenset({'burden_20_to_35pct'}),0.05796971270578659,0.4297039179376209,1.4836468854233544,eclat,Portfolio-wide,356255,20652,"{credit_file_established, credit_large} -> {burden_20_to_35pct}","{credit_file_established, credit_large} -> {burden_20_to_35pct}"
"frozenset({'credit_file_established', 'burden_20_to_35pct'})",frozenset({'credit_large'}),0.05796971270578659,0.5020420070011669,1.558947904645777,eclat,Portfolio-wide,356255,20652,"{burden_20_to_35pct, credit_file_established} -> {credit_large}","{burden_20_to_35pct, credit_file_established} -> {credit_large}"
"frozenset({'credit_file_established', 'income_q1'})",frozenset({'burden_20_to_35pct'}),0.0495066735905461,0.3961145423919147,1.3676722099982705,eclat,Portfolio-wide,356255,17637,"{credit_file_established, income_q1} -> {burden_20_to_35pct}","{credit_file_established, income_q1} -> {burden_20_to_35pct}"
"frozenset({'credit_file_established', 'burden_20_to_35pct'})",frozenset({'income_q1'}),0.0495066735905461,0.4287485414235706,1.3394702553195492,eclat,Portfolio-wide,356255,17637,"{burden_20_to_35pct, credit_file_established} -> {income_q1}","{burden_20_to_35pct, credit_file_established} -> {income_q1}"
"frozenset({'credit_file_established', 'leverage_3_to_6x'})",frozenset({'burden_20_to_35pct'}),0.054230817813083323,0.3682876150898797,1.2715936491587123,eclat,Portfolio-wide,356255,19320,"{credit_file_established, leverage_3_to_6x} -> {burden_20_to_35pct}","{credit_file_established, leverage_3_to_6x} -> {burden_20_to_35pct}"
"frozenset({'credit_file_established', 'burden_20_to_35pct'})",frozenset({'leverage_3_to_6x'}),0.054230817813083323,0.46966161026837805,1.305835364828154,eclat,Portfolio-wide,356255,19320,"{burden_20_to_35pct, credit_file_established} -> {leverage_3_to_6x}","{burden_20_to_35pct, credit_file_established} -> {leverage_3_to_6x}"
"frozenset({'credit_file_established', 'leverage_over_6x'})",frozenset({'burden_20_to_35pct'}),0.045661113528231184,0.6677202200147772,2.3054502959010326,eclat,Portfolio-wide,356255,16267,"{credit_file_established, leverage_over_6x} -> {burden_20_to_35pct}","{credit_file_established, leverage_over_6x} -> {burden_20_to_35pct}"
"frozenset({'credit_file_established', 'burden_20_to_35pct'})",frozenset({'leverage_over_6x'}),0.045661113528231184,0.3954443796188254,2.384062774336706,eclat,Portfolio-wide,356255,16267,"{burden_20_to_35pct, credit_file_established} -> {leverage_over_6x}","{burden_20_to_35pct, credit_file_established} -> {leverage_over_6x}"
"frozenset({'credit_file_thin', 'credit_large'})",frozenset({'burden_20_to_35pct'}),0.03183113219463587,0.4682080924855492,1.6165909807856031,eclat,Portfolio-wide,356255,11340,"{credit_file_thin, credit_large} -> {burden_20_to_35pct}","{credit_file_thin, credit_large} -> {burden_20_to_35pct}"
"frozenset({'credit_file_thin', 'burden_20_to_35pct'})",frozenset({'credit_large'}),0.03183113219463587,0.4337183507993575,1.3467883259886437,eclat,Portfolio-wide,356255,11340,"{burden_20_to_35pct, credit_file_thin} -> {credit_large}","{burden_20_to_35pct, credit_file_thin} -> {credit_large}"
"frozenset({'income_q1', 'credit_file_thin'})",frozenset({'burden_20_to_35pct'}),0.03492442211337385,0.40411848772248926,1.3953075841828961,eclat,Portfolio-wide,356255,12442,"{credit_file_thin, income_q1} -> {burden_20_to_35pct}","{credit_file_thin, income_q1} -> {burden_20_to_35pct}"
"frozenset({'credit_file_thin', 'burden_20_to_35pct'})",frozenset({'income_q1'}),0.03492442211337385,0.4758662892985543,1.486672672770658,eclat,Portfolio-wide,356255,12442,"{burden_20_to_35pct, credit_file_thin} -> {income_q1}","{burden_20_to_35pct, credit_file_thin} -> {income_q1}"
"frozenset({'credit_file_thin', 'leverage_3_to_6x'})",frozenset({'burden_20_to_35pct'}),0.035847917923958965,0.4286145791381394,1.4798857046438574,eclat,Portfolio-wide,356255,12771,"{credit_file_thin, leverage_3_to_6x} -> {burden_20_to_35pct}","{credit_file_thin, leverage_3_to_6x} -> {burden_20_to_35pct}"
"frozenset({'credit_file_thin', 'burden_20_to_35pct'})",frozenset({'leverage_3_to_6x'}),0.035847917923958965,0.4884494760192764,1.3580726756723325,eclat,Portfolio-wide,356255,12771,"{burden_20_to_35pct, credit_file_thin} -> {leverage_3_to_6x}","{burden_20_to_35pct, credit_file_thin} -> {leverage_3_to_6x}"
frozenset({'credit_large'}),frozenset({'burden_20_to_35pct'}),0.13865068560441257,0.43054005996792416,1.4865338489050584,eclat,Portfolio-wide,356255,49395,{credit_large} -> {burden_20_to_35pct},{credit_large} -> {burden_20_to_35pct}
frozenset({'burden_20_to_35pct'}),frozenset({'credit_large'}),0.13865068560441257,0.47872185770636067,1.4865338489050581,eclat,Portfolio-wide,356255,49395,{burden_20_to_35pct} -> {credit_large},{burden_20_to_35pct} -> {credit_large}
"frozenset({'external_score_middle', 'credit_large'})",frozenset({'burden_20_to_35pct'}),0.046727765224347725,0.4234154033981076,1.4619344117385258,eclat,Portfolio-wide,356255,16647,"{credit_large, external_score_middle} -> {burden_20_to_35pct}","{credit_large, external_score_middle} -> {burden_20_to_35pct}"
"frozenset({'external_score_middle', 'burden_20_to_35pct'})",frozenset({'credit_large'}),0.046727765224347725,0.4938004271476032,1.5333560349127446,eclat,Portfolio-wide,356255,16647,"{burden_20_to_35pct, external_score_middle} -> {credit_large}","{burden_20_to_35pct, external_score_middle} -> {credit_large}"
"frozenset({'external_score_strong', 'credit_large'})",frozenset({'burden_20_to_35pct'}),0.05526939972772312,0.43016625521595697,1.4852432061325316,eclat,Portfolio-wide,356255,19690,"{credit_large, external_score_strong} -> {burden_20_to_35pct}","{credit_large, external_score_strong} -> {burden_20_to_35pct}"
"frozenset({'external_score_strong', 'burden_20_to_35pct'})",frozenset({'credit_large'}),0.05526939972772312,0.5461404044046265,1.6958828687955008,eclat,Portfolio-wide,356255,19690,"{burden_20_to_35pct, external_score_strong} -> {credit_large}","{burden_20_to_35pct, external_score_strong} -> {credit_large}"
"frozenset({'external_score_weak', 'credit_large'})",frozenset({'burden_20_to_35pct'}),0.03661422295827427,0.44061613295500607,1.5213236976370232,eclat,Portfolio-wide,356255,13044,"{credit_large, external_score_weak} -> {burden_20_to_35pct}","{credit_large, external_score_weak} -> {burden_20_to_35pct}"
"frozenset({'external_score_weak', 'burden_20_to_35pct'})",frozenset({'credit_large'}),0.03661422295827427,0.3909368818557813,1.2139427066237656,eclat,Portfolio-wide,356255,13044,"{burden_20_to_35pct, external_score_weak} -> {credit_large}","{burden_20_to_35pct, external_score_weak} -> {credit_large}"
"frozenset({'income_q2', 'credit_large'})",frozenset({'burden_20_to_35pct'}),0.03351251210509326,0.6854797037377275,2.366768802929649,eclat,Portfolio-wide,356255,11939,"{credit_large, income_q2} -> {burden_20_to_35pct}","{credit_large, income_q2} -> {burden_20_to_35pct}"
"frozenset({'income_q2', 'burden_20_to_35pct'})",frozenset({'credit_large'}),0.03351251210509326,0.5409605799728138,1.679798405081713,eclat,Portfolio-wide,356255,11939,"{burden_20_to_35pct, income_q2} -> {credit_large}","{burden_20_to_35pct, income_q2} -> {credit_large}"
"frozenset({'income_q3', 'credit_large'})",frozenset({'burden_20_to_35pct'}),0.0506575346310929,0.5276283475616887,1.8217524249676726,eclat,Portfolio-wide,356255,18047,"{credit_large, income_q3} -> {burden_20_to_35pct}","{credit_large, income_q3} -> {burden_20_to_35pct}"
"frozenset({'income_q3', 'burden_20_to_35pct'})",frozenset({'credit_large'}),0.0506575346310929,0.7355914241460829,2.2841688411648664,eclat,Portfolio-wide,356255,18047,"{burden_20_to_35pct, income_q3} -> {credit_large}","{burden_20_to_35pct, income_q3} -> {credit_large}"
"frozenset({'credit_large', 'burden_20_to_35pct'})",frozenset({'income_q3'}),0.0506575346310929,0.365360866484462,1.3964941687168422,eclat,Portfolio-wide,356255,18047,"{burden_20_to_35pct, credit_large} -> {income_q3}","{burden_20_to_35pct, credit_large} -> {income_q3}"
"frozenset({'credit_large', 'leverage_over_6x'})",frozenset({'burden_20_to_35pct'}),0.08884647233021291,0.6719456533276723,2.320039529818958,eclat,Portfolio-wide,356255,31652,"{credit_large, leverage_over_6x} -> {burden_20_to_35pct}","{credit_large, leverage_over_6x} -> {burden_20_to_35pct}"
"frozenset({'leverage_over_6x', 'burden_20_to_35pct'})",frozenset({'credit_large'}),0.08884647233021291,0.8105298199790019,2.516868602404115,eclat,Portfolio-wide,356255,31652,"{burden_20_to_35pct, leverage_over_6x} -> {credit_large}","{burden_20_to_35pct, leverage_over_6x} -> {credit_large}"
"frozenset({'credit_large', 'burden_20_to_35pct'})",frozenset({'leverage_over_6x'}),0.08884647233021291,0.6407936025913554,3.8632289462394795,eclat,Portfolio-wide,356255,31652,"{burden_20_to_35pct, credit_large} -> {leverage_over_6x}","{burden_20_to_35pct, credit_large} -> {leverage_over_6x}"
"frozenset({'credit_large', 'previous_approval_high'})",frozenset({'burden_20_to_35pct'}),0.0780957460246172,0.44582966108484906,1.539324545311471,eclat,Portfolio-wide,356255,27822,"{credit_large, previous_approval_high} -> {burden_20_to_35pct}","{credit_large, previous_approval_high} -> {burden_20_to_35pct}"
"frozenset({'previous_approval_high', 'burden_20_to_35pct'})",frozenset({'credit_large'}),0.0780957460246172,0.4845603218558963,1.5046635299383964,eclat,Portfolio-wide,356255,27822,"{burden_20_to_35pct, previous_approval_high} -> {credit_large}","{burden_20_to_35pct, previous_approval_high} -> {credit_large}"
"frozenset({'credit_large', 'previous_deep'})",frozenset({'burden_20_to_35pct'}),0.05109823020027789,0.4098984485825584,1.4152641649119446,eclat,Portfolio-wide,356255,18204,"{credit_large, previous_deep} -> {burden_20_to_35pct}","{credit_large, previous_deep} -> {burden_20_to_35pct}"
"frozenset({'previous_deep', 'burden_20_to_35pct'})",frozenset({'credit_large'}),0.05109823020027789,0.4911769467378987,1.5252095666281125,eclat,Portfolio-wide,356255,18204,"{burden_20_to_35pct, previous_deep} -> {credit_large}","{burden_20_to_35pct, previous_deep} -> {credit_large}"
"frozenset({'credit_large', 'previous_outcome_mixed'})",frozenset({'burden_20_to_35pct'}),0.041818360444063944,0.42547479651577896,1.4690449175015636,eclat,Portfolio-wide,356255,14898,"{credit_large, previous_outcome_mixed} -> {burden_20_to_35pct}","{credit_large, previous_outcome_mixed} -> {burden_20_to_35pct}"
"frozenset({'previous_outcome_mixed', 'burden_20_to_35pct'})",frozenset({'credit_large'}),0.041818360444063944,0.4642423109282977,1.4415717565002502,eclat,Portfolio-wide,356255,14898,"{burden_20_to_35pct, previous_outcome_mixed} -> {credit_large}","{burden_20_to_35pct, previous_outcome_mixed} -> {credit_large}"
"frozenset({'credit_large', 'previous_two_to_four'})",frozenset({'burden_20_to_35pct'}),0.0560160559150047,0.44840913176343694,1.548230732754899,eclat,Portfolio-wide,356255,19956,"{credit_large, previous_two_to_four} -> {burden_20_to_35pct}","{credit_large, previous_two_to_four} -> {burden_20_to_35pct}"
"frozenset({'previous_two_to_four', 'burden_20_to_35pct'})",frozenset({'credit_large'}),0.0560160559150047,0.47333965844402276,1.4698209680197976,eclat,Portfolio-wide,356255,19956,"{burden_20_to_35pct, previous_two_to_four} -> {credit_large}","{burden_20_to_35pct, previous_two_to_four} -> {credit_large}"
"frozenset({'repayment_clean_observed', 'credit_large'})",frozenset({'burden_20_to_35pct'}),0.06381384120924619,0.44640367584974566,1.5413064570013,eclat,Portfolio-wide,356255,22734,"{credit_large, repayment_clean_observed} -> {burden_20_to_35pct}","{credit_large, repayment_clean_observed} -> {burden_20_to_35pct}"
"frozenset({'repayment_clean_observed', 'burden_20_to_35pct'})",frozenset({'credit_large'}),0.06381384120924619,0.4758754945261968,1.4776952819052913,eclat,Portfolio-wide,356255,22734,"{burden_20_to_35pct, repayment_clean_observed} -> {credit_large}","{burden_20_to_35pct, repayment_clean_observed} -> {credit_large}"
"frozenset({'repayment_some_late', 'credit_large'})",frozenset({'burden_20_to_35pct'}),0.05910092489929966,0.4204021324601162,1.4515304338936306,eclat,Portfolio-wide,356255,21055,"{credit_large, repayment_some_late} -> {burden_20_to_35pct}","{credit_large, repayment_some_late} -> {burden_20_to_35pct}"
"frozenset({'repayment_some_late', 'burden_20_to_35pct'})",frozenset({'credit_large'}),0.05910092489929966,0.47207461716105026,1.4658927440268283,eclat,Portfolio-wide,356255,21055,"{burden_20_to_35pct, repayment_some_late} -> {credit_large}","{burden_20_to_35pct, repayment_some_late} -> {credit_large}"
"frozenset({'external_score_weak', 'burden_20_to_35pct'})",frozenset({'credit_medium'}),0.04049908071465664,0.4324162320925493,1.257287798215327,eclat,Portfolio-wide,356255,14428,"{burden_20_to_35pct, external_score_weak} -> {credit_medium}","{burden_20_to_35pct, external_score_weak} -> {credit_medium}"
"frozenset({'income_q1', 'credit_medium'})",frozenset({'burden_20_to_35pct'}),0.05963705772550561,0.5853215053170974,2.0209506874011933,eclat,Portfolio-wide,356255,21246,"{credit_medium, income_q1} -> {burden_20_to_35pct}","{credit_medium, income_q1} -> {burden_20_to_35pct}"
"frozenset({'income_q1', 'burden_20_to_35pct'})",frozenset({'credit_medium'}),0.05963705772550561,0.46557391418679056,1.353696642333995,eclat,Portfolio-wide,356255,21246,"{burden_20_to_35pct, income_q1} -> {credit_medium}","{burden_20_to_35pct, income_q1} -> {credit_medium}"
"frozenset({'burden_20_to_35pct', 'credit_medium'})",frozenset({'income_q1'}),0.05963705772550561,0.5622717408564019,1.7566153572983036,eclat,Portfolio-wide,356255,21246,"{burden_20_to_35pct, credit_medium} -> {income_q1}","{burden_20_to_35pct, credit_medium} -> {income_q1}"
"frozenset({'leverage_3_to_6x', 'credit_medium'})",frozenset({'burden_20_to_35pct'}),0.07102777504877125,0.43423942888522793,1.499306730284712,eclat,Portfolio-wide,356255,25304,"{credit_medium, leverage_3_to_6x} -> {burden_20_to_35pct}","{credit_medium, leverage_3_to_6x} -> {burden_20_to_35pct}"
"frozenset({'burden_20_to_35pct', 'leverage_3_to_6x'})",frozenset({'credit_medium'}),0.07102777504877125,0.5159553860897581,1.5001851531218418,eclat,Portfolio-wide,356255,25304,"{burden_20_to_35pct, leverage_3_to_6x} -> {credit_medium}","{burden_20_to_35pct, leverage_3_to_6x} -> {credit_medium}"
"frozenset({'burden_20_to_35pct', 'credit_medium'})",frozenset({'leverage_3_to_6x'}),0.07102777504877125,0.6696660138675701,1.8619225936564727,eclat,Portfolio-wide,356255,25304,"{burden_20_to_35pct, credit_medium} -> {leverage_3_to_6x}","{burden_20_to_35pct, credit_medium} -> {leverage_3_to_6x}"
"frozenset({'credit_small', 'burden_20_to_35pct'})",frozenset({'income_q1'}),0.040319434113205425,0.8977499999999999,2.804696239246534,eclat,Portfolio-wide,356255,14364,"{burden_20_to_35pct, credit_small} -> {income_q1}","{burden_20_to_35pct, credit_small} -> {income_q1}"
"frozenset({'external_score_middle', 'income_q1'})",frozenset({'burden_20_to_35pct'}),0.041068897278634685,0.39645034548164204,1.3688316437092332,eclat,Portfolio-wide,356255,14631,"{external_score_middle, income_q1} -> {burden_20_to_35pct}","{external_score_middle, income_q1} -> {burden_20_to_35pct}"
"frozenset({'external_score_middle', 'burden_20_to_35pct'})",frozenset({'income_q1'}),0.041068897278634685,0.433999762695776,1.355875803137545,eclat,Portfolio-wide,356255,14631,"{burden_20_to_35pct, external_score_middle} -> {income_q1}","{burden_20_to_35pct, external_score_middle} -> {income_q1}"
"frozenset({'external_score_middle', 'leverage_3_to_6x'})",frozenset({'burden_20_to_35pct'}),0.04424358956365525,0.36915077989601386,1.2745739146921857,eclat,Portfolio-wide,356255,15762,"{external_score_middle, leverage_3_to_6x} -> {burden_20_to_35pct}","{external_score_middle, leverage_3_to_6x} -> {burden_20_to_35pct}"
"frozenset({'external_score_middle', 'burden_20_to_35pct'})",frozenset({'leverage_3_to_6x'}),0.04424358956365525,0.4675486473659231,1.2999605357549007,eclat,Portfolio-wide,356255,15762,"{burden_20_to_35pct, external_score_middle} -> {leverage_3_to_6x}","{burden_20_to_35pct, external_score_middle} -> {leverage_3_to_6x}"
"frozenset({'external_score_middle', 'leverage_over_6x'})",frozenset({'burden_20_to_35pct'}),0.03687246494786038,0.6619633138480145,2.285573316549795,eclat,Portfolio-wide,356255,13136,"{external_score_middle, leverage_over_6x} -> {burden_20_to_35pct}","{external_score_middle, leverage_over_6x} -> {burden_20_to_35pct}"
"frozenset({'external_score_middle', 'burden_20_to_35pct'})",frozenset({'leverage_over_6x'}),0.03687246494786038,0.3896535358329378,2.3491508225845,eclat,Portfolio-wide,356255,13136,"{burden_20_to_35pct, external_score_middle} -> {leverage_over_6x}","{burden_20_to_35pct, external_score_middle} -> {leverage_over_6x}"
"frozenset({'external_score_strong', 'income_q1'})",frozenset({'burden_20_to_35pct'}),0.04060574588426829,0.40950008492328593,1.4138887271333407,eclat,Portfolio-wide,356255,14466,"{external_score_strong, income_q1} -> {burden_20_to_35pct}","{external_score_strong, income_q1} -> {burden_20_to_35pct}"
"frozenset({'external_score_strong', 'burden_20_to_35pct'})",frozenset({'income_q1'}),0.04060574588426829,0.4012426150389704,1.2535379041216876,eclat,Portfolio-wide,356255,14466,"{burden_20_to_35pct, external_score_strong} -> {income_q1}","{burden_20_to_35pct, external_score_strong} -> {income_q1}"
"frozenset({'external_score_strong', 'leverage_3_to_6x'})",frozenset({'burden_20_to_35pct'}),0.044417622208811104,0.36123730167789064,1.247250898026351,eclat,Portfolio-wide,356255,15824,"{external_score_strong, leverage_3_to_6x} -> {burden_20_to_35pct}","{external_score_strong, leverage_3_to_6x} -> {burden_20_to_35pct}"
"frozenset({'external_score_strong', 'burden_20_to_35pct'})",frozenset({'leverage_3_to_6x'}),0.044417622208811104,0.4389093834077608,1.2203326443506057,eclat,Portfolio-wide,356255,15824,"{burden_20_to_35pct, external_score_strong} -> {leverage_3_to_6x}","{burden_20_to_35pct, external_score_strong} -> {leverage_3_to_6x}"
"frozenset({'external_score_strong', 'leverage_over_6x'})",frozenset({'burden_20_to_35pct'}),0.04248642124321062,0.6634813483540087,2.2908146631439643,eclat,Portfolio-wide,356255,15136,"{external_score_strong, leverage_over_6x} -> {burden_20_to_35pct}","{external_score_strong, leverage_over_6x} -> {burden_20_to_35pct}"
"frozenset({'external_score_strong', 'burden_20_to_35pct'})",frozenset({'leverage_over_6x'}),0.04248642124321062,0.41982636673785817,2.531057372947195,eclat,Portfolio-wide,356255,15136,"{burden_20_to_35pct, external_score_strong} -> {leverage_over_6x}","{burden_20_to_35pct, external_score_strong} -> {leverage_over_6x}"
"frozenset({'external_score_weak', 'income_q1'})",frozenset({'burden_20_to_35pct'}),0.04632356037108251,0.3955751576020518,1.3658098658814992,eclat,Portfolio-wide,356255,16503,"{external_score_weak, income_q1} -> {burden_20_to_35pct}","{external_score_weak, income_q1} -> {burden_20_to_35pct}"
"frozenset({'external_score_weak', 'burden_20_to_35pct'})",frozenset({'income_q1'}),0.04632356037108251,0.49460528681891747,1.5452159151795835,eclat,Portfolio-wide,356255,16503,"{burden_20_to_35pct, external_score_weak} -> {income_q1}","{burden_20_to_35pct, external_score_weak} -> {income_q1}"
"frozenset({'external_score_weak', 'leverage_3_to_6x'})",frozenset({'burden_20_to_35pct'}),0.04893685702656805,0.41938898243925904,1.4480323115583122,eclat,Portfolio-wide,356255,17434,"{external_score_weak, leverage_3_to_6x} -> {burden_20_to_35pct}","{external_score_weak, leverage_3_to_6x} -> {burden_20_to_35pct}"
"frozenset({'external_score_weak', 'burden_20_to_35pct'})",frozenset({'leverage_3_to_6x'}),0.04893685702656805,0.5225079422166277,1.4527679811006204,eclat,Portfolio-wide,356255,17434,"{burden_20_to_35pct, external_score_weak} -> {leverage_3_to_6x}","{burden_20_to_35pct, external_score_weak} -> {leverage_3_to_6x}"
"frozenset({'external_score_weak', 'leverage_over_6x'})",frozenset({'burden_20_to_35pct'}),0.030208698825279646,0.6556997501980139,2.263946991275462,eclat,Portfolio-wide,356255,10762,"{external_score_weak, leverage_over_6x} -> {burden_20_to_35pct}","{external_score_weak, leverage_over_6x} -> {burden_20_to_35pct}"
frozenset({'income_q1'}),frozenset({'burden_20_to_35pct'}),0.12809364079100644,0.4001824033393842,1.3817173908149012,eclat,Portfolio-wide,356255,45634,{income_q1} -> {burden_20_to_35pct},{income_q1} -> {burden_20_to_35pct}
frozenset({'burden_20_to_35pct'}),frozenset({'income_q1'}),0.12809364079100644,0.442271348407168,1.3817173908149012,eclat,Portfolio-wide,356255,45634,{burden_20_to_35pct} -> {income_q1},{burden_20_to_35pct} -> {income_q1}
"frozenset({'income_q1', 'leverage_3_to_6x'})",frozenset({'burden_20_to_35pct'}),0.059367587823328793,0.5492935798878038,1.896556384440251,eclat,Portfolio-wide,356255,21150,"{income_q1, leverage_3_to_6x} -> {burden_20_to_35pct}","{income_q1, leverage_3_to_6x} -> {burden_20_to_35pct}"
"frozenset({'burden_20_to_35pct', 'leverage_3_to_6x'})",frozenset({'income_q1'}),0.059367587823328793,0.4312542054931387,1.34729829942173,eclat,Portfolio-wide,356255,21150,"{burden_20_to_35pct, leverage_3_to_6x} -> {income_q1}","{burden_20_to_35pct, leverage_3_to_6x} -> {income_q1}"
"frozenset({'income_q1', 'burden_20_to_35pct'})",frozenset({'leverage_3_to_6x'}),0.059367587823328793,0.4634702195731253,1.2886209773828845,eclat,Portfolio-wide,356255,21150,"{burden_20_to_35pct, income_q1} -> {leverage_3_to_6x}","{burden_20_to_35pct, income_q1} -> {leverage_3_to_6x}"
"frozenset({'income_q1', 'leverage_over_6x'})",frozenset({'burden_20_to_35pct'}),0.04890598026694362,0.587067861715749,2.026980365334162,eclat,Portfolio-wide,356255,17423,"{income_q1, leverage_over_6x} -> {burden_20_to_35pct}","{income_q1, leverage_over_6x} -> {burden_20_to_35pct}"
"frozenset({'leverage_over_6x', 'burden_20_to_35pct'})",frozenset({'income_q1'}),0.04890598026694362,0.44616014954802696,1.3938665480802255,eclat,Portfolio-wide,356255,17423,"{burden_20_to_35pct, leverage_over_6x} -> {income_q1}","{burden_20_to_35pct, leverage_over_6x} -> {income_q1}"
"frozenset({'income_q1', 'burden_20_to_35pct'})",frozenset({'leverage_over_6x'}),0.04890598026694362,0.3817986588946838,2.3017951875808156,eclat,Portfolio-wide,356255,17423,"{burden_20_to_35pct, income_q1} -> {leverage_over_6x}","{burden_20_to_35pct, income_q1} -> {leverage_over_6x}"
"frozenset({'income_q1', 'previous_approval_high'})",frozenset({'burden_20_to_35pct'}),0.07462632103409075,0.40478691819302975,1.397615486774288,eclat,Portfolio-wide,356255,26586,"{income_q1, previous_approval_high} -> {burden_20_to_35pct}","{income_q1, previous_approval_high} -> {burden_20_to_35pct}"
"frozenset({'previous_approval_high', 'burden_20_to_35pct'})",frozenset({'income_q1'}),0.07462632103409075,0.46303359632164687,1.446581549705509,eclat,Portfolio-wide,356255,26586,"{burden_20_to_35pct, previous_approval_high} -> {income_q1}","{burden_20_to_35pct, previous_approval_high} -> {income_q1}"
"frozenset({'income_q1', 'previous_deep'})",frozenset({'burden_20_to_35pct'}),0.042250635078805915,0.38462717841263355,1.328009570031234,eclat,Portfolio-wide,356255,15052,"{income_q1, previous_deep} -> {burden_20_to_35pct}","{income_q1, previous_deep} -> {burden_20_to_35pct}"
"frozenset({'previous_deep', 'burden_20_to_35pct'})",frozenset({'income_q1'}),0.042250635078805915,0.40613026819923376,1.2688076144389608,eclat,Portfolio-wide,356255,15052,"{burden_20_to_35pct, previous_deep} -> {income_q1}","{burden_20_to_35pct, previous_deep} -> {income_q1}"
"frozenset({'income_q1', 'previous_outcome_mixed'})",frozenset({'burden_20_to_35pct'}),0.03812157022357581,0.3966413551401869,1.3694911463880683,eclat,Portfolio-wide,356255,13581,"{income_q1, previous_outcome_mixed} -> {burden_20_to_35pct}","{income_q1, previous_outcome_mixed} -> {burden_20_to_35pct}"
"frozenset({'previous_outcome_mixed', 'burden_20_to_35pct'})",frozenset({'income_q1'}),0.03812157022357581,0.4232027671309713,1.3221444827746722,eclat,Portfolio-wide,356255,13581,"{burden_20_to_35pct, previous_outcome_mixed} -> {income_q1}","{burden_20_to_35pct, previous_outcome_mixed} -> {income_q1}"
"frozenset({'income_q1', 'previous_two_to_four'})",frozenset({'burden_20_to_35pct'}),0.054146608468653074,0.4098761234940399,1.4151870826544537,eclat,Portfolio-wide,356255,19290,"{income_q1, previous_two_to_four} -> {burden_20_to_35pct}","{income_q1, previous_two_to_four} -> {burden_20_to_35pct}"
"frozenset({'previous_two_to_four', 'burden_20_to_35pct'})",frozenset({'income_q1'}),0.054146608468653074,0.45754269449715373,1.4294272064058957,eclat,Portfolio-wide,356255,19290,"{burden_20_to_35pct, previous_two_to_four} -> {income_q1}","{burden_20_to_35pct, previous_two_to_four} -> {income_q1}"
"frozenset({'income_q1', 'repayment_clean_observed'})",frozenset({'burden_20_to_35pct'}),0.059822318283252164,0.39593512549464027,1.3670527338666332,eclat,Portfolio-wide,356255,21312,"{income_q1, repayment_clean_observed} -> {burden_20_to_35pct}","{income_q1, repayment_clean_observed} -> {burden_20_to_35pct}"
"frozenset({'repayment_clean_observed', 'burden_20_to_35pct'})",frozenset({'income_q1'}),0.059822318283252164,0.446109727251795,1.393709021792711,eclat,Portfolio-wide,356255,21312,"{burden_20_to_35pct, repayment_clean_observed} -> {income_q1}","{burden_20_to_35pct, repayment_clean_observed} -> {income_q1}"
"frozenset({'income_q1', 'repayment_some_late'})",frozenset({'burden_20_to_35pct'}),0.054747301792255544,0.40594430337593135,1.4016116125952687,eclat,Portfolio-wide,356255,19504,"{income_q1, repayment_some_late} -> {burden_20_to_35pct}","{income_q1, repayment_some_late} -> {burden_20_to_35pct}"
"frozenset({'repayment_some_late', 'burden_20_to_35pct'})",frozenset({'income_q1'}),0.054747301792255544,0.4372996121163203,1.3661849930677934,eclat,Portfolio-wide,356255,19504,"{burden_20_to_35pct, repayment_some_late} -> {income_q1}","{burden_20_to_35pct, repayment_some_late} -> {income_q1}"
"frozenset({'income_q2', 'previous_approval_high'})",frozenset({'burden_20_to_35pct'}),0.03395601465242593,0.3564546070660341,1.2307375974288868,eclat,Portfolio-wide,356255,12097,"{income_q2, previous_approval_high} -> {burden_20_to_35pct}","{income_q2, previous_approval_high} -> {burden_20_to_35pct}"
"frozenset({'income_q3', 'burden_20_to_35pct'})",frozenset({'leverage_3_to_6x'}),0.033043746754431516,0.47982391782831985,1.3340903899566703,eclat,Portfolio-wide,356255,11772,"{burden_20_to_35pct, income_q3} -> {leverage_3_to_6x}","{burden_20_to_35pct, income_q3} -> {leverage_3_to_6x}"
frozenset({'leverage_3_to_6x'}),frozenset({'burden_20_to_35pct'}),0.13766262929643092,0.38275372272344144,1.3215410539618693,eclat,Portfolio-wide,356255,49043,{leverage_3_to_6x} -> {burden_20_to_35pct},{leverage_3_to_6x} -> {burden_20_to_35pct}
frozenset({'burden_20_to_35pct'}),frozenset({'leverage_3_to_6x'}),0.13766262929643092,0.47531037691047767,1.3215410539618693,eclat,Portfolio-wide,356255,49043,{burden_20_to_35pct} -> {leverage_3_to_6x},{burden_20_to_35pct} -> {leverage_3_to_6x}
"frozenset({'previous_approval_high', 'leverage_3_to_6x'})",frozenset({'burden_20_to_35pct'}),0.07437649997894766,0.3900116280781289,1.3466005617407644,eclat,Portfolio-wide,356255,26497,"{leverage_3_to_6x, previous_approval_high} -> {burden_20_to_35pct}","{leverage_3_to_6x, previous_approval_high} -> {burden_20_to_35pct}"
"frozenset({'previous_approval_high', 'burden_20_to_35pct'})",frozenset({'leverage_3_to_6x'}),0.07437649997894766,0.461483532751624,1.2830972431588503,eclat,Portfolio-wide,356255,26497,"{burden_20_to_35pct, previous_approval_high} -> {leverage_3_to_6x}","{burden_20_to_35pct, previous_approval_high} -> {leverage_3_to_6x}"
"frozenset({'previous_deep', 'leverage_3_to_6x'})",frozenset({'burden_20_to_35pct'}),0.05024771582153233,0.3621778011572856,1.2504981784561962,eclat,Portfolio-wide,356255,17901,"{leverage_3_to_6x, previous_deep} -> {burden_20_to_35pct}","{leverage_3_to_6x, previous_deep} -> {burden_20_to_35pct}"
"frozenset({'previous_deep', 'burden_20_to_35pct'})",frozenset({'leverage_3_to_6x'}),0.05024771582153233,0.48300145701796987,1.3429251402455036,eclat,Portfolio-wide,356255,17901,"{burden_20_to_35pct, previous_deep} -> {leverage_3_to_6x}","{burden_20_to_35pct, previous_deep} -> {leverage_3_to_6x}"
"frozenset({'previous_outcome_mixed', 'leverage_3_to_6x'})",frozenset({'burden_20_to_35pct'}),0.04476007354282747,0.38812218571254714,1.3400768481699488,eclat,Portfolio-wide,356255,15946,"{leverage_3_to_6x, previous_outcome_mixed} -> {burden_20_to_35pct}","{leverage_3_to_6x, previous_outcome_mixed} -> {burden_20_to_35pct}"
"frozenset({'previous_outcome_mixed', 'burden_20_to_35pct'})",frozenset({'leverage_3_to_6x'}),0.04476007354282747,0.4968994422112119,1.3815667497967354,eclat,Portfolio-wide,356255,15946,"{burden_20_to_35pct, previous_outcome_mixed} -> {leverage_3_to_6x}","{burden_20_to_35pct, previous_outcome_mixed} -> {leverage_3_to_6x}"
"frozenset({'previous_two_to_four', 'leverage_3_to_6x'})",frozenset({'burden_20_to_35pct'}),0.05569886738431741,0.39683618982861024,1.3701638558202724,eclat,Portfolio-wide,356255,19843,"{leverage_3_to_6x, previous_two_to_four} -> {burden_20_to_35pct}","{leverage_3_to_6x, previous_two_to_four} -> {burden_20_to_35pct}"
"frozenset({'previous_two_to_four', 'burden_20_to_35pct'})",frozenset({'leverage_3_to_6x'}),0.05569886738431741,0.4706593927893738,1.3086095743309896,eclat,Portfolio-wide,356255,19843,"{burden_20_to_35pct, previous_two_to_four} -> {leverage_3_to_6x}","{burden_20_to_35pct, previous_two_to_four} -> {leverage_3_to_6x}"
"frozenset({'repayment_clean_observed', 'leverage_3_to_6x'})",frozenset({'burden_20_to_35pct'}),0.06398506687625437,0.3999684166198765,1.3809785548009235,eclat,Portfolio-wide,356255,22795,"{leverage_3_to_6x, repayment_clean_observed} -> {burden_20_to_35pct}","{leverage_3_to_6x, repayment_clean_observed} -> {burden_20_to_35pct}"
"frozenset({'repayment_clean_observed', 'burden_20_to_35pct'})",frozenset({'leverage_3_to_6x'}),0.06398506687625437,0.47715236639943065,1.3266624753506475,eclat,Portfolio-wide,356255,22795,"{burden_20_to_35pct, repayment_clean_observed} -> {leverage_3_to_6x}","{burden_20_to_35pct, repayment_clean_observed} -> {leverage_3_to_6x}"
"frozenset({'repayment_some_late', 'leverage_3_to_6x'})",frozenset({'burden_20_to_35pct'}),0.060344416218719735,0.3786459067211498,1.3073579195679748,eclat,Portfolio-wide,356255,21498,"{leverage_3_to_6x, repayment_some_late} -> {burden_20_to_35pct}","{leverage_3_to_6x, repayment_some_late} -> {burden_20_to_35pct}"
"frozenset({'repayment_some_late', 'burden_20_to_35pct'})",frozenset({'leverage_3_to_6x'}),0.060344416218719735,0.4820071298849802,1.3401605380168389,eclat,Portfolio-wide,356255,21498,"{burden_20_to_35pct, repayment_some_late} -> {leverage_3_to_6x}","{burden_20_to_35pct, repayment_some_late} -> {leverage_3_to_6x}"
frozenset({'leverage_over_6x'}),frozenset({'burden_20_to_35pct'}),0.10961530364486112,0.6608508765992012,2.2817323833152265,eclat,Portfolio-wide,356255,39051,{leverage_over_6x} -> {burden_20_to_35pct},{leverage_over_6x} -> {burden_20_to_35pct}
frozenset({'burden_20_to_35pct'}),frozenset({'leverage_over_6x'}),0.10961530364486112,0.3784708425000727,2.281732383315227,eclat,Portfolio-wide,356255,39051,{burden_20_to_35pct} -> {leverage_over_6x},{burden_20_to_35pct} -> {leverage_over_6x}
"frozenset({'previous_approval_high', 'leverage_over_6x'})",frozenset({'burden_20_to_35pct'}),0.06422366001880675,0.6563961327710359,2.266351404622415,eclat,Portfolio-wide,356255,22880,"{leverage_over_6x, previous_approval_high} -> {burden_20_to_35pct}","{leverage_over_6x, previous_approval_high} -> {burden_20_to_35pct}"
"frozenset({'previous_approval_high', 'burden_20_to_35pct'})",frozenset({'leverage_over_6x'}),0.06422366001880675,0.39848825260811255,2.402413735072482,eclat,Portfolio-wide,356255,22880,"{burden_20_to_35pct, previous_approval_high} -> {leverage_over_6x}","{burden_20_to_35pct, previous_approval_high} -> {leverage_over_6x}"
"frozenset({'previous_deep', 'leverage_over_6x'})",frozenset({'burden_20_to_35pct'}),0.037748242129935015,0.672433621681084,2.321724347428253,eclat,Portfolio-wide,356255,13448,"{leverage_over_6x, previous_deep} -> {burden_20_to_35pct}","{leverage_over_6x, previous_deep} -> {burden_20_to_35pct}"
"frozenset({'previous_deep', 'burden_20_to_35pct'})",frozenset({'leverage_over_6x'}),0.037748242129935015,0.3628514381306999,2.1875658141753958,eclat,Portfolio-wide,356255,13448,"{burden_20_to_35pct, previous_deep} -> {leverage_over_6x}","{burden_20_to_35pct, previous_deep} -> {leverage_over_6x}"
"frozenset({'previous_outcome_mixed', 'leverage_over_6x'})",frozenset({'burden_20_to_35pct'}),0.03109851089809266,0.6696687620889749,2.312178064159174,eclat,Portfolio-wide,356255,11079,"{leverage_over_6x, previous_outcome_mixed} -> {burden_20_to_35pct}","{leverage_over_6x, previous_outcome_mixed} -> {burden_20_to_35pct}"
"frozenset({'leverage_over_6x', 'previous_two_to_four'})",frozenset({'burden_20_to_35pct'}),0.04554883440232418,0.6615974232478493,2.28430999911963,eclat,Portfolio-wide,356255,16227,"{leverage_over_6x, previous_two_to_four} -> {burden_20_to_35pct}","{leverage_over_6x, previous_two_to_four} -> {burden_20_to_35pct}"
"frozenset({'previous_two_to_four', 'burden_20_to_35pct'})",frozenset({'leverage_over_6x'}),0.04554883440232418,0.3848908918406072,2.32043770176463,eclat,Portfolio-wide,356255,16227,"{burden_20_to_35pct, previous_two_to_four} -> {leverage_over_6x}","{burden_20_to_35pct, previous_two_to_four} -> {leverage_over_6x}"
"frozenset({'repayment_clean_observed', 'leverage_over_6x'})",frozenset({'burden_20_to_35pct'}),0.05021122510561255,0.6544709498024294,2.259704288792166,eclat,Portfolio-wide,356255,17888,"{leverage_over_6x, repayment_clean_observed} -> {burden_20_to_35pct}","{leverage_over_6x, repayment_clean_observed} -> {burden_20_to_35pct}"
"frozenset({'repayment_clean_observed', 'burden_20_to_35pct'})",frozenset({'leverage_over_6x'}),0.05021122510561255,0.37443744374437443,2.257415750374875,eclat,Portfolio-wide,356255,17888,"{burden_20_to_35pct, repayment_clean_observed} -> {leverage_over_6x}","{burden_20_to_35pct, repayment_clean_observed} -> {leverage_over_6x}"
"frozenset({'repayment_some_late', 'leverage_over_6x'})",frozenset({'burden_20_to_35pct'}),0.0459979509059522,0.6715433161216293,2.318650372499889,eclat,Portfolio-wide,356255,16387,"{leverage_over_6x, repayment_some_late} -> {burden_20_to_35pct}","{leverage_over_6x, repayment_some_late} -> {burden_20_to_35pct}"
"frozenset({'repayment_some_late', 'burden_20_to_35pct'})",frozenset({'leverage_over_6x'}),0.0459979509059522,0.3674132866976077,2.2150683756254015,eclat,Portfolio-wide,356255,16387,"{burden_20_to_35pct, repayment_some_late} -> {leverage_over_6x}","{burden_20_to_35pct, repayment_some_late} -> {leverage_over_6x}"
"frozenset({'burden_20_to_35pct', 'previous_one'})",frozenset({'previous_approval_high'}),0.05366100124910528,0.9894927536231884,1.887673718791656,eclat,Portfolio-wide,356255,19117,"{burden_20_to_35pct, previous_one} -> {previous_approval_high}","{burden_20_to_35pct, previous_one} -> {previous_approval_high}"
"frozenset({'previous_approval_high', 'burden_20_to_35pct'})",frozenset({'previous_two_to_four'}),0.07443263954190117,0.46183186164376405,1.2021591812913677,eclat,Portfolio-wide,356255,26517,"{burden_20_to_35pct, previous_approval_high} -> {previous_two_to_four}","{burden_20_to_35pct, previous_approval_high} -> {previous_two_to_four}"
"frozenset({'previous_outcome_mixed', 'burden_20_to_35pct'})",frozenset({'previous_deep'}),0.04640496273736509,0.5151600137110093,1.296680943390178,eclat,Portfolio-wide,356255,16532,"{burden_20_to_35pct, previous_outcome_mixed} -> {previous_deep}","{burden_20_to_35pct, previous_outcome_mixed} -> {previous_deep}"
"frozenset({'previous_deep', 'burden_20_to_35pct'})",frozenset({'previous_outcome_mixed'}),0.04640496273736509,0.4460633532998759,1.3789084119037467,eclat,Portfolio-wide,356255,16532,"{burden_20_to_35pct, previous_deep} -> {previous_outcome_mixed}","{burden_20_to_35pct, previous_deep} -> {previous_outcome_mixed}"
"frozenset({'repayment_some_late', 'burden_20_to_35pct'})",frozenset({'previous_deep'}),0.06085247926344894,0.4860653348579629,1.2234483270793048,eclat,Portfolio-wide,356255,21679,"{burden_20_to_35pct, repayment_some_late} -> {previous_deep}","{burden_20_to_35pct, repayment_some_late} -> {previous_deep}"
"frozenset({'previous_deep', 'burden_20_to_35pct'})",frozenset({'repayment_some_late'}),0.06085247926344894,0.5849387512816362,1.3153359223238126,eclat,Portfolio-wide,356255,21679,"{burden_20_to_35pct, previous_deep} -> {repayment_some_late}","{burden_20_to_35pct, previous_deep} -> {repayment_some_late}"
"frozenset({'burden_20_to_35pct', 'previous_one'})",frozenset({'repayment_clean_observed'}),0.038225428415039786,0.7048654244306418,1.5719837724614585,eclat,Portfolio-wide,356255,13618,"{burden_20_to_35pct, previous_one} -> {repayment_clean_observed}","{burden_20_to_35pct, previous_one} -> {repayment_clean_observed}"
"frozenset({'previous_outcome_mixed', 'burden_20_to_35pct'})",frozenset({'previous_two_to_four'}),0.04310395643569915,0.4785142251721667,1.2455837653162327,eclat,Portfolio-wide,356255,15356,"{burden_20_to_35pct, previous_outcome_mixed} -> {previous_two_to_four}","{burden_20_to_35pct, previous_outcome_mixed} -> {previous_two_to_four}"
"frozenset({'cluster_3_high_exposure', 'burden_over_35pct'})",frozenset({'card_history_not_observed'}),0.03568230621324613,0.8680688336520078,1.2238129551704058,eclat,Portfolio-wide,356255,12712,"{burden_over_35pct, cluster_3_high_exposure} -> {card_history_not_observed}","{burden_over_35pct, cluster_3_high_exposure} -> {card_history_not_observed}"
"frozenset({'card_history_not_observed', 'burden_over_35pct'})",frozenset({'cluster_3_high_exposure'}),0.03568230621324613,0.8621227534757546,2.5608072699792803,eclat,Portfolio-wide,356255,12712,"{burden_over_35pct, card_history_not_observed} -> {cluster_3_high_exposure}","{burden_over_35pct, card_history_not_observed} -> {cluster_3_high_exposure}"
"frozenset({'card_history_not_observed', 'burden_over_35pct'})",frozenset({'income_q1'}),0.030346240754515728,0.7331976941336047,2.2906118801010877,eclat,Portfolio-wide,356255,10811,"{burden_over_35pct, card_history_not_observed} -> {income_q1}","{burden_over_35pct, card_history_not_observed} -> {income_q1}"
"frozenset({'card_history_not_observed', 'burden_over_35pct'})",frozenset({'leverage_over_6x'}),0.030817813083325145,0.7445913869108172,4.489007049074547,eclat,Portfolio-wide,356255,10979,"{burden_over_35pct, card_history_not_observed} -> {leverage_over_6x}","{burden_over_35pct, card_history_not_observed} -> {leverage_over_6x}"
frozenset({'burden_over_35pct'}),frozenset({'cluster_3_high_exposure'}),0.04110538799455446,0.762748059794781,2.2656295391929904,eclat,Portfolio-wide,356255,14644,{burden_over_35pct} -> {cluster_3_high_exposure},{burden_over_35pct} -> {cluster_3_high_exposure}
"frozenset({'leverage_over_6x', 'burden_over_35pct'})",frozenset({'cluster_3_high_exposure'}),0.03308023747035129,0.8199972168104647,2.4356796357655446,eclat,Portfolio-wide,356255,11785,"{burden_over_35pct, leverage_over_6x} -> {cluster_3_high_exposure}","{burden_over_35pct, leverage_over_6x} -> {cluster_3_high_exposure}"
"frozenset({'cluster_3_high_exposure', 'burden_over_35pct'})",frozenset({'leverage_over_6x'}),0.03308023747035129,0.8047664572521169,4.851791684633333,eclat,Portfolio-wide,356255,11785,"{burden_over_35pct, cluster_3_high_exposure} -> {leverage_over_6x}","{burden_over_35pct, cluster_3_high_exposure} -> {leverage_over_6x}"
frozenset({'burden_over_35pct'}),frozenset({'credit_large'}),0.032510420906373245,0.6032605864888797,1.8732532619726294,eclat,Portfolio-wide,356255,11582,{burden_over_35pct} -> {credit_large},{burden_over_35pct} -> {credit_large}
frozenset({'burden_over_35pct'}),frozenset({'income_q1'}),0.039519445341118016,0.7333194437210271,2.290992242796686,eclat,Portfolio-wide,356255,14079,{burden_over_35pct} -> {income_q1},{burden_over_35pct} -> {income_q1}
"frozenset({'income_q1', 'leverage_over_6x'})",frozenset({'burden_over_35pct'}),0.031783413566125386,0.38152840487903494,7.079608410864139,eclat,Portfolio-wide,356255,11323,"{income_q1, leverage_over_6x} -> {burden_over_35pct}","{income_q1, leverage_over_6x} -> {burden_over_35pct}"
"frozenset({'leverage_over_6x', 'burden_over_35pct'})",frozenset({'income_q1'}),0.031783413566125386,0.7878513776788199,2.4613576118752287,eclat,Portfolio-wide,356255,11323,"{burden_over_35pct, leverage_over_6x} -> {income_q1}","{burden_over_35pct, leverage_over_6x} -> {income_q1}"
"frozenset({'income_q1', 'burden_over_35pct'})",frozenset({'leverage_over_6x'}),0.031783413566125386,0.804247460757156,4.848662748460716,eclat,Portfolio-wide,356255,11323,"{burden_over_35pct, income_q1} -> {leverage_over_6x}","{burden_over_35pct, income_q1} -> {leverage_over_6x}"
frozenset({'burden_over_35pct'}),frozenset({'leverage_over_6x'}),0.04034188993838683,0.7485806552424606,4.513057627655229,eclat,Portfolio-wide,356255,14372,{burden_over_35pct} -> {leverage_over_6x},{burden_over_35pct} -> {leverage_over_6x}
"frozenset({'bureau_debt_low', 'cluster_2_thin_file'})",frozenset({'burden_under_20pct'}),0.13179604496778993,0.82891391850858,1.2626605153961483,eclat,Portfolio-wide,356255,46953,"{bureau_debt_low, cluster_2_thin_file} -> {burden_under_20pct}","{bureau_debt_low, cluster_2_thin_file} -> {burden_under_20pct}"
"frozenset({'burden_under_20pct', 'credit_file_thin'})",frozenset({'bureau_debt_low'}),0.08769841826781379,0.610202925724107,1.2093293982712505,eclat,Portfolio-wide,356255,31243,"{burden_under_20pct, credit_file_thin} -> {bureau_debt_low}","{burden_under_20pct, credit_file_thin} -> {bureau_debt_low}"
"frozenset({'credit_small', 'bureau_debt_low'})",frozenset({'burden_under_20pct'}),0.1400569816563978,0.8386869043416871,1.2775474210849718,eclat,Portfolio-wide,356255,49896,"{bureau_debt_low, credit_small} -> {burden_under_20pct}","{bureau_debt_low, credit_small} -> {burden_under_20pct}"
"frozenset({'burden_under_20pct', 'bureau_debt_low'})",frozenset({'credit_small'}),0.1400569816563978,0.43485005621257944,1.3018168483963368,eclat,Portfolio-wide,356255,49896,"{burden_under_20pct, bureau_debt_low} -> {credit_small}","{burden_under_20pct, bureau_debt_low} -> {credit_small}"
"frozenset({'bureau_debt_low', 'income_q4'})",frozenset({'burden_under_20pct'}),0.09929685197400738,0.843486969169508,1.2848592205301255,eclat,Portfolio-wide,356255,35375,"{bureau_debt_low, income_q4} -> {burden_under_20pct}","{bureau_debt_low, income_q4} -> {burden_under_20pct}"
"frozenset({'leverage_under_3x', 'bureau_debt_low'})",frozenset({'burden_under_20pct'}),0.20923495810585113,0.9000688264486759,1.3710487216097191,eclat,Portfolio-wide,356255,74541,"{bureau_debt_low, leverage_under_3x} -> {burden_under_20pct}","{bureau_debt_low, leverage_under_3x} -> {burden_under_20pct}"
"frozenset({'burden_under_20pct', 'bureau_debt_low'})",frozenset({'leverage_under_3x'}),0.20923495810585113,0.6496344003555773,1.3691896947818814,eclat,Portfolio-wide,356255,74541,"{burden_under_20pct, bureau_debt_low} -> {leverage_under_3x}","{burden_under_20pct, bureau_debt_low} -> {leverage_under_3x}"
"frozenset({'burden_under_20pct', 'cluster_0_card_intensive'})",frozenset({'bureau_debt_moderate'}),0.038514547164250325,0.3614118266824707,1.222173635390593,eclat,Portfolio-wide,356255,13721,"{burden_under_20pct, cluster_0_card_intensive} -> {bureau_debt_moderate}","{burden_under_20pct, cluster_0_card_intensive} -> {bureau_debt_moderate}"
"frozenset({'cluster_2_thin_file', 'bureau_debt_moderate'})",frozenset({'burden_under_20pct'}),0.08310900899636496,0.8741143127066603,1.3315129640761572,eclat,Portfolio-wide,356255,29608,"{bureau_debt_moderate, cluster_2_thin_file} -> {burden_under_20pct}","{bureau_debt_moderate, cluster_2_thin_file} -> {burden_under_20pct}"
"frozenset({'cluster_4_history_rich', 'bureau_debt_moderate'})",frozenset({'burden_under_20pct'}),0.040990301890499785,0.7958905602790496,1.212356992206148,eclat,Portfolio-wide,356255,14603,"{bureau_debt_moderate, cluster_4_history_rich} -> {burden_under_20pct}","{bureau_debt_moderate, cluster_4_history_rich} -> {burden_under_20pct}"
"frozenset({'burden_under_20pct', 'cluster_4_history_rich'})",frozenset({'bureau_debt_moderate'}),0.040990301890499785,0.3632948552094736,1.228541406588112,eclat,Portfolio-wide,356255,14603,"{burden_under_20pct, cluster_4_history_rich} -> {bureau_debt_moderate}","{burden_under_20pct, cluster_4_history_rich} -> {bureau_debt_moderate}"
"frozenset({'credit_file_deep', 'burden_under_20pct'})",frozenset({'bureau_debt_moderate'}),0.06659555655359223,0.41734832093162344,1.4113321063654662,eclat,Portfolio-wide,356255,23725,"{burden_under_20pct, credit_file_deep} -> {bureau_debt_moderate}","{burden_under_20pct, credit_file_deep} -> {bureau_debt_moderate}"
"frozenset({'credit_file_established', 'burden_under_20pct'})",frozenset({'bureau_debt_moderate'}),0.11105809041276614,0.4114496672212979,1.3913848370266777,eclat,Portfolio-wide,356255,39565,"{burden_under_20pct, credit_file_established} -> {bureau_debt_moderate}","{burden_under_20pct, credit_file_established} -> {bureau_debt_moderate}"
"frozenset({'burden_under_20pct', 'bureau_debt_moderate'})",frozenset({'credit_file_established'}),0.11105809041276614,0.5285763907444023,1.301980074151274,eclat,Portfolio-wide,356255,39565,"{burden_under_20pct, bureau_debt_moderate} -> {credit_file_established}","{burden_under_20pct, bureau_debt_moderate} -> {credit_file_established}"
"frozenset({'credit_small', 'bureau_debt_moderate'})",frozenset({'burden_under_20pct'}),0.08398759315658727,0.902131636867971,1.374190940854726,eclat,Portfolio-wide,356255,29921,"{bureau_debt_moderate, credit_small} -> {burden_under_20pct}","{bureau_debt_moderate, credit_small} -> {burden_under_20pct}"
"frozenset({'external_score_weak', 'burden_under_20pct'})",frozenset({'bureau_debt_moderate'}),0.08354689758740229,0.37370363860080863,1.263740422497898,eclat,Portfolio-wide,356255,29764,"{burden_under_20pct, external_score_weak} -> {bureau_debt_moderate}","{burden_under_20pct, external_score_weak} -> {bureau_debt_moderate}"
"frozenset({'income_q4', 'bureau_debt_moderate'})",frozenset({'burden_under_20pct'}),0.07223196867412388,0.9055813626126126,1.3794458079638965,eclat,Portfolio-wide,356255,25733,"{bureau_debt_moderate, income_q4} -> {burden_under_20pct}","{bureau_debt_moderate, income_q4} -> {burden_under_20pct}"
"frozenset({'leverage_under_3x', 'bureau_debt_moderate'})",frozenset({'burden_under_20pct'}),0.13702544525690868,0.9409950459741312,1.4333904440556458,eclat,Portfolio-wide,356255,48816,"{bureau_debt_moderate, leverage_under_3x} -> {burden_under_20pct}","{bureau_debt_moderate, leverage_under_3x} -> {burden_under_20pct}"
"frozenset({'burden_under_20pct', 'bureau_debt_moderate'})",frozenset({'leverage_under_3x'}),0.13702544525690868,0.6521669427670603,1.3745273600433003,eclat,Portfolio-wide,356255,48816,"{burden_under_20pct, bureau_debt_moderate} -> {leverage_under_3x}","{burden_under_20pct, bureau_debt_moderate} -> {leverage_under_3x}"
"frozenset({'burden_under_20pct', 'bureau_debt_not_observed'})",frozenset({'cluster_2_thin_file'}),0.04879089416288894,0.5859035291738295,1.7134383663259123,eclat,Portfolio-wide,356255,17382,"{burden_under_20pct, bureau_debt_not_observed} -> {cluster_2_thin_file}","{burden_under_20pct, bureau_debt_not_observed} -> {cluster_2_thin_file}"
"frozenset({'burden_under_20pct', 'credit_file_none'})",frozenset({'bureau_debt_not_observed'}),0.08327462070707779,1.0,7.062386012211561,eclat,Portfolio-wide,356255,29667,"{burden_under_20pct, credit_file_none} -> {bureau_debt_not_observed}","{burden_under_20pct, credit_file_none} -> {bureau_debt_not_observed}"
"frozenset({'burden_under_20pct', 'bureau_debt_not_observed'})",frozenset({'credit_file_none'}),0.08327462070707779,1.0,7.062386012211561,eclat,Portfolio-wide,356255,29667,"{burden_under_20pct, bureau_debt_not_observed} -> {credit_file_none}","{burden_under_20pct, bureau_debt_not_observed} -> {credit_file_none}"
"frozenset({'bureau_debt_not_observed', 'credit_small'})",frozenset({'burden_under_20pct'}),0.042584665478379254,0.7937114157162289,1.2090375645365479,eclat,Portfolio-wide,356255,15171,"{bureau_debt_not_observed, credit_small} -> {burden_under_20pct}","{bureau_debt_not_observed, credit_small} -> {burden_under_20pct}"
"frozenset({'burden_under_20pct', 'bureau_debt_not_observed'})",frozenset({'credit_small'}),0.042584665478379254,0.5113762766710487,1.5309144918567446,eclat,Portfolio-wide,356255,15171,"{burden_under_20pct, bureau_debt_not_observed} -> {credit_small}","{burden_under_20pct, bureau_debt_not_observed} -> {credit_small}"
"frozenset({'bureau_debt_not_observed', 'leverage_under_3x'})",frozenset({'burden_under_20pct'}),0.05754024504919229,0.8691909769335143,1.3240133895775485,eclat,Portfolio-wide,356255,20499,"{bureau_debt_not_observed, leverage_under_3x} -> {burden_under_20pct}","{bureau_debt_not_observed, leverage_under_3x} -> {burden_under_20pct}"
"frozenset({'burden_under_20pct', 'bureau_debt_not_observed'})",frozenset({'leverage_under_3x'}),0.05754024504919229,0.6909697643846698,1.4563093953822706,eclat,Portfolio-wide,356255,20499,"{burden_under_20pct, bureau_debt_not_observed} -> {leverage_under_3x}","{burden_under_20pct, bureau_debt_not_observed} -> {leverage_under_3x}"
"frozenset({'card_history_not_observed', 'cluster_2_thin_file'})",frozenset({'burden_under_20pct'}),0.24864493129920984,0.8270173374786431,1.259771508555656,eclat,Portfolio-wide,356255,88581,"{card_history_not_observed, cluster_2_thin_file} -> {burden_under_20pct}","{card_history_not_observed, cluster_2_thin_file} -> {burden_under_20pct}"
"frozenset({'burden_under_20pct', 'cluster_2_thin_file'})",frozenset({'card_history_not_observed'}),0.24864493129920984,0.8765362465119041,1.2357504066178007,eclat,Portfolio-wide,356255,88581,"{burden_under_20pct, cluster_2_thin_file} -> {card_history_not_observed}","{burden_under_20pct, cluster_2_thin_file} -> {card_history_not_observed}"
"frozenset({'burden_under_20pct', 'card_history_not_observed'})",frozenset({'cluster_2_thin_file'}),0.24864493129920984,0.5433783792073317,1.5890762147800686,eclat,Portfolio-wide,356255,88581,"{burden_under_20pct, card_history_not_observed} -> {cluster_2_thin_file}","{burden_under_20pct, card_history_not_observed} -> {cluster_2_thin_file}"
"frozenset({'burden_under_20pct', 'cluster_3_high_exposure'})",frozenset({'card_history_not_observed'}),0.11983551108054624,0.8552939997996595,1.2058028544012303,eclat,Portfolio-wide,356255,42692,"{burden_under_20pct, cluster_3_high_exposure} -> {card_history_not_observed}","{burden_under_20pct, cluster_3_high_exposure} -> {card_history_not_observed}"
"frozenset({'credit_small', 'card_history_not_observed'})",frozenset({'burden_under_20pct'}),0.21151422436176334,0.843969804220241,1.28559470915011,eclat,Portfolio-wide,356255,75353,"{card_history_not_observed, credit_small} -> {burden_under_20pct}","{card_history_not_observed, credit_small} -> {burden_under_20pct}"
"frozenset({'burden_under_20pct', 'card_history_not_observed'})",frozenset({'credit_small'}),0.21151422436176334,0.46223446346744856,1.3837979410475196,eclat,Portfolio-wide,356255,75353,"{burden_under_20pct, card_history_not_observed} -> {credit_small}","{burden_under_20pct, card_history_not_observed} -> {credit_small}"
"frozenset({'card_history_not_observed', 'income_q4'})",frozenset({'burden_under_20pct'}),0.13643036588960156,0.8536602501053816,1.3003558841316631,eclat,Portfolio-wide,356255,48604,"{card_history_not_observed, income_q4} -> {burden_under_20pct}","{card_history_not_observed, income_q4} -> {burden_under_20pct}"
"frozenset({'leverage_under_3x', 'card_history_not_observed'})",frozenset({'burden_under_20pct'}),0.30745112349300363,0.9060985092900515,1.3802335624890532,eclat,Portfolio-wide,356255,109531,"{card_history_not_observed, leverage_under_3x} -> {burden_under_20pct}","{card_history_not_observed, leverage_under_3x} -> {burden_under_20pct}"
"frozenset({'burden_under_20pct', 'card_history_not_observed'})",frozenset({'leverage_under_3x'}),0.30745112349300363,0.6718910065697864,1.4160984112116668,eclat,Portfolio-wide,356255,109531,"{burden_under_20pct, card_history_not_observed} -> {leverage_under_3x}","{burden_under_20pct, card_history_not_observed} -> {leverage_under_3x}"
"frozenset({'burden_under_20pct', 'previous_none'})",frozenset({'card_history_not_observed'}),0.03223253006975341,0.9557220141489805,1.347387369658702,eclat,Portfolio-wide,356255,11483,"{burden_under_20pct, previous_none} -> {card_history_not_observed}","{burden_under_20pct, previous_none} -> {card_history_not_observed}"
"frozenset({'burden_under_20pct', 'previous_one'})",frozenset({'card_history_not_observed'}),0.09937264038399461,0.9548752528658125,1.3461935963217213,eclat,Portfolio-wide,356255,35402,"{burden_under_20pct, previous_one} -> {card_history_not_observed}","{burden_under_20pct, previous_one} -> {card_history_not_observed}"
"frozenset({'burden_under_20pct', 'previous_outcome_not_observed'})",frozenset({'card_history_not_observed'}),0.03223253006975341,0.9557220141489805,1.347387369658702,eclat,Portfolio-wide,356255,11483,"{burden_under_20pct, previous_outcome_not_observed} -> {card_history_not_observed}","{burden_under_20pct, previous_outcome_not_observed} -> {card_history_not_observed}"
"frozenset({'repayment_not_observed', 'burden_under_20pct'})",frozenset({'card_history_not_observed'}),0.03211463698755105,0.9859531196139262,1.3900075134570622,eclat,Portfolio-wide,356255,11441,"{burden_under_20pct, repayment_not_observed} -> {card_history_not_observed}","{burden_under_20pct, repayment_not_observed} -> {card_history_not_observed}"
"frozenset({'burden_under_20pct', 'cluster_0_card_intensive'})",frozenset({'card_utilisation_moderate'}),0.08228937137724383,0.7721849071513236,3.0083738951827343,eclat,Portfolio-wide,356255,29316,"{burden_under_20pct, cluster_0_card_intensive} -> {card_utilisation_moderate}","{burden_under_20pct, cluster_0_card_intensive} -> {card_utilisation_moderate}"
"frozenset({'burden_under_20pct', 'card_utilisation_moderate'})",frozenset({'cluster_0_card_intensive'}),0.08228937137724383,0.47226741844542897,3.0851311847121354,eclat,Portfolio-wide,356255,29316,"{burden_under_20pct, card_utilisation_moderate} -> {cluster_0_card_intensive}","{burden_under_20pct, card_utilisation_moderate} -> {cluster_0_card_intensive}"
"frozenset({'cluster_2_thin_file', 'card_utilisation_moderate'})",frozenset({'burden_under_20pct'}),0.03491319420078315,0.8479105596836867,1.2915975475793129,eclat,Portfolio-wide,356255,12438,"{card_utilisation_moderate, cluster_2_thin_file} -> {burden_under_20pct}","{card_utilisation_moderate, cluster_2_thin_file} -> {burden_under_20pct}"
"frozenset({'credit_small', 'card_utilisation_moderate'})",frozenset({'burden_under_20pct'}),0.06338998750894724,0.8770437686900462,1.335975319357231,eclat,Portfolio-wide,356255,22583,"{card_utilisation_moderate, credit_small} -> {burden_under_20pct}","{card_utilisation_moderate, credit_small} -> {burden_under_20pct}"
"frozenset({'income_q4', 'card_utilisation_moderate'})",frozenset({'burden_under_20pct'}),0.06098440723638966,0.8818085883594446,1.343233430875442,eclat,Portfolio-wide,356255,21726,"{card_utilisation_moderate, income_q4} -> {burden_under_20pct}","{card_utilisation_moderate, income_q4} -> {burden_under_20pct}"
"frozenset({'leverage_under_3x', 'card_utilisation_moderate'})",frozenset({'burden_under_20pct'}),0.10799567725365258,0.9184750173076465,1.3990863379623115,eclat,Portfolio-wide,356255,38474,"{card_utilisation_moderate, leverage_under_3x} -> {burden_under_20pct}","{card_utilisation_moderate, leverage_under_3x} -> {burden_under_20pct}"
"frozenset({'burden_under_20pct', 'card_utilisation_moderate'})",frozenset({'leverage_under_3x'}),0.10799567725365258,0.6197986306886831,1.3063068974093321,eclat,Portfolio-wide,356255,38474,"{burden_under_20pct, card_utilisation_moderate} -> {leverage_under_3x}","{burden_under_20pct, card_utilisation_moderate} -> {leverage_under_3x}"
"frozenset({'burden_under_20pct', 'previous_deep'})",frozenset({'card_utilisation_moderate'}),0.11607416036266158,0.42030370174618337,1.637471378515431,eclat,Portfolio-wide,356255,41352,"{burden_under_20pct, previous_deep} -> {card_utilisation_moderate}","{burden_under_20pct, previous_deep} -> {card_utilisation_moderate}"
"frozenset({'burden_under_20pct', 'card_utilisation_moderate'})",frozenset({'previous_deep'}),0.11607416036266158,0.6661619009262989,1.676759490553697,eclat,Portfolio-wide,356255,41352,"{burden_under_20pct, card_utilisation_moderate} -> {previous_deep}","{burden_under_20pct, card_utilisation_moderate} -> {previous_deep}"
"frozenset({'burden_under_20pct', 'card_utilisation_moderate'})",frozenset({'repayment_some_late'}),0.1022497929853616,0.5868223922674185,1.319571614775257,eclat,Portfolio-wide,356255,36427,"{burden_under_20pct, card_utilisation_moderate} -> {repayment_some_late}","{burden_under_20pct, card_utilisation_moderate} -> {repayment_some_late}"
"frozenset({'credit_small', 'cluster_0_card_intensive'})",frozenset({'burden_under_20pct'}),0.034882317441158724,0.8872626017421106,1.3515413711753528,eclat,Portfolio-wide,356255,12427,"{cluster_0_card_intensive, credit_small} -> {burden_under_20pct}","{cluster_0_card_intensive, credit_small} -> {burden_under_20pct}"
"frozenset({'cluster_0_card_intensive', 'income_q4'})",frozenset({'burden_under_20pct'}),0.03988715947846346,0.9057301293900185,1.3796724200784225,eclat,Portfolio-wide,356255,14210,"{cluster_0_card_intensive, income_q4} -> {burden_under_20pct}","{cluster_0_card_intensive, income_q4} -> {burden_under_20pct}"
"frozenset({'burden_under_20pct', 'cluster_0_card_intensive'})",frozenset({'income_q4'}),0.03988715947846346,0.3742921111550112,1.5763498765755823,eclat,Portfolio-wide,356255,14210,"{burden_under_20pct, cluster_0_card_intensive} -> {income_q4}","{burden_under_20pct, cluster_0_card_intensive} -> {income_q4}"
"frozenset({'leverage_under_3x', 'cluster_0_card_intensive'})",frozenset({'burden_under_20pct'}),0.06522575121752677,0.935165808113329,1.4245109351979222,eclat,Portfolio-wide,356255,23237,"{cluster_0_card_intensive, leverage_under_3x} -> {burden_under_20pct}","{cluster_0_card_intensive, leverage_under_3x} -> {burden_under_20pct}"
"frozenset({'burden_under_20pct', 'cluster_0_card_intensive'})",frozenset({'leverage_under_3x'}),0.06522575121752677,0.6120637429211115,1.2900046070505446,eclat,Portfolio-wide,356255,23237,"{burden_under_20pct, cluster_0_card_intensive} -> {leverage_under_3x}","{burden_under_20pct, cluster_0_card_intensive} -> {leverage_under_3x}"
"frozenset({'burden_under_20pct', 'cluster_0_card_intensive'})",frozenset({'previous_deep'}),0.07049164222256529,0.6614776768075858,1.664969087596081,eclat,Portfolio-wide,356255,25113,"{burden_under_20pct, cluster_0_card_intensive} -> {previous_deep}","{burden_under_20pct, cluster_0_card_intensive} -> {previous_deep}"
"frozenset({'burden_under_20pct', 'cluster_0_card_intensive'})",frozenset({'previous_outcome_mixed'}),0.04304781687274564,0.4039510075069142,1.2487272001334178,eclat,Portfolio-wide,356255,15336,"{burden_under_20pct, cluster_0_card_intensive} -> {previous_outcome_mixed}","{burden_under_20pct, cluster_0_card_intensive} -> {previous_outcome_mixed}"
"frozenset({'burden_under_20pct', 'cluster_0_card_intensive'})",frozenset({'repayment_some_late'}),0.07582490070314803,0.7115237718951666,1.5999842286229955,eclat,Portfolio-wide,356255,27013,"{burden_under_20pct, cluster_0_card_intensive} -> {repayment_some_late}","{burden_under_20pct, cluster_0_card_intensive} -> {repayment_some_late}"
frozenset({'cluster_2_thin_file'}),frozenset({'burden_under_20pct'}),0.2836675976477523,0.8295682153997701,1.2636571868615505,eclat,Portfolio-wide,356255,101058,{cluster_2_thin_file} -> {burden_under_20pct},{cluster_2_thin_file} -> {burden_under_20pct}
frozenset({'burden_under_20pct'}),frozenset({'cluster_2_thin_file'}),0.2836675976477523,0.43210261892036345,1.2636571868615505,eclat,Portfolio-wide,356255,101058,{burden_under_20pct} -> {cluster_2_thin_file},{burden_under_20pct} -> {cluster_2_thin_file}
"frozenset({'credit_file_deep', 'cluster_2_thin_file'})",frozenset({'burden_under_20pct'}),0.047216179422043196,0.9034319780869005,1.376171712895131,eclat,Portfolio-wide,356255,16821,"{cluster_2_thin_file, credit_file_deep} -> {burden_under_20pct}","{cluster_2_thin_file, credit_file_deep} -> {burden_under_20pct}"
"frozenset({'credit_file_established', 'cluster_2_thin_file'})",frozenset({'burden_under_20pct'}),0.1135450730516063,0.8536847881141315,1.300393262168252,eclat,Portfolio-wide,356255,40451,"{cluster_2_thin_file, credit_file_established} -> {burden_under_20pct}","{cluster_2_thin_file, credit_file_established} -> {burden_under_20pct}"
"frozenset({'credit_file_established', 'burden_under_20pct'})",frozenset({'cluster_2_thin_file'}),0.1135450730516063,0.42066347753743766,1.230204130603348,eclat,Portfolio-wide,356255,40451,"{burden_under_20pct, credit_file_established} -> {cluster_2_thin_file}","{burden_under_20pct, credit_file_established} -> {cluster_2_thin_file}"
"frozenset({'burden_under_20pct', 'credit_file_none'})",frozenset({'cluster_2_thin_file'}),0.04879089416288894,0.5859035291738295,1.7134383663259123,eclat,Portfolio-wide,356255,17382,"{burden_under_20pct, credit_file_none} -> {cluster_2_thin_file}","{burden_under_20pct, credit_file_none} -> {cluster_2_thin_file}"
"frozenset({'credit_file_thin', 'cluster_2_thin_file'})",frozenset({'burden_under_20pct'}),0.07411545101121388,0.8016759776536313,1.221169750588966,eclat,Portfolio-wide,356255,26404,"{cluster_2_thin_file, credit_file_thin} -> {burden_under_20pct}","{cluster_2_thin_file, credit_file_thin} -> {burden_under_20pct}"
"frozenset({'burden_under_20pct', 'credit_file_thin'})",frozenset({'cluster_2_thin_file'}),0.07411545101121388,0.5156930528700612,1.508112202842092,eclat,Portfolio-wide,356255,26404,"{burden_under_20pct, credit_file_thin} -> {cluster_2_thin_file}","{burden_under_20pct, credit_file_thin} -> {cluster_2_thin_file}"
"frozenset({'cluster_2_thin_file', 'credit_medium'})",frozenset({'burden_under_20pct'}),0.0818627106987972,0.7880032423669279,1.2003424697356704,eclat,Portfolio-wide,356255,29164,"{cluster_2_thin_file, credit_medium} -> {burden_under_20pct}","{cluster_2_thin_file, credit_medium} -> {burden_under_20pct}"
"frozenset({'credit_small', 'cluster_2_thin_file'})",frozenset({'burden_under_20pct'}),0.20104419587093514,0.8473286958167707,1.2907112112376427,eclat,Portfolio-wide,356255,71623,"{cluster_2_thin_file, credit_small} -> {burden_under_20pct}","{cluster_2_thin_file, credit_small} -> {burden_under_20pct}"
"frozenset({'burden_under_20pct', 'credit_small'})",frozenset({'cluster_2_thin_file'}),0.20104419587093514,0.7057565724646249,2.0639411239811603,eclat,Portfolio-wide,356255,71623,"{burden_under_20pct, credit_small} -> {cluster_2_thin_file}","{burden_under_20pct, credit_small} -> {cluster_2_thin_file}"
"frozenset({'burden_under_20pct', 'cluster_2_thin_file'})",frozenset({'credit_small'}),0.20104419587093514,0.7087316194660492,2.121740011368622,eclat,Portfolio-wide,356255,71623,"{burden_under_20pct, cluster_2_thin_file} -> {credit_small}","{burden_under_20pct, cluster_2_thin_file} -> {credit_small}"
"frozenset({'external_score_middle', 'cluster_2_thin_file'})",frozenset({'burden_under_20pct'}),0.09268922541438016,0.8472788853821877,1.2906353364482364,eclat,Portfolio-wide,356255,33021,"{cluster_2_thin_file, external_score_middle} -> {burden_under_20pct}","{cluster_2_thin_file, external_score_middle} -> {burden_under_20pct}"
"frozenset({'burden_under_20pct', 'external_score_middle'})",frozenset({'cluster_2_thin_file'}),0.09268922541438016,0.4196180092257253,1.2271467236636904,eclat,Portfolio-wide,356255,33021,"{burden_under_20pct, external_score_middle} -> {cluster_2_thin_file}","{burden_under_20pct, external_score_middle} -> {cluster_2_thin_file}"
"frozenset({'external_score_strong', 'cluster_2_thin_file'})",frozenset({'burden_under_20pct'}),0.07887047199337553,0.8482671174978867,1.2921406817496939,eclat,Portfolio-wide,356255,28098,"{cluster_2_thin_file, external_score_strong} -> {burden_under_20pct}","{cluster_2_thin_file, external_score_strong} -> {burden_under_20pct}"
"frozenset({'external_score_weak', 'cluster_2_thin_file'})",frozenset({'burden_under_20pct'}),0.11186088616300122,0.8031884875846501,1.2234737130709548,eclat,Portfolio-wide,356255,39851,"{cluster_2_thin_file, external_score_weak} -> {burden_under_20pct}","{cluster_2_thin_file, external_score_weak} -> {burden_under_20pct}"
"frozenset({'external_score_weak', 'burden_under_20pct'})",frozenset({'cluster_2_thin_file'}),0.11186088616300122,0.5003515556336791,1.463246950026895,eclat,Portfolio-wide,356255,39851,"{burden_under_20pct, external_score_weak} -> {cluster_2_thin_file}","{burden_under_20pct, external_score_weak} -> {cluster_2_thin_file}"
"frozenset({'burden_under_20pct', 'income_q1'})",frozenset({'cluster_2_thin_file'}),0.10673253708719878,0.7,2.0471063864718437,eclat,Portfolio-wide,356255,38024,"{burden_under_20pct, income_q1} -> {cluster_2_thin_file}","{burden_under_20pct, income_q1} -> {cluster_2_thin_file}"
"frozenset({'income_q2', 'cluster_2_thin_file'})",frozenset({'burden_under_20pct'}),0.058056729028364513,0.8753967918059847,1.3334665272681607,eclat,Portfolio-wide,356255,20683,"{cluster_2_thin_file, income_q2} -> {burden_under_20pct}","{cluster_2_thin_file, income_q2} -> {burden_under_20pct}"
"frozenset({'income_q2', 'burden_under_20pct'})",frozenset({'cluster_2_thin_file'}),0.058056729028364513,0.5250691782386839,1.535532097302761,eclat,Portfolio-wide,356255,20683,"{burden_under_20pct, income_q2} -> {cluster_2_thin_file}","{burden_under_20pct, income_q2} -> {cluster_2_thin_file}"
"frozenset({'income_q3', 'cluster_2_thin_file'})",frozenset({'burden_under_20pct'}),0.07309371096546013,0.9466337065580922,1.4419796520784742,eclat,Portfolio-wide,356255,26040,"{cluster_2_thin_file, income_q3} -> {burden_under_20pct}","{cluster_2_thin_file, income_q3} -> {burden_under_20pct}"
"frozenset({'income_q4', 'cluster_2_thin_file'})",frozenset({'burden_under_20pct'}),0.04578462056672889,0.984666465439179,1.4999138498985987,eclat,Portfolio-wide,356255,16311,"{cluster_2_thin_file, income_q4} -> {burden_under_20pct}","{cluster_2_thin_file, income_q4} -> {burden_under_20pct}"
"frozenset({'leverage_under_3x', 'cluster_2_thin_file'})",frozenset({'burden_under_20pct'}),0.24524848774052294,0.9142860132688726,1.3927053496829598,eclat,Portfolio-wide,356255,87371,"{cluster_2_thin_file, leverage_under_3x} -> {burden_under_20pct}","{cluster_2_thin_file, leverage_under_3x} -> {burden_under_20pct}"
"frozenset({'burden_under_20pct', 'leverage_under_3x'})",frozenset({'cluster_2_thin_file'}),0.24524848774052294,0.5676648496228389,1.6601004843407035,eclat,Portfolio-wide,356255,87371,"{burden_under_20pct, leverage_under_3x} -> {cluster_2_thin_file}","{burden_under_20pct, leverage_under_3x} -> {cluster_2_thin_file}"
"frozenset({'burden_under_20pct', 'cluster_2_thin_file'})",frozenset({'leverage_under_3x'}),0.24524848774052294,0.8645629242613153,1.8221797456248552,eclat,Portfolio-wide,356255,87371,"{burden_under_20pct, cluster_2_thin_file} -> {leverage_under_3x}","{burden_under_20pct, cluster_2_thin_file} -> {leverage_under_3x}"
"frozenset({'previous_approval_high', 'cluster_2_thin_file'})",frozenset({'burden_under_20pct'}),0.173215814514884,0.8231598324573806,1.2538954831089433,eclat,Portfolio-wide,356255,61709,"{cluster_2_thin_file, previous_approval_high} -> {burden_under_20pct}","{cluster_2_thin_file, previous_approval_high} -> {burden_under_20pct}"
"frozenset({'burden_under_20pct', 'previous_approval_high'})",frozenset({'cluster_2_thin_file'}),0.173215814514884,0.5249060070430921,1.5350549133076405,eclat,Portfolio-wide,356255,61709,"{burden_under_20pct, previous_approval_high} -> {cluster_2_thin_file}","{burden_under_20pct, previous_approval_high} -> {cluster_2_thin_file}"
"frozenset({'previous_deep', 'cluster_2_thin_file'})",frozenset({'burden_under_20pct'}),0.06306157106566926,0.8505982129335151,1.2956915717739368,eclat,Portfolio-wide,356255,22466,"{cluster_2_thin_file, previous_deep} -> {burden_under_20pct}","{cluster_2_thin_file, previous_deep} -> {burden_under_20pct}"
"frozenset({'cluster_2_thin_file', 'previous_one'})",frozenset({'burden_under_20pct'}),0.0680102735400205,0.8068802451045691,1.2290972601591803,eclat,Portfolio-wide,356255,24229,"{cluster_2_thin_file, previous_one} -> {burden_under_20pct}","{cluster_2_thin_file, previous_one} -> {burden_under_20pct}"
"frozenset({'burden_under_20pct', 'previous_one'})",frozenset({'cluster_2_thin_file'}),0.0680102735400205,0.6535131490222522,1.9111584871525404,eclat,Portfolio-wide,356255,24229,"{burden_under_20pct, previous_one} -> {cluster_2_thin_file}","{burden_under_20pct, previous_one} -> {cluster_2_thin_file}"
"frozenset({'previous_outcome_mixed', 'cluster_2_thin_file'})",frozenset({'burden_under_20pct'}),0.08764227870486029,0.8329242917355814,1.268769400544135,eclat,Portfolio-wide,356255,31223,"{cluster_2_thin_file, previous_outcome_mixed} -> {burden_under_20pct}","{cluster_2_thin_file, previous_outcome_mixed} -> {burden_under_20pct}"
"frozenset({'cluster_2_thin_file', 'previous_two_to_four'})",frozenset({'burden_under_20pct'}),0.13618615879075383,0.8252593978567784,1.2570936901484409,eclat,Portfolio-wide,356255,48517,"{cluster_2_thin_file, previous_two_to_four} -> {burden_under_20pct}","{cluster_2_thin_file, previous_two_to_four} -> {burden_under_20pct}"
"frozenset({'burden_under_20pct', 'previous_two_to_four'})",frozenset({'cluster_2_thin_file'}),0.13618615879075383,0.56154585122513,1.642205854771045,eclat,Portfolio-wide,356255,48517,"{burden_under_20pct, previous_two_to_four} -> {cluster_2_thin_file}","{burden_under_20pct, previous_two_to_four} -> {cluster_2_thin_file}"
"frozenset({'burden_under_20pct', 'cluster_2_thin_file'})",frozenset({'previous_two_to_four'}),0.13618615879075383,0.48009064101802934,1.249687212782789,eclat,Portfolio-wide,356255,48517,"{burden_under_20pct, cluster_2_thin_file} -> {previous_two_to_four}","{burden_under_20pct, cluster_2_thin_file} -> {previous_two_to_four}"
"frozenset({'repayment_clean_observed', 'cluster_2_thin_file'})",frozenset({'burden_under_20pct'}),0.15688481565171014,0.8274019245003701,1.2603573388044014,eclat,Portfolio-wide,356255,55891,"{cluster_2_thin_file, repayment_clean_observed} -> {burden_under_20pct}","{cluster_2_thin_file, repayment_clean_observed} -> {burden_under_20pct}"
"frozenset({'burden_under_20pct', 'repayment_clean_observed'})",frozenset({'cluster_2_thin_file'}),0.15688481565171014,0.5449271688473764,1.5936055535849785,eclat,Portfolio-wide,356255,55891,"{burden_under_20pct, repayment_clean_observed} -> {cluster_2_thin_file}","{burden_under_20pct, repayment_clean_observed} -> {cluster_2_thin_file}"
"frozenset({'burden_under_20pct', 'cluster_2_thin_file'})",frozenset({'repayment_clean_observed'}),0.15688481565171014,0.553058639593105,1.2334258094191985,eclat,Portfolio-wide,356255,55891,"{burden_under_20pct, cluster_2_thin_file} -> {repayment_clean_observed}","{burden_under_20pct, cluster_2_thin_file} -> {repayment_clean_observed}"
"frozenset({'repayment_some_late', 'cluster_2_thin_file'})",frozenset({'burden_under_20pct'}),0.10362240529957474,0.8247173942183103,1.256268071735945,eclat,Portfolio-wide,356255,36916,"{cluster_2_thin_file, repayment_some_late} -> {burden_under_20pct}","{cluster_2_thin_file, repayment_some_late} -> {burden_under_20pct}"
"frozenset({'burden_under_20pct', 'credit_large'})",frozenset({'cluster_3_high_exposure'}),0.09589760143717281,0.635597477256237,1.8879476663575105,eclat,Portfolio-wide,356255,34164,"{burden_under_20pct, credit_large} -> {cluster_3_high_exposure}","{burden_under_20pct, credit_large} -> {cluster_3_high_exposure}"
"frozenset({'burden_under_20pct', 'cluster_3_high_exposure'})",frozenset({'credit_large'}),0.09589760143717281,0.6844435540418712,2.125343755187808,eclat,Portfolio-wide,356255,34164,"{burden_under_20pct, cluster_3_high_exposure} -> {credit_large}","{burden_under_20pct, cluster_3_high_exposure} -> {credit_large}"
"frozenset({'burden_under_20pct', 'cluster_3_high_exposure'})",frozenset({'external_score_strong'}),0.063754894668145,0.45503355704697984,1.365786909528627,eclat,Portfolio-wide,356255,22713,"{burden_under_20pct, cluster_3_high_exposure} -> {external_score_strong}","{burden_under_20pct, cluster_3_high_exposure} -> {external_score_strong}"
"frozenset({'burden_under_20pct', 'cluster_3_high_exposure'})",frozenset({'income_q4'}),0.07456176053669422,0.5321646799559251,2.2412380666473353,eclat,Portfolio-wide,356255,26563,"{burden_under_20pct, cluster_3_high_exposure} -> {income_q4}","{burden_under_20pct, cluster_3_high_exposure} -> {income_q4}"
"frozenset({'burden_under_20pct', 'leverage_3_to_6x'})",frozenset({'cluster_3_high_exposure'}),0.09511164755582378,0.4560860377155318,1.354735664276635,eclat,Portfolio-wide,356255,33884,"{burden_under_20pct, leverage_3_to_6x} -> {cluster_3_high_exposure}","{burden_under_20pct, leverage_3_to_6x} -> {cluster_3_high_exposure}"
"frozenset({'burden_under_20pct', 'cluster_3_high_exposure'})",frozenset({'leverage_3_to_6x'}),0.09511164755582378,0.6788340178303116,1.8874130819946435,eclat,Portfolio-wide,356255,33884,"{burden_under_20pct, cluster_3_high_exposure} -> {leverage_3_to_6x}","{burden_under_20pct, cluster_3_high_exposure} -> {leverage_3_to_6x}"
"frozenset({'cluster_3_high_exposure', 'leverage_under_3x'})",frozenset({'burden_under_20pct'}),0.03317848170551992,0.8257073000349283,1.2577759665374384,eclat,Portfolio-wide,356255,11820,"{cluster_3_high_exposure, leverage_under_3x} -> {burden_under_20pct}","{cluster_3_high_exposure, leverage_under_3x} -> {burden_under_20pct}"
"frozenset({'burden_under_20pct', 'cluster_3_high_exposure'})",frozenset({'previous_two_to_four'}),0.06525943495529887,0.4657718120805369,1.2124149648021487,eclat,Portfolio-wide,356255,23249,"{burden_under_20pct, cluster_3_high_exposure} -> {previous_two_to_four}","{burden_under_20pct, cluster_3_high_exposure} -> {previous_two_to_four}"
"frozenset({'credit_file_deep', 'cluster_4_history_rich'})",frozenset({'burden_under_20pct'}),0.043561493873770195,0.7983024691358025,1.2160309829694296,eclat,Portfolio-wide,356255,15519,"{cluster_4_history_rich, credit_file_deep} -> {burden_under_20pct}","{cluster_4_history_rich, credit_file_deep} -> {burden_under_20pct}"
"frozenset({'burden_under_20pct', 'cluster_4_history_rich'})",frozenset({'credit_file_deep'}),0.043561493873770195,0.38608319235744853,1.7487008797063484,eclat,Portfolio-wide,356255,15519,"{burden_under_20pct, cluster_4_history_rich} -> {credit_file_deep}","{burden_under_20pct, cluster_4_history_rich} -> {credit_file_deep}"
"frozenset({'burden_under_20pct', 'cluster_4_history_rich'})",frozenset({'credit_medium'}),0.04757827960309329,0.42168374962682853,1.2260821721373896,eclat,Portfolio-wide,356255,16950,"{burden_under_20pct, cluster_4_history_rich} -> {credit_medium}","{burden_under_20pct, cluster_4_history_rich} -> {credit_medium}"
"frozenset({'credit_small', 'cluster_4_history_rich'})",frozenset({'burden_under_20pct'}),0.043140447151618924,0.88185678218958,1.3433068431382098,eclat,Portfolio-wide,356255,15369,"{cluster_4_history_rich, credit_small} -> {burden_under_20pct}","{cluster_4_history_rich, credit_small} -> {burden_under_20pct}"
"frozenset({'income_q3', 'cluster_4_history_rich'})",frozenset({'burden_under_20pct'}),0.035505466589942594,0.809691460760466,1.2333795033809507,eclat,Portfolio-wide,356255,12649,"{cluster_4_history_rich, income_q3} -> {burden_under_20pct}","{cluster_4_history_rich, income_q3} -> {burden_under_20pct}"
"frozenset({'income_q4', 'cluster_4_history_rich'})",frozenset({'burden_under_20pct'}),0.04155450449818248,0.9175085218469167,1.3976141034765295,eclat,Portfolio-wide,356255,14804,"{cluster_4_history_rich, income_q4} -> {burden_under_20pct}","{cluster_4_history_rich, income_q4} -> {burden_under_20pct}"
"frozenset({'burden_under_20pct', 'cluster_4_history_rich'})",frozenset({'income_q4'}),0.04155450449818248,0.36829535277142,1.5510942298331036,eclat,Portfolio-wide,356255,14804,"{burden_under_20pct, cluster_4_history_rich} -> {income_q4}","{burden_under_20pct, cluster_4_history_rich} -> {income_q4}"
"frozenset({'leverage_under_3x', 'cluster_4_history_rich'})",frozenset({'burden_under_20pct'}),0.08006063072798979,0.9206882081409987,1.4024576273277243,eclat,Portfolio-wide,356255,28522,"{cluster_4_history_rich, leverage_under_3x} -> {burden_under_20pct}","{cluster_4_history_rich, leverage_under_3x} -> {burden_under_20pct}"
"frozenset({'burden_under_20pct', 'cluster_4_history_rich'})",frozenset({'leverage_under_3x'}),0.08006063072798979,0.7095730918499353,1.4955183477409393,eclat,Portfolio-wide,356255,28522,"{burden_under_20pct, cluster_4_history_rich} -> {leverage_under_3x}","{burden_under_20pct, cluster_4_history_rich} -> {leverage_under_3x}"
"frozenset({'burden_under_20pct', 'previous_deep'})",frozenset({'cluster_4_history_rich'}),0.10923636159492499,0.3955440814750066,2.6930122070457987,eclat,Portfolio-wide,356255,38916,"{burden_under_20pct, previous_deep} -> {cluster_4_history_rich}","{burden_under_20pct, previous_deep} -> {cluster_4_history_rich}"
"frozenset({'burden_under_20pct', 'cluster_4_history_rich'})",frozenset({'previous_deep'}),0.10923636159492499,0.9681560354264106,2.4368923207418267,eclat,Portfolio-wide,356255,38916,"{burden_under_20pct, cluster_4_history_rich} -> {previous_deep}","{burden_under_20pct, cluster_4_history_rich} -> {previous_deep}"
"frozenset({'previous_outcome_mixed', 'cluster_4_history_rich'})",frozenset({'burden_under_20pct'}),0.044333412864380854,0.7885172241637544,1.201125403290041,eclat,Portfolio-wide,356255,15794,"{cluster_4_history_rich, previous_outcome_mixed} -> {burden_under_20pct}","{cluster_4_history_rich, previous_outcome_mixed} -> {burden_under_20pct}"
"frozenset({'burden_under_20pct', 'cluster_4_history_rich'})",frozenset({'previous_outcome_mixed'}),0.044333412864380854,0.39292466912130564,1.2146416590551499,eclat,Portfolio-wide,356255,15794,"{burden_under_20pct, cluster_4_history_rich} -> {previous_outcome_mixed}","{burden_under_20pct, cluster_4_history_rich} -> {previous_outcome_mixed}"
"frozenset({'burden_under_20pct', 'previous_refusals_repeated'})",frozenset({'cluster_4_history_rich'}),0.04672495824620005,0.6266611452019726,4.266543712187607,eclat,Portfolio-wide,356255,16646,"{burden_under_20pct, previous_refusals_repeated} -> {cluster_4_history_rich}","{burden_under_20pct, previous_refusals_repeated} -> {cluster_4_history_rich}"
"frozenset({'burden_under_20pct', 'cluster_4_history_rich'})",frozenset({'previous_refusals_repeated'}),0.04672495824620005,0.41412080804060103,4.001643931553225,eclat,Portfolio-wide,356255,16646,"{burden_under_20pct, cluster_4_history_rich} -> {previous_refusals_repeated}","{burden_under_20pct, cluster_4_history_rich} -> {previous_refusals_repeated}"
"frozenset({'burden_under_20pct', 'cluster_4_history_rich'})",frozenset({'repayment_some_late'}),0.07106145878654335,0.6298139118320232,1.416245480055529,eclat,Portfolio-wide,356255,25316,"{burden_under_20pct, cluster_4_history_rich} -> {repayment_some_late}","{burden_under_20pct, cluster_4_history_rich} -> {repayment_some_late}"
"frozenset({'credit_file_deep', 'credit_small'})",frozenset({'burden_under_20pct'}),0.05926934358816017,0.9102862562510778,1.3866126358983548,eclat,Portfolio-wide,356255,21115,"{credit_file_deep, credit_small} -> {burden_under_20pct}","{credit_file_deep, credit_small} -> {burden_under_20pct}"
"frozenset({'credit_file_deep', 'income_q4'})",frozenset({'burden_under_20pct'}),0.062020182172881785,0.898535990239935,1.368713796698784,eclat,Portfolio-wide,356255,22095,"{credit_file_deep, income_q4} -> {burden_under_20pct}","{credit_file_deep, income_q4} -> {burden_under_20pct}"
"frozenset({'credit_file_deep', 'burden_under_20pct'})",frozenset({'income_q4'}),0.062020182172881785,0.38867486410892393,1.636923557313213,eclat,Portfolio-wide,356255,22095,"{burden_under_20pct, credit_file_deep} -> {income_q4}","{burden_under_20pct, credit_file_deep} -> {income_q4}"
"frozenset({'credit_file_deep', 'leverage_under_3x'})",frozenset({'burden_under_20pct'}),0.10317890275224208,0.9416677340847958,1.4344151303319248,eclat,Portfolio-wide,356255,36758,"{credit_file_deep, leverage_under_3x} -> {burden_under_20pct}","{credit_file_deep, leverage_under_3x} -> {burden_under_20pct}"
"frozenset({'credit_file_deep', 'burden_under_20pct'})",frozenset({'leverage_under_3x'}),0.10317890275224208,0.6466128379685823,1.3628213557897504,eclat,Portfolio-wide,356255,36758,"{burden_under_20pct, credit_file_deep} -> {leverage_under_3x}","{burden_under_20pct, credit_file_deep} -> {leverage_under_3x}"
"frozenset({'credit_file_deep', 'burden_under_20pct'})",frozenset({'previous_deep'}),0.0838837349651233,0.5256917691346948,1.3231898458571307,eclat,Portfolio-wide,356255,29884,"{burden_under_20pct, credit_file_deep} -> {previous_deep}","{burden_under_20pct, credit_file_deep} -> {previous_deep}"
"frozenset({'credit_file_established', 'credit_small'})",frozenset({'burden_under_20pct'}),0.11361805448344585,0.8668008651519369,1.320372601666289,eclat,Portfolio-wide,356255,40477,"{credit_file_established, credit_small} -> {burden_under_20pct}","{credit_file_established, credit_small} -> {burden_under_20pct}"
"frozenset({'credit_file_established', 'burden_under_20pct'})",frozenset({'credit_small'}),0.11361805448344585,0.42093386023294516,1.260155732954243,eclat,Portfolio-wide,356255,40477,"{burden_under_20pct, credit_file_established} -> {credit_small}","{burden_under_20pct, credit_file_established} -> {credit_small}"
"frozenset({'credit_file_established', 'income_q4'})",frozenset({'burden_under_20pct'}),0.08519740073823526,0.867001828153565,1.320678722774338,eclat,Portfolio-wide,356255,30352,"{credit_file_established, income_q4} -> {burden_under_20pct}","{credit_file_established, income_q4} -> {burden_under_20pct}"
"frozenset({'credit_file_established', 'leverage_under_3x'})",frozenset({'burden_under_20pct'}),0.17472316178018554,0.9179336685788441,1.3982617171547027,eclat,Portfolio-wide,356255,62246,"{credit_file_established, leverage_under_3x} -> {burden_under_20pct}","{credit_file_established, leverage_under_3x} -> {burden_under_20pct}"
"frozenset({'credit_file_established', 'burden_under_20pct'})",frozenset({'leverage_under_3x'}),0.17472316178018554,0.6473169717138104,1.364305410001145,eclat,Portfolio-wide,356255,62246,"{burden_under_20pct, credit_file_established} -> {leverage_under_3x}","{burden_under_20pct, credit_file_established} -> {leverage_under_3x}"
"frozenset({'credit_file_none', 'credit_small'})",frozenset({'burden_under_20pct'}),0.042584665478379254,0.7937114157162289,1.2090375645365479,eclat,Portfolio-wide,356255,15171,"{credit_file_none, credit_small} -> {burden_under_20pct}","{credit_file_none, credit_small} -> {burden_under_20pct}"
"frozenset({'burden_under_20pct', 'credit_file_none'})",frozenset({'credit_small'}),0.042584665478379254,0.5113762766710487,1.5309144918567446,eclat,Portfolio-wide,356255,15171,"{burden_under_20pct, credit_file_none} -> {credit_small}","{burden_under_20pct, credit_file_none} -> {credit_small}"
"frozenset({'credit_file_none', 'leverage_under_3x'})",frozenset({'burden_under_20pct'}),0.05754024504919229,0.8691909769335143,1.3240133895775485,eclat,Portfolio-wide,356255,20499,"{credit_file_none, leverage_under_3x} -> {burden_under_20pct}","{credit_file_none, leverage_under_3x} -> {burden_under_20pct}"
"frozenset({'burden_under_20pct', 'credit_file_none'})",frozenset({'leverage_under_3x'}),0.05754024504919229,0.6909697643846698,1.4563093953822706,eclat,Portfolio-wide,356255,20499,"{burden_under_20pct, credit_file_none} -> {leverage_under_3x}","{burden_under_20pct, credit_file_none} -> {leverage_under_3x}"
"frozenset({'credit_small', 'credit_file_thin'})",frozenset({'burden_under_20pct'}),0.06939130678867665,0.8241981729679269,1.2554771570740302,eclat,Portfolio-wide,356255,24721,"{credit_file_thin, credit_small} -> {burden_under_20pct}","{credit_file_thin, credit_small} -> {burden_under_20pct}"
"frozenset({'burden_under_20pct', 'credit_file_thin'})",frozenset({'credit_small'}),0.06939130678867665,0.4828226011210719,1.4454329439449036,eclat,Portfolio-wide,356255,24721,"{burden_under_20pct, credit_file_thin} -> {credit_small}","{burden_under_20pct, credit_file_thin} -> {credit_small}"
"frozenset({'credit_file_thin', 'income_q4'})",frozenset({'burden_under_20pct'}),0.037658418829209415,0.8385,1.2772627151256013,eclat,Portfolio-wide,356255,13416,"{credit_file_thin, income_q4} -> {burden_under_20pct}","{credit_file_thin, income_q4} -> {burden_under_20pct}"
"frozenset({'leverage_under_3x', 'credit_file_thin'})",frozenset({'burden_under_20pct'}),0.09658811806150089,0.8914276832206419,1.3578859189129655,eclat,Portfolio-wide,356255,34410,"{credit_file_thin, leverage_under_3x} -> {burden_under_20pct}","{credit_file_thin, leverage_under_3x} -> {burden_under_20pct}"
"frozenset({'burden_under_20pct', 'credit_file_thin'})",frozenset({'leverage_under_3x'}),0.09658811806150089,0.6720571863830784,1.416448656961762,eclat,Portfolio-wide,356255,34410,"{burden_under_20pct, credit_file_thin} -> {leverage_under_3x}","{burden_under_20pct, credit_file_thin} -> {leverage_under_3x}"
"frozenset({'burden_under_20pct', 'income_q4'})",frozenset({'credit_large'}),0.09977123128096448,0.48587246257945454,1.5087380077770343,eclat,Portfolio-wide,356255,35544,"{burden_under_20pct, income_q4} -> {credit_large}","{burden_under_20pct, income_q4} -> {credit_large}"
"frozenset({'burden_under_20pct', 'credit_large'})",frozenset({'income_q4'}),0.09977123128096448,0.6612714182061729,2.784977527994327,eclat,Portfolio-wide,356255,35544,"{burden_under_20pct, credit_large} -> {income_q4}","{burden_under_20pct, credit_large} -> {income_q4}"
"frozenset({'burden_under_20pct', 'leverage_3_to_6x'})",frozenset({'credit_large'}),0.10587079479586252,0.5076790545542649,1.5764521440296146,eclat,Portfolio-wide,356255,37717,"{burden_under_20pct, leverage_3_to_6x} -> {credit_large}","{burden_under_20pct, leverage_3_to_6x} -> {credit_large}"
"frozenset({'burden_under_20pct', 'credit_large'})",frozenset({'leverage_3_to_6x'}),0.10587079479586252,0.7016985730498038,1.9509851180178084,eclat,Portfolio-wide,356255,37717,"{burden_under_20pct, credit_large} -> {leverage_3_to_6x}","{burden_under_20pct, credit_large} -> {leverage_3_to_6x}"
"frozenset({'leverage_under_3x', 'credit_large'})",frozenset({'burden_under_20pct'}),0.030708340935565816,0.9164014072708997,1.395927667973466,eclat,Portfolio-wide,356255,10940,"{credit_large, leverage_under_3x} -> {burden_under_20pct}","{credit_large, leverage_under_3x} -> {burden_under_20pct}"
"frozenset({'income_q3', 'credit_medium'})",frozenset({'burden_under_20pct'}),0.08004378885910374,0.8145101399600115,1.240719657558328,eclat,Portfolio-wide,356255,28516,"{credit_medium, income_q3} -> {burden_under_20pct}","{credit_medium, income_q3} -> {burden_under_20pct}"
"frozenset({'burden_under_20pct', 'income_q3'})",frozenset({'credit_medium'}),0.08004378885910374,0.4255547762240893,1.237337518597791,eclat,Portfolio-wide,356255,28516,"{burden_under_20pct, income_q3} -> {credit_medium}","{burden_under_20pct, income_q3} -> {credit_medium}"
"frozenset({'burden_under_20pct', 'credit_medium'})",frozenset({'income_q3'}),0.08004378885910374,0.3626144455747711,1.3859967095277137,eclat,Portfolio-wide,356255,28516,"{burden_under_20pct, credit_medium} -> {income_q3}","{burden_under_20pct, credit_medium} -> {income_q3}"
"frozenset({'income_q4', 'credit_medium'})",frozenset({'burden_under_20pct'}),0.07115128208726895,0.9419196611051244,1.4347988834505874,eclat,Portfolio-wide,356255,25348,"{credit_medium, income_q4} -> {burden_under_20pct}","{credit_medium, income_q4} -> {burden_under_20pct}"
"frozenset({'leverage_under_3x', 'credit_medium'})",frozenset({'burden_under_20pct'}),0.13344935509677058,0.8967819821179311,1.3660419670312072,eclat,Portfolio-wide,356255,47542,"{credit_medium, leverage_under_3x} -> {burden_under_20pct}","{credit_medium, leverage_under_3x} -> {burden_under_20pct}"
"frozenset({'burden_under_20pct', 'credit_medium'})",frozenset({'leverage_under_3x'}),0.13344935509677058,0.6045523906408953,1.2741734470468267,eclat,Portfolio-wide,356255,47542,"{burden_under_20pct, credit_medium} -> {leverage_under_3x}","{burden_under_20pct, credit_medium} -> {leverage_under_3x}"
frozenset({'credit_small'}),frozenset({'burden_under_20pct'}),0.28486337033866194,0.8527995563062496,1.2990448142464264,eclat,Portfolio-wide,356255,101484,{credit_small} -> {burden_under_20pct},{credit_small} -> {burden_under_20pct}
frozenset({'burden_under_20pct'}),frozenset({'credit_small'}),0.28486337033866194,0.4339241047568146,1.2990448142464264,eclat,Portfolio-wide,356255,101484,{burden_under_20pct} -> {credit_small},{burden_under_20pct} -> {credit_small}
"frozenset({'external_score_middle', 'credit_small'})",frozenset({'burden_under_20pct'}),0.09304290466098722,0.8594653460212099,1.3091986182652535,eclat,Portfolio-wide,356255,33147,"{credit_small, external_score_middle} -> {burden_under_20pct}","{credit_small, external_score_middle} -> {burden_under_20pct}"
"frozenset({'burden_under_20pct', 'external_score_middle'})",frozenset({'credit_small'}),0.09304290466098722,0.4212191681598109,1.2610098633857987,eclat,Portfolio-wide,356255,33147,"{burden_under_20pct, external_score_middle} -> {credit_small}","{burden_under_20pct, external_score_middle} -> {credit_small}"
"frozenset({'external_score_strong', 'credit_small'})",frozenset({'burden_under_20pct'}),0.08327462070707779,0.8394024276377217,1.278637356955966,eclat,Portfolio-wide,356255,29667,"{credit_small, external_score_strong} -> {burden_under_20pct}","{credit_small, external_score_strong} -> {burden_under_20pct}"
"frozenset({'external_score_weak', 'credit_small'})",frozenset({'burden_under_20pct'}),0.108354970456555,0.8576125835906778,1.3063763590255348,eclat,Portfolio-wide,356255,38602,"{credit_small, external_score_weak} -> {burden_under_20pct}","{credit_small, external_score_weak} -> {burden_under_20pct}"
"frozenset({'external_score_weak', 'burden_under_20pct'})",frozenset({'credit_small'}),0.108354970456555,0.48466966325992517,1.4509625203541536,eclat,Portfolio-wide,356255,38602,"{burden_under_20pct, external_score_weak} -> {credit_small}","{burden_under_20pct, external_score_weak} -> {credit_small}"
"frozenset({'burden_under_20pct', 'income_q1'})",frozenset({'credit_small'}),0.12396457593577634,0.8130154639175258,2.4339360517805577,eclat,Portfolio-wide,356255,44163,"{burden_under_20pct, income_q1} -> {credit_small}","{burden_under_20pct, income_q1} -> {credit_small}"
"frozenset({'burden_under_20pct', 'credit_small'})",frozenset({'income_q1'}),0.12396457593577634,0.43517204682511523,1.359538182295313,eclat,Portfolio-wide,356255,44163,"{burden_under_20pct, credit_small} -> {income_q1}","{burden_under_20pct, credit_small} -> {income_q1}"
"frozenset({'income_q2', 'credit_small'})",frozenset({'burden_under_20pct'}),0.059538813490336975,0.934322967139459,1.4232270600032837,eclat,Portfolio-wide,356255,21211,"{credit_small, income_q2} -> {burden_under_20pct}","{credit_small, income_q2} -> {burden_under_20pct}"
"frozenset({'income_q2', 'burden_under_20pct'})",frozenset({'credit_small'}),0.059538813490336975,0.5384732553121271,1.6120351053455166,eclat,Portfolio-wide,356255,21211,"{burden_under_20pct, income_q2} -> {credit_small}","{burden_under_20pct, income_q2} -> {credit_small}"
"frozenset({'income_q3', 'credit_small'})",frozenset({'burden_under_20pct'}),0.06693800788760859,0.9939563187729242,1.5140648138725736,eclat,Portfolio-wide,356255,23847,"{credit_small, income_q3} -> {burden_under_20pct}","{credit_small, income_q3} -> {burden_under_20pct}"
"frozenset({'credit_small', 'income_q4'})",frozenset({'burden_under_20pct'}),0.03442197302494,1.0,1.5232709780865847,eclat,Portfolio-wide,356255,12263,"{credit_small, income_q4} -> {burden_under_20pct}","{credit_small, income_q4} -> {burden_under_20pct}"
"frozenset({'leverage_under_3x', 'credit_small'})",frozenset({'burden_under_20pct'}),0.2678727316107844,0.9169092708423409,1.3967012818126698,eclat,Portfolio-wide,356255,95431,"{credit_small, leverage_under_3x} -> {burden_under_20pct}","{credit_small, leverage_under_3x} -> {burden_under_20pct}"
"frozenset({'burden_under_20pct', 'leverage_under_3x'})",frozenset({'credit_small'}),0.2678727316107844,0.6200320960542645,1.8561989763095434,eclat,Portfolio-wide,356255,95431,"{burden_under_20pct, leverage_under_3x} -> {credit_small}","{burden_under_20pct, leverage_under_3x} -> {credit_small}"
"frozenset({'burden_under_20pct', 'credit_small'})",frozenset({'leverage_under_3x'}),0.2678727316107844,0.9403551298726892,1.9819217586880211,eclat,Portfolio-wide,356255,95431,"{burden_under_20pct, credit_small} -> {leverage_under_3x}","{burden_under_20pct, credit_small} -> {leverage_under_3x}"
"frozenset({'credit_small', 'previous_approval_high'})",frozenset({'burden_under_20pct'}),0.14765827848030202,0.8375632901315161,1.2758358521680526,eclat,Portfolio-wide,356255,52604,"{credit_small, previous_approval_high} -> {burden_under_20pct}","{credit_small, previous_approval_high} -> {burden_under_20pct}"
"frozenset({'burden_under_20pct', 'previous_approval_high'})",frozenset({'credit_small'}),0.14765827848030202,0.4474575117810176,1.3395599689040127,eclat,Portfolio-wide,356255,52604,"{burden_under_20pct, previous_approval_high} -> {credit_small}","{burden_under_20pct, previous_approval_high} -> {credit_small}"
"frozenset({'credit_small', 'previous_deep'})",frozenset({'burden_under_20pct'}),0.1168713421566013,0.8810360150662322,1.3420565923994465,eclat,Portfolio-wide,356255,41636,"{credit_small, previous_deep} -> {burden_under_20pct}","{credit_small, previous_deep} -> {burden_under_20pct}"
"frozenset({'burden_under_20pct', 'previous_deep'})",frozenset({'credit_small'}),0.1168713421566013,0.4231902913016079,1.2669108429984146,eclat,Portfolio-wide,356255,41636,"{burden_under_20pct, previous_deep} -> {credit_small}","{burden_under_20pct, previous_deep} -> {credit_small}"
"frozenset({'credit_small', 'previous_one'})",frozenset({'burden_under_20pct'}),0.049287729295027435,0.8176865046102263,1.2455581216458202,eclat,Portfolio-wide,356255,17559,"{credit_small, previous_one} -> {burden_under_20pct}","{credit_small, previous_one} -> {burden_under_20pct}"
"frozenset({'burden_under_20pct', 'previous_one'})",frozenset({'credit_small'}),0.049287729295027435,0.4736075522589346,1.4178457200360228,eclat,Portfolio-wide,356255,17559,"{burden_under_20pct, previous_one} -> {credit_small}","{burden_under_20pct, previous_one} -> {credit_small}"
"frozenset({'credit_small', 'previous_outcome_mixed'})",frozenset({'burden_under_20pct'}),0.09472989852773996,0.8638050628375439,1.3158091829446894,eclat,Portfolio-wide,356255,33748,"{credit_small, previous_outcome_mixed} -> {burden_under_20pct}","{credit_small, previous_outcome_mixed} -> {burden_under_20pct}"
"frozenset({'burden_under_20pct', 'previous_outcome_mixed'})",frozenset({'credit_small'}),0.09472989852773996,0.43414163504213027,1.2996960377806415,eclat,Portfolio-wide,356255,33748,"{burden_under_20pct, previous_outcome_mixed} -> {credit_small}","{burden_under_20pct, previous_outcome_mixed} -> {credit_small}"
"frozenset({'credit_small', 'previous_refusals_repeated'})",frozenset({'burden_under_20pct'}),0.031219210958442687,0.891757536882617,1.3583883754232677,eclat,Portfolio-wide,356255,11122,"{credit_small, previous_refusals_repeated} -> {burden_under_20pct}","{credit_small, previous_refusals_repeated} -> {burden_under_20pct}"
"frozenset({'burden_under_20pct', 'previous_refusals_repeated'})",frozenset({'credit_small'}),0.031219210958442687,0.41870270677257837,1.2534762968484712,eclat,Portfolio-wide,356255,11122,"{burden_under_20pct, previous_refusals_repeated} -> {credit_small}","{burden_under_20pct, previous_refusals_repeated} -> {credit_small}"
"frozenset({'credit_small', 'previous_two_to_four'})",frozenset({'burden_under_20pct'}),0.10744831651485594,0.8391757097446017,1.2782920041691634,eclat,Portfolio-wide,356255,38279,"{credit_small, previous_two_to_four} -> {burden_under_20pct}","{credit_small, previous_two_to_four} -> {burden_under_20pct}"
"frozenset({'burden_under_20pct', 'previous_two_to_four'})",frozenset({'credit_small'}),0.10744831651485594,0.4430491093646917,1.3263624713802258,eclat,Portfolio-wide,356255,38279,"{burden_under_20pct, previous_two_to_four} -> {credit_small}","{burden_under_20pct, previous_two_to_four} -> {credit_small}"
"frozenset({'repayment_clean_observed', 'credit_small'})",frozenset({'burden_under_20pct'}),0.1308164095942513,0.8465912187324021,1.28958783379802,eclat,Portfolio-wide,356255,46604,"{credit_small, repayment_clean_observed} -> {burden_under_20pct}","{credit_small, repayment_clean_observed} -> {burden_under_20pct}"
"frozenset({'burden_under_20pct', 'repayment_clean_observed'})",frozenset({'credit_small'}),0.1308164095942513,0.45438059395901176,1.3602856992871297,eclat,Portfolio-wide,356255,46604,"{burden_under_20pct, repayment_clean_observed} -> {credit_small}","{burden_under_20pct, repayment_clean_observed} -> {credit_small}"
"frozenset({'credit_small', 'repayment_some_late'})",frozenset({'burden_under_20pct'}),0.12649647022497928,0.8594450271765042,1.309167667158805,eclat,Portfolio-wide,356255,45065,"{credit_small, repayment_some_late} -> {burden_under_20pct}","{credit_small, repayment_some_late} -> {burden_under_20pct}"
"frozenset({'burden_under_20pct', 'repayment_some_late'})",frozenset({'credit_small'}),0.12649647022497928,0.4251174461822915,1.2726801941972947,eclat,Portfolio-wide,356255,45065,"{burden_under_20pct, repayment_some_late} -> {credit_small}","{burden_under_20pct, repayment_some_late} -> {credit_small}"
"frozenset({'external_score_middle', 'income_q4'})",frozenset({'burden_under_20pct'}),0.07099128433285147,0.8705724415682765,1.3261177345629347,eclat,Portfolio-wide,356255,25291,"{external_score_middle, income_q4} -> {burden_under_20pct}","{external_score_middle, income_q4} -> {burden_under_20pct}"
"frozenset({'external_score_middle', 'leverage_under_3x'})",frozenset({'burden_under_20pct'}),0.14405973249498252,0.9140160284951024,1.3922940897125504,eclat,Portfolio-wide,356255,51322,"{external_score_middle, leverage_under_3x} -> {burden_under_20pct}","{external_score_middle, leverage_under_3x} -> {burden_under_20pct}"
"frozenset({'burden_under_20pct', 'external_score_middle'})",frozenset({'leverage_under_3x'}),0.14405973249498252,0.6521799905963681,1.3745548600547186,eclat,Portfolio-wide,356255,51322,"{burden_under_20pct, external_score_middle} -> {leverage_under_3x}","{burden_under_20pct, external_score_middle} -> {leverage_under_3x}"
"frozenset({'external_score_strong', 'income_q4'})",frozenset({'burden_under_20pct'}),0.07510070034104785,0.838215482941195,1.276829318547153,eclat,Portfolio-wide,356255,26755,"{external_score_strong, income_q4} -> {burden_under_20pct}","{external_score_strong, income_q4} -> {burden_under_20pct}"
"frozenset({'external_score_strong', 'burden_under_20pct'})",frozenset({'income_q4'}),0.07510070034104785,0.35477497546874587,1.4941524871216225,eclat,Portfolio-wide,356255,26755,"{burden_under_20pct, external_score_strong} -> {income_q4}","{burden_under_20pct, external_score_strong} -> {income_q4}"
"frozenset({'external_score_strong', 'leverage_under_3x'})",frozenset({'burden_under_20pct'}),0.13184937755259576,0.9020240427084535,1.3740270457941213,eclat,Portfolio-wide,356255,46972,"{external_score_strong, leverage_under_3x} -> {burden_under_20pct}","{external_score_strong, leverage_under_3x} -> {burden_under_20pct}"
"frozenset({'external_score_strong', 'burden_under_20pct'})",frozenset({'leverage_under_3x'}),0.13184937755259576,0.62285517277959,1.3127489607148561,eclat,Portfolio-wide,356255,46972,"{burden_under_20pct, external_score_strong} -> {leverage_under_3x}","{burden_under_20pct, external_score_strong} -> {leverage_under_3x}"
"frozenset({'external_score_weak', 'income_q4'})",frozenset({'burden_under_20pct'}),0.05917952028743456,0.8936503899626991,1.3612717035859385,eclat,Portfolio-wide,356255,21083,"{external_score_weak, income_q4} -> {burden_under_20pct}","{external_score_weak, income_q4} -> {burden_under_20pct}"
"frozenset({'external_score_weak', 'leverage_under_3x'})",frozenset({'burden_under_20pct'}),0.1558743035185471,0.9147078686850385,1.393347949795354,eclat,Portfolio-wide,356255,55531,"{external_score_weak, leverage_under_3x} -> {burden_under_20pct}","{external_score_weak, leverage_under_3x} -> {burden_under_20pct}"
"frozenset({'external_score_weak', 'burden_under_20pct'})",frozenset({'leverage_under_3x'}),0.1558743035185471,0.6972227104939357,1.469488299347558,eclat,Portfolio-wide,356255,55531,"{burden_under_20pct, external_score_weak} -> {leverage_under_3x}","{burden_under_20pct, external_score_weak} -> {leverage_under_3x}"
"frozenset({'burden_under_20pct', 'previous_refusals_repeated'})",frozenset({'external_score_weak'}),0.03364724705618167,0.45126679968377065,1.3544809567733438,eclat,Portfolio-wide,356255,11987,"{burden_under_20pct, previous_refusals_repeated} -> {external_score_weak}","{burden_under_20pct, previous_refusals_repeated} -> {external_score_weak}"
"frozenset({'income_q1', 'leverage_under_3x'})",frozenset({'burden_under_20pct'}),0.10882654278536441,0.8455649822250333,1.2880245975096922,eclat,Portfolio-wide,356255,38770,"{income_q1, leverage_under_3x} -> {burden_under_20pct}","{income_q1, leverage_under_3x} -> {burden_under_20pct}"
"frozenset({'burden_under_20pct', 'income_q1'})",frozenset({'leverage_under_3x'}),0.10882654278536441,0.7137334315169366,1.5042868091951551,eclat,Portfolio-wide,356255,38770,"{burden_under_20pct, income_q1} -> {leverage_under_3x}","{burden_under_20pct, income_q1} -> {leverage_under_3x}"
"frozenset({'income_q2', 'leverage_under_3x'})",frozenset({'burden_under_20pct'}),0.0711905797813364,0.9162572254335261,1.3957080399650277,eclat,Portfolio-wide,356255,25362,"{income_q2, leverage_under_3x} -> {burden_under_20pct}","{income_q2, leverage_under_3x} -> {burden_under_20pct}"
"frozenset({'income_q2', 'burden_under_20pct'})",frozenset({'leverage_under_3x'}),0.0711905797813364,0.6438526566982306,1.3570039117796624,eclat,Portfolio-wide,356255,25362,"{burden_under_20pct, income_q2} -> {leverage_under_3x}","{burden_under_20pct, income_q2} -> {leverage_under_3x}"
"frozenset({'income_q3', 'leverage_under_3x'})",frozenset({'burden_under_20pct'}),0.11623696509522673,0.9284128870255364,1.4142244064875789,eclat,Portfolio-wide,356255,41410,"{income_q3, leverage_under_3x} -> {burden_under_20pct}","{income_q3, leverage_under_3x} -> {burden_under_20pct}"
"frozenset({'burden_under_20pct', 'income_q3'})",frozenset({'leverage_under_3x'}),0.11623696509522673,0.6179766896983987,1.3024669178346164,eclat,Portfolio-wide,356255,41410,"{burden_under_20pct, income_q3} -> {leverage_under_3x}","{burden_under_20pct, income_q3} -> {leverage_under_3x}"
frozenset({'income_q4'}),frozenset({'burden_under_20pct'}),0.20534448639317343,0.8648185364700319,1.3173529779161144,eclat,Portfolio-wide,356255,73155,{income_q4} -> {burden_under_20pct},{income_q4} -> {burden_under_20pct}
"frozenset({'income_q4', 'leverage_3_to_6x'})",frozenset({'burden_under_20pct'}),0.06543066062230705,0.7991634668129457,1.2173425157432218,eclat,Portfolio-wide,356255,23310,"{income_q4, leverage_3_to_6x} -> {burden_under_20pct}","{income_q4, leverage_3_to_6x} -> {burden_under_20pct}"
"frozenset({'leverage_under_3x', 'income_q4'})",frozenset({'burden_under_20pct'}),0.13577633998119323,0.9503703558166492,1.4476715814493228,eclat,Portfolio-wide,356255,48371,"{income_q4, leverage_under_3x} -> {burden_under_20pct}","{income_q4, leverage_under_3x} -> {burden_under_20pct}"
"frozenset({'burden_under_20pct', 'income_q4'})",frozenset({'leverage_under_3x'}),0.13577633998119323,0.6612124940195475,1.3935920455829636,eclat,Portfolio-wide,356255,48371,"{burden_under_20pct, income_q4} -> {leverage_under_3x}","{burden_under_20pct, income_q4} -> {leverage_under_3x}"
"frozenset({'previous_approval_high', 'income_q4'})",frozenset({'burden_under_20pct'}),0.09695302522069865,0.8559462741307956,1.3038381181847851,eclat,Portfolio-wide,356255,34540,"{income_q4, previous_approval_high} -> {burden_under_20pct}","{income_q4, previous_approval_high} -> {burden_under_20pct}"
"frozenset({'income_q4', 'previous_deep'})",frozenset({'burden_under_20pct'}),0.09160292487122988,0.8846779440468445,1.3476042371198658,eclat,Portfolio-wide,356255,32634,"{income_q4, previous_deep} -> {burden_under_20pct}","{income_q4, previous_deep} -> {burden_under_20pct}"
"frozenset({'income_q4', 'previous_outcome_mixed'})",frozenset({'burden_under_20pct'}),0.069284641619065,0.8712979632179041,1.3272229006357859,eclat,Portfolio-wide,356255,24683,"{income_q4, previous_outcome_mixed} -> {burden_under_20pct}","{income_q4, previous_outcome_mixed} -> {burden_under_20pct}"
"frozenset({'income_q4', 'previous_two_to_four'})",frozenset({'burden_under_20pct'}),0.07162285441607837,0.8553804894401609,1.3029762747856954,eclat,Portfolio-wide,356255,25516,"{income_q4, previous_two_to_four} -> {burden_under_20pct}","{income_q4, previous_two_to_four} -> {burden_under_20pct}"
"frozenset({'repayment_clean_observed', 'income_q4'})",frozenset({'burden_under_20pct'}),0.0850570518308515,0.8521611968840518,1.2980724198650044,eclat,Portfolio-wide,356255,30302,"{income_q4, repayment_clean_observed} -> {burden_under_20pct}","{income_q4, repayment_clean_observed} -> {burden_under_20pct}"
"frozenset({'repayment_some_late', 'income_q4'})",frozenset({'burden_under_20pct'}),0.09711021599696847,0.8786508863717174,1.3384233950800906,eclat,Portfolio-wide,356255,34596,"{income_q4, repayment_some_late} -> {burden_under_20pct}","{income_q4, repayment_some_late} -> {burden_under_20pct}"
frozenset({'leverage_under_3x'}),frozenset({'burden_under_20pct'}),0.4320304276431208,0.9105607847081304,1.387030817129642,eclat,Portfolio-wide,356255,153913,{leverage_under_3x} -> {burden_under_20pct},{leverage_under_3x} -> {burden_under_20pct}
frozenset({'burden_under_20pct'}),frozenset({'leverage_under_3x'}),0.4320304276431208,0.658099412079102,1.387030817129642,eclat,Portfolio-wide,356255,153913,{burden_under_20pct} -> {leverage_under_3x},{burden_under_20pct} -> {leverage_under_3x}
"frozenset({'leverage_under_3x', 'previous_approval_high'})",frozenset({'burden_under_20pct'}),0.2130440274522463,0.904107304521847,1.3772004180542197,eclat,Portfolio-wide,356255,75898,"{leverage_under_3x, previous_approval_high} -> {burden_under_20pct}","{leverage_under_3x, previous_approval_high} -> {burden_under_20pct}"
"frozenset({'burden_under_20pct', 'previous_approval_high'})",frozenset({'leverage_under_3x'}),0.2130440274522463,0.6455997686327214,1.360686179305868,eclat,Portfolio-wide,356255,75898,"{burden_under_20pct, previous_approval_high} -> {leverage_under_3x}","{burden_under_20pct, previous_approval_high} -> {leverage_under_3x}"
"frozenset({'leverage_under_3x', 'previous_deep'})",frozenset({'burden_under_20pct'}),0.18634124433341287,0.920581872642556,1.402295649549006,eclat,Portfolio-wide,356255,66385,"{leverage_under_3x, previous_deep} -> {burden_under_20pct}","{leverage_under_3x, previous_deep} -> {burden_under_20pct}"
"frozenset({'burden_under_20pct', 'previous_deep'})",frozenset({'leverage_under_3x'}),0.18634124433341287,0.6747403085804891,1.4221036888697467,eclat,Portfolio-wide,356255,66385,"{burden_under_20pct, previous_deep} -> {leverage_under_3x}","{burden_under_20pct, previous_deep} -> {leverage_under_3x}"
"frozenset({'leverage_under_3x', 'previous_one'})",frozenset({'burden_under_20pct'}),0.06950639289273133,0.8957135105805752,1.3644143953474415,eclat,Portfolio-wide,356255,24762,"{leverage_under_3x, previous_one} -> {burden_under_20pct}","{leverage_under_3x, previous_one} -> {burden_under_20pct}"
"frozenset({'burden_under_20pct', 'previous_one'})",frozenset({'leverage_under_3x'}),0.06950639289273133,0.6678894133513149,1.4076645287164644,eclat,Portfolio-wide,356255,24762,"{burden_under_20pct, previous_one} -> {leverage_under_3x}","{burden_under_20pct, previous_one} -> {leverage_under_3x}"
"frozenset({'leverage_under_3x', 'previous_outcome_mixed'})",frozenset({'burden_under_20pct'}),0.1474702109444078,0.911847403499028,1.3889906861936772,eclat,Portfolio-wide,356255,52537,"{leverage_under_3x, previous_outcome_mixed} -> {burden_under_20pct}","{leverage_under_3x, previous_outcome_mixed} -> {burden_under_20pct}"
"frozenset({'burden_under_20pct', 'previous_outcome_mixed'})",frozenset({'leverage_under_3x'}),0.1474702109444078,0.6758474303724191,1.424437093239265,eclat,Portfolio-wide,356255,52537,"{burden_under_20pct, previous_outcome_mixed} -> {leverage_under_3x}","{burden_under_20pct, previous_outcome_mixed} -> {leverage_under_3x}"
"frozenset({'leverage_under_3x', 'previous_refusals_repeated'})",frozenset({'burden_under_20pct'}),0.05317258705140981,0.9229232643118149,1.4058622235271219,eclat,Portfolio-wide,356255,18943,"{leverage_under_3x, previous_refusals_repeated} -> {burden_under_20pct}","{leverage_under_3x, previous_refusals_repeated} -> {burden_under_20pct}"
"frozenset({'burden_under_20pct', 'previous_refusals_repeated'})",frozenset({'leverage_under_3x'}),0.05317258705140981,0.7131348115800173,1.5030251391723357,eclat,Portfolio-wide,356255,18943,"{burden_under_20pct, previous_refusals_repeated} -> {leverage_under_3x}","{burden_under_20pct, previous_refusals_repeated} -> {leverage_under_3x}"
"frozenset({'leverage_under_3x', 'previous_two_to_four'})",frozenset({'burden_under_20pct'}),0.1578391882219197,0.9021209009818392,1.3741745871909572,eclat,Portfolio-wide,356255,56231,"{leverage_under_3x, previous_two_to_four} -> {burden_under_20pct}","{leverage_under_3x, previous_two_to_four} -> {burden_under_20pct}"
"frozenset({'burden_under_20pct', 'previous_two_to_four'})",frozenset({'leverage_under_3x'}),0.1578391882219197,0.6508292920056945,1.3717080856380706,eclat,Portfolio-wide,356255,56231,"{burden_under_20pct, previous_two_to_four} -> {leverage_under_3x}","{burden_under_20pct, previous_two_to_four} -> {leverage_under_3x}"
"frozenset({'repayment_clean_observed', 'leverage_under_3x'})",frozenset({'burden_under_20pct'}),0.19176151913657352,0.9058314991116179,1.3798268336333914,eclat,Portfolio-wide,356255,68316,"{leverage_under_3x, repayment_clean_observed} -> {burden_under_20pct}","{leverage_under_3x, repayment_clean_observed} -> {burden_under_20pct}"
"frozenset({'burden_under_20pct', 'repayment_clean_observed'})",frozenset({'leverage_under_3x'}),0.19176151913657352,0.666068677729462,1.4038270896137957,eclat,Portfolio-wide,356255,68316,"{burden_under_20pct, repayment_clean_observed} -> {leverage_under_3x}","{burden_under_20pct, repayment_clean_observed} -> {leverage_under_3x}"
"frozenset({'leverage_under_3x', 'repayment_some_late'})",frozenset({'burden_under_20pct'}),0.1979452919959018,0.9128554970162198,1.3905262857916127,eclat,Portfolio-wide,356255,70519,"{leverage_under_3x, repayment_some_late} -> {burden_under_20pct}","{leverage_under_3x, repayment_some_late} -> {burden_under_20pct}"
"frozenset({'burden_under_20pct', 'repayment_some_late'})",frozenset({'leverage_under_3x'}),0.1979452919959018,0.6652359300416957,1.4020719646514799,eclat,Portfolio-wide,356255,70519,"{burden_under_20pct, repayment_some_late} -> {leverage_under_3x}","{burden_under_20pct, repayment_some_late} -> {leverage_under_3x}"
"frozenset({'burden_under_20pct', 'previous_one'})",frozenset({'previous_approval_high'}),0.10292908169709898,0.9890492245448415,1.8868275901245688,eclat,Portfolio-wide,356255,36669,"{burden_under_20pct, previous_one} -> {previous_approval_high}","{burden_under_20pct, previous_one} -> {previous_approval_high}"
"frozenset({'burden_under_20pct', 'previous_outcome_mixed'})",frozenset({'previous_deep'}),0.12580595360065122,0.5765613944812504,1.4512309826470666,eclat,Portfolio-wide,356255,44819,"{burden_under_20pct, previous_outcome_mixed} -> {previous_deep}","{burden_under_20pct, previous_outcome_mixed} -> {previous_deep}"
"frozenset({'burden_under_20pct', 'previous_deep'})",frozenset({'previous_outcome_mixed'}),0.12580595360065122,0.4555424552273697,1.4082110060048296,eclat,Portfolio-wide,356255,44819,"{burden_under_20pct, previous_deep} -> {previous_outcome_mixed}","{burden_under_20pct, previous_deep} -> {previous_outcome_mixed}"
"frozenset({'burden_under_20pct', 'previous_refusals_repeated'})",frozenset({'previous_deep'}),0.07286353875735077,0.9772239581372586,2.4597166903791168,eclat,Portfolio-wide,356255,25958,"{burden_under_20pct, previous_refusals_repeated} -> {previous_deep}","{burden_under_20pct, previous_refusals_repeated} -> {previous_deep}"
"frozenset({'burden_under_20pct', 'repayment_some_late'})",frozenset({'previous_deep'}),0.16608889699793686,0.5581759523045865,1.404953997105142,eclat,Portfolio-wide,356255,59170,"{burden_under_20pct, repayment_some_late} -> {previous_deep}","{burden_under_20pct, repayment_some_late} -> {previous_deep}"
"frozenset({'burden_under_20pct', 'previous_deep'})",frozenset({'repayment_some_late'}),0.16608889699793686,0.6014067042058828,1.3523669619000738,eclat,Portfolio-wide,356255,59170,"{burden_under_20pct, previous_deep} -> {repayment_some_late}","{burden_under_20pct, previous_deep} -> {repayment_some_late}"
"frozenset({'burden_under_20pct', 'previous_outcome_not_observed'})",frozenset({'previous_none'}),0.03372584244431657,1.0,20.47677894010806,eclat,Portfolio-wide,356255,12015,"{burden_under_20pct, previous_outcome_not_observed} -> {previous_none}","{burden_under_20pct, previous_outcome_not_observed} -> {previous_none}"
"frozenset({'burden_under_20pct', 'previous_none'})",frozenset({'previous_outcome_not_observed'}),0.03372584244431657,1.0,20.47677894010806,eclat,Portfolio-wide,356255,12015,"{burden_under_20pct, previous_none} -> {previous_outcome_not_observed}","{burden_under_20pct, previous_none} -> {previous_outcome_not_observed}"
"frozenset({'repayment_not_observed', 'burden_under_20pct'})",frozenset({'previous_none'}),0.030626938569283238,0.9402792140641159,19.253889608369445,eclat,Portfolio-wide,356255,10911,"{burden_under_20pct, repayment_not_observed} -> {previous_none}","{burden_under_20pct, repayment_not_observed} -> {previous_none}"
"frozenset({'burden_under_20pct', 'previous_none'})",frozenset({'repayment_not_observed'}),0.030626938569283238,0.9081148564294632,19.40967471665937,eclat,Portfolio-wide,356255,10911,"{burden_under_20pct, previous_none} -> {repayment_not_observed}","{burden_under_20pct, previous_none} -> {repayment_not_observed}"
"frozenset({'burden_under_20pct', 'previous_one'})",frozenset({'repayment_clean_observed'}),0.0740677323827034,0.7117194875252866,1.5872696349633846,eclat,Portfolio-wide,356255,26387,"{burden_under_20pct, previous_one} -> {repayment_clean_observed}","{burden_under_20pct, previous_one} -> {repayment_clean_observed}"
"frozenset({'repayment_not_observed', 'burden_under_20pct'})",frozenset({'previous_outcome_not_observed'}),0.030626938569283238,0.9402792140641159,19.253889608369445,eclat,Portfolio-wide,356255,10911,"{burden_under_20pct, repayment_not_observed} -> {previous_outcome_not_observed}","{burden_under_20pct, repayment_not_observed} -> {previous_outcome_not_observed}"
"frozenset({'burden_under_20pct', 'previous_outcome_not_observed'})",frozenset({'repayment_not_observed'}),0.030626938569283238,0.9081148564294632,19.40967471665937,eclat,Portfolio-wide,356255,10911,"{burden_under_20pct, previous_outcome_not_observed} -> {repayment_not_observed}","{burden_under_20pct, previous_outcome_not_observed} -> {repayment_not_observed}"
"frozenset({'burden_under_20pct', 'previous_refusals_repeated'})",frozenset({'repayment_some_late'}),0.045388836647906695,0.6087414825132703,1.3688604791595296,eclat,Portfolio-wide,356255,16170,"{burden_under_20pct, previous_refusals_repeated} -> {repayment_some_late}","{burden_under_20pct, previous_refusals_repeated} -> {repayment_some_late}"
frozenset({'bureau_debt_high'}),frozenset({'credit_file_thin'}),0.0349188081570785,0.6008790996473942,2.593987005536358,eclat,Portfolio-wide,356255,12440,{bureau_debt_high} -> {credit_file_thin},{bureau_debt_high} -> {credit_file_thin}
"frozenset({'bureau_debt_low', 'cluster_2_thin_file'})",frozenset({'card_history_not_observed'}),0.13825490168559038,0.8695360497140032,1.225881452454371,eclat,Portfolio-wide,356255,49254,"{bureau_debt_low, cluster_2_thin_file} -> {card_history_not_observed}","{bureau_debt_low, cluster_2_thin_file} -> {card_history_not_observed}"
"frozenset({'card_history_not_observed', 'bureau_debt_low'})",frozenset({'cluster_3_high_exposure'}),0.15576483137078778,0.4366629420374247,1.2970422506444443,eclat,Portfolio-wide,356255,55492,"{bureau_debt_low, card_history_not_observed} -> {cluster_3_high_exposure}","{bureau_debt_low, card_history_not_observed} -> {cluster_3_high_exposure}"
"frozenset({'credit_file_thin', 'card_history_not_observed'})",frozenset({'bureau_debt_low'}),0.10870303574686671,0.638758309004239,1.2659218251898663,eclat,Portfolio-wide,356255,38726,"{card_history_not_observed, credit_file_thin} -> {bureau_debt_low}","{card_history_not_observed, credit_file_thin} -> {bureau_debt_low}"
"frozenset({'bureau_debt_low', 'previous_one'})",frozenset({'card_history_not_observed'}),0.07450562097374072,0.954440848615606,1.3455811684489831,eclat,Portfolio-wide,356255,26543,"{bureau_debt_low, previous_one} -> {card_history_not_observed}","{bureau_debt_low, previous_one} -> {card_history_not_observed}"
"frozenset({'cluster_0_card_intensive', 'bureau_debt_low'})",frozenset({'card_utilisation_moderate'}),0.05866303630826234,0.8207917681250491,3.1977425429326396,eclat,Portfolio-wide,356255,20899,"{bureau_debt_low, cluster_0_card_intensive} -> {card_utilisation_moderate}","{bureau_debt_low, cluster_0_card_intensive} -> {card_utilisation_moderate}"
"frozenset({'bureau_debt_low', 'card_utilisation_moderate'})",frozenset({'cluster_0_card_intensive'}),0.05866303630826234,0.4349518200170659,2.841363539748415,eclat,Portfolio-wide,356255,20899,"{bureau_debt_low, card_utilisation_moderate} -> {cluster_0_card_intensive}","{bureau_debt_low, card_utilisation_moderate} -> {cluster_0_card_intensive}"
"frozenset({'credit_file_deep', 'card_utilisation_moderate'})",frozenset({'bureau_debt_low'}),0.039729968702193655,0.605544622229828,1.2000973491868967,eclat,Portfolio-wide,356255,14154,"{card_utilisation_moderate, credit_file_deep} -> {bureau_debt_low}","{card_utilisation_moderate, credit_file_deep} -> {bureau_debt_low}"
"frozenset({'credit_file_thin', 'card_utilisation_moderate'})",frozenset({'bureau_debt_low'}),0.03501424541409945,0.6516900893370252,1.2915506471262186,eclat,Portfolio-wide,356255,12474,"{card_utilisation_moderate, credit_file_thin} -> {bureau_debt_low}","{card_utilisation_moderate, credit_file_thin} -> {bureau_debt_low}"
"frozenset({'external_score_strong', 'card_utilisation_moderate'})",frozenset({'bureau_debt_low'}),0.05354310816690292,0.6075421218587763,1.2040560896689365,eclat,Portfolio-wide,356255,19075,"{card_utilisation_moderate, external_score_strong} -> {bureau_debt_low}","{card_utilisation_moderate, external_score_strong} -> {bureau_debt_low}"
"frozenset({'bureau_debt_low', 'previous_deep'})",frozenset({'card_utilisation_moderate'}),0.08892226074020014,0.4288479761743604,1.6707592243473721,eclat,Portfolio-wide,356255,31679,"{bureau_debt_low, previous_deep} -> {card_utilisation_moderate}","{bureau_debt_low, previous_deep} -> {card_utilisation_moderate}"
"frozenset({'bureau_debt_low', 'card_utilisation_moderate'})",frozenset({'previous_deep'}),0.08892226074020014,0.6593061249973985,1.659503193941854,eclat,Portfolio-wide,356255,31679,"{bureau_debt_low, card_utilisation_moderate} -> {previous_deep}","{bureau_debt_low, card_utilisation_moderate} -> {previous_deep}"
"frozenset({'bureau_debt_low', 'card_utilisation_moderate'})",frozenset({'repayment_some_late'}),0.07723400373328093,0.5726445919790213,1.2876903793843693,eclat,Portfolio-wide,356255,27515,"{bureau_debt_low, card_utilisation_moderate} -> {repayment_some_late}","{bureau_debt_low, card_utilisation_moderate} -> {repayment_some_late}"
"frozenset({'cluster_0_card_intensive', 'bureau_debt_low'})",frozenset({'previous_deep'}),0.04640215575921741,0.6492420076977456,1.63417135768287,eclat,Portfolio-wide,356255,16531,"{bureau_debt_low, cluster_0_card_intensive} -> {previous_deep}","{bureau_debt_low, cluster_0_card_intensive} -> {previous_deep}"
"frozenset({'cluster_0_card_intensive', 'bureau_debt_low'})",frozenset({'repayment_some_late'}),0.05070525325960337,0.7094493755400204,1.5953195897405776,eclat,Portfolio-wide,356255,18064,"{bureau_debt_low, cluster_0_card_intensive} -> {repayment_some_late}","{bureau_debt_low, cluster_0_card_intensive} -> {repayment_some_late}"
"frozenset({'credit_file_thin', 'cluster_2_thin_file'})",frozenset({'bureau_debt_low'}),0.05617605366942218,0.6076329851833859,1.2042361669596913,eclat,Portfolio-wide,356255,20013,"{cluster_2_thin_file, credit_file_thin} -> {bureau_debt_low}","{cluster_2_thin_file, credit_file_thin} -> {bureau_debt_low}"
"frozenset({'bureau_debt_low', 'cluster_2_thin_file'})",frozenset({'credit_file_thin'}),0.05617605366942218,0.3533119130004943,1.5252427847170653,eclat,Portfolio-wide,356255,20013,"{bureau_debt_low, cluster_2_thin_file} -> {credit_file_thin}","{bureau_debt_low, cluster_2_thin_file} -> {credit_file_thin}"
"frozenset({'credit_small', 'bureau_debt_low'})",frozenset({'cluster_2_thin_file'}),0.11639696284964421,0.6970063704973694,2.038351703509607,eclat,Portfolio-wide,356255,41467,"{bureau_debt_low, credit_small} -> {cluster_2_thin_file}","{bureau_debt_low, credit_small} -> {cluster_2_thin_file}"
"frozenset({'bureau_debt_low', 'cluster_2_thin_file'})",frozenset({'credit_small'}),0.11639696284964421,0.7320634136007343,2.1915887380133747,eclat,Portfolio-wide,356255,41467,"{bureau_debt_low, cluster_2_thin_file} -> {credit_small}","{bureau_debt_low, cluster_2_thin_file} -> {credit_small}"
"frozenset({'income_q1', 'bureau_debt_low'})",frozenset({'cluster_2_thin_file'}),0.07370563220165331,0.4514321081043909,1.3201850736556375,eclat,Portfolio-wide,356255,26258,"{bureau_debt_low, income_q1} -> {cluster_2_thin_file}","{bureau_debt_low, income_q1} -> {cluster_2_thin_file}"
"frozenset({'bureau_debt_low', 'cluster_2_thin_file'})",frozenset({'income_q1'}),0.07370563220165331,0.4635618953463739,1.448232029558307,eclat,Portfolio-wide,356255,26258,"{bureau_debt_low, cluster_2_thin_file} -> {income_q1}","{bureau_debt_low, cluster_2_thin_file} -> {income_q1}"
"frozenset({'leverage_under_3x', 'bureau_debt_low'})",frozenset({'cluster_2_thin_file'}),0.12697084953193638,0.5461922069140394,1.5973050785926868,eclat,Portfolio-wide,356255,45234,"{bureau_debt_low, leverage_under_3x} -> {cluster_2_thin_file}","{bureau_debt_low, leverage_under_3x} -> {cluster_2_thin_file}"
"frozenset({'bureau_debt_low', 'cluster_2_thin_file'})",frozenset({'leverage_under_3x'}),0.12697084953193638,0.7985664854176964,1.6830835956864802,eclat,Portfolio-wide,356255,45234,"{bureau_debt_low, cluster_2_thin_file} -> {leverage_under_3x}","{bureau_debt_low, cluster_2_thin_file} -> {leverage_under_3x}"
"frozenset({'bureau_debt_low', 'previous_one'})",frozenset({'cluster_2_thin_file'}),0.035438099114398394,0.4539733908665948,1.327616896758978,eclat,Portfolio-wide,356255,12625,"{bureau_debt_low, previous_one} -> {cluster_2_thin_file}","{bureau_debt_low, previous_one} -> {cluster_2_thin_file}"
"frozenset({'bureau_debt_low', 'cluster_2_thin_file'})",frozenset({'previous_two_to_four'}),0.078252936800887,0.49216157051055714,1.2811081257196193,eclat,Portfolio-wide,356255,27878,"{bureau_debt_low, cluster_2_thin_file} -> {previous_two_to_four}","{bureau_debt_low, cluster_2_thin_file} -> {previous_two_to_four}"
"frozenset({'bureau_debt_low', 'cluster_2_thin_file'})",frozenset({'repayment_clean_observed'}),0.08733631808676369,0.5492903043570369,1.2250217061180915,eclat,Portfolio-wide,356255,31114,"{bureau_debt_low, cluster_2_thin_file} -> {repayment_clean_observed}","{bureau_debt_low, cluster_2_thin_file} -> {repayment_clean_observed}"
"frozenset({'credit_file_deep', 'cluster_3_high_exposure'})",frozenset({'bureau_debt_low'}),0.0420485326521733,0.6202898550724638,1.2293201582053783,eclat,Portfolio-wide,356255,14980,"{cluster_3_high_exposure, credit_file_deep} -> {bureau_debt_low}","{cluster_3_high_exposure, credit_file_deep} -> {bureau_debt_low}"
"frozenset({'cluster_3_high_exposure', 'credit_file_thin'})",frozenset({'bureau_debt_low'}),0.055463081219912704,0.7004005529757896,1.3880873781028484,eclat,Portfolio-wide,356255,19759,"{cluster_3_high_exposure, credit_file_thin} -> {bureau_debt_low}","{cluster_3_high_exposure, credit_file_thin} -> {bureau_debt_low}"
"frozenset({'credit_large', 'bureau_debt_low'})",frozenset({'cluster_3_high_exposure'}),0.12139057697435826,0.7147626603199788,2.123096055031342,eclat,Portfolio-wide,356255,43246,"{bureau_debt_low, credit_large} -> {cluster_3_high_exposure}","{bureau_debt_low, credit_large} -> {cluster_3_high_exposure}"
"frozenset({'cluster_3_high_exposure', 'bureau_debt_low'})",frozenset({'credit_large'}),0.12139057697435826,0.6626926966808667,2.0578026868422894,eclat,Portfolio-wide,356255,43246,"{bureau_debt_low, cluster_3_high_exposure} -> {credit_large}","{bureau_debt_low, cluster_3_high_exposure} -> {credit_large}"
"frozenset({'external_score_strong', 'cluster_3_high_exposure'})",frozenset({'bureau_debt_low'}),0.08832156741659766,0.6122667393123309,1.213419562935455,eclat,Portfolio-wide,356255,31465,"{cluster_3_high_exposure, external_score_strong} -> {bureau_debt_low}","{cluster_3_high_exposure, external_score_strong} -> {bureau_debt_low}"
"frozenset({'external_score_strong', 'bureau_debt_low'})",frozenset({'cluster_3_high_exposure'}),0.08832156741659766,0.443400081732734,1.3170539209559615,eclat,Portfolio-wide,356255,31465,"{bureau_debt_low, external_score_strong} -> {cluster_3_high_exposure}","{bureau_debt_low, external_score_strong} -> {cluster_3_high_exposure}"
"frozenset({'cluster_3_high_exposure', 'bureau_debt_low'})",frozenset({'external_score_strong'}),0.08832156741659766,0.4821631064390573,1.4472164719142517,eclat,Portfolio-wide,356255,31465,"{bureau_debt_low, cluster_3_high_exposure} -> {external_score_strong}","{bureau_debt_low, cluster_3_high_exposure} -> {external_score_strong}"
"frozenset({'bureau_debt_low', 'income_q4'})",frozenset({'cluster_3_high_exposure'}),0.05274873335111086,0.4480793533465271,1.330953000545845,eclat,Portfolio-wide,356255,18792,"{bureau_debt_low, income_q4} -> {cluster_3_high_exposure}","{bureau_debt_low, income_q4} -> {cluster_3_high_exposure}"
"frozenset({'bureau_debt_low', 'leverage_3_to_6x'})",frozenset({'cluster_3_high_exposure'}),0.0912267897994414,0.4971395355951907,1.476678966903163,eclat,Portfolio-wide,356255,32500,"{bureau_debt_low, leverage_3_to_6x} -> {cluster_3_high_exposure}","{bureau_debt_low, leverage_3_to_6x} -> {cluster_3_high_exposure}"
"frozenset({'cluster_3_high_exposure', 'bureau_debt_low'})",frozenset({'leverage_3_to_6x'}),0.0912267897994414,0.498023230868246,1.3846913036007162,eclat,Portfolio-wide,356255,32500,"{bureau_debt_low, cluster_3_high_exposure} -> {leverage_3_to_6x}","{bureau_debt_low, cluster_3_high_exposure} -> {leverage_3_to_6x}"
"frozenset({'bureau_debt_low', 'leverage_over_6x'})",frozenset({'cluster_3_high_exposure'}),0.06919762529648707,0.7809173846933605,2.3195988134098164,eclat,Portfolio-wide,356255,24652,"{bureau_debt_low, leverage_over_6x} -> {cluster_3_high_exposure}","{bureau_debt_low, leverage_over_6x} -> {cluster_3_high_exposure}"
"frozenset({'cluster_3_high_exposure', 'bureau_debt_low'})",frozenset({'leverage_over_6x'}),0.06919762529648707,0.3777621134573539,2.2774595838649834,eclat,Portfolio-wide,356255,24652,"{bureau_debt_low, cluster_3_high_exposure} -> {leverage_over_6x}","{bureau_debt_low, cluster_3_high_exposure} -> {leverage_over_6x}"
"frozenset({'previous_approval_high', 'bureau_debt_low'})",frozenset({'cluster_3_high_exposure'}),0.11221737238775596,0.42341054236965014,1.2576779707004486,eclat,Portfolio-wide,356255,39978,"{bureau_debt_low, previous_approval_high} -> {cluster_3_high_exposure}","{bureau_debt_low, previous_approval_high} -> {cluster_3_high_exposure}"
"frozenset({'bureau_debt_low', 'previous_one'})",frozenset({'cluster_3_high_exposure'}),0.0385061262298073,0.4932758000719166,1.4652023158376537,eclat,Portfolio-wide,356255,13718,"{bureau_debt_low, previous_one} -> {cluster_3_high_exposure}","{bureau_debt_low, previous_one} -> {cluster_3_high_exposure}"
"frozenset({'bureau_debt_low', 'previous_two_to_four'})",frozenset({'cluster_3_high_exposure'}),0.08580932197442843,0.4448810303427199,1.3214528582901497,eclat,Portfolio-wide,356255,30570,"{bureau_debt_low, previous_two_to_four} -> {cluster_3_high_exposure}","{bureau_debt_low, previous_two_to_four} -> {cluster_3_high_exposure}"
"frozenset({'cluster_3_high_exposure', 'bureau_debt_low'})",frozenset({'previous_two_to_four'}),0.08580932197442843,0.4684483128505318,1.2193819591600752,eclat,Portfolio-wide,356255,30570,"{bureau_debt_low, cluster_3_high_exposure} -> {previous_two_to_four}","{bureau_debt_low, cluster_3_high_exposure} -> {previous_two_to_four}"
"frozenset({'repayment_clean_observed', 'bureau_debt_low'})",frozenset({'cluster_3_high_exposure'}),0.0992042216951341,0.44071178282393725,1.3090687293324141,eclat,Portfolio-wide,356255,35342,"{bureau_debt_low, repayment_clean_observed} -> {cluster_3_high_exposure}","{bureau_debt_low, repayment_clean_observed} -> {cluster_3_high_exposure}"
"frozenset({'cluster_3_high_exposure', 'bureau_debt_low'})",frozenset({'repayment_clean_observed'}),0.0992042216951341,0.5415734469337092,1.207811648391585,eclat,Portfolio-wide,356255,35342,"{bureau_debt_low, cluster_3_high_exposure} -> {repayment_clean_observed}","{bureau_debt_low, cluster_3_high_exposure} -> {repayment_clean_observed}"
"frozenset({'bureau_debt_low', 'cluster_4_history_rich'})",frozenset({'credit_file_deep'}),0.032055690446449875,0.4013354419258478,1.8177834576732936,eclat,Portfolio-wide,356255,11420,"{bureau_debt_low, cluster_4_history_rich} -> {credit_file_deep}","{bureau_debt_low, cluster_4_history_rich} -> {credit_file_deep}"
"frozenset({'bureau_debt_low', 'cluster_4_history_rich'})",frozenset({'credit_medium'}),0.0331476049458955,0.4150061500615006,1.206666470709563,eclat,Portfolio-wide,356255,11809,"{bureau_debt_low, cluster_4_history_rich} -> {credit_medium}","{bureau_debt_low, cluster_4_history_rich} -> {credit_medium}"
"frozenset({'bureau_debt_low', 'cluster_4_history_rich'})",frozenset({'leverage_under_3x'}),0.04687934204432218,0.5869267264101211,1.2370250481700853,eclat,Portfolio-wide,356255,16701,"{bureau_debt_low, cluster_4_history_rich} -> {leverage_under_3x}","{bureau_debt_low, cluster_4_history_rich} -> {leverage_under_3x}"
"frozenset({'bureau_debt_low', 'previous_deep'})",frozenset({'cluster_4_history_rich'}),0.07781504820984969,0.37528089887640453,2.5550528729353186,eclat,Portfolio-wide,356255,27722,"{bureau_debt_low, previous_deep} -> {cluster_4_history_rich}","{bureau_debt_low, previous_deep} -> {cluster_4_history_rich}"
"frozenset({'bureau_debt_low', 'cluster_4_history_rich'})",frozenset({'previous_deep'}),0.07781504820984969,0.9742400281145669,2.452206004196465,eclat,Portfolio-wide,356255,27722,"{bureau_debt_low, cluster_4_history_rich} -> {previous_deep}","{bureau_debt_low, cluster_4_history_rich} -> {previous_deep}"
"frozenset({'bureau_debt_low', 'cluster_4_history_rich'})",frozenset({'previous_outcome_mixed'}),0.03254691162229302,0.4074855034264628,1.2596533300637296,eclat,Portfolio-wide,356255,11595,"{bureau_debt_low, cluster_4_history_rich} -> {previous_outcome_mixed}","{bureau_debt_low, cluster_4_history_rich} -> {previous_outcome_mixed}"
"frozenset({'bureau_debt_low', 'previous_refusals_repeated'})",frozenset({'cluster_4_history_rich'}),0.03098903875033333,0.6350301984469371,4.323523360236088,eclat,Portfolio-wide,356255,11040,"{bureau_debt_low, previous_refusals_repeated} -> {cluster_4_history_rich}","{bureau_debt_low, previous_refusals_repeated} -> {cluster_4_history_rich}"
"frozenset({'bureau_debt_low', 'cluster_4_history_rich'})",frozenset({'previous_refusals_repeated'}),0.03098903875033333,0.3879810226673695,3.749055528652591,eclat,Portfolio-wide,356255,11040,"{bureau_debt_low, cluster_4_history_rich} -> {previous_refusals_repeated}","{bureau_debt_low, cluster_4_history_rich} -> {previous_refusals_repeated}"
"frozenset({'bureau_debt_low', 'cluster_4_history_rich'})",frozenset({'repayment_some_late'}),0.0506687625436836,0.6343700579862941,1.4264907624734562,eclat,Portfolio-wide,356255,18051,"{bureau_debt_low, cluster_4_history_rich} -> {repayment_some_late}","{bureau_debt_low, cluster_4_history_rich} -> {repayment_some_late}"
"frozenset({'credit_file_deep', 'external_score_strong'})",frozenset({'bureau_debt_low'}),0.04187730698516512,0.6964660846832548,1.3802898603064822,eclat,Portfolio-wide,356255,14919,"{credit_file_deep, external_score_strong} -> {bureau_debt_low}","{credit_file_deep, external_score_strong} -> {bureau_debt_low}"
"frozenset({'credit_file_deep', 'income_q1'})",frozenset({'bureau_debt_low'}),0.032361651064546464,0.6280780126389192,1.2447551020682033,eclat,Portfolio-wide,356255,11529,"{credit_file_deep, income_q1} -> {bureau_debt_low}","{credit_file_deep, income_q1} -> {bureau_debt_low}"
"frozenset({'credit_file_deep', 'bureau_debt_low'})",frozenset({'previous_deep'}),0.06746571977937152,0.5187335434022532,1.305675678478205,eclat,Portfolio-wide,356255,24035,"{bureau_debt_low, credit_file_deep} -> {previous_deep}","{bureau_debt_low, credit_file_deep} -> {previous_deep}"
"frozenset({'credit_file_established', 'external_score_strong'})",frozenset({'bureau_debt_low'}),0.09418815174523866,0.6714625897984912,1.3307367360113345,eclat,Portfolio-wide,356255,33555,"{credit_file_established, external_score_strong} -> {bureau_debt_low}","{credit_file_established, external_score_strong} -> {bureau_debt_low}"
"frozenset({'credit_file_established', 'bureau_debt_low'})",frozenset({'external_score_strong'}),0.09418815174523866,0.4149662387771759,1.2455245289957437,eclat,Portfolio-wide,356255,33555,"{bureau_debt_low, credit_file_established} -> {external_score_strong}","{bureau_debt_low, credit_file_established} -> {external_score_strong}"
frozenset({'credit_file_thin'}),frozenset({'bureau_debt_low'}),0.14754319237624736,0.6369419805147594,1.2623221383534933,eclat,Portfolio-wide,356255,52563,{credit_file_thin} -> {bureau_debt_low},{credit_file_thin} -> {bureau_debt_low}
"frozenset({'credit_file_thin', 'credit_large'})",frozenset({'bureau_debt_low'}),0.04478814332430422,0.6587943848059454,1.3056302803144326,eclat,Portfolio-wide,356255,15956,"{credit_file_thin, credit_large} -> {bureau_debt_low}","{credit_file_thin, credit_large} -> {bureau_debt_low}"
"frozenset({'credit_file_thin', 'credit_medium'})",frozenset({'bureau_debt_low'}),0.04923439671022161,0.6195690568703638,1.2278916457888143,eclat,Portfolio-wide,356255,17540,"{credit_file_thin, credit_medium} -> {bureau_debt_low}","{credit_file_thin, credit_medium} -> {bureau_debt_low}"
"frozenset({'credit_small', 'credit_file_thin'})",frozenset({'bureau_debt_low'}),0.05352065234172152,0.6356938054277522,1.2598484451552572,eclat,Portfolio-wide,356255,19067,"{credit_file_thin, credit_small} -> {bureau_debt_low}","{credit_file_thin, credit_small} -> {bureau_debt_low}"
"frozenset({'external_score_middle', 'credit_file_thin'})",frozenset({'bureau_debt_low'}),0.046233737070356905,0.6211721224920802,1.2310686780545954,eclat,Portfolio-wide,356255,16471,"{credit_file_thin, external_score_middle} -> {bureau_debt_low}","{credit_file_thin, external_score_middle} -> {bureau_debt_low}"
"frozenset({'external_score_strong', 'credit_file_thin'})",frozenset({'bureau_debt_low'}),0.06312613156306578,0.7723136096706618,1.5306081198338977,eclat,Portfolio-wide,356255,22489,"{credit_file_thin, external_score_strong} -> {bureau_debt_low}","{credit_file_thin, external_score_strong} -> {bureau_debt_low}"
"frozenset({'credit_file_thin', 'bureau_debt_low'})",frozenset({'external_score_strong'}),0.06312613156306578,0.4278484865780111,1.2841907001807145,eclat,Portfolio-wide,356255,22489,"{bureau_debt_low, credit_file_thin} -> {external_score_strong}","{bureau_debt_low, credit_file_thin} -> {external_score_strong}"
"frozenset({'income_q1', 'credit_file_thin'})",frozenset({'bureau_debt_low'}),0.05625464905755709,0.6509354293880733,1.2900550258771357,eclat,Portfolio-wide,356255,20041,"{credit_file_thin, income_q1} -> {bureau_debt_low}","{credit_file_thin, income_q1} -> {bureau_debt_low}"
"frozenset({'income_q3', 'credit_file_thin'})",frozenset({'bureau_debt_low'}),0.03597423194060434,0.6282660914750723,1.2451278457181665,eclat,Portfolio-wide,356255,12816,"{credit_file_thin, income_q3} -> {bureau_debt_low}","{credit_file_thin, income_q3} -> {bureau_debt_low}"
"frozenset({'credit_file_thin', 'leverage_3_to_6x'})",frozenset({'bureau_debt_low'}),0.05376766641871693,0.6428715263793797,1.274073596483547,eclat,Portfolio-wide,356255,19155,"{credit_file_thin, leverage_3_to_6x} -> {bureau_debt_low}","{credit_file_thin, leverage_3_to_6x} -> {bureau_debt_low}"
"frozenset({'leverage_under_3x', 'credit_file_thin'})",frozenset({'bureau_debt_low'}),0.06683414969614461,0.6168233983575555,1.2224501681800128,eclat,Portfolio-wide,356255,23810,"{credit_file_thin, leverage_under_3x} -> {bureau_debt_low}","{credit_file_thin, leverage_under_3x} -> {bureau_debt_low}"
"frozenset({'credit_file_thin', 'previous_approval_high'})",frozenset({'bureau_debt_low'}),0.08136306858851104,0.6391761670599131,1.266749956307775,eclat,Portfolio-wide,356255,28986,"{credit_file_thin, previous_approval_high} -> {bureau_debt_low}","{credit_file_thin, previous_approval_high} -> {bureau_debt_low}"
"frozenset({'credit_file_thin', 'previous_deep'})",frozenset({'bureau_debt_low'}),0.04879089416288894,0.6412838959601549,1.270927154441697,eclat,Portfolio-wide,356255,17382,"{credit_file_thin, previous_deep} -> {bureau_debt_low}","{credit_file_thin, previous_deep} -> {bureau_debt_low}"
"frozenset({'credit_file_thin', 'previous_outcome_mixed'})",frozenset({'bureau_debt_low'}),0.04611865096630223,0.6335068440331598,1.2555142202673208,eclat,Portfolio-wide,356255,16430,"{credit_file_thin, previous_outcome_mixed} -> {bureau_debt_low}","{credit_file_thin, previous_outcome_mixed} -> {bureau_debt_low}"
"frozenset({'credit_file_thin', 'previous_two_to_four'})",frozenset({'bureau_debt_low'}),0.059460218102202075,0.635534487414119,1.2595327010815422,eclat,Portfolio-wide,356255,21183,"{credit_file_thin, previous_two_to_four} -> {bureau_debt_low}","{credit_file_thin, previous_two_to_four} -> {bureau_debt_low}"
"frozenset({'repayment_clean_observed', 'credit_file_thin'})",frozenset({'bureau_debt_low'}),0.06916394155871497,0.6348879154856996,1.2582512938509776,eclat,Portfolio-wide,356255,24640,"{credit_file_thin, repayment_clean_observed} -> {bureau_debt_low}","{credit_file_thin, repayment_clean_observed} -> {bureau_debt_low}"
"frozenset({'repayment_some_late', 'credit_file_thin'})",frozenset({'bureau_debt_low'}),0.059777406632889364,0.6270353031239878,1.24268861038633,eclat,Portfolio-wide,356255,21296,"{credit_file_thin, repayment_some_late} -> {bureau_debt_low}","{credit_file_thin, repayment_some_late} -> {bureau_debt_low}"
"frozenset({'credit_large', 'bureau_debt_low'})",frozenset({'external_score_strong'}),0.07686909657408317,0.4526147031601216,1.358526699982384,eclat,Portfolio-wide,356255,27385,"{bureau_debt_low, credit_large} -> {external_score_strong}","{bureau_debt_low, credit_large} -> {external_score_strong}"
"frozenset({'bureau_debt_low', 'income_q4'})",frozenset({'credit_large'}),0.0664973123184236,0.5648680226042585,1.7540361323554852,eclat,Portfolio-wide,356255,23690,"{bureau_debt_low, income_q4} -> {credit_large}","{bureau_debt_low, income_q4} -> {credit_large}"
"frozenset({'credit_large', 'bureau_debt_low'})",frozenset({'income_q4'}),0.0664973123184236,0.3915443607034245,1.6490085852039071,eclat,Portfolio-wide,356255,23690,"{bureau_debt_low, credit_large} -> {income_q4}","{bureau_debt_low, credit_large} -> {income_q4}"
"frozenset({'bureau_debt_low', 'leverage_3_to_6x'})",frozenset({'credit_large'}),0.08132657787259126,0.4431884235322911,1.376194929097486,eclat,Portfolio-wide,356255,28973,"{bureau_debt_low, leverage_3_to_6x} -> {credit_large}","{bureau_debt_low, leverage_3_to_6x} -> {credit_large}"
"frozenset({'credit_large', 'bureau_debt_low'})",frozenset({'leverage_3_to_6x'}),0.08132657787259126,0.4788609017585614,1.331412844223116,eclat,Portfolio-wide,356255,28973,"{bureau_debt_low, credit_large} -> {leverage_3_to_6x}","{bureau_debt_low, credit_large} -> {leverage_3_to_6x}"
"frozenset({'bureau_debt_low', 'leverage_over_6x'})",frozenset({'credit_large'}),0.07197372668453776,0.8122465788139889,2.5221995060959626,eclat,Portfolio-wide,356255,25641,"{bureau_debt_low, leverage_over_6x} -> {credit_large}","{bureau_debt_low, leverage_over_6x} -> {credit_large}"
"frozenset({'credit_large', 'bureau_debt_low'})",frozenset({'leverage_over_6x'}),0.07197372668453776,0.4237901626338754,2.5549543828120775,eclat,Portfolio-wide,356255,25641,"{bureau_debt_low, credit_large} -> {leverage_over_6x}","{bureau_debt_low, credit_large} -> {leverage_over_6x}"
"frozenset({'bureau_debt_low', 'leverage_3_to_6x'})",frozenset({'credit_medium'}),0.08115815918373076,0.4422706274665769,1.2859403097147166,eclat,Portfolio-wide,356255,28913,"{bureau_debt_low, leverage_3_to_6x} -> {credit_medium}","{bureau_debt_low, leverage_3_to_6x} -> {credit_medium}"
"frozenset({'bureau_debt_low', 'credit_medium'})",frozenset({'leverage_3_to_6x'}),0.08115815918373076,0.4838024162511295,1.345152107214015,eclat,Portfolio-wide,356255,28913,"{bureau_debt_low, credit_medium} -> {leverage_3_to_6x}","{bureau_debt_low, credit_medium} -> {leverage_3_to_6x}"
"frozenset({'external_score_strong', 'credit_small'})",frozenset({'bureau_debt_low'}),0.060611079142748873,0.6109554933084345,1.2108208727718575,eclat,Portfolio-wide,356255,21593,"{credit_small, external_score_strong} -> {bureau_debt_low}","{credit_small, external_score_strong} -> {bureau_debt_low}"
"frozenset({'income_q1', 'bureau_debt_low'})",frozenset({'credit_small'}),0.08613773841770642,0.5275762472922326,1.5794125761892281,eclat,Portfolio-wide,356255,30687,"{bureau_debt_low, income_q1} -> {credit_small}","{bureau_debt_low, income_q1} -> {credit_small}"
"frozenset({'credit_small', 'bureau_debt_low'})",frozenset({'income_q1'}),0.08613773841770642,0.5158085825223135,1.6114579688904687,eclat,Portfolio-wide,356255,30687,"{bureau_debt_low, credit_small} -> {income_q1}","{bureau_debt_low, credit_small} -> {income_q1}"
"frozenset({'leverage_under_3x', 'bureau_debt_low'})",frozenset({'credit_small'}),0.14491305385187575,0.6233744279556129,1.8662049632467532,eclat,Portfolio-wide,356255,51626,"{bureau_debt_low, leverage_under_3x} -> {credit_small}","{bureau_debt_low, leverage_under_3x} -> {credit_small}"
"frozenset({'credit_small', 'bureau_debt_low'})",frozenset({'leverage_under_3x'}),0.14491305385187575,0.8677659556586488,1.8289305543549523,eclat,Portfolio-wide,356255,51626,"{bureau_debt_low, credit_small} -> {leverage_under_3x}","{bureau_debt_low, credit_small} -> {leverage_under_3x}"
"frozenset({'external_score_strong', 'income_q1'})",frozenset({'bureau_debt_low'}),0.061206158510056,0.6172507501556928,1.223297114451662,eclat,Portfolio-wide,356255,21805,"{external_score_strong, income_q1} -> {bureau_debt_low}","{external_score_strong, income_q1} -> {bureau_debt_low}"
"frozenset({'bureau_debt_low', 'income_q4'})",frozenset({'external_score_strong'}),0.05116559767582209,0.4346312501490259,1.3045492200134907,eclat,Portfolio-wide,356255,18228,"{bureau_debt_low, income_q4} -> {external_score_strong}","{bureau_debt_low, income_q4} -> {external_score_strong}"
"frozenset({'bureau_debt_low', 'leverage_3_to_6x'})",frozenset({'external_score_strong'}),0.073380022736523,0.3998837458316762,1.2002543041760507,eclat,Portfolio-wide,356255,26142,"{bureau_debt_low, leverage_3_to_6x} -> {external_score_strong}","{bureau_debt_low, leverage_3_to_6x} -> {external_score_strong}"
"frozenset({'external_score_strong', 'leverage_over_6x'})",frozenset({'bureau_debt_low'}),0.039379096433734266,0.6149563845175997,1.2187500306872951,eclat,Portfolio-wide,356255,14029,"{external_score_strong, leverage_over_6x} -> {bureau_debt_low}","{external_score_strong, leverage_over_6x} -> {bureau_debt_low}"
"frozenset({'bureau_debt_low', 'leverage_over_6x'})",frozenset({'external_score_strong'}),0.039379096433734266,0.4444057273188039,1.333887392460827,eclat,Portfolio-wide,356255,14029,"{bureau_debt_low, leverage_over_6x} -> {external_score_strong}","{bureau_debt_low, leverage_over_6x} -> {external_score_strong}"
"frozenset({'previous_approval_high', 'bureau_debt_low'})",frozenset({'external_score_strong'}),0.11305104489761547,0.42655609570107705,1.2803115784887542,eclat,Portfolio-wide,356255,40275,"{bureau_debt_low, previous_approval_high} -> {external_score_strong}","{bureau_debt_low, previous_approval_high} -> {external_score_strong}"
"frozenset({'external_score_strong', 'previous_deep'})",frozenset({'bureau_debt_low'}),0.07586139141906781,0.6174407712869252,1.2236737074350854,eclat,Portfolio-wide,356255,27026,"{external_score_strong, previous_deep} -> {bureau_debt_low}","{external_score_strong, previous_deep} -> {bureau_debt_low}"
"frozenset({'bureau_debt_low', 'previous_one'})",frozenset({'external_score_strong'}),0.033287953853279255,0.4264293419633226,1.2799311261175437,eclat,Portfolio-wide,356255,11859,"{bureau_debt_low, previous_one} -> {external_score_strong}","{bureau_debt_low, previous_one} -> {external_score_strong}"
"frozenset({'bureau_debt_low', 'previous_two_to_four'})",frozenset({'external_score_strong'}),0.07803679948351602,0.40458415193189257,1.2143626111826946,eclat,Portfolio-wide,356255,27801,"{bureau_debt_low, previous_two_to_four} -> {external_score_strong}","{bureau_debt_low, previous_two_to_four} -> {external_score_strong}"
"frozenset({'repayment_clean_observed', 'bureau_debt_low'})",frozenset({'external_score_strong'}),0.09538392443614827,0.4237402267030788,1.2718597248686125,eclat,Portfolio-wide,356255,33981,"{bureau_debt_low, repayment_clean_observed} -> {external_score_strong}","{bureau_debt_low, repayment_clean_observed} -> {external_score_strong}"
"frozenset({'bureau_debt_low', 'leverage_over_6x'})",frozenset({'income_q1'}),0.04285974933685141,0.48368601115053217,1.5111025747146252,eclat,Portfolio-wide,356255,15269,"{bureau_debt_low, leverage_over_6x} -> {income_q1}","{bureau_debt_low, leverage_over_6x} -> {income_q1}"
"frozenset({'bureau_debt_low', 'income_q4'})",frozenset({'leverage_under_3x'}),0.06748536862640524,0.5732611650253939,1.2082230853874243,eclat,Portfolio-wide,356255,24042,"{bureau_debt_low, income_q4} -> {leverage_under_3x}","{bureau_debt_low, income_q4} -> {leverage_under_3x}"
"frozenset({'bureau_debt_low', 'previous_one'})",frozenset({'previous_approval_high'}),0.07705155015368205,0.9870550161812298,1.8830232017609347,eclat,Portfolio-wide,356255,27450,"{bureau_debt_low, previous_one} -> {previous_approval_high}","{bureau_debt_low, previous_one} -> {previous_approval_high}"
"frozenset({'bureau_debt_low', 'previous_two_to_four'})",frozenset({'previous_approval_high'}),0.12325160348626686,0.6390016735792767,1.219035370458945,eclat,Portfolio-wide,356255,43909,"{bureau_debt_low, previous_two_to_four} -> {previous_approval_high}","{bureau_debt_low, previous_two_to_four} -> {previous_approval_high}"
"frozenset({'previous_approval_high', 'bureau_debt_low'})",frozenset({'previous_two_to_four'}),0.12325160348626686,0.46504411188426054,1.2105207441022874,eclat,Portfolio-wide,356255,43909,"{bureau_debt_low, previous_approval_high} -> {previous_two_to_four}","{bureau_debt_low, previous_approval_high} -> {previous_two_to_four}"
"frozenset({'bureau_debt_low', 'previous_outcome_mixed'})",frozenset({'previous_deep'}),0.09494884282325862,0.5773241624140226,1.4531509038683004,eclat,Portfolio-wide,356255,33826,"{bureau_debt_low, previous_outcome_mixed} -> {previous_deep}","{bureau_debt_low, previous_outcome_mixed} -> {previous_deep}"
"frozenset({'bureau_debt_low', 'previous_deep'})",frozenset({'previous_outcome_mixed'}),0.09494884282325862,0.45791254907269524,1.415537638681878,eclat,Portfolio-wide,356255,33826,"{bureau_debt_low, previous_deep} -> {previous_outcome_mixed}","{bureau_debt_low, previous_deep} -> {previous_outcome_mixed}"
"frozenset({'bureau_debt_low', 'previous_refusals_repeated'})",frozenset({'previous_deep'}),0.04767371686011424,0.9769341386252517,2.45898720162176,eclat,Portfolio-wide,356255,16984,"{bureau_debt_low, previous_refusals_repeated} -> {previous_deep}","{bureau_debt_low, previous_refusals_repeated} -> {previous_deep}"
"frozenset({'repayment_some_late', 'bureau_debt_low'})",frozenset({'previous_deep'}),0.12252740312416668,0.5474028742695192,1.377837674762695,eclat,Portfolio-wide,356255,43651,"{bureau_debt_low, repayment_some_late} -> {previous_deep}","{bureau_debt_low, repayment_some_late} -> {previous_deep}"
"frozenset({'bureau_debt_low', 'previous_deep'})",frozenset({'repayment_some_late'}),0.12252740312416668,0.5909164748883173,1.3287778674443282,eclat,Portfolio-wide,356255,43651,"{bureau_debt_low, previous_deep} -> {repayment_some_late}","{bureau_debt_low, previous_deep} -> {repayment_some_late}"
"frozenset({'bureau_debt_low', 'previous_one'})",frozenset({'repayment_clean_observed'}),0.05561465803988716,0.7124415677813737,1.5888800110800747,eclat,Portfolio-wide,356255,19813,"{bureau_debt_low, previous_one} -> {repayment_clean_observed}","{bureau_debt_low, previous_one} -> {repayment_clean_observed}"
"frozenset({'cluster_2_thin_file', 'bureau_debt_moderate'})",frozenset({'card_history_not_observed'}),0.08541353805560624,0.8983526216343882,1.2665073713592128,eclat,Portfolio-wide,356255,30429,"{bureau_debt_moderate, cluster_2_thin_file} -> {card_history_not_observed}","{bureau_debt_moderate, cluster_2_thin_file} -> {card_history_not_observed}"
"frozenset({'card_history_not_observed', 'bureau_debt_moderate'})",frozenset({'cluster_2_thin_file'}),0.08541353805560624,0.41139172052023903,1.2030894548837445,eclat,Portfolio-wide,356255,30429,"{bureau_debt_moderate, card_history_not_observed} -> {cluster_2_thin_file}","{bureau_debt_moderate, card_history_not_observed} -> {cluster_2_thin_file}"
"frozenset({'cluster_3_high_exposure', 'bureau_debt_moderate'})",frozenset({'card_history_not_observed'}),0.08038343321497242,0.884485900484912,1.246957915912149,eclat,Portfolio-wide,356255,28637,"{bureau_debt_moderate, cluster_3_high_exposure} -> {card_history_not_observed}","{bureau_debt_moderate, cluster_3_high_exposure} -> {card_history_not_observed}"
"frozenset({'card_history_not_observed', 'cluster_4_history_rich'})",frozenset({'bureau_debt_moderate'}),0.0373664931018512,0.36195551688509436,1.2240122133850277,eclat,Portfolio-wide,356255,13312,"{card_history_not_observed, cluster_4_history_rich} -> {bureau_debt_moderate}","{card_history_not_observed, cluster_4_history_rich} -> {bureau_debt_moderate}"
"frozenset({'credit_file_deep', 'card_history_not_observed'})",frozenset({'bureau_debt_moderate'}),0.05895776901376823,0.3997792116332629,1.3519192687202353,eclat,Portfolio-wide,356255,21004,"{card_history_not_observed, credit_file_deep} -> {bureau_debt_moderate}","{card_history_not_observed, credit_file_deep} -> {bureau_debt_moderate}"
"frozenset({'credit_file_established', 'card_history_not_observed'})",frozenset({'bureau_debt_moderate'}),0.11245877250845603,0.3900501387333885,1.3190188058212542,eclat,Portfolio-wide,356255,40064,"{card_history_not_observed, credit_file_established} -> {bureau_debt_moderate}","{card_history_not_observed, credit_file_established} -> {bureau_debt_moderate}"
"frozenset({'card_history_not_observed', 'bureau_debt_moderate'})",frozenset({'credit_file_established'}),0.11245877250845603,0.5416542735851608,1.3341932852762974,eclat,Portfolio-wide,356255,40064,"{bureau_debt_moderate, card_history_not_observed} -> {credit_file_established}","{bureau_debt_moderate, card_history_not_observed} -> {credit_file_established}"
"frozenset({'bureau_debt_moderate', 'previous_one'})",frozenset({'card_history_not_observed'}),0.04531304823791947,0.954924578527063,1.3462631361795305,eclat,Portfolio-wide,356255,16143,"{bureau_debt_moderate, previous_one} -> {card_history_not_observed}","{bureau_debt_moderate, previous_one} -> {card_history_not_observed}"
"frozenset({'cluster_0_card_intensive', 'bureau_debt_moderate'})",frozenset({'card_utilisation_moderate'}),0.04005557816732397,0.7665037331471236,2.9862404716854054,eclat,Portfolio-wide,356255,14270,"{bureau_debt_moderate, cluster_0_card_intensive} -> {card_utilisation_moderate}","{bureau_debt_moderate, cluster_0_card_intensive} -> {card_utilisation_moderate}"
"frozenset({'card_utilisation_moderate', 'bureau_debt_moderate'})",frozenset({'cluster_0_card_intensive'}),0.04005557816732397,0.5288319003854136,3.454643965743202,eclat,Portfolio-wide,356255,14270,"{bureau_debt_moderate, card_utilisation_moderate} -> {cluster_0_card_intensive}","{bureau_debt_moderate, card_utilisation_moderate} -> {cluster_0_card_intensive}"
"frozenset({'credit_file_established', 'card_utilisation_moderate'})",frozenset({'bureau_debt_moderate'}),0.03949418253778894,0.3782461422657132,1.2791016470291283,eclat,Portfolio-wide,356255,14070,"{card_utilisation_moderate, credit_file_established} -> {bureau_debt_moderate}","{card_utilisation_moderate, credit_file_established} -> {bureau_debt_moderate}"
"frozenset({'card_utilisation_moderate', 'bureau_debt_moderate'})",frozenset({'credit_file_established'}),0.03949418253778894,0.5214201008004743,1.2843528265575597,eclat,Portfolio-wide,356255,14070,"{bureau_debt_moderate, card_utilisation_moderate} -> {credit_file_established}","{bureau_debt_moderate, card_utilisation_moderate} -> {credit_file_established}"
"frozenset({'previous_deep', 'bureau_debt_moderate'})",frozenset({'card_utilisation_moderate'}),0.05031227631892886,0.40733586346385475,1.5869496630503765,eclat,Portfolio-wide,356255,17924,"{bureau_debt_moderate, previous_deep} -> {card_utilisation_moderate}","{bureau_debt_moderate, previous_deep} -> {card_utilisation_moderate}"
"frozenset({'card_utilisation_moderate', 'bureau_debt_moderate'})",frozenset({'previous_deep'}),0.05031227631892886,0.6642454788022533,1.6719357698036326,eclat,Portfolio-wide,356255,17924,"{bureau_debt_moderate, card_utilisation_moderate} -> {previous_deep}","{bureau_debt_moderate, card_utilisation_moderate} -> {previous_deep}"
"frozenset({'card_utilisation_moderate', 'bureau_debt_moderate'})",frozenset({'repayment_some_late'}),0.04601479277483825,0.6075081529795434,1.3660871244515034,eclat,Portfolio-wide,356255,16393,"{bureau_debt_moderate, card_utilisation_moderate} -> {repayment_some_late}","{bureau_debt_moderate, card_utilisation_moderate} -> {repayment_some_late}"
"frozenset({'cluster_0_card_intensive', 'bureau_debt_moderate'})",frozenset({'previous_deep'}),0.03456232193232376,0.6613847558682925,1.6647352014092325,eclat,Portfolio-wide,356255,12313,"{bureau_debt_moderate, cluster_0_card_intensive} -> {previous_deep}","{bureau_debt_moderate, cluster_0_card_intensive} -> {previous_deep}"
"frozenset({'cluster_0_card_intensive', 'bureau_debt_moderate'})",frozenset({'repayment_some_late'}),0.03737491403629423,0.7152065316646076,1.60826555073992,eclat,Portfolio-wide,356255,13315,"{bureau_debt_moderate, cluster_0_card_intensive} -> {repayment_some_late}","{bureau_debt_moderate, cluster_0_card_intensive} -> {repayment_some_late}"
"frozenset({'credit_file_established', 'cluster_2_thin_file'})",frozenset({'bureau_debt_moderate'}),0.05295083577774347,0.39810906635151105,1.3462713972895572,eclat,Portfolio-wide,356255,18864,"{cluster_2_thin_file, credit_file_established} -> {bureau_debt_moderate}","{cluster_2_thin_file, credit_file_established} -> {bureau_debt_moderate}"
"frozenset({'cluster_2_thin_file', 'bureau_debt_moderate'})",frozenset({'credit_file_established'}),0.05295083577774347,0.5569201700519603,1.3717959731031935,eclat,Portfolio-wide,356255,18864,"{bureau_debt_moderate, cluster_2_thin_file} -> {credit_file_established}","{bureau_debt_moderate, cluster_2_thin_file} -> {credit_file_established}"
"frozenset({'credit_small', 'bureau_debt_moderate'})",frozenset({'cluster_2_thin_file'}),0.06218298690544694,0.667922935447885,1.9532990097519805,eclat,Portfolio-wide,356255,22153,"{bureau_debt_moderate, credit_small} -> {cluster_2_thin_file}","{bureau_debt_moderate, credit_small} -> {cluster_2_thin_file}"
"frozenset({'cluster_2_thin_file', 'bureau_debt_moderate'})",frozenset({'credit_small'}),0.06218298690544694,0.6540210203117619,1.9579521062105927,eclat,Portfolio-wide,356255,22153,"{bureau_debt_moderate, cluster_2_thin_file} -> {credit_small}","{bureau_debt_moderate, cluster_2_thin_file} -> {credit_small}"
"frozenset({'cluster_2_thin_file', 'bureau_debt_moderate'})",frozenset({'external_score_weak'}),0.04401061037739821,0.46288970240906935,1.3893671935070857,eclat,Portfolio-wide,356255,15679,"{bureau_debt_moderate, cluster_2_thin_file} -> {external_score_weak}","{bureau_debt_moderate, cluster_2_thin_file} -> {external_score_weak}"
"frozenset({'income_q1', 'bureau_debt_moderate'})",frozenset({'cluster_2_thin_file'}),0.03652720663569634,0.44485847121564337,1.3009608821452063,eclat,Portfolio-wide,356255,13013,"{bureau_debt_moderate, income_q1} -> {cluster_2_thin_file}","{bureau_debt_moderate, income_q1} -> {cluster_2_thin_file}"
"frozenset({'cluster_2_thin_file', 'bureau_debt_moderate'})",frozenset({'income_q1'}),0.03652720663569634,0.38418162494095415,1.200236990988044,eclat,Portfolio-wide,356255,13013,"{bureau_debt_moderate, cluster_2_thin_file} -> {income_q1}","{bureau_debt_moderate, cluster_2_thin_file} -> {income_q1}"
"frozenset({'leverage_under_3x', 'bureau_debt_moderate'})",frozenset({'cluster_2_thin_file'}),0.07591753098202131,0.5213485745127899,1.5246514235187487,eclat,Portfolio-wide,356255,27046,"{bureau_debt_moderate, leverage_under_3x} -> {cluster_2_thin_file}","{bureau_debt_moderate, leverage_under_3x} -> {cluster_2_thin_file}"
"frozenset({'cluster_2_thin_file', 'bureau_debt_moderate'})",frozenset({'leverage_under_3x'}),0.07591753098202131,0.7984766178554558,1.682894188013414,eclat,Portfolio-wide,356255,27046,"{bureau_debt_moderate, cluster_2_thin_file} -> {leverage_under_3x}","{bureau_debt_moderate, cluster_2_thin_file} -> {leverage_under_3x}"
"frozenset({'previous_two_to_four', 'bureau_debt_moderate'})",frozenset({'cluster_2_thin_file'}),0.04763161218789912,0.4233993712261091,1.2382050812359013,eclat,Portfolio-wide,356255,16969,"{bureau_debt_moderate, previous_two_to_four} -> {cluster_2_thin_file}","{bureau_debt_moderate, previous_two_to_four} -> {cluster_2_thin_file}"
"frozenset({'cluster_2_thin_file', 'bureau_debt_moderate'})",frozenset({'previous_two_to_four'}),0.04763161218789912,0.5009742560226735,1.3040477530604373,eclat,Portfolio-wide,356255,16969,"{bureau_debt_moderate, cluster_2_thin_file} -> {previous_two_to_four}","{bureau_debt_moderate, cluster_2_thin_file} -> {previous_two_to_four}"
"frozenset({'cluster_2_thin_file', 'bureau_debt_moderate'})",frozenset({'repayment_clean_observed'}),0.05261119142187478,0.5533478979688238,1.2340709105362604,eclat,Portfolio-wide,356255,18743,"{bureau_debt_moderate, cluster_2_thin_file} -> {repayment_clean_observed}","{bureau_debt_moderate, cluster_2_thin_file} -> {repayment_clean_observed}"
"frozenset({'credit_file_established', 'cluster_3_high_exposure'})",frozenset({'bureau_debt_moderate'}),0.05094384640215576,0.35827230195234616,1.2115568152714604,eclat,Portfolio-wide,356255,18149,"{cluster_3_high_exposure, credit_file_established} -> {bureau_debt_moderate}","{cluster_3_high_exposure, credit_file_established} -> {bureau_debt_moderate}"
"frozenset({'cluster_3_high_exposure', 'bureau_debt_moderate'})",frozenset({'credit_file_established'}),0.05094384640215576,0.5605522438768261,1.3807424335025353,eclat,Portfolio-wide,356255,18149,"{bureau_debt_moderate, cluster_3_high_exposure} -> {credit_file_established}","{bureau_debt_moderate, cluster_3_high_exposure} -> {credit_file_established}"
"frozenset({'credit_large', 'bureau_debt_moderate'})",frozenset({'cluster_3_high_exposure'}),0.06310086875973671,0.6565037088955085,1.9500465145248702,eclat,Portfolio-wide,356255,22480,"{bureau_debt_moderate, credit_large} -> {cluster_3_high_exposure}","{bureau_debt_moderate, credit_large} -> {cluster_3_high_exposure}"
"frozenset({'cluster_3_high_exposure', 'bureau_debt_moderate'})",frozenset({'credit_large'}),0.06310086875973671,0.6943200420051271,2.1560123645887366,eclat,Portfolio-wide,356255,22480,"{bureau_debt_moderate, cluster_3_high_exposure} -> {credit_large}","{bureau_debt_moderate, cluster_3_high_exposure} -> {credit_large}"
"frozenset({'external_score_strong', 'bureau_debt_moderate'})",frozenset({'cluster_3_high_exposure'}),0.0302704523445285,0.4139890206917732,1.2296927434115215,eclat,Portfolio-wide,356255,10784,"{bureau_debt_moderate, external_score_strong} -> {cluster_3_high_exposure}","{bureau_debt_moderate, external_score_strong} -> {cluster_3_high_exposure}"
"frozenset({'bureau_debt_moderate', 'leverage_3_to_6x'})",frozenset({'cluster_3_high_exposure'}),0.0466632047269512,0.4438511240454958,1.3183936749862688,eclat,Portfolio-wide,356255,16624,"{bureau_debt_moderate, leverage_3_to_6x} -> {cluster_3_high_exposure}","{bureau_debt_moderate, leverage_3_to_6x} -> {cluster_3_high_exposure}"
"frozenset({'cluster_3_high_exposure', 'bureau_debt_moderate'})",frozenset({'leverage_3_to_6x'}),0.0466632047269512,0.5134509065077061,1.427586026112937,eclat,Portfolio-wide,356255,16624,"{bureau_debt_moderate, cluster_3_high_exposure} -> {leverage_3_to_6x}","{bureau_debt_moderate, cluster_3_high_exposure} -> {leverage_3_to_6x}"
"frozenset({'leverage_over_6x', 'bureau_debt_moderate'})",frozenset({'cluster_3_high_exposure'}),0.03316163983663387,0.7375452615807218,2.190768379769713,eclat,Portfolio-wide,356255,11814,"{bureau_debt_moderate, leverage_over_6x} -> {cluster_3_high_exposure}","{bureau_debt_moderate, leverage_over_6x} -> {cluster_3_high_exposure}"
"frozenset({'cluster_3_high_exposure', 'bureau_debt_moderate'})",frozenset({'leverage_over_6x'}),0.03316163983663387,0.36488865552707167,2.1998478300750848,eclat,Portfolio-wide,356255,11814,"{bureau_debt_moderate, cluster_3_high_exposure} -> {leverage_over_6x}","{bureau_debt_moderate, cluster_3_high_exposure} -> {leverage_over_6x}"
"frozenset({'cluster_3_high_exposure', 'bureau_debt_moderate'})",frozenset({'previous_approval_high'}),0.05717533788999453,0.629119436637119,1.2001828433532367,eclat,Portfolio-wide,356255,20369,"{bureau_debt_moderate, cluster_3_high_exposure} -> {previous_approval_high}","{bureau_debt_moderate, cluster_3_high_exposure} -> {previous_approval_high}"
"frozenset({'cluster_3_high_exposure', 'bureau_debt_moderate'})",frozenset({'previous_two_to_four'}),0.04479937123689492,0.4929425209253482,1.2831409579887765,eclat,Portfolio-wide,356255,15960,"{bureau_debt_moderate, cluster_3_high_exposure} -> {previous_two_to_four}","{bureau_debt_moderate, cluster_3_high_exposure} -> {previous_two_to_four}"
"frozenset({'cluster_3_high_exposure', 'bureau_debt_moderate'})",frozenset({'repayment_clean_observed'}),0.04971719695162173,0.5470550081848226,1.2200365711014258,eclat,Portfolio-wide,356255,17712,"{bureau_debt_moderate, cluster_3_high_exposure} -> {repayment_clean_observed}","{bureau_debt_moderate, cluster_3_high_exposure} -> {repayment_clean_observed}"
"frozenset({'leverage_under_3x', 'cluster_4_history_rich'})",frozenset({'bureau_debt_moderate'}),0.031059213204025205,0.35717744278382124,1.2078543686124237,eclat,Portfolio-wide,356255,11065,"{cluster_4_history_rich, leverage_under_3x} -> {bureau_debt_moderate}","{cluster_4_history_rich, leverage_under_3x} -> {bureau_debt_moderate}"
"frozenset({'cluster_4_history_rich', 'bureau_debt_moderate'})",frozenset({'leverage_under_3x'}),0.031059213204025205,0.6030630041421409,1.2710343696757305,eclat,Portfolio-wide,356255,11065,"{bureau_debt_moderate, cluster_4_history_rich} -> {leverage_under_3x}","{bureau_debt_moderate, cluster_4_history_rich} -> {leverage_under_3x}"
"frozenset({'previous_deep', 'bureau_debt_moderate'})",frozenset({'cluster_4_history_rich'}),0.04969474112644033,0.4023362043497034,2.7392555226962423,eclat,Portfolio-wide,356255,17704,"{bureau_debt_moderate, previous_deep} -> {cluster_4_history_rich}","{bureau_debt_moderate, previous_deep} -> {cluster_4_history_rich}"
"frozenset({'cluster_4_history_rich', 'bureau_debt_moderate'})",frozenset({'previous_deep'}),0.04969474112644033,0.9649008066274254,2.4286987633272816,eclat,Portfolio-wide,356255,17704,"{bureau_debt_moderate, cluster_4_history_rich} -> {previous_deep}","{bureau_debt_moderate, cluster_4_history_rich} -> {previous_deep}"
"frozenset({'cluster_4_history_rich', 'bureau_debt_moderate'})",frozenset({'repayment_some_late'}),0.03227744172011621,0.6267168083714846,1.4092811074133096,eclat,Portfolio-wide,356255,11499,"{bureau_debt_moderate, cluster_4_history_rich} -> {repayment_some_late}","{bureau_debt_moderate, cluster_4_history_rich} -> {repayment_some_late}"
frozenset({'credit_file_deep'}),frozenset({'bureau_debt_moderate'}),0.08808297427404528,0.3989574725065158,1.3491404224796513,eclat,Portfolio-wide,356255,31380,{credit_file_deep} -> {bureau_debt_moderate},{credit_file_deep} -> {bureau_debt_moderate}
"frozenset({'credit_file_deep', 'credit_large'})",frozenset({'bureau_debt_moderate'}),0.03076448049851932,0.3870193156538014,1.308769578242271,eclat,Portfolio-wide,356255,10960,"{credit_file_deep, credit_large} -> {bureau_debt_moderate}","{credit_file_deep, credit_large} -> {bureau_debt_moderate}"
"frozenset({'credit_file_deep', 'credit_medium'})",frozenset({'bureau_debt_moderate'}),0.032089374184221975,0.42122328666175385,1.4244359413917844,eclat,Portfolio-wide,356255,11432,"{credit_file_deep, credit_medium} -> {bureau_debt_moderate}","{credit_file_deep, credit_medium} -> {bureau_debt_moderate}"
"frozenset({'credit_file_deep', 'external_score_middle'})",frozenset({'bureau_debt_moderate'}),0.03228866963270691,0.39500703959342054,1.335781382740738,eclat,Portfolio-wide,356255,11503,"{credit_file_deep, external_score_middle} -> {bureau_debt_moderate}","{credit_file_deep, external_score_middle} -> {bureau_debt_moderate}"
"frozenset({'credit_file_deep', 'external_score_weak'})",frozenset({'bureau_debt_moderate'}),0.037986835272487404,0.4816528454995196,1.6287884505162018,eclat,Portfolio-wide,356255,13533,"{credit_file_deep, external_score_weak} -> {bureau_debt_moderate}","{credit_file_deep, external_score_weak} -> {bureau_debt_moderate}"
"frozenset({'credit_file_deep', 'bureau_debt_moderate'})",frozenset({'external_score_weak'}),0.037986835272487404,0.43126195028680686,1.2944362391688267,eclat,Portfolio-wide,356255,13533,"{bureau_debt_moderate, credit_file_deep} -> {external_score_weak}","{bureau_debt_moderate, credit_file_deep} -> {external_score_weak}"
"frozenset({'credit_file_deep', 'leverage_3_to_6x'})",frozenset({'bureau_debt_moderate'}),0.03051185246522856,0.3915282930519036,1.3240174281787764,eclat,Portfolio-wide,356255,10870,"{credit_file_deep, leverage_3_to_6x} -> {bureau_debt_moderate}","{credit_file_deep, leverage_3_to_6x} -> {bureau_debt_moderate}"
"frozenset({'credit_file_deep', 'leverage_under_3x'})",frozenset({'bureau_debt_moderate'}),0.0454786599486323,0.41506340463686436,1.4036052854693077,eclat,Portfolio-wide,356255,16202,"{credit_file_deep, leverage_under_3x} -> {bureau_debt_moderate}","{credit_file_deep, leverage_under_3x} -> {bureau_debt_moderate}"
"frozenset({'credit_file_deep', 'previous_approval_high'})",frozenset({'bureau_debt_moderate'}),0.0391713800508063,0.3829687971678696,1.2950720826494733,eclat,Portfolio-wide,356255,13955,"{credit_file_deep, previous_approval_high} -> {bureau_debt_moderate}","{credit_file_deep, previous_approval_high} -> {bureau_debt_moderate}"
"frozenset({'credit_file_deep', 'previous_deep'})",frozenset({'bureau_debt_moderate'}),0.04521480400275084,0.3969247449608201,1.3422664193871507,eclat,Portfolio-wide,356255,16108,"{credit_file_deep, previous_deep} -> {bureau_debt_moderate}","{credit_file_deep, previous_deep} -> {bureau_debt_moderate}"
"frozenset({'previous_deep', 'bureau_debt_moderate'})",frozenset({'credit_file_deep'}),0.04521480400275084,0.3660659500488603,1.6580360439216415,eclat,Portfolio-wide,356255,16108,"{bureau_debt_moderate, previous_deep} -> {credit_file_deep}","{bureau_debt_moderate, previous_deep} -> {credit_file_deep}"
"frozenset({'credit_file_deep', 'bureau_debt_moderate'})",frozenset({'previous_deep'}),0.04521480400275084,0.5133205863607393,1.2920510219514698,eclat,Portfolio-wide,356255,16108,"{bureau_debt_moderate, credit_file_deep} -> {previous_deep}","{bureau_debt_moderate, credit_file_deep} -> {previous_deep}"
"frozenset({'credit_file_deep', 'repayment_clean_observed'})",frozenset({'bureau_debt_moderate'}),0.035393187464035594,0.39020238905737453,1.3195336653754184,eclat,Portfolio-wide,356255,12609,"{credit_file_deep, repayment_clean_observed} -> {bureau_debt_moderate}","{credit_file_deep, repayment_clean_observed} -> {bureau_debt_moderate}"
"frozenset({'credit_file_deep', 'repayment_some_late'})",frozenset({'bureau_debt_moderate'}),0.04425762445439362,0.4052171678231817,1.3703086134927487,eclat,Portfolio-wide,356255,15767,"{credit_file_deep, repayment_some_late} -> {bureau_debt_moderate}","{credit_file_deep, repayment_some_late} -> {bureau_debt_moderate}"
frozenset({'credit_file_established'}),frozenset({'bureau_debt_moderate'}),0.1584483024799652,0.3902870734000774,1.3198200394322164,eclat,Portfolio-wide,356255,56448,{credit_file_established} -> {bureau_debt_moderate},{credit_file_established} -> {bureau_debt_moderate}
frozenset({'bureau_debt_moderate'}),frozenset({'credit_file_established'}),0.1584483024799652,0.535819039573228,1.3198200394322164,eclat,Portfolio-wide,356255,56448,{bureau_debt_moderate} -> {credit_file_established},{bureau_debt_moderate} -> {credit_file_established}
"frozenset({'credit_file_established', 'credit_large'})",frozenset({'bureau_debt_moderate'}),0.05148840016280473,0.3816608060589667,1.2906488952200512,eclat,Portfolio-wide,356255,18343,"{credit_file_established, credit_large} -> {bureau_debt_moderate}","{credit_file_established, credit_large} -> {bureau_debt_moderate}"
"frozenset({'credit_large', 'bureau_debt_moderate'})",frozenset({'credit_file_established'}),0.05148840016280473,0.5356871678056188,1.3194952152123367,eclat,Portfolio-wide,356255,18343,"{bureau_debt_moderate, credit_large} -> {credit_file_established}","{bureau_debt_moderate, credit_large} -> {credit_file_established}"
"frozenset({'credit_file_established', 'credit_medium'})",frozenset({'bureau_debt_moderate'}),0.0570658657422352,0.4076272205959017,1.3784586040056663,eclat,Portfolio-wide,356255,20330,"{credit_file_established, credit_medium} -> {bureau_debt_moderate}","{credit_file_established, credit_medium} -> {bureau_debt_moderate}"
"frozenset({'bureau_debt_moderate', 'credit_medium'})",frozenset({'credit_file_established'}),0.0570658657422352,0.5358460727464418,1.3198866270692766,eclat,Portfolio-wide,356255,20330,"{bureau_debt_moderate, credit_medium} -> {credit_file_established}","{bureau_debt_moderate, credit_medium} -> {credit_file_established}"
"frozenset({'credit_file_established', 'credit_small'})",frozenset({'bureau_debt_moderate'}),0.04989403657492526,0.38064543760841163,1.2872152595201158,eclat,Portfolio-wide,356255,17775,"{credit_file_established, credit_small} -> {bureau_debt_moderate}","{credit_file_established, credit_small} -> {bureau_debt_moderate}"
"frozenset({'credit_small', 'bureau_debt_moderate'})",frozenset({'credit_file_established'}),0.04989403657492526,0.5359242620677179,1.3200792216310002,eclat,Portfolio-wide,356255,17775,"{bureau_debt_moderate, credit_small} -> {credit_file_established}","{bureau_debt_moderate, credit_small} -> {credit_file_established}"
"frozenset({'credit_file_established', 'external_score_middle'})",frozenset({'bureau_debt_moderate'}),0.05658587247898275,0.4008869267788251,1.3556651899836765,eclat,Portfolio-wide,356255,20159,"{credit_file_established, external_score_middle} -> {bureau_debt_moderate}","{credit_file_established, external_score_middle} -> {bureau_debt_moderate}"
"frozenset({'external_score_middle', 'bureau_debt_moderate'})",frozenset({'credit_file_established'}),0.05658587247898275,0.5348066005199766,1.3173262173533122,eclat,Portfolio-wide,356255,20159,"{bureau_debt_moderate, external_score_middle} -> {credit_file_established}","{bureau_debt_moderate, external_score_middle} -> {credit_file_established}"
"frozenset({'external_score_strong', 'bureau_debt_moderate'})",frozenset({'credit_file_established'}),0.04253694684986877,0.5817497792621596,1.432955830044808,eclat,Portfolio-wide,356255,15154,"{bureau_debt_moderate, external_score_strong} -> {credit_file_established}","{bureau_debt_moderate, external_score_strong} -> {credit_file_established}"
"frozenset({'credit_file_established', 'external_score_weak'})",frozenset({'bureau_debt_moderate'}),0.05928618545704622,0.4763096768373813,1.6107196453853503,eclat,Portfolio-wide,356255,21121,"{credit_file_established, external_score_weak} -> {bureau_debt_moderate}","{credit_file_established, external_score_weak} -> {bureau_debt_moderate}"
"frozenset({'external_score_weak', 'bureau_debt_moderate'})",frozenset({'credit_file_established'}),0.05928618545704622,0.5079727747180067,1.2512296093337814,eclat,Portfolio-wide,356255,21121,"{bureau_debt_moderate, external_score_weak} -> {credit_file_established}","{bureau_debt_moderate, external_score_weak} -> {credit_file_established}"
"frozenset({'credit_file_established', 'income_q1'})",frozenset({'bureau_debt_moderate'}),0.04554883440232418,0.3644469399213925,1.2324373708501806,eclat,Portfolio-wide,356255,16227,"{credit_file_established, income_q1} -> {bureau_debt_moderate}","{credit_file_established, income_q1} -> {bureau_debt_moderate}"
"frozenset({'income_q1', 'bureau_debt_moderate'})",frozenset({'credit_file_established'}),0.04554883440232418,0.5547313004239026,1.3664043879122008,eclat,Portfolio-wide,356255,16227,"{bureau_debt_moderate, income_q1} -> {credit_file_established}","{bureau_debt_moderate, income_q1} -> {credit_file_established}"
"frozenset({'credit_file_established', 'income_q3'})",frozenset({'bureau_debt_moderate'}),0.04348009150748761,0.40031011758625146,1.353714614668293,eclat,Portfolio-wide,356255,15490,"{credit_file_established, income_q3} -> {bureau_debt_moderate}","{credit_file_established, income_q3} -> {bureau_debt_moderate}"
"frozenset({'income_q3', 'bureau_debt_moderate'})",frozenset({'credit_file_established'}),0.04348009150748761,0.5365988845394395,1.3217409398445572,eclat,Portfolio-wide,356255,15490,"{bureau_debt_moderate, income_q3} -> {credit_file_established}","{bureau_debt_moderate, income_q3} -> {credit_file_established}"
"frozenset({'credit_file_established', 'income_q4'})",frozenset({'bureau_debt_moderate'}),0.04038118763245428,0.4109346435100549,1.38964319949572,eclat,Portfolio-wide,356255,14386,"{credit_file_established, income_q4} -> {bureau_debt_moderate}","{credit_file_established, income_q4} -> {bureau_debt_moderate}"
"frozenset({'income_q4', 'bureau_debt_moderate'})",frozenset({'credit_file_established'}),0.04038118763245428,0.5062640765765766,1.2470207741080002,eclat,Portfolio-wide,356255,14386,"{bureau_debt_moderate, income_q4} -> {credit_file_established}","{bureau_debt_moderate, income_q4} -> {credit_file_established}"
"frozenset({'credit_file_established', 'leverage_3_to_6x'})",frozenset({'bureau_debt_moderate'}),0.05729323097219688,0.38908480908900284,1.3157543845883939,eclat,Portfolio-wide,356255,20411,"{credit_file_established, leverage_3_to_6x} -> {bureau_debt_moderate}","{credit_file_established, leverage_3_to_6x} -> {bureau_debt_moderate}"
"frozenset({'bureau_debt_moderate', 'leverage_3_to_6x'})",frozenset({'credit_file_established'}),0.05729323097219688,0.5449618198323276,1.3423403750509282,eclat,Portfolio-wide,356255,20411,"{bureau_debt_moderate, leverage_3_to_6x} -> {credit_file_established}","{bureau_debt_moderate, leverage_3_to_6x} -> {credit_file_established}"
"frozenset({'credit_file_established', 'leverage_under_3x'})",frozenset({'bureau_debt_moderate'}),0.07601858219533761,0.39937473271298163,1.3505514566124335,eclat,Portfolio-wide,356255,27082,"{credit_file_established, leverage_under_3x} -> {bureau_debt_moderate}","{credit_file_established, leverage_under_3x} -> {bureau_debt_moderate}"
"frozenset({'leverage_under_3x', 'bureau_debt_moderate'})",frozenset({'credit_file_established'}),0.07601858219533761,0.5220425236617383,1.2858859676082235,eclat,Portfolio-wide,356255,27082,"{bureau_debt_moderate, leverage_under_3x} -> {credit_file_established}","{bureau_debt_moderate, leverage_under_3x} -> {credit_file_established}"
"frozenset({'credit_file_established', 'previous_approval_high'})",frozenset({'bureau_debt_moderate'}),0.08221919692355195,0.3841896092653559,1.2992004598888396,eclat,Portfolio-wide,356255,29291,"{credit_file_established, previous_approval_high} -> {bureau_debt_moderate}","{credit_file_established, previous_approval_high} -> {bureau_debt_moderate}"
"frozenset({'previous_approval_high', 'bureau_debt_moderate'})",frozenset({'credit_file_established'}),0.08221919692355195,0.5545437334343052,1.365942376200553,eclat,Portfolio-wide,356255,29291,"{bureau_debt_moderate, previous_approval_high} -> {credit_file_established}","{bureau_debt_moderate, previous_approval_high} -> {credit_file_established}"
"frozenset({'credit_file_established', 'previous_deep'})",frozenset({'bureau_debt_moderate'}),0.06235140559430745,0.38560888811735095,1.30399998515645,eclat,Portfolio-wide,356255,22213,"{credit_file_established, previous_deep} -> {bureau_debt_moderate}","{credit_file_established, previous_deep} -> {bureau_debt_moderate}"
"frozenset({'previous_deep', 'bureau_debt_moderate'})",frozenset({'credit_file_established'}),0.06235140559430745,0.5048064904665591,1.2434304736238453,eclat,Portfolio-wide,356255,22213,"{bureau_debt_moderate, previous_deep} -> {credit_file_established}","{bureau_debt_moderate, previous_deep} -> {credit_file_established}"
"frozenset({'credit_file_established', 'previous_outcome_mixed'})",frozenset({'bureau_debt_moderate'}),0.051819623584230395,0.38991678283276304,1.3185678408725854,eclat,Portfolio-wide,356255,18461,"{credit_file_established, previous_outcome_mixed} -> {bureau_debt_moderate}","{credit_file_established, previous_outcome_mixed} -> {bureau_debt_moderate}"
"frozenset({'previous_outcome_mixed', 'bureau_debt_moderate'})",frozenset({'credit_file_established'}),0.051819623584230395,0.5326005423807051,1.311892293723644,eclat,Portfolio-wide,356255,18461,"{bureau_debt_moderate, previous_outcome_mixed} -> {credit_file_established}","{bureau_debt_moderate, previous_outcome_mixed} -> {credit_file_established}"
"frozenset({'credit_file_established', 'previous_two_to_four'})",frozenset({'bureau_debt_moderate'}),0.0625142103268726,0.39206055804946743,1.3258173699599713,eclat,Portfolio-wide,356255,22271,"{credit_file_established, previous_two_to_four} -> {bureau_debt_moderate}","{credit_file_established, previous_two_to_four} -> {bureau_debt_moderate}"
"frozenset({'previous_two_to_four', 'bureau_debt_moderate'})",frozenset({'credit_file_established'}),0.0625142103268726,0.5556914017665552,1.3687692926623714,eclat,Portfolio-wide,356255,22271,"{bureau_debt_moderate, previous_two_to_four} -> {credit_file_established}","{bureau_debt_moderate, previous_two_to_four} -> {credit_file_established}"
"frozenset({'credit_file_established', 'repayment_clean_observed'})",frozenset({'bureau_debt_moderate'}),0.06965516273455812,0.38614754991208006,1.305821558761147,eclat,Portfolio-wide,356255,24815,"{credit_file_established, repayment_clean_observed} -> {bureau_debt_moderate}","{credit_file_established, repayment_clean_observed} -> {bureau_debt_moderate}"
"frozenset({'repayment_clean_observed', 'bureau_debt_moderate'})",frozenset({'credit_file_established'}),0.06965516273455812,0.5424517990643991,1.3361577360175307,eclat,Portfolio-wide,356255,24815,"{bureau_debt_moderate, repayment_clean_observed} -> {credit_file_established}","{bureau_debt_moderate, repayment_clean_observed} -> {credit_file_established}"
"frozenset({'credit_file_established', 'repayment_some_late'})",frozenset({'bureau_debt_moderate'}),0.07263617352738909,0.39816282254466007,1.346453182713152,eclat,Portfolio-wide,356255,25877,"{credit_file_established, repayment_some_late} -> {bureau_debt_moderate}","{credit_file_established, repayment_some_late} -> {bureau_debt_moderate}"
"frozenset({'repayment_some_late', 'bureau_debt_moderate'})",frozenset({'credit_file_established'}),0.07263617352738909,0.5276282521817144,1.2996446359104254,eclat,Portfolio-wide,356255,25877,"{bureau_debt_moderate, repayment_some_late} -> {credit_file_established}","{bureau_debt_moderate, repayment_some_late} -> {credit_file_established}"
"frozenset({'external_score_weak', 'credit_large'})",frozenset({'bureau_debt_moderate'}),0.03023396162860872,0.36383596811241725,1.2303712690190625,eclat,Portfolio-wide,356255,10771,"{credit_large, external_score_weak} -> {bureau_debt_moderate}","{credit_large, external_score_weak} -> {bureau_debt_moderate}"
"frozenset({'income_q4', 'bureau_debt_moderate'})",frozenset({'credit_large'}),0.040541185386871764,0.5082699887387387,1.5782871211745988,eclat,Portfolio-wide,356255,14443,"{bureau_debt_moderate, income_q4} -> {credit_large}","{bureau_debt_moderate, income_q4} -> {credit_large}"
"frozenset({'credit_large', 'bureau_debt_moderate'})",frozenset({'income_q4'}),0.040541185386871764,0.42179195140470765,1.7763978206370035,eclat,Portfolio-wide,356255,14443,"{bureau_debt_moderate, credit_large} -> {income_q4}","{bureau_debt_moderate, credit_large} -> {income_q4}"
"frozenset({'bureau_debt_moderate', 'leverage_3_to_6x'})",frozenset({'credit_large'}),0.0484456358507249,0.46080525444545306,1.4308989603450324,eclat,Portfolio-wide,356255,17259,"{bureau_debt_moderate, leverage_3_to_6x} -> {credit_large}","{bureau_debt_moderate, leverage_3_to_6x} -> {credit_large}"
"frozenset({'credit_large', 'bureau_debt_moderate'})",frozenset({'leverage_3_to_6x'}),0.0484456358507249,0.5040301384264938,1.4013927587576136,eclat,Portfolio-wide,356255,17259,"{bureau_debt_moderate, credit_large} -> {leverage_3_to_6x}","{bureau_debt_moderate, credit_large} -> {leverage_3_to_6x}"
"frozenset({'leverage_over_6x', 'bureau_debt_moderate'})",frozenset({'credit_large'}),0.03629142047129163,0.8071544512423523,2.506387359906424,eclat,Portfolio-wide,356255,12929,"{bureau_debt_moderate, leverage_over_6x} -> {credit_large}","{bureau_debt_moderate, leverage_over_6x} -> {credit_large}"
"frozenset({'credit_large', 'bureau_debt_moderate'})",frozenset({'leverage_over_6x'}),0.03629142047129163,0.3775772443198411,2.2763450412097233,eclat,Portfolio-wide,356255,12929,"{bureau_debt_moderate, credit_large} -> {leverage_over_6x}","{bureau_debt_moderate, credit_large} -> {leverage_over_6x}"
"frozenset({'external_score_weak', 'credit_medium'})",frozenset({'bureau_debt_moderate'}),0.04511375278943453,0.3646346166935136,1.2330720307753058,eclat,Portfolio-wide,356255,16072,"{credit_medium, external_score_weak} -> {bureau_debt_moderate}","{credit_medium, external_score_weak} -> {bureau_debt_moderate}"
"frozenset({'bureau_debt_moderate', 'credit_medium'})",frozenset({'external_score_weak'}),0.04511375278943453,0.4236162361623616,1.271487566255705,eclat,Portfolio-wide,356255,16072,"{bureau_debt_moderate, credit_medium} -> {external_score_weak}","{bureau_debt_moderate, credit_medium} -> {external_score_weak}"
"frozenset({'bureau_debt_moderate', 'leverage_3_to_6x'})",frozenset({'credit_medium'}),0.047926344893405005,0.4558658621242057,1.3254696367388057,eclat,Portfolio-wide,356255,17074,"{bureau_debt_moderate, leverage_3_to_6x} -> {credit_medium}","{bureau_debt_moderate, leverage_3_to_6x} -> {credit_medium}"
"frozenset({'bureau_debt_moderate', 'credit_medium'})",frozenset({'leverage_3_to_6x'}),0.047926344893405005,0.4500263574064312,1.2512420001079212,eclat,Portfolio-wide,356255,17074,"{bureau_debt_moderate, credit_medium} -> {leverage_3_to_6x}","{bureau_debt_moderate, credit_medium} -> {leverage_3_to_6x}"
"frozenset({'credit_small', 'bureau_debt_moderate'})",frozenset({'external_score_weak'}),0.041363629984140574,0.4442970422407815,1.333561173318249,eclat,Portfolio-wide,356255,14736,"{bureau_debt_moderate, credit_small} -> {external_score_weak}","{bureau_debt_moderate, credit_small} -> {external_score_weak}"
"frozenset({'income_q1', 'bureau_debt_moderate'})",frozenset({'credit_small'}),0.041442225372275474,0.5047176261452208,1.51098039430228,eclat,Portfolio-wide,356255,14764,"{bureau_debt_moderate, income_q1} -> {credit_small}","{bureau_debt_moderate, income_q1} -> {credit_small}"
"frozenset({'credit_small', 'bureau_debt_moderate'})",frozenset({'income_q1'}),0.041442225372275474,0.44514125486176015,1.3906833789409765,eclat,Portfolio-wide,356255,14764,"{bureau_debt_moderate, credit_small} -> {income_q1}","{bureau_debt_moderate, credit_small} -> {income_q1}"
"frozenset({'leverage_under_3x', 'bureau_debt_moderate'})",frozenset({'credit_small'}),0.0839286466154861,0.5763633209322051,1.7254671380803752,eclat,Portfolio-wide,356255,29900,"{bureau_debt_moderate, leverage_under_3x} -> {credit_small}","{bureau_debt_moderate, leverage_under_3x} -> {credit_small}"
"frozenset({'credit_small', 'bureau_debt_moderate'})",frozenset({'leverage_under_3x'}),0.0839286466154861,0.9014984774022372,1.9000262677670607,eclat,Portfolio-wide,356255,29900,"{bureau_debt_moderate, credit_small} -> {leverage_under_3x}","{bureau_debt_moderate, credit_small} -> {leverage_under_3x}"
"frozenset({'income_q1', 'bureau_debt_moderate'})",frozenset({'external_score_weak'}),0.03490196628819245,0.4250649528237386,1.2758359010566929,eclat,Portfolio-wide,356255,12434,"{bureau_debt_moderate, income_q1} -> {external_score_weak}","{bureau_debt_moderate, income_q1} -> {external_score_weak}"
"frozenset({'external_score_weak', 'income_q3'})",frozenset({'bureau_debt_moderate'}),0.03229989754529761,0.3744427451108001,1.2662398329310016,eclat,Portfolio-wide,356255,11507,"{external_score_weak, income_q3} -> {bureau_debt_moderate}","{external_score_weak, income_q3} -> {bureau_debt_moderate}"
"frozenset({'external_score_weak', 'leverage_under_3x'})",frozenset({'bureau_debt_moderate'}),0.06180685183365847,0.3626974583669637,1.2265212107426047,eclat,Portfolio-wide,356255,22019,"{external_score_weak, leverage_under_3x} -> {bureau_debt_moderate}","{external_score_weak, leverage_under_3x} -> {bureau_debt_moderate}"
"frozenset({'leverage_under_3x', 'bureau_debt_moderate'})",frozenset({'external_score_weak'}),0.06180685183365847,0.42444628640823484,1.2739789687962602,eclat,Portfolio-wide,356255,22019,"{bureau_debt_moderate, leverage_under_3x} -> {external_score_weak}","{bureau_debt_moderate, leverage_under_3x} -> {external_score_weak}"
"frozenset({'external_score_weak', 'previous_deep'})",frozenset({'bureau_debt_moderate'}),0.05236979130117472,0.3781926538555096,1.2789207671576812,eclat,Portfolio-wide,356255,18657,"{external_score_weak, previous_deep} -> {bureau_debt_moderate}","{external_score_weak, previous_deep} -> {bureau_debt_moderate}"
"frozenset({'previous_deep', 'bureau_debt_moderate'})",frozenset({'external_score_weak'}),0.05236979130117472,0.42399381860327706,1.2726208830124226,eclat,Portfolio-wide,356255,18657,"{bureau_debt_moderate, previous_deep} -> {external_score_weak}","{bureau_debt_moderate, previous_deep} -> {external_score_weak}"
"frozenset({'external_score_weak', 'previous_outcome_mixed'})",frozenset({'bureau_debt_moderate'}),0.040569255168348514,0.3598585763015711,1.2169210633258616,eclat,Portfolio-wide,356255,14453,"{external_score_weak, previous_outcome_mixed} -> {bureau_debt_moderate}","{external_score_weak, previous_outcome_mixed} -> {bureau_debt_moderate}"
"frozenset({'previous_outcome_mixed', 'bureau_debt_moderate'})",frozenset({'external_score_weak'}),0.040569255168348514,0.4169695920604697,1.2515376101127509,eclat,Portfolio-wide,356255,14453,"{bureau_debt_moderate, previous_outcome_mixed} -> {external_score_weak}","{bureau_debt_moderate, previous_outcome_mixed} -> {external_score_weak}"
"frozenset({'external_score_weak', 'repayment_some_late'})",frozenset({'bureau_debt_moderate'}),0.05724270536553873,0.36630622215835607,1.2387248400556734,eclat,Portfolio-wide,356255,20393,"{external_score_weak, repayment_some_late} -> {bureau_debt_moderate}","{external_score_weak, repayment_some_late} -> {bureau_debt_moderate}"
"frozenset({'repayment_some_late', 'bureau_debt_moderate'})",frozenset({'external_score_weak'}),0.05724270536553873,0.41581029279830356,1.2480579639812257,eclat,Portfolio-wide,356255,20393,"{bureau_debt_moderate, repayment_some_late} -> {external_score_weak}","{bureau_debt_moderate, repayment_some_late} -> {external_score_weak}"
"frozenset({'income_q4', 'bureau_debt_moderate'})",frozenset({'leverage_under_3x'}),0.05036841588188236,0.6314752252252251,1.3309168517172152,eclat,Portfolio-wide,356255,17944,"{bureau_debt_moderate, income_q4} -> {leverage_under_3x}","{bureau_debt_moderate, income_q4} -> {leverage_under_3x}"
"frozenset({'bureau_debt_moderate', 'previous_one'})",frozenset({'previous_approval_high'}),0.04696916534504779,0.9898254954155575,1.8883084964939674,eclat,Portfolio-wide,356255,16733,"{bureau_debt_moderate, previous_one} -> {previous_approval_high}","{bureau_debt_moderate, previous_one} -> {previous_approval_high}"
"frozenset({'previous_outcome_mixed', 'bureau_debt_moderate'})",frozenset({'previous_deep'}),0.053324163871384264,0.5480641624834113,1.3795021669636045,eclat,Portfolio-wide,356255,18997,"{bureau_debt_moderate, previous_outcome_mixed} -> {previous_deep}","{bureau_debt_moderate, previous_outcome_mixed} -> {previous_deep}"
"frozenset({'previous_deep', 'bureau_debt_moderate'})",frozenset({'previous_outcome_mixed'}),0.053324163871384264,0.43172056450696544,1.3345707814519414,eclat,Portfolio-wide,356255,18997,"{bureau_debt_moderate, previous_deep} -> {previous_outcome_mixed}","{bureau_debt_moderate, previous_deep} -> {previous_outcome_mixed}"
"frozenset({'previous_deep', 'previous_refusals_repeated'})",frozenset({'bureau_debt_moderate'}),0.03697632313932436,0.3667009993597417,1.240059844202648,eclat,Portfolio-wide,356255,13173,"{previous_deep, previous_refusals_repeated} -> {bureau_debt_moderate}","{previous_deep, previous_refusals_repeated} -> {bureau_debt_moderate}"
"frozenset({'bureau_debt_moderate', 'previous_refusals_repeated'})",frozenset({'previous_deep'}),0.03697632313932436,0.9754887440758295,2.4553490784793706,eclat,Portfolio-wide,356255,13173,"{bureau_debt_moderate, previous_refusals_repeated} -> {previous_deep}","{bureau_debt_moderate, previous_refusals_repeated} -> {previous_deep}"
"frozenset({'repayment_some_late', 'bureau_debt_moderate'})",frozenset({'previous_deep'}),0.07533929348360023,0.5472636815920398,1.3774873205280043,eclat,Portfolio-wide,356255,26840,"{bureau_debt_moderate, repayment_some_late} -> {previous_deep}","{bureau_debt_moderate, repayment_some_late} -> {previous_deep}"
"frozenset({'previous_deep', 'bureau_debt_moderate'})",frozenset({'repayment_some_late'}),0.07533929348360023,0.6099584119264595,1.3715969553608294,eclat,Portfolio-wide,356255,26840,"{bureau_debt_moderate, previous_deep} -> {repayment_some_late}","{bureau_debt_moderate, previous_deep} -> {repayment_some_late}"
"frozenset({'bureau_debt_moderate', 'previous_one'})",frozenset({'repayment_clean_observed'}),0.03346760045473046,0.7052942916296954,1.5729402277706372,eclat,Portfolio-wide,356255,11923,"{bureau_debt_moderate, previous_one} -> {repayment_clean_observed}","{bureau_debt_moderate, previous_one} -> {repayment_clean_observed}"
frozenset({'previous_refusals_repeated'}),frozenset({'bureau_debt_moderate'}),0.03790543290620482,0.3662797005533253,1.238635152878764,eclat,Portfolio-wide,356255,13504,{previous_refusals_repeated} -> {bureau_debt_moderate},{previous_refusals_repeated} -> {bureau_debt_moderate}
"frozenset({'bureau_debt_not_observed', 'cluster_2_thin_file'})",frozenset({'card_history_not_observed'}),0.0553732579191871,0.8621563742843407,1.215477505157037,eclat,Portfolio-wide,356255,19727,"{bureau_debt_not_observed, cluster_2_thin_file} -> {card_history_not_observed}","{bureau_debt_not_observed, cluster_2_thin_file} -> {card_history_not_observed}"
"frozenset({'bureau_debt_not_observed', 'card_history_not_observed'})",frozenset({'cluster_2_thin_file'}),0.0553732579191871,0.5358268144285093,1.5669921340849498,eclat,Portfolio-wide,356255,19727,"{bureau_debt_not_observed, card_history_not_observed} -> {cluster_2_thin_file}","{bureau_debt_not_observed, card_history_not_observed} -> {cluster_2_thin_file}"
"frozenset({'credit_file_none', 'card_history_not_observed'})",frozenset({'bureau_debt_not_observed'}),0.10334170748480723,1.0,7.062386012211561,eclat,Portfolio-wide,356255,36816,"{card_history_not_observed, credit_file_none} -> {bureau_debt_not_observed}","{card_history_not_observed, credit_file_none} -> {bureau_debt_not_observed}"
"frozenset({'bureau_debt_not_observed', 'card_history_not_observed'})",frozenset({'credit_file_none'}),0.10334170748480723,1.0,7.062386012211561,eclat,Portfolio-wide,356255,36816,"{bureau_debt_not_observed, card_history_not_observed} -> {credit_file_none}","{bureau_debt_not_observed, card_history_not_observed} -> {credit_file_none}"
"frozenset({'bureau_debt_not_observed', 'card_history_not_observed'})",frozenset({'income_q1'}),0.04451867342212741,0.43079096045197746,1.3458510572888482,eclat,Portfolio-wide,356255,15860,"{bureau_debt_not_observed, card_history_not_observed} -> {income_q1}","{bureau_debt_not_observed, card_history_not_observed} -> {income_q1}"
"frozenset({'bureau_debt_not_observed', 'previous_one'})",frozenset({'card_history_not_observed'}),0.031177106286227562,0.9641493055555554,1.3592682574414987,eclat,Portfolio-wide,356255,11107,"{bureau_debt_not_observed, previous_one} -> {card_history_not_observed}","{bureau_debt_not_observed, previous_one} -> {card_history_not_observed}"
"frozenset({'credit_file_none', 'card_utilisation_moderate'})",frozenset({'bureau_debt_not_observed'}),0.03292585367222916,1.0,7.062386012211561,eclat,Portfolio-wide,356255,11730,"{card_utilisation_moderate, credit_file_none} -> {bureau_debt_not_observed}","{card_utilisation_moderate, credit_file_none} -> {bureau_debt_not_observed}"
"frozenset({'bureau_debt_not_observed', 'card_utilisation_moderate'})",frozenset({'credit_file_none'}),0.03292585367222916,1.0,7.062386012211561,eclat,Portfolio-wide,356255,11730,"{bureau_debt_not_observed, card_utilisation_moderate} -> {credit_file_none}","{bureau_debt_not_observed, card_utilisation_moderate} -> {credit_file_none}"
frozenset({'bureau_debt_not_observed'}),frozenset({'cluster_2_thin_file'}),0.06422646699695443,0.45359210213305845,1.3265018416139611,eclat,Portfolio-wide,356255,22881,{bureau_debt_not_observed} -> {cluster_2_thin_file},{bureau_debt_not_observed} -> {cluster_2_thin_file}
"frozenset({'credit_file_none', 'cluster_2_thin_file'})",frozenset({'bureau_debt_not_observed'}),0.06422646699695443,1.0,7.062386012211561,eclat,Portfolio-wide,356255,22881,"{cluster_2_thin_file, credit_file_none} -> {bureau_debt_not_observed}","{cluster_2_thin_file, credit_file_none} -> {bureau_debt_not_observed}"
"frozenset({'bureau_debt_not_observed', 'credit_file_none'})",frozenset({'cluster_2_thin_file'}),0.06422646699695443,0.45359210213305845,1.3265018416139611,eclat,Portfolio-wide,356255,22881,"{bureau_debt_not_observed, credit_file_none} -> {cluster_2_thin_file}","{bureau_debt_not_observed, credit_file_none} -> {cluster_2_thin_file}"
"frozenset({'bureau_debt_not_observed', 'cluster_2_thin_file'})",frozenset({'credit_file_none'}),0.06422646699695443,1.0,7.062386012211561,eclat,Portfolio-wide,356255,22881,"{bureau_debt_not_observed, cluster_2_thin_file} -> {credit_file_none}","{bureau_debt_not_observed, cluster_2_thin_file} -> {credit_file_none}"
"frozenset({'bureau_debt_not_observed', 'credit_small'})",frozenset({'cluster_2_thin_file'}),0.044106047634419165,0.8220675944333996,2.40408546096594,eclat,Portfolio-wide,356255,15713,"{bureau_debt_not_observed, credit_small} -> {cluster_2_thin_file}","{bureau_debt_not_observed, credit_small} -> {cluster_2_thin_file}"
"frozenset({'bureau_debt_not_observed', 'cluster_2_thin_file'})",frozenset({'credit_small'}),0.044106047634419165,0.6867269787159652,2.0558644028407844,eclat,Portfolio-wide,356255,15713,"{bureau_debt_not_observed, cluster_2_thin_file} -> {credit_small}","{bureau_debt_not_observed, cluster_2_thin_file} -> {credit_small}"
"frozenset({'external_score_weak', 'bureau_debt_not_observed'})",frozenset({'cluster_2_thin_file'}),0.030368696579697128,0.5574792600608028,1.6303133622800963,eclat,Portfolio-wide,356255,10819,"{bureau_debt_not_observed, external_score_weak} -> {cluster_2_thin_file}","{bureau_debt_not_observed, external_score_weak} -> {cluster_2_thin_file}"
"frozenset({'bureau_debt_not_observed', 'cluster_2_thin_file'})",frozenset({'external_score_weak'}),0.030368696579697128,0.47283772562388005,1.4192262658151804,eclat,Portfolio-wide,356255,10819,"{bureau_debt_not_observed, cluster_2_thin_file} -> {external_score_weak}","{bureau_debt_not_observed, cluster_2_thin_file} -> {external_score_weak}"
"frozenset({'bureau_debt_not_observed', 'income_q1'})",frozenset({'cluster_2_thin_file'}),0.03242621156194299,0.5672755843645648,1.6589621023460683,eclat,Portfolio-wide,356255,11552,"{bureau_debt_not_observed, income_q1} -> {cluster_2_thin_file}","{bureau_debt_not_observed, income_q1} -> {cluster_2_thin_file}"
"frozenset({'bureau_debt_not_observed', 'cluster_2_thin_file'})",frozenset({'income_q1'}),0.03242621156194299,0.5048730387657882,1.5772938046487057,eclat,Portfolio-wide,356255,11552,"{bureau_debt_not_observed, cluster_2_thin_file} -> {income_q1}","{bureau_debt_not_observed, cluster_2_thin_file} -> {income_q1}"
"frozenset({'bureau_debt_not_observed', 'leverage_under_3x'})",frozenset({'cluster_2_thin_file'}),0.04730880970091648,0.7146370420624153,2.0899115040218827,eclat,Portfolio-wide,356255,16854,"{bureau_debt_not_observed, leverage_under_3x} -> {cluster_2_thin_file}","{bureau_debt_not_observed, leverage_under_3x} -> {cluster_2_thin_file}"
"frozenset({'bureau_debt_not_observed', 'cluster_2_thin_file'})",frozenset({'leverage_under_3x'}),0.04730880970091648,0.7365936803461387,1.5524677816004973,eclat,Portfolio-wide,356255,16854,"{bureau_debt_not_observed, cluster_2_thin_file} -> {leverage_under_3x}","{bureau_debt_not_observed, cluster_2_thin_file} -> {leverage_under_3x}"
"frozenset({'bureau_debt_not_observed', 'previous_approval_high'})",frozenset({'cluster_2_thin_file'}),0.03973838963663668,0.49301758662719836,1.441799214610676,eclat,Portfolio-wide,356255,14157,"{bureau_debt_not_observed, previous_approval_high} -> {cluster_2_thin_file}","{bureau_debt_not_observed, previous_approval_high} -> {cluster_2_thin_file}"
"frozenset({'bureau_debt_not_observed', 'repayment_clean_observed'})",frozenset({'cluster_2_thin_file'}),0.03603037150355785,0.5270375692876206,1.5412885342846927,eclat,Portfolio-wide,356255,12836,"{bureau_debt_not_observed, repayment_clean_observed} -> {cluster_2_thin_file}","{bureau_debt_not_observed, repayment_clean_observed} -> {cluster_2_thin_file}"
"frozenset({'bureau_debt_not_observed', 'cluster_2_thin_file'})",frozenset({'repayment_clean_observed'}),0.03603037150355785,0.5609894672435646,1.251113061391845,eclat,Portfolio-wide,356255,12836,"{bureau_debt_not_observed, cluster_2_thin_file} -> {repayment_clean_observed}","{bureau_debt_not_observed, cluster_2_thin_file} -> {repayment_clean_observed}"
"frozenset({'cluster_3_high_exposure', 'credit_file_none'})",frozenset({'bureau_debt_not_observed'}),0.04749126328051536,1.0,7.062386012211561,eclat,Portfolio-wide,356255,16919,"{cluster_3_high_exposure, credit_file_none} -> {bureau_debt_not_observed}","{cluster_3_high_exposure, credit_file_none} -> {bureau_debt_not_observed}"
"frozenset({'bureau_debt_not_observed', 'cluster_3_high_exposure'})",frozenset({'credit_file_none'}),0.04749126328051536,1.0,7.062386012211561,eclat,Portfolio-wide,356255,16919,"{bureau_debt_not_observed, cluster_3_high_exposure} -> {credit_file_none}","{bureau_debt_not_observed, cluster_3_high_exposure} -> {credit_file_none}"
"frozenset({'bureau_debt_not_observed', 'credit_large'})",frozenset({'cluster_3_high_exposure'}),0.03126973656510084,0.7885050962627407,2.342136980823955,eclat,Portfolio-wide,356255,11140,"{bureau_debt_not_observed, credit_large} -> {cluster_3_high_exposure}","{bureau_debt_not_observed, credit_large} -> {cluster_3_high_exposure}"
"frozenset({'bureau_debt_not_observed', 'cluster_3_high_exposure'})",frozenset({'credit_large'}),0.03126973656510084,0.6584313493705302,2.0445702912105,eclat,Portfolio-wide,356255,11140,"{bureau_debt_not_observed, cluster_3_high_exposure} -> {credit_large}","{bureau_debt_not_observed, cluster_3_high_exposure} -> {credit_large}"
frozenset({'credit_file_none'}),frozenset({'bureau_debt_not_observed'}),0.14159520568132378,1.0,7.062386012211561,eclat,Portfolio-wide,356255,50444,{credit_file_none} -> {bureau_debt_not_observed},{credit_file_none} -> {bureau_debt_not_observed}
frozenset({'bureau_debt_not_observed'}),frozenset({'credit_file_none'}),0.14159520568132378,1.0,7.062386012211561,eclat,Portfolio-wide,356255,50444,{bureau_debt_not_observed} -> {credit_file_none},{bureau_debt_not_observed} -> {credit_file_none}
"frozenset({'credit_file_none', 'credit_large'})",frozenset({'bureau_debt_not_observed'}),0.0396569872703541,1.0,7.062386012211561,eclat,Portfolio-wide,356255,14128,"{credit_file_none, credit_large} -> {bureau_debt_not_observed}","{credit_file_none, credit_large} -> {bureau_debt_not_observed}"
"frozenset({'bureau_debt_not_observed', 'credit_large'})",frozenset({'credit_file_none'}),0.0396569872703541,1.0,7.062386012211561,eclat,Portfolio-wide,356255,14128,"{bureau_debt_not_observed, credit_large} -> {credit_file_none}","{bureau_debt_not_observed, credit_large} -> {credit_file_none}"
"frozenset({'credit_file_none', 'credit_medium'})",frozenset({'bureau_debt_not_observed'}),0.04828563809630742,1.0,7.062386012211561,eclat,Portfolio-wide,356255,17202,"{credit_file_none, credit_medium} -> {bureau_debt_not_observed}","{credit_file_none, credit_medium} -> {bureau_debt_not_observed}"
"frozenset({'bureau_debt_not_observed', 'credit_medium'})",frozenset({'credit_file_none'}),0.04828563809630742,1.0,7.062386012211561,eclat,Portfolio-wide,356255,17202,"{bureau_debt_not_observed, credit_medium} -> {credit_file_none}","{bureau_debt_not_observed, credit_medium} -> {credit_file_none}"
"frozenset({'credit_file_none', 'credit_small'})",frozenset({'bureau_debt_not_observed'}),0.05365258031466225,1.0,7.062386012211561,eclat,Portfolio-wide,356255,19114,"{credit_file_none, credit_small} -> {bureau_debt_not_observed}","{credit_file_none, credit_small} -> {bureau_debt_not_observed}"
"frozenset({'bureau_debt_not_observed', 'credit_small'})",frozenset({'credit_file_none'}),0.05365258031466225,1.0,7.062386012211561,eclat,Portfolio-wide,356255,19114,"{bureau_debt_not_observed, credit_small} -> {credit_file_none}","{bureau_debt_not_observed, credit_small} -> {credit_file_none}"
"frozenset({'credit_file_none', 'external_score_middle'})",frozenset({'bureau_debt_not_observed'}),0.035842303967663615,1.0,7.062386012211561,eclat,Portfolio-wide,356255,12769,"{credit_file_none, external_score_middle} -> {bureau_debt_not_observed}","{credit_file_none, external_score_middle} -> {bureau_debt_not_observed}"
"frozenset({'bureau_debt_not_observed', 'external_score_middle'})",frozenset({'credit_file_none'}),0.035842303967663615,1.0,7.062386012211561,eclat,Portfolio-wide,356255,12769,"{bureau_debt_not_observed, external_score_middle} -> {credit_file_none}","{bureau_debt_not_observed, external_score_middle} -> {credit_file_none}"
"frozenset({'external_score_strong', 'credit_file_none'})",frozenset({'bureau_debt_not_observed'}),0.05102805574658601,1.0,7.062386012211561,eclat,Portfolio-wide,356255,18179,"{credit_file_none, external_score_strong} -> {bureau_debt_not_observed}","{credit_file_none, external_score_strong} -> {bureau_debt_not_observed}"
"frozenset({'external_score_strong', 'bureau_debt_not_observed'})",frozenset({'credit_file_none'}),0.05102805574658601,1.0,7.062386012211561,eclat,Portfolio-wide,356255,18179,"{bureau_debt_not_observed, external_score_strong} -> {credit_file_none}","{bureau_debt_not_observed, external_score_strong} -> {credit_file_none}"
"frozenset({'external_score_weak', 'credit_file_none'})",frozenset({'bureau_debt_not_observed'}),0.05447502491193106,1.0,7.062386012211561,eclat,Portfolio-wide,356255,19407,"{credit_file_none, external_score_weak} -> {bureau_debt_not_observed}","{credit_file_none, external_score_weak} -> {bureau_debt_not_observed}"
"frozenset({'external_score_weak', 'bureau_debt_not_observed'})",frozenset({'credit_file_none'}),0.05447502491193106,1.0,7.062386012211561,eclat,Portfolio-wide,356255,19407,"{bureau_debt_not_observed, external_score_weak} -> {credit_file_none}","{bureau_debt_not_observed, external_score_weak} -> {credit_file_none}"
"frozenset({'credit_file_none', 'income_q1'})",frozenset({'bureau_debt_not_observed'}),0.057161302999256154,1.0,7.062386012211561,eclat,Portfolio-wide,356255,20364,"{credit_file_none, income_q1} -> {bureau_debt_not_observed}","{credit_file_none, income_q1} -> {bureau_debt_not_observed}"
"frozenset({'bureau_debt_not_observed', 'income_q1'})",frozenset({'credit_file_none'}),0.057161302999256154,1.0,7.062386012211561,eclat,Portfolio-wide,356255,20364,"{bureau_debt_not_observed, income_q1} -> {credit_file_none}","{bureau_debt_not_observed, income_q1} -> {credit_file_none}"
"frozenset({'bureau_debt_not_observed', 'credit_file_none'})",frozenset({'income_q1'}),0.057161302999256154,0.40369518674173344,1.2612000802633996,eclat,Portfolio-wide,356255,20364,"{bureau_debt_not_observed, credit_file_none} -> {income_q1}","{bureau_debt_not_observed, credit_file_none} -> {income_q1}"
"frozenset({'credit_file_none', 'income_q3'})",frozenset({'bureau_debt_not_observed'}),0.03310269329553269,1.0,7.062386012211561,eclat,Portfolio-wide,356255,11793,"{credit_file_none, income_q3} -> {bureau_debt_not_observed}","{credit_file_none, income_q3} -> {bureau_debt_not_observed}"
"frozenset({'bureau_debt_not_observed', 'income_q3'})",frozenset({'credit_file_none'}),0.03310269329553269,1.0,7.062386012211561,eclat,Portfolio-wide,356255,11793,"{bureau_debt_not_observed, income_q3} -> {credit_file_none}","{bureau_debt_not_observed, income_q3} -> {credit_file_none}"
"frozenset({'credit_file_none', 'leverage_3_to_6x'})",frozenset({'bureau_debt_not_observed'}),0.05084560216698713,1.0,7.062386012211561,eclat,Portfolio-wide,356255,18114,"{credit_file_none, leverage_3_to_6x} -> {bureau_debt_not_observed}","{credit_file_none, leverage_3_to_6x} -> {bureau_debt_not_observed}"
"frozenset({'bureau_debt_not_observed', 'leverage_3_to_6x'})",frozenset({'credit_file_none'}),0.05084560216698713,1.0,7.062386012211561,eclat,Portfolio-wide,356255,18114,"{bureau_debt_not_observed, leverage_3_to_6x} -> {credit_file_none}","{bureau_debt_not_observed, leverage_3_to_6x} -> {credit_file_none}"
"frozenset({'credit_file_none', 'leverage_under_3x'})",frozenset({'bureau_debt_not_observed'}),0.06619977263477003,1.0,7.062386012211561,eclat,Portfolio-wide,356255,23584,"{credit_file_none, leverage_under_3x} -> {bureau_debt_not_observed}","{credit_file_none, leverage_under_3x} -> {bureau_debt_not_observed}"
"frozenset({'bureau_debt_not_observed', 'leverage_under_3x'})",frozenset({'credit_file_none'}),0.06619977263477003,1.0,7.062386012211561,eclat,Portfolio-wide,356255,23584,"{bureau_debt_not_observed, leverage_under_3x} -> {credit_file_none}","{bureau_debt_not_observed, leverage_under_3x} -> {credit_file_none}"
"frozenset({'credit_file_none', 'previous_approval_high'})",frozenset({'bureau_debt_not_observed'}),0.08060237751049108,1.0,7.062386012211561,eclat,Portfolio-wide,356255,28715,"{credit_file_none, previous_approval_high} -> {bureau_debt_not_observed}","{credit_file_none, previous_approval_high} -> {bureau_debt_not_observed}"
"frozenset({'bureau_debt_not_observed', 'previous_approval_high'})",frozenset({'credit_file_none'}),0.08060237751049108,1.0,7.062386012211561,eclat,Portfolio-wide,356255,28715,"{bureau_debt_not_observed, previous_approval_high} -> {credit_file_none}","{bureau_debt_not_observed, previous_approval_high} -> {credit_file_none}"
"frozenset({'credit_file_none', 'previous_deep'})",frozenset({'bureau_debt_not_observed'}),0.04559936000898233,1.0,7.062386012211561,eclat,Portfolio-wide,356255,16245,"{credit_file_none, previous_deep} -> {bureau_debt_not_observed}","{credit_file_none, previous_deep} -> {bureau_debt_not_observed}"
"frozenset({'bureau_debt_not_observed', 'previous_deep'})",frozenset({'credit_file_none'}),0.04559936000898233,1.0,7.062386012211561,eclat,Portfolio-wide,356255,16245,"{bureau_debt_not_observed, previous_deep} -> {credit_file_none}","{bureau_debt_not_observed, previous_deep} -> {credit_file_none}"
"frozenset({'credit_file_none', 'previous_one'})",frozenset({'bureau_debt_not_observed'}),0.03233638826121739,1.0,7.062386012211561,eclat,Portfolio-wide,356255,11520,"{credit_file_none, previous_one} -> {bureau_debt_not_observed}","{credit_file_none, previous_one} -> {bureau_debt_not_observed}"
"frozenset({'bureau_debt_not_observed', 'previous_one'})",frozenset({'credit_file_none'}),0.03233638826121739,1.0,7.062386012211561,eclat,Portfolio-wide,356255,11520,"{bureau_debt_not_observed, previous_one} -> {credit_file_none}","{bureau_debt_not_observed, previous_one} -> {credit_file_none}"
"frozenset({'credit_file_none', 'previous_outcome_mixed'})",frozenset({'bureau_debt_not_observed'}),0.04291308192165724,1.0,7.062386012211561,eclat,Portfolio-wide,356255,15288,"{credit_file_none, previous_outcome_mixed} -> {bureau_debt_not_observed}","{credit_file_none, previous_outcome_mixed} -> {bureau_debt_not_observed}"
"frozenset({'bureau_debt_not_observed', 'previous_outcome_mixed'})",frozenset({'credit_file_none'}),0.04291308192165724,1.0,7.062386012211561,eclat,Portfolio-wide,356255,15288,"{bureau_debt_not_observed, previous_outcome_mixed} -> {credit_file_none}","{bureau_debt_not_observed, previous_outcome_mixed} -> {credit_file_none}"
"frozenset({'credit_file_none', 'previous_two_to_four'})",frozenset({'bureau_debt_not_observed'}),0.05614236993165008,1.0,7.062386012211561,eclat,Portfolio-wide,356255,20001,"{credit_file_none, previous_two_to_four} -> {bureau_debt_not_observed}","{credit_file_none, previous_two_to_four} -> {bureau_debt_not_observed}"
"frozenset({'bureau_debt_not_observed', 'previous_two_to_four'})",frozenset({'credit_file_none'}),0.05614236993165008,1.0,7.062386012211561,eclat,Portfolio-wide,356255,20001,"{bureau_debt_not_observed, previous_two_to_four} -> {credit_file_none}","{bureau_debt_not_observed, previous_two_to_four} -> {credit_file_none}"
"frozenset({'credit_file_none', 'repayment_clean_observed'})",frozenset({'bureau_debt_not_observed'}),0.06836395278662756,1.0,7.062386012211561,eclat,Portfolio-wide,356255,24355,"{credit_file_none, repayment_clean_observed} -> {bureau_debt_not_observed}","{credit_file_none, repayment_clean_observed} -> {bureau_debt_not_observed}"
"frozenset({'bureau_debt_not_observed', 'repayment_clean_observed'})",frozenset({'credit_file_none'}),0.06836395278662756,1.0,7.062386012211561,eclat,Portfolio-wide,356255,24355,"{bureau_debt_not_observed, repayment_clean_observed} -> {credit_file_none}","{bureau_debt_not_observed, repayment_clean_observed} -> {credit_file_none}"
"frozenset({'credit_file_none', 'repayment_some_late'})",frozenset({'bureau_debt_not_observed'}),0.05772550560693885,1.0,7.062386012211561,eclat,Portfolio-wide,356255,20565,"{credit_file_none, repayment_some_late} -> {bureau_debt_not_observed}","{credit_file_none, repayment_some_late} -> {bureau_debt_not_observed}"
"frozenset({'bureau_debt_not_observed', 'repayment_some_late'})",frozenset({'credit_file_none'}),0.05772550560693885,1.0,7.062386012211561,eclat,Portfolio-wide,356255,20565,"{bureau_debt_not_observed, repayment_some_late} -> {credit_file_none}","{bureau_debt_not_observed, repayment_some_late} -> {credit_file_none}"
"frozenset({'bureau_debt_not_observed', 'income_q1'})",frozenset({'credit_small'}),0.031629029768003254,0.5533294048320565,1.6565101731787488,eclat,Portfolio-wide,356255,11268,"{bureau_debt_not_observed, income_q1} -> {credit_small}","{bureau_debt_not_observed, income_q1} -> {credit_small}"
"frozenset({'bureau_debt_not_observed', 'credit_small'})",frozenset({'income_q1'}),0.031629029768003254,0.5895155383488542,1.8417287812692031,eclat,Portfolio-wide,356255,11268,"{bureau_debt_not_observed, credit_small} -> {income_q1}","{bureau_debt_not_observed, credit_small} -> {income_q1}"
"frozenset({'bureau_debt_not_observed', 'leverage_under_3x'})",frozenset({'credit_small'}),0.04504077135759498,0.6803765264586161,2.0368529628617766,eclat,Portfolio-wide,356255,16046,"{bureau_debt_not_observed, leverage_under_3x} -> {credit_small}","{bureau_debt_not_observed, leverage_under_3x} -> {credit_small}"
"frozenset({'bureau_debt_not_observed', 'credit_small'})",frozenset({'leverage_under_3x'}),0.04504077135759498,0.8394893795123992,1.7693339618069455,eclat,Portfolio-wide,356255,16046,"{bureau_debt_not_observed, credit_small} -> {leverage_under_3x}","{bureau_debt_not_observed, credit_small} -> {leverage_under_3x}"
frozenset({'bureau_debt_not_observed'}),frozenset({'income_q1'}),0.057161302999256154,0.40369518674173344,1.2612000802633996,eclat,Portfolio-wide,356255,20364,{bureau_debt_not_observed} -> {income_q1},{bureau_debt_not_observed} -> {income_q1}
"frozenset({'bureau_debt_not_observed', 'previous_approval_high'})",frozenset({'income_q1'}),0.03581423418618686,0.44433223054152876,1.388155874102868,eclat,Portfolio-wide,356255,12759,"{bureau_debt_not_observed, previous_approval_high} -> {income_q1}","{bureau_debt_not_observed, previous_approval_high} -> {income_q1}"
"frozenset({'bureau_debt_not_observed', 'previous_one'})",frozenset({'previous_approval_high'}),0.0321427067690278,0.9940104166666665,1.8962921485540807,eclat,Portfolio-wide,356255,11451,"{bureau_debt_not_observed, previous_one} -> {previous_approval_high}","{bureau_debt_not_observed, previous_one} -> {previous_approval_high}"
"frozenset({'bureau_debt_not_observed', 'previous_approval_high'})",frozenset({'previous_one'}),0.0321427067690278,0.39878112484764056,2.3498589042408975,eclat,Portfolio-wide,356255,11451,"{bureau_debt_not_observed, previous_approval_high} -> {previous_one}","{bureau_debt_not_observed, previous_approval_high} -> {previous_one}"
frozenset({'cluster_2_thin_file'}),frozenset({'card_history_not_observed'}),0.3006526224193345,0.8792398620916106,1.2395619934919953,eclat,Portfolio-wide,356255,107109,{cluster_2_thin_file} -> {card_history_not_observed},{cluster_2_thin_file} -> {card_history_not_observed}
frozenset({'card_history_not_observed'}),frozenset({'cluster_2_thin_file'}),0.3006526224193345,0.4238633620502024,1.2395619934919953,eclat,Portfolio-wide,356255,107109,{card_history_not_observed} -> {cluster_2_thin_file},{card_history_not_observed} -> {cluster_2_thin_file}
"frozenset({'credit_file_deep', 'cluster_2_thin_file'})",frozenset({'card_history_not_observed'}),0.046682853573984925,0.8932273484075407,1.2592817049942358,eclat,Portfolio-wide,356255,16631,"{cluster_2_thin_file, credit_file_deep} -> {card_history_not_observed}","{cluster_2_thin_file, credit_file_deep} -> {card_history_not_observed}"
"frozenset({'credit_file_established', 'cluster_2_thin_file'})",frozenset({'card_history_not_observed'}),0.1173457214635584,0.8822598345433058,1.2438195837513917,eclat,Portfolio-wide,356255,41805,"{cluster_2_thin_file, credit_file_established} -> {card_history_not_observed}","{cluster_2_thin_file, credit_file_established} -> {card_history_not_observed}"
"frozenset({'credit_file_none', 'cluster_2_thin_file'})",frozenset({'card_history_not_observed'}),0.0553732579191871,0.8621563742843407,1.215477505157037,eclat,Portfolio-wide,356255,19727,"{cluster_2_thin_file, credit_file_none} -> {card_history_not_observed}","{cluster_2_thin_file, credit_file_none} -> {card_history_not_observed}"
"frozenset({'credit_file_none', 'card_history_not_observed'})",frozenset({'cluster_2_thin_file'}),0.0553732579191871,0.5358268144285093,1.5669921340849498,eclat,Portfolio-wide,356255,19727,"{card_history_not_observed, credit_file_none} -> {cluster_2_thin_file}","{card_history_not_observed, credit_file_none} -> {cluster_2_thin_file}"
"frozenset({'credit_file_thin', 'cluster_2_thin_file'})",frozenset({'card_history_not_observed'}),0.08125078946260403,0.8788559630799125,1.239020768458012,eclat,Portfolio-wide,356255,28946,"{cluster_2_thin_file, credit_file_thin} -> {card_history_not_observed}","{cluster_2_thin_file, credit_file_thin} -> {card_history_not_observed}"
"frozenset({'credit_file_thin', 'card_history_not_observed'})",frozenset({'cluster_2_thin_file'}),0.08125078946260403,0.4774440430831148,1.3962553568262606,eclat,Portfolio-wide,356255,28946,"{card_history_not_observed, credit_file_thin} -> {cluster_2_thin_file}","{card_history_not_observed, credit_file_thin} -> {cluster_2_thin_file}"
"frozenset({'cluster_2_thin_file', 'credit_medium'})",frozenset({'card_history_not_observed'}),0.09169555515010315,0.8826533369359632,1.2443743477370983,eclat,Portfolio-wide,356255,32667,"{cluster_2_thin_file, credit_medium} -> {card_history_not_observed}","{cluster_2_thin_file, credit_medium} -> {card_history_not_observed}"
"frozenset({'credit_small', 'cluster_2_thin_file'})",frozenset({'card_history_not_observed'}),0.20823848086342647,0.8776500094643195,1.2373206018342566,eclat,Portfolio-wide,356255,74186,"{cluster_2_thin_file, credit_small} -> {card_history_not_observed}","{cluster_2_thin_file, credit_small} -> {card_history_not_observed}"
"frozenset({'credit_small', 'card_history_not_observed'})",frozenset({'cluster_2_thin_file'}),0.20823848086342647,0.8308991532637426,2.42991280451465,eclat,Portfolio-wide,356255,74186,"{card_history_not_observed, credit_small} -> {cluster_2_thin_file}","{card_history_not_observed, credit_small} -> {cluster_2_thin_file}"
"frozenset({'card_history_not_observed', 'cluster_2_thin_file'})",frozenset({'credit_small'}),0.20823848086342647,0.6926215350717493,2.0735110207223975,eclat,Portfolio-wide,356255,74186,"{card_history_not_observed, cluster_2_thin_file} -> {credit_small}","{card_history_not_observed, cluster_2_thin_file} -> {credit_small}"
"frozenset({'external_score_middle', 'cluster_2_thin_file'})",frozenset({'card_history_not_observed'}),0.0955383082342704,0.8733225566417776,1.231219711418879,eclat,Portfolio-wide,356255,34036,"{cluster_2_thin_file, external_score_middle} -> {card_history_not_observed}","{cluster_2_thin_file, external_score_middle} -> {card_history_not_observed}"
"frozenset({'external_score_strong', 'cluster_2_thin_file'})",frozenset({'card_history_not_observed'}),0.08123675457186566,0.8737169423982611,1.231775720780589,eclat,Portfolio-wide,356255,28941,"{cluster_2_thin_file, external_score_strong} -> {card_history_not_observed}","{cluster_2_thin_file, external_score_strong} -> {card_history_not_observed}"
"frozenset({'external_score_weak', 'cluster_2_thin_file'})",frozenset({'card_history_not_observed'}),0.12357721295139718,0.8873145759432441,1.2509458135738074,eclat,Portfolio-wide,356255,44025,"{cluster_2_thin_file, external_score_weak} -> {card_history_not_observed}","{cluster_2_thin_file, external_score_weak} -> {card_history_not_observed}"
"frozenset({'external_score_weak', 'card_history_not_observed'})",frozenset({'cluster_2_thin_file'}),0.12357721295139718,0.5190342014359652,1.5178831836526827,eclat,Portfolio-wide,356255,44025,"{card_history_not_observed, external_score_weak} -> {cluster_2_thin_file}","{card_history_not_observed, external_score_weak} -> {cluster_2_thin_file}"
"frozenset({'card_history_not_observed', 'cluster_2_thin_file'})",frozenset({'external_score_weak'}),0.12357721295139718,0.4110298854438002,1.2337095325614282,eclat,Portfolio-wide,356255,44025,"{card_history_not_observed, cluster_2_thin_file} -> {external_score_weak}","{card_history_not_observed, cluster_2_thin_file} -> {external_score_weak}"
"frozenset({'income_q1', 'cluster_2_thin_file'})",frozenset({'card_history_not_observed'}),0.13417636243701841,0.883240946045824,1.245202765500006,eclat,Portfolio-wide,356255,47801,"{cluster_2_thin_file, income_q1} -> {card_history_not_observed}","{cluster_2_thin_file, income_q1} -> {card_history_not_observed}"
"frozenset({'income_q1', 'card_history_not_observed'})",frozenset({'cluster_2_thin_file'}),0.13417636243701841,0.5553090148698884,1.6239666154364807,eclat,Portfolio-wide,356255,47801,"{card_history_not_observed, income_q1} -> {cluster_2_thin_file}","{card_history_not_observed, income_q1} -> {cluster_2_thin_file}"
"frozenset({'card_history_not_observed', 'cluster_2_thin_file'})",frozenset({'income_q1'}),0.13417636243701841,0.4462836923134376,1.3942525129140138,eclat,Portfolio-wide,356255,47801,"{card_history_not_observed, cluster_2_thin_file} -> {income_q1}","{card_history_not_observed, cluster_2_thin_file} -> {income_q1}"
"frozenset({'income_q2', 'cluster_2_thin_file'})",frozenset({'card_history_not_observed'}),0.058244796564258745,0.8782325305794219,1.2381418464863925,eclat,Portfolio-wide,356255,20750,"{cluster_2_thin_file, income_q2} -> {card_history_not_observed}","{cluster_2_thin_file, income_q2} -> {card_history_not_observed}"
"frozenset({'income_q2', 'card_history_not_observed'})",frozenset({'cluster_2_thin_file'}),0.058244796564258745,0.4521780818932642,1.3223666275232706,eclat,Portfolio-wide,356255,20750,"{card_history_not_observed, income_q2} -> {cluster_2_thin_file}","{card_history_not_observed, income_q2} -> {cluster_2_thin_file}"
"frozenset({'income_q3', 'cluster_2_thin_file'})",frozenset({'card_history_not_observed'}),0.0672299336149668,0.870692162280064,1.2275113526202692,eclat,Portfolio-wide,356255,23951,"{cluster_2_thin_file, income_q3} -> {card_history_not_observed}","{cluster_2_thin_file, income_q3} -> {card_history_not_observed}"
"frozenset({'income_q4', 'cluster_2_thin_file'})",frozenset({'card_history_not_observed'}),0.041001529803090485,0.8817989737398129,1.243169857139883,eclat,Portfolio-wide,356255,14607,"{cluster_2_thin_file, income_q4} -> {card_history_not_observed}","{cluster_2_thin_file, income_q4} -> {card_history_not_observed}"
"frozenset({'cluster_2_thin_file', 'leverage_3_to_6x'})",frozenset({'card_history_not_observed'}),0.06407489017697997,0.8895253682487724,1.2540626127950327,eclat,Portfolio-wide,356255,22827,"{cluster_2_thin_file, leverage_3_to_6x} -> {card_history_not_observed}","{cluster_2_thin_file, leverage_3_to_6x} -> {card_history_not_observed}"
"frozenset({'leverage_under_3x', 'cluster_2_thin_file'})",frozenset({'card_history_not_observed'}),0.2350675779989053,0.8763315962411838,1.2354618884233013,eclat,Portfolio-wide,356255,83744,"{cluster_2_thin_file, leverage_under_3x} -> {card_history_not_observed}","{cluster_2_thin_file, leverage_under_3x} -> {card_history_not_observed}"
"frozenset({'leverage_under_3x', 'card_history_not_observed'})",frozenset({'cluster_2_thin_file'}),0.2350675779989053,0.6927747720917921,2.025976657622405,eclat,Portfolio-wide,356255,83744,"{card_history_not_observed, leverage_under_3x} -> {cluster_2_thin_file}","{card_history_not_observed, leverage_under_3x} -> {cluster_2_thin_file}"
"frozenset({'card_history_not_observed', 'cluster_2_thin_file'})",frozenset({'leverage_under_3x'}),0.2350675779989053,0.7818577337105191,1.64786771020133,eclat,Portfolio-wide,356255,83744,"{card_history_not_observed, cluster_2_thin_file} -> {leverage_under_3x}","{card_history_not_observed, cluster_2_thin_file} -> {leverage_under_3x}"
"frozenset({'previous_approval_high', 'cluster_2_thin_file'})",frozenset({'card_history_not_observed'}),0.18513705070806025,0.8798121815222901,1.2403688556976278,eclat,Portfolio-wide,356255,65956,"{cluster_2_thin_file, previous_approval_high} -> {card_history_not_observed}","{cluster_2_thin_file, previous_approval_high} -> {card_history_not_observed}"
"frozenset({'previous_approval_high', 'card_history_not_observed'})",frozenset({'cluster_2_thin_file'}),0.18513705070806025,0.47258605371012585,1.3820484695821778,eclat,Portfolio-wide,356255,65956,"{card_history_not_observed, previous_approval_high} -> {cluster_2_thin_file}","{card_history_not_observed, previous_approval_high} -> {cluster_2_thin_file}"
"frozenset({'cluster_2_thin_file', 'previous_one'})",frozenset({'card_history_not_observed'}),0.0835216347840732,0.990908485413614,1.396993642469151,eclat,Portfolio-wide,356255,29755,"{cluster_2_thin_file, previous_one} -> {card_history_not_observed}","{cluster_2_thin_file, previous_one} -> {card_history_not_observed}"
"frozenset({'card_history_not_observed', 'previous_one'})",frozenset({'cluster_2_thin_file'}),0.0835216347840732,0.5142585551330798,1.5039171035867294,eclat,Portfolio-wide,356255,29755,"{card_history_not_observed, previous_one} -> {cluster_2_thin_file}","{card_history_not_observed, previous_one} -> {cluster_2_thin_file}"
"frozenset({'previous_outcome_mixed', 'cluster_2_thin_file'})",frozenset({'card_history_not_observed'}),0.09018259392850626,0.857066638211599,1.2083019394613834,eclat,Portfolio-wide,356255,32128,"{cluster_2_thin_file, previous_outcome_mixed} -> {card_history_not_observed}","{cluster_2_thin_file, previous_outcome_mixed} -> {card_history_not_observed}"
"frozenset({'card_history_not_observed', 'previous_outcome_mixed'})",frozenset({'cluster_2_thin_file'}),0.09018259392850626,0.424619695227522,1.2417738427456975,eclat,Portfolio-wide,356255,32128,"{card_history_not_observed, previous_outcome_mixed} -> {cluster_2_thin_file}","{card_history_not_observed, previous_outcome_mixed} -> {cluster_2_thin_file}"
"frozenset({'cluster_2_thin_file', 'previous_two_to_four'})",frozenset({'card_history_not_observed'}),0.14505340275925951,0.8789930260248341,1.2392140012998858,eclat,Portfolio-wide,356255,51676,"{cluster_2_thin_file, previous_two_to_four} -> {card_history_not_observed}","{cluster_2_thin_file, previous_two_to_four} -> {card_history_not_observed}"
"frozenset({'card_history_not_observed', 'previous_two_to_four'})",frozenset({'cluster_2_thin_file'}),0.14505340275925951,0.49671267638125266,1.4526052743736921,eclat,Portfolio-wide,356255,51676,"{card_history_not_observed, previous_two_to_four} -> {cluster_2_thin_file}","{card_history_not_observed, previous_two_to_four} -> {cluster_2_thin_file}"
"frozenset({'card_history_not_observed', 'cluster_2_thin_file'})",frozenset({'previous_two_to_four'}),0.14505340275925951,0.4824617912593712,1.2558593725439298,eclat,Portfolio-wide,356255,51676,"{card_history_not_observed, cluster_2_thin_file} -> {previous_two_to_four}","{card_history_not_observed, cluster_2_thin_file} -> {previous_two_to_four}"
"frozenset({'repayment_clean_observed', 'cluster_2_thin_file'})",frozenset({'card_history_not_observed'}),0.16770010245470238,0.884441154700222,1.2468948328145073,eclat,Portfolio-wide,356255,59744,"{cluster_2_thin_file, repayment_clean_observed} -> {card_history_not_observed}","{cluster_2_thin_file, repayment_clean_observed} -> {card_history_not_observed}"
"frozenset({'repayment_clean_observed', 'card_history_not_observed'})",frozenset({'cluster_2_thin_file'}),0.16770010245470238,0.47204203373760517,1.3804575170677273,eclat,Portfolio-wide,356255,59744,"{card_history_not_observed, repayment_clean_observed} -> {cluster_2_thin_file}","{card_history_not_observed, repayment_clean_observed} -> {cluster_2_thin_file}"
"frozenset({'card_history_not_observed', 'cluster_2_thin_file'})",frozenset({'repayment_clean_observed'}),0.16770010245470238,0.5577869273357047,1.2439707891348641,eclat,Portfolio-wide,356255,59744,"{card_history_not_observed, cluster_2_thin_file} -> {repayment_clean_observed}","{card_history_not_observed, cluster_2_thin_file} -> {repayment_clean_observed}"
"frozenset({'repayment_some_late', 'cluster_2_thin_file'})",frozenset({'card_history_not_observed'}),0.10758866542223969,0.8562843483311738,1.2071990586145556,eclat,Portfolio-wide,356255,38329,"{cluster_2_thin_file, repayment_some_late} -> {card_history_not_observed}","{cluster_2_thin_file, repayment_some_late} -> {card_history_not_observed}"
frozenset({'cluster_3_high_exposure'}),frozenset({'card_history_not_observed'}),0.28961277736452823,0.8602516321068562,1.2127921787604445,eclat,Portfolio-wide,356255,103176,{cluster_3_high_exposure} -> {card_history_not_observed},{cluster_3_high_exposure} -> {card_history_not_observed}
frozenset({'card_history_not_observed'}),frozenset({'cluster_3_high_exposure'}),0.28961277736452823,0.4082992675021864,1.2127921787604445,eclat,Portfolio-wide,356255,103176,{card_history_not_observed} -> {cluster_3_high_exposure},{card_history_not_observed} -> {cluster_3_high_exposure}
"frozenset({'credit_file_deep', 'cluster_3_high_exposure'})",frozenset({'card_history_not_observed'}),0.05864058048308094,0.8650517598343687,1.219559451437069,eclat,Portfolio-wide,356255,20891,"{cluster_3_high_exposure, credit_file_deep} -> {card_history_not_observed}","{cluster_3_high_exposure, credit_file_deep} -> {card_history_not_observed}"
"frozenset({'credit_file_established', 'cluster_3_high_exposure'})",frozenset({'card_history_not_observed'}),0.1226031915341539,0.8622302939376592,1.2155817178943982,eclat,Portfolio-wide,356255,43678,"{cluster_3_high_exposure, credit_file_established} -> {card_history_not_observed}","{cluster_3_high_exposure, credit_file_established} -> {card_history_not_observed}"
"frozenset({'credit_file_established', 'card_history_not_observed'})",frozenset({'cluster_3_high_exposure'}),0.1226031915341539,0.425234873192815,1.2630968737696149,eclat,Portfolio-wide,356255,43678,"{card_history_not_observed, credit_file_established} -> {cluster_3_high_exposure}","{card_history_not_observed, credit_file_established} -> {cluster_3_high_exposure}"
"frozenset({'cluster_3_high_exposure', 'credit_file_thin'})",frozenset({'card_history_not_observed'}),0.06835553185218453,0.8632093864095566,1.2169620531915162,eclat,Portfolio-wide,356255,24352,"{cluster_3_high_exposure, credit_file_thin} -> {card_history_not_observed}","{cluster_3_high_exposure, credit_file_thin} -> {card_history_not_observed}"
"frozenset({'cluster_3_high_exposure', 'credit_large'})",frozenset({'card_history_not_observed'}),0.19381903411881937,0.8549371633752243,1.205299782499359,eclat,Portfolio-wide,356255,69049,"{cluster_3_high_exposure, credit_large} -> {card_history_not_observed}","{cluster_3_high_exposure, credit_large} -> {card_history_not_observed}"
"frozenset({'credit_large', 'card_history_not_observed'})",frozenset({'cluster_3_high_exposure'}),0.19381903411881937,0.8733967466923017,2.594294988142658,eclat,Portfolio-wide,356255,69049,"{card_history_not_observed, credit_large} -> {cluster_3_high_exposure}","{card_history_not_observed, credit_large} -> {cluster_3_high_exposure}"
"frozenset({'cluster_3_high_exposure', 'card_history_not_observed'})",frozenset({'credit_large'}),0.19381903411881937,0.6692350934325811,2.0781182292973313,eclat,Portfolio-wide,356255,69049,"{card_history_not_observed, cluster_3_high_exposure} -> {credit_large}","{card_history_not_observed, cluster_3_high_exposure} -> {credit_large}"
"frozenset({'cluster_3_high_exposure', 'credit_medium'})",frozenset({'card_history_not_observed'}),0.09446884956000617,0.8703804277549332,1.2270718658703257,eclat,Portfolio-wide,356255,33655,"{cluster_3_high_exposure, credit_medium} -> {card_history_not_observed}","{cluster_3_high_exposure, credit_medium} -> {card_history_not_observed}"
"frozenset({'cluster_3_high_exposure', 'external_score_middle'})",frozenset({'card_history_not_observed'}),0.09698670895847075,0.8587975045360773,1.2107421337748379,eclat,Portfolio-wide,356255,34552,"{cluster_3_high_exposure, external_score_middle} -> {card_history_not_observed}","{cluster_3_high_exposure, external_score_middle} -> {card_history_not_observed}"
"frozenset({'external_score_middle', 'card_history_not_observed'})",frozenset({'cluster_3_high_exposure'}),0.09698670895847075,0.4163142357973372,1.236599448660383,eclat,Portfolio-wide,356255,34552,"{card_history_not_observed, external_score_middle} -> {cluster_3_high_exposure}","{card_history_not_observed, external_score_middle} -> {cluster_3_high_exposure}"
"frozenset({'external_score_strong', 'cluster_3_high_exposure'})",frozenset({'card_history_not_observed'}),0.12300458940927145,0.8526979432196299,1.202142905383559,eclat,Portfolio-wide,356255,43821,"{cluster_3_high_exposure, external_score_strong} -> {card_history_not_observed}","{cluster_3_high_exposure, external_score_strong} -> {card_history_not_observed}"
"frozenset({'external_score_strong', 'card_history_not_observed'})",frozenset({'cluster_3_high_exposure'}),0.12300458940927145,0.5173488542318454,1.5367077387659027,eclat,Portfolio-wide,356255,43821,"{card_history_not_observed, external_score_strong} -> {cluster_3_high_exposure}","{card_history_not_observed, external_score_strong} -> {cluster_3_high_exposure}"
"frozenset({'cluster_3_high_exposure', 'card_history_not_observed'})",frozenset({'external_score_strong'}),0.12300458940927145,0.4247208653175157,1.2748031196179317,eclat,Portfolio-wide,356255,43821,"{card_history_not_observed, cluster_3_high_exposure} -> {external_score_strong}","{card_history_not_observed, cluster_3_high_exposure} -> {external_score_strong}"
"frozenset({'external_score_weak', 'cluster_3_high_exposure'})",frozenset({'card_history_not_observed'}),0.06943621843903945,0.8757390165327291,1.2346264630560213,eclat,Portfolio-wide,356255,24737,"{cluster_3_high_exposure, external_score_weak} -> {card_history_not_observed}","{cluster_3_high_exposure, external_score_weak} -> {card_history_not_observed}"
"frozenset({'cluster_3_high_exposure', 'income_q1'})",frozenset({'card_history_not_observed'}),0.07775329469060083,0.8663830851995495,1.2214363685273886,eclat,Portfolio-wide,356255,27700,"{cluster_3_high_exposure, income_q1} -> {card_history_not_observed}","{cluster_3_high_exposure, income_q1} -> {card_history_not_observed}"
"frozenset({'income_q2', 'cluster_3_high_exposure'})",frozenset({'card_history_not_observed'}),0.04984631794641479,0.86066010759463,1.213368051979742,eclat,Portfolio-wide,356255,17758,"{cluster_3_high_exposure, income_q2} -> {card_history_not_observed}","{cluster_3_high_exposure, income_q2} -> {card_history_not_observed}"
"frozenset({'income_q3', 'card_history_not_observed'})",frozenset({'cluster_3_high_exposure'}),0.07773083886541943,0.4340983195385001,1.2894244213811281,eclat,Portfolio-wide,356255,27692,"{card_history_not_observed, income_q3} -> {cluster_3_high_exposure}","{card_history_not_observed, income_q3} -> {cluster_3_high_exposure}"
"frozenset({'cluster_3_high_exposure', 'income_q4'})",frozenset({'card_history_not_observed'}),0.08428232586209317,0.863833827210219,1.2178423966757679,eclat,Portfolio-wide,356255,30026,"{cluster_3_high_exposure, income_q4} -> {card_history_not_observed}","{cluster_3_high_exposure, income_q4} -> {card_history_not_observed}"
"frozenset({'card_history_not_observed', 'income_q4'})",frozenset({'cluster_3_high_exposure'}),0.08428232586209317,0.5273640578895602,1.566456409977282,eclat,Portfolio-wide,356255,30026,"{card_history_not_observed, income_q4} -> {cluster_3_high_exposure}","{card_history_not_observed, income_q4} -> {cluster_3_high_exposure}"
"frozenset({'cluster_3_high_exposure', 'leverage_3_to_6x'})",frozenset({'card_history_not_observed'}),0.14442744663232795,0.8568359700249791,1.2079767409239086,eclat,Portfolio-wide,356255,51453,"{cluster_3_high_exposure, leverage_3_to_6x} -> {card_history_not_observed}","{cluster_3_high_exposure, leverage_3_to_6x} -> {card_history_not_observed}"
"frozenset({'card_history_not_observed', 'leverage_3_to_6x'})",frozenset({'cluster_3_high_exposure'}),0.14442744663232795,0.5785721514432537,1.7185624270443345,eclat,Portfolio-wide,356255,51453,"{card_history_not_observed, leverage_3_to_6x} -> {cluster_3_high_exposure}","{card_history_not_observed, leverage_3_to_6x} -> {cluster_3_high_exposure}"
"frozenset({'cluster_3_high_exposure', 'card_history_not_observed'})",frozenset({'leverage_3_to_6x'}),0.14442744663232795,0.4986915561758548,1.386549498528308,eclat,Portfolio-wide,356255,51453,"{card_history_not_observed, cluster_3_high_exposure} -> {leverage_3_to_6x}","{card_history_not_observed, cluster_3_high_exposure} -> {leverage_3_to_6x}"
"frozenset({'cluster_3_high_exposure', 'leverage_over_6x'})",frozenset({'card_history_not_observed'}),0.10994372008813912,0.8594751162994823,1.2116974382650845,eclat,Portfolio-wide,356255,39168,"{cluster_3_high_exposure, leverage_over_6x} -> {card_history_not_observed}","{cluster_3_high_exposure, leverage_over_6x} -> {card_history_not_observed}"
"frozenset({'card_history_not_observed', 'leverage_over_6x'})",frozenset({'cluster_3_high_exposure'}),0.10994372008813912,0.9133476354817648,2.712963154644156,eclat,Portfolio-wide,356255,39168,"{card_history_not_observed, leverage_over_6x} -> {cluster_3_high_exposure}","{card_history_not_observed, leverage_over_6x} -> {cluster_3_high_exposure}"
"frozenset({'cluster_3_high_exposure', 'card_history_not_observed'})",frozenset({'leverage_over_6x'}),0.10994372008813912,0.37962316817864616,2.2886795467996275,eclat,Portfolio-wide,356255,39168,"{card_history_not_observed, cluster_3_high_exposure} -> {leverage_over_6x}","{card_history_not_observed, cluster_3_high_exposure} -> {leverage_over_6x}"
"frozenset({'cluster_3_high_exposure', 'leverage_under_3x'})",frozenset({'card_history_not_observed'}),0.03524161064406114,0.877052043311212,1.2364775825982732,eclat,Portfolio-wide,356255,12555,"{cluster_3_high_exposure, leverage_under_3x} -> {card_history_not_observed}","{cluster_3_high_exposure, leverage_under_3x} -> {card_history_not_observed}"
"frozenset({'cluster_3_high_exposure', 'previous_approval_high'})",frozenset({'card_history_not_observed'}),0.178857840591711,0.8581452351451814,1.209822557239091,eclat,Portfolio-wide,356255,63719,"{cluster_3_high_exposure, previous_approval_high} -> {card_history_not_observed}","{cluster_3_high_exposure, previous_approval_high} -> {card_history_not_observed}"
"frozenset({'previous_approval_high', 'card_history_not_observed'})",frozenset({'cluster_3_high_exposure'}),0.178857840591711,0.45655756498810585,1.3561362658298743,eclat,Portfolio-wide,356255,63719,"{card_history_not_observed, previous_approval_high} -> {cluster_3_high_exposure}","{card_history_not_observed, previous_approval_high} -> {cluster_3_high_exposure}"
"frozenset({'cluster_3_high_exposure', 'previous_one'})",frozenset({'card_history_not_observed'}),0.07558350058244796,0.9851822040099517,1.3889206681898294,eclat,Portfolio-wide,356255,26927,"{cluster_3_high_exposure, previous_one} -> {card_history_not_observed}","{cluster_3_high_exposure, previous_one} -> {card_history_not_observed}"
"frozenset({'card_history_not_observed', 'previous_one'})",frozenset({'cluster_3_high_exposure'}),0.07558350058244796,0.46538195644659525,1.3823478067142065,eclat,Portfolio-wide,356255,26927,"{card_history_not_observed, previous_one} -> {cluster_3_high_exposure}","{card_history_not_observed, previous_one} -> {cluster_3_high_exposure}"
"frozenset({'cluster_3_high_exposure', 'previous_two_to_four'})",frozenset({'card_history_not_observed'}),0.1354900282101304,0.8585276488269926,1.2103616882387216,eclat,Portfolio-wide,356255,48269,"{cluster_3_high_exposure, previous_two_to_four} -> {card_history_not_observed}","{cluster_3_high_exposure, previous_two_to_four} -> {card_history_not_observed}"
"frozenset({'card_history_not_observed', 'previous_two_to_four'})",frozenset({'cluster_3_high_exposure'}),0.1354900282101304,0.463964396939521,1.3781371572716432,eclat,Portfolio-wide,356255,48269,"{card_history_not_observed, previous_two_to_four} -> {cluster_3_high_exposure}","{card_history_not_observed, previous_two_to_four} -> {cluster_3_high_exposure}"
"frozenset({'cluster_3_high_exposure', 'card_history_not_observed'})",frozenset({'previous_two_to_four'}),0.1354900282101304,0.46783166627897965,1.2177768136532996,eclat,Portfolio-wide,356255,48269,"{card_history_not_observed, cluster_3_high_exposure} -> {previous_two_to_four}","{card_history_not_observed, cluster_3_high_exposure} -> {previous_two_to_four}"
"frozenset({'cluster_3_high_exposure', 'repayment_clean_observed'})",frozenset({'card_history_not_observed'}),0.15694937614910667,0.8563420834992496,1.2072804542872497,eclat,Portfolio-wide,356255,55914,"{cluster_3_high_exposure, repayment_clean_observed} -> {card_history_not_observed}","{cluster_3_high_exposure, repayment_clean_observed} -> {card_history_not_observed}"
"frozenset({'repayment_clean_observed', 'card_history_not_observed'})",frozenset({'cluster_3_high_exposure'}),0.15694937614910667,0.4417809030932722,1.3122443919015292,eclat,Portfolio-wide,356255,55914,"{card_history_not_observed, repayment_clean_observed} -> {cluster_3_high_exposure}","{card_history_not_observed, repayment_clean_observed} -> {cluster_3_high_exposure}"
"frozenset({'cluster_3_high_exposure', 'card_history_not_observed'})",frozenset({'repayment_clean_observed'}),0.15694937614910667,0.5419283554314956,1.2086031617498685,eclat,Portfolio-wide,356255,55914,"{card_history_not_observed, cluster_3_high_exposure} -> {repayment_clean_observed}","{card_history_not_observed, cluster_3_high_exposure} -> {repayment_clean_observed}"
"frozenset({'card_history_not_observed', 'cluster_4_history_rich'})",frozenset({'credit_file_deep'}),0.03897208460232137,0.3775082930012507,1.7098622709701936,eclat,Portfolio-wide,356255,13884,"{card_history_not_observed, cluster_4_history_rich} -> {credit_file_deep}","{card_history_not_observed, cluster_4_history_rich} -> {credit_file_deep}"
"frozenset({'card_history_not_observed', 'cluster_4_history_rich'})",frozenset({'credit_medium'}),0.04463095254803441,0.43232367176029146,1.2570186710001356,eclat,Portfolio-wide,356255,15900,"{card_history_not_observed, cluster_4_history_rich} -> {credit_medium}","{card_history_not_observed, cluster_4_history_rich} -> {credit_medium}"
"frozenset({'card_history_not_observed', 'cluster_4_history_rich'})",frozenset({'leverage_under_3x'}),0.06200053332584806,0.6005764315623471,1.2657935918632912,eclat,Portfolio-wide,356255,22088,"{card_history_not_observed, cluster_4_history_rich} -> {leverage_under_3x}","{card_history_not_observed, cluster_4_history_rich} -> {leverage_under_3x}"
"frozenset({'card_history_not_observed', 'previous_deep'})",frozenset({'cluster_4_history_rich'}),0.09950737533508301,0.47742821742175295,3.250510063784478,eclat,Portfolio-wide,356255,35450,"{card_history_not_observed, previous_deep} -> {cluster_4_history_rich}","{card_history_not_observed, previous_deep} -> {cluster_4_history_rich}"
"frozenset({'card_history_not_observed', 'cluster_4_history_rich'})",frozenset({'previous_deep'}),0.09950737533508301,0.9638914568492033,2.4261581845016704,eclat,Portfolio-wide,356255,35450,"{card_history_not_observed, cluster_4_history_rich} -> {previous_deep}","{card_history_not_observed, cluster_4_history_rich} -> {previous_deep}"
"frozenset({'card_history_not_observed', 'previous_refusals_repeated'})",frozenset({'cluster_4_history_rich'}),0.045256908674965964,0.7706610582668132,5.246949037053158,eclat,Portfolio-wide,356255,16123,"{card_history_not_observed, previous_refusals_repeated} -> {cluster_4_history_rich}","{card_history_not_observed, previous_refusals_repeated} -> {cluster_4_history_rich}"
"frozenset({'card_history_not_observed', 'cluster_4_history_rich'})",frozenset({'previous_refusals_repeated'}),0.045256908674965964,0.43838707923214965,4.236128591511594,eclat,Portfolio-wide,356255,16123,"{card_history_not_observed, cluster_4_history_rich} -> {previous_refusals_repeated}","{card_history_not_observed, cluster_4_history_rich} -> {previous_refusals_repeated}"
"frozenset({'card_history_not_observed', 'cluster_4_history_rich'})",frozenset({'repayment_some_late'}),0.06529873264936632,0.6325248790037522,1.4223415584866517,eclat,Portfolio-wide,356255,23263,"{card_history_not_observed, cluster_4_history_rich} -> {repayment_some_late}","{card_history_not_observed, cluster_4_history_rich} -> {repayment_some_late}"
"frozenset({'credit_file_established', 'previous_one'})",frozenset({'card_history_not_observed'}),0.06252263126131563,0.9567047504509921,1.3487728420674492,eclat,Portfolio-wide,356255,22274,"{credit_file_established, previous_one} -> {card_history_not_observed}","{credit_file_established, previous_one} -> {card_history_not_observed}"
"frozenset({'credit_file_none', 'card_history_not_observed'})",frozenset({'income_q1'}),0.04451867342212741,0.43079096045197746,1.3458510572888482,eclat,Portfolio-wide,356255,15860,"{card_history_not_observed, credit_file_none} -> {income_q1}","{card_history_not_observed, credit_file_none} -> {income_q1}"
"frozenset({'credit_file_none', 'previous_one'})",frozenset({'card_history_not_observed'}),0.031177106286227562,0.9641493055555554,1.3592682574414987,eclat,Portfolio-wide,356255,11107,"{credit_file_none, previous_one} -> {card_history_not_observed}","{credit_file_none, previous_one} -> {card_history_not_observed}"
"frozenset({'credit_file_thin', 'card_history_not_observed'})",frozenset({'income_q1'}),0.06679765898022484,0.3925148861068501,1.2262712613892108,eclat,Portfolio-wide,356255,23797,"{card_history_not_observed, credit_file_thin} -> {income_q1}","{card_history_not_observed, credit_file_thin} -> {income_q1}"
"frozenset({'credit_file_thin', 'previous_one'})",frozenset({'card_history_not_observed'}),0.0449593689913124,0.9607125719769672,1.3544231127779691,eclat,Portfolio-wide,356255,16017,"{credit_file_thin, previous_one} -> {card_history_not_observed}","{credit_file_thin, previous_one} -> {card_history_not_observed}"
"frozenset({'credit_large', 'card_history_not_observed'})",frozenset({'external_score_strong'}),0.08987944028855735,0.4050190999013382,1.215668111038244,eclat,Portfolio-wide,356255,32020,"{card_history_not_observed, credit_large} -> {external_score_strong}","{card_history_not_observed, credit_large} -> {external_score_strong}"
"frozenset({'card_history_not_observed', 'income_q4'})",frozenset({'credit_large'}),0.08643527810135998,0.5408353238724182,1.679409458076218,eclat,Portfolio-wide,356255,30793,"{card_history_not_observed, income_q4} -> {credit_large}","{card_history_not_observed, income_q4} -> {credit_large}"
"frozenset({'credit_large', 'card_history_not_observed'})",frozenset({'income_q4'}),0.08643527810135998,0.3894988489463432,1.6403938105140026,eclat,Portfolio-wide,356255,30793,"{card_history_not_observed, credit_large} -> {income_q4}","{card_history_not_observed, credit_large} -> {income_q4}"
"frozenset({'card_history_not_observed', 'leverage_3_to_6x'})",frozenset({'credit_large'}),0.10441116615907145,0.41826809548976174,1.2988119757923529,eclat,Portfolio-wide,356255,37197,"{card_history_not_observed, leverage_3_to_6x} -> {credit_large}","{card_history_not_observed, leverage_3_to_6x} -> {credit_large}"
"frozenset({'credit_large', 'card_history_not_observed'})",frozenset({'leverage_3_to_6x'}),0.10441116615907145,0.4705026689266108,1.3081738232326798,eclat,Portfolio-wide,356255,37197,"{card_history_not_observed, credit_large} -> {leverage_3_to_6x}","{card_history_not_observed, credit_large} -> {leverage_3_to_6x}"
"frozenset({'card_history_not_observed', 'leverage_over_6x'})",frozenset({'credit_large'}),0.0951425243154482,0.79038802350527,2.4543240125677253,eclat,Portfolio-wide,356255,33895,"{card_history_not_observed, leverage_over_6x} -> {credit_large}","{card_history_not_observed, leverage_over_6x} -> {credit_large}"
"frozenset({'credit_large', 'card_history_not_observed'})",frozenset({'leverage_over_6x'}),0.0951425243154482,0.42873586480811554,2.5847711283628105,eclat,Portfolio-wide,356255,33895,"{card_history_not_observed, credit_large} -> {leverage_over_6x}","{card_history_not_observed, credit_large} -> {leverage_over_6x}"
"frozenset({'credit_large', 'previous_one'})",frozenset({'card_history_not_observed'}),0.04931299209835652,0.9475728155339805,1.3358985401411898,eclat,Portfolio-wide,356255,17568,"{credit_large, previous_one} -> {card_history_not_observed}","{credit_large, previous_one} -> {card_history_not_observed}"
"frozenset({'card_history_not_observed', 'leverage_3_to_6x'})",frozenset({'credit_medium'}),0.11364893124307027,0.45527431379384015,1.3237496585265538,eclat,Portfolio-wide,356255,40488,"{card_history_not_observed, leverage_3_to_6x} -> {credit_medium}","{card_history_not_observed, leverage_3_to_6x} -> {credit_medium}"
"frozenset({'card_history_not_observed', 'credit_medium'})",frozenset({'leverage_3_to_6x'}),0.11364893124307027,0.4799715488115701,1.334500859440779,eclat,Portfolio-wide,356255,40488,"{card_history_not_observed, credit_medium} -> {leverage_3_to_6x}","{card_history_not_observed, credit_medium} -> {leverage_3_to_6x}"
"frozenset({'previous_one', 'credit_medium'})",frozenset({'card_history_not_observed'}),0.05469958316374507,0.9531891997652122,1.3438165801824147,eclat,Portfolio-wide,356255,19487,"{credit_medium, previous_one} -> {card_history_not_observed}","{credit_medium, previous_one} -> {card_history_not_observed}"
"frozenset({'income_q1', 'card_history_not_observed'})",frozenset({'credit_small'}),0.1319925334381272,0.5462709107806691,1.6353790583286467,eclat,Portfolio-wide,356255,47023,"{card_history_not_observed, income_q1} -> {credit_small}","{card_history_not_observed, income_q1} -> {credit_small}"
"frozenset({'credit_small', 'card_history_not_observed'})",frozenset({'income_q1'}),0.1319925334381272,0.5266677120200708,1.645383404327785,eclat,Portfolio-wide,356255,47023,"{card_history_not_observed, credit_small} -> {income_q1}","{card_history_not_observed, credit_small} -> {income_q1}"
"frozenset({'leverage_under_3x', 'card_history_not_observed'})",frozenset({'credit_small'}),0.21726852956449735,0.6403186578646946,1.916931147281004,eclat,Portfolio-wide,356255,77403,"{card_history_not_observed, leverage_under_3x} -> {credit_small}","{card_history_not_observed, leverage_under_3x} -> {credit_small}"
"frozenset({'credit_small', 'card_history_not_observed'})",frozenset({'leverage_under_3x'}),0.21726852956449735,0.8669302450607052,1.8271691846708682,eclat,Portfolio-wide,356255,77403,"{card_history_not_observed, credit_small} -> {leverage_under_3x}","{card_history_not_observed, credit_small} -> {leverage_under_3x}"
"frozenset({'credit_small', 'previous_one'})",frozenset({'card_history_not_observed'}),0.05839918036238088,0.9688460463816708,1.3658897741314782,eclat,Portfolio-wide,356255,20805,"{credit_small, previous_one} -> {card_history_not_observed}","{credit_small, previous_one} -> {card_history_not_observed}"
"frozenset({'external_score_middle', 'previous_one'})",frozenset({'card_history_not_observed'}),0.052319265694516566,0.9590923124421118,1.3521388531287057,eclat,Portfolio-wide,356255,18639,"{external_score_middle, previous_one} -> {card_history_not_observed}","{external_score_middle, previous_one} -> {card_history_not_observed}"
"frozenset({'external_score_strong', 'previous_one'})",frozenset({'card_history_not_observed'}),0.05677113303672931,0.9472624233057,1.3354609457760565,eclat,Portfolio-wide,356255,20225,"{external_score_strong, previous_one} -> {card_history_not_observed}","{external_score_strong, previous_one} -> {card_history_not_observed}"
"frozenset({'external_score_weak', 'previous_one'})",frozenset({'card_history_not_observed'}),0.05324556848324936,0.9655400590450982,1.3612289569528386,eclat,Portfolio-wide,356255,18969,"{external_score_weak, previous_one} -> {card_history_not_observed}","{external_score_weak, previous_one} -> {card_history_not_observed}"
"frozenset({'card_history_not_observed', 'leverage_over_6x'})",frozenset({'income_q1'}),0.06099282817083269,0.5066924727170973,1.582977970129958,eclat,Portfolio-wide,356255,21729,"{card_history_not_observed, leverage_over_6x} -> {income_q1}","{card_history_not_observed, leverage_over_6x} -> {income_q1}"
"frozenset({'income_q1', 'previous_one'})",frozenset({'card_history_not_observed'}),0.061882640243645703,0.9649829291779742,1.3604435091603746,eclat,Portfolio-wide,356255,22046,"{income_q1, previous_one} -> {card_history_not_observed}","{income_q1, previous_one} -> {card_history_not_observed}"
"frozenset({'income_q3', 'previous_one'})",frozenset({'card_history_not_observed'}),0.03816086791764326,0.9530987100392596,1.3436890067750564,eclat,Portfolio-wide,356255,13595,"{income_q3, previous_one} -> {card_history_not_observed}","{income_q3, previous_one} -> {card_history_not_observed}"
"frozenset({'card_history_not_observed', 'income_q4'})",frozenset({'leverage_under_3x'}),0.09533059185134243,0.5964943094000281,1.2571899840579954,eclat,Portfolio-wide,356255,33962,"{card_history_not_observed, income_q4} -> {leverage_under_3x}","{card_history_not_observed, income_q4} -> {leverage_under_3x}"
"frozenset({'income_q4', 'previous_one'})",frozenset({'card_history_not_observed'}),0.033338479459937405,0.9460729647920981,1.3337840341278642,eclat,Portfolio-wide,356255,11877,"{income_q4, previous_one} -> {card_history_not_observed}","{income_q4, previous_one} -> {card_history_not_observed}"
"frozenset({'previous_one', 'leverage_3_to_6x'})",frozenset({'card_history_not_observed'}),0.05861251070160419,0.9505189366351056,1.3400520139571879,eclat,Portfolio-wide,356255,20881,"{leverage_3_to_6x, previous_one} -> {card_history_not_observed}","{leverage_3_to_6x, previous_one} -> {card_history_not_observed}"
"frozenset({'leverage_under_3x', 'previous_one'})",frozenset({'card_history_not_observed'}),0.07469088153148727,0.962524868873214,1.3569781088039305,eclat,Portfolio-wide,356255,26609,"{leverage_under_3x, previous_one} -> {card_history_not_observed}","{leverage_under_3x, previous_one} -> {card_history_not_observed}"
"frozenset({'previous_approval_high', 'previous_one'})",frozenset({'card_history_not_observed'}),0.16112896661099493,0.9595633713349604,1.3528029571183524,eclat,Portfolio-wide,356255,57403,"{previous_approval_high, previous_one} -> {card_history_not_observed}","{previous_approval_high, previous_one} -> {card_history_not_observed}"
"frozenset({'card_history_not_observed', 'previous_one'})",frozenset({'previous_approval_high'}),0.16112896661099493,0.9921016246111304,1.892650710469082,eclat,Portfolio-wide,356255,57403,"{card_history_not_observed, previous_one} -> {previous_approval_high}","{card_history_not_observed, previous_one} -> {previous_approval_high}"
"frozenset({'previous_approval_high', 'card_history_not_observed'})",frozenset({'previous_one'}),0.16112896661099493,0.4113023415780574,2.423641465131014,eclat,Portfolio-wide,356255,57403,"{card_history_not_observed, previous_approval_high} -> {previous_one}","{card_history_not_observed, previous_approval_high} -> {previous_one}"
"frozenset({'previous_approval_high', 'card_history_not_observed'})",frozenset({'repayment_clean_observed'}),0.21825658587247898,0.5571279126422286,1.2425010612009186,eclat,Portfolio-wide,356255,77755,"{card_history_not_observed, previous_approval_high} -> {repayment_clean_observed}","{card_history_not_observed, previous_approval_high} -> {repayment_clean_observed}"
"frozenset({'card_history_not_observed', 'previous_deep'})",frozenset({'previous_outcome_mixed'}),0.09437341230298522,0.4527958842859452,1.3997205757845408,eclat,Portfolio-wide,356255,33621,"{card_history_not_observed, previous_deep} -> {previous_outcome_mixed}","{card_history_not_observed, previous_deep} -> {previous_outcome_mixed}"
"frozenset({'card_history_not_observed', 'previous_refusals_repeated'})",frozenset({'previous_deep'}),0.05627149092644314,0.9582237942736963,2.411892422680823,eclat,Portfolio-wide,356255,20047,"{card_history_not_observed, previous_refusals_repeated} -> {previous_deep}","{card_history_not_observed, previous_refusals_repeated} -> {previous_deep}"
"frozenset({'card_history_not_observed', 'previous_deep'})",frozenset({'repayment_some_late'}),0.11593942541157318,0.5562678446371815,1.250864431330243,eclat,Portfolio-wide,356255,41304,"{card_history_not_observed, previous_deep} -> {repayment_some_late}","{card_history_not_observed, previous_deep} -> {repayment_some_late}"
frozenset({'previous_none'}),frozenset({'card_history_not_observed'}),0.04645268136587557,0.9512012875043109,1.3410139996907295,eclat,Portfolio-wide,356255,16549,{previous_none} -> {card_history_not_observed},{previous_none} -> {card_history_not_observed}
"frozenset({'previous_none', 'previous_outcome_not_observed'})",frozenset({'card_history_not_observed'}),0.04645268136587557,0.9512012875043109,1.3410139996907295,eclat,Portfolio-wide,356255,16549,"{previous_none, previous_outcome_not_observed} -> {card_history_not_observed}","{previous_none, previous_outcome_not_observed} -> {card_history_not_observed}"
"frozenset({'card_history_not_observed', 'previous_outcome_not_observed'})",frozenset({'previous_none'}),0.04645268136587557,1.0,20.47677894010806,eclat,Portfolio-wide,356255,16549,"{card_history_not_observed, previous_outcome_not_observed} -> {previous_none}","{card_history_not_observed, previous_outcome_not_observed} -> {previous_none}"
"frozenset({'card_history_not_observed', 'previous_none'})",frozenset({'previous_outcome_not_observed'}),0.04645268136587557,1.0,20.47677894010806,eclat,Portfolio-wide,356255,16549,"{card_history_not_observed, previous_none} -> {previous_outcome_not_observed}","{card_history_not_observed, previous_none} -> {previous_outcome_not_observed}"
"frozenset({'repayment_not_observed', 'previous_none'})",frozenset({'card_history_not_observed'}),0.043600791567837645,0.9953223119313085,1.403216303466556,eclat,Portfolio-wide,356255,15533,"{previous_none, repayment_not_observed} -> {card_history_not_observed}","{previous_none, repayment_not_observed} -> {card_history_not_observed}"
"frozenset({'repayment_not_observed', 'card_history_not_observed'})",frozenset({'previous_none'}),0.043600791567837645,0.9474229948154925,19.40017122761198,eclat,Portfolio-wide,356255,15533,"{card_history_not_observed, repayment_not_observed} -> {previous_none}","{card_history_not_observed, repayment_not_observed} -> {previous_none}"
"frozenset({'card_history_not_observed', 'previous_none'})",frozenset({'repayment_not_observed'}),0.043600791567837645,0.9386065623300501,20.061391940418286,eclat,Portfolio-wide,356255,15533,"{card_history_not_observed, previous_none} -> {repayment_not_observed}","{card_history_not_observed, previous_none} -> {repayment_not_observed}"
frozenset({'previous_one'}),frozenset({'card_history_not_observed'}),0.16241175562448246,0.95702801945152,1.349228590247218,eclat,Portfolio-wide,356255,57860,{previous_one} -> {card_history_not_observed},{previous_one} -> {card_history_not_observed}
"frozenset({'repayment_clean_observed', 'previous_one'})",frozenset({'card_history_not_observed'}),0.11800255435011438,0.9776738993930091,1.378335378054573,eclat,Portfolio-wide,356255,42039,"{previous_one, repayment_clean_observed} -> {card_history_not_observed}","{previous_one, repayment_clean_observed} -> {card_history_not_observed}"
"frozenset({'card_history_not_observed', 'previous_one'})",frozenset({'repayment_clean_observed'}),0.11800255435011438,0.726564120290356,1.6203759854893565,eclat,Portfolio-wide,356255,42039,"{card_history_not_observed, previous_one} -> {repayment_clean_observed}","{card_history_not_observed, previous_one} -> {repayment_clean_observed}"
"frozenset({'repayment_some_late', 'previous_one'})",frozenset({'card_history_not_observed'}),0.038725070525325964,0.9163732979076719,1.2919131182645525,eclat,Portfolio-wide,356255,13796,"{previous_one, repayment_some_late} -> {card_history_not_observed}","{previous_one, repayment_some_late} -> {card_history_not_observed}"
"frozenset({'card_history_not_observed', 'previous_two_to_four'})",frozenset({'previous_outcome_mixed'}),0.11672818627106989,0.3997174055134761,1.235639934931697,eclat,Portfolio-wide,356255,41585,"{card_history_not_observed, previous_two_to_four} -> {previous_outcome_mixed}","{card_history_not_observed, previous_two_to_four} -> {previous_outcome_mixed}"
"frozenset({'card_history_not_observed', 'previous_outcome_mixed'})",frozenset({'previous_two_to_four'}),0.11672818627106989,0.5496081307904789,1.4306428711750674,eclat,Portfolio-wide,356255,41585,"{card_history_not_observed, previous_outcome_mixed} -> {previous_two_to_four}","{card_history_not_observed, previous_outcome_mixed} -> {previous_two_to_four}"
frozenset({'previous_outcome_not_observed'}),frozenset({'card_history_not_observed'}),0.04645268136587557,0.9512012875043109,1.3410139996907295,eclat,Portfolio-wide,356255,16549,{previous_outcome_not_observed} -> {card_history_not_observed},{previous_outcome_not_observed} -> {card_history_not_observed}
"frozenset({'repayment_not_observed', 'previous_outcome_not_observed'})",frozenset({'card_history_not_observed'}),0.043600791567837645,0.9953223119313085,1.403216303466556,eclat,Portfolio-wide,356255,15533,"{previous_outcome_not_observed, repayment_not_observed} -> {card_history_not_observed}","{previous_outcome_not_observed, repayment_not_observed} -> {card_history_not_observed}"
"frozenset({'repayment_not_observed', 'card_history_not_observed'})",frozenset({'previous_outcome_not_observed'}),0.043600791567837645,0.9474229948154925,19.40017122761198,eclat,Portfolio-wide,356255,15533,"{card_history_not_observed, repayment_not_observed} -> {previous_outcome_not_observed}","{card_history_not_observed, repayment_not_observed} -> {previous_outcome_not_observed}"
"frozenset({'card_history_not_observed', 'previous_outcome_not_observed'})",frozenset({'repayment_not_observed'}),0.043600791567837645,0.9386065623300501,20.061391940418286,eclat,Portfolio-wide,356255,15533,"{card_history_not_observed, previous_outcome_not_observed} -> {repayment_not_observed}","{card_history_not_observed, previous_outcome_not_observed} -> {repayment_not_observed}"
"frozenset({'card_history_not_observed', 'previous_refusals_repeated'})",frozenset({'repayment_some_late'}),0.031993936927201025,0.5448114334878831,1.2251027099661411,eclat,Portfolio-wide,356255,11398,"{card_history_not_observed, previous_refusals_repeated} -> {repayment_some_late}","{card_history_not_observed, previous_refusals_repeated} -> {repayment_some_late}"
"frozenset({'card_history_not_observed', 'previous_two_to_four'})",frozenset({'repayment_clean_observed'}),0.15892829574321765,0.5442250759352533,1.2137252846922766,eclat,Portfolio-wide,356255,56619,"{card_history_not_observed, previous_two_to_four} -> {repayment_clean_observed}","{card_history_not_observed, previous_two_to_four} -> {repayment_clean_observed}"
frozenset({'repayment_not_observed'}),frozenset({'card_history_not_observed'}),0.0460204067311336,0.9836213102951763,1.3867201031243268,eclat,Portfolio-wide,356255,16395,{repayment_not_observed} -> {card_history_not_observed},{repayment_not_observed} -> {card_history_not_observed}
frozenset({'card_utilisation_high'}),frozenset({'cluster_0_card_intensive'}),0.03352654699583164,0.9858852661989269,6.440387925363505,eclat,Portfolio-wide,356255,11944,{card_utilisation_high} -> {cluster_0_card_intensive},{card_utilisation_high} -> {cluster_0_card_intensive}
frozenset({'cluster_0_card_intensive'}),frozenset({'card_utilisation_moderate'}),0.11955200628763105,0.780984688732007,3.042657177522841,eclat,Portfolio-wide,356255,42591,{cluster_0_card_intensive} -> {card_utilisation_moderate},{cluster_0_card_intensive} -> {card_utilisation_moderate}
frozenset({'card_utilisation_moderate'}),frozenset({'cluster_0_card_intensive'}),0.11955200628763105,0.4657655588727404,3.042657177522841,eclat,Portfolio-wide,356255,42591,{card_utilisation_moderate} -> {cluster_0_card_intensive},{card_utilisation_moderate} -> {cluster_0_card_intensive}
"frozenset({'credit_file_deep', 'cluster_0_card_intensive'})",frozenset({'card_utilisation_moderate'}),0.033888647176881725,0.8172341433696607,3.183882306422126,eclat,Portfolio-wide,356255,12073,"{cluster_0_card_intensive, credit_file_deep} -> {card_utilisation_moderate}","{cluster_0_card_intensive, credit_file_deep} -> {card_utilisation_moderate}"
"frozenset({'credit_file_deep', 'card_utilisation_moderate'})",frozenset({'cluster_0_card_intensive'}),0.033888647176881725,0.5165140754684692,3.374176619712469,eclat,Portfolio-wide,356255,12073,"{card_utilisation_moderate, credit_file_deep} -> {cluster_0_card_intensive}","{card_utilisation_moderate, credit_file_deep} -> {cluster_0_card_intensive}"
"frozenset({'credit_file_established', 'cluster_0_card_intensive'})",frozenset({'card_utilisation_moderate'}),0.04896773378619247,0.7887954422137818,3.0730872813213788,eclat,Portfolio-wide,356255,17445,"{cluster_0_card_intensive, credit_file_established} -> {card_utilisation_moderate}","{cluster_0_card_intensive, credit_file_established} -> {card_utilisation_moderate}"
"frozenset({'credit_file_established', 'card_utilisation_moderate'})",frozenset({'cluster_0_card_intensive'}),0.04896773378619247,0.46897682671111346,3.0636350857241723,eclat,Portfolio-wide,356255,17445,"{card_utilisation_moderate, credit_file_established} -> {cluster_0_card_intensive}","{card_utilisation_moderate, credit_file_established} -> {cluster_0_card_intensive}"
"frozenset({'credit_large', 'cluster_0_card_intensive'})",frozenset({'card_utilisation_moderate'}),0.04510252487684383,0.8398494668618022,3.2719898933417686,eclat,Portfolio-wide,356255,16068,"{cluster_0_card_intensive, credit_large} -> {card_utilisation_moderate}","{cluster_0_card_intensive, credit_large} -> {card_utilisation_moderate}"
"frozenset({'credit_large', 'card_utilisation_moderate'})",frozenset({'cluster_0_card_intensive'}),0.04510252487684383,0.49332228055632305,3.222674045284549,eclat,Portfolio-wide,356255,16068,"{card_utilisation_moderate, credit_large} -> {cluster_0_card_intensive}","{card_utilisation_moderate, credit_large} -> {cluster_0_card_intensive}"
"frozenset({'cluster_0_card_intensive', 'credit_medium'})",frozenset({'card_utilisation_moderate'}),0.04602882766557662,0.7663691171659578,2.9857160180216997,eclat,Portfolio-wide,356255,16398,"{cluster_0_card_intensive, credit_medium} -> {card_utilisation_moderate}","{cluster_0_card_intensive, credit_medium} -> {card_utilisation_moderate}"
"frozenset({'card_utilisation_moderate', 'credit_medium'})",frozenset({'cluster_0_card_intensive'}),0.04602882766557662,0.49506385291187394,3.2340510299646037,eclat,Portfolio-wide,356255,16398,"{card_utilisation_moderate, credit_medium} -> {cluster_0_card_intensive}","{card_utilisation_moderate, credit_medium} -> {cluster_0_card_intensive}"
"frozenset({'external_score_middle', 'cluster_0_card_intensive'})",frozenset({'card_utilisation_moderate'}),0.042085023368093076,0.7997546274070517,3.1157834365331323,eclat,Portfolio-wide,356255,14993,"{cluster_0_card_intensive, external_score_middle} -> {card_utilisation_moderate}","{cluster_0_card_intensive, external_score_middle} -> {card_utilisation_moderate}"
"frozenset({'external_score_middle', 'card_utilisation_moderate'})",frozenset({'cluster_0_card_intensive'}),0.042085023368093076,0.47007367926007204,3.070800377827028,eclat,Portfolio-wide,356255,14993,"{card_utilisation_moderate, external_score_middle} -> {cluster_0_card_intensive}","{card_utilisation_moderate, external_score_middle} -> {cluster_0_card_intensive}"
"frozenset({'external_score_strong', 'cluster_0_card_intensive'})",frozenset({'card_utilisation_moderate'}),0.0403110131787624,0.848407869084894,3.305332779992333,eclat,Portfolio-wide,356255,14361,"{cluster_0_card_intensive, external_score_strong} -> {card_utilisation_moderate}","{cluster_0_card_intensive, external_score_strong} -> {card_utilisation_moderate}"
"frozenset({'external_score_strong', 'card_utilisation_moderate'})",frozenset({'cluster_0_card_intensive'}),0.0403110131787624,0.4574003885721566,2.9880109183235293,eclat,Portfolio-wide,356255,14361,"{card_utilisation_moderate, external_score_strong} -> {cluster_0_card_intensive}","{card_utilisation_moderate, external_score_strong} -> {cluster_0_card_intensive}"
"frozenset({'external_score_weak', 'cluster_0_card_intensive'})",frozenset({'card_utilisation_moderate'}),0.03715596974077557,0.7018185674142411,2.7342319667351296,eclat,Portfolio-wide,356255,13237,"{cluster_0_card_intensive, external_score_weak} -> {card_utilisation_moderate}","{cluster_0_card_intensive, external_score_weak} -> {card_utilisation_moderate}"
"frozenset({'external_score_weak', 'card_utilisation_moderate'})",frozenset({'cluster_0_card_intensive'}),0.03715596974077557,0.47023090586145655,3.071827475340116,eclat,Portfolio-wide,356255,13237,"{card_utilisation_moderate, external_score_weak} -> {cluster_0_card_intensive}","{card_utilisation_moderate, external_score_weak} -> {cluster_0_card_intensive}"
"frozenset({'income_q3', 'cluster_0_card_intensive'})",frozenset({'card_utilisation_moderate'}),0.03454267308529003,0.7874328128999231,3.067778580751529,eclat,Portfolio-wide,356255,12306,"{cluster_0_card_intensive, income_q3} -> {card_utilisation_moderate}","{cluster_0_card_intensive, income_q3} -> {card_utilisation_moderate}"
"frozenset({'income_q3', 'card_utilisation_moderate'})",frozenset({'cluster_0_card_intensive'}),0.03454267308529003,0.47239923224568137,3.0859922707194505,eclat,Portfolio-wide,356255,12306,"{card_utilisation_moderate, income_q3} -> {cluster_0_card_intensive}","{card_utilisation_moderate, income_q3} -> {cluster_0_card_intensive}"
"frozenset({'cluster_0_card_intensive', 'income_q4'})",frozenset({'card_utilisation_moderate'}),0.03565704340991705,0.8096755688699088,3.154434672831702,eclat,Portfolio-wide,356255,12703,"{cluster_0_card_intensive, income_q4} -> {card_utilisation_moderate}","{cluster_0_card_intensive, income_q4} -> {card_utilisation_moderate}"
"frozenset({'income_q4', 'card_utilisation_moderate'})",frozenset({'cluster_0_card_intensive'}),0.03565704340991705,0.5155856806558973,3.3681117935649896,eclat,Portfolio-wide,356255,12703,"{card_utilisation_moderate, income_q4} -> {cluster_0_card_intensive}","{card_utilisation_moderate, income_q4} -> {cluster_0_card_intensive}"
"frozenset({'cluster_0_card_intensive', 'leverage_3_to_6x'})",frozenset({'card_utilisation_moderate'}),0.04776354016083985,0.7955491140305765,3.0993990750408784,eclat,Portfolio-wide,356255,17016,"{cluster_0_card_intensive, leverage_3_to_6x} -> {card_utilisation_moderate}","{cluster_0_card_intensive, leverage_3_to_6x} -> {card_utilisation_moderate}"
"frozenset({'card_utilisation_moderate', 'leverage_3_to_6x'})",frozenset({'cluster_0_card_intensive'}),0.04776354016083985,0.48924669350201266,3.1960498907776573,eclat,Portfolio-wide,356255,17016,"{card_utilisation_moderate, leverage_3_to_6x} -> {cluster_0_card_intensive}","{card_utilisation_moderate, leverage_3_to_6x} -> {cluster_0_card_intensive}"
"frozenset({'leverage_under_3x', 'cluster_0_card_intensive'})",frozenset({'card_utilisation_moderate'}),0.05247084251449102,0.7522939471989696,2.9308802222080304,eclat,Portfolio-wide,356255,18693,"{cluster_0_card_intensive, leverage_under_3x} -> {card_utilisation_moderate}","{cluster_0_card_intensive, leverage_under_3x} -> {card_utilisation_moderate}"
"frozenset({'leverage_under_3x', 'card_utilisation_moderate'})",frozenset({'cluster_0_card_intensive'}),0.05247084251449102,0.44625080570078063,2.9151752229748165,eclat,Portfolio-wide,356255,18693,"{card_utilisation_moderate, leverage_under_3x} -> {cluster_0_card_intensive}","{card_utilisation_moderate, leverage_under_3x} -> {cluster_0_card_intensive}"
"frozenset({'previous_approval_high', 'cluster_0_card_intensive'})",frozenset({'card_utilisation_moderate'}),0.05391643626054371,0.820995041887502,3.1985344821105173,eclat,Portfolio-wide,356255,19208,"{cluster_0_card_intensive, previous_approval_high} -> {card_utilisation_moderate}","{cluster_0_card_intensive, previous_approval_high} -> {card_utilisation_moderate}"
"frozenset({'previous_approval_high', 'card_utilisation_moderate'})",frozenset({'cluster_0_card_intensive'}),0.05391643626054371,0.4473739373471527,2.922512185745116,eclat,Portfolio-wide,356255,19208,"{card_utilisation_moderate, previous_approval_high} -> {cluster_0_card_intensive}","{card_utilisation_moderate, previous_approval_high} -> {cluster_0_card_intensive}"
"frozenset({'cluster_0_card_intensive', 'previous_deep'})",frozenset({'card_utilisation_moderate'}),0.07666699414745057,0.7764889836531629,3.0251422511439645,eclat,Portfolio-wide,356255,27313,"{cluster_0_card_intensive, previous_deep} -> {card_utilisation_moderate}","{cluster_0_card_intensive, previous_deep} -> {card_utilisation_moderate}"
"frozenset({'previous_deep', 'card_utilisation_moderate'})",frozenset({'cluster_0_card_intensive'}),0.07666699414745057,0.46044269121192205,3.007885045524953,eclat,Portfolio-wide,356255,27313,"{card_utilisation_moderate, previous_deep} -> {cluster_0_card_intensive}","{card_utilisation_moderate, previous_deep} -> {cluster_0_card_intensive}"
"frozenset({'cluster_0_card_intensive', 'card_utilisation_moderate'})",frozenset({'previous_deep'}),0.07666699414745057,0.6412857176398771,1.6141450174710106,eclat,Portfolio-wide,356255,27313,"{card_utilisation_moderate, cluster_0_card_intensive} -> {previous_deep}","{card_utilisation_moderate, cluster_0_card_intensive} -> {previous_deep}"
"frozenset({'cluster_0_card_intensive', 'previous_outcome_mixed'})",frozenset({'card_utilisation_moderate'}),0.04639654180292206,0.7649127678282197,2.9800421913393307,eclat,Portfolio-wide,356255,16529,"{cluster_0_card_intensive, previous_outcome_mixed} -> {card_utilisation_moderate}","{cluster_0_card_intensive, previous_outcome_mixed} -> {card_utilisation_moderate}"
"frozenset({'previous_outcome_mixed', 'card_utilisation_moderate'})",frozenset({'cluster_0_card_intensive'}),0.04639654180292206,0.47979680696661825,3.1343176210854056,eclat,Portfolio-wide,356255,16529,"{card_utilisation_moderate, previous_outcome_mixed} -> {cluster_0_card_intensive}","{card_utilisation_moderate, previous_outcome_mixed} -> {cluster_0_card_intensive}"
"frozenset({'cluster_0_card_intensive', 'previous_two_to_four'})",frozenset({'card_utilisation_moderate'}),0.036886499838598756,0.7772520257881351,3.0281150054914217,eclat,Portfolio-wide,356255,13141,"{cluster_0_card_intensive, previous_two_to_four} -> {card_utilisation_moderate}","{cluster_0_card_intensive, previous_two_to_four} -> {card_utilisation_moderate}"
"frozenset({'card_utilisation_moderate', 'previous_two_to_four'})",frozenset({'cluster_0_card_intensive'}),0.036886499838598756,0.45296611630071354,2.9590436190100067,eclat,Portfolio-wide,356255,13141,"{card_utilisation_moderate, previous_two_to_four} -> {cluster_0_card_intensive}","{card_utilisation_moderate, previous_two_to_four} -> {cluster_0_card_intensive}"
"frozenset({'repayment_some_late', 'cluster_0_card_intensive'})",frozenset({'card_utilisation_moderate'}),0.084119521129528,0.775729964796024,3.02218517118213,eclat,Portfolio-wide,356255,29968,"{cluster_0_card_intensive, repayment_some_late} -> {card_utilisation_moderate}","{cluster_0_card_intensive, repayment_some_late} -> {card_utilisation_moderate}"
"frozenset({'repayment_some_late', 'card_utilisation_moderate'})",frozenset({'cluster_0_card_intensive'}),0.084119521129528,0.5657648813456927,3.6959121262273724,eclat,Portfolio-wide,356255,29968,"{card_utilisation_moderate, repayment_some_late} -> {cluster_0_card_intensive}","{card_utilisation_moderate, repayment_some_late} -> {cluster_0_card_intensive}"
"frozenset({'cluster_0_card_intensive', 'card_utilisation_moderate'})",frozenset({'repayment_some_late'}),0.084119521129528,0.7036228311145547,1.5822175971489796,eclat,Portfolio-wide,356255,29968,"{card_utilisation_moderate, cluster_0_card_intensive} -> {repayment_some_late}","{card_utilisation_moderate, cluster_0_card_intensive} -> {repayment_some_late}"
"frozenset({'cluster_2_thin_file', 'card_utilisation_moderate'})",frozenset({'leverage_under_3x'}),0.03306339560146524,0.8029858886086304,1.692398067492162,eclat,Portfolio-wide,356255,11779,"{card_utilisation_moderate, cluster_2_thin_file} -> {leverage_under_3x}","{card_utilisation_moderate, cluster_2_thin_file} -> {leverage_under_3x}"
"frozenset({'cluster_3_high_exposure', 'card_utilisation_moderate'})",frozenset({'credit_large'}),0.032872521087423334,0.6989138219145381,2.1702770346050118,eclat,Portfolio-wide,356255,11711,"{card_utilisation_moderate, cluster_3_high_exposure} -> {credit_large}","{card_utilisation_moderate, cluster_3_high_exposure} -> {credit_large}"
"frozenset({'card_utilisation_moderate', 'cluster_4_history_rich'})",frozenset({'previous_deep'}),0.04307027269792705,0.9895524313169097,2.4907480123134285,eclat,Portfolio-wide,356255,15344,"{card_utilisation_moderate, cluster_4_history_rich} -> {previous_deep}","{card_utilisation_moderate, cluster_4_history_rich} -> {previous_deep}"
"frozenset({'credit_file_deep', 'previous_deep'})",frozenset({'card_utilisation_moderate'}),0.04779722389861195,0.41959489428810803,1.6347099183601799,eclat,Portfolio-wide,356255,17028,"{credit_file_deep, previous_deep} -> {card_utilisation_moderate}","{credit_file_deep, previous_deep} -> {card_utilisation_moderate}"
"frozenset({'credit_file_deep', 'card_utilisation_moderate'})",frozenset({'previous_deep'}),0.04779722389861195,0.7285017540857363,1.8336717070576174,eclat,Portfolio-wide,356255,17028,"{card_utilisation_moderate, credit_file_deep} -> {previous_deep}","{card_utilisation_moderate, credit_file_deep} -> {previous_deep}"
"frozenset({'credit_file_deep', 'repayment_some_late'})",frozenset({'card_utilisation_moderate'}),0.040496273736508964,0.3707787201233616,1.4445258022762615,eclat,Portfolio-wide,356255,14427,"{credit_file_deep, repayment_some_late} -> {card_utilisation_moderate}","{credit_file_deep, repayment_some_late} -> {card_utilisation_moderate}"
"frozenset({'credit_file_deep', 'card_utilisation_moderate'})",frozenset({'repayment_some_late'}),0.040496273736508964,0.6172242662787712,1.3879354851898558,eclat,Portfolio-wide,356255,14427,"{card_utilisation_moderate, credit_file_deep} -> {repayment_some_late}","{card_utilisation_moderate, credit_file_deep} -> {repayment_some_late}"
"frozenset({'credit_file_established', 'previous_deep'})",frozenset({'card_utilisation_moderate'}),0.0675246663204727,0.4176026386598386,1.6269482413717922,eclat,Portfolio-wide,356255,24056,"{credit_file_established, previous_deep} -> {card_utilisation_moderate}","{credit_file_established, previous_deep} -> {card_utilisation_moderate}"
"frozenset({'credit_file_established', 'card_utilisation_moderate'})",frozenset({'previous_deep'}),0.0675246663204727,0.6467014355610516,1.627776623256127,eclat,Portfolio-wide,356255,24056,"{card_utilisation_moderate, credit_file_established} -> {previous_deep}","{card_utilisation_moderate, credit_file_established} -> {previous_deep}"
"frozenset({'credit_file_established', 'card_utilisation_moderate'})",frozenset({'repayment_some_late'}),0.06103493284304782,0.5845475563202323,1.3144562528127068,eclat,Portfolio-wide,356255,21744,"{card_utilisation_moderate, credit_file_established} -> {repayment_some_late}","{card_utilisation_moderate, credit_file_established} -> {repayment_some_late}"
"frozenset({'credit_file_thin', 'previous_deep'})",frozenset({'card_utilisation_moderate'}),0.032066918359040575,0.42147205312672936,1.6420231869761814,eclat,Portfolio-wide,356255,11424,"{credit_file_thin, previous_deep} -> {card_utilisation_moderate}","{credit_file_thin, previous_deep} -> {card_utilisation_moderate}"
"frozenset({'credit_file_thin', 'card_utilisation_moderate'})",frozenset({'previous_deep'}),0.032066918359040575,0.596834021211013,1.5022580966569128,eclat,Portfolio-wide,356255,11424,"{card_utilisation_moderate, credit_file_thin} -> {previous_deep}","{card_utilisation_moderate, credit_file_thin} -> {previous_deep}"
"frozenset({'external_score_strong', 'card_utilisation_moderate'})",frozenset({'credit_large'}),0.036187562279827654,0.41061247889925795,1.2750396474291816,eclat,Portfolio-wide,356255,12892,"{card_utilisation_moderate, external_score_strong} -> {credit_large}","{card_utilisation_moderate, external_score_strong} -> {credit_large}"
"frozenset({'income_q4', 'card_utilisation_moderate'})",frozenset({'credit_large'}),0.037635963004028015,0.544200016235084,1.6898575481471816,eclat,Portfolio-wide,356255,13408,"{card_utilisation_moderate, income_q4} -> {credit_large}","{card_utilisation_moderate, income_q4} -> {credit_large}"
"frozenset({'credit_large', 'card_utilisation_moderate'})",frozenset({'income_q4'}),0.037635963004028015,0.4116545393141138,1.733703604484568,eclat,Portfolio-wide,356255,13408,"{card_utilisation_moderate, credit_large} -> {income_q4}","{card_utilisation_moderate, credit_large} -> {income_q4}"
"frozenset({'card_utilisation_moderate', 'leverage_3_to_6x'})",frozenset({'credit_large'}),0.04726951200684903,0.48418631397354805,1.5035021553992605,eclat,Portfolio-wide,356255,16840,"{card_utilisation_moderate, leverage_3_to_6x} -> {credit_large}","{card_utilisation_moderate, leverage_3_to_6x} -> {credit_large}"
"frozenset({'credit_large', 'card_utilisation_moderate'})",frozenset({'leverage_3_to_6x'}),0.04726951200684903,0.5170243468115808,1.4375215299328796,eclat,Portfolio-wide,356255,16840,"{card_utilisation_moderate, credit_large} -> {leverage_3_to_6x}","{card_utilisation_moderate, credit_large} -> {leverage_3_to_6x}"
"frozenset({'leverage_over_6x', 'card_utilisation_moderate'})",frozenset({'credit_large'}),0.03406548680018526,0.8214430756734803,2.5507565975529576,eclat,Portfolio-wide,356255,12136,"{card_utilisation_moderate, leverage_over_6x} -> {credit_large}","{card_utilisation_moderate, leverage_over_6x} -> {credit_large}"
"frozenset({'credit_large', 'card_utilisation_moderate'})",frozenset({'leverage_over_6x'}),0.03406548680018526,0.3726013938779896,2.24634653719629,eclat,Portfolio-wide,356255,12136,"{card_utilisation_moderate, credit_large} -> {leverage_over_6x}","{card_utilisation_moderate, credit_large} -> {leverage_over_6x}"
"frozenset({'credit_large', 'previous_deep'})",frozenset({'card_utilisation_moderate'}),0.05816900815427152,0.46661863051946595,1.8179108320561699,eclat,Portfolio-wide,356255,20723,"{credit_large, previous_deep} -> {card_utilisation_moderate}","{credit_large, previous_deep} -> {card_utilisation_moderate}"
"frozenset({'credit_large', 'card_utilisation_moderate'})",frozenset({'previous_deep'}),0.05816900815427152,0.6362408277301894,1.6014468024828747,eclat,Portfolio-wide,356255,20723,"{card_utilisation_moderate, credit_large} -> {previous_deep}","{card_utilisation_moderate, credit_large} -> {previous_deep}"
"frozenset({'repayment_some_late', 'credit_large'})",frozenset({'card_utilisation_moderate'}),0.052569086749659655,0.37393926082702716,1.4568390294055593,eclat,Portfolio-wide,356255,18728,"{credit_large, repayment_some_late} -> {card_utilisation_moderate}","{credit_large, repayment_some_late} -> {card_utilisation_moderate}"
"frozenset({'credit_large', 'card_utilisation_moderate'})",frozenset({'repayment_some_late'}),0.052569086749659655,0.5749900217985324,1.2929644838750238,eclat,Portfolio-wide,356255,18728,"{card_utilisation_moderate, credit_large} -> {repayment_some_late}","{card_utilisation_moderate, credit_large} -> {repayment_some_late}"
"frozenset({'card_utilisation_moderate', 'leverage_3_to_6x'})",frozenset({'credit_medium'}),0.043277989080855006,0.44330074755606674,1.2889354734553202,eclat,Portfolio-wide,356255,15418,"{card_utilisation_moderate, leverage_3_to_6x} -> {credit_medium}","{card_utilisation_moderate, leverage_3_to_6x} -> {credit_medium}"
"frozenset({'card_utilisation_moderate', 'credit_medium'})",frozenset({'leverage_3_to_6x'}),0.043277989080855006,0.46547716088518554,1.2942010266846047,eclat,Portfolio-wide,356255,15418,"{card_utilisation_moderate, credit_medium} -> {leverage_3_to_6x}","{card_utilisation_moderate, credit_medium} -> {leverage_3_to_6x}"
"frozenset({'previous_deep', 'credit_medium'})",frozenset({'card_utilisation_moderate'}),0.060209681267631335,0.4301355578727842,1.675775545093323,eclat,Portfolio-wide,356255,21450,"{credit_medium, previous_deep} -> {card_utilisation_moderate}","{credit_medium, previous_deep} -> {card_utilisation_moderate}"
"frozenset({'card_utilisation_moderate', 'credit_medium'})",frozenset({'previous_deep'}),0.060209681267631335,0.6475862693596596,1.6300037897562158,eclat,Portfolio-wide,356255,21450,"{card_utilisation_moderate, credit_medium} -> {previous_deep}","{card_utilisation_moderate, credit_medium} -> {previous_deep}"
"frozenset({'card_utilisation_moderate', 'credit_medium'})",frozenset({'repayment_some_late'}),0.05425046666011705,0.5834918334691906,1.3120822774401562,eclat,Portfolio-wide,356255,19327,"{card_utilisation_moderate, credit_medium} -> {repayment_some_late}","{card_utilisation_moderate, credit_medium} -> {repayment_some_late}"
"frozenset({'income_q1', 'card_utilisation_moderate'})",frozenset({'credit_small'}),0.03192937642980449,0.4640584203655352,1.3892583469661914,eclat,Portfolio-wide,356255,11375,"{card_utilisation_moderate, income_q1} -> {credit_small}","{card_utilisation_moderate, income_q1} -> {credit_small}"
"frozenset({'credit_small', 'card_utilisation_moderate'})",frozenset({'income_q1'}),0.03192937642980449,0.4417647287273292,1.380134640259878,eclat,Portfolio-wide,356255,11375,"{card_utilisation_moderate, credit_small} -> {income_q1}","{card_utilisation_moderate, credit_small} -> {income_q1}"
"frozenset({'leverage_under_3x', 'card_utilisation_moderate'})",frozenset({'credit_small'}),0.06491417664313483,0.552078111198644,1.6527641574866845,eclat,Portfolio-wide,356255,23126,"{card_utilisation_moderate, leverage_under_3x} -> {credit_small}","{card_utilisation_moderate, leverage_under_3x} -> {credit_small}"
"frozenset({'credit_small', 'card_utilisation_moderate'})",frozenset({'leverage_under_3x'}),0.06491417664313483,0.898131966289953,1.8929309040982258,eclat,Portfolio-wide,356255,23126,"{card_utilisation_moderate, credit_small} -> {leverage_under_3x}","{card_utilisation_moderate, credit_small} -> {leverage_under_3x}"
"frozenset({'credit_small', 'previous_deep'})",frozenset({'card_utilisation_moderate'}),0.04812844732003761,0.3628168775657032,1.4135070668850496,eclat,Portfolio-wide,356255,17146,"{credit_small, previous_deep} -> {card_utilisation_moderate}","{credit_small, previous_deep} -> {card_utilisation_moderate}"
"frozenset({'credit_small', 'card_utilisation_moderate'})",frozenset({'previous_deep'}),0.04812844732003761,0.6658899374732999,1.6760749463006175,eclat,Portfolio-wide,356255,17146,"{card_utilisation_moderate, credit_small} -> {previous_deep}","{card_utilisation_moderate, credit_small} -> {previous_deep}"
"frozenset({'credit_small', 'card_utilisation_moderate'})",frozenset({'repayment_some_late'}),0.041863272094426744,0.5792069594935726,1.3024469974208175,eclat,Portfolio-wide,356255,14914,"{card_utilisation_moderate, credit_small} -> {repayment_some_late}","{card_utilisation_moderate, credit_small} -> {repayment_some_late}"
"frozenset({'external_score_middle', 'previous_deep'})",frozenset({'card_utilisation_moderate'}),0.0589044364289624,0.43344004957141374,1.688649594392835,eclat,Portfolio-wide,356255,20985,"{external_score_middle, previous_deep} -> {card_utilisation_moderate}","{external_score_middle, previous_deep} -> {card_utilisation_moderate}"
"frozenset({'external_score_middle', 'card_utilisation_moderate'})",frozenset({'previous_deep'}),0.0589044364289624,0.6579401160056435,1.656064887821492,eclat,Portfolio-wide,356255,20985,"{card_utilisation_moderate, external_score_middle} -> {previous_deep}","{card_utilisation_moderate, external_score_middle} -> {previous_deep}"
"frozenset({'external_score_middle', 'card_utilisation_moderate'})",frozenset({'repayment_some_late'}),0.0524175099296852,0.5854836181219627,1.3165611496256355,eclat,Portfolio-wide,356255,18674,"{card_utilisation_moderate, external_score_middle} -> {repayment_some_late}","{card_utilisation_moderate, external_score_middle} -> {repayment_some_late}"
"frozenset({'external_score_strong', 'previous_deep'})",frozenset({'card_utilisation_moderate'}),0.05388275252277161,0.438555207785977,1.7085778632568183,eclat,Portfolio-wide,356255,19196,"{external_score_strong, previous_deep} -> {card_utilisation_moderate}","{external_score_strong, previous_deep} -> {card_utilisation_moderate}"
"frozenset({'external_score_strong', 'card_utilisation_moderate'})",frozenset({'previous_deep'}),0.05388275252277161,0.6113959932477625,1.538911235750946,eclat,Portfolio-wide,356255,19196,"{card_utilisation_moderate, external_score_strong} -> {previous_deep}","{card_utilisation_moderate, external_score_strong} -> {previous_deep}"
"frozenset({'external_score_strong', 'repayment_some_late'})",frozenset({'card_utilisation_moderate'}),0.048709491796606365,0.3535800154855536,1.3775209520335718,eclat,Portfolio-wide,356255,17353,"{external_score_strong, repayment_some_late} -> {card_utilisation_moderate}","{external_score_strong, repayment_some_late} -> {card_utilisation_moderate}"
"frozenset({'external_score_strong', 'card_utilisation_moderate'})",frozenset({'repayment_some_late'}),0.048709491796606365,0.5526961174634519,1.242832785203101,eclat,Portfolio-wide,356255,17353,"{card_utilisation_moderate, external_score_strong} -> {repayment_some_late}","{card_utilisation_moderate, external_score_strong} -> {repayment_some_late}"
"frozenset({'external_score_weak', 'previous_deep'})",frozenset({'card_utilisation_moderate'}),0.05371994779020645,0.3879429173761453,1.5113962143612811,eclat,Portfolio-wide,356255,19138,"{external_score_weak, previous_deep} -> {card_utilisation_moderate}","{external_score_weak, previous_deep} -> {card_utilisation_moderate}"
"frozenset({'external_score_weak', 'card_utilisation_moderate'})",frozenset({'previous_deep'}),0.05371994779020645,0.6798579040852576,1.7112329470025043,eclat,Portfolio-wide,356255,19138,"{card_utilisation_moderate, external_score_weak} -> {previous_deep}","{card_utilisation_moderate, external_score_weak} -> {previous_deep}"
"frozenset({'external_score_weak', 'card_utilisation_moderate'})",frozenset({'repayment_some_late'}),0.04755582377791189,0.6018472468916519,1.3533575983019868,eclat,Portfolio-wide,356255,16942,"{card_utilisation_moderate, external_score_weak} -> {repayment_some_late}","{card_utilisation_moderate, external_score_weak} -> {repayment_some_late}"
"frozenset({'income_q1', 'previous_deep'})",frozenset({'card_utilisation_moderate'}),0.04168643247112321,0.3794909797107374,1.4784681055613744,eclat,Portfolio-wide,356255,14851,"{income_q1, previous_deep} -> {card_utilisation_moderate}","{income_q1, previous_deep} -> {card_utilisation_moderate}"
"frozenset({'income_q1', 'card_utilisation_moderate'})",frozenset({'previous_deep'}),0.04168643247112321,0.6058665143603132,1.5249932884929975,eclat,Portfolio-wide,356255,14851,"{card_utilisation_moderate, income_q1} -> {previous_deep}","{card_utilisation_moderate, income_q1} -> {previous_deep}"
"frozenset({'income_q1', 'card_utilisation_moderate'})",frozenset({'repayment_some_late'}),0.038407881994638675,0.5582163838120104,1.255246058581117,eclat,Portfolio-wide,356255,13683,"{card_utilisation_moderate, income_q1} -> {repayment_some_late}","{card_utilisation_moderate, income_q1} -> {repayment_some_late}"
"frozenset({'income_q3', 'previous_deep'})",frozenset({'card_utilisation_moderate'}),0.0488751035073192,0.43494117353183626,1.694497859612921,eclat,Portfolio-wide,356255,17412,"{income_q3, previous_deep} -> {card_utilisation_moderate}","{income_q3, previous_deep} -> {card_utilisation_moderate}"
"frozenset({'income_q3', 'card_utilisation_moderate'})",frozenset({'previous_deep'}),0.0488751035073192,0.6684069097888676,1.6824102789152875,eclat,Portfolio-wide,356255,17412,"{card_utilisation_moderate, income_q3} -> {previous_deep}","{card_utilisation_moderate, income_q3} -> {previous_deep}"
"frozenset({'income_q3', 'repayment_some_late'})",frozenset({'card_utilisation_moderate'}),0.042601507347265304,0.35574150903593277,1.3859419671445188,eclat,Portfolio-wide,356255,15177,"{income_q3, repayment_some_late} -> {card_utilisation_moderate}","{income_q3, repayment_some_late} -> {card_utilisation_moderate}"
"frozenset({'income_q3', 'card_utilisation_moderate'})",frozenset({'repayment_some_late'}),0.042601507347265304,0.5826103646833014,1.3101001424628669,eclat,Portfolio-wide,356255,15177,"{card_utilisation_moderate, income_q3} -> {repayment_some_late}","{card_utilisation_moderate, income_q3} -> {repayment_some_late}"
"frozenset({'leverage_under_3x', 'card_utilisation_moderate'})",frozenset({'income_q4'}),0.041442225372275474,0.3524552985270596,1.4843830520954913,eclat,Portfolio-wide,356255,14764,"{card_utilisation_moderate, leverage_under_3x} -> {income_q4}","{card_utilisation_moderate, leverage_under_3x} -> {income_q4}"
"frozenset({'income_q4', 'card_utilisation_moderate'})",frozenset({'leverage_under_3x'}),0.041442225372275474,0.5992369510512217,1.2629704610204813,eclat,Portfolio-wide,356255,14764,"{card_utilisation_moderate, income_q4} -> {leverage_under_3x}","{card_utilisation_moderate, income_q4} -> {leverage_under_3x}"
"frozenset({'income_q4', 'previous_deep'})",frozenset({'card_utilisation_moderate'}),0.04646390927846627,0.44873671654738667,1.7482442500091777,eclat,Portfolio-wide,356255,16553,"{income_q4, previous_deep} -> {card_utilisation_moderate}","{income_q4, previous_deep} -> {card_utilisation_moderate}"
"frozenset({'income_q4', 'card_utilisation_moderate'})",frozenset({'previous_deep'}),0.04646390927846627,0.6718483643152853,1.6910725748683522,eclat,Portfolio-wide,356255,16553,"{card_utilisation_moderate, income_q4} -> {previous_deep}","{card_utilisation_moderate, income_q4} -> {previous_deep}"
"frozenset({'repayment_some_late', 'income_q4'})",frozenset({'card_utilisation_moderate'}),0.041512399825967355,0.37560318992228375,1.4633215710963463,eclat,Portfolio-wide,356255,14789,"{income_q4, repayment_some_late} -> {card_utilisation_moderate}","{income_q4, repayment_some_late} -> {card_utilisation_moderate}"
"frozenset({'income_q4', 'card_utilisation_moderate'})",frozenset({'repayment_some_late'}),0.041512399825967355,0.6002516438022566,1.3497696088643678,eclat,Portfolio-wide,356255,14789,"{card_utilisation_moderate, income_q4} -> {repayment_some_late}","{card_utilisation_moderate, income_q4} -> {repayment_some_late}"
"frozenset({'previous_deep', 'leverage_3_to_6x'})",frozenset({'card_utilisation_moderate'}),0.06171702853293287,0.44484684174321204,1.733089592480868,eclat,Portfolio-wide,356255,21987,"{leverage_3_to_6x, previous_deep} -> {card_utilisation_moderate}","{leverage_3_to_6x, previous_deep} -> {card_utilisation_moderate}"
"frozenset({'card_utilisation_moderate', 'leverage_3_to_6x'})",frozenset({'previous_deep'}),0.06171702853293287,0.6321736630247269,1.5912095658440837,eclat,Portfolio-wide,356255,21987,"{card_utilisation_moderate, leverage_3_to_6x} -> {previous_deep}","{card_utilisation_moderate, leverage_3_to_6x} -> {previous_deep}"
"frozenset({'repayment_some_late', 'leverage_3_to_6x'})",frozenset({'card_utilisation_moderate'}),0.0559936000898233,0.3513456390023954,1.3688159905383503,eclat,Portfolio-wide,356255,19948,"{leverage_3_to_6x, repayment_some_late} -> {card_utilisation_moderate}","{leverage_3_to_6x, repayment_some_late} -> {card_utilisation_moderate}"
"frozenset({'card_utilisation_moderate', 'leverage_3_to_6x'})",frozenset({'repayment_some_late'}),0.0559936000898233,0.5735480161012076,1.2897218847315564,eclat,Portfolio-wide,356255,19948,"{card_utilisation_moderate, leverage_3_to_6x} -> {repayment_some_late}","{card_utilisation_moderate, leverage_3_to_6x} -> {repayment_some_late}"
"frozenset({'leverage_under_3x', 'previous_deep'})",frozenset({'card_utilisation_moderate'}),0.07989782599542462,0.3947193254936765,1.537796586985879,eclat,Portfolio-wide,356255,28464,"{leverage_under_3x, previous_deep} -> {card_utilisation_moderate}","{leverage_under_3x, previous_deep} -> {card_utilisation_moderate}"
"frozenset({'leverage_under_3x', 'card_utilisation_moderate'})",frozenset({'previous_deep'}),0.07989782599542462,0.6795101339253742,1.710357593855912,eclat,Portfolio-wide,356255,28464,"{card_utilisation_moderate, leverage_under_3x} -> {previous_deep}","{card_utilisation_moderate, leverage_under_3x} -> {previous_deep}"
"frozenset({'leverage_under_3x', 'card_utilisation_moderate'})",frozenset({'previous_outcome_mixed'}),0.04597830205891847,0.39103344553462727,1.2087953502445976,eclat,Portfolio-wide,356255,16380,"{card_utilisation_moderate, leverage_under_3x} -> {previous_outcome_mixed}","{card_utilisation_moderate, leverage_under_3x} -> {previous_outcome_mixed}"
"frozenset({'leverage_under_3x', 'card_utilisation_moderate'})",frozenset({'repayment_some_late'}),0.06964393482196742,0.5923034686910645,1.3318967628308909,eclat,Portfolio-wide,356255,24811,"{card_utilisation_moderate, leverage_under_3x} -> {repayment_some_late}","{card_utilisation_moderate, leverage_under_3x} -> {repayment_some_late}"
"frozenset({'previous_approval_high', 'previous_deep'})",frozenset({'card_utilisation_moderate'}),0.054329062048251955,0.46521969041438327,1.8124606673947279,eclat,Portfolio-wide,356255,19355,"{previous_approval_high, previous_deep} -> {card_utilisation_moderate}","{previous_approval_high, previous_deep} -> {card_utilisation_moderate}"
"frozenset({'card_utilisation_moderate', 'previous_two_to_four'})",frozenset({'previous_approval_high'}),0.06023494407096041,0.7396849470890353,1.4111107228355624,eclat,Portfolio-wide,356255,21459,"{card_utilisation_moderate, previous_two_to_four} -> {previous_approval_high}","{card_utilisation_moderate, previous_two_to_four} -> {previous_approval_high}"
"frozenset({'previous_approval_high', 'card_utilisation_moderate'})",frozenset({'previous_two_to_four'}),0.06023494407096041,0.4998020263188541,1.3009964116133286,eclat,Portfolio-wide,356255,21459,"{card_utilisation_moderate, previous_approval_high} -> {previous_two_to_four}","{card_utilisation_moderate, previous_approval_high} -> {previous_two_to_four}"
"frozenset({'previous_approval_high', 'card_utilisation_moderate'})",frozenset({'repayment_some_late'}),0.07014076995410591,0.5819960405263771,1.3087187283750101,eclat,Portfolio-wide,356255,24988,"{card_utilisation_moderate, previous_approval_high} -> {repayment_some_late}","{card_utilisation_moderate, previous_approval_high} -> {repayment_some_late}"
frozenset({'previous_deep'}),frozenset({'card_utilisation_moderate'}),0.16650713674194045,0.41910595815935053,1.63280506024583,eclat,Portfolio-wide,356255,59319,{previous_deep} -> {card_utilisation_moderate},{previous_deep} -> {card_utilisation_moderate}
frozenset({'card_utilisation_moderate'}),frozenset({'previous_deep'}),0.16650713674194045,0.6486991896591319,1.63280506024583,eclat,Portfolio-wide,356255,59319,{card_utilisation_moderate} -> {previous_deep},{card_utilisation_moderate} -> {previous_deep}
"frozenset({'previous_outcome_mixed', 'previous_deep'})",frozenset({'card_utilisation_moderate'}),0.07518771666362577,0.4184658647086392,1.6303113046572866,eclat,Portfolio-wide,356255,26786,"{previous_deep, previous_outcome_mixed} -> {card_utilisation_moderate}","{previous_deep, previous_outcome_mixed} -> {card_utilisation_moderate}"
"frozenset({'previous_outcome_mixed', 'card_utilisation_moderate'})",frozenset({'previous_deep'}),0.07518771666362577,0.777532656023222,1.9570846942605322,eclat,Portfolio-wide,356255,26786,"{card_utilisation_moderate, previous_outcome_mixed} -> {previous_deep}","{card_utilisation_moderate, previous_outcome_mixed} -> {previous_deep}"
"frozenset({'previous_deep', 'card_utilisation_moderate'})",frozenset({'previous_outcome_mixed'}),0.07518771666362577,0.45155852256443973,1.3958955395565489,eclat,Portfolio-wide,356255,26786,"{card_utilisation_moderate, previous_deep} -> {previous_outcome_mixed}","{card_utilisation_moderate, previous_deep} -> {previous_outcome_mixed}"
"frozenset({'previous_deep', 'previous_refusals_repeated'})",frozenset({'card_utilisation_moderate'}),0.03699035803006274,0.366840185953289,1.429181571544995,eclat,Portfolio-wide,356255,13178,"{previous_deep, previous_refusals_repeated} -> {card_utilisation_moderate}","{previous_deep, previous_refusals_repeated} -> {card_utilisation_moderate}"
"frozenset({'card_utilisation_moderate', 'previous_refusals_repeated'})",frozenset({'previous_deep'}),0.03699035803006274,0.995618011483832,2.506015350623318,eclat,Portfolio-wide,356255,13178,"{card_utilisation_moderate, previous_refusals_repeated} -> {previous_deep}","{card_utilisation_moderate, previous_refusals_repeated} -> {previous_deep}"
"frozenset({'repayment_clean_observed', 'previous_deep'})",frozenset({'card_utilisation_moderate'}),0.0483894962877714,0.376323429893689,1.4661275714573687,eclat,Portfolio-wide,356255,17239,"{previous_deep, repayment_clean_observed} -> {card_utilisation_moderate}","{previous_deep, repayment_clean_observed} -> {card_utilisation_moderate}"
"frozenset({'repayment_clean_observed', 'card_utilisation_moderate'})",frozenset({'previous_deep'}),0.0483894962877714,0.558728203798535,1.4063440389738875,eclat,Portfolio-wide,356255,17239,"{card_utilisation_moderate, repayment_clean_observed} -> {previous_deep}","{card_utilisation_moderate, repayment_clean_observed} -> {previous_deep}"
"frozenset({'repayment_some_late', 'previous_deep'})",frozenset({'card_utilisation_moderate'}),0.10416134510392837,0.4401323670695402,1.7147223563351928,eclat,Portfolio-wide,356255,37108,"{previous_deep, repayment_some_late} -> {card_utilisation_moderate}","{previous_deep, repayment_some_late} -> {card_utilisation_moderate}"
"frozenset({'repayment_some_late', 'card_utilisation_moderate'})",frozenset({'previous_deep'}),0.10416134510392837,0.700560705318205,1.7633428296002964,eclat,Portfolio-wide,356255,37108,"{card_utilisation_moderate, repayment_some_late} -> {previous_deep}","{card_utilisation_moderate, repayment_some_late} -> {previous_deep}"
"frozenset({'previous_deep', 'card_utilisation_moderate'})",frozenset({'repayment_some_late'}),0.10416134510392837,0.6255668504189215,1.4066952281210692,eclat,Portfolio-wide,356255,37108,"{card_utilisation_moderate, previous_deep} -> {repayment_some_late}","{card_utilisation_moderate, previous_deep} -> {repayment_some_late}"
"frozenset({'repayment_clean_observed', 'card_utilisation_moderate'})",frozenset({'previous_outcome_mixed'}),0.036802290494168506,0.4249367991184288,1.3136002374934779,eclat,Portfolio-wide,356255,13111,"{card_utilisation_moderate, repayment_clean_observed} -> {previous_outcome_mixed}","{card_utilisation_moderate, repayment_clean_observed} -> {previous_outcome_mixed}"
"frozenset({'repayment_some_late', 'previous_outcome_mixed'})",frozenset({'card_utilisation_moderate'}),0.05302101023143535,0.35577194733769046,1.3860605524620684,eclat,Portfolio-wide,356255,18889,"{previous_outcome_mixed, repayment_some_late} -> {card_utilisation_moderate}","{previous_outcome_mixed, repayment_some_late} -> {card_utilisation_moderate}"
"frozenset({'previous_outcome_mixed', 'card_utilisation_moderate'})",frozenset({'repayment_some_late'}),0.05302101023143535,0.5483018867924528,1.232951597745648,eclat,Portfolio-wide,356255,18889,"{card_utilisation_moderate, previous_outcome_mixed} -> {repayment_some_late}","{card_utilisation_moderate, previous_outcome_mixed} -> {repayment_some_late}"
frozenset({'previous_refusals_repeated'}),frozenset({'card_utilisation_moderate'}),0.037153162762627895,0.3590105240316806,1.3986778018974264,eclat,Portfolio-wide,356255,13236,{previous_refusals_repeated} -> {card_utilisation_moderate},{previous_refusals_repeated} -> {card_utilisation_moderate}
frozenset({'card_utilisation_moderate'}),frozenset({'repayment_some_late'}),0.14868282550420345,0.5792570235009787,1.3025595749978929,eclat,Portfolio-wide,356255,52969,{card_utilisation_moderate} -> {repayment_some_late},{card_utilisation_moderate} -> {repayment_some_late}
"frozenset({'credit_file_established', 'cluster_0_card_intensive'})",frozenset({'previous_deep'}),0.039485761603345916,0.6360553445469344,1.6009799329614738,eclat,Portfolio-wide,356255,14067,"{cluster_0_card_intensive, credit_file_established} -> {previous_deep}","{cluster_0_card_intensive, credit_file_established} -> {previous_deep}"
"frozenset({'credit_file_established', 'cluster_0_card_intensive'})",frozenset({'repayment_some_late'}),0.04425481747624595,0.712877554711521,1.6030284433642383,eclat,Portfolio-wide,356255,15766,"{cluster_0_card_intensive, credit_file_established} -> {repayment_some_late}","{cluster_0_card_intensive, credit_file_established} -> {repayment_some_late}"
"frozenset({'credit_large', 'cluster_0_card_intensive'})",frozenset({'previous_deep'}),0.03409074960351434,0.6348003345180849,1.5978210162271376,eclat,Portfolio-wide,356255,12145,"{cluster_0_card_intensive, credit_large} -> {previous_deep}","{cluster_0_card_intensive, credit_large} -> {previous_deep}"
"frozenset({'credit_large', 'cluster_0_card_intensive'})",frozenset({'repayment_some_late'}),0.03808788648580371,0.7092306084047669,1.5948276540105677,eclat,Portfolio-wide,356255,13569,"{cluster_0_card_intensive, credit_large} -> {repayment_some_late}","{cluster_0_card_intensive, credit_large} -> {repayment_some_late}"
"frozenset({'cluster_0_card_intensive', 'credit_medium'})",frozenset({'previous_deep'}),0.03837419825686657,0.6389213441136607,1.6081937828780617,eclat,Portfolio-wide,356255,13671,"{cluster_0_card_intensive, credit_medium} -> {previous_deep}","{cluster_0_card_intensive, credit_medium} -> {previous_deep}"
"frozenset({'cluster_0_card_intensive', 'credit_medium'})",frozenset({'repayment_some_late'}),0.04220572342844311,0.7027153339253166,1.5801769328062645,eclat,Portfolio-wide,356255,15036,"{cluster_0_card_intensive, credit_medium} -> {repayment_some_late}","{cluster_0_card_intensive, credit_medium} -> {repayment_some_late}"
"frozenset({'leverage_under_3x', 'cluster_0_card_intensive'})",frozenset({'credit_small'}),0.03521915481887974,0.5049500965872504,1.5116763443978698,eclat,Portfolio-wide,356255,12547,"{cluster_0_card_intensive, leverage_under_3x} -> {credit_small}","{cluster_0_card_intensive, leverage_under_3x} -> {credit_small}"
"frozenset({'credit_small', 'cluster_0_card_intensive'})",frozenset({'leverage_under_3x'}),0.03521915481887974,0.895830358417821,1.888079963664303,eclat,Portfolio-wide,356255,12547,"{cluster_0_card_intensive, credit_small} -> {leverage_under_3x}","{cluster_0_card_intensive, credit_small} -> {leverage_under_3x}"
"frozenset({'external_score_middle', 'cluster_0_card_intensive'})",frozenset({'previous_deep'}),0.03438548230902022,0.6534378833946765,1.64473256568085,eclat,Portfolio-wide,356255,12250,"{cluster_0_card_intensive, external_score_middle} -> {previous_deep}","{cluster_0_card_intensive, external_score_middle} -> {previous_deep}"
"frozenset({'external_score_middle', 'cluster_0_card_intensive'})",frozenset({'repayment_some_late'}),0.03738052799258958,0.7103536565850536,1.5973530220269536,eclat,Portfolio-wide,356255,13317,"{cluster_0_card_intensive, external_score_middle} -> {repayment_some_late}","{cluster_0_card_intensive, external_score_middle} -> {repayment_some_late}"
"frozenset({'external_score_strong', 'cluster_0_card_intensive'})",frozenset({'repayment_some_late'}),0.032998835104068716,0.6945117268269629,1.5617297037836486,eclat,Portfolio-wide,356255,11756,"{cluster_0_card_intensive, external_score_strong} -> {repayment_some_late}","{cluster_0_card_intensive, external_score_strong} -> {repayment_some_late}"
"frozenset({'external_score_weak', 'cluster_0_card_intensive'})",frozenset({'previous_deep'}),0.03631387629647303,0.6859127299718997,1.726473216304847,eclat,Portfolio-wide,356255,12937,"{cluster_0_card_intensive, external_score_weak} -> {previous_deep}","{cluster_0_card_intensive, external_score_weak} -> {previous_deep}"
"frozenset({'external_score_weak', 'cluster_0_card_intensive'})",frozenset({'repayment_some_late'}),0.038059816704326954,0.7188908329356873,1.6165503391898155,eclat,Portfolio-wide,356255,13559,"{cluster_0_card_intensive, external_score_weak} -> {repayment_some_late}","{cluster_0_card_intensive, external_score_weak} -> {repayment_some_late}"
"frozenset({'income_q3', 'cluster_0_card_intensive'})",frozenset({'repayment_some_late'}),0.031112545788831034,0.709239825953417,1.594848381262487,eclat,Portfolio-wide,356255,11084,"{cluster_0_card_intensive, income_q3} -> {repayment_some_late}","{cluster_0_card_intensive, income_q3} -> {repayment_some_late}"
"frozenset({'cluster_0_card_intensive', 'income_q4'})",frozenset({'repayment_some_late'}),0.03193499038609984,0.7251577538402701,1.6306425944389313,eclat,Portfolio-wide,356255,11377,"{cluster_0_card_intensive, income_q4} -> {repayment_some_late}","{cluster_0_card_intensive, income_q4} -> {repayment_some_late}"
"frozenset({'cluster_0_card_intensive', 'leverage_3_to_6x'})",frozenset({'previous_deep'}),0.0373328093640791,0.621814951610641,1.5651362229385173,eclat,Portfolio-wide,356255,13300,"{cluster_0_card_intensive, leverage_3_to_6x} -> {previous_deep}","{cluster_0_card_intensive, leverage_3_to_6x} -> {previous_deep}"
"frozenset({'cluster_0_card_intensive', 'leverage_3_to_6x'})",frozenset({'repayment_some_late'}),0.04187730698516512,0.6975080648931694,1.5684674880136595,eclat,Portfolio-wide,356255,14919,"{cluster_0_card_intensive, leverage_3_to_6x} -> {repayment_some_late}","{cluster_0_card_intensive, leverage_3_to_6x} -> {repayment_some_late}"
"frozenset({'leverage_under_3x', 'cluster_0_card_intensive'})",frozenset({'previous_deep'}),0.04742950976126651,0.6800144880875724,1.7116270759846408,eclat,Portfolio-wide,356255,16897,"{cluster_0_card_intensive, leverage_under_3x} -> {previous_deep}","{cluster_0_card_intensive, leverage_under_3x} -> {previous_deep}"
"frozenset({'leverage_under_3x', 'cluster_0_card_intensive'})",frozenset({'repayment_some_late'}),0.05030104840633816,0.721184803605924,1.621708728885674,eclat,Portfolio-wide,356255,17920,"{cluster_0_card_intensive, leverage_under_3x} -> {repayment_some_late}","{cluster_0_card_intensive, leverage_under_3x} -> {repayment_some_late}"
"frozenset({'cluster_0_card_intensive', 'previous_two_to_four'})",frozenset({'previous_approval_high'}),0.03187042988870332,0.6715561601703437,1.2811401696519609,eclat,Portfolio-wide,356255,11354,"{cluster_0_card_intensive, previous_two_to_four} -> {previous_approval_high}","{cluster_0_card_intensive, previous_two_to_four} -> {previous_approval_high}"
"frozenset({'previous_approval_high', 'cluster_0_card_intensive'})",frozenset({'previous_two_to_four'}),0.03187042988870332,0.4852966319028894,1.263238529311013,eclat,Portfolio-wide,356255,11354,"{cluster_0_card_intensive, previous_approval_high} -> {previous_two_to_four}","{cluster_0_card_intensive, previous_approval_high} -> {previous_two_to_four}"
"frozenset({'previous_approval_high', 'cluster_0_card_intensive'})",frozenset({'repayment_some_late'}),0.04786178439600848,0.7287997948367243,1.6388323533542295,eclat,Portfolio-wide,356255,17051,"{cluster_0_card_intensive, previous_approval_high} -> {repayment_some_late}","{cluster_0_card_intensive, previous_approval_high} -> {repayment_some_late}"
frozenset({'cluster_0_card_intensive'}),frozenset({'previous_deep'}),0.09873545634447235,0.6449986247364078,1.6234905717619348,eclat,Portfolio-wide,356255,35175,{cluster_0_card_intensive} -> {previous_deep},{cluster_0_card_intensive} -> {previous_deep}
"frozenset({'cluster_0_card_intensive', 'previous_outcome_mixed'})",frozenset({'previous_deep'}),0.044844282887257725,0.7393215789717248,1.8609056933280472,eclat,Portfolio-wide,356255,15976,"{cluster_0_card_intensive, previous_outcome_mixed} -> {previous_deep}","{cluster_0_card_intensive, previous_outcome_mixed} -> {previous_deep}"
"frozenset({'cluster_0_card_intensive', 'previous_deep'})",frozenset({'previous_outcome_mixed'}),0.044844282887257725,0.45418621179815216,1.4040184726812504,eclat,Portfolio-wide,356255,15976,"{cluster_0_card_intensive, previous_deep} -> {previous_outcome_mixed}","{cluster_0_card_intensive, previous_deep} -> {previous_outcome_mixed}"
"frozenset({'repayment_some_late', 'cluster_0_card_intensive'})",frozenset({'previous_deep'}),0.07245933390408556,0.668202526402982,1.6818958367331114,eclat,Portfolio-wide,356255,25814,"{cluster_0_card_intensive, repayment_some_late} -> {previous_deep}","{cluster_0_card_intensive, repayment_some_late} -> {previous_deep}"
"frozenset({'cluster_0_card_intensive', 'previous_deep'})",frozenset({'repayment_some_late'}),0.07245933390408556,0.7338734896943853,1.6502414335195779,eclat,Portfolio-wide,356255,25814,"{cluster_0_card_intensive, previous_deep} -> {repayment_some_late}","{cluster_0_card_intensive, previous_deep} -> {repayment_some_late}"
frozenset({'cluster_0_card_intensive'}),frozenset({'previous_outcome_mixed'}),0.06065599079311167,0.3962409461813514,1.2248932125631251,eclat,Portfolio-wide,356255,21609,{cluster_0_card_intensive} -> {previous_outcome_mixed},{cluster_0_card_intensive} -> {previous_outcome_mixed}
"frozenset({'cluster_0_card_intensive', 'previous_outcome_mixed'})",frozenset({'repayment_some_late'}),0.04095381117458,0.6751816372807626,1.5182626551291625,eclat,Portfolio-wide,356255,14590,"{cluster_0_card_intensive, previous_outcome_mixed} -> {repayment_some_late}","{cluster_0_card_intensive, previous_outcome_mixed} -> {repayment_some_late}"
"frozenset({'cluster_0_card_intensive', 'previous_two_to_four'})",frozenset({'repayment_some_late'}),0.03183674615093122,0.6708463949843261,1.5085141132314228,eclat,Portfolio-wide,356255,11342,"{cluster_0_card_intensive, previous_two_to_four} -> {repayment_some_late}","{cluster_0_card_intensive, previous_two_to_four} -> {repayment_some_late}"
frozenset({'cluster_0_card_intensive'}),frozenset({'repayment_some_late'}),0.10843917980098525,0.7083891079123499,1.5929353946519527,eclat,Portfolio-wide,356255,38632,{cluster_0_card_intensive} -> {repayment_some_late},{cluster_0_card_intensive} -> {repayment_some_late}
"frozenset({'credit_file_deep', 'credit_small'})",frozenset({'cluster_2_thin_file'}),0.036386857728312585,0.5588463528194516,1.6343113398759952,eclat,Portfolio-wide,356255,12963,"{credit_file_deep, credit_small} -> {cluster_2_thin_file}","{credit_file_deep, credit_small} -> {cluster_2_thin_file}"
"frozenset({'credit_file_deep', 'cluster_2_thin_file'})",frozenset({'credit_small'}),0.036386857728312585,0.6962242870186369,2.08429663088398,eclat,Portfolio-wide,356255,12963,"{cluster_2_thin_file, credit_file_deep} -> {credit_small}","{cluster_2_thin_file, credit_file_deep} -> {credit_small}"
"frozenset({'credit_file_deep', 'cluster_2_thin_file'})",frozenset({'leverage_under_3x'}),0.04449621759694601,0.8513883667221656,1.794412637839243,eclat,Portfolio-wide,356255,15852,"{cluster_2_thin_file, credit_file_deep} -> {leverage_under_3x}","{cluster_2_thin_file, credit_file_deep} -> {leverage_under_3x}"
"frozenset({'credit_file_established', 'credit_small'})",frozenset({'cluster_2_thin_file'}),0.09212782978484513,0.7028502901685333,2.0554418824822758,eclat,Portfolio-wide,356255,32821,"{credit_file_established, credit_small} -> {cluster_2_thin_file}","{credit_file_established, credit_small} -> {cluster_2_thin_file}"
"frozenset({'credit_file_established', 'cluster_2_thin_file'})",frozenset({'credit_small'}),0.09212782978484513,0.692659969609995,2.0736260827506388,eclat,Portfolio-wide,356255,32821,"{cluster_2_thin_file, credit_file_established} -> {credit_small}","{cluster_2_thin_file, credit_file_established} -> {credit_small}"
"frozenset({'credit_file_established', 'income_q1'})",frozenset({'cluster_2_thin_file'}),0.05613114201905938,0.4491184727681078,1.3134189912658205,eclat,Portfolio-wide,356255,19997,"{credit_file_established, income_q1} -> {cluster_2_thin_file}","{credit_file_established, income_q1} -> {cluster_2_thin_file}"
"frozenset({'credit_file_established', 'cluster_2_thin_file'})",frozenset({'income_q1'}),0.05613114201905938,0.4220200911700152,1.3184496380852364,eclat,Portfolio-wide,356255,19997,"{cluster_2_thin_file, credit_file_established} -> {income_q1}","{cluster_2_thin_file, credit_file_established} -> {income_q1}"
"frozenset({'credit_file_established', 'leverage_under_3x'})",frozenset({'cluster_2_thin_file'}),0.10617956239210678,0.5578298506142071,1.6313386425099683,eclat,Portfolio-wide,356255,37827,"{credit_file_established, leverage_under_3x} -> {cluster_2_thin_file}","{credit_file_established, leverage_under_3x} -> {cluster_2_thin_file}"
"frozenset({'credit_file_established', 'cluster_2_thin_file'})",frozenset({'leverage_under_3x'}),0.10617956239210678,0.798307445551241,1.6825376351962502,eclat,Portfolio-wide,356255,37827,"{cluster_2_thin_file, credit_file_established} -> {leverage_under_3x}","{cluster_2_thin_file, credit_file_established} -> {leverage_under_3x}"
"frozenset({'credit_file_established', 'previous_one'})",frozenset({'cluster_2_thin_file'}),0.030371503557844803,0.46473670646851645,1.3590935426279867,eclat,Portfolio-wide,356255,10820,"{credit_file_established, previous_one} -> {cluster_2_thin_file}","{credit_file_established, previous_one} -> {cluster_2_thin_file}"
"frozenset({'credit_file_established', 'previous_two_to_four'})",frozenset({'cluster_2_thin_file'}),0.0659780213611037,0.41378399788750986,1.2100855209933905,eclat,Portfolio-wide,356255,23505,"{credit_file_established, previous_two_to_four} -> {cluster_2_thin_file}","{credit_file_established, previous_two_to_four} -> {cluster_2_thin_file}"
"frozenset({'credit_file_established', 'cluster_2_thin_file'})",frozenset({'previous_two_to_four'}),0.0659780213611037,0.49605352017558674,1.291238962094326,eclat,Portfolio-wide,356255,23505,"{cluster_2_thin_file, credit_file_established} -> {previous_two_to_four}","{cluster_2_thin_file, credit_file_established} -> {previous_two_to_four}"
"frozenset({'credit_file_established', 'cluster_2_thin_file'})",frozenset({'repayment_clean_observed'}),0.07272880380626237,0.546809049468175,1.2194880364480518,eclat,Portfolio-wide,356255,25910,"{cluster_2_thin_file, credit_file_established} -> {repayment_clean_observed}","{cluster_2_thin_file, credit_file_established} -> {repayment_clean_observed}"
frozenset({'credit_file_none'}),frozenset({'cluster_2_thin_file'}),0.06422646699695443,0.45359210213305845,1.3265018416139611,eclat,Portfolio-wide,356255,22881,{credit_file_none} -> {cluster_2_thin_file},{credit_file_none} -> {cluster_2_thin_file}
"frozenset({'credit_file_none', 'credit_small'})",frozenset({'cluster_2_thin_file'}),0.044106047634419165,0.8220675944333996,2.40408546096594,eclat,Portfolio-wide,356255,15713,"{credit_file_none, credit_small} -> {cluster_2_thin_file}","{credit_file_none, credit_small} -> {cluster_2_thin_file}"
"frozenset({'credit_file_none', 'cluster_2_thin_file'})",frozenset({'credit_small'}),0.044106047634419165,0.6867269787159652,2.0558644028407844,eclat,Portfolio-wide,356255,15713,"{cluster_2_thin_file, credit_file_none} -> {credit_small}","{cluster_2_thin_file, credit_file_none} -> {credit_small}"
"frozenset({'external_score_weak', 'credit_file_none'})",frozenset({'cluster_2_thin_file'}),0.030368696579697128,0.5574792600608028,1.6303133622800963,eclat,Portfolio-wide,356255,10819,"{credit_file_none, external_score_weak} -> {cluster_2_thin_file}","{credit_file_none, external_score_weak} -> {cluster_2_thin_file}"
"frozenset({'credit_file_none', 'cluster_2_thin_file'})",frozenset({'external_score_weak'}),0.030368696579697128,0.47283772562388005,1.4192262658151804,eclat,Portfolio-wide,356255,10819,"{cluster_2_thin_file, credit_file_none} -> {external_score_weak}","{cluster_2_thin_file, credit_file_none} -> {external_score_weak}"
"frozenset({'credit_file_none', 'income_q1'})",frozenset({'cluster_2_thin_file'}),0.03242621156194299,0.5672755843645648,1.6589621023460683,eclat,Portfolio-wide,356255,11552,"{credit_file_none, income_q1} -> {cluster_2_thin_file}","{credit_file_none, income_q1} -> {cluster_2_thin_file}"
"frozenset({'credit_file_none', 'cluster_2_thin_file'})",frozenset({'income_q1'}),0.03242621156194299,0.5048730387657882,1.5772938046487057,eclat,Portfolio-wide,356255,11552,"{cluster_2_thin_file, credit_file_none} -> {income_q1}","{cluster_2_thin_file, credit_file_none} -> {income_q1}"
"frozenset({'credit_file_none', 'leverage_under_3x'})",frozenset({'cluster_2_thin_file'}),0.04730880970091648,0.7146370420624153,2.0899115040218827,eclat,Portfolio-wide,356255,16854,"{credit_file_none, leverage_under_3x} -> {cluster_2_thin_file}","{credit_file_none, leverage_under_3x} -> {cluster_2_thin_file}"
"frozenset({'credit_file_none', 'cluster_2_thin_file'})",frozenset({'leverage_under_3x'}),0.04730880970091648,0.7365936803461387,1.5524677816004973,eclat,Portfolio-wide,356255,16854,"{cluster_2_thin_file, credit_file_none} -> {leverage_under_3x}","{cluster_2_thin_file, credit_file_none} -> {leverage_under_3x}"
"frozenset({'credit_file_none', 'previous_approval_high'})",frozenset({'cluster_2_thin_file'}),0.03973838963663668,0.49301758662719836,1.441799214610676,eclat,Portfolio-wide,356255,14157,"{credit_file_none, previous_approval_high} -> {cluster_2_thin_file}","{credit_file_none, previous_approval_high} -> {cluster_2_thin_file}"
"frozenset({'credit_file_none', 'repayment_clean_observed'})",frozenset({'cluster_2_thin_file'}),0.03603037150355785,0.5270375692876206,1.5412885342846927,eclat,Portfolio-wide,356255,12836,"{credit_file_none, repayment_clean_observed} -> {cluster_2_thin_file}","{credit_file_none, repayment_clean_observed} -> {cluster_2_thin_file}"
"frozenset({'credit_file_none', 'cluster_2_thin_file'})",frozenset({'repayment_clean_observed'}),0.03603037150355785,0.5609894672435646,1.251113061391845,eclat,Portfolio-wide,356255,12836,"{cluster_2_thin_file, credit_file_none} -> {repayment_clean_observed}","{cluster_2_thin_file, credit_file_none} -> {repayment_clean_observed}"
"frozenset({'credit_small', 'credit_file_thin'})",frozenset({'cluster_2_thin_file'}),0.0646475137191057,0.7678535707141427,2.2455399264059017,eclat,Portfolio-wide,356255,23031,"{credit_file_thin, credit_small} -> {cluster_2_thin_file}","{credit_file_thin, credit_small} -> {cluster_2_thin_file}"
"frozenset({'credit_file_thin', 'cluster_2_thin_file'})",frozenset({'credit_small'}),0.0646475137191057,0.6992652416808356,2.093400380459039,eclat,Portfolio-wide,356255,23031,"{cluster_2_thin_file, credit_file_thin} -> {credit_small}","{cluster_2_thin_file, credit_file_thin} -> {credit_small}"
"frozenset({'external_score_weak', 'credit_file_thin'})",frozenset({'cluster_2_thin_file'}),0.03754613970330241,0.4982678338610542,1.4571532355292225,eclat,Portfolio-wide,356255,13376,"{credit_file_thin, external_score_weak} -> {cluster_2_thin_file}","{credit_file_thin, external_score_weak} -> {cluster_2_thin_file}"
"frozenset({'credit_file_thin', 'cluster_2_thin_file'})",frozenset({'external_score_weak'}),0.03754613970330241,0.406120961865436,1.218975358654087,eclat,Portfolio-wide,356255,13376,"{cluster_2_thin_file, credit_file_thin} -> {external_score_weak}","{cluster_2_thin_file, credit_file_thin} -> {external_score_weak}"
"frozenset({'income_q1', 'credit_file_thin'})",frozenset({'cluster_2_thin_file'}),0.04501831553241358,0.5209172404833051,1.5233900140238046,eclat,Portfolio-wide,356255,16038,"{credit_file_thin, income_q1} -> {cluster_2_thin_file}","{credit_file_thin, income_q1} -> {cluster_2_thin_file}"
"frozenset({'credit_file_thin', 'cluster_2_thin_file'})",frozenset({'income_q1'}),0.04501831553241358,0.48694437697352444,1.5212821640990148,eclat,Portfolio-wide,356255,16038,"{cluster_2_thin_file, credit_file_thin} -> {income_q1}","{cluster_2_thin_file, credit_file_thin} -> {income_q1}"
"frozenset({'leverage_under_3x', 'credit_file_thin'})",frozenset({'cluster_2_thin_file'}),0.07025585605816059,0.6484028911168105,1.8962138563029003,eclat,Portfolio-wide,356255,25029,"{credit_file_thin, leverage_under_3x} -> {cluster_2_thin_file}","{credit_file_thin, leverage_under_3x} -> {cluster_2_thin_file}"
"frozenset({'credit_file_thin', 'cluster_2_thin_file'})",frozenset({'leverage_under_3x'}),0.07025585605816059,0.7599283458829246,1.6016486494342534,eclat,Portfolio-wide,356255,25029,"{cluster_2_thin_file, credit_file_thin} -> {leverage_under_3x}","{cluster_2_thin_file, credit_file_thin} -> {leverage_under_3x}"
"frozenset({'credit_file_thin', 'previous_approval_high'})",frozenset({'cluster_2_thin_file'}),0.057478491529943436,0.45154248164237354,1.32050785419064,eclat,Portfolio-wide,356255,20477,"{credit_file_thin, previous_approval_high} -> {cluster_2_thin_file}","{credit_file_thin, previous_approval_high} -> {cluster_2_thin_file}"
"frozenset({'credit_file_thin', 'previous_two_to_four'})",frozenset({'cluster_2_thin_file'}),0.044456919902878554,0.475173262128349,1.3896145994051468,eclat,Portfolio-wide,356255,15838,"{credit_file_thin, previous_two_to_four} -> {cluster_2_thin_file}","{credit_file_thin, previous_two_to_four} -> {cluster_2_thin_file}"
"frozenset({'credit_file_thin', 'cluster_2_thin_file'})",frozenset({'previous_two_to_four'}),0.044456919902878554,0.4808719941705125,1.2517210933876164,eclat,Portfolio-wide,356255,15838,"{cluster_2_thin_file, credit_file_thin} -> {previous_two_to_four}","{cluster_2_thin_file, credit_file_thin} -> {previous_two_to_four}"
"frozenset({'repayment_clean_observed', 'credit_file_thin'})",frozenset({'cluster_2_thin_file'}),0.052058216726782784,0.4778665292450399,1.3974908912837933,eclat,Portfolio-wide,356255,18546,"{credit_file_thin, repayment_clean_observed} -> {cluster_2_thin_file}","{credit_file_thin, repayment_clean_observed} -> {cluster_2_thin_file}"
"frozenset({'credit_file_thin', 'cluster_2_thin_file'})",frozenset({'repayment_clean_observed'}),0.052058216726782784,0.5630920573232937,1.2558022366172328,eclat,Portfolio-wide,356255,18546,"{cluster_2_thin_file, credit_file_thin} -> {repayment_clean_observed}","{cluster_2_thin_file, credit_file_thin} -> {repayment_clean_observed}"
"frozenset({'cluster_2_thin_file', 'credit_medium'})",frozenset({'external_score_weak'}),0.04916702923467741,0.4732774925695758,1.4205462298670022,eclat,Portfolio-wide,356255,17516,"{cluster_2_thin_file, credit_medium} -> {external_score_weak}","{cluster_2_thin_file, credit_medium} -> {external_score_weak}"
"frozenset({'income_q3', 'cluster_2_thin_file'})",frozenset({'credit_medium'}),0.033678123815806094,0.4361640250109059,1.2681848320377738,eclat,Portfolio-wide,356255,11998,"{cluster_2_thin_file, income_q3} -> {credit_medium}","{cluster_2_thin_file, income_q3} -> {credit_medium}"
"frozenset({'cluster_2_thin_file', 'leverage_3_to_6x'})",frozenset({'credit_medium'}),0.04209344430253611,0.5843659886213077,1.6990949290459494,eclat,Portfolio-wide,356255,14996,"{cluster_2_thin_file, leverage_3_to_6x} -> {credit_medium}","{cluster_2_thin_file, leverage_3_to_6x} -> {credit_medium}"
"frozenset({'leverage_under_3x', 'credit_medium'})",frozenset({'cluster_2_thin_file'}),0.06118931664116995,0.41119326970234277,1.2025090978312931,eclat,Portfolio-wide,356255,21799,"{credit_medium, leverage_under_3x} -> {cluster_2_thin_file}","{credit_medium, leverage_under_3x} -> {cluster_2_thin_file}"
"frozenset({'cluster_2_thin_file', 'credit_medium'})",frozenset({'leverage_under_3x'}),0.06118931664116995,0.5890029721696839,1.2414010083967482,eclat,Portfolio-wide,356255,21799,"{cluster_2_thin_file, credit_medium} -> {leverage_under_3x}","{cluster_2_thin_file, credit_medium} -> {leverage_under_3x}"
"frozenset({'cluster_2_thin_file', 'credit_medium'})",frozenset({'previous_two_to_four'}),0.05261680537817013,0.5064847338557147,1.3183916562651987,eclat,Portfolio-wide,356255,18745,"{cluster_2_thin_file, credit_medium} -> {previous_two_to_four}","{cluster_2_thin_file, credit_medium} -> {previous_two_to_four}"
"frozenset({'cluster_2_thin_file', 'credit_medium'})",frozenset({'repayment_clean_observed'}),0.057217442562209654,0.5507700621453662,1.2283218470383332,eclat,Portfolio-wide,356255,20384,"{cluster_2_thin_file, credit_medium} -> {repayment_clean_observed}","{cluster_2_thin_file, credit_medium} -> {repayment_clean_observed}"
frozenset({'credit_small'}),frozenset({'cluster_2_thin_file'}),0.23726824886668257,0.7103133587112713,2.0772671614487273,eclat,Portfolio-wide,356255,84528,{credit_small} -> {cluster_2_thin_file},{credit_small} -> {cluster_2_thin_file}
frozenset({'cluster_2_thin_file'}),frozenset({'credit_small'}),0.23726824886668257,0.6938762108028238,2.0772671614487273,eclat,Portfolio-wide,356255,84528,{cluster_2_thin_file} -> {credit_small},{cluster_2_thin_file} -> {credit_small}
"frozenset({'external_score_middle', 'credit_small'})",frozenset({'cluster_2_thin_file'}),0.07627682418492372,0.7045920087121114,2.060535429845126,eclat,Portfolio-wide,356255,27174,"{credit_small, external_score_middle} -> {cluster_2_thin_file}","{credit_small, external_score_middle} -> {cluster_2_thin_file}"
"frozenset({'external_score_middle', 'cluster_2_thin_file'})",frozenset({'credit_small'}),0.07627682418492372,0.6972519436532985,2.087373141286257,eclat,Portfolio-wide,356255,27174,"{cluster_2_thin_file, external_score_middle} -> {credit_small}","{cluster_2_thin_file, external_score_middle} -> {credit_small}"
"frozenset({'external_score_strong', 'credit_small'})",frozenset({'cluster_2_thin_file'}),0.07137303336093528,0.7194352488470135,2.1039435608109733,eclat,Portfolio-wide,356255,25427,"{credit_small, external_score_strong} -> {cluster_2_thin_file}","{credit_small, external_score_strong} -> {cluster_2_thin_file}"
"frozenset({'external_score_strong', 'cluster_2_thin_file'})",frozenset({'credit_small'}),0.07137303336093528,0.7676307209274242,2.2980670959403664,eclat,Portfolio-wide,356255,25427,"{cluster_2_thin_file, external_score_strong} -> {credit_small}","{cluster_2_thin_file, external_score_strong} -> {credit_small}"
"frozenset({'external_score_weak', 'credit_small'})",frozenset({'cluster_2_thin_file'}),0.08939664004715724,0.707560374130768,2.06921622956786,eclat,Portfolio-wide,356255,31848,"{credit_small, external_score_weak} -> {cluster_2_thin_file}","{credit_small, external_score_weak} -> {cluster_2_thin_file}"
"frozenset({'external_score_weak', 'cluster_2_thin_file'})",frozenset({'credit_small'}),0.08939664004715724,0.6418897129958079,1.921634437553647,eclat,Portfolio-wide,356255,31848,"{cluster_2_thin_file, external_score_weak} -> {credit_small}","{cluster_2_thin_file, external_score_weak} -> {credit_small}"
"frozenset({'income_q1', 'credit_small'})",frozenset({'cluster_2_thin_file'}),0.12855398520722516,0.7627406568516422,2.2305875283753225,eclat,Portfolio-wide,356255,45798,"{credit_small, income_q1} -> {cluster_2_thin_file}","{credit_small, income_q1} -> {cluster_2_thin_file}"
"frozenset({'income_q1', 'cluster_2_thin_file'})",frozenset({'credit_small'}),0.12855398520722516,0.846230598669623,2.5333726769442824,eclat,Portfolio-wide,356255,45798,"{cluster_2_thin_file, income_q1} -> {credit_small}","{cluster_2_thin_file, income_q1} -> {credit_small}"
"frozenset({'credit_small', 'cluster_2_thin_file'})",frozenset({'income_q1'}),0.12855398520722516,0.5418086314593981,1.6926857488671512,eclat,Portfolio-wide,356255,45798,"{cluster_2_thin_file, credit_small} -> {income_q1}","{cluster_2_thin_file, credit_small} -> {income_q1}"
"frozenset({'income_q2', 'credit_small'})",frozenset({'cluster_2_thin_file'}),0.0443277989080855,0.6956215311426305,2.034301827099145,eclat,Portfolio-wide,356255,15792,"{credit_small, income_q2} -> {cluster_2_thin_file}","{credit_small, income_q2} -> {cluster_2_thin_file}"
"frozenset({'income_q2', 'cluster_2_thin_file'})",frozenset({'credit_small'}),0.0443277989080855,0.6683878613450713,2.000962324211464,eclat,Portfolio-wide,356255,15792,"{cluster_2_thin_file, income_q2} -> {credit_small}","{cluster_2_thin_file, income_q2} -> {credit_small}"
"frozenset({'income_q3', 'credit_small'})",frozenset({'cluster_2_thin_file'}),0.04337623331602364,0.6440896965655218,1.8836001875714168,eclat,Portfolio-wide,356255,15453,"{credit_small, income_q3} -> {cluster_2_thin_file}","{credit_small, income_q3} -> {cluster_2_thin_file}"
"frozenset({'income_q3', 'cluster_2_thin_file'})",frozenset({'credit_small'}),0.04337623331602364,0.5617638505162135,1.681760494161004,eclat,Portfolio-wide,356255,15453,"{cluster_2_thin_file, income_q3} -> {credit_small}","{cluster_2_thin_file, income_q3} -> {credit_small}"
"frozenset({'leverage_under_3x', 'credit_small'})",frozenset({'cluster_2_thin_file'}),0.20655429397482142,0.707020628560997,2.0676377772779344,eclat,Portfolio-wide,356255,73586,"{credit_small, leverage_under_3x} -> {cluster_2_thin_file}","{credit_small, leverage_under_3x} -> {cluster_2_thin_file}"
"frozenset({'leverage_under_3x', 'cluster_2_thin_file'})",frozenset({'credit_small'}),0.20655429397482142,0.7700341139783597,2.3052621681780874,eclat,Portfolio-wide,356255,73586,"{cluster_2_thin_file, leverage_under_3x} -> {credit_small}","{cluster_2_thin_file, leverage_under_3x} -> {credit_small}"
"frozenset({'credit_small', 'cluster_2_thin_file'})",frozenset({'leverage_under_3x'}),0.20655429397482142,0.8705517698277494,1.8348020230607691,eclat,Portfolio-wide,356255,73586,"{cluster_2_thin_file, credit_small} -> {leverage_under_3x}","{cluster_2_thin_file, credit_small} -> {leverage_under_3x}"
"frozenset({'credit_small', 'previous_approval_high'})",frozenset({'cluster_2_thin_file'}),0.14632496386015634,0.8300003184409133,2.427284218077225,eclat,Portfolio-wide,356255,52129,"{credit_small, previous_approval_high} -> {cluster_2_thin_file}","{credit_small, previous_approval_high} -> {cluster_2_thin_file}"
"frozenset({'previous_approval_high', 'cluster_2_thin_file'})",frozenset({'credit_small'}),0.14632496386015634,0.6953685670837445,2.0817348498451222,eclat,Portfolio-wide,356255,52129,"{cluster_2_thin_file, previous_approval_high} -> {credit_small}","{cluster_2_thin_file, previous_approval_high} -> {credit_small}"
"frozenset({'credit_small', 'previous_deep'})",frozenset({'cluster_2_thin_file'}),0.05533115324697197,0.41711456261373736,1.2198255500242736,eclat,Portfolio-wide,356255,19712,"{credit_small, previous_deep} -> {cluster_2_thin_file}","{credit_small, previous_deep} -> {cluster_2_thin_file}"
"frozenset({'previous_deep', 'cluster_2_thin_file'})",frozenset({'credit_small'}),0.05533115324697197,0.7463274269271544,2.2342911192337325,eclat,Portfolio-wide,356255,19712,"{cluster_2_thin_file, previous_deep} -> {credit_small}","{cluster_2_thin_file, previous_deep} -> {credit_small}"
"frozenset({'credit_small', 'previous_one'})",frozenset({'cluster_2_thin_file'}),0.05744761477031901,0.9530595138306789,2.787163167786476,eclat,Portfolio-wide,356255,20466,"{credit_small, previous_one} -> {cluster_2_thin_file}","{credit_small, previous_one} -> {cluster_2_thin_file}"
"frozenset({'cluster_2_thin_file', 'previous_one'})",frozenset({'credit_small'}),0.05744761477031901,0.6815638737178633,2.0404075413766054,eclat,Portfolio-wide,356255,20466,"{cluster_2_thin_file, previous_one} -> {credit_small}","{cluster_2_thin_file, previous_one} -> {credit_small}"
"frozenset({'credit_small', 'previous_outcome_mixed'})",frozenset({'cluster_2_thin_file'}),0.07252389440148209,0.6613171568251044,1.9339808217429615,eclat,Portfolio-wide,356255,25837,"{credit_small, previous_outcome_mixed} -> {cluster_2_thin_file}","{credit_small, previous_outcome_mixed} -> {cluster_2_thin_file}"
"frozenset({'previous_outcome_mixed', 'cluster_2_thin_file'})",frozenset({'credit_small'}),0.07252389440148209,0.6892439844208506,2.063399598909674,eclat,Portfolio-wide,356255,25837,"{cluster_2_thin_file, previous_outcome_mixed} -> {credit_small}","{cluster_2_thin_file, previous_outcome_mixed} -> {credit_small}"
"frozenset({'credit_small', 'previous_two_to_four'})",frozenset({'cluster_2_thin_file'}),0.112009656004828,0.8747999561547737,2.5582979673281803,eclat,Portfolio-wide,356255,39904,"{credit_small, previous_two_to_four} -> {cluster_2_thin_file}","{credit_small, previous_two_to_four} -> {cluster_2_thin_file}"
"frozenset({'cluster_2_thin_file', 'previous_two_to_four'})",frozenset({'credit_small'}),0.112009656004828,0.6787548902874638,2.031998247404311,eclat,Portfolio-wide,356255,39904,"{cluster_2_thin_file, previous_two_to_four} -> {credit_small}","{cluster_2_thin_file, previous_two_to_four} -> {credit_small}"
"frozenset({'credit_small', 'cluster_2_thin_file'})",frozenset({'previous_two_to_four'}),0.112009656004828,0.4720802574294908,1.2288359961899085,eclat,Portfolio-wide,356255,39904,"{cluster_2_thin_file, credit_small} -> {previous_two_to_four}","{cluster_2_thin_file, credit_small} -> {previous_two_to_four}"
"frozenset({'repayment_clean_observed', 'credit_small'})",frozenset({'cluster_2_thin_file'}),0.13194200783146903,0.8538756380679031,2.497106102773607,eclat,Portfolio-wide,356255,47005,"{credit_small, repayment_clean_observed} -> {cluster_2_thin_file}","{credit_small, repayment_clean_observed} -> {cluster_2_thin_file}"
"frozenset({'repayment_clean_observed', 'cluster_2_thin_file'})",frozenset({'credit_small'}),0.13194200783146903,0.6958549222797927,2.0831908583691527,eclat,Portfolio-wide,356255,47005,"{cluster_2_thin_file, repayment_clean_observed} -> {credit_small}","{cluster_2_thin_file, repayment_clean_observed} -> {credit_small}"
"frozenset({'credit_small', 'cluster_2_thin_file'})",frozenset({'repayment_clean_observed'}),0.13194200783146903,0.5560879235282983,1.240181687950407,eclat,Portfolio-wide,356255,47005,"{cluster_2_thin_file, credit_small} -> {repayment_clean_observed}","{cluster_2_thin_file, credit_small} -> {repayment_clean_observed}"
"frozenset({'credit_small', 'repayment_some_late'})",frozenset({'cluster_2_thin_file'}),0.08705000631570083,0.5914370172594641,1.7296207074681529,eclat,Portfolio-wide,356255,31012,"{credit_small, repayment_some_late} -> {cluster_2_thin_file}","{credit_small, repayment_some_late} -> {cluster_2_thin_file}"
"frozenset({'repayment_some_late', 'cluster_2_thin_file'})",frozenset({'credit_small'}),0.08705000631570083,0.6928198025110585,2.074104576798322,eclat,Portfolio-wide,356255,31012,"{cluster_2_thin_file, repayment_some_late} -> {credit_small}","{cluster_2_thin_file, repayment_some_late} -> {credit_small}"
"frozenset({'external_score_middle', 'income_q1'})",frozenset({'cluster_2_thin_file'}),0.0472274073346339,0.4559002845142935,1.3332519771764868,eclat,Portfolio-wide,356255,16825,"{external_score_middle, income_q1} -> {cluster_2_thin_file}","{external_score_middle, income_q1} -> {cluster_2_thin_file}"
"frozenset({'external_score_middle', 'cluster_2_thin_file'})",frozenset({'income_q1'}),0.0472274073346339,0.43170913196315397,1.348719553177882,eclat,Portfolio-wide,356255,16825,"{cluster_2_thin_file, external_score_middle} -> {income_q1}","{cluster_2_thin_file, external_score_middle} -> {income_q1}"
"frozenset({'external_score_middle', 'leverage_under_3x'})",frozenset({'cluster_2_thin_file'}),0.08783596019704987,0.557292965271594,1.6297685547761593,eclat,Portfolio-wide,356255,31292,"{external_score_middle, leverage_under_3x} -> {cluster_2_thin_file}","{external_score_middle, leverage_under_3x} -> {cluster_2_thin_file}"
"frozenset({'external_score_middle', 'cluster_2_thin_file'})",frozenset({'leverage_under_3x'}),0.08783596019704987,0.8029148384779206,1.6922483200238512,eclat,Portfolio-wide,356255,31292,"{cluster_2_thin_file, external_score_middle} -> {leverage_under_3x}","{cluster_2_thin_file, external_score_middle} -> {leverage_under_3x}"
"frozenset({'external_score_middle', 'previous_two_to_four'})",frozenset({'cluster_2_thin_file'}),0.05320065683288656,0.417448570547553,1.2208023354163398,eclat,Portfolio-wide,356255,18953,"{external_score_middle, previous_two_to_four} -> {cluster_2_thin_file}","{external_score_middle, previous_two_to_four} -> {cluster_2_thin_file}"
"frozenset({'external_score_middle', 'cluster_2_thin_file'})",frozenset({'previous_two_to_four'}),0.05320065683288656,0.4863110358453288,1.265879046594947,eclat,Portfolio-wide,356255,18953,"{cluster_2_thin_file, external_score_middle} -> {previous_two_to_four}","{cluster_2_thin_file, external_score_middle} -> {previous_two_to_four}"
"frozenset({'external_score_middle', 'repayment_clean_observed'})",frozenset({'cluster_2_thin_file'}),0.06077949783160938,0.4130202571243276,1.207852008716363,eclat,Portfolio-wide,356255,21653,"{external_score_middle, repayment_clean_observed} -> {cluster_2_thin_file}","{external_score_middle, repayment_clean_observed} -> {cluster_2_thin_file}"
"frozenset({'external_score_middle', 'cluster_2_thin_file'})",frozenset({'repayment_clean_observed'}),0.06077949783160938,0.5555897672747799,1.2390707048896141,eclat,Portfolio-wide,356255,21653,"{cluster_2_thin_file, external_score_middle} -> {repayment_clean_observed}","{cluster_2_thin_file, external_score_middle} -> {repayment_clean_observed}"
"frozenset({'external_score_strong', 'income_q1'})",frozenset({'cluster_2_thin_file'}),0.04264361201948043,0.4300515201268188,1.257658876233622,eclat,Portfolio-wide,356255,15192,"{external_score_strong, income_q1} -> {cluster_2_thin_file}","{external_score_strong, income_q1} -> {cluster_2_thin_file}"
"frozenset({'external_score_strong', 'cluster_2_thin_file'})",frozenset({'income_q1'}),0.04264361201948043,0.45864026083806303,1.4328561567692173,eclat,Portfolio-wide,356255,15192,"{cluster_2_thin_file, external_score_strong} -> {income_q1}","{cluster_2_thin_file, external_score_strong} -> {income_q1}"
"frozenset({'external_score_strong', 'leverage_under_3x'})",frozenset({'cluster_2_thin_file'}),0.0772845293399391,0.5287283481199831,1.5462331116358938,eclat,Portfolio-wide,356255,27533,"{external_score_strong, leverage_under_3x} -> {cluster_2_thin_file}","{external_score_strong, leverage_under_3x} -> {cluster_2_thin_file}"
"frozenset({'external_score_strong', 'cluster_2_thin_file'})",frozenset({'leverage_under_3x'}),0.0772845293399391,0.8312099987924164,1.75188408114365,eclat,Portfolio-wide,356255,27533,"{cluster_2_thin_file, external_score_strong} -> {leverage_under_3x}","{cluster_2_thin_file, external_score_strong} -> {leverage_under_3x}"
"frozenset({'external_score_strong', 'cluster_2_thin_file'})",frozenset({'previous_approval_high'}),0.061138791034511794,0.6575594734935394,1.2544384303080198,eclat,Portfolio-wide,356255,21781,"{cluster_2_thin_file, external_score_strong} -> {previous_approval_high}","{cluster_2_thin_file, external_score_strong} -> {previous_approval_high}"
"frozenset({'external_score_strong', 'cluster_2_thin_file'})",frozenset({'previous_two_to_four'}),0.044504638531389036,0.47865595942519024,1.2459527029052706,eclat,Portfolio-wide,356255,15855,"{cluster_2_thin_file, external_score_strong} -> {previous_two_to_four}","{cluster_2_thin_file, external_score_strong} -> {previous_two_to_four}"
"frozenset({'external_score_strong', 'cluster_2_thin_file'})",frozenset({'repayment_clean_observed'}),0.05384906878499951,0.5791571066296342,1.2916303478254956,eclat,Portfolio-wide,356255,19184,"{cluster_2_thin_file, external_score_strong} -> {repayment_clean_observed}","{cluster_2_thin_file, external_score_strong} -> {repayment_clean_observed}"
frozenset({'external_score_weak'}),frozenset({'cluster_2_thin_file'}),0.13927102777504877,0.41802311866006137,1.2224825655741272,eclat,Portfolio-wide,356255,49616,{external_score_weak} -> {cluster_2_thin_file},{external_score_weak} -> {cluster_2_thin_file}
frozenset({'cluster_2_thin_file'}),frozenset({'external_score_weak'}),0.13927102777504877,0.40728944344114265,1.222482565574127,eclat,Portfolio-wide,356255,49616,{cluster_2_thin_file} -> {external_score_weak},{cluster_2_thin_file} -> {external_score_weak}
"frozenset({'external_score_weak', 'income_q1'})",frozenset({'cluster_2_thin_file'}),0.06187983326549803,0.5284163091157505,1.5453205730096184,eclat,Portfolio-wide,356255,22045,"{external_score_weak, income_q1} -> {cluster_2_thin_file}","{external_score_weak, income_q1} -> {cluster_2_thin_file}"
"frozenset({'income_q1', 'cluster_2_thin_file'})",frozenset({'external_score_weak'}),0.06187983326549803,0.40733555062823357,1.2226209566698796,eclat,Portfolio-wide,356255,22045,"{cluster_2_thin_file, income_q1} -> {external_score_weak}","{cluster_2_thin_file, income_q1} -> {external_score_weak}"
"frozenset({'external_score_weak', 'cluster_2_thin_file'})",frozenset({'income_q1'}),0.06187983326549803,0.444312318606901,1.3880936664413066,eclat,Portfolio-wide,356255,22045,"{cluster_2_thin_file, external_score_weak} -> {income_q1}","{cluster_2_thin_file, external_score_weak} -> {income_q1}"
"frozenset({'income_q3', 'cluster_2_thin_file'})",frozenset({'external_score_weak'}),0.03189569269203239,0.41307983132179726,1.239862461729071,eclat,Portfolio-wide,356255,11363,"{cluster_2_thin_file, income_q3} -> {external_score_weak}","{cluster_2_thin_file, income_q3} -> {external_score_weak}"
"frozenset({'cluster_2_thin_file', 'leverage_3_to_6x'})",frozenset({'external_score_weak'}),0.035365117682558844,0.4909593952147144,1.4736186039684063,eclat,Portfolio-wide,356255,12599,"{cluster_2_thin_file, leverage_3_to_6x} -> {external_score_weak}","{cluster_2_thin_file, leverage_3_to_6x} -> {external_score_weak}"
"frozenset({'external_score_weak', 'leverage_under_3x'})",frozenset({'cluster_2_thin_file'}),0.10288417004673618,0.6037490322686916,1.7656264282620484,eclat,Portfolio-wide,356255,36653,"{external_score_weak, leverage_under_3x} -> {cluster_2_thin_file}","{external_score_weak, leverage_under_3x} -> {cluster_2_thin_file}"
"frozenset({'external_score_weak', 'cluster_2_thin_file'})",frozenset({'leverage_under_3x'}),0.10288417004673618,0.7387334730732021,1.5569776753950082,eclat,Portfolio-wide,356255,36653,"{cluster_2_thin_file, external_score_weak} -> {leverage_under_3x}","{cluster_2_thin_file, external_score_weak} -> {leverage_under_3x}"
"frozenset({'external_score_weak', 'previous_approval_high'})",frozenset({'cluster_2_thin_file'}),0.08141920815146454,0.5086897809578927,1.4876315704740937,eclat,Portfolio-wide,356255,29006,"{external_score_weak, previous_approval_high} -> {cluster_2_thin_file}","{external_score_weak, previous_approval_high} -> {cluster_2_thin_file}"
"frozenset({'external_score_weak', 'previous_one'})",frozenset({'cluster_2_thin_file'}),0.03481214298746684,0.6312735416878754,1.846120141142785,eclat,Portfolio-wide,356255,12402,"{external_score_weak, previous_one} -> {cluster_2_thin_file}","{external_score_weak, previous_one} -> {cluster_2_thin_file}"
"frozenset({'cluster_2_thin_file', 'previous_one'})",frozenset({'external_score_weak'}),0.03481214298746684,0.4130145197815372,1.2396664286116297,eclat,Portfolio-wide,356255,12402,"{cluster_2_thin_file, previous_one} -> {external_score_weak}","{cluster_2_thin_file, previous_one} -> {external_score_weak}"
"frozenset({'previous_outcome_mixed', 'cluster_2_thin_file'})",frozenset({'external_score_weak'}),0.04607093233779175,0.437843461558982,1.3141906985954837,eclat,Portfolio-wide,356255,16413,"{cluster_2_thin_file, previous_outcome_mixed} -> {external_score_weak}","{cluster_2_thin_file, previous_outcome_mixed} -> {external_score_weak}"
"frozenset({'external_score_weak', 'previous_two_to_four'})",frozenset({'cluster_2_thin_file'}),0.06722431965867146,0.5357957850463108,1.5669013905899971,eclat,Portfolio-wide,356255,23949,"{external_score_weak, previous_two_to_four} -> {cluster_2_thin_file}","{external_score_weak, previous_two_to_four} -> {cluster_2_thin_file}"
"frozenset({'cluster_2_thin_file', 'previous_two_to_four'})",frozenset({'external_score_weak'}),0.06722431965867146,0.40736519816295286,1.2227099439856333,eclat,Portfolio-wide,356255,23949,"{cluster_2_thin_file, previous_two_to_four} -> {external_score_weak}","{cluster_2_thin_file, previous_two_to_four} -> {external_score_weak}"
"frozenset({'external_score_weak', 'cluster_2_thin_file'})",frozenset({'previous_two_to_four'}),0.06722431965867146,0.4826870364398581,1.2564456910382842,eclat,Portfolio-wide,356255,23949,"{cluster_2_thin_file, external_score_weak} -> {previous_two_to_four}","{cluster_2_thin_file, external_score_weak} -> {previous_two_to_four}"
"frozenset({'external_score_weak', 'repayment_clean_observed'})",frozenset({'cluster_2_thin_file'}),0.07488456302367687,0.530778719509769,1.5522292950168506,eclat,Portfolio-wide,356255,26678,"{external_score_weak, repayment_clean_observed} -> {cluster_2_thin_file}","{external_score_weak, repayment_clean_observed} -> {cluster_2_thin_file}"
"frozenset({'repayment_some_late', 'cluster_2_thin_file'})",frozenset({'external_score_weak'}),0.05351503838542617,0.425919306554667,1.278400250704621,eclat,Portfolio-wide,356255,19065,"{cluster_2_thin_file, repayment_some_late} -> {external_score_weak}","{cluster_2_thin_file, repayment_some_late} -> {external_score_weak}"
frozenset({'income_q1'}),frozenset({'cluster_2_thin_file'}),0.15191365735217752,0.4745994580516167,1.3879365451336292,eclat,Portfolio-wide,356255,54120,{income_q1} -> {cluster_2_thin_file},{income_q1} -> {cluster_2_thin_file}
frozenset({'cluster_2_thin_file'}),frozenset({'income_q1'}),0.15191365735217752,0.4442620259399114,1.3879365451336292,eclat,Portfolio-wide,356255,54120,{cluster_2_thin_file} -> {income_q1},{cluster_2_thin_file} -> {income_q1}
"frozenset({'income_q1', 'leverage_3_to_6x'})",frozenset({'cluster_2_thin_file'}),0.05098314409622321,0.4717172241845003,1.3795076317669444,eclat,Portfolio-wide,356255,18163,"{income_q1, leverage_3_to_6x} -> {cluster_2_thin_file}","{income_q1, leverage_3_to_6x} -> {cluster_2_thin_file}"
"frozenset({'cluster_2_thin_file', 'leverage_3_to_6x'})",frozenset({'income_q1'}),0.05098314409622321,0.7077780375652716,2.211197326851138,eclat,Portfolio-wide,356255,18163,"{cluster_2_thin_file, leverage_3_to_6x} -> {income_q1}","{cluster_2_thin_file, leverage_3_to_6x} -> {income_q1}"
"frozenset({'income_q1', 'leverage_under_3x'})",frozenset({'cluster_2_thin_file'}),0.09925755427993993,0.7712154587686202,2.2553715585586502,eclat,Portfolio-wide,356255,35361,"{income_q1, leverage_under_3x} -> {cluster_2_thin_file}","{income_q1, leverage_under_3x} -> {cluster_2_thin_file}"
"frozenset({'income_q1', 'cluster_2_thin_file'})",frozenset({'leverage_under_3x'}),0.09925755427993993,0.6533813747228381,1.3770869346562742,eclat,Portfolio-wide,356255,35361,"{cluster_2_thin_file, income_q1} -> {leverage_under_3x}","{cluster_2_thin_file, income_q1} -> {leverage_under_3x}"
"frozenset({'income_q1', 'previous_approval_high'})",frozenset({'cluster_2_thin_file'}),0.09640285750375434,0.5229068652080574,1.529208547567694,eclat,Portfolio-wide,356255,34344,"{income_q1, previous_approval_high} -> {cluster_2_thin_file}","{income_q1, previous_approval_high} -> {cluster_2_thin_file}"
"frozenset({'previous_approval_high', 'cluster_2_thin_file'})",frozenset({'income_q1'}),0.09640285750375434,0.4581276845503295,1.4312547969401632,eclat,Portfolio-wide,356255,34344,"{cluster_2_thin_file, previous_approval_high} -> {income_q1}","{cluster_2_thin_file, previous_approval_high} -> {income_q1}"
"frozenset({'income_q1', 'cluster_2_thin_file'})",frozenset({'previous_approval_high'}),0.09640285750375434,0.634589800443459,1.210618758069788,eclat,Portfolio-wide,356255,34344,"{cluster_2_thin_file, income_q1} -> {previous_approval_high}","{cluster_2_thin_file, income_q1} -> {previous_approval_high}"
"frozenset({'previous_deep', 'cluster_2_thin_file'})",frozenset({'income_q1'}),0.03324304220291645,0.44839466908980763,1.4008474988519939,eclat,Portfolio-wide,356255,11843,"{cluster_2_thin_file, previous_deep} -> {income_q1}","{cluster_2_thin_file, previous_deep} -> {income_q1}"
"frozenset({'income_q1', 'previous_one'})",frozenset({'cluster_2_thin_file'}),0.03918822191969235,0.6110916571828766,1.7870994773410418,eclat,Portfolio-wide,356255,13961,"{income_q1, previous_one} -> {cluster_2_thin_file}","{income_q1, previous_one} -> {cluster_2_thin_file}"
"frozenset({'cluster_2_thin_file', 'previous_one'})",frozenset({'income_q1'}),0.03918822191969235,0.46493272945251096,1.4525147065420037,eclat,Portfolio-wide,356255,13961,"{cluster_2_thin_file, previous_one} -> {income_q1}","{cluster_2_thin_file, previous_one} -> {income_q1}"
"frozenset({'income_q1', 'previous_outcome_mixed'})",frozenset({'cluster_2_thin_file'}),0.04398254059592146,0.45762266355140185,1.338288967357615,eclat,Portfolio-wide,356255,15669,"{income_q1, previous_outcome_mixed} -> {cluster_2_thin_file}","{income_q1, previous_outcome_mixed} -> {cluster_2_thin_file}"
"frozenset({'previous_outcome_mixed', 'cluster_2_thin_file'})",frozenset({'income_q1'}),0.04398254059592146,0.41799605185936084,1.3058779779112766,eclat,Portfolio-wide,356255,15669,"{cluster_2_thin_file, previous_outcome_mixed} -> {income_q1}","{cluster_2_thin_file, previous_outcome_mixed} -> {income_q1}"
"frozenset({'income_q1', 'previous_two_to_four'})",frozenset({'cluster_2_thin_file'}),0.07158355672201092,0.5418694090899432,1.5846633256882097,eclat,Portfolio-wide,356255,25502,"{income_q1, previous_two_to_four} -> {cluster_2_thin_file}","{income_q1, previous_two_to_four} -> {cluster_2_thin_file}"
"frozenset({'cluster_2_thin_file', 'previous_two_to_four'})",frozenset({'income_q1'}),0.07158355672201092,0.4337812553155298,1.3551931555991168,eclat,Portfolio-wide,356255,25502,"{cluster_2_thin_file, previous_two_to_four} -> {income_q1}","{cluster_2_thin_file, previous_two_to_four} -> {income_q1}"
"frozenset({'income_q1', 'cluster_2_thin_file'})",frozenset({'previous_two_to_four'}),0.07158355672201092,0.4712121212121212,1.2265762172292107,eclat,Portfolio-wide,356255,25502,"{cluster_2_thin_file, income_q1} -> {previous_two_to_four}","{cluster_2_thin_file, income_q1} -> {previous_two_to_four}"
"frozenset({'income_q1', 'repayment_clean_observed'})",frozenset({'cluster_2_thin_file'}),0.0846275841742572,0.5601092388578223,1.6380045714110447,eclat,Portfolio-wide,356255,30149,"{income_q1, repayment_clean_observed} -> {cluster_2_thin_file}","{income_q1, repayment_clean_observed} -> {cluster_2_thin_file}"
"frozenset({'repayment_clean_observed', 'cluster_2_thin_file'})",frozenset({'income_q1'}),0.0846275841742572,0.44632124352331604,1.3943698281321981,eclat,Portfolio-wide,356255,30149,"{cluster_2_thin_file, repayment_clean_observed} -> {income_q1}","{cluster_2_thin_file, repayment_clean_observed} -> {income_q1}"
"frozenset({'income_q1', 'cluster_2_thin_file'})",frozenset({'repayment_clean_observed'}),0.0846275841742572,0.5570768662232076,1.242387217991191,eclat,Portfolio-wide,356255,30149,"{cluster_2_thin_file, income_q1} -> {repayment_clean_observed}","{cluster_2_thin_file, income_q1} -> {repayment_clean_observed}"
"frozenset({'repayment_some_late', 'cluster_2_thin_file'})",frozenset({'income_q1'}),0.05531150439993825,0.4402171484741522,1.3752997836561267,eclat,Portfolio-wide,356255,19705,"{cluster_2_thin_file, repayment_some_late} -> {income_q1}","{cluster_2_thin_file, repayment_some_late} -> {income_q1}"
"frozenset({'income_q2', 'leverage_under_3x'})",frozenset({'cluster_2_thin_file'}),0.052863819455165544,0.6803829479768787,1.9897375400714408,eclat,Portfolio-wide,356255,18833,"{income_q2, leverage_under_3x} -> {cluster_2_thin_file}","{income_q2, leverage_under_3x} -> {cluster_2_thin_file}"
"frozenset({'income_q2', 'cluster_2_thin_file'})",frozenset({'leverage_under_3x'}),0.052863819455165544,0.7970965420916749,1.6799854973517856,eclat,Portfolio-wide,356255,18833,"{cluster_2_thin_file, income_q2} -> {leverage_under_3x}","{cluster_2_thin_file, income_q2} -> {leverage_under_3x}"
"frozenset({'income_q2', 'previous_approval_high'})",frozenset({'cluster_2_thin_file'}),0.040142594489901894,0.42139847364233723,1.232353580918165,eclat,Portfolio-wide,356255,14301,"{income_q2, previous_approval_high} -> {cluster_2_thin_file}","{income_q2, previous_approval_high} -> {cluster_2_thin_file}"
"frozenset({'income_q2', 'previous_two_to_four'})",frozenset({'cluster_2_thin_file'}),0.032123057921994075,0.45493937586960836,1.3304418597145569,eclat,Portfolio-wide,356255,11444,"{income_q2, previous_two_to_four} -> {cluster_2_thin_file}","{income_q2, previous_two_to_four} -> {cluster_2_thin_file}"
"frozenset({'income_q2', 'cluster_2_thin_file'})",frozenset({'previous_two_to_four'}),0.032123057921994075,0.4843611122867905,1.2608033497810245,eclat,Portfolio-wide,356255,11444,"{cluster_2_thin_file, income_q2} -> {previous_two_to_four}","{cluster_2_thin_file, income_q2} -> {previous_two_to_four}"
"frozenset({'income_q2', 'repayment_clean_observed'})",frozenset({'cluster_2_thin_file'}),0.03700439292080111,0.451472602739726,1.3203034976936554,eclat,Portfolio-wide,356255,13183,"{income_q2, repayment_clean_observed} -> {cluster_2_thin_file}","{income_q2, repayment_clean_observed} -> {cluster_2_thin_file}"
"frozenset({'income_q2', 'cluster_2_thin_file'})",frozenset({'repayment_clean_observed'}),0.03700439292080111,0.5579633470182419,1.2443642385345355,eclat,Portfolio-wide,356255,13183,"{cluster_2_thin_file, income_q2} -> {repayment_clean_observed}","{cluster_2_thin_file, income_q2} -> {repayment_clean_observed}"
"frozenset({'income_q3', 'leverage_under_3x'})",frozenset({'cluster_2_thin_file'}),0.06980112559823722,0.5575185525637288,1.6304282707567823,eclat,Portfolio-wide,356255,24867,"{income_q3, leverage_under_3x} -> {cluster_2_thin_file}","{income_q3, leverage_under_3x} -> {cluster_2_thin_file}"
"frozenset({'income_q3', 'cluster_2_thin_file'})",frozenset({'leverage_under_3x'}),0.06980112559823722,0.9039915660898648,1.9052807791313118,eclat,Portfolio-wide,356255,24867,"{cluster_2_thin_file, income_q3} -> {leverage_under_3x}","{cluster_2_thin_file, income_q3} -> {leverage_under_3x}"
"frozenset({'income_q3', 'cluster_2_thin_file'})",frozenset({'previous_two_to_four'}),0.03830683078132237,0.4961102224807329,1.2913865595261906,eclat,Portfolio-wide,356255,13647,"{cluster_2_thin_file, income_q3} -> {previous_two_to_four}","{cluster_2_thin_file, income_q3} -> {previous_two_to_four}"
"frozenset({'income_q3', 'cluster_2_thin_file'})",frozenset({'repayment_clean_observed'}),0.04266045388836648,0.5524938199796423,1.2321661544042737,eclat,Portfolio-wide,356255,15198,"{cluster_2_thin_file, income_q3} -> {repayment_clean_observed}","{cluster_2_thin_file, income_q3} -> {repayment_clean_observed}"
"frozenset({'income_q4', 'cluster_2_thin_file'})",frozenset({'leverage_under_3x'}),0.04631794641478716,0.9961364322366435,2.0994881688356895,eclat,Portfolio-wide,356255,16501,"{cluster_2_thin_file, income_q4} -> {leverage_under_3x}","{cluster_2_thin_file, income_q4} -> {leverage_under_3x}"
"frozenset({'cluster_2_thin_file', 'leverage_3_to_6x'})",frozenset({'previous_approval_high'}),0.045416906429383445,0.630504247525524,1.2028246728259304,eclat,Portfolio-wide,356255,16180,"{cluster_2_thin_file, leverage_3_to_6x} -> {previous_approval_high}","{cluster_2_thin_file, leverage_3_to_6x} -> {previous_approval_high}"
"frozenset({'cluster_2_thin_file', 'leverage_3_to_6x'})",frozenset({'previous_two_to_four'}),0.035115296627415755,0.4874912321720832,1.2689511253486394,eclat,Portfolio-wide,356255,12510,"{cluster_2_thin_file, leverage_3_to_6x} -> {previous_two_to_four}","{cluster_2_thin_file, leverage_3_to_6x} -> {previous_two_to_four}"
"frozenset({'cluster_2_thin_file', 'leverage_3_to_6x'})",frozenset({'repayment_clean_observed'}),0.03948856858149359,0.5482035694801651,1.2225980809377386,eclat,Portfolio-wide,356255,14068,"{cluster_2_thin_file, leverage_3_to_6x} -> {repayment_clean_observed}","{cluster_2_thin_file, leverage_3_to_6x} -> {repayment_clean_observed}"
frozenset({'leverage_under_3x'}),frozenset({'cluster_2_thin_file'}),0.26824044574812983,0.5653519176955706,1.6533364590267239,eclat,Portfolio-wide,356255,95562,{leverage_under_3x} -> {cluster_2_thin_file},{leverage_under_3x} -> {cluster_2_thin_file}
frozenset({'cluster_2_thin_file'}),frozenset({'leverage_under_3x'}),0.26824044574812983,0.7844524708586439,1.653336459026724,eclat,Portfolio-wide,356255,95562,{cluster_2_thin_file} -> {leverage_under_3x},{cluster_2_thin_file} -> {leverage_under_3x}
"frozenset({'leverage_under_3x', 'previous_approval_high'})",frozenset({'cluster_2_thin_file'}),0.1638741912394212,0.6954424167341688,2.033778018171329,eclat,Portfolio-wide,356255,58381,"{leverage_under_3x, previous_approval_high} -> {cluster_2_thin_file}","{leverage_under_3x, previous_approval_high} -> {cluster_2_thin_file}"
"frozenset({'previous_approval_high', 'cluster_2_thin_file'})",frozenset({'leverage_under_3x'}),0.1638741912394212,0.7787663740895873,1.641352264385148,eclat,Portfolio-wide,356255,58381,"{cluster_2_thin_file, previous_approval_high} -> {leverage_under_3x}","{cluster_2_thin_file, previous_approval_high} -> {leverage_under_3x}"
"frozenset({'previous_deep', 'cluster_2_thin_file'})",frozenset({'leverage_under_3x'}),0.060844058329005905,0.8206875662577616,1.7297066746168388,eclat,Portfolio-wide,356255,21676,"{cluster_2_thin_file, previous_deep} -> {leverage_under_3x}","{cluster_2_thin_file, previous_deep} -> {leverage_under_3x}"
"frozenset({'leverage_under_3x', 'previous_one'})",frozenset({'cluster_2_thin_file'}),0.06431909727582771,0.8288659793814435,2.4239669141728464,eclat,Portfolio-wide,356255,22914,"{leverage_under_3x, previous_one} -> {cluster_2_thin_file}","{leverage_under_3x, previous_one} -> {cluster_2_thin_file}"
"frozenset({'cluster_2_thin_file', 'previous_one'})",frozenset({'leverage_under_3x'}),0.06431909727582771,0.7630877847342481,1.6083075811567082,eclat,Portfolio-wide,356255,22914,"{cluster_2_thin_file, previous_one} -> {leverage_under_3x}","{cluster_2_thin_file, previous_one} -> {leverage_under_3x}"
"frozenset({'leverage_under_3x', 'previous_outcome_mixed'})",frozenset({'cluster_2_thin_file'}),0.08416162580174313,0.5203936406553735,1.521858778949927,eclat,Portfolio-wide,356255,29983,"{leverage_under_3x, previous_outcome_mixed} -> {cluster_2_thin_file}","{leverage_under_3x, previous_outcome_mixed} -> {cluster_2_thin_file}"
"frozenset({'previous_outcome_mixed', 'cluster_2_thin_file'})",frozenset({'leverage_under_3x'}),0.08416162580174313,0.799845275569546,1.6857788136379044,eclat,Portfolio-wide,356255,29983,"{cluster_2_thin_file, previous_outcome_mixed} -> {leverage_under_3x}","{cluster_2_thin_file, previous_outcome_mixed} -> {leverage_under_3x}"
"frozenset({'leverage_under_3x', 'previous_two_to_four'})",frozenset({'cluster_2_thin_file'}),0.12920239715933812,0.7384489507796959,2.1595479474636394,eclat,Portfolio-wide,356255,46029,"{leverage_under_3x, previous_two_to_four} -> {cluster_2_thin_file}","{leverage_under_3x, previous_two_to_four} -> {cluster_2_thin_file}"
"frozenset({'cluster_2_thin_file', 'previous_two_to_four'})",frozenset({'leverage_under_3x'}),0.12920239715933812,0.7829392753869706,1.6501472011227836,eclat,Portfolio-wide,356255,46029,"{cluster_2_thin_file, previous_two_to_four} -> {leverage_under_3x}","{cluster_2_thin_file, previous_two_to_four} -> {leverage_under_3x}"
"frozenset({'leverage_under_3x', 'cluster_2_thin_file'})",frozenset({'previous_two_to_four'}),0.12920239715933812,0.48166635273435054,1.253788827383613,eclat,Portfolio-wide,356255,46029,"{cluster_2_thin_file, leverage_under_3x} -> {previous_two_to_four}","{cluster_2_thin_file, leverage_under_3x} -> {previous_two_to_four}"
"frozenset({'repayment_clean_observed', 'leverage_under_3x'})",frozenset({'cluster_2_thin_file'}),0.14930036069669197,0.7052560396722267,2.062477347015508,eclat,Portfolio-wide,356255,53189,"{leverage_under_3x, repayment_clean_observed} -> {cluster_2_thin_file}","{leverage_under_3x, repayment_clean_observed} -> {cluster_2_thin_file}"
"frozenset({'repayment_clean_observed', 'cluster_2_thin_file'})",frozenset({'leverage_under_3x'}),0.14930036069669197,0.78740192450037,1.6595528193815297,eclat,Portfolio-wide,356255,53189,"{cluster_2_thin_file, repayment_clean_observed} -> {leverage_under_3x}","{cluster_2_thin_file, repayment_clean_observed} -> {leverage_under_3x}"
"frozenset({'leverage_under_3x', 'cluster_2_thin_file'})",frozenset({'repayment_clean_observed'}),0.14930036069669197,0.5565915321989913,1.2413048309370838,eclat,Portfolio-wide,356255,53189,"{cluster_2_thin_file, leverage_under_3x} -> {repayment_clean_observed}","{cluster_2_thin_file, leverage_under_3x} -> {repayment_clean_observed}"
"frozenset({'leverage_under_3x', 'repayment_some_late'})",frozenset({'cluster_2_thin_file'}),0.09878598195113052,0.45556691822759576,1.3322770682414393,eclat,Portfolio-wide,356255,35193,"{leverage_under_3x, repayment_some_late} -> {cluster_2_thin_file}","{leverage_under_3x, repayment_some_late} -> {cluster_2_thin_file}"
"frozenset({'repayment_some_late', 'cluster_2_thin_file'})",frozenset({'leverage_under_3x'}),0.09878598195113052,0.786224922925696,1.6570721342055235,eclat,Portfolio-wide,356255,35193,"{cluster_2_thin_file, repayment_some_late} -> {leverage_under_3x}","{cluster_2_thin_file, repayment_some_late} -> {leverage_under_3x}"
"frozenset({'previous_approval_high', 'previous_one'})",frozenset({'cluster_2_thin_file'}),0.08376864886106862,0.4988632944401726,1.4588946228926587,eclat,Portfolio-wide,356255,29843,"{previous_approval_high, previous_one} -> {cluster_2_thin_file}","{previous_approval_high, previous_one} -> {cluster_2_thin_file}"
"frozenset({'cluster_2_thin_file', 'previous_one'})",frozenset({'previous_approval_high'}),0.08376864886106862,0.9938390835220461,1.8959652931293456,eclat,Portfolio-wide,356255,29843,"{cluster_2_thin_file, previous_one} -> {previous_approval_high}","{cluster_2_thin_file, previous_one} -> {previous_approval_high}"
"frozenset({'previous_approval_high', 'cluster_2_thin_file'})",frozenset({'previous_one'}),0.08376864886106862,0.3980871328335512,2.3457694847268646,eclat,Portfolio-wide,356255,29843,"{cluster_2_thin_file, previous_approval_high} -> {previous_one}","{cluster_2_thin_file, previous_approval_high} -> {previous_one}"
"frozenset({'previous_approval_high', 'previous_two_to_four'})",frozenset({'cluster_2_thin_file'}),0.09923229147661085,0.4143557045406596,1.211757441480321,eclat,Portfolio-wide,356255,35352,"{previous_approval_high, previous_two_to_four} -> {cluster_2_thin_file}","{previous_approval_high, previous_two_to_four} -> {cluster_2_thin_file}"
"frozenset({'previous_approval_high', 'cluster_2_thin_file'})",frozenset({'previous_two_to_four'}),0.09923229147661085,0.4715737801136515,1.2275176238429142,eclat,Portfolio-wide,356255,35352,"{cluster_2_thin_file, previous_approval_high} -> {previous_two_to_four}","{cluster_2_thin_file, previous_approval_high} -> {previous_two_to_four}"
"frozenset({'repayment_clean_observed', 'previous_approval_high'})",frozenset({'cluster_2_thin_file'}),0.1220277610138805,0.46990217802518514,1.3741996423605511,eclat,Portfolio-wide,356255,43473,"{previous_approval_high, repayment_clean_observed} -> {cluster_2_thin_file}","{previous_approval_high, repayment_clean_observed} -> {cluster_2_thin_file}"
"frozenset({'repayment_clean_observed', 'cluster_2_thin_file'})",frozenset({'previous_approval_high'}),0.1220277610138805,0.6435677276091784,1.2277461166056625,eclat,Portfolio-wide,356255,43473,"{cluster_2_thin_file, repayment_clean_observed} -> {previous_approval_high}","{cluster_2_thin_file, repayment_clean_observed} -> {previous_approval_high}"
"frozenset({'previous_approval_high', 'cluster_2_thin_file'})",frozenset({'repayment_clean_observed'}),0.1220277610138805,0.5799028893098204,1.2932935848497582,eclat,Portfolio-wide,356255,43473,"{cluster_2_thin_file, previous_approval_high} -> {repayment_clean_observed}","{cluster_2_thin_file, previous_approval_high} -> {repayment_clean_observed}"
"frozenset({'repayment_some_late', 'cluster_2_thin_file'})",frozenset({'previous_approval_high'}),0.08221077598910892,0.654304990840445,1.2482297932563442,eclat,Portfolio-wide,356255,29288,"{cluster_2_thin_file, repayment_some_late} -> {previous_approval_high}","{cluster_2_thin_file, repayment_some_late} -> {previous_approval_high}"
"frozenset({'previous_deep', 'cluster_2_thin_file'})",frozenset({'previous_outcome_mixed'}),0.040063999101766994,0.5403983038013025,1.6705245149093932,eclat,Portfolio-wide,356255,14273,"{cluster_2_thin_file, previous_deep} -> {previous_outcome_mixed}","{cluster_2_thin_file, previous_deep} -> {previous_outcome_mixed}"
frozenset({'previous_one'}),frozenset({'cluster_2_thin_file'}),0.08428793981838852,0.4966753779483278,1.4524961974304835,eclat,Portfolio-wide,356255,30028,{previous_one} -> {cluster_2_thin_file},{previous_one} -> {cluster_2_thin_file}
"frozenset({'repayment_clean_observed', 'previous_one'})",frozenset({'cluster_2_thin_file'}),0.06181807974624918,0.5121747017372498,1.4978230041651939,eclat,Portfolio-wide,356255,22023,"{previous_one, repayment_clean_observed} -> {cluster_2_thin_file}","{previous_one, repayment_clean_observed} -> {cluster_2_thin_file}"
"frozenset({'cluster_2_thin_file', 'previous_one'})",frozenset({'repayment_clean_observed'}),0.06181807974624918,0.7334154788863727,1.6356558164456731,eclat,Portfolio-wide,356255,22023,"{cluster_2_thin_file, previous_one} -> {repayment_clean_observed}","{cluster_2_thin_file, previous_one} -> {repayment_clean_observed}"
"frozenset({'previous_outcome_mixed', 'previous_two_to_four'})",frozenset({'cluster_2_thin_file'}),0.06463909278466268,0.4551078084547126,1.3309344303154953,eclat,Portfolio-wide,356255,23028,"{previous_outcome_mixed, previous_two_to_four} -> {cluster_2_thin_file}","{previous_outcome_mixed, previous_two_to_four} -> {cluster_2_thin_file}"
"frozenset({'cluster_2_thin_file', 'previous_two_to_four'})",frozenset({'previous_outcome_mixed'}),0.06463909278466268,0.3916992685830924,1.210853598239139,eclat,Portfolio-wide,356255,23028,"{cluster_2_thin_file, previous_two_to_four} -> {previous_outcome_mixed}","{cluster_2_thin_file, previous_two_to_four} -> {previous_outcome_mixed}"
"frozenset({'previous_outcome_mixed', 'cluster_2_thin_file'})",frozenset({'previous_two_to_four'}),0.06463909278466268,0.6143093421544044,1.5990616437668406,eclat,Portfolio-wide,356255,23028,"{cluster_2_thin_file, previous_outcome_mixed} -> {previous_two_to_four}","{cluster_2_thin_file, previous_outcome_mixed} -> {previous_two_to_four}"
"frozenset({'previous_outcome_mixed', 'cluster_2_thin_file'})",frozenset({'repayment_clean_observed'}),0.062348598616159774,0.5925412153870778,1.321479452415291,eclat,Portfolio-wide,356255,22212,"{cluster_2_thin_file, previous_outcome_mixed} -> {repayment_clean_observed}","{cluster_2_thin_file, previous_outcome_mixed} -> {repayment_clean_observed}"
frozenset({'previous_two_to_four'}),frozenset({'cluster_2_thin_file'}),0.16502224530182033,0.4295567798220105,1.2562120390370248,eclat,Portfolio-wide,356255,58790,{previous_two_to_four} -> {cluster_2_thin_file},{previous_two_to_four} -> {cluster_2_thin_file}
frozenset({'cluster_2_thin_file'}),frozenset({'previous_two_to_four'}),0.16502224530182033,0.4825972746675423,1.2562120390370248,eclat,Portfolio-wide,356255,58790,{cluster_2_thin_file} -> {previous_two_to_four},{cluster_2_thin_file} -> {previous_two_to_four}
"frozenset({'repayment_clean_observed', 'previous_two_to_four'})",frozenset({'cluster_2_thin_file'}),0.09272010217400457,0.47176440343911563,1.3796456045575616,eclat,Portfolio-wide,356255,33032,"{previous_two_to_four, repayment_clean_observed} -> {cluster_2_thin_file}","{previous_two_to_four, repayment_clean_observed} -> {cluster_2_thin_file}"
"frozenset({'repayment_clean_observed', 'cluster_2_thin_file'})",frozenset({'previous_two_to_four'}),0.09272010217400457,0.48900074019245005,1.2728804101741995,eclat,Portfolio-wide,356255,33032,"{cluster_2_thin_file, repayment_clean_observed} -> {previous_two_to_four}","{cluster_2_thin_file, repayment_clean_observed} -> {previous_two_to_four}"
"frozenset({'cluster_2_thin_file', 'previous_two_to_four'})",frozenset({'repayment_clean_observed'}),0.09272010217400457,0.5618642626296989,1.2530640212539181,eclat,Portfolio-wide,356255,33032,"{cluster_2_thin_file, previous_two_to_four} -> {repayment_clean_observed}","{cluster_2_thin_file, previous_two_to_four} -> {repayment_clean_observed}"
"frozenset({'repayment_some_late', 'cluster_2_thin_file'})",frozenset({'previous_two_to_four'}),0.06710923355461677,0.5341137572047719,1.3903106528692115,eclat,Portfolio-wide,356255,23908,"{cluster_2_thin_file, repayment_some_late} -> {previous_two_to_four}","{cluster_2_thin_file, repayment_some_late} -> {previous_two_to_four}"
frozenset({'repayment_clean_observed'}),frozenset({'cluster_2_thin_file'}),0.18961137387545438,0.4228693768702032,1.236655145763374,eclat,Portfolio-wide,356255,67550,{repayment_clean_observed} -> {cluster_2_thin_file},{repayment_clean_observed} -> {cluster_2_thin_file}
frozenset({'cluster_2_thin_file'}),frozenset({'repayment_clean_observed'}),0.18961137387545438,0.5545066491544902,1.236655145763374,eclat,Portfolio-wide,356255,67550,{cluster_2_thin_file} -> {repayment_clean_observed},{cluster_2_thin_file} -> {repayment_clean_observed}
"frozenset({'credit_file_deep', 'credit_large'})",frozenset({'cluster_3_high_exposure'}),0.04766248894752354,0.59959744341255,1.7810149261940684,eclat,Portfolio-wide,356255,16980,"{credit_file_deep, credit_large} -> {cluster_3_high_exposure}","{credit_file_deep, credit_large} -> {cluster_3_high_exposure}"
"frozenset({'credit_file_deep', 'cluster_3_high_exposure'})",frozenset({'credit_large'}),0.04766248894752354,0.7031055900621118,2.1832933720415038,eclat,Portfolio-wide,356255,16980,"{cluster_3_high_exposure, credit_file_deep} -> {credit_large}","{cluster_3_high_exposure, credit_file_deep} -> {credit_large}"
"frozenset({'credit_file_deep', 'leverage_3_to_6x'})",frozenset({'cluster_3_high_exposure'}),0.03486266859412499,0.44735799445304897,1.32881031136239,eclat,Portfolio-wide,356255,12420,"{credit_file_deep, leverage_3_to_6x} -> {cluster_3_high_exposure}","{credit_file_deep, leverage_3_to_6x} -> {cluster_3_high_exposure}"
"frozenset({'credit_file_deep', 'cluster_3_high_exposure'})",frozenset({'leverage_3_to_6x'}),0.03486266859412499,0.5142857142857142,1.4299071047268217,eclat,Portfolio-wide,356255,12420,"{cluster_3_high_exposure, credit_file_deep} -> {leverage_3_to_6x}","{cluster_3_high_exposure, credit_file_deep} -> {leverage_3_to_6x}"
"frozenset({'credit_file_deep', 'previous_approval_high'})",frozenset({'cluster_3_high_exposure'}),0.04195309539515235,0.4101649331759928,1.218333860848723,eclat,Portfolio-wide,356255,14946,"{credit_file_deep, previous_approval_high} -> {cluster_3_high_exposure}","{credit_file_deep, previous_approval_high} -> {cluster_3_high_exposure}"
"frozenset({'credit_file_deep', 'previous_two_to_four'})",frozenset({'cluster_3_high_exposure'}),0.03397285652131198,0.4528718428437793,1.3451883770005135,eclat,Portfolio-wide,356255,12103,"{credit_file_deep, previous_two_to_four} -> {cluster_3_high_exposure}","{credit_file_deep, previous_two_to_four} -> {cluster_3_high_exposure}"
"frozenset({'credit_file_deep', 'cluster_3_high_exposure'})",frozenset({'previous_two_to_four'}),0.03397285652131198,0.5011594202898552,1.3045297399962177,eclat,Portfolio-wide,356255,12103,"{cluster_3_high_exposure, credit_file_deep} -> {previous_two_to_four}","{cluster_3_high_exposure, credit_file_deep} -> {previous_two_to_four}"
"frozenset({'credit_file_deep', 'repayment_clean_observed'})",frozenset({'cluster_3_high_exposure'}),0.03728509073556863,0.4110602215757876,1.2209931817327615,eclat,Portfolio-wide,356255,13283,"{credit_file_deep, repayment_clean_observed} -> {cluster_3_high_exposure}","{credit_file_deep, repayment_clean_observed} -> {cluster_3_high_exposure}"
"frozenset({'credit_file_deep', 'cluster_3_high_exposure'})",frozenset({'repayment_clean_observed'}),0.03728509073556863,0.5500207039337475,1.2266506358998712,eclat,Portfolio-wide,356255,13283,"{cluster_3_high_exposure, credit_file_deep} -> {repayment_clean_observed}","{cluster_3_high_exposure, credit_file_deep} -> {repayment_clean_observed}"
"frozenset({'credit_file_established', 'credit_large'})",frozenset({'cluster_3_high_exposure'}),0.09586111072125303,0.7105761428185013,2.1106606281614946,eclat,Portfolio-wide,356255,34151,"{credit_file_established, credit_large} -> {cluster_3_high_exposure}","{credit_file_established, credit_large} -> {cluster_3_high_exposure}"
"frozenset({'credit_file_established', 'cluster_3_high_exposure'})",frozenset({'credit_large'}),0.09586111072125303,0.6741615176579742,2.093415831124412,eclat,Portfolio-wide,356255,34151,"{cluster_3_high_exposure, credit_file_established} -> {credit_large}","{cluster_3_high_exposure, credit_file_established} -> {credit_large}"
"frozenset({'credit_file_established', 'external_score_strong'})",frozenset({'cluster_3_high_exposure'}),0.0617366773799666,0.44011766353831067,1.3073039864582312,eclat,Portfolio-wide,356255,21994,"{credit_file_established, external_score_strong} -> {cluster_3_high_exposure}","{credit_file_established, external_score_strong} -> {cluster_3_high_exposure}"
"frozenset({'credit_file_established', 'cluster_3_high_exposure'})",frozenset({'external_score_strong'}),0.0617366773799666,0.43417494127169,1.3031796052197782,eclat,Portfolio-wide,356255,21994,"{cluster_3_high_exposure, credit_file_established} -> {external_score_strong}","{cluster_3_high_exposure, credit_file_established} -> {external_score_strong}"
"frozenset({'credit_file_established', 'income_q4'})",frozenset({'cluster_3_high_exposure'}),0.04185485115998372,0.42593121572212067,1.2651652555682076,eclat,Portfolio-wide,356255,14911,"{credit_file_established, income_q4} -> {cluster_3_high_exposure}","{credit_file_established, income_q4} -> {cluster_3_high_exposure}"
"frozenset({'credit_file_established', 'leverage_3_to_6x'})",frozenset({'cluster_3_high_exposure'}),0.0720046034441622,0.48899140280981346,1.4524761517130669,eclat,Portfolio-wide,356255,25652,"{credit_file_established, leverage_3_to_6x} -> {cluster_3_high_exposure}","{credit_file_established, leverage_3_to_6x} -> {cluster_3_high_exposure}"
"frozenset({'credit_file_established', 'cluster_3_high_exposure'})",frozenset({'leverage_3_to_6x'}),0.0720046034441622,0.5063860868191958,1.4079431785952972,eclat,Portfolio-wide,356255,25652,"{cluster_3_high_exposure, credit_file_established} -> {leverage_3_to_6x}","{cluster_3_high_exposure, credit_file_established} -> {leverage_3_to_6x}"
"frozenset({'credit_file_established', 'leverage_over_6x'})",frozenset({'cluster_3_high_exposure'}),0.052936800887005094,0.7741154256629177,2.2993946069148197,eclat,Portfolio-wide,356255,18859,"{credit_file_established, leverage_over_6x} -> {cluster_3_high_exposure}","{credit_file_established, leverage_over_6x} -> {cluster_3_high_exposure}"
"frozenset({'credit_file_established', 'cluster_3_high_exposure'})",frozenset({'leverage_over_6x'}),0.052936800887005094,0.3722881339202874,2.2444579494647665,eclat,Portfolio-wide,356255,18859,"{cluster_3_high_exposure, credit_file_established} -> {leverage_over_6x}","{cluster_3_high_exposure, credit_file_established} -> {leverage_over_6x}"
"frozenset({'credit_file_established', 'previous_approval_high'})",frozenset({'cluster_3_high_exposure'}),0.08862472105654658,0.4141210110045776,1.2300848009824807,eclat,Portfolio-wide,356255,31573,"{credit_file_established, previous_approval_high} -> {cluster_3_high_exposure}","{credit_file_established, previous_approval_high} -> {cluster_3_high_exposure}"
"frozenset({'credit_file_established', 'previous_one'})",frozenset({'cluster_3_high_exposure'}),0.031623415811707904,0.48389313632849407,1.4373325102571155,eclat,Portfolio-wide,356255,11266,"{credit_file_established, previous_one} -> {cluster_3_high_exposure}","{credit_file_established, previous_one} -> {cluster_3_high_exposure}"
"frozenset({'credit_file_established', 'previous_two_to_four'})",frozenset({'cluster_3_high_exposure'}),0.06807483403741701,0.42693424874570896,1.268144615814157,eclat,Portfolio-wide,356255,24252,"{credit_file_established, previous_two_to_four} -> {cluster_3_high_exposure}","{credit_file_established, previous_two_to_four} -> {cluster_3_high_exposure}"
"frozenset({'credit_file_established', 'cluster_3_high_exposure'})",frozenset({'previous_two_to_four'}),0.06807483403741701,0.47874923505142425,1.2461955015507968,eclat,Portfolio-wide,356255,24252,"{cluster_3_high_exposure, credit_file_established} -> {previous_two_to_four}","{cluster_3_high_exposure, credit_file_established} -> {previous_two_to_four}"
"frozenset({'credit_file_established', 'repayment_clean_observed'})",frozenset({'cluster_3_high_exposure'}),0.07726768747105303,0.42834912780293477,1.272347303379562,eclat,Portfolio-wide,356255,27527,"{credit_file_established, repayment_clean_observed} -> {cluster_3_high_exposure}","{credit_file_established, repayment_clean_observed} -> {cluster_3_high_exposure}"
"frozenset({'credit_file_established', 'cluster_3_high_exposure'})",frozenset({'repayment_clean_observed'}),0.07726768747105303,0.543399727579604,1.2118846010997222,eclat,Portfolio-wide,356255,27527,"{cluster_3_high_exposure, credit_file_established} -> {repayment_clean_observed}","{cluster_3_high_exposure, credit_file_established} -> {repayment_clean_observed}"
"frozenset({'credit_file_none', 'credit_large'})",frozenset({'cluster_3_high_exposure'}),0.03126973656510084,0.7885050962627407,2.342136980823955,eclat,Portfolio-wide,356255,11140,"{credit_file_none, credit_large} -> {cluster_3_high_exposure}","{credit_file_none, credit_large} -> {cluster_3_high_exposure}"
"frozenset({'cluster_3_high_exposure', 'credit_file_none'})",frozenset({'credit_large'}),0.03126973656510084,0.6584313493705302,2.0445702912105,eclat,Portfolio-wide,356255,11140,"{cluster_3_high_exposure, credit_file_none} -> {credit_large}","{cluster_3_high_exposure, credit_file_none} -> {credit_large}"
"frozenset({'credit_file_thin', 'credit_large'})",frozenset({'cluster_3_high_exposure'}),0.05191225386310368,0.7635838150289017,2.268112025672823,eclat,Portfolio-wide,356255,18494,"{credit_file_thin, credit_large} -> {cluster_3_high_exposure}","{credit_file_thin, credit_large} -> {cluster_3_high_exposure}"
"frozenset({'cluster_3_high_exposure', 'credit_file_thin'})",frozenset({'credit_large'}),0.05191225386310368,0.6555598879869555,2.0356537889163313,eclat,Portfolio-wide,356255,18494,"{cluster_3_high_exposure, credit_file_thin} -> {credit_large}","{cluster_3_high_exposure, credit_file_thin} -> {credit_large}"
"frozenset({'external_score_strong', 'credit_file_thin'})",frozenset({'cluster_3_high_exposure'}),0.03650755778866262,0.44664995363851784,1.3267071815493983,eclat,Portfolio-wide,356255,13006,"{credit_file_thin, external_score_strong} -> {cluster_3_high_exposure}","{credit_file_thin, external_score_strong} -> {cluster_3_high_exposure}"
"frozenset({'cluster_3_high_exposure', 'credit_file_thin'})",frozenset({'external_score_strong'}),0.03650755778866262,0.4610258409840134,1.3837727983331622,eclat,Portfolio-wide,356255,13006,"{cluster_3_high_exposure, credit_file_thin} -> {external_score_strong}","{cluster_3_high_exposure, credit_file_thin} -> {external_score_strong}"
"frozenset({'credit_file_thin', 'leverage_3_to_6x'})",frozenset({'cluster_3_high_exposure'}),0.038730684481621314,0.4630822929252249,1.375516998641587,eclat,Portfolio-wide,356255,13798,"{credit_file_thin, leverage_3_to_6x} -> {cluster_3_high_exposure}","{credit_file_thin, leverage_3_to_6x} -> {cluster_3_high_exposure}"
"frozenset({'cluster_3_high_exposure', 'credit_file_thin'})",frozenset({'leverage_3_to_6x'}),0.038730684481621314,0.48909999645528346,1.3598813663813645,eclat,Portfolio-wide,356255,13798,"{cluster_3_high_exposure, credit_file_thin} -> {leverage_3_to_6x}","{cluster_3_high_exposure, credit_file_thin} -> {leverage_3_to_6x}"
"frozenset({'credit_file_thin', 'leverage_over_6x'})",frozenset({'cluster_3_high_exposure'}),0.03220446028827666,0.8121327953564098,2.412319542840806,eclat,Portfolio-wide,356255,11473,"{credit_file_thin, leverage_over_6x} -> {cluster_3_high_exposure}","{credit_file_thin, leverage_over_6x} -> {cluster_3_high_exposure}"
"frozenset({'cluster_3_high_exposure', 'credit_file_thin'})",frozenset({'leverage_over_6x'}),0.03220446028827666,0.40668533550742625,2.4518324680362507,eclat,Portfolio-wide,356255,11473,"{cluster_3_high_exposure, credit_file_thin} -> {leverage_over_6x}","{cluster_3_high_exposure, credit_file_thin} -> {leverage_over_6x}"
"frozenset({'cluster_3_high_exposure', 'credit_file_thin'})",frozenset({'repayment_clean_observed'}),0.042629577128742054,0.5383361100280033,1.2005917722203698,eclat,Portfolio-wide,356255,15187,"{cluster_3_high_exposure, credit_file_thin} -> {repayment_clean_observed}","{cluster_3_high_exposure, credit_file_thin} -> {repayment_clean_observed}"
frozenset({'credit_large'}),frozenset({'cluster_3_high_exposure'}),0.2267055900969811,0.7039693884666341,2.091036248098425,eclat,Portfolio-wide,356255,80765,{credit_large} -> {cluster_3_high_exposure},{credit_large} -> {cluster_3_high_exposure}
frozenset({'cluster_3_high_exposure'}),frozenset({'credit_large'}),0.2267055900969811,0.6733951991462185,2.091036248098425,eclat,Portfolio-wide,356255,80765,{cluster_3_high_exposure} -> {credit_large},{cluster_3_high_exposure} -> {credit_large}
"frozenset({'external_score_middle', 'credit_large'})",frozenset({'cluster_3_high_exposure'}),0.07624314044715162,0.6908637704751247,2.0521079612681286,eclat,Portfolio-wide,356255,27162,"{credit_large, external_score_middle} -> {cluster_3_high_exposure}","{credit_large, external_score_middle} -> {cluster_3_high_exposure}"
"frozenset({'cluster_3_high_exposure', 'external_score_middle'})",frozenset({'credit_large'}),0.07624314044715162,0.6751174409067183,2.096384177447728,eclat,Portfolio-wide,356255,27162,"{cluster_3_high_exposure, external_score_middle} -> {credit_large}","{cluster_3_high_exposure, external_score_middle} -> {credit_large}"
"frozenset({'external_score_strong', 'credit_large'})",frozenset({'cluster_3_high_exposure'}),0.09594812704383096,0.7467721145653551,2.2181753726913342,eclat,Portfolio-wide,356255,34182,"{credit_large, external_score_strong} -> {cluster_3_high_exposure}","{credit_large, external_score_strong} -> {cluster_3_high_exposure}"
"frozenset({'external_score_strong', 'cluster_3_high_exposure'})",frozenset({'credit_large'}),0.09594812704383096,0.6651359187406355,2.065389414362188,eclat,Portfolio-wide,356255,34182,"{cluster_3_high_exposure, external_score_strong} -> {credit_large}","{cluster_3_high_exposure, external_score_strong} -> {credit_large}"
"frozenset({'cluster_3_high_exposure', 'credit_large'})",frozenset({'external_score_strong'}),0.09594812704383096,0.42322788336531914,1.2703219221877782,eclat,Portfolio-wide,356255,34182,"{cluster_3_high_exposure, credit_large} -> {external_score_strong}","{cluster_3_high_exposure, credit_large} -> {external_score_strong}"
"frozenset({'external_score_weak', 'credit_large'})",frozenset({'cluster_3_high_exposure'}),0.054424499305272905,0.6549452776651804,1.945417426604041,eclat,Portfolio-wide,356255,19389,"{credit_large, external_score_weak} -> {cluster_3_high_exposure}","{credit_large, external_score_weak} -> {cluster_3_high_exposure}"
"frozenset({'external_score_weak', 'cluster_3_high_exposure'})",frozenset({'credit_large'}),0.054424499305272905,0.6864091761957021,2.1314474327592206,eclat,Portfolio-wide,356255,19389,"{cluster_3_high_exposure, external_score_weak} -> {credit_large}","{cluster_3_high_exposure, external_score_weak} -> {credit_large}"
"frozenset({'income_q1', 'credit_large'})",frozenset({'cluster_3_high_exposure'}),0.03918822191969235,0.7891583290938895,2.3440773116831637,eclat,Portfolio-wide,356255,13961,"{credit_large, income_q1} -> {cluster_3_high_exposure}","{credit_large, income_q1} -> {cluster_3_high_exposure}"
"frozenset({'cluster_3_high_exposure', 'income_q1'})",frozenset({'credit_large'}),0.03918822191969235,0.4366633304141123,1.355933118128788,eclat,Portfolio-wide,356255,13961,"{cluster_3_high_exposure, income_q1} -> {credit_large}","{cluster_3_high_exposure, income_q1} -> {credit_large}"
"frozenset({'income_q2', 'credit_large'})",frozenset({'cluster_3_high_exposure'}),0.036392471684607935,0.7443876672216799,2.211092726898785,eclat,Portfolio-wide,356255,12965,"{credit_large, income_q2} -> {cluster_3_high_exposure}","{credit_large, income_q2} -> {cluster_3_high_exposure}"
"frozenset({'income_q2', 'cluster_3_high_exposure'})",frozenset({'credit_large'}),0.036392471684607935,0.6283623321863036,1.9511995559325672,eclat,Portfolio-wide,356255,12965,"{cluster_3_high_exposure, income_q2} -> {credit_large}","{cluster_3_high_exposure, income_q2} -> {credit_large}"
"frozenset({'income_q3', 'credit_large'})",frozenset({'cluster_3_high_exposure'}),0.06772115479080995,0.7053560987019062,2.0951552643725253,eclat,Portfolio-wide,356255,24126,"{credit_large, income_q3} -> {cluster_3_high_exposure}","{credit_large, income_q3} -> {cluster_3_high_exposure}"
"frozenset({'cluster_3_high_exposure', 'income_q3'})",frozenset({'credit_large'}),0.06772115479080995,0.7406747920056488,2.2999537865732202,eclat,Portfolio-wide,356255,24126,"{cluster_3_high_exposure, income_q3} -> {credit_large}","{cluster_3_high_exposure, income_q3} -> {credit_large}"
"frozenset({'credit_large', 'income_q4'})",frozenset({'cluster_3_high_exposure'}),0.08340374170187086,0.6542407961951735,1.9433248692939755,eclat,Portfolio-wide,356255,29713,"{credit_large, income_q4} -> {cluster_3_high_exposure}","{credit_large, income_q4} -> {cluster_3_high_exposure}"
"frozenset({'cluster_3_high_exposure', 'income_q4'})",frozenset({'credit_large'}),0.08340374170187086,0.8548289651601024,2.6544269313778006,eclat,Portfolio-wide,356255,29713,"{cluster_3_high_exposure, income_q4} -> {credit_large}","{cluster_3_high_exposure, income_q4} -> {credit_large}"
"frozenset({'cluster_3_high_exposure', 'credit_large'})",frozenset({'income_q4'}),0.08340374170187086,0.3678945087599827,1.5494060553054454,eclat,Portfolio-wide,356255,29713,"{cluster_3_high_exposure, credit_large} -> {income_q4}","{cluster_3_high_exposure, credit_large} -> {income_q4}"
"frozenset({'credit_large', 'leverage_3_to_6x'})",frozenset({'cluster_3_high_exposure'}),0.10425116840465397,0.6669659692915507,1.9811231012111477,eclat,Portfolio-wide,356255,37140,"{credit_large, leverage_3_to_6x} -> {cluster_3_high_exposure}","{credit_large, leverage_3_to_6x} -> {cluster_3_high_exposure}"
"frozenset({'cluster_3_high_exposure', 'leverage_3_to_6x'})",frozenset({'credit_large'}),0.10425116840465397,0.6184845961698585,1.9205270710593136,eclat,Portfolio-wide,356255,37140,"{cluster_3_high_exposure, leverage_3_to_6x} -> {credit_large}","{cluster_3_high_exposure, leverage_3_to_6x} -> {credit_large}"
"frozenset({'cluster_3_high_exposure', 'credit_large'})",frozenset({'leverage_3_to_6x'}),0.10425116840465397,0.45985265894880206,1.278562802530246,eclat,Portfolio-wide,356255,37140,"{cluster_3_high_exposure, credit_large} -> {leverage_3_to_6x}","{cluster_3_high_exposure, credit_large} -> {leverage_3_to_6x}"
"frozenset({'credit_large', 'leverage_over_6x'})",frozenset({'cluster_3_high_exposure'}),0.10361959832142707,0.7836747691327886,2.327789213315337,eclat,Portfolio-wide,356255,36915,"{credit_large, leverage_over_6x} -> {cluster_3_high_exposure}","{credit_large, leverage_over_6x} -> {cluster_3_high_exposure}"
"frozenset({'cluster_3_high_exposure', 'leverage_over_6x'})",frozenset({'credit_large'}),0.10361959832142707,0.810036864741508,2.515337870864008,eclat,Portfolio-wide,356255,36915,"{cluster_3_high_exposure, leverage_over_6x} -> {credit_large}","{cluster_3_high_exposure, leverage_over_6x} -> {credit_large}"
"frozenset({'cluster_3_high_exposure', 'credit_large'})",frozenset({'leverage_over_6x'}),0.10361959832142707,0.45706679873707673,2.755573214378888,eclat,Portfolio-wide,356255,36915,"{cluster_3_high_exposure, credit_large} -> {leverage_over_6x}","{cluster_3_high_exposure, credit_large} -> {leverage_over_6x}"
"frozenset({'credit_large', 'previous_approval_high'})",frozenset({'cluster_3_high_exposure'}),0.13922050216839063,0.7947760596106083,2.3607639437085908,eclat,Portfolio-wide,356255,49598,"{credit_large, previous_approval_high} -> {cluster_3_high_exposure}","{credit_large, previous_approval_high} -> {cluster_3_high_exposure}"
"frozenset({'cluster_3_high_exposure', 'previous_approval_high'})",frozenset({'credit_large'}),0.13922050216839063,0.6679685395679579,2.0741853084145356,eclat,Portfolio-wide,356255,49598,"{cluster_3_high_exposure, previous_approval_high} -> {credit_large}","{cluster_3_high_exposure, previous_approval_high} -> {credit_large}"
"frozenset({'credit_large', 'previous_deep'})",frozenset({'cluster_3_high_exposure'}),0.05425046666011705,0.435184976694963,1.2926521746622313,eclat,Portfolio-wide,356255,19327,"{credit_large, previous_deep} -> {cluster_3_high_exposure}","{credit_large, previous_deep} -> {cluster_3_high_exposure}"
"frozenset({'cluster_3_high_exposure', 'previous_deep'})",frozenset({'credit_large'}),0.05425046666011705,0.7343643133976746,2.280358399601567,eclat,Portfolio-wide,356255,19327,"{cluster_3_high_exposure, previous_deep} -> {credit_large}","{cluster_3_high_exposure, previous_deep} -> {credit_large}"
"frozenset({'credit_large', 'previous_one'})",frozenset({'cluster_3_high_exposure'}),0.049021066370998304,0.9419633225458468,2.797961792220671,eclat,Portfolio-wide,356255,17464,"{credit_large, previous_one} -> {cluster_3_high_exposure}","{credit_large, previous_one} -> {cluster_3_high_exposure}"
"frozenset({'cluster_3_high_exposure', 'previous_one'})",frozenset({'credit_large'}),0.049021066370998304,0.6389579979511196,1.984101366362842,eclat,Portfolio-wide,356255,17464,"{cluster_3_high_exposure, previous_one} -> {credit_large}","{cluster_3_high_exposure, previous_one} -> {credit_large}"
"frozenset({'credit_large', 'previous_outcome_mixed'})",frozenset({'cluster_3_high_exposure'}),0.06361173878261357,0.6472083392831643,1.9224360031626915,eclat,Portfolio-wide,356255,22662,"{credit_large, previous_outcome_mixed} -> {cluster_3_high_exposure}","{credit_large, previous_outcome_mixed} -> {cluster_3_high_exposure}"
"frozenset({'cluster_3_high_exposure', 'previous_outcome_mixed'})",frozenset({'credit_large'}),0.06361173878261357,0.6747856121962839,2.095353778266745,eclat,Portfolio-wide,356255,22662,"{cluster_3_high_exposure, previous_outcome_mixed} -> {credit_large}","{cluster_3_high_exposure, previous_outcome_mixed} -> {credit_large}"
"frozenset({'credit_large', 'previous_two_to_four'})",frozenset({'cluster_3_high_exposure'}),0.10375433327251547,0.8305545568937623,2.467038642505543,eclat,Portfolio-wide,356255,36963,"{credit_large, previous_two_to_four} -> {cluster_3_high_exposure}","{credit_large, previous_two_to_four} -> {cluster_3_high_exposure}"
"frozenset({'cluster_3_high_exposure', 'previous_two_to_four'})",frozenset({'credit_large'}),0.10375433327251547,0.657435569073155,2.0414781802189252,eclat,Portfolio-wide,356255,36963,"{cluster_3_high_exposure, previous_two_to_four} -> {credit_large}","{cluster_3_high_exposure, previous_two_to_four} -> {credit_large}"
"frozenset({'repayment_clean_observed', 'credit_large'})",frozenset({'cluster_3_high_exposure'}),0.12165162594209204,0.851002415221788,2.5277759610031776,eclat,Portfolio-wide,356255,43339,"{credit_large, repayment_clean_observed} -> {cluster_3_high_exposure}","{credit_large, repayment_clean_observed} -> {cluster_3_high_exposure}"
"frozenset({'cluster_3_high_exposure', 'repayment_clean_observed'})",frozenset({'credit_large'}),0.12165162594209204,0.6637516463993629,2.0610909524092205,eclat,Portfolio-wide,356255,43339,"{cluster_3_high_exposure, repayment_clean_observed} -> {credit_large}","{cluster_3_high_exposure, repayment_clean_observed} -> {credit_large}"
"frozenset({'repayment_some_late', 'credit_large'})",frozenset({'cluster_3_high_exposure'}),0.07982484456358507,0.567817423077691,1.6866171078027865,eclat,Portfolio-wide,356255,28438,"{credit_large, repayment_some_late} -> {cluster_3_high_exposure}","{credit_large, repayment_some_late} -> {cluster_3_high_exposure}"
"frozenset({'cluster_3_high_exposure', 'repayment_some_late'})",frozenset({'credit_large'}),0.07982484456358507,0.6806280216361112,2.1134957102710135,eclat,Portfolio-wide,356255,28438,"{cluster_3_high_exposure, repayment_some_late} -> {credit_large}","{cluster_3_high_exposure, repayment_some_late} -> {credit_large}"
"frozenset({'external_score_strong', 'credit_medium'})",frozenset({'cluster_3_high_exposure'}),0.04745196558644791,0.44988822652757077,1.3363259889907178,eclat,Portfolio-wide,356255,16905,"{credit_medium, external_score_strong} -> {cluster_3_high_exposure}","{credit_medium, external_score_strong} -> {cluster_3_high_exposure}"
"frozenset({'cluster_3_high_exposure', 'credit_medium'})",frozenset({'external_score_strong'}),0.04745196558644791,0.43719450694390566,1.3122428560585475,eclat,Portfolio-wide,356255,16905,"{cluster_3_high_exposure, credit_medium} -> {external_score_strong}","{cluster_3_high_exposure, credit_medium} -> {external_score_strong}"
"frozenset({'income_q1', 'credit_medium'})",frozenset({'cluster_3_high_exposure'}),0.049164222256529735,0.4825334729186181,1.4332938325506082,eclat,Portfolio-wide,356255,17515,"{credit_medium, income_q1} -> {cluster_3_high_exposure}","{credit_medium, income_q1} -> {cluster_3_high_exposure}"
"frozenset({'cluster_3_high_exposure', 'income_q1'})",frozenset({'credit_medium'}),0.049164222256529735,0.5478230952083073,1.5928432886361712,eclat,Portfolio-wide,356255,17515,"{cluster_3_high_exposure, income_q1} -> {credit_medium}","{cluster_3_high_exposure, income_q1} -> {credit_medium}"
"frozenset({'cluster_3_high_exposure', 'credit_medium'})",frozenset({'income_q1'}),0.049164222256529735,0.45297023301523265,1.4151421988620987,eclat,Portfolio-wide,356255,17515,"{cluster_3_high_exposure, credit_medium} -> {income_q1}","{cluster_3_high_exposure, credit_medium} -> {income_q1}"
"frozenset({'cluster_3_high_exposure', 'credit_medium'})",frozenset({'leverage_3_to_6x'}),0.0636538434548287,0.5864690821630848,1.6306039308370257,eclat,Portfolio-wide,356255,22677,"{cluster_3_high_exposure, credit_medium} -> {leverage_3_to_6x}","{cluster_3_high_exposure, credit_medium} -> {leverage_3_to_6x}"
"frozenset({'previous_two_to_four', 'credit_medium'})",frozenset({'cluster_3_high_exposure'}),0.05338311041248544,0.4068630597094752,1.2085261373621077,eclat,Portfolio-wide,356255,19018,"{credit_medium, previous_two_to_four} -> {cluster_3_high_exposure}","{credit_medium, previous_two_to_four} -> {cluster_3_high_exposure}"
"frozenset({'cluster_3_high_exposure', 'credit_medium'})",frozenset({'previous_two_to_four'}),0.05338311041248544,0.4918405875811415,1.280272599616545,eclat,Portfolio-wide,356255,19018,"{cluster_3_high_exposure, credit_medium} -> {previous_two_to_four}","{cluster_3_high_exposure, credit_medium} -> {previous_two_to_four}"
"frozenset({'cluster_3_high_exposure', 'credit_medium'})",frozenset({'repayment_clean_observed'}),0.060810374591233805,0.5602710321462746,1.249510814671602,eclat,Portfolio-wide,356255,21664,"{cluster_3_high_exposure, credit_medium} -> {repayment_clean_observed}","{cluster_3_high_exposure, credit_medium} -> {repayment_clean_observed}"
"frozenset({'external_score_middle', 'leverage_3_to_6x'})",frozenset({'cluster_3_high_exposure'}),0.057388668229217836,0.47882804815213825,1.4222874200158417,eclat,Portfolio-wide,356255,20445,"{external_score_middle, leverage_3_to_6x} -> {cluster_3_high_exposure}","{external_score_middle, leverage_3_to_6x} -> {cluster_3_high_exposure}"
"frozenset({'cluster_3_high_exposure', 'external_score_middle'})",frozenset({'leverage_3_to_6x'}),0.057388668229217836,0.5081649392289911,1.4128890552322935,eclat,Portfolio-wide,356255,20445,"{cluster_3_high_exposure, external_score_middle} -> {leverage_3_to_6x}","{cluster_3_high_exposure, external_score_middle} -> {leverage_3_to_6x}"
"frozenset({'external_score_middle', 'leverage_over_6x'})",frozenset({'cluster_3_high_exposure'}),0.04262677015059438,0.7652690989719815,2.2731179106886388,eclat,Portfolio-wide,356255,15186,"{external_score_middle, leverage_over_6x} -> {cluster_3_high_exposure}","{external_score_middle, leverage_over_6x} -> {cluster_3_high_exposure}"
"frozenset({'cluster_3_high_exposure', 'external_score_middle'})",frozenset({'leverage_over_6x'}),0.04262677015059438,0.3774513459100738,2.2755860224259346,eclat,Portfolio-wide,356255,15186,"{cluster_3_high_exposure, external_score_middle} -> {leverage_over_6x}","{cluster_3_high_exposure, external_score_middle} -> {leverage_over_6x}"
"frozenset({'external_score_middle', 'previous_two_to_four'})",frozenset({'cluster_3_high_exposure'}),0.05333258480582729,0.4184837672349236,1.2430437187546604,eclat,Portfolio-wide,356255,19000,"{external_score_middle, previous_two_to_four} -> {cluster_3_high_exposure}","{external_score_middle, previous_two_to_four} -> {cluster_3_high_exposure}"
"frozenset({'cluster_3_high_exposure', 'external_score_middle'})",frozenset({'previous_two_to_four'}),0.05333258480582729,0.47224914870877144,1.2292756241560359,eclat,Portfolio-wide,356255,19000,"{cluster_3_high_exposure, external_score_middle} -> {previous_two_to_four}","{cluster_3_high_exposure, external_score_middle} -> {previous_two_to_four}"
"frozenset({'external_score_middle', 'repayment_clean_observed'})",frozenset({'cluster_3_high_exposure'}),0.06058020238312445,0.4116659672681494,1.2227924591169912,eclat,Portfolio-wide,356255,21582,"{external_score_middle, repayment_clean_observed} -> {cluster_3_high_exposure}","{external_score_middle, repayment_clean_observed} -> {cluster_3_high_exposure}"
frozenset({'external_score_strong'}),frozenset({'cluster_3_high_exposure'}),0.14425341398717212,0.4329777912580461,1.2860960589695858,eclat,Portfolio-wide,356255,51391,{external_score_strong} -> {cluster_3_high_exposure},{external_score_strong} -> {cluster_3_high_exposure}
frozenset({'cluster_3_high_exposure'}),frozenset({'external_score_strong'}),0.14425341398717212,0.4284832870590394,1.2860960589695858,eclat,Portfolio-wide,356255,51391,{cluster_3_high_exposure} -> {external_score_strong},{cluster_3_high_exposure} -> {external_score_strong}
"frozenset({'external_score_strong', 'income_q3'})",frozenset({'cluster_3_high_exposure'}),0.03962891748887735,0.4554046643656656,1.3527117461966716,eclat,Portfolio-wide,356255,14118,"{external_score_strong, income_q3} -> {cluster_3_high_exposure}","{external_score_strong, income_q3} -> {cluster_3_high_exposure}"
"frozenset({'cluster_3_high_exposure', 'income_q3'})",frozenset({'external_score_strong'}),0.03962891748887735,0.43342645749547165,1.3009330250989894,eclat,Portfolio-wide,356255,14118,"{cluster_3_high_exposure, income_q3} -> {external_score_strong}","{cluster_3_high_exposure, income_q3} -> {external_score_strong}"
"frozenset({'external_score_strong', 'income_q4'})",frozenset({'cluster_3_high_exposure'}),0.04631513943663949,0.5169334878912246,1.5354739548987237,eclat,Portfolio-wide,356255,16500,"{external_score_strong, income_q4} -> {cluster_3_high_exposure}","{external_score_strong, income_q4} -> {cluster_3_high_exposure}"
"frozenset({'cluster_3_high_exposure', 'income_q4'})",frozenset({'external_score_strong'}),0.04631513943663949,0.4746972007249921,1.424807495402235,eclat,Portfolio-wide,356255,16500,"{cluster_3_high_exposure, income_q4} -> {external_score_strong}","{cluster_3_high_exposure, income_q4} -> {external_score_strong}"
"frozenset({'external_score_strong', 'leverage_3_to_6x'})",frozenset({'cluster_3_high_exposure'}),0.07123268445355153,0.5793174295171785,1.720776164591764,eclat,Portfolio-wide,356255,25377,"{external_score_strong, leverage_3_to_6x} -> {cluster_3_high_exposure}","{external_score_strong, leverage_3_to_6x} -> {cluster_3_high_exposure}"
"frozenset({'cluster_3_high_exposure', 'leverage_3_to_6x'})",frozenset({'external_score_strong'}),0.07123268445355153,0.4225978351373856,1.2684308273250877,eclat,Portfolio-wide,356255,25377,"{cluster_3_high_exposure, leverage_3_to_6x} -> {external_score_strong}","{cluster_3_high_exposure, leverage_3_to_6x} -> {external_score_strong}"
"frozenset({'external_score_strong', 'cluster_3_high_exposure'})",frozenset({'leverage_3_to_6x'}),0.07123268445355153,0.4938024167655815,1.3729558579029613,eclat,Portfolio-wide,356255,25377,"{cluster_3_high_exposure, external_score_strong} -> {leverage_3_to_6x}","{cluster_3_high_exposure, external_score_strong} -> {leverage_3_to_6x}"
"frozenset({'external_score_strong', 'leverage_over_6x'})",frozenset({'cluster_3_high_exposure'}),0.05174944913053852,0.8081357120939816,2.4004468021714853,eclat,Portfolio-wide,356255,18436,"{external_score_strong, leverage_over_6x} -> {cluster_3_high_exposure}","{external_score_strong, leverage_over_6x} -> {cluster_3_high_exposure}"
"frozenset({'cluster_3_high_exposure', 'leverage_over_6x'})",frozenset({'external_score_strong'}),0.05174944913053852,0.4045466514526464,1.2142500531902956,eclat,Portfolio-wide,356255,18436,"{cluster_3_high_exposure, leverage_over_6x} -> {external_score_strong}","{cluster_3_high_exposure, leverage_over_6x} -> {external_score_strong}"
"frozenset({'external_score_strong', 'cluster_3_high_exposure'})",frozenset({'leverage_over_6x'}),0.05174944913053852,0.35873985717343504,2.162777834856192,eclat,Portfolio-wide,356255,18436,"{cluster_3_high_exposure, external_score_strong} -> {leverage_over_6x}","{cluster_3_high_exposure, external_score_strong} -> {leverage_over_6x}"
"frozenset({'external_score_strong', 'previous_approval_high'})",frozenset({'cluster_3_high_exposure'}),0.09090679429060644,0.4792175315547269,1.4234443224695401,eclat,Portfolio-wide,356255,32386,"{external_score_strong, previous_approval_high} -> {cluster_3_high_exposure}","{external_score_strong, previous_approval_high} -> {cluster_3_high_exposure}"
"frozenset({'cluster_3_high_exposure', 'previous_approval_high'})",frozenset({'external_score_strong'}),0.09090679429060644,0.4361633356677261,1.3091477871154396,eclat,Portfolio-wide,356255,32386,"{cluster_3_high_exposure, previous_approval_high} -> {external_score_strong}","{cluster_3_high_exposure, previous_approval_high} -> {external_score_strong}"
"frozenset({'external_score_strong', 'cluster_3_high_exposure'})",frozenset({'previous_approval_high'}),0.09090679429060644,0.6301881652429413,1.2022216767801057,eclat,Portfolio-wide,356255,32386,"{cluster_3_high_exposure, external_score_strong} -> {previous_approval_high}","{cluster_3_high_exposure, external_score_strong} -> {previous_approval_high}"
"frozenset({'cluster_3_high_exposure', 'previous_deep'})",frozenset({'external_score_strong'}),0.03138201569100785,0.42480431643741934,1.2750535988306948,eclat,Portfolio-wide,356255,11180,"{cluster_3_high_exposure, previous_deep} -> {external_score_strong}","{cluster_3_high_exposure, previous_deep} -> {external_score_strong}"
"frozenset({'external_score_strong', 'previous_one'})",frozenset({'cluster_3_high_exposure'}),0.03358830051508049,0.5604421338578989,1.6647099093486228,eclat,Portfolio-wide,356255,11966,"{external_score_strong, previous_one} -> {cluster_3_high_exposure}","{external_score_strong, previous_one} -> {cluster_3_high_exposure}"
"frozenset({'cluster_3_high_exposure', 'previous_one'})",frozenset({'external_score_strong'}),0.03358830051508049,0.43780184399238986,1.3140657831320464,eclat,Portfolio-wide,356255,11966,"{cluster_3_high_exposure, previous_one} -> {external_score_strong}","{cluster_3_high_exposure, previous_one} -> {external_score_strong}"
"frozenset({'cluster_3_high_exposure', 'previous_outcome_mixed'})",frozenset({'external_score_strong'}),0.03828998891243632,0.4061755597903764,1.2191392347683125,eclat,Portfolio-wide,356255,13641,"{cluster_3_high_exposure, previous_outcome_mixed} -> {external_score_strong}","{cluster_3_high_exposure, previous_outcome_mixed} -> {external_score_strong}"
"frozenset({'external_score_strong', 'previous_two_to_four'})",frozenset({'cluster_3_high_exposure'}),0.0662502982414282,0.505352860568688,1.501075425781018,eclat,Portfolio-wide,356255,23602,"{external_score_strong, previous_two_to_four} -> {cluster_3_high_exposure}","{external_score_strong, previous_two_to_four} -> {cluster_3_high_exposure}"
"frozenset({'cluster_3_high_exposure', 'previous_two_to_four'})",frozenset({'external_score_strong'}),0.0662502982414282,0.4197926115646622,1.2600109260351897,eclat,Portfolio-wide,356255,23602,"{cluster_3_high_exposure, previous_two_to_four} -> {external_score_strong}","{cluster_3_high_exposure, previous_two_to_four} -> {external_score_strong}"
"frozenset({'external_score_strong', 'repayment_clean_observed'})",frozenset({'cluster_3_high_exposure'}),0.08188235954583094,0.5117988666070143,1.520222326913979,eclat,Portfolio-wide,356255,29171,"{external_score_strong, repayment_clean_observed} -> {cluster_3_high_exposure}","{external_score_strong, repayment_clean_observed} -> {cluster_3_high_exposure}"
"frozenset({'cluster_3_high_exposure', 'repayment_clean_observed'})",frozenset({'external_score_strong'}),0.08188235954583094,0.4467638680430055,1.3409653709572753,eclat,Portfolio-wide,356255,29171,"{cluster_3_high_exposure, repayment_clean_observed} -> {external_score_strong}","{cluster_3_high_exposure, repayment_clean_observed} -> {external_score_strong}"
"frozenset({'external_score_strong', 'cluster_3_high_exposure'})",frozenset({'repayment_clean_observed'}),0.08188235954583094,0.5676285730964565,1.2659195284175617,eclat,Portfolio-wide,356255,29171,"{cluster_3_high_exposure, external_score_strong} -> {repayment_clean_observed}","{cluster_3_high_exposure, external_score_strong} -> {repayment_clean_observed}"
"frozenset({'external_score_weak', 'cluster_3_high_exposure'})",frozenset({'leverage_3_to_6x'}),0.039842247828100655,0.5024958402662228,1.3971268346240067,eclat,Portfolio-wide,356255,14194,"{cluster_3_high_exposure, external_score_weak} -> {leverage_3_to_6x}","{cluster_3_high_exposure, external_score_weak} -> {leverage_3_to_6x}"
"frozenset({'external_score_weak', 'leverage_over_6x'})",frozenset({'cluster_3_high_exposure'}),0.03348444232361651,0.7268019253031135,2.158856899029163,eclat,Portfolio-wide,356255,11929,"{external_score_weak, leverage_over_6x} -> {cluster_3_high_exposure}","{external_score_weak, leverage_over_6x} -> {cluster_3_high_exposure}"
"frozenset({'external_score_weak', 'cluster_3_high_exposure'})",frozenset({'leverage_over_6x'}),0.03348444232361651,0.42231033384076183,2.546032762174924,eclat,Portfolio-wide,356255,11929,"{cluster_3_high_exposure, external_score_weak} -> {leverage_over_6x}","{cluster_3_high_exposure, external_score_weak} -> {leverage_over_6x}"
"frozenset({'external_score_weak', 'cluster_3_high_exposure'})",frozenset({'previous_two_to_four'}),0.03817209583023396,0.48143165645909297,1.2531779074676257,eclat,Portfolio-wide,356255,13599,"{cluster_3_high_exposure, external_score_weak} -> {previous_two_to_four}","{cluster_3_high_exposure, external_score_weak} -> {previous_two_to_four}"
"frozenset({'income_q1', 'leverage_over_6x'})",frozenset({'cluster_3_high_exposure'}),0.06348823174411587,0.7621133499561965,2.2637442281251388,eclat,Portfolio-wide,356255,22618,"{income_q1, leverage_over_6x} -> {cluster_3_high_exposure}","{income_q1, leverage_over_6x} -> {cluster_3_high_exposure}"
"frozenset({'cluster_3_high_exposure', 'leverage_over_6x'})",frozenset({'income_q1'}),0.06348823174411587,0.4963135258492057,1.5505526922154882,eclat,Portfolio-wide,356255,22618,"{cluster_3_high_exposure, leverage_over_6x} -> {income_q1}","{cluster_3_high_exposure, leverage_over_6x} -> {income_q1}"
"frozenset({'cluster_3_high_exposure', 'income_q1'})",frozenset({'leverage_over_6x'}),0.06348823174411587,0.7074315025647442,4.264976814902236,eclat,Portfolio-wide,356255,22618,"{cluster_3_high_exposure, income_q1} -> {leverage_over_6x}","{cluster_3_high_exposure, income_q1} -> {leverage_over_6x}"
"frozenset({'cluster_3_high_exposure', 'income_q1'})",frozenset({'previous_approval_high'}),0.05889040153822402,0.6561991742774927,1.2518433622083074,eclat,Portfolio-wide,356255,20980,"{cluster_3_high_exposure, income_q1} -> {previous_approval_high}","{cluster_3_high_exposure, income_q1} -> {previous_approval_high}"
"frozenset({'cluster_3_high_exposure', 'income_q1'})",frozenset({'previous_two_to_four'}),0.04293834472498632,0.47844989365694984,1.2454163088713937,eclat,Portfolio-wide,356255,15297,"{cluster_3_high_exposure, income_q1} -> {previous_two_to_four}","{cluster_3_high_exposure, income_q1} -> {previous_two_to_four}"
"frozenset({'cluster_3_high_exposure', 'income_q1'})",frozenset({'repayment_clean_observed'}),0.04942807820241119,0.5507631677718003,1.2283064712758245,eclat,Portfolio-wide,356255,17609,"{cluster_3_high_exposure, income_q1} -> {repayment_clean_observed}","{cluster_3_high_exposure, income_q1} -> {repayment_clean_observed}"
"frozenset({'income_q2', 'leverage_3_to_6x'})",frozenset({'cluster_3_high_exposure'}),0.03114342254845546,0.4531160663236135,1.3459138064827278,eclat,Portfolio-wide,356255,11095,"{income_q2, leverage_3_to_6x} -> {cluster_3_high_exposure}","{income_q2, leverage_3_to_6x} -> {cluster_3_high_exposure}"
"frozenset({'income_q2', 'cluster_3_high_exposure'})",frozenset({'leverage_3_to_6x'}),0.03114342254845546,0.5377308195608975,1.4950932875680356,eclat,Portfolio-wide,356255,11095,"{cluster_3_high_exposure, income_q2} -> {leverage_3_to_6x}","{cluster_3_high_exposure, income_q2} -> {leverage_3_to_6x}"
"frozenset({'income_q2', 'cluster_3_high_exposure'})",frozenset({'repayment_clean_observed'}),0.031783413566125386,0.5487810788542625,1.2238860365290614,eclat,Portfolio-wide,356255,11323,"{cluster_3_high_exposure, income_q2} -> {repayment_clean_observed}","{cluster_3_high_exposure, income_q2} -> {repayment_clean_observed}"
"frozenset({'income_q3', 'leverage_3_to_6x'})",frozenset({'cluster_3_high_exposure'}),0.056695344626742084,0.5614610552065381,1.6677364634983802,eclat,Portfolio-wide,356255,20198,"{income_q3, leverage_3_to_6x} -> {cluster_3_high_exposure}","{income_q3, leverage_3_to_6x} -> {cluster_3_high_exposure}"
"frozenset({'cluster_3_high_exposure', 'income_q3'})",frozenset({'leverage_3_to_6x'}),0.056695344626742084,0.6200841187486569,1.7240663356913397,eclat,Portfolio-wide,356255,20198,"{cluster_3_high_exposure, income_q3} -> {leverage_3_to_6x}","{cluster_3_high_exposure, income_q3} -> {leverage_3_to_6x}"
"frozenset({'income_q3', 'previous_approval_high'})",frozenset({'cluster_3_high_exposure'}),0.05620693042904661,0.4280919294494923,1.2715833339672402,eclat,Portfolio-wide,356255,20024,"{income_q3, previous_approval_high} -> {cluster_3_high_exposure}","{income_q3, previous_approval_high} -> {cluster_3_high_exposure}"
"frozenset({'income_q3', 'previous_two_to_four'})",frozenset({'cluster_3_high_exposure'}),0.04293553774683864,0.43936347446429597,1.3050637801118734,eclat,Portfolio-wide,356255,15296,"{income_q3, previous_two_to_four} -> {cluster_3_high_exposure}","{income_q3, previous_two_to_four} -> {cluster_3_high_exposure}"
"frozenset({'cluster_3_high_exposure', 'income_q3'})",frozenset({'previous_two_to_four'}),0.04293553774683864,0.46959137936327633,1.222357388135962,eclat,Portfolio-wide,356255,15296,"{cluster_3_high_exposure, income_q3} -> {previous_two_to_four}","{cluster_3_high_exposure, income_q3} -> {previous_two_to_four}"
"frozenset({'income_q3', 'repayment_clean_observed'})",frozenset({'cluster_3_high_exposure'}),0.0506126229807301,0.4381135192924483,1.3013509743909817,eclat,Portfolio-wide,356255,18031,"{income_q3, repayment_clean_observed} -> {cluster_3_high_exposure}","{income_q3, repayment_clean_observed} -> {cluster_3_high_exposure}"
"frozenset({'cluster_3_high_exposure', 'income_q3'})",frozenset({'repayment_clean_observed'}),0.0506126229807301,0.5535566266539772,1.2345364151482556,eclat,Portfolio-wide,356255,18031,"{cluster_3_high_exposure, income_q3} -> {repayment_clean_observed}","{cluster_3_high_exposure, income_q3} -> {repayment_clean_observed}"
frozenset({'income_q4'}),frozenset({'cluster_3_high_exposure'}),0.09756775343503951,0.41091145525475825,1.220551293527301,eclat,Portfolio-wide,356255,34759,{income_q4} -> {cluster_3_high_exposure},{income_q4} -> {cluster_3_high_exposure}
"frozenset({'income_q4', 'leverage_3_to_6x'})",frozenset({'cluster_3_high_exposure'}),0.05452555051858921,0.6659695556774547,1.9781634029354715,eclat,Portfolio-wide,356255,19425,"{income_q4, leverage_3_to_6x} -> {cluster_3_high_exposure}","{income_q4, leverage_3_to_6x} -> {cluster_3_high_exposure}"
"frozenset({'cluster_3_high_exposure', 'income_q4'})",frozenset({'leverage_3_to_6x'}),0.05452555051858921,0.5588480681262407,1.5538071559822204,eclat,Portfolio-wide,356255,19425,"{cluster_3_high_exposure, income_q4} -> {leverage_3_to_6x}","{cluster_3_high_exposure, income_q4} -> {leverage_3_to_6x}"
"frozenset({'cluster_3_high_exposure', 'leverage_under_3x'})",frozenset({'income_q4'}),0.03270129542041515,0.8138316451274886,3.4274925255336735,eclat,Portfolio-wide,356255,11650,"{cluster_3_high_exposure, leverage_under_3x} -> {income_q4}","{cluster_3_high_exposure, leverage_under_3x} -> {income_q4}"
"frozenset({'previous_approval_high', 'income_q4'})",frozenset({'cluster_3_high_exposure'}),0.05711358437074567,0.5042252124996902,1.4977259150977358,eclat,Portfolio-wide,356255,20347,"{income_q4, previous_approval_high} -> {cluster_3_high_exposure}","{income_q4, previous_approval_high} -> {cluster_3_high_exposure}"
"frozenset({'income_q4', 'previous_two_to_four'})",frozenset({'cluster_3_high_exposure'}),0.044372710558448304,0.5299363057324841,1.5740968891895422,eclat,Portfolio-wide,356255,15808,"{income_q4, previous_two_to_four} -> {cluster_3_high_exposure}","{income_q4, previous_two_to_four} -> {cluster_3_high_exposure}"
"frozenset({'repayment_clean_observed', 'income_q4'})",frozenset({'cluster_3_high_exposure'}),0.05145471642503263,0.5155094350234821,1.53124401789515,eclat,Portfolio-wide,356255,18331,"{income_q4, repayment_clean_observed} -> {cluster_3_high_exposure}","{income_q4, repayment_clean_observed} -> {cluster_3_high_exposure}"
frozenset({'leverage_3_to_6x'}),frozenset({'cluster_3_high_exposure'}),0.16855903776789097,0.46865732213654665,1.392076792797514,eclat,Portfolio-wide,356255,60050,{leverage_3_to_6x} -> {cluster_3_high_exposure},{leverage_3_to_6x} -> {cluster_3_high_exposure}
frozenset({'cluster_3_high_exposure'}),frozenset({'leverage_3_to_6x'}),0.16855903776789097,0.5006795234164603,1.392076792797514,eclat,Portfolio-wide,356255,60050,{cluster_3_high_exposure} -> {leverage_3_to_6x},{cluster_3_high_exposure} -> {leverage_3_to_6x}
"frozenset({'previous_approval_high', 'leverage_3_to_6x'})",frozenset({'cluster_3_high_exposure'}),0.10382731470435502,0.5444442808990417,1.6171906691987303,eclat,Portfolio-wide,356255,36989,"{leverage_3_to_6x, previous_approval_high} -> {cluster_3_high_exposure}","{leverage_3_to_6x, previous_approval_high} -> {cluster_3_high_exposure}"
"frozenset({'cluster_3_high_exposure', 'previous_approval_high'})",frozenset({'leverage_3_to_6x'}),0.10382731470435502,0.4981549318536874,1.3850574817183483,eclat,Portfolio-wide,356255,36989,"{cluster_3_high_exposure, previous_approval_high} -> {leverage_3_to_6x}","{cluster_3_high_exposure, previous_approval_high} -> {leverage_3_to_6x}"
"frozenset({'cluster_3_high_exposure', 'previous_deep'})",frozenset({'leverage_3_to_6x'}),0.03604159941614855,0.4878790181624744,1.3564865889510218,eclat,Portfolio-wide,356255,12840,"{cluster_3_high_exposure, previous_deep} -> {leverage_3_to_6x}","{cluster_3_high_exposure, previous_deep} -> {leverage_3_to_6x}"
"frozenset({'previous_one', 'leverage_3_to_6x'})",frozenset({'cluster_3_high_exposure'}),0.03850051227351195,0.6243627093954843,1.8545764612729039,eclat,Portfolio-wide,356255,13716,"{leverage_3_to_6x, previous_one} -> {cluster_3_high_exposure}","{leverage_3_to_6x, previous_one} -> {cluster_3_high_exposure}"
"frozenset({'cluster_3_high_exposure', 'previous_one'})",frozenset({'leverage_3_to_6x'}),0.03850051227351195,0.5018293575296356,1.3952737627346825,eclat,Portfolio-wide,356255,13716,"{cluster_3_high_exposure, previous_one} -> {leverage_3_to_6x}","{cluster_3_high_exposure, previous_one} -> {leverage_3_to_6x}"
"frozenset({'previous_outcome_mixed', 'leverage_3_to_6x'})",frozenset({'cluster_3_high_exposure'}),0.04873475459993544,0.42258731897286117,1.255232708177432,eclat,Portfolio-wide,356255,17362,"{leverage_3_to_6x, previous_outcome_mixed} -> {cluster_3_high_exposure}","{leverage_3_to_6x, previous_outcome_mixed} -> {cluster_3_high_exposure}"
"frozenset({'cluster_3_high_exposure', 'previous_outcome_mixed'})",frozenset({'leverage_3_to_6x'}),0.04873475459993544,0.5169723677941878,1.4373770087762492,eclat,Portfolio-wide,356255,17362,"{cluster_3_high_exposure, previous_outcome_mixed} -> {leverage_3_to_6x}","{cluster_3_high_exposure, previous_outcome_mixed} -> {leverage_3_to_6x}"
"frozenset({'previous_two_to_four', 'leverage_3_to_6x'})",frozenset({'cluster_3_high_exposure'}),0.08053781701309455,0.5738055716657,1.7044040115540988,eclat,Portfolio-wide,356255,28692,"{leverage_3_to_6x, previous_two_to_four} -> {cluster_3_high_exposure}","{leverage_3_to_6x, previous_two_to_four} -> {cluster_3_high_exposure}"
"frozenset({'cluster_3_high_exposure', 'previous_two_to_four'})",frozenset({'leverage_3_to_6x'}),0.08053781701309455,0.5103249559788698,1.418894711643089,eclat,Portfolio-wide,356255,28692,"{cluster_3_high_exposure, previous_two_to_four} -> {leverage_3_to_6x}","{cluster_3_high_exposure, previous_two_to_four} -> {leverage_3_to_6x}"
"frozenset({'cluster_3_high_exposure', 'leverage_3_to_6x'})",frozenset({'previous_two_to_four'}),0.08053781701309455,0.47780183180682767,1.2437293886567593,eclat,Portfolio-wide,356255,28692,"{cluster_3_high_exposure, leverage_3_to_6x} -> {previous_two_to_four}","{cluster_3_high_exposure, leverage_3_to_6x} -> {previous_two_to_four}"
"frozenset({'repayment_clean_observed', 'leverage_3_to_6x'})",frozenset({'cluster_3_high_exposure'}),0.09256852535403012,0.5786426165075801,1.7187717330257382,eclat,Portfolio-wide,356255,32978,"{leverage_3_to_6x, repayment_clean_observed} -> {cluster_3_high_exposure}","{leverage_3_to_6x, repayment_clean_observed} -> {cluster_3_high_exposure}"
"frozenset({'cluster_3_high_exposure', 'repayment_clean_observed'})",frozenset({'leverage_3_to_6x'}),0.09256852535403012,0.5050693785033847,1.4042822358093476,eclat,Portfolio-wide,356255,32978,"{cluster_3_high_exposure, repayment_clean_observed} -> {leverage_3_to_6x}","{cluster_3_high_exposure, repayment_clean_observed} -> {leverage_3_to_6x}"
"frozenset({'cluster_3_high_exposure', 'leverage_3_to_6x'})",frozenset({'repayment_clean_observed'}),0.09256852535403012,0.5491756869275605,1.2247660874809259,eclat,Portfolio-wide,356255,32978,"{cluster_3_high_exposure, leverage_3_to_6x} -> {repayment_clean_observed}","{cluster_3_high_exposure, leverage_3_to_6x} -> {repayment_clean_observed}"
"frozenset({'cluster_3_high_exposure', 'repayment_some_late'})",frozenset({'leverage_3_to_6x'}),0.05885110384415657,0.5017950313532142,1.3951783230944599,eclat,Portfolio-wide,356255,20966,"{cluster_3_high_exposure, repayment_some_late} -> {leverage_3_to_6x}","{cluster_3_high_exposure, repayment_some_late} -> {leverage_3_to_6x}"
frozenset({'leverage_over_6x'}),frozenset({'cluster_3_high_exposure'}),0.12791960814585057,0.7712042239220198,2.290747315618526,eclat,Portfolio-wide,356255,45572,{leverage_over_6x} -> {cluster_3_high_exposure},{leverage_over_6x} -> {cluster_3_high_exposure}
frozenset({'cluster_3_high_exposure'}),frozenset({'leverage_over_6x'}),0.12791960814585057,0.37996614889483643,2.290747315618526,eclat,Portfolio-wide,356255,45572,{cluster_3_high_exposure} -> {leverage_over_6x},{cluster_3_high_exposure} -> {leverage_over_6x}
"frozenset({'previous_approval_high', 'leverage_over_6x'})",frozenset({'cluster_3_high_exposure'}),0.08100938934190398,0.8279542129271021,2.4593147079412088,eclat,Portfolio-wide,356255,28860,"{leverage_over_6x, previous_approval_high} -> {cluster_3_high_exposure}","{leverage_over_6x, previous_approval_high} -> {cluster_3_high_exposure}"
"frozenset({'cluster_3_high_exposure', 'previous_approval_high'})",frozenset({'leverage_over_6x'}),0.08100938934190398,0.38867639928890807,2.3432598427650095,eclat,Portfolio-wide,356255,28860,"{cluster_3_high_exposure, previous_approval_high} -> {leverage_over_6x}","{cluster_3_high_exposure, previous_approval_high} -> {leverage_over_6x}"
"frozenset({'cluster_3_high_exposure', 'leverage_over_6x'})",frozenset({'previous_approval_high'}),0.08100938934190398,0.6332835951900291,1.2081268860280587,eclat,Portfolio-wide,356255,28860,"{cluster_3_high_exposure, leverage_over_6x} -> {previous_approval_high}","{cluster_3_high_exposure, leverage_over_6x} -> {previous_approval_high}"
"frozenset({'previous_deep', 'leverage_over_6x'})",frozenset({'cluster_3_high_exposure'}),0.0314774529480288,0.56072803640182,1.665559140284736,eclat,Portfolio-wide,356255,11214,"{leverage_over_6x, previous_deep} -> {cluster_3_high_exposure}","{leverage_over_6x, previous_deep} -> {cluster_3_high_exposure}"
"frozenset({'cluster_3_high_exposure', 'previous_deep'})",frozenset({'leverage_over_6x'}),0.0314774529480288,0.42609620791853486,2.568857113518203,eclat,Portfolio-wide,356255,11214,"{cluster_3_high_exposure, previous_deep} -> {leverage_over_6x}","{cluster_3_high_exposure, previous_deep} -> {leverage_over_6x}"
"frozenset({'previous_outcome_mixed', 'leverage_over_6x'})",frozenset({'cluster_3_high_exposure'}),0.03403741701870851,0.7329545454545454,2.1771323410699708,eclat,Portfolio-wide,356255,12126,"{leverage_over_6x, previous_outcome_mixed} -> {cluster_3_high_exposure}","{leverage_over_6x, previous_outcome_mixed} -> {cluster_3_high_exposure}"
"frozenset({'cluster_3_high_exposure', 'previous_outcome_mixed'})",frozenset({'leverage_over_6x'}),0.03403741701870851,0.3610647927584564,2.1767944517728943,eclat,Portfolio-wide,356255,12126,"{cluster_3_high_exposure, previous_outcome_mixed} -> {leverage_over_6x}","{cluster_3_high_exposure, previous_outcome_mixed} -> {leverage_over_6x}"
"frozenset({'leverage_over_6x', 'previous_two_to_four'})",frozenset({'cluster_3_high_exposure'}),0.058045501115773813,0.8431116728503283,2.5043376857124464,eclat,Portfolio-wide,356255,20679,"{leverage_over_6x, previous_two_to_four} -> {cluster_3_high_exposure}","{leverage_over_6x, previous_two_to_four} -> {cluster_3_high_exposure}"
"frozenset({'cluster_3_high_exposure', 'previous_two_to_four'})",frozenset({'leverage_over_6x'}),0.058045501115773813,0.36780321220852674,2.21741916613668,eclat,Portfolio-wide,356255,20679,"{cluster_3_high_exposure, previous_two_to_four} -> {leverage_over_6x}","{cluster_3_high_exposure, previous_two_to_four} -> {leverage_over_6x}"
"frozenset({'repayment_clean_observed', 'leverage_over_6x'})",frozenset({'cluster_3_high_exposure'}),0.06884113907173232,0.8972998682862579,2.6652956516864754,eclat,Portfolio-wide,356255,24525,"{leverage_over_6x, repayment_clean_observed} -> {cluster_3_high_exposure}","{leverage_over_6x, repayment_clean_observed} -> {cluster_3_high_exposure}"
"frozenset({'cluster_3_high_exposure', 'repayment_clean_observed'})",frozenset({'leverage_over_6x'}),0.06884113907173232,0.3756087848806935,2.264477554621124,eclat,Portfolio-wide,356255,24525,"{cluster_3_high_exposure, repayment_clean_observed} -> {leverage_over_6x}","{cluster_3_high_exposure, repayment_clean_observed} -> {leverage_over_6x}"
"frozenset({'cluster_3_high_exposure', 'leverage_over_6x'})",frozenset({'repayment_clean_observed'}),0.06884113907173232,0.5381593961204248,1.2001976666429741,eclat,Portfolio-wide,356255,24525,"{cluster_3_high_exposure, leverage_over_6x} -> {repayment_clean_observed}","{cluster_3_high_exposure, leverage_over_6x} -> {repayment_clean_observed}"
"frozenset({'repayment_some_late', 'leverage_over_6x'})",frozenset({'cluster_3_high_exposure'}),0.04552637857714278,0.6646586345381525,1.974269506886028,eclat,Portfolio-wide,356255,16219,"{leverage_over_6x, repayment_some_late} -> {cluster_3_high_exposure}","{leverage_over_6x, repayment_some_late} -> {cluster_3_high_exposure}"
"frozenset({'cluster_3_high_exposure', 'repayment_some_late'})",frozenset({'leverage_over_6x'}),0.04552637857714278,0.388181513570437,2.3402762661110814,eclat,Portfolio-wide,356255,16219,"{cluster_3_high_exposure, repayment_some_late} -> {leverage_over_6x}","{cluster_3_high_exposure, repayment_some_late} -> {leverage_over_6x}"
"frozenset({'previous_approval_high', 'previous_one'})",frozenset({'cluster_3_high_exposure'}),0.07596524961053178,0.4523920965531075,1.3437633620778187,eclat,Portfolio-wide,356255,27063,"{previous_approval_high, previous_one} -> {cluster_3_high_exposure}","{previous_approval_high, previous_one} -> {cluster_3_high_exposure}"
"frozenset({'cluster_3_high_exposure', 'previous_one'})",frozenset({'previous_approval_high'}),0.07596524961053178,0.9901580564905604,1.8889429294384001,eclat,Portfolio-wide,356255,27063,"{cluster_3_high_exposure, previous_one} -> {previous_approval_high}","{cluster_3_high_exposure, previous_one} -> {previous_approval_high}"
"frozenset({'cluster_3_high_exposure', 'previous_approval_high'})",frozenset({'previous_one'}),0.07596524961053178,0.3644750309755966,2.1477067081314494,eclat,Portfolio-wide,356255,27063,"{cluster_3_high_exposure, previous_approval_high} -> {previous_one}","{cluster_3_high_exposure, previous_approval_high} -> {previous_one}"
"frozenset({'previous_approval_high', 'previous_two_to_four'})",frozenset({'cluster_3_high_exposure'}),0.10074244572006007,0.4206615251177946,1.2495124242797462,eclat,Portfolio-wide,356255,35890,"{previous_approval_high, previous_two_to_four} -> {cluster_3_high_exposure}","{previous_approval_high, previous_two_to_four} -> {cluster_3_high_exposure}"
"frozenset({'cluster_3_high_exposure', 'previous_two_to_four'})",frozenset({'previous_approval_high'}),0.10074244572006007,0.6383508528538142,1.2177937876635156,eclat,Portfolio-wide,356255,35890,"{cluster_3_high_exposure, previous_two_to_four} -> {previous_approval_high}","{cluster_3_high_exposure, previous_two_to_four} -> {previous_approval_high}"
"frozenset({'cluster_3_high_exposure', 'previous_approval_high'})",frozenset({'previous_two_to_four'}),0.10074244572006007,0.48335398373107796,1.2581817704995921,eclat,Portfolio-wide,356255,35890,"{cluster_3_high_exposure, previous_approval_high} -> {previous_two_to_four}","{cluster_3_high_exposure, previous_approval_high} -> {previous_two_to_four}"
"frozenset({'repayment_clean_observed', 'previous_approval_high'})",frozenset({'cluster_3_high_exposure'}),0.12142426071213036,0.467578230557207,1.3888715119367483,eclat,Portfolio-wide,356255,43258,"{previous_approval_high, repayment_clean_observed} -> {cluster_3_high_exposure}","{previous_approval_high, repayment_clean_observed} -> {cluster_3_high_exposure}"
"frozenset({'cluster_3_high_exposure', 'repayment_clean_observed'})",frozenset({'previous_approval_high'}),0.12142426071213036,0.6625111036236102,1.2638847471481238,eclat,Portfolio-wide,356255,43258,"{cluster_3_high_exposure, repayment_clean_observed} -> {previous_approval_high}","{cluster_3_high_exposure, repayment_clean_observed} -> {previous_approval_high}"
"frozenset({'cluster_3_high_exposure', 'previous_approval_high'})",frozenset({'repayment_clean_observed'}),0.12142426071213036,0.5825836341108657,1.2992721549133381,eclat,Portfolio-wide,356255,43258,"{cluster_3_high_exposure, previous_approval_high} -> {repayment_clean_observed}","{cluster_3_high_exposure, previous_approval_high} -> {repayment_clean_observed}"
"frozenset({'cluster_3_high_exposure', 'repayment_some_late'})",frozenset({'previous_approval_high'}),0.08072027059269343,0.6882628883251161,1.3130119054977092,eclat,Portfolio-wide,356255,28757,"{cluster_3_high_exposure, repayment_some_late} -> {previous_approval_high}","{cluster_3_high_exposure, repayment_some_late} -> {previous_approval_high}"
"frozenset({'cluster_3_high_exposure', 'previous_deep'})",frozenset({'previous_outcome_mixed'}),0.03734684425481748,0.5055475340071435,1.5627908952901637,eclat,Portfolio-wide,356255,13305,"{cluster_3_high_exposure, previous_deep} -> {previous_outcome_mixed}","{cluster_3_high_exposure, previous_deep} -> {previous_outcome_mixed}"
frozenset({'previous_one'}),frozenset({'cluster_3_high_exposure'}),0.07672032673225639,0.4520824373945549,1.3428435656552786,eclat,Portfolio-wide,356255,27332,{previous_one} -> {cluster_3_high_exposure},{previous_one} -> {cluster_3_high_exposure}
"frozenset({'repayment_clean_observed', 'previous_one'})",frozenset({'cluster_3_high_exposure'}),0.057318493775525954,0.4748947649945347,1.4106041880581301,eclat,Portfolio-wide,356255,20420,"{previous_one, repayment_clean_observed} -> {cluster_3_high_exposure}","{previous_one, repayment_clean_observed} -> {cluster_3_high_exposure}"
"frozenset({'cluster_3_high_exposure', 'previous_one'})",frozenset({'repayment_clean_observed'}),0.057318493775525954,0.7471096151031758,1.6661963411537473,eclat,Portfolio-wide,356255,20420,"{cluster_3_high_exposure, previous_one} -> {repayment_clean_observed}","{cluster_3_high_exposure, previous_one} -> {repayment_clean_observed}"
"frozenset({'cluster_3_high_exposure', 'previous_outcome_mixed'})",frozenset({'previous_two_to_four'}),0.056167632734979156,0.5958194378275369,1.550931988596171,eclat,Portfolio-wide,356255,20010,"{cluster_3_high_exposure, previous_outcome_mixed} -> {previous_two_to_four}","{cluster_3_high_exposure, previous_outcome_mixed} -> {previous_two_to_four}"
"frozenset({'cluster_3_high_exposure', 'previous_outcome_mixed'})",frozenset({'repayment_clean_observed'}),0.05740270311995621,0.6089209147212958,1.3580092929475984,eclat,Portfolio-wide,356255,20450,"{cluster_3_high_exposure, previous_outcome_mixed} -> {repayment_clean_observed}","{cluster_3_high_exposure, previous_outcome_mixed} -> {repayment_clean_observed}"
frozenset({'previous_two_to_four'}),frozenset({'cluster_3_high_exposure'}),0.1578167323967383,0.41080066051935527,1.2202221942630123,eclat,Portfolio-wide,356255,56223,{previous_two_to_four} -> {cluster_3_high_exposure},{previous_two_to_four} -> {cluster_3_high_exposure}
frozenset({'cluster_3_high_exposure'}),frozenset({'previous_two_to_four'}),0.1578167323967383,0.4687711048300358,1.2202221942630125,eclat,Portfolio-wide,356255,56223,{cluster_3_high_exposure} -> {previous_two_to_four},{cluster_3_high_exposure} -> {previous_two_to_four}
"frozenset({'repayment_clean_observed', 'previous_two_to_four'})",frozenset({'cluster_3_high_exposure'}),0.09082258494617619,0.46210974320888915,1.3726281845208967,eclat,Portfolio-wide,356255,32356,"{previous_two_to_four, repayment_clean_observed} -> {cluster_3_high_exposure}","{previous_two_to_four, repayment_clean_observed} -> {cluster_3_high_exposure}"
"frozenset({'cluster_3_high_exposure', 'repayment_clean_observed'})",frozenset({'previous_two_to_four'}),0.09082258494617619,0.49554323521303645,1.2899106783535261,eclat,Portfolio-wide,356255,32356,"{cluster_3_high_exposure, repayment_clean_observed} -> {previous_two_to_four}","{cluster_3_high_exposure, repayment_clean_observed} -> {previous_two_to_four}"
"frozenset({'cluster_3_high_exposure', 'previous_two_to_four'})",frozenset({'repayment_clean_observed'}),0.09082258494617619,0.5754940149049321,1.283460957543768,eclat,Portfolio-wide,356255,32356,"{cluster_3_high_exposure, previous_two_to_four} -> {repayment_clean_observed}","{cluster_3_high_exposure, previous_two_to_four} -> {repayment_clean_observed}"
"frozenset({'cluster_3_high_exposure', 'repayment_some_late'})",frozenset({'previous_two_to_four'}),0.062059479866949235,0.5291513091762002,1.3773932841151468,eclat,Portfolio-wide,356255,22109,"{cluster_3_high_exposure, repayment_some_late} -> {previous_two_to_four}","{cluster_3_high_exposure, repayment_some_late} -> {previous_two_to_four}"
frozenset({'repayment_clean_observed'}),frozenset({'cluster_3_high_exposure'}),0.1832788311742993,0.4087466038987868,1.2141209249186014,eclat,Portfolio-wide,356255,65294,{repayment_clean_observed} -> {cluster_3_high_exposure},{repayment_clean_observed} -> {cluster_3_high_exposure}
frozenset({'cluster_3_high_exposure'}),frozenset({'repayment_clean_observed'}),0.1832788311742993,0.5444024779675997,1.2141209249186014,eclat,Portfolio-wide,356255,65294,{cluster_3_high_exposure} -> {repayment_clean_observed},{cluster_3_high_exposure} -> {repayment_clean_observed}
frozenset({'cluster_4_history_rich'}),frozenset({'credit_file_deep'}),0.05456765519080434,0.37151702786377705,1.6827258122383815,eclat,Portfolio-wide,356255,19440,{cluster_4_history_rich} -> {credit_file_deep},{cluster_4_history_rich} -> {credit_file_deep}
"frozenset({'leverage_under_3x', 'cluster_4_history_rich'})",frozenset({'credit_file_deep'}),0.033400232979186255,0.38409890571031985,1.7397133768206725,eclat,Portfolio-wide,356255,11899,"{cluster_4_history_rich, leverage_under_3x} -> {credit_file_deep}","{cluster_4_history_rich, leverage_under_3x} -> {credit_file_deep}"
"frozenset({'credit_file_deep', 'cluster_4_history_rich'})",frozenset({'leverage_under_3x'}),0.033400232979186255,0.6120884773662552,1.2900567381374732,eclat,Portfolio-wide,356255,11899,"{cluster_4_history_rich, credit_file_deep} -> {leverage_under_3x}","{cluster_4_history_rich, credit_file_deep} -> {leverage_under_3x}"
"frozenset({'credit_file_deep', 'previous_deep'})",frozenset({'cluster_4_history_rich'}),0.0524736494926387,0.4606475777438273,3.1362611858182774,eclat,Portfolio-wide,356255,18694,"{credit_file_deep, previous_deep} -> {cluster_4_history_rich}","{credit_file_deep, previous_deep} -> {cluster_4_history_rich}"
"frozenset({'previous_deep', 'cluster_4_history_rich'})",frozenset({'credit_file_deep'}),0.0524736494926387,0.3677315288378315,1.6655800115202042,eclat,Portfolio-wide,356255,18694,"{cluster_4_history_rich, previous_deep} -> {credit_file_deep}","{cluster_4_history_rich, previous_deep} -> {credit_file_deep}"
"frozenset({'credit_file_deep', 'cluster_4_history_rich'})",frozenset({'previous_deep'}),0.0524736494926387,0.9616255144032921,2.4204547053685244,eclat,Portfolio-wide,356255,18694,"{cluster_4_history_rich, credit_file_deep} -> {previous_deep}","{cluster_4_history_rich, credit_file_deep} -> {previous_deep}"
"frozenset({'repayment_some_late', 'cluster_4_history_rich'})",frozenset({'credit_file_deep'}),0.034343377636805096,0.3698274038025572,1.6750729354990783,eclat,Portfolio-wide,356255,12235,"{cluster_4_history_rich, repayment_some_late} -> {credit_file_deep}","{cluster_4_history_rich, repayment_some_late} -> {credit_file_deep}"
"frozenset({'credit_file_deep', 'cluster_4_history_rich'})",frozenset({'repayment_some_late'}),0.034343377636805096,0.6293724279835391,1.4152527272865176,eclat,Portfolio-wide,356255,12235,"{cluster_4_history_rich, credit_file_deep} -> {repayment_some_late}","{cluster_4_history_rich, credit_file_deep} -> {repayment_some_late}"
"frozenset({'credit_file_established', 'cluster_4_history_rich'})",frozenset({'leverage_under_3x'}),0.034994596567065724,0.584646407803414,1.2322189776550176,eclat,Portfolio-wide,356255,12467,"{cluster_4_history_rich, credit_file_established} -> {leverage_under_3x}","{cluster_4_history_rich, credit_file_established} -> {leverage_under_3x}"
"frozenset({'credit_file_established', 'previous_deep'})",frozenset({'cluster_4_history_rich'}),0.05835426871201808,0.36088881173509246,2.457066154964747,eclat,Portfolio-wide,356255,20789,"{credit_file_established, previous_deep} -> {cluster_4_history_rich}","{credit_file_established, previous_deep} -> {cluster_4_history_rich}"
"frozenset({'credit_file_established', 'cluster_4_history_rich'})",frozenset({'previous_deep'}),0.05835426871201808,0.9749108985181018,2.453894615200028,eclat,Portfolio-wide,356255,20789,"{cluster_4_history_rich, credit_file_established} -> {previous_deep}","{cluster_4_history_rich, credit_file_established} -> {previous_deep}"
"frozenset({'credit_file_established', 'cluster_4_history_rich'})",frozenset({'repayment_some_late'}),0.03779876773659317,0.6314950290752205,1.4200257628539767,eclat,Portfolio-wide,356255,13466,"{cluster_4_history_rich, credit_file_established} -> {repayment_some_late}","{cluster_4_history_rich, credit_file_established} -> {repayment_some_late}"
"frozenset({'credit_large', 'cluster_4_history_rich'})",frozenset({'previous_deep'}),0.03384092854837125,0.9818389119635149,2.4713327368925584,eclat,Portfolio-wide,356255,12056,"{cluster_4_history_rich, credit_large} -> {previous_deep}","{cluster_4_history_rich, credit_large} -> {previous_deep}"
frozenset({'cluster_4_history_rich'}),frozenset({'credit_medium'}),0.06349103872226354,0.4322707640561097,1.2568648372493132,eclat,Portfolio-wide,356255,22619,{cluster_4_history_rich} -> {credit_medium},{cluster_4_history_rich} -> {credit_medium}
"frozenset({'previous_deep', 'credit_medium'})",frozenset({'cluster_4_history_rich'}),0.06067283266199772,0.433444292933344,2.9510510373230985,eclat,Portfolio-wide,356255,21615,"{credit_medium, previous_deep} -> {cluster_4_history_rich}","{credit_medium, previous_deep} -> {cluster_4_history_rich}"
"frozenset({'previous_deep', 'cluster_4_history_rich'})",frozenset({'credit_medium'}),0.06067283266199772,0.42519080966244394,1.2362792541688619,eclat,Portfolio-wide,356255,21615,"{cluster_4_history_rich, previous_deep} -> {credit_medium}","{cluster_4_history_rich, previous_deep} -> {credit_medium}"
"frozenset({'cluster_4_history_rich', 'credit_medium'})",frozenset({'previous_deep'}),0.06067283266199772,0.9556125381316593,2.4053197734309353,eclat,Portfolio-wide,356255,21615,"{cluster_4_history_rich, credit_medium} -> {previous_deep}","{cluster_4_history_rich, credit_medium} -> {previous_deep}"
"frozenset({'repayment_some_late', 'cluster_4_history_rich'})",frozenset({'credit_medium'}),0.039241554504498184,0.42257352718919083,1.2286692777760244,eclat,Portfolio-wide,356255,13980,"{cluster_4_history_rich, repayment_some_late} -> {credit_medium}","{cluster_4_history_rich, repayment_some_late} -> {credit_medium}"
"frozenset({'cluster_4_history_rich', 'credit_medium'})",frozenset({'repayment_some_late'}),0.039241554504498184,0.6180644590830718,1.3898248039856325,eclat,Portfolio-wide,356255,13980,"{cluster_4_history_rich, credit_medium} -> {repayment_some_late}","{cluster_4_history_rich, credit_medium} -> {repayment_some_late}"
"frozenset({'leverage_under_3x', 'cluster_4_history_rich'})",frozenset({'credit_small'}),0.04437551753659598,0.5103134381355111,1.5277326568933582,eclat,Portfolio-wide,356255,15809,"{cluster_4_history_rich, leverage_under_3x} -> {credit_small}","{cluster_4_history_rich, leverage_under_3x} -> {credit_small}"
"frozenset({'credit_small', 'cluster_4_history_rich'})",frozenset({'leverage_under_3x'}),0.04437551753659598,0.907103511590544,1.9118396123887882,eclat,Portfolio-wide,356255,15809,"{cluster_4_history_rich, credit_small} -> {leverage_under_3x}","{cluster_4_history_rich, credit_small} -> {leverage_under_3x}"
"frozenset({'credit_small', 'previous_deep'})",frozenset({'cluster_4_history_rich'}),0.048181779904843444,0.36321892589614463,2.4729304446189464,eclat,Portfolio-wide,356255,17165,"{credit_small, previous_deep} -> {cluster_4_history_rich}","{credit_small, previous_deep} -> {cluster_4_history_rich}"
"frozenset({'credit_small', 'cluster_4_history_rich'})",frozenset({'previous_deep'}),0.048181779904843444,0.9849093412898784,2.4790611457161424,eclat,Portfolio-wide,356255,17165,"{cluster_4_history_rich, credit_small} -> {previous_deep}","{cluster_4_history_rich, credit_small} -> {previous_deep}"
"frozenset({'credit_small', 'cluster_4_history_rich'})",frozenset({'repayment_some_late'}),0.03142692734137065,0.6424145053936194,1.4445800934109532,eclat,Portfolio-wide,356255,11196,"{cluster_4_history_rich, credit_small} -> {repayment_some_late}","{cluster_4_history_rich, credit_small} -> {repayment_some_late}"
"frozenset({'external_score_middle', 'previous_deep'})",frozenset({'cluster_4_history_rich'}),0.04931299209835652,0.3628627491479913,2.4705054599571463,eclat,Portfolio-wide,356255,17568,"{external_score_middle, previous_deep} -> {cluster_4_history_rich}","{external_score_middle, previous_deep} -> {cluster_4_history_rich}"
"frozenset({'external_score_middle', 'cluster_4_history_rich'})",frozenset({'previous_deep'}),0.04931299209835652,0.9703396851698426,2.4423886654385942,eclat,Portfolio-wide,356255,17568,"{cluster_4_history_rich, external_score_middle} -> {previous_deep}","{cluster_4_history_rich, external_score_middle} -> {previous_deep}"
"frozenset({'external_score_middle', 'cluster_4_history_rich'})",frozenset({'repayment_some_late'}),0.03218481144124293,0.6333057166528584,1.4240974069530457,eclat,Portfolio-wide,356255,11466,"{cluster_4_history_rich, external_score_middle} -> {repayment_some_late}","{cluster_4_history_rich, external_score_middle} -> {repayment_some_late}"
"frozenset({'external_score_strong', 'cluster_4_history_rich'})",frozenset({'previous_deep'}),0.04115310662306494,0.9757737104825291,2.456066351752216,eclat,Portfolio-wide,356255,14661,"{cluster_4_history_rich, external_score_strong} -> {previous_deep}","{cluster_4_history_rich, external_score_strong} -> {previous_deep}"
"frozenset({'external_score_weak', 'cluster_4_history_rich'})",frozenset({'leverage_under_3x'}),0.031800255435011436,0.5902365322496613,1.2440008980400228,eclat,Portfolio-wide,356255,11329,"{cluster_4_history_rich, external_score_weak} -> {leverage_under_3x}","{cluster_4_history_rich, external_score_weak} -> {leverage_under_3x}"
"frozenset({'external_score_weak', 'previous_deep'})",frozenset({'cluster_4_history_rich'}),0.052223828437495616,0.3771385713127382,2.5677006024351092,eclat,Portfolio-wide,356255,18605,"{external_score_weak, previous_deep} -> {cluster_4_history_rich}","{external_score_weak, previous_deep} -> {cluster_4_history_rich}"
"frozenset({'external_score_weak', 'cluster_4_history_rich'})",frozenset({'previous_deep'}),0.052223828437495616,0.9693133270813796,2.4398052759305124,eclat,Portfolio-wide,356255,18605,"{cluster_4_history_rich, external_score_weak} -> {previous_deep}","{cluster_4_history_rich, external_score_weak} -> {previous_deep}"
"frozenset({'external_score_weak', 'cluster_4_history_rich'})",frozenset({'repayment_some_late'}),0.03455670797602841,0.641398353652183,1.4422951005204758,eclat,Portfolio-wide,356255,12311,"{cluster_4_history_rich, external_score_weak} -> {repayment_some_late}","{cluster_4_history_rich, external_score_weak} -> {repayment_some_late}"
"frozenset({'income_q1', 'cluster_4_history_rich'})",frozenset({'previous_deep'}),0.03205849742459755,0.9856735997238284,2.4809848185959327,eclat,Portfolio-wide,356255,11421,"{cluster_4_history_rich, income_q1} -> {previous_deep}","{cluster_4_history_rich, income_q1} -> {previous_deep}"
"frozenset({'income_q3', 'previous_deep'})",frozenset({'cluster_4_history_rich'}),0.042725014385763004,0.3802113256563335,2.5886210645128056,eclat,Portfolio-wide,356255,15221,"{income_q3, previous_deep} -> {cluster_4_history_rich}","{income_q3, previous_deep} -> {cluster_4_history_rich}"
"frozenset({'income_q3', 'cluster_4_history_rich'})",frozenset({'previous_deep'}),0.042725014385763004,0.9743310715657406,2.4524351646612046,eclat,Portfolio-wide,356255,15221,"{cluster_4_history_rich, income_q3} -> {previous_deep}","{cluster_4_history_rich, income_q3} -> {previous_deep}"
"frozenset({'leverage_under_3x', 'cluster_4_history_rich'})",frozenset({'income_q4'}),0.03368654475024912,0.38739145873010744,1.6315184316100535,eclat,Portfolio-wide,356255,12001,"{cluster_4_history_rich, leverage_under_3x} -> {income_q4}","{cluster_4_history_rich, leverage_under_3x} -> {income_q4}"
"frozenset({'income_q4', 'cluster_4_history_rich'})",frozenset({'leverage_under_3x'}),0.03368654475024912,0.7437867988844128,1.5676282222584408,eclat,Portfolio-wide,356255,12001,"{cluster_4_history_rich, income_q4} -> {leverage_under_3x}","{cluster_4_history_rich, income_q4} -> {leverage_under_3x}"
"frozenset({'income_q4', 'previous_deep'})",frozenset({'cluster_4_history_rich'}),0.04328079605900268,0.41799501192799826,2.845866547689657,eclat,Portfolio-wide,356255,15419,"{income_q4, previous_deep} -> {cluster_4_history_rich}","{income_q4, previous_deep} -> {cluster_4_history_rich}"
"frozenset({'income_q4', 'cluster_4_history_rich'})",frozenset({'previous_deep'}),0.04328079605900268,0.9556244189649831,2.4053496780232027,eclat,Portfolio-wide,356255,15419,"{cluster_4_history_rich, income_q4} -> {previous_deep}","{cluster_4_history_rich, income_q4} -> {previous_deep}"
"frozenset({'previous_deep', 'leverage_3_to_6x'})",frozenset({'cluster_4_history_rich'}),0.049599303869419374,0.35750414761461574,2.4340220943401927,eclat,Portfolio-wide,356255,17670,"{leverage_3_to_6x, previous_deep} -> {cluster_4_history_rich}","{leverage_3_to_6x, previous_deep} -> {cluster_4_history_rich}"
"frozenset({'cluster_4_history_rich', 'leverage_3_to_6x'})",frozenset({'previous_deep'}),0.049599303869419374,0.9754885723749586,2.4553486463005494,eclat,Portfolio-wide,356255,17670,"{cluster_4_history_rich, leverage_3_to_6x} -> {previous_deep}","{cluster_4_history_rich, leverage_3_to_6x} -> {previous_deep}"
"frozenset({'cluster_4_history_rich', 'leverage_3_to_6x'})",frozenset({'repayment_some_late'}),0.03222130215716271,0.6337087335762394,1.4250036601897578,eclat,Portfolio-wide,356255,11479,"{cluster_4_history_rich, leverage_3_to_6x} -> {repayment_some_late}","{cluster_4_history_rich, leverage_3_to_6x} -> {repayment_some_late}"
frozenset({'cluster_4_history_rich'}),frozenset({'leverage_under_3x'}),0.08695737603682756,0.5920383748041127,1.2477985175254194,eclat,Portfolio-wide,356255,30979,{cluster_4_history_rich} -> {leverage_under_3x},{cluster_4_history_rich} -> {leverage_under_3x}
"frozenset({'leverage_under_3x', 'previous_deep'})",frozenset({'cluster_4_history_rich'}),0.0840633815665745,0.41529842467273126,2.8275071719944935,eclat,Portfolio-wide,356255,29948,"{leverage_under_3x, previous_deep} -> {cluster_4_history_rich}","{leverage_under_3x, previous_deep} -> {cluster_4_history_rich}"
"frozenset({'previous_deep', 'cluster_4_history_rich'})",frozenset({'leverage_under_3x'}),0.0840633815665745,0.5891100794712409,1.2416267510813221,eclat,Portfolio-wide,356255,29948,"{cluster_4_history_rich, previous_deep} -> {leverage_under_3x}","{cluster_4_history_rich, previous_deep} -> {leverage_under_3x}"
"frozenset({'leverage_under_3x', 'cluster_4_history_rich'})",frozenset({'previous_deep'}),0.0840633815665745,0.966719390554892,2.4332762209325693,eclat,Portfolio-wide,356255,29948,"{cluster_4_history_rich, leverage_under_3x} -> {previous_deep}","{cluster_4_history_rich, leverage_under_3x} -> {previous_deep}"
"frozenset({'previous_outcome_mixed', 'cluster_4_history_rich'})",frozenset({'leverage_under_3x'}),0.034194607794978314,0.6081877184223664,1.2818353770998228,eclat,Portfolio-wide,356255,12182,"{cluster_4_history_rich, previous_outcome_mixed} -> {leverage_under_3x}","{cluster_4_history_rich, previous_outcome_mixed} -> {leverage_under_3x}"
"frozenset({'leverage_under_3x', 'cluster_4_history_rich'})",frozenset({'previous_outcome_mixed'}),0.034194607794978314,0.3932341263436521,1.2155982791492714,eclat,Portfolio-wide,356255,12182,"{cluster_4_history_rich, leverage_under_3x} -> {previous_outcome_mixed}","{cluster_4_history_rich, leverage_under_3x} -> {previous_outcome_mixed}"
"frozenset({'leverage_under_3x', 'previous_refusals_repeated'})",frozenset({'cluster_4_history_rich'}),0.03656650432976379,0.6346894031668697,4.3212030983681755,eclat,Portfolio-wide,356255,13027,"{leverage_under_3x, previous_refusals_repeated} -> {cluster_4_history_rich}","{leverage_under_3x, previous_refusals_repeated} -> {cluster_4_history_rich}"
"frozenset({'cluster_4_history_rich', 'previous_refusals_repeated'})",frozenset({'leverage_under_3x'}),0.03656650432976379,0.5830983393760351,1.228956220423528,eclat,Portfolio-wide,356255,13027,"{cluster_4_history_rich, previous_refusals_repeated} -> {leverage_under_3x}","{cluster_4_history_rich, previous_refusals_repeated} -> {leverage_under_3x}"
"frozenset({'leverage_under_3x', 'cluster_4_history_rich'})",frozenset({'previous_refusals_repeated'}),0.03656650432976379,0.4205106685173827,4.063389069454817,eclat,Portfolio-wide,356255,13027,"{cluster_4_history_rich, leverage_under_3x} -> {previous_refusals_repeated}","{cluster_4_history_rich, leverage_under_3x} -> {previous_refusals_repeated}"
"frozenset({'repayment_some_late', 'cluster_4_history_rich'})",frozenset({'leverage_under_3x'}),0.054702390141892744,0.5890638696611553,1.2415293578464004,eclat,Portfolio-wide,356255,19488,"{cluster_4_history_rich, repayment_some_late} -> {leverage_under_3x}","{cluster_4_history_rich, repayment_some_late} -> {leverage_under_3x}"
"frozenset({'leverage_under_3x', 'cluster_4_history_rich'})",frozenset({'repayment_some_late'}),0.054702390141892744,0.6290713063688305,1.4145756032697783,eclat,Portfolio-wide,356255,19488,"{cluster_4_history_rich, leverage_under_3x} -> {repayment_some_late}","{cluster_4_history_rich, leverage_under_3x} -> {repayment_some_late}"
frozenset({'previous_deep'}),frozenset({'cluster_4_history_rich'}),0.1426955411152124,0.3591711001363601,2.445371331251748,eclat,Portfolio-wide,356255,50836,{previous_deep} -> {cluster_4_history_rich},{previous_deep} -> {cluster_4_history_rich}
frozenset({'cluster_4_history_rich'}),frozenset({'previous_deep'}),0.1426955411152124,0.9715246722470663,2.4453713312517475,eclat,Portfolio-wide,356255,50836,{cluster_4_history_rich} -> {previous_deep},{cluster_4_history_rich} -> {previous_deep}
"frozenset({'previous_outcome_mixed', 'cluster_4_history_rich'})",frozenset({'previous_deep'}),0.05398661071423559,0.9602096854717923,2.4168910002172814,eclat,Portfolio-wide,356255,19233,"{cluster_4_history_rich, previous_outcome_mixed} -> {previous_deep}","{cluster_4_history_rich, previous_outcome_mixed} -> {previous_deep}"
"frozenset({'previous_deep', 'previous_refusals_repeated'})",frozenset({'cluster_4_history_rich'}),0.062393510266522574,0.6187679202739192,4.212803681481196,eclat,Portfolio-wide,356255,22228,"{previous_deep, previous_refusals_repeated} -> {cluster_4_history_rich}","{previous_deep, previous_refusals_repeated} -> {cluster_4_history_rich}"
"frozenset({'cluster_4_history_rich', 'previous_refusals_repeated'})",frozenset({'previous_deep'}),0.062393510266522574,0.9949420348238665,2.5043138869424713,eclat,Portfolio-wide,356255,22228,"{cluster_4_history_rich, previous_refusals_repeated} -> {previous_deep}","{cluster_4_history_rich, previous_refusals_repeated} -> {previous_deep}"
"frozenset({'previous_deep', 'cluster_4_history_rich'})",frozenset({'previous_refusals_repeated'}),0.062393510266522574,0.43724919348493196,4.2251332164742985,eclat,Portfolio-wide,356255,22228,"{cluster_4_history_rich, previous_deep} -> {previous_refusals_repeated}","{cluster_4_history_rich, previous_deep} -> {previous_refusals_repeated}"
"frozenset({'repayment_clean_observed', 'cluster_4_history_rich'})",frozenset({'previous_deep'}),0.042778346970568835,0.971443141254462,2.445166114073411,eclat,Portfolio-wide,356255,15240,"{cluster_4_history_rich, repayment_clean_observed} -> {previous_deep}","{cluster_4_history_rich, repayment_clean_observed} -> {previous_deep}"
"frozenset({'repayment_some_late', 'previous_deep'})",frozenset({'cluster_4_history_rich'}),0.0902696102510842,0.381433027718803,2.5969388695860975,eclat,Portfolio-wide,356255,32159,"{previous_deep, repayment_some_late} -> {cluster_4_history_rich}","{previous_deep, repayment_some_late} -> {cluster_4_history_rich}"
"frozenset({'repayment_some_late', 'cluster_4_history_rich'})",frozenset({'previous_deep'}),0.0902696102510842,0.9720702475591694,2.4467445688702734,eclat,Portfolio-wide,356255,32159,"{cluster_4_history_rich, repayment_some_late} -> {previous_deep}","{cluster_4_history_rich, repayment_some_late} -> {previous_deep}"
"frozenset({'previous_deep', 'cluster_4_history_rich'})",frozenset({'repayment_some_late'}),0.0902696102510842,0.632602879848926,1.4225169568739255,eclat,Portfolio-wide,356255,32159,"{cluster_4_history_rich, previous_deep} -> {repayment_some_late}","{cluster_4_history_rich, previous_deep} -> {repayment_some_late}"
"frozenset({'previous_outcome_mixed', 'cluster_4_history_rich'})",frozenset({'repayment_some_late'}),0.03407390773462829,0.6060409385921118,1.362787839209569,eclat,Portfolio-wide,356255,12139,"{cluster_4_history_rich, previous_outcome_mixed} -> {repayment_some_late}","{cluster_4_history_rich, previous_outcome_mixed} -> {repayment_some_late}"
frozenset({'previous_refusals_repeated'}),frozenset({'cluster_4_history_rich'}),0.06271069879720986,0.6059726592166649,4.125688753377536,eclat,Portfolio-wide,356255,22341,{previous_refusals_repeated} -> {cluster_4_history_rich},{previous_refusals_repeated} -> {cluster_4_history_rich}
frozenset({'cluster_4_history_rich'}),frozenset({'previous_refusals_repeated'}),0.06271069879720986,0.4269579176699919,4.125688753377535,eclat,Portfolio-wide,356255,22341,{cluster_4_history_rich} -> {previous_refusals_repeated},{cluster_4_history_rich} -> {previous_refusals_repeated}
"frozenset({'repayment_some_late', 'previous_refusals_repeated'})",frozenset({'cluster_4_history_rich'}),0.03833209358465144,0.6164958692609814,4.197334707479473,eclat,Portfolio-wide,356255,13656,"{previous_refusals_repeated, repayment_some_late} -> {cluster_4_history_rich}","{previous_refusals_repeated, repayment_some_late} -> {cluster_4_history_rich}"
"frozenset({'repayment_some_late', 'cluster_4_history_rich'})",frozenset({'previous_refusals_repeated'}),0.03833209358465144,0.41277997763201646,3.9886875049173813,eclat,Portfolio-wide,356255,13656,"{cluster_4_history_rich, repayment_some_late} -> {previous_refusals_repeated}","{cluster_4_history_rich, repayment_some_late} -> {previous_refusals_repeated}"
"frozenset({'cluster_4_history_rich', 'previous_refusals_repeated'})",frozenset({'repayment_some_late'}),0.03833209358465144,0.6112528534980529,1.374507731052704,eclat,Portfolio-wide,356255,13656,"{cluster_4_history_rich, previous_refusals_repeated} -> {repayment_some_late}","{cluster_4_history_rich, previous_refusals_repeated} -> {repayment_some_late}"
frozenset({'cluster_4_history_rich'}),frozenset({'repayment_some_late'}),0.092863258059536,0.6322478309062416,1.4217185679358142,eclat,Portfolio-wide,356255,33083,{cluster_4_history_rich} -> {repayment_some_late},{cluster_4_history_rich} -> {repayment_some_late}
"frozenset({'credit_file_deep', 'income_q4'})",frozenset({'credit_large'}),0.036681590433818474,0.5314355429036194,1.6502211259424806,eclat,Portfolio-wide,356255,13068,"{credit_file_deep, income_q4} -> {credit_large}","{credit_file_deep, income_q4} -> {credit_large}"
"frozenset({'credit_file_deep', 'credit_large'})",frozenset({'income_q4'}),0.036681590433818474,0.46145697235071864,1.943449032802994,eclat,Portfolio-wide,356255,13068,"{credit_file_deep, credit_large} -> {income_q4}","{credit_file_deep, credit_large} -> {income_q4}"
"frozenset({'credit_file_deep', 'leverage_3_to_6x'})",frozenset({'credit_large'}),0.04071521803202762,0.5224579476281381,1.6223437707644373,eclat,Portfolio-wide,356255,14505,"{credit_file_deep, leverage_3_to_6x} -> {credit_large}","{credit_file_deep, leverage_3_to_6x} -> {credit_large}"
"frozenset({'credit_file_deep', 'credit_large'})",frozenset({'leverage_3_to_6x'}),0.04071521803202762,0.5122002895582471,1.4241088421048085,eclat,Portfolio-wide,356255,14505,"{credit_file_deep, credit_large} -> {leverage_3_to_6x}","{credit_file_deep, credit_large} -> {leverage_3_to_6x}"
"frozenset({'credit_file_deep', 'previous_approval_high'})",frozenset({'credit_large'}),0.03995452695400766,0.39062542879881446,1.2129755782086469,eclat,Portfolio-wide,356255,14234,"{credit_file_deep, previous_approval_high} -> {credit_large}","{credit_file_deep, previous_approval_high} -> {credit_large}"
"frozenset({'credit_file_deep', 'credit_large'})",frozenset({'previous_deep'}),0.03957277792592385,0.4978283131466507,1.25305627291846,eclat,Portfolio-wide,356255,14098,"{credit_file_deep, credit_large} -> {previous_deep}","{credit_file_deep, credit_large} -> {previous_deep}"
"frozenset({'credit_file_deep', 'credit_medium'})",frozenset({'previous_deep'}),0.03982821293736228,0.5228076639646277,1.3159304233219473,eclat,Portfolio-wide,356255,14189,"{credit_file_deep, credit_medium} -> {previous_deep}","{credit_file_deep, credit_medium} -> {previous_deep}"
"frozenset({'credit_file_deep', 'leverage_under_3x'})",frozenset({'credit_small'}),0.059760564764003314,0.5454079672089152,1.6327956517845401,eclat,Portfolio-wide,356255,21290,"{credit_file_deep, leverage_under_3x} -> {credit_small}","{credit_file_deep, leverage_under_3x} -> {credit_small}"
"frozenset({'credit_file_deep', 'credit_small'})",frozenset({'leverage_under_3x'}),0.059760564764003314,0.9178306604586998,1.934448485435891,eclat,Portfolio-wide,356255,21290,"{credit_file_deep, credit_small} -> {leverage_under_3x}","{credit_file_deep, credit_small} -> {leverage_under_3x}"
"frozenset({'credit_file_deep', 'credit_small'})",frozenset({'previous_deep'}),0.0345117963256656,0.5300482841869287,1.3341553903432621,eclat,Portfolio-wide,356255,12295,"{credit_file_deep, credit_small} -> {previous_deep}","{credit_file_deep, credit_small} -> {previous_deep}"
"frozenset({'credit_file_deep', 'external_score_middle'})",frozenset({'previous_deep'}),0.04208783034624076,0.5148861646234677,1.2959916529100766,eclat,Portfolio-wide,356255,14994,"{credit_file_deep, external_score_middle} -> {previous_deep}","{credit_file_deep, external_score_middle} -> {previous_deep}"
"frozenset({'credit_file_deep', 'external_score_weak'})",frozenset({'previous_deep'}),0.0437972800381749,0.5553261914083354,1.397781020653091,eclat,Portfolio-wide,356255,15603,"{credit_file_deep, external_score_weak} -> {previous_deep}","{credit_file_deep, external_score_weak} -> {previous_deep}"
"frozenset({'credit_file_deep', 'income_q3'})",frozenset({'previous_deep'}),0.03349286325805954,0.5346117657601147,1.3456418788788067,eclat,Portfolio-wide,356255,11932,"{credit_file_deep, income_q3} -> {previous_deep}","{credit_file_deep, income_q3} -> {previous_deep}"
"frozenset({'credit_file_deep', 'leverage_under_3x'})",frozenset({'income_q4'}),0.04253133289357342,0.3881644677853209,1.6347739977640323,eclat,Portfolio-wide,356255,15152,"{credit_file_deep, leverage_under_3x} -> {income_q4}","{credit_file_deep, leverage_under_3x} -> {income_q4}"
"frozenset({'credit_file_deep', 'income_q4'})",frozenset({'leverage_under_3x'}),0.04253133289357342,0.6161854412362749,1.298691626788158,eclat,Portfolio-wide,356255,15152,"{credit_file_deep, income_q4} -> {leverage_under_3x}","{credit_file_deep, income_q4} -> {leverage_under_3x}"
"frozenset({'income_q4', 'previous_deep'})",frozenset({'credit_file_deep'}),0.036880885882303406,0.35618629364563,1.6132877508451327,eclat,Portfolio-wide,356255,13139,"{income_q4, previous_deep} -> {credit_file_deep}","{income_q4, previous_deep} -> {credit_file_deep}"
"frozenset({'credit_file_deep', 'income_q4'})",frozenset({'previous_deep'}),0.036880885882303406,0.5343228954859699,1.344914779395877,eclat,Portfolio-wide,356255,13139,"{credit_file_deep, income_q4} -> {previous_deep}","{credit_file_deep, income_q4} -> {previous_deep}"
"frozenset({'credit_file_deep', 'leverage_3_to_6x'})",frozenset({'previous_deep'}),0.038747526350507364,0.4972085149299427,1.2514962129080505,eclat,Portfolio-wide,356255,13804,"{credit_file_deep, leverage_3_to_6x} -> {previous_deep}","{credit_file_deep, leverage_3_to_6x} -> {previous_deep}"
"frozenset({'credit_file_deep', 'leverage_under_3x'})",frozenset({'previous_deep'}),0.05958933909699513,0.543845267068016,1.3688830172980637,eclat,Portfolio-wide,356255,21229,"{credit_file_deep, leverage_under_3x} -> {previous_deep}","{credit_file_deep, leverage_under_3x} -> {previous_deep}"
frozenset({'credit_file_deep'}),frozenset({'previous_deep'}),0.11391278718895173,0.5159493992753162,1.2986678623881232,eclat,Portfolio-wide,356255,40582,{credit_file_deep} -> {previous_deep},{credit_file_deep} -> {previous_deep}
"frozenset({'credit_file_deep', 'previous_outcome_mixed'})",frozenset({'previous_deep'}),0.046160755638517355,0.6164717348927875,1.5516871059456538,eclat,Portfolio-wide,356255,16445,"{credit_file_deep, previous_outcome_mixed} -> {previous_deep}","{credit_file_deep, previous_outcome_mixed} -> {previous_deep}"
"frozenset({'credit_file_deep', 'previous_deep'})",frozenset({'previous_outcome_mixed'}),0.046160755638517355,0.4052289192252723,1.2526775879092316,eclat,Portfolio-wide,356255,16445,"{credit_file_deep, previous_deep} -> {previous_outcome_mixed}","{credit_file_deep, previous_deep} -> {previous_outcome_mixed}"
"frozenset({'previous_deep', 'previous_refusals_repeated'})",frozenset({'credit_file_deep'}),0.036353173990540485,0.36052111460624114,1.6329216157147852,eclat,Portfolio-wide,356255,12951,"{previous_deep, previous_refusals_repeated} -> {credit_file_deep}","{previous_deep, previous_refusals_repeated} -> {credit_file_deep}"
"frozenset({'credit_file_deep', 'previous_refusals_repeated'})",frozenset({'previous_deep'}),0.036353173990540485,0.9829234972677595,2.474062686923742,eclat,Portfolio-wide,356255,12951,"{credit_file_deep, previous_refusals_repeated} -> {previous_deep}","{credit_file_deep, previous_refusals_repeated} -> {previous_deep}"
"frozenset({'credit_file_deep', 'repayment_some_late'})",frozenset({'previous_deep'}),0.0699948070904268,0.6408635312259059,1.6130823552631828,eclat,Portfolio-wide,356255,24936,"{credit_file_deep, repayment_some_late} -> {previous_deep}","{credit_file_deep, repayment_some_late} -> {previous_deep}"
"frozenset({'credit_file_deep', 'previous_deep'})",frozenset({'repayment_some_late'}),0.0699948070904268,0.6144596126361441,1.3817186834461463,eclat,Portfolio-wide,356255,24936,"{credit_file_deep, previous_deep} -> {repayment_some_late}","{credit_file_deep, previous_deep} -> {repayment_some_late}"
frozenset({'previous_refusals_repeated'}),frozenset({'credit_file_deep'}),0.03698474407376739,0.3573830964522079,1.6187084740522704,eclat,Portfolio-wide,356255,13176,{previous_refusals_repeated} -> {credit_file_deep},{previous_refusals_repeated} -> {credit_file_deep}
"frozenset({'credit_file_established', 'external_score_strong'})",frozenset({'credit_large'}),0.05488203674334395,0.39125127568887197,1.214918966778285,eclat,Portfolio-wide,356255,19552,"{credit_file_established, external_score_strong} -> {credit_large}","{credit_file_established, external_score_strong} -> {credit_large}"
"frozenset({'credit_file_established', 'credit_large'})",frozenset({'external_score_strong'}),0.05488203674334395,0.4068163375710035,1.2210625344703758,eclat,Portfolio-wide,356255,19552,"{credit_file_established, credit_large} -> {external_score_strong}","{credit_file_established, credit_large} -> {external_score_strong}"
"frozenset({'credit_file_established', 'income_q4'})",frozenset({'credit_large'}),0.05347574069135872,0.544189899451554,1.6898261333686058,eclat,Portfolio-wide,356255,19051,"{credit_file_established, income_q4} -> {credit_large}","{credit_file_established, income_q4} -> {credit_large}"
"frozenset({'credit_file_established', 'credit_large'})",frozenset({'income_q4'}),0.05347574069135872,0.3963920850585714,1.6694250178808527,eclat,Portfolio-wide,356255,19051,"{credit_file_established, credit_large} -> {income_q4}","{credit_file_established, credit_large} -> {income_q4}"
"frozenset({'credit_file_established', 'leverage_3_to_6x'})",frozenset({'credit_large'}),0.06583486547557227,0.4470920147162546,1.388316415371481,eclat,Portfolio-wide,356255,23454,"{credit_file_established, leverage_3_to_6x} -> {credit_large}","{credit_file_established, leverage_3_to_6x} -> {credit_large}"
"frozenset({'credit_file_established', 'credit_large'})",frozenset({'leverage_3_to_6x'}),0.06583486547557227,0.48800482719876814,1.3568363852409793,eclat,Portfolio-wide,356255,23454,"{credit_file_established, credit_large} -> {leverage_3_to_6x}","{credit_file_established, credit_large} -> {leverage_3_to_6x}"
"frozenset({'credit_file_established', 'leverage_over_6x'})",frozenset({'credit_large'}),0.0552722067058708,0.8082669731549135,2.509841978604209,eclat,Portfolio-wide,356255,19691,"{credit_file_established, leverage_over_6x} -> {credit_large}","{credit_file_established, leverage_over_6x} -> {credit_large}"
"frozenset({'credit_file_established', 'credit_large'})",frozenset({'leverage_over_6x'}),0.0552722067058708,0.40970849545369425,2.470058553575033,eclat,Portfolio-wide,356255,19691,"{credit_file_established, credit_large} -> {leverage_over_6x}","{credit_file_established, credit_large} -> {leverage_over_6x}"
"frozenset({'credit_file_established', 'leverage_3_to_6x'})",frozenset({'credit_medium'}),0.06668818683246551,0.4528870165271927,1.3168083841216969,eclat,Portfolio-wide,356255,23758,"{credit_file_established, leverage_3_to_6x} -> {credit_medium}","{credit_file_established, leverage_3_to_6x} -> {credit_medium}"
"frozenset({'credit_file_established', 'credit_medium'})",frozenset({'leverage_3_to_6x'}),0.06668818683246551,0.4763604282792637,1.3244605904585045,eclat,Portfolio-wide,356255,23758,"{credit_file_established, credit_medium} -> {leverage_3_to_6x}","{credit_file_established, credit_medium} -> {leverage_3_to_6x}"
"frozenset({'credit_file_established', 'income_q1'})",frozenset({'credit_small'}),0.06393454126959622,0.5115553060078608,1.5314504545493774,eclat,Portfolio-wide,356255,22777,"{credit_file_established, income_q1} -> {credit_small}","{credit_file_established, income_q1} -> {credit_small}"
"frozenset({'credit_file_established', 'credit_small'})",frozenset({'income_q1'}),0.06393454126959622,0.48776152643638776,1.5238350530161913,eclat,Portfolio-wide,356255,22777,"{credit_file_established, credit_small} -> {income_q1}","{credit_file_established, credit_small} -> {income_q1}"
"frozenset({'credit_file_established', 'leverage_under_3x'})",frozenset({'credit_small'}),0.11566434155310101,0.6076595242659746,1.8191590307423868,eclat,Portfolio-wide,356255,41206,"{credit_file_established, leverage_under_3x} -> {credit_small}","{credit_file_established, leverage_under_3x} -> {credit_small}"
"frozenset({'credit_file_established', 'credit_small'})",frozenset({'leverage_under_3x'}),0.11566434155310101,0.8824121463905604,1.8597993220910314,eclat,Portfolio-wide,356255,41206,"{credit_file_established, credit_small} -> {leverage_under_3x}","{credit_file_established, credit_small} -> {leverage_under_3x}"
"frozenset({'credit_file_established', 'leverage_over_6x'})",frozenset({'income_q1'}),0.033700579640987494,0.49281668171742876,1.539628063325902,eclat,Portfolio-wide,356255,12006,"{credit_file_established, leverage_over_6x} -> {income_q1}","{credit_file_established, leverage_over_6x} -> {income_q1}"
"frozenset({'credit_file_established', 'income_q4'})",frozenset({'leverage_under_3x'}),0.05834865475572273,0.5937785648994516,1.2514661963678504,eclat,Portfolio-wide,356255,20787,"{credit_file_established, income_q4} -> {leverage_under_3x}","{credit_file_established, income_q4} -> {leverage_under_3x}"
"frozenset({'credit_file_established', 'previous_one'})",frozenset({'previous_approval_high'}),0.06461663695948128,0.9887466712481746,1.8862504035766527,eclat,Portfolio-wide,356255,23020,"{credit_file_established, previous_one} -> {previous_approval_high}","{credit_file_established, previous_one} -> {previous_approval_high}"
"frozenset({'credit_file_established', 'previous_two_to_four'})",frozenset({'previous_approval_high'}),0.1003438548230902,0.6293108001056245,1.2005479109991712,eclat,Portfolio-wide,356255,35748,"{credit_file_established, previous_two_to_four} -> {previous_approval_high}","{credit_file_established, previous_two_to_four} -> {previous_approval_high}"
"frozenset({'credit_file_established', 'previous_approval_high'})",frozenset({'previous_two_to_four'}),0.1003438548230902,0.4688815729069661,1.22050974526144,eclat,Portfolio-wide,356255,35748,"{credit_file_established, previous_approval_high} -> {previous_two_to_four}","{credit_file_established, previous_approval_high} -> {previous_two_to_four}"
"frozenset({'credit_file_established', 'previous_outcome_mixed'})",frozenset({'previous_deep'}),0.07411825798936156,0.5577028682465256,1.4037632232360866,eclat,Portfolio-wide,356255,26405,"{credit_file_established, previous_outcome_mixed} -> {previous_deep}","{credit_file_established, previous_outcome_mixed} -> {previous_deep}"
"frozenset({'credit_file_established', 'previous_deep'})",frozenset({'previous_outcome_mixed'}),0.07411825798936156,0.4583803489280445,1.416983740790147,eclat,Portfolio-wide,356255,26405,"{credit_file_established, previous_deep} -> {previous_outcome_mixed}","{credit_file_established, previous_deep} -> {previous_outcome_mixed}"
"frozenset({'credit_file_established', 'previous_refusals_repeated'})",frozenset({'previous_deep'}),0.038531389033136375,0.9732009925558311,2.449590704925056,eclat,Portfolio-wide,356255,13727,"{credit_file_established, previous_refusals_repeated} -> {previous_deep}","{credit_file_established, previous_refusals_repeated} -> {previous_deep}"
"frozenset({'credit_file_established', 'repayment_some_late'})",frozenset({'previous_deep'}),0.09642531332893574,0.5285654936837408,1.3304231399019415,eclat,Portfolio-wide,356255,34352,"{credit_file_established, repayment_some_late} -> {previous_deep}","{credit_file_established, repayment_some_late} -> {previous_deep}"
"frozenset({'credit_file_established', 'previous_deep'})",frozenset({'repayment_some_late'}),0.09642531332893574,0.5963371235135839,1.3409671331469102,eclat,Portfolio-wide,356255,34352,"{credit_file_established, previous_deep} -> {repayment_some_late}","{credit_file_established, previous_deep} -> {repayment_some_late}"
"frozenset({'credit_file_established', 'previous_one'})",frozenset({'repayment_clean_observed'}),0.04627303476442436,0.7080577269993987,1.5791032135078489,eclat,Portfolio-wide,356255,16485,"{credit_file_established, previous_one} -> {repayment_clean_observed}","{credit_file_established, previous_one} -> {repayment_clean_observed}"
"frozenset({'credit_file_none', 'income_q1'})",frozenset({'credit_small'}),0.031629029768003254,0.5533294048320565,1.6565101731787488,eclat,Portfolio-wide,356255,11268,"{credit_file_none, income_q1} -> {credit_small}","{credit_file_none, income_q1} -> {credit_small}"
"frozenset({'credit_file_none', 'credit_small'})",frozenset({'income_q1'}),0.031629029768003254,0.5895155383488542,1.8417287812692031,eclat,Portfolio-wide,356255,11268,"{credit_file_none, credit_small} -> {income_q1}","{credit_file_none, credit_small} -> {income_q1}"
"frozenset({'credit_file_none', 'leverage_under_3x'})",frozenset({'credit_small'}),0.04504077135759498,0.6803765264586161,2.0368529628617766,eclat,Portfolio-wide,356255,16046,"{credit_file_none, leverage_under_3x} -> {credit_small}","{credit_file_none, leverage_under_3x} -> {credit_small}"
"frozenset({'credit_file_none', 'credit_small'})",frozenset({'leverage_under_3x'}),0.04504077135759498,0.8394893795123992,1.7693339618069455,eclat,Portfolio-wide,356255,16046,"{credit_file_none, credit_small} -> {leverage_under_3x}","{credit_file_none, credit_small} -> {leverage_under_3x}"
frozenset({'credit_file_none'}),frozenset({'income_q1'}),0.057161302999256154,0.40369518674173344,1.2612000802633996,eclat,Portfolio-wide,356255,20364,{credit_file_none} -> {income_q1},{credit_file_none} -> {income_q1}
"frozenset({'credit_file_none', 'previous_approval_high'})",frozenset({'income_q1'}),0.03581423418618686,0.44433223054152876,1.388155874102868,eclat,Portfolio-wide,356255,12759,"{credit_file_none, previous_approval_high} -> {income_q1}","{credit_file_none, previous_approval_high} -> {income_q1}"
"frozenset({'credit_file_none', 'previous_one'})",frozenset({'previous_approval_high'}),0.0321427067690278,0.9940104166666665,1.8962921485540807,eclat,Portfolio-wide,356255,11451,"{credit_file_none, previous_one} -> {previous_approval_high}","{credit_file_none, previous_one} -> {previous_approval_high}"
"frozenset({'credit_file_none', 'previous_approval_high'})",frozenset({'previous_one'}),0.0321427067690278,0.39878112484764056,2.3498589042408975,eclat,Portfolio-wide,356255,11451,"{credit_file_none, previous_approval_high} -> {previous_one}","{credit_file_none, previous_approval_high} -> {previous_one}"
"frozenset({'credit_file_thin', 'credit_large'})",frozenset({'leverage_3_to_6x'}),0.031640257680593954,0.46540049545829887,1.293987868054009,eclat,Portfolio-wide,356255,11272,"{credit_file_thin, credit_large} -> {leverage_3_to_6x}","{credit_file_thin, credit_large} -> {leverage_3_to_6x}"
"frozenset({'credit_file_thin', 'leverage_over_6x'})",frozenset({'credit_large'}),0.03057921994077276,0.7711474481489347,2.3945779072266467,eclat,Portfolio-wide,356255,10894,"{credit_file_thin, leverage_over_6x} -> {credit_large}","{credit_file_thin, leverage_over_6x} -> {credit_large}"
"frozenset({'credit_file_thin', 'credit_large'})",frozenset({'leverage_over_6x'}),0.03057921994077276,0.44979355904211393,2.711724165310842,eclat,Portfolio-wide,356255,10894,"{credit_file_thin, credit_large} -> {leverage_over_6x}","{credit_file_thin, credit_large} -> {leverage_over_6x}"
"frozenset({'credit_file_thin', 'leverage_3_to_6x'})",frozenset({'credit_medium'}),0.040167857293230975,0.4802658074909384,1.3964145997395185,eclat,Portfolio-wide,356255,14310,"{credit_file_thin, leverage_3_to_6x} -> {credit_medium}","{credit_file_thin, leverage_3_to_6x} -> {credit_medium}"
"frozenset({'credit_file_thin', 'credit_medium'})",frozenset({'leverage_3_to_6x'}),0.040167857293230975,0.5054750971388202,1.4054102857302657,eclat,Portfolio-wide,356255,14310,"{credit_file_thin, credit_medium} -> {leverage_3_to_6x}","{credit_file_thin, credit_medium} -> {leverage_3_to_6x}"
"frozenset({'external_score_weak', 'credit_file_thin'})",frozenset({'credit_small'}),0.031334297062497365,0.4158316260011175,1.2448811011758567,eclat,Portfolio-wide,356255,11163,"{credit_file_thin, external_score_weak} -> {credit_small}","{credit_file_thin, external_score_weak} -> {credit_small}"
"frozenset({'income_q1', 'credit_file_thin'})",frozenset({'credit_small'}),0.04733126552609788,0.5476809146420683,1.6396002071059068,eclat,Portfolio-wide,356255,16862,"{credit_file_thin, income_q1} -> {credit_small}","{credit_file_thin, income_q1} -> {credit_small}"
"frozenset({'credit_small', 'credit_file_thin'})",frozenset({'income_q1'}),0.04733126552609788,0.5621791024871641,1.7563259421094302,eclat,Portfolio-wide,356255,16862,"{credit_file_thin, credit_small} -> {income_q1}","{credit_file_thin, credit_small} -> {income_q1}"
"frozenset({'leverage_under_3x', 'credit_file_thin'})",frozenset({'credit_small'}),0.07168180095717955,0.6615631719385509,1.9805311536791157,eclat,Portfolio-wide,356255,25537,"{credit_file_thin, leverage_under_3x} -> {credit_small}","{credit_file_thin, leverage_under_3x} -> {credit_small}"
"frozenset({'credit_small', 'credit_file_thin'})",frozenset({'leverage_under_3x'}),0.07168180095717955,0.8514036140561445,1.794444773595209,eclat,Portfolio-wide,356255,25537,"{credit_file_thin, credit_small} -> {leverage_under_3x}","{credit_file_thin, credit_small} -> {leverage_under_3x}"
"frozenset({'external_score_weak', 'credit_file_thin'})",frozenset({'income_q1'}),0.030960968968856577,0.4108772583348855,1.2836378738443663,eclat,Portfolio-wide,356255,11030,"{credit_file_thin, external_score_weak} -> {income_q1}","{credit_file_thin, external_score_weak} -> {income_q1}"
"frozenset({'credit_file_thin', 'previous_approval_high'})",frozenset({'income_q1'}),0.05116840465396977,0.4019713775386447,1.2558146598355728,eclat,Portfolio-wide,356255,18229,"{credit_file_thin, previous_approval_high} -> {income_q1}","{credit_file_thin, previous_approval_high} -> {income_q1}"
"frozenset({'credit_file_thin', 'previous_two_to_four'})",frozenset({'income_q1'}),0.03699035803006274,0.39536767573730164,1.2351837741688143,eclat,Portfolio-wide,356255,13178,"{credit_file_thin, previous_two_to_four} -> {income_q1}","{credit_file_thin, previous_two_to_four} -> {income_q1}"
"frozenset({'repayment_clean_observed', 'credit_file_thin'})",frozenset({'income_q1'}),0.04243028168025712,0.38948724555526926,1.2168124899396882,eclat,Portfolio-wide,356255,15116,"{credit_file_thin, repayment_clean_observed} -> {income_q1}","{credit_file_thin, repayment_clean_observed} -> {income_q1}"
"frozenset({'credit_file_thin', 'previous_one'})",frozenset({'previous_approval_high'}),0.04636566504329764,0.9907629558541267,1.890096907198153,eclat,Portfolio-wide,356255,16518,"{credit_file_thin, previous_one} -> {previous_approval_high}","{credit_file_thin, previous_one} -> {previous_approval_high}"
"frozenset({'credit_file_thin', 'previous_approval_high'})",frozenset({'previous_one'}),0.04636566504329764,0.3642417693885201,2.146332190173463,eclat,Portfolio-wide,356255,16518,"{credit_file_thin, previous_approval_high} -> {previous_one}","{credit_file_thin, previous_approval_high} -> {previous_one}"
"frozenset({'credit_file_thin', 'previous_outcome_mixed'})",frozenset({'previous_deep'}),0.03754613970330241,0.5157509157509157,1.2981682704228752,eclat,Portfolio-wide,356255,13376,"{credit_file_thin, previous_outcome_mixed} -> {previous_deep}","{credit_file_thin, previous_outcome_mixed} -> {previous_deep}"
"frozenset({'credit_file_thin', 'previous_deep'})",frozenset({'previous_outcome_mixed'}),0.03754613970330241,0.4934882862940417,1.525512338354669,eclat,Portfolio-wide,356255,13376,"{credit_file_thin, previous_deep} -> {previous_outcome_mixed}","{credit_file_thin, previous_deep} -> {previous_outcome_mixed}"
"frozenset({'credit_file_thin', 'previous_deep'})",frozenset({'repayment_some_late'}),0.04406394296220404,0.5791551374285188,1.3023304665471407,eclat,Portfolio-wide,356255,15698,"{credit_file_thin, previous_deep} -> {repayment_some_late}","{credit_file_thin, previous_deep} -> {repayment_some_late}"
"frozenset({'credit_file_thin', 'previous_one'})",frozenset({'repayment_clean_observed'}),0.033417074848072305,0.7140714971209212,1.5925150630818057,eclat,Portfolio-wide,356255,11905,"{credit_file_thin, previous_one} -> {repayment_clean_observed}","{credit_file_thin, previous_one} -> {repayment_clean_observed}"
"frozenset({'credit_file_thin', 'previous_outcome_mixed'})",frozenset({'previous_two_to_four'}),0.03482056392190987,0.47831116252168876,1.2450551884684151,eclat,Portfolio-wide,356255,12405,"{credit_file_thin, previous_outcome_mixed} -> {previous_two_to_four}","{credit_file_thin, previous_outcome_mixed} -> {previous_two_to_four}"
"frozenset({'external_score_middle', 'income_q4'})",frozenset({'credit_large'}),0.043867454491866784,0.5379505008433445,1.6704514650124267,eclat,Portfolio-wide,356255,15628,"{external_score_middle, income_q4} -> {credit_large}","{external_score_middle, income_q4} -> {credit_large}"
"frozenset({'external_score_middle', 'credit_large'})",frozenset({'income_q4'}),0.043867454491866784,0.3974972021568827,1.6740792736068122,eclat,Portfolio-wide,356255,15628,"{credit_large, external_score_middle} -> {income_q4}","{credit_large, external_score_middle} -> {income_q4}"
"frozenset({'external_score_middle', 'leverage_3_to_6x'})",frozenset({'credit_large'}),0.05387713856647626,0.4495292519555951,1.3958845587427702,eclat,Portfolio-wide,356255,19194,"{external_score_middle, leverage_3_to_6x} -> {credit_large}","{external_score_middle, leverage_3_to_6x} -> {credit_large}"
"frozenset({'external_score_middle', 'credit_large'})",frozenset({'leverage_3_to_6x'}),0.05387713856647626,0.488198189032455,1.35737400363498,eclat,Portfolio-wide,356255,19194,"{credit_large, external_score_middle} -> {leverage_3_to_6x}","{credit_large, external_score_middle} -> {leverage_3_to_6x}"
"frozenset({'external_score_middle', 'leverage_over_6x'})",frozenset({'credit_large'}),0.04472638980505537,0.8029631122757509,2.4933723551687264,eclat,Portfolio-wide,356255,15934,"{external_score_middle, leverage_over_6x} -> {credit_large}","{external_score_middle, leverage_over_6x} -> {credit_large}"
"frozenset({'external_score_middle', 'credit_large'})",frozenset({'leverage_over_6x'}),0.04472638980505537,0.4052802930104792,2.4433617204773617,eclat,Portfolio-wide,356255,15934,"{credit_large, external_score_middle} -> {leverage_over_6x}","{credit_large, external_score_middle} -> {leverage_over_6x}"
"frozenset({'external_score_strong', 'income_q3'})",frozenset({'credit_large'}),0.037470351293315184,0.43059901293506664,1.3371021141585504,eclat,Portfolio-wide,356255,13349,"{external_score_strong, income_q3} -> {credit_large}","{external_score_strong, income_q3} -> {credit_large}"
"frozenset({'external_score_strong', 'income_q4'})",frozenset({'credit_large'}),0.05428695737603683,0.6059087064131082,1.8814762412244777,eclat,Portfolio-wide,356255,19340,"{external_score_strong, income_q4} -> {credit_large}","{external_score_strong, income_q4} -> {credit_large}"
"frozenset({'credit_large', 'income_q4'})",frozenset({'external_score_strong'}),0.05428695737603683,0.4258411132640479,1.2781655529090705,eclat,Portfolio-wide,356255,19340,"{credit_large, income_q4} -> {external_score_strong}","{credit_large, income_q4} -> {external_score_strong}"
"frozenset({'external_score_strong', 'credit_large'})",frozenset({'income_q4'}),0.05428695737603683,0.4225198260983549,1.779463301178265,eclat,Portfolio-wide,356255,19340,"{credit_large, external_score_strong} -> {income_q4}","{credit_large, external_score_strong} -> {income_q4}"
"frozenset({'external_score_strong', 'leverage_3_to_6x'})",frozenset({'credit_large'}),0.06155703077851539,0.500627782216642,1.5545564339445452,eclat,Portfolio-wide,356255,21930,"{external_score_strong, leverage_3_to_6x} -> {credit_large}","{external_score_strong, leverage_3_to_6x} -> {credit_large}"
"frozenset({'external_score_strong', 'credit_large'})",frozenset({'leverage_3_to_6x'}),0.06155703077851539,0.47910340156861025,1.332087084614501,eclat,Portfolio-wide,356255,21930,"{credit_large, external_score_strong} -> {leverage_3_to_6x}","{credit_large, external_score_strong} -> {leverage_3_to_6x}"
"frozenset({'external_score_strong', 'leverage_over_6x'})",frozenset({'credit_large'}),0.053447670909881964,0.8346556787796432,2.591784558639929,eclat,Portfolio-wide,356255,19041,"{external_score_strong, leverage_over_6x} -> {credit_large}","{external_score_strong, leverage_over_6x} -> {credit_large}"
"frozenset({'credit_large', 'leverage_over_6x'})",frozenset({'external_score_strong'}),0.053447670909881964,0.40422460460672965,1.2132834269720831,eclat,Portfolio-wide,356255,19041,"{credit_large, leverage_over_6x} -> {external_score_strong}","{credit_large, leverage_over_6x} -> {external_score_strong}"
"frozenset({'external_score_strong', 'credit_large'})",frozenset({'leverage_over_6x'}),0.053447670909881964,0.4159875909378891,2.507914086671253,eclat,Portfolio-wide,356255,19041,"{credit_large, external_score_strong} -> {leverage_over_6x}","{credit_large, external_score_strong} -> {leverage_over_6x}"
"frozenset({'external_score_strong', 'previous_approval_high'})",frozenset({'credit_large'}),0.07374212291757308,0.38873351977626847,1.2071007956897577,eclat,Portfolio-wide,356255,26271,"{external_score_strong, previous_approval_high} -> {credit_large}","{external_score_strong, previous_approval_high} -> {credit_large}"
"frozenset({'credit_large', 'previous_approval_high'})",frozenset({'external_score_strong'}),0.07374212291757308,0.4209758833426809,1.263562525867344,eclat,Portfolio-wide,356255,26271,"{credit_large, previous_approval_high} -> {external_score_strong}","{credit_large, previous_approval_high} -> {external_score_strong}"
"frozenset({'external_score_strong', 'previous_two_to_four'})",frozenset({'credit_large'}),0.05121612328248024,0.39067317574511823,1.2131238426981825,eclat,Portfolio-wide,356255,18246,"{external_score_strong, previous_two_to_four} -> {credit_large}","{external_score_strong, previous_two_to_four} -> {credit_large}"
"frozenset({'credit_large', 'previous_two_to_four'})",frozenset({'external_score_strong'}),0.05121612328248024,0.4099856192701779,1.2305751591775118,eclat,Portfolio-wide,356255,18246,"{credit_large, previous_two_to_four} -> {external_score_strong}","{credit_large, previous_two_to_four} -> {external_score_strong}"
"frozenset({'repayment_clean_observed', 'credit_large'})",frozenset({'external_score_strong'}),0.06138861208965488,0.42943821548490974,1.2889622843795414,eclat,Portfolio-wide,356255,21870,"{credit_large, repayment_clean_observed} -> {external_score_strong}","{credit_large, repayment_clean_observed} -> {external_score_strong}"
"frozenset({'external_score_weak', 'credit_large'})",frozenset({'leverage_3_to_6x'}),0.04082749715793463,0.4913187407107148,1.3660503072760568,eclat,Portfolio-wide,356255,14545,"{credit_large, external_score_weak} -> {leverage_3_to_6x}","{credit_large, external_score_weak} -> {leverage_3_to_6x}"
"frozenset({'external_score_weak', 'leverage_over_6x'})",frozenset({'credit_large'}),0.03400654025908408,0.7381344056540547,2.2920653431270943,eclat,Portfolio-wide,356255,12115,"{external_score_weak, leverage_over_6x} -> {credit_large}","{external_score_weak, leverage_over_6x} -> {credit_large}"
"frozenset({'external_score_weak', 'credit_large'})",frozenset({'leverage_over_6x'}),0.03400654025908408,0.4092352384812863,2.4672053727264376,eclat,Portfolio-wide,356255,12115,"{credit_large, external_score_weak} -> {leverage_over_6x}","{credit_large, external_score_weak} -> {leverage_over_6x}"
"frozenset({'income_q1', 'leverage_over_6x'})",frozenset({'credit_large'}),0.049658250410520556,0.5960981198193949,1.8510122696835867,eclat,Portfolio-wide,356255,17691,"{income_q1, leverage_over_6x} -> {credit_large}","{income_q1, leverage_over_6x} -> {credit_large}"
"frozenset({'income_q1', 'credit_large'})",frozenset({'leverage_over_6x'}),0.049658250410520556,1.0,6.028819467948284,eclat,Portfolio-wide,356255,17691,"{credit_large, income_q1} -> {leverage_over_6x}","{credit_large, income_q1} -> {leverage_over_6x}"
"frozenset({'income_q2', 'leverage_over_6x'})",frozenset({'credit_large'}),0.03441355209049698,1.0,3.105214071543128,eclat,Portfolio-wide,356255,12260,"{income_q2, leverage_over_6x} -> {credit_large}","{income_q2, leverage_over_6x} -> {credit_large}"
"frozenset({'income_q2', 'credit_large'})",frozenset({'leverage_over_6x'}),0.03441355209049698,0.7039099730148706,4.243746148995003,eclat,Portfolio-wide,356255,12260,"{credit_large, income_q2} -> {leverage_over_6x}","{credit_large, income_q2} -> {leverage_over_6x}"
"frozenset({'income_q3', 'leverage_3_to_6x'})",frozenset({'credit_large'}),0.060560553536090724,0.5997387001723468,1.8623170510241562,eclat,Portfolio-wide,356255,21575,"{income_q3, leverage_3_to_6x} -> {credit_large}","{income_q3, leverage_3_to_6x} -> {credit_large}"
"frozenset({'credit_large', 'leverage_3_to_6x'})",frozenset({'income_q3'}),0.060560553536090724,0.3874472479123642,1.4809134530504398,eclat,Portfolio-wide,356255,21575,"{credit_large, leverage_3_to_6x} -> {income_q3}","{credit_large, leverage_3_to_6x} -> {income_q3}"
"frozenset({'income_q3', 'credit_large'})",frozenset({'leverage_3_to_6x'}),0.060560553536090724,0.6307741784586599,1.753788709664954,eclat,Portfolio-wide,356255,21575,"{credit_large, income_q3} -> {leverage_3_to_6x}","{credit_large, income_q3} -> {leverage_3_to_6x}"
"frozenset({'income_q3', 'leverage_over_6x'})",frozenset({'credit_large'}),0.035449327026989094,1.0,3.105214071543128,eclat,Portfolio-wide,356255,12629,"{income_q3, leverage_over_6x} -> {credit_large}","{income_q3, leverage_over_6x} -> {credit_large}"
"frozenset({'income_q3', 'credit_large'})",frozenset({'leverage_over_6x'}),0.035449327026989094,0.3692258215413402,2.2259958209776305,eclat,Portfolio-wide,356255,12629,"{credit_large, income_q3} -> {leverage_over_6x}","{credit_large, income_q3} -> {leverage_over_6x}"
"frozenset({'income_q3', 'previous_approval_high'})",frozenset({'credit_large'}),0.05242312388598055,0.399273115980759,1.2398284981323242,eclat,Portfolio-wide,356255,18676,"{income_q3, previous_approval_high} -> {credit_large}","{income_q3, previous_approval_high} -> {credit_large}"
frozenset({'income_q4'}),frozenset({'credit_large'}),0.12748171955481327,0.5368956141387871,1.6671758159735512,eclat,Portfolio-wide,356255,45416,{income_q4} -> {credit_large},{income_q4} -> {credit_large}
frozenset({'credit_large'}),frozenset({'income_q4'}),0.12748171955481327,0.3958580294261209,1.6671758159735512,eclat,Portfolio-wide,356255,45416,{credit_large} -> {income_q4},{credit_large} -> {income_q4}
"frozenset({'income_q4', 'leverage_3_to_6x'})",frozenset({'credit_large'}),0.08127043830963776,0.9926289083927593,3.082325254161691,eclat,Portfolio-wide,356255,28953,"{income_q4, leverage_3_to_6x} -> {credit_large}","{income_q4, leverage_3_to_6x} -> {credit_large}"
"frozenset({'credit_large', 'leverage_3_to_6x'})",frozenset({'income_q4'}),0.08127043830963776,0.5199425338960223,2.1897638895038116,eclat,Portfolio-wide,356255,28953,"{credit_large, leverage_3_to_6x} -> {income_q4}","{credit_large, leverage_3_to_6x} -> {income_q4}"
"frozenset({'credit_large', 'income_q4'})",frozenset({'leverage_3_to_6x'}),0.08127043830963776,0.63750660560155,1.7725073812832095,eclat,Portfolio-wide,356255,28953,"{credit_large, income_q4} -> {leverage_3_to_6x}","{credit_large, income_q4} -> {leverage_3_to_6x}"
"frozenset({'leverage_under_3x', 'credit_large'})",frozenset({'income_q4'}),0.03350970512694559,1.0,4.211549828584939,eclat,Portfolio-wide,356255,11938,"{credit_large, leverage_under_3x} -> {income_q4}","{credit_large, leverage_under_3x} -> {income_q4}"
"frozenset({'previous_approval_high', 'income_q4'})",frozenset({'credit_large'}),0.06396541802922064,0.5647163779644635,1.7535652432861197,eclat,Portfolio-wide,356255,22788,"{income_q4, previous_approval_high} -> {credit_large}","{income_q4, previous_approval_high} -> {credit_large}"
"frozenset({'credit_large', 'previous_approval_high'})",frozenset({'income_q4'}),0.06396541802922064,0.3651630478327057,1.5379023715053857,eclat,Portfolio-wide,356255,22788,"{credit_large, previous_approval_high} -> {income_q4}","{credit_large, previous_approval_high} -> {income_q4}"
"frozenset({'income_q4', 'previous_deep'})",frozenset({'credit_large'}),0.05196277946976183,0.5018434179136847,1.5583312430168725,eclat,Portfolio-wide,356255,18512,"{income_q4, previous_deep} -> {credit_large}","{income_q4, previous_deep} -> {credit_large}"
"frozenset({'credit_large', 'previous_deep'})",frozenset({'income_q4'}),0.05196277946976183,0.41683366733466937,1.7555157602117581,eclat,Portfolio-wide,356255,18512,"{credit_large, previous_deep} -> {income_q4}","{credit_large, previous_deep} -> {income_q4}"
"frozenset({'income_q4', 'previous_outcome_mixed'})",frozenset({'credit_large'}),0.04032785504764846,0.5071481520703167,1.5748035781658416,eclat,Portfolio-wide,356255,14367,"{income_q4, previous_outcome_mixed} -> {credit_large}","{income_q4, previous_outcome_mixed} -> {credit_large}"
"frozenset({'credit_large', 'previous_outcome_mixed'})",frozenset({'income_q4'}),0.04032785504764846,0.4103098671997716,1.7280404508719072,eclat,Portfolio-wide,356255,14367,"{credit_large, previous_outcome_mixed} -> {income_q4}","{credit_large, previous_outcome_mixed} -> {income_q4}"
"frozenset({'income_q4', 'previous_two_to_four'})",frozenset({'credit_large'}),0.04598952997150917,0.5492457257794168,1.7055255564251632,eclat,Portfolio-wide,356255,16384,"{income_q4, previous_two_to_four} -> {credit_large}","{income_q4, previous_two_to_four} -> {credit_large}"
"frozenset({'credit_large', 'previous_two_to_four'})",frozenset({'income_q4'}),0.04598952997150917,0.3681466834441848,1.5504681015534703,eclat,Portfolio-wide,356255,16384,"{credit_large, previous_two_to_four} -> {income_q4}","{credit_large, previous_two_to_four} -> {income_q4}"
"frozenset({'repayment_clean_observed', 'income_q4'})",frozenset({'credit_large'}),0.053947313020168135,0.5404820158047189,1.6783123608928086,eclat,Portfolio-wide,356255,19219,"{income_q4, repayment_clean_observed} -> {credit_large}","{income_q4, repayment_clean_observed} -> {credit_large}"
"frozenset({'repayment_clean_observed', 'credit_large'})",frozenset({'income_q4'}),0.053947313020168135,0.377383313370118,1.5893686287347368,eclat,Portfolio-wide,356255,19219,"{credit_large, repayment_clean_observed} -> {income_q4}","{credit_large, repayment_clean_observed} -> {income_q4}"
"frozenset({'repayment_some_late', 'income_q4'})",frozenset({'credit_large'}),0.057228670474800354,0.5178036267587748,1.6078911081074132,eclat,Portfolio-wide,356255,20388,"{income_q4, repayment_some_late} -> {credit_large}","{income_q4, repayment_some_late} -> {credit_large}"
"frozenset({'repayment_some_late', 'credit_large'})",frozenset({'income_q4'}),0.057228670474800354,0.4070842401613322,1.7144555618710888,eclat,Portfolio-wide,356255,20388,"{credit_large, repayment_some_late} -> {income_q4}","{credit_large, repayment_some_late} -> {income_q4}"
frozenset({'leverage_3_to_6x'}),frozenset({'credit_large'}),0.15630657815328908,0.43459089064402334,1.3494977489922821,eclat,Portfolio-wide,356255,55685,{leverage_3_to_6x} -> {credit_large},{leverage_3_to_6x} -> {credit_large}
frozenset({'credit_large'}),frozenset({'leverage_3_to_6x'}),0.15630657815328908,0.4853653859563489,1.3494977489922821,eclat,Portfolio-wide,356255,55685,{credit_large} -> {leverage_3_to_6x},{credit_large} -> {leverage_3_to_6x}
"frozenset({'previous_approval_high', 'leverage_3_to_6x'})",frozenset({'credit_large'}),0.082348317918345,0.4318138329972475,1.3408743905100273,eclat,Portfolio-wide,356255,29337,"{leverage_3_to_6x, previous_approval_high} -> {credit_large}","{leverage_3_to_6x, previous_approval_high} -> {credit_large}"
"frozenset({'credit_large', 'previous_approval_high'})",frozenset({'leverage_3_to_6x'}),0.082348317918345,0.4701065619742008,1.3070724973942411,eclat,Portfolio-wide,356255,29337,"{credit_large, previous_approval_high} -> {leverage_3_to_6x}","{credit_large, previous_approval_high} -> {leverage_3_to_6x}"
"frozenset({'previous_deep', 'leverage_3_to_6x'})",frozenset({'credit_large'}),0.06354437130706937,0.45801804718164524,1.4222440851291491,eclat,Portfolio-wide,356255,22638,"{leverage_3_to_6x, previous_deep} -> {credit_large}","{leverage_3_to_6x, previous_deep} -> {credit_large}"
"frozenset({'credit_large', 'previous_deep'})",frozenset({'leverage_3_to_6x'}),0.06354437130706937,0.5097385782801558,1.4172643617925023,eclat,Portfolio-wide,356255,22638,"{credit_large, previous_deep} -> {leverage_3_to_6x}","{credit_large, previous_deep} -> {leverage_3_to_6x}"
"frozenset({'previous_outcome_mixed', 'leverage_3_to_6x'})",frozenset({'credit_large'}),0.05003438548230902,0.4338566386759158,1.3472177394488563,eclat,Portfolio-wide,356255,17825,"{leverage_3_to_6x, previous_outcome_mixed} -> {credit_large}","{leverage_3_to_6x, previous_outcome_mixed} -> {credit_large}"
"frozenset({'credit_large', 'previous_outcome_mixed'})",frozenset({'leverage_3_to_6x'}),0.05003438548230902,0.5090675424817935,1.4153986306843829,eclat,Portfolio-wide,356255,17825,"{credit_large, previous_outcome_mixed} -> {leverage_3_to_6x}","{credit_large, previous_outcome_mixed} -> {leverage_3_to_6x}"
"frozenset({'previous_two_to_four', 'leverage_3_to_6x'})",frozenset({'credit_large'}),0.059538813490336975,0.4241945483271003,1.3172148805371933,eclat,Portfolio-wide,356255,21211,"{leverage_3_to_6x, previous_two_to_four} -> {credit_large}","{leverage_3_to_6x, previous_two_to_four} -> {credit_large}"
"frozenset({'credit_large', 'previous_two_to_four'})",frozenset({'leverage_3_to_6x'}),0.059538813490336975,0.4766088441488405,1.325151279713461,eclat,Portfolio-wide,356255,21211,"{credit_large, previous_two_to_four} -> {leverage_3_to_6x}","{credit_large, previous_two_to_four} -> {leverage_3_to_6x}"
"frozenset({'repayment_clean_observed', 'leverage_3_to_6x'})",frozenset({'credit_large'}),0.06831062020182173,0.427007299270073,1.3259490743450584,eclat,Portfolio-wide,356255,24336,"{leverage_3_to_6x, repayment_clean_observed} -> {credit_large}","{leverage_3_to_6x, repayment_clean_observed} -> {credit_large}"
"frozenset({'repayment_clean_observed', 'credit_large'})",frozenset({'leverage_3_to_6x'}),0.06831062020182173,0.477860466942879,1.3286312603466375,eclat,Portfolio-wide,356255,24336,"{credit_large, repayment_clean_observed} -> {leverage_3_to_6x}","{credit_large, repayment_clean_observed} -> {leverage_3_to_6x}"
"frozenset({'repayment_some_late', 'leverage_3_to_6x'})",frozenset({'credit_large'}),0.07028953979593269,0.44104903480343816,1.369551669112151,eclat,Portfolio-wide,356255,25041,"{leverage_3_to_6x, repayment_some_late} -> {credit_large}","{leverage_3_to_6x, repayment_some_late} -> {credit_large}"
"frozenset({'repayment_some_late', 'credit_large'})",frozenset({'leverage_3_to_6x'}),0.07028953979593269,0.4999900165724897,1.390159705257331,eclat,Portfolio-wide,356255,25041,"{credit_large, repayment_some_late} -> {leverage_3_to_6x}","{credit_large, repayment_some_late} -> {leverage_3_to_6x}"
frozenset({'leverage_over_6x'}),frozenset({'credit_large'}),0.13222270564623653,0.7971468219048262,2.47531152846475,eclat,Portfolio-wide,356255,47105,{leverage_over_6x} -> {credit_large},{leverage_over_6x} -> {credit_large}
frozenset({'credit_large'}),frozenset({'leverage_over_6x'}),0.13222270564623653,0.4105798061501987,2.47531152846475,eclat,Portfolio-wide,356255,47105,{credit_large} -> {leverage_over_6x},{credit_large} -> {leverage_over_6x}
"frozenset({'previous_approval_high', 'leverage_over_6x'})",frozenset({'credit_large'}),0.07730979214326816,0.7901425825515678,2.453561865864556,eclat,Portfolio-wide,356255,27542,"{leverage_over_6x, previous_approval_high} -> {credit_large}","{leverage_over_6x, previous_approval_high} -> {credit_large}"
"frozenset({'credit_large', 'previous_approval_high'})",frozenset({'leverage_over_6x'}),0.07730979214326816,0.44134284111850014,2.66077631257482,eclat,Portfolio-wide,356255,27542,"{credit_large, previous_approval_high} -> {leverage_over_6x}","{credit_large, previous_approval_high} -> {leverage_over_6x}"
"frozenset({'previous_deep', 'leverage_over_6x'})",frozenset({'credit_large'}),0.04657618840437327,0.8296914845742287,2.576369672939403,eclat,Portfolio-wide,356255,16593,"{leverage_over_6x, previous_deep} -> {credit_large}","{leverage_over_6x, previous_deep} -> {credit_large}"
"frozenset({'credit_large', 'previous_deep'})",frozenset({'leverage_over_6x'}),0.04657618840437327,0.37362365179797796,2.25250954564558,eclat,Portfolio-wide,356255,16593,"{credit_large, previous_deep} -> {leverage_over_6x}","{credit_large, previous_deep} -> {leverage_over_6x}"
"frozenset({'previous_outcome_mixed', 'leverage_over_6x'})",frozenset({'credit_large'}),0.03731877447334073,0.8036146034816247,2.4953953748286923,eclat,Portfolio-wide,356255,13295,"{leverage_over_6x, previous_outcome_mixed} -> {credit_large}","{leverage_over_6x, previous_outcome_mixed} -> {credit_large}"
"frozenset({'credit_large', 'previous_outcome_mixed'})",frozenset({'leverage_over_6x'}),0.03731877447334073,0.37969441667856635,2.289109091143008,eclat,Portfolio-wide,356255,13295,"{credit_large, previous_outcome_mixed} -> {leverage_over_6x}","{credit_large, previous_outcome_mixed} -> {leverage_over_6x}"
"frozenset({'leverage_over_6x', 'previous_two_to_four'})",frozenset({'credit_large'}),0.05405678516792747,0.7851755208545684,2.4381380759888107,eclat,Portfolio-wide,356255,19258,"{leverage_over_6x, previous_two_to_four} -> {credit_large}","{leverage_over_6x, previous_two_to_four} -> {credit_large}"
"frozenset({'credit_large', 'previous_two_to_four'})",frozenset({'leverage_over_6x'}),0.05405678516792747,0.4327251483012763,2.6088217983495428,eclat,Portfolio-wide,356255,19258,"{credit_large, previous_two_to_four} -> {leverage_over_6x}","{credit_large, previous_two_to_four} -> {leverage_over_6x}"
"frozenset({'repayment_clean_observed', 'leverage_over_6x'})",frozenset({'credit_large'}),0.061237035269680426,0.7981852773306015,2.4785361548655382,eclat,Portfolio-wide,356255,21816,"{leverage_over_6x, repayment_clean_observed} -> {credit_large}","{leverage_over_6x, repayment_clean_observed} -> {credit_large}"
"frozenset({'repayment_clean_observed', 'credit_large'})",frozenset({'leverage_over_6x'}),0.061237035269680426,0.4283778742121075,2.5826128676882547,eclat,Portfolio-wide,356255,21816,"{credit_large, repayment_clean_observed} -> {leverage_over_6x}","{credit_large, repayment_clean_observed} -> {leverage_over_6x}"
"frozenset({'repayment_some_late', 'leverage_over_6x'})",frozenset({'credit_large'}),0.05448344584637409,0.7954266043766904,2.469969884790268,eclat,Portfolio-wide,356255,19410,"{leverage_over_6x, repayment_some_late} -> {credit_large}","{leverage_over_6x, repayment_some_late} -> {credit_large}"
"frozenset({'repayment_some_late', 'credit_large'})",frozenset({'leverage_over_6x'}),0.05448344584637409,0.38755665595112115,2.336509112331054,eclat,Portfolio-wide,356255,19410,"{credit_large, repayment_some_late} -> {leverage_over_6x}","{credit_large, repayment_some_late} -> {leverage_over_6x}"
"frozenset({'credit_large', 'previous_one'})",frozenset({'previous_approval_high'}),0.05144068153429426,0.9884573894282632,1.8856985352716333,eclat,Portfolio-wide,356255,18326,"{credit_large, previous_one} -> {previous_approval_high}","{credit_large, previous_one} -> {previous_approval_high}"
"frozenset({'credit_large', 'previous_two_to_four'})",frozenset({'previous_approval_high'}),0.0819300781743414,0.6558511594463419,1.2511794478460165,eclat,Portfolio-wide,356255,29188,"{credit_large, previous_two_to_four} -> {previous_approval_high}","{credit_large, previous_two_to_four} -> {previous_approval_high}"
"frozenset({'credit_large', 'previous_approval_high'})",frozenset({'previous_two_to_four'}),0.0819300781743414,0.4677189327778223,1.217483365702409,eclat,Portfolio-wide,356255,29188,"{credit_large, previous_approval_high} -> {previous_two_to_four}","{credit_large, previous_approval_high} -> {previous_two_to_four}"
"frozenset({'credit_large', 'previous_outcome_mixed'})",frozenset({'previous_deep'}),0.05530308346549522,0.5626731400828217,1.4162736211747151,eclat,Portfolio-wide,356255,19702,"{credit_large, previous_outcome_mixed} -> {previous_deep}","{credit_large, previous_outcome_mixed} -> {previous_deep}"
"frozenset({'credit_large', 'previous_deep'})",frozenset({'previous_outcome_mixed'}),0.05530308346549522,0.44362883069509806,1.3713826116472052,eclat,Portfolio-wide,356255,19702,"{credit_large, previous_deep} -> {previous_outcome_mixed}","{credit_large, previous_deep} -> {previous_outcome_mixed}"
"frozenset({'repayment_some_late', 'credit_large'})",frozenset({'previous_deep'}),0.07424176502785926,0.5281033484415869,1.3292598995249125,eclat,Portfolio-wide,356255,26449,"{credit_large, repayment_some_late} -> {previous_deep}","{credit_large, repayment_some_late} -> {previous_deep}"
"frozenset({'credit_large', 'previous_deep'})",frozenset({'repayment_some_late'}),0.07424176502785926,0.5955506518655288,1.339198615659721,eclat,Portfolio-wide,356255,26449,"{credit_large, previous_deep} -> {repayment_some_late}","{credit_large, previous_deep} -> {repayment_some_late}"
"frozenset({'credit_large', 'previous_one'})",frozenset({'repayment_clean_observed'}),0.037607893222551265,0.7226537216828479,1.6116550538876626,eclat,Portfolio-wide,356255,13398,"{credit_large, previous_one} -> {repayment_clean_observed}","{credit_large, previous_one} -> {repayment_clean_observed}"
"frozenset({'external_score_middle', 'leverage_3_to_6x'})",frozenset({'credit_medium'}),0.0536469663583669,0.4476087872968289,1.3014614736336108,eclat,Portfolio-wide,356255,19112,"{external_score_middle, leverage_3_to_6x} -> {credit_medium}","{external_score_middle, leverage_3_to_6x} -> {credit_medium}"
"frozenset({'external_score_middle', 'credit_medium'})",frozenset({'leverage_3_to_6x'}),0.0536469663583669,0.46832806488764733,1.302127608689077,eclat,Portfolio-wide,356255,19112,"{credit_medium, external_score_middle} -> {leverage_3_to_6x}","{credit_medium, external_score_middle} -> {leverage_3_to_6x}"
"frozenset({'external_score_strong', 'credit_medium'})",frozenset({'leverage_3_to_6x'}),0.049054750108770404,0.4650840962316372,1.293108159577638,eclat,Portfolio-wide,356255,17476,"{credit_medium, external_score_strong} -> {leverage_3_to_6x}","{credit_medium, external_score_strong} -> {leverage_3_to_6x}"
"frozenset({'external_score_weak', 'leverage_3_to_6x'})",frozenset({'credit_medium'}),0.060776690853461705,0.5208563868174164,1.514435238934093,eclat,Portfolio-wide,356255,21652,"{external_score_weak, leverage_3_to_6x} -> {credit_medium}","{external_score_weak, leverage_3_to_6x} -> {credit_medium}"
"frozenset({'external_score_weak', 'credit_medium'})",frozenset({'leverage_3_to_6x'}),0.060776690853461705,0.4912312543957166,1.36580706251948,eclat,Portfolio-wide,356255,21652,"{credit_medium, external_score_weak} -> {leverage_3_to_6x}","{credit_medium, external_score_weak} -> {leverage_3_to_6x}"
"frozenset({'income_q1', 'leverage_3_to_6x'})",frozenset({'credit_medium'}),0.068290971354788,0.6318564305007272,1.8371775186330783,eclat,Portfolio-wide,356255,24329,"{income_q1, leverage_3_to_6x} -> {credit_medium}","{income_q1, leverage_3_to_6x} -> {credit_medium}"
"frozenset({'leverage_3_to_6x', 'credit_medium'})",frozenset({'income_q1'}),0.068290971354788,0.4175075507962657,1.3043518324425705,eclat,Portfolio-wide,356255,24329,"{credit_medium, leverage_3_to_6x} -> {income_q1}","{credit_medium, leverage_3_to_6x} -> {income_q1}"
"frozenset({'income_q1', 'credit_medium'})",frozenset({'leverage_3_to_6x'}),0.068290971354788,0.6702573144525868,1.8635666309766985,eclat,Portfolio-wide,356255,24329,"{credit_medium, income_q1} -> {leverage_3_to_6x}","{credit_medium, income_q1} -> {leverage_3_to_6x}"
"frozenset({'leverage_over_6x', 'credit_medium'})",frozenset({'income_q1'}),0.031550434379868354,1.0,3.1241395034770636,eclat,Portfolio-wide,356255,11240,"{credit_medium, leverage_over_6x} -> {income_q1}","{credit_medium, leverage_over_6x} -> {income_q1}"
"frozenset({'income_q2', 'leverage_3_to_6x'})",frozenset({'credit_medium'}),0.0542560806164124,0.7893898554275913,2.2952196508933334,eclat,Portfolio-wide,356255,19329,"{income_q2, leverage_3_to_6x} -> {credit_medium}","{income_q2, leverage_3_to_6x} -> {credit_medium}"
"frozenset({'income_q2', 'credit_medium'})",frozenset({'leverage_3_to_6x'}),0.0542560806164124,0.79520302793434,2.2109625598347664,eclat,Portfolio-wide,356255,19329,"{credit_medium, income_q2} -> {leverage_3_to_6x}","{credit_medium, income_q2} -> {leverage_3_to_6x}"
"frozenset({'income_q3', 'leverage_under_3x'})",frozenset({'credit_medium'}),0.05785462660173191,0.46209896195323186,1.3435929165291336,eclat,Portfolio-wide,356255,20611,"{income_q3, leverage_under_3x} -> {credit_medium}","{income_q3, leverage_under_3x} -> {credit_medium}"
"frozenset({'leverage_under_3x', 'credit_medium'})",frozenset({'income_q3'}),0.05785462660173191,0.3887840947674199,1.4860231925130052,eclat,Portfolio-wide,356255,20611,"{credit_medium, leverage_under_3x} -> {income_q3}","{credit_medium, leverage_under_3x} -> {income_q3}"
"frozenset({'income_q3', 'credit_medium'})",frozenset({'leverage_under_3x'}),0.05785462660173191,0.588717509283062,1.2407993579262813,eclat,Portfolio-wide,356255,20611,"{credit_medium, income_q3} -> {leverage_under_3x}","{credit_medium, income_q3} -> {leverage_under_3x}"
"frozenset({'leverage_under_3x', 'income_q4'})",frozenset({'credit_medium'}),0.07493508863033502,0.5245102854785154,1.5250592670384122,eclat,Portfolio-wide,356255,26696,"{income_q4, leverage_under_3x} -> {credit_medium}","{income_q4, leverage_under_3x} -> {credit_medium}"
"frozenset({'leverage_under_3x', 'credit_medium'})",frozenset({'income_q4'}),0.07493508863033502,0.5035650960123741,2.1207894937922727,eclat,Portfolio-wide,356255,26696,"{credit_medium, leverage_under_3x} -> {income_q4}","{credit_medium, leverage_under_3x} -> {income_q4}"
"frozenset({'income_q4', 'credit_medium'})",frozenset({'leverage_under_3x'}),0.07493508863033502,0.9920107019434433,2.0907926511755917,eclat,Portfolio-wide,356255,26696,"{credit_medium, income_q4} -> {leverage_under_3x}","{credit_medium, income_q4} -> {leverage_under_3x}"
frozenset({'leverage_3_to_6x'}),frozenset({'credit_medium'}),0.1635682306213246,0.4547810070864421,1.3223153263762828,eclat,Portfolio-wide,356255,58272,{leverage_3_to_6x} -> {credit_medium},{leverage_3_to_6x} -> {credit_medium}
frozenset({'credit_medium'}),frozenset({'leverage_3_to_6x'}),0.1635682306213246,0.47558885461045003,1.3223153263762828,eclat,Portfolio-wide,356255,58272,{credit_medium} -> {leverage_3_to_6x},{credit_medium} -> {leverage_3_to_6x}
"frozenset({'previous_approval_high', 'leverage_3_to_6x'})",frozenset({'credit_medium'}),0.08531529382043761,0.44737190715200403,1.3007727240131661,eclat,Portfolio-wide,356255,30394,"{leverage_3_to_6x, previous_approval_high} -> {credit_medium}","{leverage_3_to_6x, previous_approval_high} -> {credit_medium}"
"frozenset({'previous_approval_high', 'credit_medium'})",frozenset({'leverage_3_to_6x'}),0.08531529382043761,0.49394633773747415,1.3733560121645167,eclat,Portfolio-wide,356255,30394,"{credit_medium, previous_approval_high} -> {leverage_3_to_6x}","{credit_medium, previous_approval_high} -> {leverage_3_to_6x}"
"frozenset({'previous_deep', 'leverage_3_to_6x'})",frozenset({'credit_medium'}),0.0626966639064715,0.4519079027232631,1.3139615255919241,eclat,Portfolio-wide,356255,22336,"{leverage_3_to_6x, previous_deep} -> {credit_medium}","{leverage_3_to_6x, previous_deep} -> {credit_medium}"
"frozenset({'previous_deep', 'credit_medium'})",frozenset({'leverage_3_to_6x'}),0.0626966639064715,0.44790246250100274,1.245336775967711,eclat,Portfolio-wide,356255,22336,"{credit_medium, previous_deep} -> {leverage_3_to_6x}","{credit_medium, previous_deep} -> {leverage_3_to_6x}"
"frozenset({'previous_outcome_mixed', 'leverage_3_to_6x'})",frozenset({'credit_medium'}),0.05367784311799133,0.4654496774978703,1.353335413357196,eclat,Portfolio-wide,356255,19123,"{leverage_3_to_6x, previous_outcome_mixed} -> {credit_medium}","{leverage_3_to_6x, previous_outcome_mixed} -> {credit_medium}"
"frozenset({'previous_outcome_mixed', 'credit_medium'})",frozenset({'leverage_3_to_6x'}),0.05367784311799133,0.4645902674862127,1.291735130516192,eclat,Portfolio-wide,356255,19123,"{credit_medium, previous_outcome_mixed} -> {leverage_3_to_6x}","{credit_medium, previous_outcome_mixed} -> {leverage_3_to_6x}"
"frozenset({'previous_two_to_four', 'leverage_3_to_6x'})",frozenset({'credit_medium'}),0.06435839496989516,0.45853248805071695,1.3332230835129537,eclat,Portfolio-wide,356255,22928,"{leverage_3_to_6x, previous_two_to_four} -> {credit_medium}","{leverage_3_to_6x, previous_two_to_four} -> {credit_medium}"
"frozenset({'previous_two_to_four', 'credit_medium'})",frozenset({'leverage_3_to_6x'}),0.06435839496989516,0.49051194831311645,1.3638071219234016,eclat,Portfolio-wide,356255,22928,"{credit_medium, previous_two_to_four} -> {leverage_3_to_6x}","{credit_medium, previous_two_to_four} -> {leverage_3_to_6x}"
"frozenset({'repayment_clean_observed', 'leverage_3_to_6x'})",frozenset({'credit_medium'}),0.07303757140250663,0.4565553060078608,1.3274742547853553,eclat,Portfolio-wide,356255,26020,"{leverage_3_to_6x, repayment_clean_observed} -> {credit_medium}","{leverage_3_to_6x, repayment_clean_observed} -> {credit_medium}"
"frozenset({'repayment_clean_observed', 'credit_medium'})",frozenset({'leverage_3_to_6x'}),0.07303757140250663,0.4839489640293122,1.345559564981914,eclat,Portfolio-wide,356255,26020,"{credit_medium, repayment_clean_observed} -> {leverage_3_to_6x}","{credit_medium, repayment_clean_observed} -> {leverage_3_to_6x}"
"frozenset({'repayment_some_late', 'leverage_3_to_6x'})",frozenset({'credit_medium'}),0.07266143633071817,0.4559320839791462,1.3256621825407728,eclat,Portfolio-wide,356255,25886,"{leverage_3_to_6x, repayment_some_late} -> {credit_medium}","{leverage_3_to_6x, repayment_some_late} -> {credit_medium}"
"frozenset({'repayment_some_late', 'credit_medium'})",frozenset({'leverage_3_to_6x'}),0.07266143633071817,0.462985816744469,1.287274155904074,eclat,Portfolio-wide,356255,25886,"{credit_medium, repayment_some_late} -> {leverage_3_to_6x}","{credit_medium, repayment_some_late} -> {leverage_3_to_6x}"
"frozenset({'previous_one', 'credit_medium'})",frozenset({'previous_approval_high'}),0.05667288880156068,0.9875758168655839,1.8840167429071273,eclat,Portfolio-wide,356255,20190,"{credit_medium, previous_one} -> {previous_approval_high}","{credit_medium, previous_one} -> {previous_approval_high}"
"frozenset({'previous_outcome_mixed', 'credit_medium'})",frozenset({'previous_deep'}),0.06370156208333919,0.5513471490002673,1.3877655918034877,eclat,Portfolio-wide,356255,22694,"{credit_medium, previous_outcome_mixed} -> {previous_deep}","{credit_medium, previous_outcome_mixed} -> {previous_deep}"
"frozenset({'previous_deep', 'credit_medium'})",frozenset({'previous_outcome_mixed'}),0.06370156208333919,0.4550814149354296,1.4067857996253328,eclat,Portfolio-wide,356255,22694,"{credit_medium, previous_deep} -> {previous_outcome_mixed}","{credit_medium, previous_deep} -> {previous_outcome_mixed}"
"frozenset({'previous_refusals_repeated', 'credit_medium'})",frozenset({'previous_deep'}),0.0391489242256249,0.971171923960727,2.444483447936786,eclat,Portfolio-wide,356255,13947,"{credit_medium, previous_refusals_repeated} -> {previous_deep}","{credit_medium, previous_refusals_repeated} -> {previous_deep}"
"frozenset({'repayment_some_late', 'credit_medium'})",frozenset({'previous_deep'}),0.08379671864254537,0.5339378655362989,1.3439456416812152,eclat,Portfolio-wide,356255,29853,"{credit_medium, repayment_some_late} -> {previous_deep}","{credit_medium, repayment_some_late} -> {previous_deep}"
"frozenset({'previous_deep', 'credit_medium'})",frozenset({'repayment_some_late'}),0.08379671864254537,0.5986404106842064,1.3461464726047752,eclat,Portfolio-wide,356255,29853,"{credit_medium, previous_deep} -> {repayment_some_late}","{credit_medium, previous_deep} -> {repayment_some_late}"
"frozenset({'previous_one', 'credit_medium'})",frozenset({'repayment_clean_observed'}),0.039463305778164516,0.6876834279006065,1.533664656801158,eclat,Portfolio-wide,356255,14059,"{credit_medium, previous_one} -> {repayment_clean_observed}","{credit_medium, previous_one} -> {repayment_clean_observed}"
"frozenset({'previous_two_to_four', 'credit_medium'})",frozenset({'previous_outcome_mixed'}),0.05112349300360697,0.38964122970284326,1.2044916160161954,eclat,Portfolio-wide,356255,18213,"{credit_medium, previous_two_to_four} -> {previous_outcome_mixed}","{credit_medium, previous_two_to_four} -> {previous_outcome_mixed}"
"frozenset({'external_score_middle', 'income_q1'})",frozenset({'credit_small'}),0.05362170355503782,0.5176263378945941,1.5496253897583938,eclat,Portfolio-wide,356255,19103,"{external_score_middle, income_q1} -> {credit_small}","{external_score_middle, income_q1} -> {credit_small}"
"frozenset({'external_score_middle', 'credit_small'})",frozenset({'income_q1'}),0.05362170355503782,0.495319833017865,1.5474482571867747,eclat,Portfolio-wide,356255,19103,"{credit_small, external_score_middle} -> {income_q1}","{credit_small, external_score_middle} -> {income_q1}"
"frozenset({'external_score_middle', 'leverage_under_3x'})",frozenset({'credit_small'}),0.09530252206986568,0.6046660730186999,1.8101974928217153,eclat,Portfolio-wide,356255,33952,"{external_score_middle, leverage_under_3x} -> {credit_small}","{external_score_middle, leverage_under_3x} -> {credit_small}"
"frozenset({'external_score_middle', 'credit_small'})",frozenset({'leverage_under_3x'}),0.09530252206986568,0.8803381128944434,1.8554280244997068,eclat,Portfolio-wide,356255,33952,"{credit_small, external_score_middle} -> {leverage_under_3x}","{credit_small, external_score_middle} -> {leverage_under_3x}"
"frozenset({'external_score_strong', 'income_q1'})",frozenset({'credit_small'}),0.05012982273932998,0.5055483213497142,1.5134672584469242,eclat,Portfolio-wide,356255,17859,"{external_score_strong, income_q1} -> {credit_small}","{external_score_strong, income_q1} -> {credit_small}"
"frozenset({'external_score_strong', 'credit_small'})",frozenset({'income_q1'}),0.05012982273932998,0.5053051523639759,1.5786437878107937,eclat,Portfolio-wide,356255,17859,"{credit_small, external_score_strong} -> {income_q1}","{credit_small, external_score_strong} -> {income_q1}"
"frozenset({'external_score_strong', 'leverage_under_3x'})",frozenset({'credit_small'}),0.08622756171843202,0.5899105119637439,1.7660235581183652,eclat,Portfolio-wide,356255,30719,"{external_score_strong, leverage_under_3x} -> {credit_small}","{external_score_strong, leverage_under_3x} -> {credit_small}"
"frozenset({'external_score_strong', 'credit_small'})",frozenset({'leverage_under_3x'}),0.08622756171843202,0.8691678691678691,1.8318852709289966,eclat,Portfolio-wide,356255,30719,"{credit_small, external_score_strong} -> {leverage_under_3x}","{credit_small, external_score_strong} -> {leverage_under_3x}"
"frozenset({'external_score_weak', 'income_q1'})",frozenset({'credit_small'}),0.0646475137191057,0.5520506244157338,1.6526818699105659,eclat,Portfolio-wide,356255,23031,"{external_score_weak, income_q1} -> {credit_small}","{external_score_weak, income_q1} -> {credit_small}"
"frozenset({'external_score_weak', 'credit_small'})",frozenset({'income_q1'}),0.0646475137191057,0.5116749239074893,1.5985438427180079,eclat,Portfolio-wide,356255,23031,"{credit_small, external_score_weak} -> {income_q1}","{credit_small, external_score_weak} -> {income_q1}"
"frozenset({'external_score_weak', 'leverage_under_3x'})",frozenset({'credit_small'}),0.11042371335139156,0.6479928840863793,1.9399055883580227,eclat,Portfolio-wide,356255,39339,"{external_score_weak, leverage_under_3x} -> {credit_small}","{external_score_weak, leverage_under_3x} -> {credit_small}"
"frozenset({'external_score_weak', 'credit_small'})",frozenset({'leverage_under_3x'}),0.11042371335139156,0.873986358890049,1.8420408699373159,eclat,Portfolio-wide,356255,39339,"{credit_small, external_score_weak} -> {leverage_under_3x}","{credit_small, external_score_weak} -> {leverage_under_3x}"
frozenset({'income_q1'}),frozenset({'credit_small'}),0.16854219589900493,0.5265493322108513,1.5763382857856392,eclat,Portfolio-wide,356255,60044,{income_q1} -> {credit_small},{income_q1} -> {credit_small}
frozenset({'credit_small'}),frozenset({'income_q1'}),0.16854219589900493,0.5045671885110209,1.5763382857856387,eclat,Portfolio-wide,356255,60044,{credit_small} -> {income_q1},{credit_small} -> {income_q1}
"frozenset({'credit_small', 'leverage_3_to_6x'})",frozenset({'income_q1'}),0.03978891524329483,1.0,3.1241395034770636,eclat,Portfolio-wide,356255,14175,"{credit_small, leverage_3_to_6x} -> {income_q1}","{credit_small, leverage_3_to_6x} -> {income_q1}"
"frozenset({'income_q1', 'leverage_under_3x'})",frozenset({'credit_small'}),0.12665646797939678,0.9841006739220519,2.9461162980823743,eclat,Portfolio-wide,356255,45122,"{income_q1, leverage_under_3x} -> {credit_small}","{income_q1, leverage_under_3x} -> {credit_small}"
"frozenset({'leverage_under_3x', 'credit_small'})",frozenset({'income_q1'}),0.12665646797939678,0.4335360639514215,1.3544271435725945,eclat,Portfolio-wide,356255,45122,"{credit_small, leverage_under_3x} -> {income_q1}","{credit_small, leverage_under_3x} -> {income_q1}"
"frozenset({'income_q1', 'credit_small'})",frozenset({'leverage_under_3x'}),0.12665646797939678,0.7514822463526747,1.5838473870140515,eclat,Portfolio-wide,356255,45122,"{credit_small, income_q1} -> {leverage_under_3x}","{credit_small, income_q1} -> {leverage_under_3x}"
"frozenset({'income_q1', 'previous_approval_high'})",frozenset({'credit_small'}),0.09616707133934962,0.5216279175992327,1.5616049762969608,eclat,Portfolio-wide,356255,34260,"{income_q1, previous_approval_high} -> {credit_small}","{income_q1, previous_approval_high} -> {credit_small}"
"frozenset({'credit_small', 'previous_approval_high'})",frozenset({'income_q1'}),0.09616707133934962,0.5454892844632678,1.7041846223151325,eclat,Portfolio-wide,356255,34260,"{credit_small, previous_approval_high} -> {income_q1}","{credit_small, previous_approval_high} -> {income_q1}"
"frozenset({'income_q1', 'previous_deep'})",frozenset({'credit_small'}),0.058649001417523966,0.533909132723463,1.5983714261090016,eclat,Portfolio-wide,356255,20894,"{income_q1, previous_deep} -> {credit_small}","{income_q1, previous_deep} -> {credit_small}"
"frozenset({'credit_small', 'previous_deep'})",frozenset({'income_q1'}),0.058649001417523966,0.44212620085488175,1.3812639296129707,eclat,Portfolio-wide,356255,20894,"{credit_small, previous_deep} -> {income_q1}","{credit_small, previous_deep} -> {income_q1}"
"frozenset({'income_q1', 'previous_one'})",frozenset({'credit_small'}),0.03476161738080869,0.5420642563249585,1.6227855365673236,eclat,Portfolio-wide,356255,12384,"{income_q1, previous_one} -> {credit_small}","{income_q1, previous_one} -> {credit_small}"
"frozenset({'credit_small', 'previous_one'})",frozenset({'income_q1'}),0.03476161738080869,0.5766974015088013,1.8016831336062196,eclat,Portfolio-wide,356255,12384,"{credit_small, previous_one} -> {income_q1}","{credit_small, previous_one} -> {income_q1}"
"frozenset({'income_q1', 'previous_outcome_mixed'})",frozenset({'credit_small'}),0.051564188572791964,0.5365070093457944,1.60614872660302,eclat,Portfolio-wide,356255,18370,"{income_q1, previous_outcome_mixed} -> {credit_small}","{income_q1, previous_outcome_mixed} -> {credit_small}"
"frozenset({'credit_small', 'previous_outcome_mixed'})",frozenset({'income_q1'}),0.051564188572791964,0.47019375975837624,1.4689508991495472,eclat,Portfolio-wide,356255,18370,"{credit_small, previous_outcome_mixed} -> {income_q1}","{credit_small, previous_outcome_mixed} -> {income_q1}"
"frozenset({'income_q1', 'previous_two_to_four'})",frozenset({'credit_small'}),0.06833307602700313,0.5172640928117629,1.5485409314598582,eclat,Portfolio-wide,356255,24344,"{income_q1, previous_two_to_four} -> {credit_small}","{income_q1, previous_two_to_four} -> {credit_small}"
"frozenset({'credit_small', 'previous_two_to_four'})",frozenset({'income_q1'}),0.06833307602700313,0.5336840951441412,1.6673035640172233,eclat,Portfolio-wide,356255,24344,"{credit_small, previous_two_to_four} -> {income_q1}","{credit_small, previous_two_to_four} -> {income_q1}"
"frozenset({'income_q1', 'repayment_clean_observed'})",frozenset({'credit_small'}),0.08112166846781098,0.5369052705891096,1.6073410069976157,eclat,Portfolio-wide,356255,28900,"{income_q1, repayment_clean_observed} -> {credit_small}","{income_q1, repayment_clean_observed} -> {credit_small}"
"frozenset({'repayment_clean_observed', 'credit_small'})",frozenset({'income_q1'}),0.08112166846781098,0.5249868299151665,1.640132094143166,eclat,Portfolio-wide,356255,28900,"{credit_small, repayment_clean_observed} -> {income_q1}","{credit_small, repayment_clean_observed} -> {income_q1}"
"frozenset({'income_q1', 'repayment_some_late'})",frozenset({'credit_small'}),0.07062076321735836,0.5236440078258335,1.5676405745161162,eclat,Portfolio-wide,356255,25159,"{income_q1, repayment_some_late} -> {credit_small}","{income_q1, repayment_some_late} -> {credit_small}"
"frozenset({'credit_small', 'repayment_some_late'})",frozenset({'income_q1'}),0.07062076321735836,0.47981310193573,1.4990030660432814,eclat,Portfolio-wide,356255,25159,"{credit_small, repayment_some_late} -> {income_q1}","{credit_small, repayment_some_late} -> {income_q1}"
"frozenset({'income_q2', 'leverage_under_3x'})",frozenset({'credit_small'}),0.06372401790852059,0.8201589595375723,2.455321637045553,eclat,Portfolio-wide,356255,22702,"{income_q2, leverage_under_3x} -> {credit_small}","{income_q2, leverage_under_3x} -> {credit_small}"
"frozenset({'income_q2', 'credit_small'})",frozenset({'leverage_under_3x'}),0.06372401790852059,1.0,2.1076311445829465,eclat,Portfolio-wide,356255,22702,"{credit_small, income_q2} -> {leverage_under_3x}","{credit_small, income_q2} -> {leverage_under_3x}"
"frozenset({'income_q3', 'leverage_under_3x'})",frozenset({'credit_small'}),0.06734501971902149,0.5379010380467681,1.6103220503134543,eclat,Portfolio-wide,356255,23992,"{income_q3, leverage_under_3x} -> {credit_small}","{income_q3, leverage_under_3x} -> {credit_small}"
"frozenset({'income_q3', 'credit_small'})",frozenset({'leverage_under_3x'}),0.06734501971902149,1.0,2.1076311445829465,eclat,Portfolio-wide,356255,23992,"{credit_small, income_q3} -> {leverage_under_3x}","{credit_small, income_q3} -> {leverage_under_3x}"
"frozenset({'credit_small', 'income_q4'})",frozenset({'leverage_under_3x'}),0.03442197302494,1.0,2.1076311445829465,eclat,Portfolio-wide,356255,12263,"{credit_small, income_q4} -> {leverage_under_3x}","{credit_small, income_q4} -> {leverage_under_3x}"
frozenset({'leverage_under_3x'}),frozenset({'credit_small'}),0.29214747863187884,0.6157391247759286,1.8433470466386708,eclat,Portfolio-wide,356255,104079,{leverage_under_3x} -> {credit_small},{leverage_under_3x} -> {credit_small}
frozenset({'credit_small'}),frozenset({'leverage_under_3x'}),0.29214747863187884,0.8746060957470946,1.843347046638671,eclat,Portfolio-wide,356255,104079,{credit_small} -> {leverage_under_3x},{credit_small} -> {leverage_under_3x}
"frozenset({'leverage_under_3x', 'previous_approval_high'})",frozenset({'credit_small'}),0.15188558757070075,0.6445656835183685,1.9296455288765335,eclat,Portfolio-wide,356255,54110,"{leverage_under_3x, previous_approval_high} -> {credit_small}","{leverage_under_3x, previous_approval_high} -> {credit_small}"
"frozenset({'credit_small', 'previous_approval_high'})",frozenset({'leverage_under_3x'}),0.15188558757070075,0.8615418909021431,1.8158125216282397,eclat,Portfolio-wide,356255,54110,"{credit_small, previous_approval_high} -> {leverage_under_3x}","{credit_small, previous_approval_high} -> {leverage_under_3x}"
"frozenset({'leverage_under_3x', 'previous_deep'})",frozenset({'credit_small'}),0.11970639008575318,0.5913856223652096,1.7704396172781554,eclat,Portfolio-wide,356255,42646,"{leverage_under_3x, previous_deep} -> {credit_small}","{leverage_under_3x, previous_deep} -> {credit_small}"
"frozenset({'credit_small', 'previous_deep'})",frozenset({'leverage_under_3x'}),0.11970639008575318,0.9024080578949596,1.9019433279420275,eclat,Portfolio-wide,356255,42646,"{credit_small, previous_deep} -> {leverage_under_3x}","{credit_small, previous_deep} -> {leverage_under_3x}"
"frozenset({'leverage_under_3x', 'previous_one'})",frozenset({'credit_small'}),0.05098875805251856,0.657080846446012,1.967112351582121,eclat,Portfolio-wide,356255,18165,"{leverage_under_3x, previous_one} -> {credit_small}","{leverage_under_3x, previous_one} -> {credit_small}"
"frozenset({'credit_small', 'previous_one'})",frozenset({'leverage_under_3x'}),0.05098875805251856,0.8459066778429729,1.7828592596325428,eclat,Portfolio-wide,356255,18165,"{credit_small, previous_one} -> {leverage_under_3x}","{credit_small, previous_one} -> {leverage_under_3x}"
"frozenset({'leverage_under_3x', 'previous_outcome_mixed'})",frozenset({'credit_small'}),0.09755371854430113,0.6032004998611497,1.8058099854457852,eclat,Portfolio-wide,356255,34754,"{leverage_under_3x, previous_outcome_mixed} -> {credit_small}","{leverage_under_3x, previous_outcome_mixed} -> {credit_small}"
"frozenset({'credit_small', 'previous_outcome_mixed'})",frozenset({'leverage_under_3x'}),0.09755371854430113,0.8895543781514756,1.8748525121921658,eclat,Portfolio-wide,356255,34754,"{credit_small, previous_outcome_mixed} -> {leverage_under_3x}","{credit_small, previous_outcome_mixed} -> {leverage_under_3x}"
"frozenset({'leverage_under_3x', 'previous_refusals_repeated'})",frozenset({'credit_small'}),0.0320079718179394,0.5555663824604142,1.6632070451797454,eclat,Portfolio-wide,356255,11403,"{leverage_under_3x, previous_refusals_repeated} -> {credit_small}","{leverage_under_3x, previous_refusals_repeated} -> {credit_small}"
"frozenset({'credit_small', 'previous_refusals_repeated'})",frozenset({'leverage_under_3x'}),0.0320079718179394,0.9142880051314947,1.9269818747337508,eclat,Portfolio-wide,356255,11403,"{credit_small, previous_refusals_repeated} -> {leverage_under_3x}","{credit_small, previous_refusals_repeated} -> {leverage_under_3x}"
"frozenset({'leverage_under_3x', 'previous_two_to_four'})",frozenset({'credit_small'}),0.11075212979466954,0.6329974972726689,1.8950136838419396,eclat,Portfolio-wide,356255,39456,"{leverage_under_3x, previous_two_to_four} -> {credit_small}","{leverage_under_3x, previous_two_to_four} -> {credit_small}"
"frozenset({'credit_small', 'previous_two_to_four'})",frozenset({'leverage_under_3x'}),0.11075212979466954,0.864978625452154,1.823055890401507,eclat,Portfolio-wide,356255,39456,"{credit_small, previous_two_to_four} -> {leverage_under_3x}","{credit_small, previous_two_to_four} -> {leverage_under_3x}"
"frozenset({'repayment_clean_observed', 'leverage_under_3x'})",frozenset({'credit_small'}),0.13486126510505117,0.6370495107268822,1.9071442546197546,eclat,Portfolio-wide,356255,48045,"{leverage_under_3x, repayment_clean_observed} -> {credit_small}","{leverage_under_3x, repayment_clean_observed} -> {credit_small}"
"frozenset({'repayment_clean_observed', 'credit_small'})",frozenset({'leverage_under_3x'}),0.13486126510505117,0.872767897691148,1.839472803166046,eclat,Portfolio-wide,356255,48045,"{credit_small, repayment_clean_observed} -> {leverage_under_3x}","{credit_small, repayment_clean_observed} -> {leverage_under_3x}"
"frozenset({'leverage_under_3x', 'repayment_some_late'})",frozenset({'credit_small'}),0.13000799988772088,0.5995521093578077,1.7948877464833555,eclat,Portfolio-wide,356255,46316,"{leverage_under_3x, repayment_some_late} -> {credit_small}","{leverage_under_3x, repayment_some_late} -> {credit_small}"
"frozenset({'credit_small', 'repayment_some_late'})",frozenset({'leverage_under_3x'}),0.13000799988772088,0.8833031372175075,1.8616772021074428,eclat,Portfolio-wide,356255,46316,"{credit_small, repayment_some_late} -> {leverage_under_3x}","{credit_small, repayment_some_late} -> {leverage_under_3x}"
"frozenset({'credit_small', 'previous_one'})",frozenset({'previous_approval_high'}),0.059805476414366114,0.9921765856384465,1.8927937150142695,eclat,Portfolio-wide,356255,21306,"{credit_small, previous_one} -> {previous_approval_high}","{credit_small, previous_one} -> {previous_approval_high}"
"frozenset({'credit_small', 'previous_outcome_mixed'})",frozenset({'previous_deep'}),0.06067002568385005,0.5532263431365021,1.3924956080324902,eclat,Portfolio-wide,356255,21614,"{credit_small, previous_outcome_mixed} -> {previous_deep}","{credit_small, previous_outcome_mixed} -> {previous_deep}"
"frozenset({'credit_small', 'previous_deep'})",frozenset({'previous_outcome_mixed'}),0.06067002568385005,0.4573617165347666,1.4138348589881842,eclat,Portfolio-wide,356255,21614,"{credit_small, previous_deep} -> {previous_outcome_mixed}","{credit_small, previous_deep} -> {previous_outcome_mixed}"
"frozenset({'credit_small', 'previous_refusals_repeated'})",frozenset({'previous_deep'}),0.034127240319434114,0.9748236048749199,2.4536748931707937,eclat,Portfolio-wide,356255,12158,"{credit_small, previous_refusals_repeated} -> {previous_deep}","{credit_small, previous_refusals_repeated} -> {previous_deep}"
"frozenset({'credit_small', 'repayment_some_late'})",frozenset({'previous_deep'}),0.07862065093823245,0.5341661104224278,1.3445201443335808,eclat,Portfolio-wide,356255,28009,"{credit_small, repayment_some_late} -> {previous_deep}","{credit_small, repayment_some_late} -> {previous_deep}"
"frozenset({'credit_small', 'previous_deep'})",frozenset({'repayment_some_late'}),0.07862065093823245,0.5926827203859665,1.332749575842191,eclat,Portfolio-wide,356255,28009,"{credit_small, previous_deep} -> {repayment_some_late}","{credit_small, previous_deep} -> {repayment_some_late}"
"frozenset({'credit_small', 'previous_one'})",frozenset({'repayment_clean_observed'}),0.04362605437116672,0.7237589643289559,1.6141199549086165,eclat,Portfolio-wide,356255,15542,"{credit_small, previous_one} -> {repayment_clean_observed}","{credit_small, previous_one} -> {repayment_clean_observed}"
"frozenset({'external_score_middle', 'income_q4'})",frozenset({'leverage_under_3x'}),0.049237203688369285,0.6038002134177824,1.2725881349051482,eclat,Portfolio-wide,356255,17541,"{external_score_middle, income_q4} -> {leverage_under_3x}","{external_score_middle, income_q4} -> {leverage_under_3x}"
"frozenset({'external_score_middle', 'previous_one'})",frozenset({'previous_approval_high'}),0.05389398043536231,0.9879592466810744,1.8847482190933371,eclat,Portfolio-wide,356255,19200,"{external_score_middle, previous_one} -> {previous_approval_high}","{external_score_middle, previous_one} -> {previous_approval_high}"
"frozenset({'external_score_middle', 'previous_outcome_mixed'})",frozenset({'previous_deep'}),0.062427194004294674,0.5696721311475409,1.4338903967299519,eclat,Portfolio-wide,356255,22240,"{external_score_middle, previous_outcome_mixed} -> {previous_deep}","{external_score_middle, previous_outcome_mixed} -> {previous_deep}"
"frozenset({'external_score_middle', 'previous_deep'})",frozenset({'previous_outcome_mixed'}),0.062427194004294674,0.4593617680470928,1.4200175858008335,eclat,Portfolio-wide,356255,22240,"{external_score_middle, previous_deep} -> {previous_outcome_mixed}","{external_score_middle, previous_deep} -> {previous_outcome_mixed}"
"frozenset({'external_score_middle', 'previous_refusals_repeated'})",frozenset({'previous_deep'}),0.03325427011550715,0.9761061217763862,2.4569030459416723,eclat,Portfolio-wide,356255,11847,"{external_score_middle, previous_refusals_repeated} -> {previous_deep}","{external_score_middle, previous_refusals_repeated} -> {previous_deep}"
"frozenset({'external_score_middle', 'repayment_some_late'})",frozenset({'previous_deep'}),0.08151745238663317,0.5414157609202259,1.3627678409648014,eclat,Portfolio-wide,356255,29041,"{external_score_middle, repayment_some_late} -> {previous_deep}","{external_score_middle, repayment_some_late} -> {previous_deep}"
"frozenset({'external_score_middle', 'previous_deep'})",frozenset({'repayment_some_late'}),0.08151745238663317,0.5998347619539399,1.3488321779465935,eclat,Portfolio-wide,356255,29041,"{external_score_middle, previous_deep} -> {repayment_some_late}","{external_score_middle, previous_deep} -> {repayment_some_late}"
"frozenset({'external_score_middle', 'previous_one'})",frozenset({'repayment_clean_observed'}),0.03858191463979453,0.7072656169599671,1.5773366576734553,eclat,Portfolio-wide,356255,13745,"{external_score_middle, previous_one} -> {repayment_clean_observed}","{external_score_middle, previous_one} -> {repayment_clean_observed}"
"frozenset({'income_q4', 'leverage_3_to_6x'})",frozenset({'external_score_strong'}),0.034559514954176085,0.4221064179923204,1.266955834781233,eclat,Portfolio-wide,356255,12312,"{income_q4, leverage_3_to_6x} -> {external_score_strong}","{income_q4, leverage_3_to_6x} -> {external_score_strong}"
"frozenset({'previous_approval_high', 'income_q4'})",frozenset({'external_score_strong'}),0.046500399994386044,0.41052709835699946,1.2322004130453008,eclat,Portfolio-wide,356255,16566,"{income_q4, previous_approval_high} -> {external_score_strong}","{income_q4, previous_approval_high} -> {external_score_strong}"
"frozenset({'repayment_clean_observed', 'income_q4'})",frozenset({'external_score_strong'}),0.04093696930569395,0.41013526814589835,1.2310243314908926,eclat,Portfolio-wide,356255,14584,"{income_q4, repayment_clean_observed} -> {external_score_strong}","{income_q4, repayment_clean_observed} -> {external_score_strong}"
"frozenset({'previous_approval_high', 'leverage_over_6x'})",frozenset({'external_score_strong'}),0.03948856858149359,0.40359181799925403,1.2113841128410023,eclat,Portfolio-wide,356255,14068,"{leverage_over_6x, previous_approval_high} -> {external_score_strong}","{leverage_over_6x, previous_approval_high} -> {external_score_strong}"
"frozenset({'repayment_clean_observed', 'leverage_over_6x'})",frozenset({'external_score_strong'}),0.031657099549480004,0.41262988438460413,1.2385119423502609,eclat,Portfolio-wide,356255,11278,"{leverage_over_6x, repayment_clean_observed} -> {external_score_strong}","{leverage_over_6x, repayment_clean_observed} -> {external_score_strong}"
"frozenset({'external_score_strong', 'previous_one'})",frozenset({'previous_approval_high'}),0.059244080784831094,0.9885251276286825,1.885827760695692,eclat,Portfolio-wide,356255,21106,"{external_score_strong, previous_one} -> {previous_approval_high}","{external_score_strong, previous_one} -> {previous_approval_high}"
"frozenset({'external_score_strong', 'previous_two_to_four'})",frozenset({'previous_approval_high'}),0.08705000631570083,0.6640116478245974,1.266747363212483,eclat,Portfolio-wide,356255,31012,"{external_score_strong, previous_two_to_four} -> {previous_approval_high}","{external_score_strong, previous_two_to_four} -> {previous_approval_high}"
"frozenset({'external_score_strong', 'previous_outcome_mixed'})",frozenset({'previous_deep'}),0.056962007550771215,0.5635535560554306,1.4184896678079049,eclat,Portfolio-wide,356255,20293,"{external_score_strong, previous_outcome_mixed} -> {previous_deep}","{external_score_strong, previous_outcome_mixed} -> {previous_deep}"
"frozenset({'external_score_strong', 'previous_deep'})",frozenset({'previous_outcome_mixed'}),0.056962007550771215,0.4636174636174636,1.4331731485187167,eclat,Portfolio-wide,356255,20293,"{external_score_strong, previous_deep} -> {previous_outcome_mixed}","{external_score_strong, previous_deep} -> {previous_outcome_mixed}"
"frozenset({'external_score_strong', 'repayment_some_late'})",frozenset({'previous_deep'}),0.07058988645773392,0.5124088186152655,1.289756061494743,eclat,Portfolio-wide,356255,25148,"{external_score_strong, repayment_some_late} -> {previous_deep}","{external_score_strong, repayment_some_late} -> {previous_deep}"
"frozenset({'external_score_strong', 'previous_deep'})",frozenset({'repayment_some_late'}),0.07058988645773392,0.5745356514587283,1.2919427536021135,eclat,Portfolio-wide,356255,25148,"{external_score_strong, previous_deep} -> {repayment_some_late}","{external_score_strong, previous_deep} -> {repayment_some_late}"
"frozenset({'external_score_strong', 'previous_one'})",frozenset({'repayment_clean_observed'}),0.0442604314325413,0.7385134185752423,1.6470251902099822,eclat,Portfolio-wide,356255,15768,"{external_score_strong, previous_one} -> {repayment_clean_observed}","{external_score_strong, previous_one} -> {repayment_clean_observed}"
"frozenset({'external_score_strong', 'previous_two_to_four'})",frozenset({'repayment_clean_observed'}),0.07090707498842122,0.5408744433025009,1.2062527375313472,eclat,Portfolio-wide,356255,25261,"{external_score_strong, previous_two_to_four} -> {repayment_clean_observed}","{external_score_strong, previous_two_to_four} -> {repayment_clean_observed}"
"frozenset({'external_score_weak', 'previous_approval_high'})",frozenset({'income_q1'}),0.06276122440386801,0.3921186931130636,1.2250334992063217,eclat,Portfolio-wide,356255,22359,"{external_score_weak, previous_approval_high} -> {income_q1}","{external_score_weak, previous_approval_high} -> {income_q1}"
"frozenset({'external_score_weak', 'income_q4'})",frozenset({'leverage_under_3x'}),0.04499024575093683,0.6793828416412343,1.4318884361383293,eclat,Portfolio-wide,356255,16028,"{external_score_weak, income_q4} -> {leverage_under_3x}","{external_score_weak, income_q4} -> {leverage_under_3x}"
"frozenset({'external_score_weak', 'income_q4'})",frozenset({'previous_deep'}),0.03185078104166959,0.4809681247880637,1.2106184198928311,eclat,Portfolio-wide,356255,11347,"{external_score_weak, income_q4} -> {previous_deep}","{external_score_weak, income_q4} -> {previous_deep}"
"frozenset({'external_score_weak', 'previous_one'})",frozenset({'previous_approval_high'}),0.05470519712004042,0.9920085513590553,1.8924731528960514,eclat,Portfolio-wide,356255,19489,"{external_score_weak, previous_one} -> {previous_approval_high}","{external_score_weak, previous_one} -> {previous_approval_high}"
"frozenset({'external_score_weak', 'previous_outcome_mixed'})",frozenset({'previous_deep'}),0.06025739989614181,0.5344969250305007,1.3453528195930466,eclat,Portfolio-wide,356255,21467,"{external_score_weak, previous_outcome_mixed} -> {previous_deep}","{external_score_weak, previous_outcome_mixed} -> {previous_deep}"
"frozenset({'external_score_weak', 'previous_deep'})",frozenset({'previous_outcome_mixed'}),0.06025739989614181,0.4351536528014271,1.3451834316349727,eclat,Portfolio-wide,356255,21467,"{external_score_weak, previous_deep} -> {previous_outcome_mixed}","{external_score_weak, previous_deep} -> {previous_outcome_mixed}"
"frozenset({'previous_deep', 'previous_refusals_repeated'})",frozenset({'external_score_weak'}),0.04507445509536708,0.44701166383653923,1.3417091320399546,eclat,Portfolio-wide,356255,16058,"{previous_deep, previous_refusals_repeated} -> {external_score_weak}","{previous_deep, previous_refusals_repeated} -> {external_score_weak}"
"frozenset({'external_score_weak', 'previous_refusals_repeated'})",frozenset({'previous_deep'}),0.04507445509536708,0.9736842105263157,2.450806986307839,eclat,Portfolio-wide,356255,16058,"{external_score_weak, previous_refusals_repeated} -> {previous_deep}","{external_score_weak, previous_refusals_repeated} -> {previous_deep}"
"frozenset({'external_score_weak', 'repayment_some_late'})",frozenset({'previous_deep'}),0.0845153050483502,0.5408284236240839,1.3612894865526188,eclat,Portfolio-wide,356255,30109,"{external_score_weak, repayment_some_late} -> {previous_deep}","{external_score_weak, repayment_some_late} -> {previous_deep}"
"frozenset({'external_score_weak', 'previous_deep'})",frozenset({'repayment_some_late'}),0.0845153050483502,0.610334063082786,1.3724416719385841,eclat,Portfolio-wide,356255,30109,"{external_score_weak, previous_deep} -> {repayment_some_late}","{external_score_weak, previous_deep} -> {repayment_some_late}"
"frozenset({'external_score_weak', 'previous_one'})",frozenset({'repayment_clean_observed'}),0.0377959607584455,0.6853812480912145,1.5285303585702923,eclat,Portfolio-wide,356255,13465,"{external_score_weak, previous_one} -> {repayment_clean_observed}","{external_score_weak, previous_one} -> {repayment_clean_observed}"
"frozenset({'external_score_weak', 'previous_two_to_four'})",frozenset({'previous_outcome_mixed'}),0.05203856787974906,0.41476128685847247,1.2821448414227525,eclat,Portfolio-wide,356255,18539,"{external_score_weak, previous_two_to_four} -> {previous_outcome_mixed}","{external_score_weak, previous_two_to_four} -> {previous_outcome_mixed}"
"frozenset({'external_score_weak', 'previous_outcome_mixed'})",frozenset({'previous_two_to_four'}),0.05203856787974906,0.4615940044319399,1.2015400333832673,eclat,Portfolio-wide,356255,18539,"{external_score_weak, previous_outcome_mixed} -> {previous_two_to_four}","{external_score_weak, previous_outcome_mixed} -> {previous_two_to_four}"
frozenset({'previous_refusals_repeated'}),frozenset({'external_score_weak'}),0.04629268361145809,0.44732559401106653,1.3426513960032058,eclat,Portfolio-wide,356255,16492,{previous_refusals_repeated} -> {external_score_weak},{previous_refusals_repeated} -> {external_score_weak}
frozenset({'leverage_over_6x'}),frozenset({'income_q1'}),0.08330549746670222,0.5022338049143708,1.5690484699145788,eclat,Portfolio-wide,356255,29678,{leverage_over_6x} -> {income_q1},{leverage_over_6x} -> {income_q1}
"frozenset({'previous_approval_high', 'leverage_over_6x'})",frozenset({'income_q1'}),0.051353665211716325,0.5248587084373296,1.639731824773012,eclat,Portfolio-wide,356255,18295,"{leverage_over_6x, previous_approval_high} -> {income_q1}","{leverage_over_6x, previous_approval_high} -> {income_q1}"
"frozenset({'leverage_over_6x', 'previous_two_to_four'})",frozenset({'income_q1'}),0.036238087886485804,0.5263587067313573,1.6444180286985322,eclat,Portfolio-wide,356255,12910,"{leverage_over_6x, previous_two_to_four} -> {income_q1}","{leverage_over_6x, previous_two_to_four} -> {income_q1}"
"frozenset({'repayment_clean_observed', 'leverage_over_6x'})",frozenset({'income_q1'}),0.038929979930106245,0.5074271915703206,1.5852733343232621,eclat,Portfolio-wide,356255,13869,"{leverage_over_6x, repayment_clean_observed} -> {income_q1}","{leverage_over_6x, repayment_clean_observed} -> {income_q1}"
"frozenset({'repayment_some_late', 'leverage_over_6x'})",frozenset({'income_q1'}),0.03473354759933194,0.5070895828210802,1.584218597493041,eclat,Portfolio-wide,356255,12374,"{leverage_over_6x, repayment_some_late} -> {income_q1}","{leverage_over_6x, repayment_some_late} -> {income_q1}"
"frozenset({'income_q1', 'previous_one'})",frozenset({'previous_approval_high'}),0.06363700158594265,0.9923400157576818,1.893105493690576,eclat,Portfolio-wide,356255,22671,"{income_q1, previous_one} -> {previous_approval_high}","{income_q1, previous_one} -> {previous_approval_high}"
"frozenset({'income_q1', 'previous_two_to_four'})",frozenset({'previous_approval_high'}),0.0844142538350339,0.6389945392346429,1.2190217601370736,eclat,Portfolio-wide,356255,30073,"{income_q1, previous_two_to_four} -> {previous_approval_high}","{income_q1, previous_two_to_four} -> {previous_approval_high}"
"frozenset({'income_q1', 'previous_outcome_mixed'})",frozenset({'previous_deep'}),0.048804929053627315,0.5077978971962617,1.2781501647318667,eclat,Portfolio-wide,356255,17387,"{income_q1, previous_outcome_mixed} -> {previous_deep}","{income_q1, previous_outcome_mixed} -> {previous_deep}"
"frozenset({'income_q1', 'previous_deep'})",frozenset({'previous_outcome_mixed'}),0.048804929053627315,0.4442939643276945,1.3734387284616496,eclat,Portfolio-wide,356255,17387,"{income_q1, previous_deep} -> {previous_outcome_mixed}","{income_q1, previous_deep} -> {previous_outcome_mixed}"
"frozenset({'income_q1', 'previous_deep'})",frozenset({'repayment_some_late'}),0.06367068532371475,0.579623856493075,1.3033844624086526,eclat,Portfolio-wide,356255,22683,"{income_q1, previous_deep} -> {repayment_some_late}","{income_q1, previous_deep} -> {repayment_some_late}"
"frozenset({'income_q1', 'previous_one'})",frozenset({'repayment_clean_observed'}),0.0459979509059522,0.7172809244506697,1.5996726955977347,eclat,Portfolio-wide,356255,16387,"{income_q1, previous_one} -> {repayment_clean_observed}","{income_q1, previous_one} -> {repayment_clean_observed}"
"frozenset({'income_q1', 'previous_outcome_mixed'})",frozenset({'previous_two_to_four'}),0.04681478154692566,0.4870911214953271,1.2679096278610407,eclat,Portfolio-wide,356255,16678,"{income_q1, previous_outcome_mixed} -> {previous_two_to_four}","{income_q1, previous_outcome_mixed} -> {previous_two_to_four}"
"frozenset({'income_q2', 'previous_approval_high'})",frozenset({'previous_two_to_four'}),0.04394324290185401,0.4612959306951115,1.200764140446486,eclat,Portfolio-wide,356255,15655,"{income_q2, previous_approval_high} -> {previous_two_to_four}","{income_q2, previous_approval_high} -> {previous_two_to_four}"
"frozenset({'income_q2', 'previous_outcome_mixed'})",frozenset({'previous_deep'}),0.032389720846023214,0.54979035639413,1.3838470747379892,eclat,Portfolio-wide,356255,11539,"{income_q2, previous_outcome_mixed} -> {previous_deep}","{income_q2, previous_outcome_mixed} -> {previous_deep}"
"frozenset({'income_q2', 'previous_deep'})",frozenset({'previous_outcome_mixed'}),0.032389720846023214,0.4528294482379719,1.3998243314852592,eclat,Portfolio-wide,356255,11539,"{income_q2, previous_deep} -> {previous_outcome_mixed}","{income_q2, previous_deep} -> {previous_outcome_mixed}"
"frozenset({'income_q2', 'repayment_some_late'})",frozenset({'previous_deep'}),0.041947481438857,0.5271996048825232,1.326985136306572,eclat,Portfolio-wide,356255,14944,"{income_q2, repayment_some_late} -> {previous_deep}","{income_q2, repayment_some_late} -> {previous_deep}"
"frozenset({'income_q2', 'previous_deep'})",frozenset({'repayment_some_late'}),0.041947481438857,0.5864531826387254,1.3187413830861718,eclat,Portfolio-wide,356255,14944,"{income_q2, previous_deep} -> {repayment_some_late}","{income_q2, previous_deep} -> {repayment_some_late}"
"frozenset({'income_q3', 'previous_one'})",frozenset({'previous_approval_high'}),0.03955032210074245,0.9878014582164891,1.8844472031064736,eclat,Portfolio-wide,356255,14090,"{income_q3, previous_one} -> {previous_approval_high}","{income_q3, previous_one} -> {previous_approval_high}"
"frozenset({'income_q3', 'previous_outcome_mixed'})",frozenset({'previous_deep'}),0.051631556048336164,0.5804721030042919,1.461074412032147,eclat,Portfolio-wide,356255,18394,"{income_q3, previous_outcome_mixed} -> {previous_deep}","{income_q3, previous_outcome_mixed} -> {previous_deep}"
"frozenset({'income_q3', 'previous_deep'})",frozenset({'previous_outcome_mixed'}),0.051631556048336164,0.4594709364774061,1.4203550563994822,eclat,Portfolio-wide,356255,18394,"{income_q3, previous_deep} -> {previous_outcome_mixed}","{income_q3, previous_deep} -> {previous_outcome_mixed}"
"frozenset({'income_q3', 'repayment_some_late'})",frozenset({'previous_deep'}),0.06742080812900872,0.5629936947706444,1.4170804717530818,eclat,Portfolio-wide,356255,24019,"{income_q3, repayment_some_late} -> {previous_deep}","{income_q3, repayment_some_late} -> {previous_deep}"
"frozenset({'income_q3', 'previous_deep'})",frozenset({'repayment_some_late'}),0.06742080812900872,0.5999800164863988,1.349158807878368,eclat,Portfolio-wide,356255,24019,"{income_q3, previous_deep} -> {repayment_some_late}","{income_q3, previous_deep} -> {repayment_some_late}"
frozenset({'income_q4'}),frozenset({'leverage_under_3x'}),0.1428667667822206,0.6016905071521457,1.2681416522737703,eclat,Portfolio-wide,356255,50897,{income_q4} -> {leverage_under_3x},{income_q4} -> {leverage_under_3x}
"frozenset({'previous_approval_high', 'income_q4'})",frozenset({'leverage_under_3x'}),0.064524006680608,0.5696478576561842,1.2006075662411269,eclat,Portfolio-wide,356255,22987,"{income_q4, previous_approval_high} -> {leverage_under_3x}","{income_q4, previous_approval_high} -> {leverage_under_3x}"
"frozenset({'income_q4', 'previous_deep'})",frozenset({'leverage_under_3x'}),0.06587977712593507,0.6362502710908696,1.3409808871004594,eclat,Portfolio-wide,356255,23470,"{income_q4, previous_deep} -> {leverage_under_3x}","{income_q4, previous_deep} -> {leverage_under_3x}"
"frozenset({'income_q4', 'previous_outcome_mixed'})",frozenset({'leverage_under_3x'}),0.04990526448751596,0.6275901020156024,1.3227284450400723,eclat,Portfolio-wide,356255,17779,"{income_q4, previous_outcome_mixed} -> {leverage_under_3x}","{income_q4, previous_outcome_mixed} -> {leverage_under_3x}"
"frozenset({'income_q4', 'previous_two_to_four'})",frozenset({'leverage_under_3x'}),0.04881896394436569,0.5830372108615487,1.2288273840625745,eclat,Portfolio-wide,356255,17392,"{income_q4, previous_two_to_four} -> {leverage_under_3x}","{income_q4, previous_two_to_four} -> {leverage_under_3x}"
"frozenset({'repayment_clean_observed', 'income_q4'})",frozenset({'leverage_under_3x'}),0.059005487642278705,0.5911583565342108,1.2459437636119721,eclat,Portfolio-wide,356255,21021,"{income_q4, repayment_clean_observed} -> {leverage_under_3x}","{income_q4, repayment_clean_observed} -> {leverage_under_3x}"
"frozenset({'repayment_some_late', 'income_q4'})",frozenset({'leverage_under_3x'}),0.06881306929025557,0.62261898714888,1.3122511685236686,eclat,Portfolio-wide,356255,24515,"{income_q4, repayment_some_late} -> {leverage_under_3x}","{income_q4, repayment_some_late} -> {leverage_under_3x}"
"frozenset({'income_q4', 'previous_one'})",frozenset({'previous_approval_high'}),0.03475038946821799,0.9861398757368169,1.8812773713244855,eclat,Portfolio-wide,356255,12380,"{income_q4, previous_one} -> {previous_approval_high}","{income_q4, previous_one} -> {previous_approval_high}"
"frozenset({'income_q4', 'previous_outcome_mixed'})",frozenset({'previous_deep'}),0.04684846528469776,0.5891489286596774,1.4829143727764003,eclat,Portfolio-wide,356255,16690,"{income_q4, previous_outcome_mixed} -> {previous_deep}","{income_q4, previous_outcome_mixed} -> {previous_deep}"
"frozenset({'income_q4', 'previous_deep'})",frozenset({'previous_outcome_mixed'}),0.04684846528469776,0.45245066146172197,1.3986533940652155,eclat,Portfolio-wide,356255,16690,"{income_q4, previous_deep} -> {previous_outcome_mixed}","{income_q4, previous_deep} -> {previous_outcome_mixed}"
"frozenset({'repayment_some_late', 'income_q4'})",frozenset({'previous_deep'}),0.0636201597170566,0.5756336668867781,1.4488958505320102,eclat,Portfolio-wide,356255,22665,"{income_q4, repayment_some_late} -> {previous_deep}","{income_q4, repayment_some_late} -> {previous_deep}"
"frozenset({'income_q4', 'previous_deep'})",frozenset({'repayment_some_late'}),0.0636201597170566,0.6144274560832791,1.381646373876933,eclat,Portfolio-wide,356255,22665,"{income_q4, previous_deep} -> {repayment_some_late}","{income_q4, previous_deep} -> {repayment_some_late}"
"frozenset({'previous_one', 'leverage_3_to_6x'})",frozenset({'previous_approval_high'}),0.06096475838935594,0.9886653313911142,1.8860952300193923,eclat,Portfolio-wide,356255,21719,"{leverage_3_to_6x, previous_one} -> {previous_approval_high}","{leverage_3_to_6x, previous_one} -> {previous_approval_high}"
"frozenset({'previous_outcome_mixed', 'leverage_3_to_6x'})",frozenset({'previous_deep'}),0.06316823623528091,0.5477424850918827,1.378692490489474,eclat,Portfolio-wide,356255,22504,"{leverage_3_to_6x, previous_outcome_mixed} -> {previous_deep}","{leverage_3_to_6x, previous_outcome_mixed} -> {previous_deep}"
"frozenset({'previous_deep', 'leverage_3_to_6x'})",frozenset({'previous_outcome_mixed'}),0.06316823623528091,0.45530692348156837,1.4074829105377773,eclat,Portfolio-wide,356255,22504,"{leverage_3_to_6x, previous_deep} -> {previous_outcome_mixed}","{leverage_3_to_6x, previous_deep} -> {previous_outcome_mixed}"
"frozenset({'previous_refusals_repeated', 'leverage_3_to_6x'})",frozenset({'previous_deep'}),0.033745491291350294,0.9716317788733531,2.445640923451298,eclat,Portfolio-wide,356255,12022,"{leverage_3_to_6x, previous_refusals_repeated} -> {previous_deep}","{leverage_3_to_6x, previous_refusals_repeated} -> {previous_deep}"
"frozenset({'repayment_some_late', 'leverage_3_to_6x'})",frozenset({'previous_deep'}),0.0826879622742137,0.5188459912639144,1.305958714807618,eclat,Portfolio-wide,356255,29458,"{leverage_3_to_6x, repayment_some_late} -> {previous_deep}","{leverage_3_to_6x, repayment_some_late} -> {previous_deep}"
"frozenset({'previous_deep', 'leverage_3_to_6x'})",frozenset({'repayment_some_late'}),0.0826879622742137,0.5960021041557075,1.3402137841934973,eclat,Portfolio-wide,356255,29458,"{leverage_3_to_6x, previous_deep} -> {repayment_some_late}","{leverage_3_to_6x, previous_deep} -> {repayment_some_late}"
"frozenset({'previous_one', 'leverage_3_to_6x'})",frozenset({'repayment_clean_observed'}),0.04325834023382128,0.7015203932993445,1.564523717712674,eclat,Portfolio-wide,356255,15411,"{leverage_3_to_6x, previous_one} -> {repayment_clean_observed}","{leverage_3_to_6x, previous_one} -> {repayment_clean_observed}"
"frozenset({'leverage_over_6x', 'previous_one'})",frozenset({'previous_approval_high'}),0.030152559262326142,0.9905025357307514,1.8896000988880972,eclat,Portfolio-wide,356255,10742,"{leverage_over_6x, previous_one} -> {previous_approval_high}","{leverage_over_6x, previous_one} -> {previous_approval_high}"
"frozenset({'leverage_over_6x', 'previous_two_to_four'})",frozenset({'previous_approval_high'}),0.046444260431432544,0.674603498185673,1.2869536330277649,eclat,Portfolio-wide,356255,16546,"{leverage_over_6x, previous_two_to_four} -> {previous_approval_high}","{leverage_over_6x, previous_two_to_four} -> {previous_approval_high}"
"frozenset({'previous_approval_high', 'leverage_over_6x'})",frozenset({'previous_two_to_four'}),0.046444260431432544,0.4746822732880053,1.2356091045740842,eclat,Portfolio-wide,356255,16546,"{leverage_over_6x, previous_approval_high} -> {previous_two_to_four}","{leverage_over_6x, previous_approval_high} -> {previous_two_to_four}"
"frozenset({'repayment_clean_observed', 'leverage_over_6x'})",frozenset({'previous_approval_high'}),0.04939720144278677,0.643860676130543,1.2283049799452008,eclat,Portfolio-wide,356255,17598,"{leverage_over_6x, repayment_clean_observed} -> {previous_approval_high}","{leverage_over_6x, repayment_clean_observed} -> {previous_approval_high}"
"frozenset({'previous_deep', 'leverage_over_6x'})",frozenset({'repayment_some_late'}),0.032361651064546464,0.5764788239411971,1.2963123129172762,eclat,Portfolio-wide,356255,11529,"{leverage_over_6x, previous_deep} -> {repayment_some_late}","{leverage_over_6x, previous_deep} -> {repayment_some_late}"
"frozenset({'repayment_clean_observed', 'leverage_over_6x'})",frozenset({'previous_two_to_four'}),0.035547571262157726,0.4633396751061028,1.2060840551425864,eclat,Portfolio-wide,356255,12664,"{leverage_over_6x, repayment_clean_observed} -> {previous_two_to_four}","{leverage_over_6x, repayment_clean_observed} -> {previous_two_to_four}"
"frozenset({'leverage_under_3x', 'previous_one'})",frozenset({'previous_approval_high'}),0.07680172909853897,0.9897268945559776,1.8881203938013527,eclat,Portfolio-wide,356255,27361,"{leverage_under_3x, previous_one} -> {previous_approval_high}","{leverage_under_3x, previous_one} -> {previous_approval_high}"
"frozenset({'leverage_under_3x', 'previous_outcome_mixed'})",frozenset({'previous_deep'}),0.09244221133738474,0.5715946959178007,1.438729578797036,eclat,Portfolio-wide,356255,32933,"{leverage_under_3x, previous_outcome_mixed} -> {previous_deep}","{leverage_under_3x, previous_outcome_mixed} -> {previous_deep}"
"frozenset({'leverage_under_3x', 'previous_deep'})",frozenset({'previous_outcome_mixed'}),0.09244221133738474,0.45669236742844466,1.4117657109481587,eclat,Portfolio-wide,356255,32933,"{leverage_under_3x, previous_deep} -> {previous_outcome_mixed}","{leverage_under_3x, previous_deep} -> {previous_outcome_mixed}"
"frozenset({'leverage_under_3x', 'previous_refusals_repeated'})",frozenset({'previous_deep'}),0.05626306999200011,0.9765651644336176,2.458058476972795,eclat,Portfolio-wide,356255,20044,"{leverage_under_3x, previous_refusals_repeated} -> {previous_deep}","{leverage_under_3x, previous_refusals_repeated} -> {previous_deep}"
"frozenset({'leverage_under_3x', 'repayment_some_late'})",frozenset({'previous_deep'}),0.12160952126987691,0.5608212191427943,1.411612252808214,eclat,Portfolio-wide,356255,43324,"{leverage_under_3x, repayment_some_late} -> {previous_deep}","{leverage_under_3x, repayment_some_late} -> {previous_deep}"
"frozenset({'leverage_under_3x', 'previous_deep'})",frozenset({'repayment_some_late'}),0.12160952126987691,0.6007876636343465,1.3509749421384603,eclat,Portfolio-wide,356255,43324,"{leverage_under_3x, previous_deep} -> {repayment_some_late}","{leverage_under_3x, previous_deep} -> {repayment_some_late}"
"frozenset({'leverage_under_3x', 'previous_one'})",frozenset({'repayment_clean_observed'}),0.05537887187548245,0.7136552722011213,1.5915868024565267,eclat,Portfolio-wide,356255,19729,"{leverage_under_3x, previous_one} -> {repayment_clean_observed}","{leverage_under_3x, previous_one} -> {repayment_clean_observed}"
"frozenset({'leverage_under_3x', 'previous_two_to_four'})",frozenset({'previous_outcome_mixed'}),0.06848745982512526,0.3914361804530578,1.210040318168286,eclat,Portfolio-wide,356255,24399,"{leverage_under_3x, previous_two_to_four} -> {previous_outcome_mixed}","{leverage_under_3x, previous_two_to_four} -> {previous_outcome_mixed}"
"frozenset({'leverage_under_3x', 'previous_refusals_repeated'})",frozenset({'repayment_some_late'}),0.03499178958891805,0.6073568818514007,1.3657469651640215,eclat,Portfolio-wide,356255,12466,"{leverage_under_3x, previous_refusals_repeated} -> {repayment_some_late}","{leverage_under_3x, previous_refusals_repeated} -> {repayment_some_late}"
"frozenset({'previous_approval_high', 'previous_deep'})",frozenset({'repayment_some_late'}),0.07689155239926457,0.6584222670897029,1.4805763134403556,eclat,Portfolio-wide,356255,27393,"{previous_approval_high, previous_deep} -> {repayment_some_late}","{previous_approval_high, previous_deep} -> {repayment_some_late}"
frozenset({'previous_one'}),frozenset({'previous_approval_high'}),0.16791904675022104,0.9894803003738132,1.8876499614963416,eclat,Portfolio-wide,356255,59822,{previous_one} -> {previous_approval_high},{previous_one} -> {previous_approval_high}
"frozenset({'repayment_clean_observed', 'previous_one'})",frozenset({'previous_approval_high'}),0.12031831132194636,0.9968603921021418,1.901729099667719,eclat,Portfolio-wide,356255,42864,"{previous_one, repayment_clean_observed} -> {previous_approval_high}","{previous_one, repayment_clean_observed} -> {previous_approval_high}"
"frozenset({'repayment_clean_observed', 'previous_approval_high'})",frozenset({'previous_one'}),0.12031831132194636,0.4633194617089121,2.730157709998817,eclat,Portfolio-wide,356255,42864,"{previous_approval_high, repayment_clean_observed} -> {previous_one}","{previous_approval_high, repayment_clean_observed} -> {previous_one}"
"frozenset({'previous_approval_high', 'previous_one'})",frozenset({'repayment_clean_observed'}),0.12031831132194636,0.7165256928889038,1.5979883857729116,eclat,Portfolio-wide,356255,42864,"{previous_approval_high, previous_one} -> {repayment_clean_observed}","{previous_approval_high, previous_one} -> {repayment_clean_observed}"
"frozenset({'repayment_some_late', 'previous_one'})",frozenset({'previous_approval_high'}),0.041835202312949994,0.9899701095981401,1.8885843796581705,eclat,Portfolio-wide,356255,14904,"{previous_one, repayment_some_late} -> {previous_approval_high}","{previous_one, repayment_some_late} -> {previous_approval_high}"
"frozenset({'repayment_some_late', 'previous_two_to_four'})",frozenset({'previous_approval_high'}),0.11277315406099564,0.6885229044917826,1.313507943172043,eclat,Portfolio-wide,356255,40176,"{previous_two_to_four, repayment_some_late} -> {previous_approval_high}","{previous_two_to_four, repayment_some_late} -> {previous_approval_high}"
"frozenset({'repayment_some_late', 'previous_approval_high'})",frozenset({'previous_two_to_four'}),0.11277315406099564,0.48714124622603766,1.268040103712185,eclat,Portfolio-wide,356255,40176,"{previous_approval_high, repayment_some_late} -> {previous_two_to_four}","{previous_approval_high, repayment_some_late} -> {previous_two_to_four}"
frozenset({'previous_outcome_mixed'}),frozenset({'previous_deep'}),0.17967467123268446,0.555425398064992,1.3980307282734814,eclat,Portfolio-wide,356255,64010,{previous_outcome_mixed} -> {previous_deep},{previous_outcome_mixed} -> {previous_deep}
frozenset({'previous_deep'}),frozenset({'previous_outcome_mixed'}),0.17967467123268446,0.45224923518231985,1.3980307282734814,eclat,Portfolio-wide,356255,64010,{previous_deep} -> {previous_outcome_mixed},{previous_deep} -> {previous_outcome_mixed}
"frozenset({'repayment_clean_observed', 'previous_deep'})",frozenset({'previous_outcome_mixed'}),0.06922288809981614,0.5383439935383876,1.6641740589007616,eclat,Portfolio-wide,356255,24661,"{previous_deep, repayment_clean_observed} -> {previous_outcome_mixed}","{previous_deep, repayment_clean_observed} -> {previous_outcome_mixed}"
"frozenset({'repayment_some_late', 'previous_outcome_mixed'})",frozenset({'previous_deep'}),0.09850809111451067,0.6609910911042887,1.6637443294782168,eclat,Portfolio-wide,356255,35094,"{previous_outcome_mixed, repayment_some_late} -> {previous_deep}","{previous_outcome_mixed, repayment_some_late} -> {previous_deep}"
"frozenset({'repayment_some_late', 'previous_deep'})",frozenset({'previous_outcome_mixed'}),0.09850809111451067,0.4162446181399817,1.2867302393636095,eclat,Portfolio-wide,356255,35094,"{previous_deep, repayment_some_late} -> {previous_outcome_mixed}","{previous_deep, repayment_some_late} -> {previous_outcome_mixed}"
"frozenset({'previous_outcome_mixed', 'previous_deep'})",frozenset({'repayment_some_late'}),0.09850809111451067,0.5482580846742696,1.2328531011092156,eclat,Portfolio-wide,356255,35094,"{previous_deep, previous_outcome_mixed} -> {repayment_some_late}","{previous_deep, previous_outcome_mixed} -> {repayment_some_late}"
frozenset({'previous_refusals_repeated'}),frozenset({'previous_deep'}),0.10083507599893335,0.9743680156233048,2.452528154517055,eclat,Portfolio-wide,356255,35923,{previous_refusals_repeated} -> {previous_deep},{previous_refusals_repeated} -> {previous_deep}
"frozenset({'repayment_clean_observed', 'previous_refusals_repeated'})",frozenset({'previous_deep'}),0.030593254831511138,0.9558011049723757,2.4057944046569713,eclat,Portfolio-wide,356255,10899,"{previous_refusals_repeated, repayment_clean_observed} -> {previous_deep}","{previous_refusals_repeated, repayment_clean_observed} -> {previous_deep}"
"frozenset({'repayment_some_late', 'previous_refusals_repeated'})",frozenset({'previous_deep'}),0.061259491094861826,0.9852376867861495,2.479887606110061,eclat,Portfolio-wide,356255,21824,"{previous_refusals_repeated, repayment_some_late} -> {previous_deep}","{previous_refusals_repeated, repayment_some_late} -> {previous_deep}"
"frozenset({'previous_deep', 'previous_refusals_repeated'})",frozenset({'repayment_some_late'}),0.061259491094861826,0.6075216435152966,1.366117460253754,eclat,Portfolio-wide,356255,21824,"{previous_deep, previous_refusals_repeated} -> {repayment_some_late}","{previous_deep, previous_refusals_repeated} -> {repayment_some_late}"
frozenset({'repayment_serious_late'}),frozenset({'previous_deep'}),0.03180306241315911,0.5290437056406425,1.3316268209232012,eclat,Portfolio-wide,356255,11330,{repayment_serious_late} -> {previous_deep},{repayment_serious_late} -> {previous_deep}
frozenset({'repayment_some_late'}),frozenset({'previous_deep'}),0.23665913460863708,0.5321689842137487,1.3394932877697638,eclat,Portfolio-wide,356255,84311,{repayment_some_late} -> {previous_deep},{repayment_some_late} -> {previous_deep}
frozenset({'previous_deep'}),frozenset({'repayment_some_late'}),0.23665913460863708,0.5956816945392371,1.3394932877697638,eclat,Portfolio-wide,356255,84311,{previous_deep} -> {repayment_some_late},{previous_deep} -> {repayment_some_late}
frozenset({'previous_outcome_not_observed'}),frozenset({'previous_none'}),0.04883580581325175,1.0,20.47677894010806,eclat,Portfolio-wide,356255,17398,{previous_outcome_not_observed} -> {previous_none},{previous_outcome_not_observed} -> {previous_none}
frozenset({'previous_none'}),frozenset({'previous_outcome_not_observed'}),0.04883580581325175,1.0,20.47677894010806,eclat,Portfolio-wide,356255,17398,{previous_none} -> {previous_outcome_not_observed},{previous_none} -> {previous_outcome_not_observed}
"frozenset({'repayment_not_observed', 'previous_outcome_not_observed'})",frozenset({'previous_none'}),0.04380570097261793,1.0,20.47677894010806,eclat,Portfolio-wide,356255,15606,"{previous_outcome_not_observed, repayment_not_observed} -> {previous_none}","{previous_outcome_not_observed, repayment_not_observed} -> {previous_none}"
"frozenset({'repayment_not_observed', 'previous_none'})",frozenset({'previous_outcome_not_observed'}),0.04380570097261793,1.0,20.47677894010806,eclat,Portfolio-wide,356255,15606,"{previous_none, repayment_not_observed} -> {previous_outcome_not_observed}","{previous_none, repayment_not_observed} -> {previous_outcome_not_observed}"
"frozenset({'previous_none', 'previous_outcome_not_observed'})",frozenset({'repayment_not_observed'}),0.04380570097261793,0.8969996551327738,19.172102960122768,eclat,Portfolio-wide,356255,15606,"{previous_none, previous_outcome_not_observed} -> {repayment_not_observed}","{previous_none, previous_outcome_not_observed} -> {repayment_not_observed}"
frozenset({'repayment_not_observed'}),frozenset({'previous_none'}),0.04380570097261793,0.9362850971922245,19.172102960122768,eclat,Portfolio-wide,356255,15606,{repayment_not_observed} -> {previous_none},{repayment_not_observed} -> {previous_none}
frozenset({'previous_none'}),frozenset({'repayment_not_observed'}),0.04380570097261793,0.8969996551327738,19.172102960122768,eclat,Portfolio-wide,356255,15606,{previous_none} -> {repayment_not_observed},{previous_none} -> {repayment_not_observed}
frozenset({'previous_one'}),frozenset({'repayment_clean_observed'}),0.1206972533718825,0.7112210129345993,1.5861579419502427,eclat,Portfolio-wide,356255,42999,{previous_one} -> {repayment_clean_observed},{previous_one} -> {repayment_clean_observed}
"frozenset({'repayment_clean_observed', 'previous_two_to_four'})",frozenset({'previous_outcome_mixed'}),0.08452372598279323,0.4300608414979006,1.3294401066235808,eclat,Portfolio-wide,356255,30112,"{previous_two_to_four, repayment_clean_observed} -> {previous_outcome_mixed}","{previous_two_to_four, repayment_clean_observed} -> {previous_outcome_mixed}"
"frozenset({'repayment_clean_observed', 'previous_outcome_mixed'})",frozenset({'previous_two_to_four'}),0.08452372598279323,0.5484082465214541,1.427519544245303,eclat,Portfolio-wide,356255,30112,"{previous_outcome_mixed, repayment_clean_observed} -> {previous_two_to_four}","{previous_outcome_mixed, repayment_clean_observed} -> {previous_two_to_four}"
"frozenset({'previous_outcome_mixed', 'previous_two_to_four'})",frozenset({'repayment_clean_observed'}),0.08452372598279323,0.5951105753078124,1.327209613040307,eclat,Portfolio-wide,356255,30112,"{previous_outcome_mixed, previous_two_to_four} -> {repayment_clean_observed}","{previous_outcome_mixed, previous_two_to_four} -> {repayment_clean_observed}"
frozenset({'repayment_not_observed'}),frozenset({'previous_outcome_not_observed'}),0.04380570097261793,0.9362850971922245,19.172102960122768,eclat,Portfolio-wide,356255,15606,{repayment_not_observed} -> {previous_outcome_not_observed},{repayment_not_observed} -> {previous_outcome_not_observed}
frozenset({'previous_outcome_not_observed'}),frozenset({'repayment_not_observed'}),0.04380570097261793,0.8969996551327738,19.172102960122768,eclat,Portfolio-wide,356255,15606,{previous_outcome_not_observed} -> {repayment_not_observed},{previous_outcome_not_observed} -> {repayment_not_observed}
frozenset({'previous_refusals_repeated'}),frozenset({'repayment_some_late'}),0.06217737294915159,0.6008191385483346,1.3510457189247986,eclat,Portfolio-wide,356255,22151,{previous_refusals_repeated} -> {repayment_some_late},{previous_refusals_repeated} -> {repayment_some_late}
