antecedents,consequents,antecedent support,consequent support,support,confidence,lift,representativity,leverage,conviction,zhangs_metric,jaccard,certainty,kulczynski,algorithm,rule_str
frozenset({'emp_senior'}),frozenset({'age_mid'}),0.3331995340416275,0.33327812942976237,0.1551192263968225,0.46554454778272,1.3968649805472233,1.0,0.04407110896456044,1.2474788456254449,0.426081280233367,0.30334734923754214,0.1983832002388523,0.46548965421006094,apriori,{'emp_senior'} -> {'age_mid'}
frozenset({'age_mid'}),frozenset({'emp_senior'}),0.33327812942976237,0.3331995340416275,0.1551192263968225,0.46543476063740186,1.3968649805472233,1.0,0.04407110896456044,1.247369669515826,0.4261315081096002,0.30334734923754214,0.19831303867749492,0.46548965421006094,apriori,{'age_mid'} -> {'emp_senior'}
frozenset({'cluster_1_veteran'}),frozenset({'age_senior'}),0.1323855103788017,0.3333090061893868,0.056939551725589815,0.43010410703305557,1.2904064968129592,1.0,0.012814268827356673,1.169846987911673,0.25938985754934657,0.1392999636041505,0.14518735327503965,0.3004676148548804,apriori,{'cluster_1_veteran'} -> {'age_senior'}
frozenset({'emp_new'}),frozenset({'age_senior'}),0.33339040855566937,0.3333090061893868,0.19348219674109837,0.5803472198834743,1.741168732637605,1.0,0.08236017099233457,1.5886728872033014,0.6385643542739486,0.4088655048461912,0.37054379913262125,0.5804180875109413,apriori,{'emp_new'} -> {'age_senior'}
frozenset({'age_senior'}),frozenset({'emp_new'}),0.3333090061893868,0.33339040855566937,0.19348219674109837,0.5804889551384081,1.7411687326376049,1.0,0.08236017099233457,1.5890155923409914,0.6384863861448691,0.4088655048461912,0.3706795548011167,0.5804180875109413,apriori,{'age_senior'} -> {'emp_new'}
frozenset({'age_senior'}),frozenset({'income_low'}),0.3333090061893868,0.320088139113837,0.12816381524469833,0.38451950851839695,1.2012925864199093,1.0,0.021475555703655128,1.104684665552045,0.2513358239942409,0.24401310410064295,0.09476429683192075,0.39246057332034745,apriori,{'age_senior'} -> {'income_low'}
frozenset({'income_low'}),frozenset({'age_senior'}),0.320088139113837,0.3333090061893868,0.12816381524469833,0.40040163812229795,1.201292586419909,1.0,0.021475555703655128,1.1118959560243022,0.24644860594215284,0.24401310410064295,0.10063527564611162,0.39246057332034745,apriori,{'income_low'} -> {'age_senior'}
frozenset({'risk_score_high'}),frozenset({'age_senior'}),0.3333342689927159,0.3333090061893868,0.14686671064265766,0.4405988951765023,1.3218931591850032,1.0,0.03576339671582979,1.1917942028751758,0.3652643279706833,0.2825573922764118,0.16092896106767168,0.44061559253995364,apriori,{'risk_score_high'} -> {'age_senior'}
frozenset({'age_senior'}),frozenset({'risk_score_high'}),0.3333090061893868,0.3333342689927159,0.14686671064265766,0.4406322899034049,1.3218931591850034,1.0,0.03576339671582979,1.1918201908582822,0.3652504870744266,0.2825573922764118,0.16094725725375056,0.44061559253995364,apriori,{'age_senior'} -> {'risk_score_high'}
frozenset({'age_young'}),frozenset({'cluster_0_minimal'}),0.33341286438085077,0.3540722235477397,0.15637955958512864,0.4690267721838694,1.3246641249751419,1.0,0.038327325334379825,1.2164978243986664,0.36768134818993325,0.2944415963299843,0.17796811474421217,0.4553434162171923,apriori,{'age_young'} -> {'cluster_0_minimal'}
frozenset({'cluster_0_minimal'}),frozenset({'age_young'}),0.3540722235477397,0.33341286438085077,0.15637955958512864,0.4416600602505153,1.3246641249751419,1.0,0.038327325334379825,1.1938732807082237,0.37944127137042094,0.2944415963299843,0.1623901663945566,0.4553434162171923,apriori,{'cluster_0_minimal'} -> {'age_young'}
frozenset({'emp_mid'}),frozenset({'age_young'}),0.33341005740270313,0.33341286438085077,0.16284122328107675,0.4884112511470883,1.4648842421064654,1.0,0.05167802102905762,1.3029745808792241,0.4760830958002902,0.3231093981486638,0.23252531962272213,0.48840919519806003,apriori,{'emp_mid'} -> {'age_young'}
frozenset({'age_young'}),frozenset({'emp_mid'}),0.33341286438085077,0.33341005740270313,0.16284122328107675,0.48840713924903184,1.4648842421064652,1.0,0.05167802102905762,1.3029695950385396,0.476085100571722,0.3231093981486638,0.23252238286464247,0.48840919519806003,apriori,{'age_young'} -> {'emp_mid'}
frozenset({'risk_score_low'}),frozenset({'age_young'}),0.3333342689927159,0.33341286438085077,0.1688734193204306,0.5066188358932903,1.5194939668392333,1.0,0.057735485899272174,1.3510591488145627,0.5128299690044049,0.33918926537745964,0.2598399552844052,0.5065591232842441,apriori,{'risk_score_low'} -> {'age_young'}
frozenset({'age_young'}),frozenset({'risk_score_low'}),0.33341286438085077,0.3333342689927159,0.1688734193204306,0.5064994106751979,1.519493966839233,1.0,0.057735485899272174,1.3508914587506433,0.5128904353235211,0.33918926537745964,0.2597480770773111,0.5065591232842441,apriori,{'age_young'} -> {'risk_score_low'}
frozenset({'burden_high'}),frozenset({'cluster_2_ambisius'}),0.3333342689927159,0.35070104279238185,0.15831076055072912,0.47493094853139317,1.3542330662887607,1.0,0.04141008481654734,1.2365972730473125,0.3923625544262453,0.3011287187920467,0.19132928577811945,0.4631716188642607,apriori,{'burden_high'} -> {'cluster_2_ambisius'}
frozenset({'cluster_2_ambisius'}),frozenset({'burden_high'}),0.35070104279238185,0.3333342689927159,0.15831076055072912,0.4514122891971282,1.3542330662887607,1.0,0.04141008481654734,1.2152400024265986,0.4028570603153112,0.3011287187920467,0.1771172788887842,0.4631716188642607,apriori,{'cluster_2_ambisius'} -> {'burden_high'}
frozenset({'credit_large'}),frozenset({'burden_high'}),0.3220389889264712,0.3333342689927159,0.15166945025332979,0.4709661111498501,1.4128943674859358,1.0,0.04432281929237118,1.2601569484636905,0.43104691972252984,0.30110840526729343,0.20644805298328797,0.4629865923574634,apriori,{'credit_large'} -> {'burden_high'}
frozenset({'burden_high'}),frozenset({'credit_large'}),0.3333342689927159,0.3220389889264712,0.15166945025332979,0.4550070735650768,1.4128943674859358,1.0,0.04432281929237118,1.2439813035894205,0.43835012349243363,0.30110840526729343,0.19612939751218886,0.4629865923574634,apriori,{'burden_high'} -> {'credit_large'}
frozenset({'income_low'}),frozenset({'burden_high'}),0.320088139113837,0.3333342689927159,0.1614938737701927,0.5045293906149975,1.513583923247995,1.0,0.054797527905443094,1.3455202354682059,0.49905946531983514,0.3282872663364754,0.2567930428396522,0.4945048260000344,apriori,{'income_low'} -> {'burden_high'}
frozenset({'burden_high'}),frozenset({'income_low'}),0.3333342689927159,0.320088139113837,0.1614938737701927,0.4844802613850714,1.513583923247995,1.0,0.054797527905443094,1.318886184092416,0.5089753889790912,0.3282872663364754,0.24178446020484767,0.4945048260000344,apriori,{'burden_high'} -> {'income_low'}
frozenset({'burden_low'}),frozenset({'cluster_0_minimal'}),0.33334268992715893,0.3540722235477397,0.17854907299546674,0.535632183908046,1.5127766265907794,1.0,0.06052168556957284,1.390983082954125,0.5084529478201942,0.3508765155610472,0.2810839957332678,0.5199526069373748,apriori,{'burden_low'} -> {'cluster_0_minimal'}
frozenset({'cluster_0_minimal'}),frozenset({'burden_low'}),0.3540722235477397,0.33334268992715893,0.17854907299546674,0.5042730299667036,1.5127766265907794,1.0,0.06052168556957284,1.3448074249986113,0.5247705499741265,0.3508765155610472,0.25639910859279164,0.5199526069373748,apriori,{'cluster_0_minimal'} -> {'burden_low'}
frozenset({'burden_low'}),frozenset({'credit_small'}),0.33334268992715893,0.334033206551487,0.19042539753828017,0.571260157467054,1.7101897244428648,1.0,0.0790778699414132,1.5533121193357196,0.6229130737959285,0.3992561030156077,0.35621438373399544,0.5706697002493126,apriori,{'burden_low'} -> {'credit_small'}
frozenset({'credit_small'}),frozenset({'burden_low'}),0.334033206551487,0.33334268992715893,0.19042539753828017,0.5700792430315712,1.7101897244428645,1.0,0.0790778699414132,1.5506516009456062,0.6235589495921376,0.3992561030156077,0.35510981358405225,0.5706697002493126,apriori,{'credit_small'} -> {'burden_low'}
frozenset({'income_med'}),frozenset({'burden_low'}),0.1808423741421173,0.33334268992715893,0.08547529157485509,0.4726507931580418,1.4179125789778804,1.0,0.025192808125508018,1.2641667066593925,0.3598060896447286,0.1993779872978459,0.20896508764849764,0.364534735133187,apriori,{'income_med'} -> {'burden_low'}
frozenset({'cluster_1_veteran'}),frozenset({'burden_med'}),0.1323855103788017,0.33332304108012517,0.05457607612524736,0.4122511290630367,1.2367915753052863,1.0,0.010448935210840705,1.134288795582181,0.22066981561791932,0.1327457192014638,0.11839030421988463,0.2879922064960146,apriori,{'cluster_1_veteran'} -> {'burden_med'}
frozenset({'credit_large'}),frozenset({'burden_med'}),0.3220389889264712,0.33332304108012517,0.14462393510266522,0.4490882783627362,1.3473064355451594,1.0,0.03728091996732508,1.2101339157180506,0.38022592742075306,0.2831665320165098,0.17364517512375038,0.4414867403199136,apriori,{'credit_large'} -> {'burden_med'}
frozenset({'burden_med'}),frozenset({'credit_large'}),0.33332304108012517,0.3220389889264712,0.14462393510266522,0.433885202277091,1.3473064355451594,1.0,0.03728091996732508,1.1975680794787562,0.3866615618577651,0.2831665320165098,0.164974403429948,0.4414867403199136,apriori,{'burden_med'} -> {'credit_large'}
frozenset({'burden_med'}),frozenset({'credit_med'}),0.33332304108012517,0.3439278045220418,0.14503375391222578,0.43511469666857544,1.2651338186316647,1.0,0.03039469219692799,1.1614254993159796,0.31434982001945955,0.272508636375623,0.13898911244074694,0.4284064742340967,apriori,{'burden_med'} -> {'credit_med'}
frozenset({'credit_med'}),frozenset({'burden_med'}),0.3439278045220418,0.33332304108012517,0.14503375391222578,0.421698251799618,1.2651338186316647,1.0,0.03039469219692799,1.1528185086669853,0.31943097648713586,0.272508636375623,0.13256076955573065,0.4284064742340967,apriori,{'credit_med'} -> {'burden_med'}
frozenset({'income_high'}),frozenset({'burden_med'}),0.2616272052322073,0.33332304108012517,0.10725744200081402,0.40996287792631375,1.2299266099272317,1.0,0.02005106632352066,1.1298898560430197,0.25318288920668997,0.21992828488054197,0.11495798050431738,0.36587256976114924,apriori,{'income_high'} -> {'burden_med'}
frozenset({'burden_med'}),frozenset({'income_very_high'}),0.33332304108012517,0.23744228151183844,0.14654952211197037,0.4396621416781757,1.851659017420008,1.0,0.06740453875744119,1.3608891620708488,0.6899049944202823,0.34545983894553667,0.26518630034622964,0.5284313782040246,apriori,{'burden_med'} -> {'income_very_high'}
frozenset({'income_very_high'}),frozenset({'burden_med'}),0.23744228151183844,0.33332304108012517,0.14654952211197037,0.6172006147298735,1.851659017420008,1.0,0.06740453875744119,1.741583149224305,0.6031592789272745,0.34545983894553667,0.42580978666140823,0.5284313782040246,apriori,{'income_very_high'} -> {'burden_med'}
frozenset({'credit_small'}),frozenset({'cluster_0_minimal'}),0.334033206551487,0.3540722235477397,0.24575374380710446,0.7357165065839782,2.0778712862936035,1.0,0.12748186362463804,2.4440715842796634,0.7789250776390881,0.5555619011358589,0.5908466812379687,0.7148972575729468,apriori,{'credit_small'} -> {'cluster_0_minimal'}
frozenset({'cluster_0_minimal'}),frozenset({'credit_small'}),0.3540722235477397,0.334033206551487,0.24575374380710446,0.6940780085619153,2.0778712862936035,1.0,0.12748186362463804,2.1769170314233435,0.8030901521855778,0.5555619011358589,0.5406347667066735,0.7148972575729468,apriori,{'cluster_0_minimal'} -> {'credit_small'}
frozenset({'income_low'}),frozenset({'cluster_0_minimal'}),0.320088139113837,0.3540722235477397,0.15868128166622222,0.4957424605158156,1.4001167771607885,1.0,0.045346962518927725,1.2809481780143404,0.42031015690268303,0.30783263087964624,0.21932829355349232,0.4719516171296376,apriori,{'income_low'} -> {'cluster_0_minimal'}
frozenset({'cluster_0_minimal'}),frozenset({'income_low'}),0.3540722235477397,0.320088139113837,0.15868128166622222,0.4481607737434596,1.4001167771607885,1.0,0.045346962518927725,1.2320832382620148,0.44242386122278726,0.30783263087964624,0.1883665251297413,0.4719516171296376,apriori,{'cluster_0_minimal'} -> {'income_low'}
frozenset({'risk_score_low'}),frozenset({'cluster_0_minimal'}),0.3333342689927159,0.3540722235477397,0.1422127408738123,0.42663702506063056,1.204943502164063,1.0,0.024188335066901004,1.126559971055969,0.2551287127973509,0.2608480754577095,0.11234197406937806,0.4141429932660058,apriori,{'risk_score_low'} -> {'cluster_0_minimal'}
frozenset({'cluster_0_minimal'}),frozenset({'risk_score_low'}),0.3540722235477397,0.3333342689927159,0.1422127408738123,0.401648961471381,1.2049435021640633,1.0,0.024188335066901004,1.1141715950667603,0.26331979521330307,0.2608480754577095,0.10247218253658624,0.4141429932660058,apriori,{'cluster_0_minimal'} -> {'risk_score_low'}
frozenset({'cluster_1_veteran'}),frozenset({'credit_med'}),0.1323855103788017,0.3439278045220418,0.05844689899089136,0.44149015117783014,1.2836710070340815,1.0,0.012915841055780114,1.174683305695568,0.25470321197088835,0.13986981668200474,0.1487067236323172,0.30571479630125364,apriori,{'cluster_1_veteran'} -> {'credit_med'}
frozenset({'credit_large'}),frozenset({'cluster_2_ambisius'}),0.3220389889264712,0.35070104279238185,0.23568230621324612,0.7318440136671083,2.0868030726112394,1.0,0.12274289697692836,2.421347985129713,0.7681829636362429,0.5392475466269333,0.5870069043601638,0.7019379826297427,apriori,{'credit_large'} -> {'cluster_2_ambisius'}
frozenset({'cluster_2_ambisius'}),frozenset({'credit_large'}),0.35070104279238185,0.3220389889264712,0.23568230621324612,0.672031951592377,2.0868030726112394,1.0,0.12274289697692836,2.067155670697862,0.8020929233523443,0.5392475466269333,0.5162434962324803,0.7019379826297427,apriori,{'cluster_2_ambisius'} -> {'credit_large'}
frozenset({'income_very_high'}),frozenset({'cluster_2_ambisius'}),0.23744228151183844,0.35070104279238185,0.10341188193849911,0.4355242936517319,1.241867689311566,1.0,0.020140626209295076,1.1502690902467574,0.25540524192330355,0.21333850643935887,0.13063820589538877,0.3651980955688525,apriori,{'income_very_high'} -> {'cluster_2_ambisius'}
frozenset({'risk_score_high'}),frozenset({'cluster_2_ambisius'}),0.3333342689927159,0.35070104279238185,0.15120910583711106,0.4536260441929399,1.2934835909840467,1.0,0.03430843010292928,1.1883783081287713,0.3403413907968831,0.2837869161635638,0.15851712105498886,0.44239422572384013,apriori,{'risk_score_high'} -> {'cluster_2_ambisius'}
frozenset({'cluster_2_ambisius'}),frozenset({'risk_score_high'}),0.35070104279238185,0.3333342689927159,0.15120910583711106,0.4311624072547403,1.2934835909840465,1.0,0.03430843010292928,1.1719790314664285,0.34944448865807864,0.2837869161635638,0.1467424133444104,0.44239422572384013,apriori,{'cluster_2_ambisius'} -> {'risk_score_high'}
frozenset({'credit_large'}),frozenset({'income_very_high'}),0.3220389889264712,0.23744228151183844,0.12748171955481327,0.3958580294261209,1.6671758159735512,1.0,0.05101604728834627,1.2622160942796312,0.5902747078914913,0.29509687983262073,0.20774263255554712,0.466376821782454,apriori,{'credit_large'} -> {'income_very_high'}
frozenset({'income_very_high'}),frozenset({'credit_large'}),0.23744228151183844,0.3220389889264712,0.12748171955481327,0.5368956141387871,1.6671758159735512,1.0,0.05101604728834627,1.4639485864785264,0.5247907510091775,0.29509687983262073,0.31691590180399537,0.466376821782454,apriori,{'income_very_high'} -> {'credit_large'}
frozenset({'credit_large'}),frozenset({'risk_score_high'}),0.3220389889264712,0.3333342689927159,0.13004168362549298,0.4038072658810404,1.2114183972181525,1.0,0.02269505266453438,1.1182050582895275,0.2574209522895441,0.24754210481319996,0.10570964369481664,0.39696561084405024,apriori,{'credit_large'} -> {'risk_score_high'}
frozenset({'risk_score_high'}),frozenset({'credit_large'}),0.3333342689927159,0.3220389889264712,0.13004168362549298,0.3901239558070601,1.2114183972181525,1.0,0.02269505266453438,1.1116373852176584,0.26178242103736254,0.24754210481319996,0.10042608021481739,0.39696561084405024,apriori,{'risk_score_high'} -> {'credit_large'}
frozenset({'income_low'}),frozenset({'credit_small'}),0.320088139113837,0.334033206551487,0.16854219589900493,0.5265493322108513,1.5763382857856392,1.0,0.061622128411711524,1.4066234113859173,0.5377438216529596,0.3470952078154807,0.28907766506266214,0.5155582603609361,apriori,{'income_low'} -> {'credit_small'}
frozenset({'credit_small'}),frozenset({'income_low'}),0.334033206551487,0.320088139113837,0.16854219589900493,0.5045671885110209,1.5763382857856387,1.0,0.061622128411711524,1.3723593696645737,0.5490039534356562,0.3470952078154807,0.2713278882306056,0.5155582603609361,apriori,{'credit_small'} -> {'income_low'}
frozenset({'emp_mid'}),frozenset({'risk_score_low'}),0.33341005740270313,0.3333342689927159,0.13399110187927188,0.40188080384579766,1.2056390273349893,1.0,0.022854104120122384,1.1146034691643798,0.25587596070283813,0.25150688107230923,0.10281994658629426,0.4019264905782478,apriori,{'emp_mid'} -> {'risk_score_low'}
frozenset({'risk_score_low'}),frozenset({'emp_mid'}),0.3333342689927159,0.33341005740270313,0.13399110187927188,0.40197217731069795,1.2056390273349893,1.0,0.022854104120122384,1.1146470403327964,0.25584687201368905,0.25150688107230923,0.10285501704518644,0.4019264905782478,apriori,{'risk_score_low'} -> {'emp_mid'}
frozenset({'emp_new'}),frozenset({'income_low'}),0.33339040855566937,0.320088139113837,0.13650054034329343,0.4094315158454855,1.2791211726213765,1.0,0.029786224870307382,1.1512836853452426,0.32734788188572955,0.2640354877942837,0.13140435087454252,0.4179391230889665,apriori,{'emp_new'} -> {'income_low'}
frozenset({'income_low'}),frozenset({'emp_new'}),0.320088139113837,0.33339040855566937,0.13650054034329343,0.4264467303324476,1.2791211726213765,1.0,0.029786224870307382,1.162245299082187,0.3209434198126872,0.2640354877942837,0.1395964339114216,0.4179391230889665,apriori,{'income_low'} -> {'emp_new'}
frozenset({'income_very_high'}),frozenset({'emp_senior'}),0.23744228151183844,0.3331995340416275,0.09503305216768887,0.40023643456673363,1.2011914593996131,1.0,0.015917394606163357,1.111772212232797,0.2196466500409136,0.1998135011036485,0.10053517348515345,0.3427250376095563,apriori,{'income_very_high'} -> {'emp_senior'}
"frozenset({'burden_high', 'age_mid'})",frozenset({'cluster_2_ambisius'}),0.10894443586756677,0.35070104279238185,0.05791357314283308,0.5315881686076471,1.5157872482356778,1.0,0.01970664587764965,1.3861711291057248,0.3818805727543016,0.14415975516877563,0.2785883510319966,0.3483623776309672,apriori,"{'burden_high', 'age_mid'} -> {'cluster_2_ambisius'}"
"frozenset({'cluster_2_ambisius', 'age_mid'})",frozenset({'burden_high'}),0.12923327391896255,0.3333342689927159,0.05791357314283308,0.4481320590790616,1.3443924035570862,1.0,0.01483569425152028,1.2080167764316496,0.294188497530859,0.14311875693673695,0.17219692680602391,0.31093614541126346,apriori,"{'cluster_2_ambisius', 'age_mid'} -> {'burden_high'}"
"frozenset({'credit_large', 'age_mid'})",frozenset({'burden_high'}),0.12573297216881166,0.3333342689927159,0.058449705969039034,0.46487174335275605,1.3946113154147812,1.0,0.01653859760286671,1.245805510596966,0.32364749511811325,0.14589902047336784,0.197306488457561,0.3201101845300563,apriori,"{'credit_large', 'age_mid'} -> {'burden_high'}"
"frozenset({'burden_high', 'age_mid'})",frozenset({'credit_large'}),0.10894443586756677,0.3220389889264712,0.058449705969039034,0.5365093270122643,1.6659763117526167,1.0,0.023365349993083047,1.462728487508244,0.44862675834820415,0.1568977598951152,0.31634612401410284,0.35900408823244134,apriori,"{'burden_high', 'age_mid'} -> {'credit_large'}"
"frozenset({'burden_high', 'emp_senior'})",frozenset({'age_mid'}),0.10842514491024688,0.33327812942976237,0.05098314409622321,0.4702151344914179,1.410879061569249,1.0,0.014847414617385209,1.2584766269798946,0.32663777621686263,0.13048507141009802,0.20538850022204203,0.31159495059644843,apriori,"{'burden_high', 'emp_senior'} -> {'age_mid'}"
"frozenset({'burden_high', 'age_mid'})",frozenset({'emp_senior'}),0.10894443586756677,0.3331995340416275,0.05098314409622321,0.4679738225291147,1.404485224972282,1.0,0.014682908828721988,1.2533226637985546,0.3232069575127855,0.13033806233091502,0.20212086728790762,0.3104923365240263,apriori,"{'burden_high', 'age_mid'} -> {'emp_senior'}"
"frozenset({'income_low', 'age_mid'})",frozenset({'burden_high'}),0.09113135254242045,0.3333342689927159,0.0448695456905868,0.4923612394505021,1.4770795722214247,1.0,0.014492342908541594,1.3132679827002298,0.35537412800137036,0.11820339709982032,0.23854079047607238,0.31348474933991016,apriori,"{'income_low', 'age_mid'} -> {'burden_high'}"
"frozenset({'burden_high', 'age_mid'})",frozenset({'income_low'}),0.10894443586756677,0.320088139113837,0.0448695456905868,0.41185715758012986,1.2866992157858617,1.0,0.009997723946930596,1.1560318545894668,0.25006026223553773,0.1167981879292708,0.134971933489564,0.2760179388875806,apriori,"{'burden_high', 'age_mid'} -> {'income_low'}"
"frozenset({'burden_low', 'age_mid'})",frozenset({'cluster_0_minimal'}),0.1039536287210004,0.3540722235477397,0.052602770487431755,0.5060214937624885,1.4291476713204005,1.0,0.015795678020330967,1.307602999515306,0.3351190906216109,0.12974784330559286,0.2352418888831903,0.32729329008720587,apriori,"{'burden_low', 'age_mid'} -> {'cluster_0_minimal'}"
"frozenset({'cluster_0_minimal', 'age_mid'})",frozenset({'burden_low'}),0.09898247042146777,0.33334268992715893,0.052602770487431755,0.5314352153815615,1.5942608955897282,1.0,0.019607687541504243,1.422764432917666,0.4136990455987186,0.1385295465633732,0.2971429585505608,0.3446195486616872,apriori,"{'cluster_0_minimal', 'age_mid'} -> {'burden_low'}"
"frozenset({'burden_low', 'age_mid'})",frozenset({'credit_small'}),0.1039536287210004,0.334033206551487,0.0559486884394605,0.5382081330669115,1.6112414050785502,1.0,0.02122472450512198,1.4421362547405117,0.4233715457312633,0.14644791077345834,0.3065842449263345,0.3528512619351751,apriori,"{'burden_low', 'age_mid'} -> {'credit_small'}"
"frozenset({'credit_small', 'age_mid'})",frozenset({'burden_low'}),0.0932365861531768,0.33334268992715893,0.0559486884394605,0.6000722543352601,1.8001662327330057,1.0,0.024868954011535244,1.666944385078251,0.4902003536071441,0.15095539954104467,0.4000999619714025,0.3839568041917554,apriori,"{'credit_small', 'age_mid'} -> {'burden_low'}"
"frozenset({'burden_low', 'emp_senior'})",frozenset({'age_mid'}),0.10404906597802135,0.33327812942976237,0.04736494926386998,0.45521743822164673,1.365878520143287,1.0,0.012687671185801094,1.2238311527333647,0.29897894972637573,0.1214603457956034,0.18289381850874553,0.2986679112409989,apriori,"{'burden_low', 'emp_senior'} -> {'age_mid'}"
"frozenset({'burden_low', 'age_mid'})",frozenset({'emp_senior'}),0.1039536287210004,0.3331995340416275,0.04736494926386998,0.45563536209969213,1.367454979822296,1.0,0.012727648612096298,1.2249151019991253,0.2998890544324107,0.12151457541191381,0.18361689037228138,0.2988936346824111,apriori,"{'burden_low', 'age_mid'} -> {'emp_senior'}"
"frozenset({'burden_med', 'age_mid'})",frozenset({'cluster_2_ambisius'}),0.1203800648411952,0.35070104279238185,0.053630124489480846,0.44550669216061184,1.2703318148510776,1.0,0.011412710218259146,1.1709770848951184,0.24192732403380757,0.12847047115701424,0.1460123234695342,0.2992146592011089,apriori,"{'burden_med', 'age_mid'} -> {'cluster_2_ambisius'}"
"frozenset({'cluster_2_ambisius', 'age_mid'})",frozenset({'burden_med'}),0.12923327391896255,0.33332304108012517,0.053630124489480846,0.4149869678540399,1.244999345107631,1.0,0.010553696618071422,1.1395933462787196,0.2259924732946793,0.13114866627311542,0.12249399905198996,0.28794115462463166,apriori,"{'cluster_2_ambisius', 'age_mid'} -> {'burden_med'}"
"frozenset({'credit_large', 'burden_med'})",frozenset({'age_mid'}),0.14462393510266522,0.33327812942976237,0.058211112826486645,0.40249985443394215,1.2076995724940545,1.0,0.010011118264699033,1.1158522311966983,0.20105718438828205,0.13869994716319886,0.10382399027194869,0.2885810595149194,apriori,"{'credit_large', 'burden_med'} -> {'age_mid'}"
"frozenset({'credit_large', 'age_mid'})",frozenset({'burden_med'}),0.12573297216881166,0.33332304108012517,0.058211112826486645,0.46297412542138283,1.3889652630107012,1.0,0.0163014161791356,1.241424278565702,0.32031356696867436,0.14522103877369524,0.19447362415421332,0.31880642808947673,apriori,"{'credit_large', 'age_mid'} -> {'burden_med'}"
"frozenset({'burden_med', 'age_mid'})",frozenset({'credit_large'}),0.1203800648411952,0.3220389889264712,0.058211112826486645,0.48356106888028727,1.501560635537504,1.0,0.019444038458125097,1.3127612389786598,0.3797392656445599,0.15150939536514801,0.23824685684808217,0.33215951777463915,apriori,"{'burden_med', 'age_mid'} -> {'credit_large'}"
"frozenset({'burden_med', 'age_mid'})",frozenset({'credit_med'}),0.1203800648411952,0.3439278045220418,0.0501270157611823,0.4164062864338013,1.2107374889694749,1.0,0.008724964352129001,1.1241933904134458,0.19787765160355164,0.12102687829540372,0.11047333267790421,0.28107747193080623,apriori,"{'burden_med', 'age_mid'} -> {'credit_med'}"
"frozenset({'credit_med', 'age_mid'})",frozenset({'burden_med'}),0.11430857110777393,0.33332304108012517,0.0501270157611823,0.43852368440439066,1.3156116750386213,1.0,0.01202533521801536,1.187364347172275,0.2708587684126241,0.12610424184220376,0.15779852883277629,0.29445468755538023,apriori,"{'credit_med', 'age_mid'} -> {'burden_med'}"
"frozenset({'burden_med', 'emp_senior'})",frozenset({'age_mid'}),0.12072532315335925,0.33327812942976237,0.05677113303672931,0.4702504127043177,1.4109849137383075,1.0,0.016536023161374154,1.2585604341360317,0.331267587059435,0.14291670199836062,0.2054414131598907,0.3202960111899448,apriori,"{'burden_med', 'emp_senior'} -> {'age_mid'}"
"frozenset({'burden_med', 'age_mid'})",frozenset({'emp_senior'}),0.1203800648411952,0.3331995340416275,0.05677113303672931,0.471599123257007,1.415365494473017,1.0,0.016660551523742163,1.2619215737650926,0.33363127001600823,0.14306935945955504,0.20755772720773652,0.32099045662782955,apriori,"{'burden_med', 'age_mid'} -> {'emp_senior'}"
"frozenset({'income_high', 'age_mid'})",frozenset({'burden_med'}),0.09133064799090539,0.33332304108012517,0.03766683976365244,0.4124227802194425,1.2373065446750893,1.0,0.007224230431505434,1.1346201596597953,0.21107000743767726,0.09733364281258614,0.1186477769795311,0.26271339435400326,apriori,"{'income_high', 'age_mid'} -> {'burden_med'}"
"frozenset({'burden_med', 'income_very_high'})",frozenset({'age_mid'}),0.14654952211197037,0.33327812942976237,0.05921039704705899,0.40402995652090634,1.2122906390893398,1.0,0.010368646448755903,1.1187170863121174,0.20518507476519782,0.1407702523240372,0.10611895336601296,0.2908452851701321,apriori,"{'burden_med', 'income_very_high'} -> {'age_mid'}"
"frozenset({'burden_med', 'age_mid'})",frozenset({'income_very_high'}),0.1203800648411952,0.23744228151183844,0.05921039704705899,0.49186214615492235,2.0715019373261834,1.0,0.03062707980262255,1.5006906348698283,0.5880476969472627,0.19828542422590287,0.3336401409030308,0.3706148418444549,apriori,"{'burden_med', 'age_mid'} -> {'income_very_high'}"
"frozenset({'income_very_high', 'age_mid'})",frozenset({'burden_med'}),0.09358465144348851,0.33332304108012517,0.05921039704705899,0.6326934613077384,1.8981389923046144,1.0,0.028016476429491868,1.8150424473614752,0.522021379329753,0.1610302761958563,0.4490486977570696,0.40516506864693014,apriori,"{'income_very_high', 'age_mid'} -> {'burden_med'}"
"frozenset({'risk_score_high', 'burden_med'})",frozenset({'age_mid'}),0.11511417383615669,0.33327812942976237,0.046171983551108055,0.4010972933430871,1.20349119226444,1.0,0.00780694702414126,1.1132390339190361,0.19108010063602773,0.11479276726706819,0.10172032283164786,0.26981809382984967,apriori,"{'risk_score_high', 'burden_med'} -> {'age_mid'}"
"frozenset({'credit_small', 'age_mid'})",frozenset({'cluster_0_minimal'}),0.0932365861531768,0.3540722235477397,0.06644959368991313,0.7126986994219653,2.0128624953430494,1.0,0.03343710831465742,2.2482591451994423,0.5549353534005806,0.17447285216276173,0.5552114167375974,0.450185563441758,apriori,"{'credit_small', 'age_mid'} -> {'cluster_0_minimal'}"
"frozenset({'cluster_0_minimal', 'age_mid'})",frozenset({'credit_small'}),0.09898247042146777,0.334033206551487,0.06644959368991313,0.671326886538298,2.0097609260737417,1.0,0.03338616170264253,2.026228389764876,0.557623312983837,0.18127589190679297,0.50647221949346,0.4351289939788069,apriori,"{'cluster_0_minimal', 'age_mid'} -> {'credit_small'}"
"frozenset({'cluster_0_minimal', 'emp_senior'})",frozenset({'age_mid'}),0.0939355237119479,0.33327812942976237,0.04095381117458,0.43597788734498727,1.3081503070451812,1.0,0.009647155544856921,1.1820846303911523,0.25998354052455747,0.10602658294999527,0.15403688171709035,0.2794298357656109,apriori,"{'cluster_0_minimal', 'emp_senior'} -> {'age_mid'}"
"frozenset({'cluster_0_minimal', 'age_mid'})",frozenset({'emp_senior'}),0.09898247042146777,0.3331995340416275,0.04095381117458,0.4137481212602444,1.2417427967007715,1.0,0.007972898151857769,1.1373958705117828,0.2160671046725678,0.10468011221363638,0.12079863666988717,0.26832944545287457,apriori,"{'cluster_0_minimal', 'age_mid'} -> {'emp_senior'}"
"frozenset({'income_low', 'age_mid'})",frozenset({'cluster_0_minimal'}),0.09113135254242045,0.3540722235477397,0.04038960856689731,0.44320211914002344,1.251728008199057,1.0,0.008122527937289535,1.1600758527575974,0.2212689359262172,0.09977325835373084,0.1379874017522936,0.2786368927712167,apriori,"{'income_low', 'age_mid'} -> {'cluster_0_minimal'}"
"frozenset({'cluster_0_minimal', 'age_mid'})",frozenset({'income_low'}),0.09898247042146777,0.320088139113837,0.04038960856689731,0.40804809573774214,1.2747991752128711,1.0,0.008706493804799278,1.1485930799285602,0.23924364510326565,0.10665866115175641,0.1293696458085943,0.26711543369578084,apriori,"{'cluster_0_minimal', 'age_mid'} -> {'income_low'}"
"frozenset({'credit_large', 'age_mid'})",frozenset({'cluster_2_ambisius'}),0.12573297216881166,0.35070104279238185,0.09031171492329933,0.7182818744000179,2.0481315615170472,1.0,0.04621703047031155,2.3047823274586614,0.5853476093735689,0.233894066502857,0.5661195471319682,0.4878997715111528,apriori,"{'credit_large', 'age_mid'} -> {'cluster_2_ambisius'}"
"frozenset({'cluster_2_ambisius', 'age_mid'})",frozenset({'credit_large'}),0.12923327391896255,0.3220389889264712,0.09031171492329933,0.6988271068635968,2.1700077658086143,1.0,0.04869356205477893,2.251069158360397,0.61919241966207,0.25019829852092634,0.5557666470236896,0.4896321574343087,apriori,"{'cluster_2_ambisius', 'age_mid'} -> {'credit_large'}"
"frozenset({'emp_mid', 'cluster_2_ambisius'})",frozenset({'age_mid'}),0.10721814430674657,0.33327812942976237,0.04368780789041557,0.4074665549650496,1.2226021421274278,1.0,0.007954345314932748,1.1252054650365115,0.20393831726531977,0.11009797333144694,0.11127342421186051,0.26927584393470283,apriori,"{'emp_mid', 'cluster_2_ambisius'} -> {'age_mid'}"
"frozenset({'emp_senior', 'cluster_2_ambisius'})",frozenset({'age_mid'}),0.13314900843496932,0.33327812942976237,0.06367068532371475,0.47819120902287343,1.4348112486140534,1.0,0.019295032857080528,1.2777129900815782,0.34959204986984627,0.15808731287112154,0.21735162140274325,0.33461745203358745,apriori,"{'emp_senior', 'cluster_2_ambisius'} -> {'age_mid'}"
"frozenset({'cluster_2_ambisius', 'age_mid'})",frozenset({'emp_senior'}),0.12923327391896255,0.3331995340416275,0.06367068532371475,0.49268027801911374,1.4786343547454117,1.0,0.020610218671242422,1.3143594405413137,0.3717416735963738,0.15967084562265504,0.23917311417632156,0.341884518305958,apriori,"{'cluster_2_ambisius', 'age_mid'} -> {'emp_senior'}"
"frozenset({'income_very_high', 'cluster_2_ambisius'})",frozenset({'age_mid'}),0.10341188193849911,0.33327812942976237,0.042778346970568835,0.4136695529437312,1.2412142184412709,1.0,0.008313428397294424,1.137109413160415,0.21675203461088782,0.10859883277632489,0.12057715077684673,0.27101292558078316,apriori,"{'income_very_high', 'cluster_2_ambisius'} -> {'age_mid'}"
"frozenset({'income_very_high', 'age_mid'})",frozenset({'cluster_2_ambisius'}),0.09358465144348851,0.35070104279238185,0.042778346970568835,0.45710857828434315,1.3034137983871223,1.0,0.009958112119975833,1.19600150460232,0.2568181789548887,0.10654436901823977,0.1638806505243419,0.2895440521465177,apriori,"{'income_very_high', 'age_mid'} -> {'cluster_2_ambisius'}"
"frozenset({'risk_score_high', 'age_mid'})",frozenset({'cluster_2_ambisius'}),0.12496386015634868,0.35070104279238185,0.05923565985038806,0.47402232754554235,1.351642195789443,1.0,0.015410703782195202,1.2344610640556013,0.29731255693057845,0.14224663813150887,0.1899298980603901,0.32146437694079716,apriori,"{'risk_score_high', 'age_mid'} -> {'cluster_2_ambisius'}"
"frozenset({'cluster_2_ambisius', 'age_mid'})",frozenset({'risk_score_high'}),0.12923327391896255,0.3333342689927159,0.05923565985038806,0.4583622936576889,1.375083021145075,1.0,0.01615778095907526,1.2308333101646292,0.3132540253511039,0.14686580044401448,0.1875423002110287,0.31803438719532245,apriori,"{'cluster_2_ambisius', 'age_mid'} -> {'risk_score_high'}"
"frozenset({'credit_large', 'emp_mid'})",frozenset({'age_mid'}),0.10142173443179744,0.33327812942976237,0.04272220740761533,0.42123325583969884,1.263909085664959,1.0,0.008920561472663756,1.151969903760703,0.23237135817904234,0.10899143536421187,0.1319217657202541,0.27471055373597314,apriori,"{'credit_large', 'emp_mid'} -> {'age_mid'}"
"frozenset({'credit_large', 'emp_senior'})",frozenset({'age_mid'}),0.12782417088882964,0.33327812942976237,0.06247771961095283,0.488778602485836,1.4665786900632645,1.0,0.019876719041213402,1.304174421908397,0.36476695053364955,0.15673323381122722,0.23323139665881412,0.3381214037931993,apriori,"{'credit_large', 'emp_senior'} -> {'age_mid'}"
"frozenset({'credit_large', 'age_mid'})",frozenset({'emp_senior'}),0.12573297216881166,0.3331995340416275,0.06247771961095283,0.4969079990177037,1.491322610780193,1.0,0.020583551870635867,1.3254046270988853,0.37683484033302916,0.15759103363801785,0.2455134231809255,0.34220821166682464,apriori,"{'credit_large', 'age_mid'} -> {'emp_senior'}"
"frozenset({'emp_senior', 'age_mid'})",frozenset({'credit_large'}),0.1551192263968225,0.3220389889264712,0.06247771961095283,0.4027722485613985,1.250694053859921,1.0,0.012523280779063735,1.1351800204201112,0.23724524718022666,0.15066471719058835,0.119082452111942,0.2983894713276276,apriori,"{'emp_senior', 'age_mid'} -> {'credit_large'}"
"frozenset({'income_high', 'age_mid'})",frozenset({'credit_large'}),0.09133064799090539,0.3220389889264712,0.03713912787188952,0.40664474290807395,1.262718977797189,1.0,0.007727098334898902,1.142588698710215,0.22897014426510837,0.09871375919542803,0.12479442416258177,0.26098484269035244,apriori,"{'income_high', 'age_mid'} -> {'credit_large'}"
"frozenset({'credit_large', 'income_very_high'})",frozenset({'age_mid'}),0.12748171955481327,0.33327812942976237,0.05331574293694124,0.41822265280958254,1.2548757805534974,1.0,0.010828873907223514,1.1460086471053632,0.23278409117949356,0.13085412734061755,0.1274062350874561,0.28909818757111544,apriori,"{'credit_large', 'income_very_high'} -> {'age_mid'}"
"frozenset({'credit_large', 'age_mid'})",frozenset({'income_very_high'}),0.12573297216881166,0.23744228151183844,0.05331574293694124,0.42403947045297263,1.7858633590994653,1.0,0.023461419163914116,1.3239756534842524,0.5033321988624672,0.17206424553171062,0.24469910200513045,0.32429068923996307,apriori,"{'credit_large', 'age_mid'} -> {'income_very_high'}"
"frozenset({'income_very_high', 'age_mid'})",frozenset({'credit_large'}),0.09358465144348851,0.3220389889264712,0.05331574293694124,0.5697060587882423,1.7690592703926267,1.0,0.023177836407043975,1.5755764749192422,0.47961215045924477,0.14715589506794555,0.3653116710496353,0.3676314269954042,apriori,"{'income_very_high', 'age_mid'} -> {'credit_large'}"
"frozenset({'credit_large', 'risk_score_high'})",frozenset({'age_mid'}),0.13004168362549298,0.33327812942976237,0.05380977109093206,0.4137886375410119,1.2415715314083247,1.0,0.010469722024330802,1.1373404087111705,0.22365342972825425,0.1314003701418877,0.12075576288263962,0.28762234491341604,apriori,"{'credit_large', 'risk_score_high'} -> {'age_mid'}"
"frozenset({'credit_large', 'age_mid'})",frozenset({'risk_score_high'}),0.12573297216881166,0.3333342689927159,0.05380977109093206,0.42796865581675714,1.2839023635643931,1.0,0.011898662724759736,1.1654356667450838,0.25292567058346654,0.1327792207792208,0.14195177946383336,0.2946987579811352,apriori,"{'credit_large', 'age_mid'} -> {'risk_score_high'}"
"frozenset({'risk_score_high', 'age_mid'})",frozenset({'credit_large'}),0.12496386015634868,0.3220389889264712,0.05380977109093206,0.4306026640310879,1.337113451593292,1.0,0.01356653591383259,1.190664178152291,0.28812559137589494,0.1368533021124096,0.1601326231617799,0.29884676120458237,apriori,"{'risk_score_high', 'age_mid'} -> {'credit_large'}"
"frozenset({'credit_large', 'risk_score_med'})",frozenset({'age_mid'}),0.10770936548258972,0.33327812942976237,0.043221849517901506,0.4012821849265089,1.2040459588905554,1.0,0.007324673667797391,1.1135828161191414,0.18992345359656337,0.10866159513358645,0.10199763724352354,0.26548460558524345,apriori,"{'credit_large', 'risk_score_med'} -> {'age_mid'}"
"frozenset({'credit_med', 'age_mid'})",frozenset({'emp_senior'}),0.11430857110777393,0.3331995340416275,0.05161752115759779,0.45156299879674877,1.3552329840303252,1.0,0.01352995852752327,1.215819619200448,0.2959490014834326,0.13038330095435272,0.17750957115034552,0.30323887235968994,apriori,"{'credit_med', 'age_mid'} -> {'emp_senior'}"
"frozenset({'emp_senior', 'credit_med'})",frozenset({'age_mid'}),0.11223140727849433,0.33327812942976237,0.05161752115759779,0.45992046619813426,1.379989941089313,1.0,0.014213247676551383,1.2344883092993335,0.31016758097544167,0.1310448527001411,0.18994777636446294,0.3073993396583772,apriori,"{'emp_senior', 'credit_med'} -> {'age_mid'}"
"frozenset({'credit_small', 'emp_senior'})",frozenset({'age_mid'}),0.09314395587430352,0.33327812942976237,0.041023985628271885,0.44043636801976915,1.3215279645662743,1.0,0.009981142246795683,1.1915032222712296,0.2682897258928045,0.10644573925710124,0.160724048992657,0.2817643552189942,apriori,"{'credit_small', 'emp_senior'} -> {'age_mid'}"
"frozenset({'credit_small', 'age_mid'})",frozenset({'emp_senior'}),0.0932365861531768,0.3331995340416275,0.041023985628271885,0.439998795761079,1.3205264437918114,1.0,0.009957598566401316,1.1907125572427986,0.26768422217909227,0.10644186300571719,0.16016674728316524,0.2815600866526112,apriori,"{'credit_small', 'age_mid'} -> {'emp_senior'}"
"frozenset({'income_low', 'age_mid'})",frozenset({'credit_small'}),0.09113135254242045,0.334033206551487,0.043106763413846824,0.4730179264461283,1.416080548785854,1.0,0.012665865506728113,1.2637370925302134,0.32328706915713445,0.11282785981926384,0.2086961711333231,0.3010336310829981,apriori,"{'income_low', 'age_mid'} -> {'credit_small'}"
"frozenset({'credit_small', 'age_mid'})",frozenset({'income_low'}),0.0932365861531768,0.320088139113837,0.043106763413846824,0.4623374277456647,1.4444066219562037,1.0,0.01326283805474952,1.2645698175258853,0.33931031466543315,0.11643617505231553,0.20921724831572602,0.2985044850969517,apriori,"{'credit_small', 'age_mid'} -> {'income_low'}"
"frozenset({'emp_mid', 'income_very_high'})",frozenset({'age_mid'}),0.08425425608061642,0.33327812942976237,0.033781982007270075,0.4009528251599147,1.203057715926165,1.0,0.005701881144226054,1.1129705615391943,0.18431391542170414,0.0880311309092771,0.10150363849962075,0.25115777901865965,apriori,"{'emp_mid', 'income_very_high'} -> {'age_mid'}"
"frozenset({'risk_score_high', 'emp_mid'})",frozenset({'age_mid'}),0.08961558434267589,0.33327812942976237,0.04093416232754628,0.4567750422852847,1.3705521063348054,1.0,0.01106724801006416,1.227340277911861,0.2969811743089647,0.10716884071284219,0.18523003115211625,0.2897989350832818,apriori,"{'risk_score_high', 'emp_mid'} -> {'age_mid'}"
"frozenset({'emp_senior', 'income_high'})",frozenset({'age_mid'}),0.09227379264852423,0.33327812942976237,0.04290185400906654,0.4649408329023819,1.3950535359097638,1.0,0.012149016999776628,1.2460712974731605,0.31196811208734765,0.1121177221411228,0.19747770289882696,0.296833856804255,apriori,"{'emp_senior', 'income_high'} -> {'age_mid'}"
"frozenset({'income_high', 'age_mid'})",frozenset({'emp_senior'}),0.09133064799090539,0.3331995340416275,0.04290185400906654,0.4697421397178597,1.4097923067898817,1.0,0.012470524654776965,1.257502275597726,0.3198915618976669,0.11241789683502873,0.20477281082877408,0.29924969231478643,apriori,"{'income_high', 'age_mid'} -> {'emp_senior'}"
"frozenset({'income_low', 'emp_senior'})",frozenset({'age_mid'}),0.08758613914190679,0.33327812942976237,0.040667499403517146,0.46431432875044065,1.3931737121331085,1.0,0.01147695478632756,1.2446139711279165,0.30930527562941584,0.10696434767842775,0.19653802448179017,0.29316851767508895,apriori,"{'income_low', 'emp_senior'} -> {'age_mid'}"
"frozenset({'income_low', 'age_mid'})",frozenset({'emp_senior'}),0.09113135254242045,0.3331995340416275,0.040667499403517146,0.4462514630690569,1.3392919781613666,1.0,0.010302575199799366,1.204157521849178,0.2787386562469132,0.10599786365432172,0.16954386626731463,0.284151476244058,apriori,"{'income_low', 'age_mid'} -> {'emp_senior'}"
"frozenset({'income_very_high', 'emp_senior'})",frozenset({'age_mid'}),0.09503305216768887,0.33327812942976237,0.04533550406310087,0.47704985822306245,1.431386629057517,1.0,0.0136630662026525,1.274924351879467,0.3330251297134976,0.11837697985150657,0.21563973695708258,0.3065394492072089,apriori,"{'income_very_high', 'emp_senior'} -> {'age_mid'}"
"frozenset({'income_very_high', 'age_mid'})",frozenset({'emp_senior'}),0.09358465144348851,0.3331995340416275,0.04533550406310087,0.48443311337732453,1.4538829256489987,1.0,0.014153141808682376,1.2933345473879887,0.3444190451683202,0.1188508606035631,0.22680484951121546,0.3102471201069127,apriori,"{'income_very_high', 'age_mid'} -> {'emp_senior'}"
"frozenset({'risk_score_high', 'emp_senior'})",frozenset({'age_mid'}),0.13089219800423854,0.33327812942976237,0.0642854135380556,0.49113250841714734,1.4736415775540783,1.0,0.020661906630252906,1.3102072378339058,0.3698148139724335,0.16075978688904333,0.23676196320419848,0.3420103467868171,apriori,"{'risk_score_high', 'emp_senior'} -> {'age_mid'}"
"frozenset({'risk_score_high', 'age_mid'})",frozenset({'emp_senior'}),0.12496386015634868,0.3331995340416275,0.0642854135380556,0.5144320402524765,1.5439158452970918,1.0,0.022647513561917118,1.3732381895730577,0.4026077181420828,0.16321149364671003,0.2717942105069901,0.35368286201867655,apriori,"{'risk_score_high', 'age_mid'} -> {'emp_senior'}"
"frozenset({'emp_senior', 'age_mid'})",frozenset({'risk_score_high'}),0.1551192263968225,0.3333342689927159,0.0642854135380556,0.41442582606492706,1.2432739883518642,1.0,0.012578859600355173,1.1384821269136136,0.2315972511912997,0.15155646143257978,0.12163750632522784,0.3036407626686802,apriori,"{'emp_senior', 'age_mid'} -> {'risk_score_high'}"
"frozenset({'risk_score_low', 'emp_senior'})",frozenset({'age_mid'}),0.09055311504399938,0.33327812942976237,0.03748438618405356,0.413949163050217,1.242053187703863,1.0,0.007305013388151371,1.137651938252188,0.21428574086529723,0.09702262456589025,0.12099653120942,0.2632104741235655,apriori,"{'risk_score_low', 'emp_senior'} -> {'age_mid'}"
"frozenset({'risk_score_low', 'age_mid'})",frozenset({'emp_senior'}),0.0921755484133556,0.3331995340416275,0.03748438618405356,0.406663012363725,1.2204789347422063,1.0,0.006771536402691996,1.1238140885414205,0.19899168888055932,0.09663646626335137,0.110173105857853,0.25958066375026795,apriori,"{'risk_score_low', 'age_mid'} -> {'emp_senior'}"
"frozenset({'risk_score_med', 'emp_senior'})",frozenset({'age_mid'}),0.11175422099338957,0.33327812942976237,0.05334942667471334,0.4773817597267224,1.4323824984961384,1.0,0.016104188946156187,1.2757340237906893,0.33984113725423215,0.13620564860003298,0.21613754799090407,0.3187282750053617,apriori,"{'risk_score_med', 'emp_senior'} -> {'age_mid'}"
"frozenset({'risk_score_med', 'age_mid'})",frozenset({'emp_senior'}),0.11613872086005811,0.3331995340416275,0.05334942667471334,0.4593595166163142,1.3786319297761238,1.0,0.014652058999951333,1.2333528221658396,0.31073115102344656,0.1347245752199216,0.1892020012214009,0.30973603273867334,apriori,"{'risk_score_med', 'age_mid'} -> {'emp_senior'}"
"frozenset({'risk_score_high', 'income_very_high'})",frozenset({'age_mid'}),0.09159169695863918,0.33327812942976237,0.03932857082707611,0.42939013178057,1.2883837667813813,1.0,0.008803061393403186,1.1684373294326682,0.2464021374366258,0.102008722178943,0.14415606655981517,0.2736976936570202,apriori,"{'risk_score_high', 'income_very_high'} -> {'age_mid'}"
"frozenset({'income_very_high', 'age_mid'})",frozenset({'risk_score_high'}),0.09358465144348851,0.3333342689927159,0.03932857082707611,0.420245950809838,1.2607343135758458,1.0,0.008133599449222751,1.1499112976244426,0.22816412792993385,0.10146942736509729,0.13036770569533368,0.2691156660543396,apriori,"{'income_very_high', 'age_mid'} -> {'risk_score_high'}"
"frozenset({'income_very_high', 'risk_score_med'})",frozenset({'age_mid'}),0.07726207351475768,0.33327812942976237,0.03158692509578813,0.40882833787465944,1.2266881675499175,1.0,0.005837165758924904,1.1277974119620078,0.20027018743348454,0.0833530858344938,0.11331592944488242,0.2518024046277923,apriori,"{'income_very_high', 'risk_score_med'} -> {'age_mid'}"
"frozenset({'age_senior', 'burden_high'})",frozenset({'cluster_2_ambisius'}),0.11944814809616706,0.35070104279238185,0.054424499305272905,0.45563284297598344,1.2992058402453117,1.0,0.012533909208328253,1.1927592413128854,0.2615394266818234,0.13091476259925458,0.16160783722011873,0.3054102872945053,apriori,"{'age_senior', 'burden_high'} -> {'cluster_2_ambisius'}"
"frozenset({'age_senior', 'cluster_2_ambisius'})",frozenset({'burden_high'}),0.12639541901166298,0.3333342689927159,0.054424499305272905,0.4305891758644429,1.2917639016402849,1.0,0.012292574704992197,1.1707991888271059,0.2585434330552539,0.13428029253698268,0.14588256505217662,0.29693110773820364,apriori,"{'age_senior', 'cluster_2_ambisius'} -> {'burden_high'}"
"frozenset({'credit_large', 'age_senior'})",frozenset({'burden_high'}),0.11033669702881363,0.3333342689927159,0.051297525648762825,0.4649180828330111,1.3947503334653257,1.0,0.014518523401592466,1.2459134005816728,0.31812687148835517,0.13073648817827377,0.19737599777549913,0.3094051139037058,apriori,"{'credit_large', 'age_senior'} -> {'burden_high'}"
"frozenset({'age_senior', 'burden_high'})",frozenset({'credit_large'}),0.11944814809616706,0.3220389889264712,0.051297525648762825,0.42945434036753305,1.3335476607945356,1.0,0.012830564806733787,1.1882677567125066,0.28404975729696974,0.13146819944319352,0.1584388330399313,0.29437206942370797,apriori,"{'age_senior', 'burden_high'} -> {'credit_large'}"
"frozenset({'burden_high', 'credit_small'})",frozenset({'age_senior'}),0.09994245694797266,0.3333090061893868,0.04206537452105935,0.42089594158123855,1.2627799842350635,1.0,0.008753653519605005,1.1512455906992036,0.23120345348990304,0.10753289992967954,0.13137560909774726,0.2735506378952065,apriori,"{'burden_high', 'credit_small'} -> {'age_senior'}"
"frozenset({'emp_new', 'burden_high'})",frozenset({'age_senior'}),0.1188811385103367,0.3333090061893868,0.0730291504680636,0.6143039289761995,1.8430462950861604,1.0,0.033404996336520436,1.728539759404168,0.5191354445911781,0.19260723433867838,0.42147700418259265,0.4167036854316501,apriori,"{'emp_new', 'burden_high'} -> {'age_senior'}"
"frozenset({'age_senior', 'burden_high'})",frozenset({'emp_new'}),0.11944814809616706,0.33339040855566937,0.0730291504680636,0.611387883630211,1.8338496487613314,1.0,0.03320628357306436,1.7153597722877212,0.5163796144657544,0.19227841459178624,0.4170319158957939,0.41521891403077926,apriori,"{'age_senior', 'burden_high'} -> {'emp_new'}"
"frozenset({'age_senior', 'income_low'})",frozenset({'burden_high'}),0.12816381524469833,0.3333342689927159,0.06667134496357946,0.5202041218598743,1.560607984987112,1.0,0.023949953297670447,1.3894778204255072,0.41203163781454366,0.16886228396334396,0.2803051727059848,0.3601087976585817,apriori,"{'age_senior', 'income_low'} -> {'burden_high'}"
"frozenset({'age_senior', 'burden_high'})",frozenset({'income_low'}),0.11944814809616706,0.320088139113837,0.06667134496357946,0.5581613949334963,1.7437740632275982,1.0,0.028437409518883336,1.538824025537165,0.48439079455266965,0.17880829600632364,0.35015311471308436,0.3832259887420807,apriori,"{'age_senior', 'burden_high'} -> {'income_low'}"
"frozenset({'income_low', 'burden_high'})",frozenset({'age_senior'}),0.1614938737701927,0.3333090061893868,0.06667134496357946,0.41284132584777433,1.2386143733937904,1.0,0.012843982391562252,1.135452856543797,0.2297493256210269,0.15572631192468073,0.11929412635950541,0.3064349795572887,apriori,"{'income_low', 'burden_high'} -> {'age_senior'}"
"frozenset({'risk_score_high', 'burden_high'})",frozenset({'age_senior'}),0.11728396794430955,0.3333090061893868,0.054185906162720524,0.46200607902735563,1.386119398060438,1.0,0.01509410336525481,1.2392165930152077,0.3155730917722071,0.13669258330854966,0.1930385651415111,0.3122878310382309,apriori,"{'risk_score_high', 'burden_high'} -> {'age_senior'}"
"frozenset({'age_senior', 'burden_high'})",frozenset({'risk_score_high'}),0.11944814809616706,0.3333342689927159,0.054185906162720524,0.4536353809277624,1.360902322760206,1.0,0.014369745034551004,1.2201846674100634,0.301167280306998,0.1359417472993338,0.18045192116486947,0.3080963215606206,apriori,"{'age_senior', 'burden_high'} -> {'risk_score_high'}"
"frozenset({'age_senior', 'cluster_0_minimal'})",frozenset({'burden_low'}),0.09871019354114328,0.33334268992715893,0.046494786038090694,0.47102314735824374,1.4130297786376247,1.0,0.013590464599855523,1.2602769038824604,0.3243139209897328,0.12059086904926578,0.20652358468257315,0.3052517951434813,apriori,"{'age_senior', 'cluster_0_minimal'} -> {'burden_low'}"
"frozenset({'burden_low', 'age_senior'})",frozenset({'credit_small'}),0.10979775722446,0.334033206551487,0.056089037346844256,0.5108395541466408,1.52930769793961,1.0,0.019412940428996182,1.361448578056446,0.3887985633076093,0.14465559054548086,0.26548823354932494,0.33937705474325597,apriori,"{'burden_low', 'age_senior'} -> {'credit_small'}"
"frozenset({'age_senior', 'credit_small'})",frozenset({'burden_low'}),0.1122707049725618,0.33334268992715893,0.056089037346844256,0.4995874690601795,1.498720338428144,1.0,0.01866441855127205,1.3322154599542053,0.37484862909385996,0.14399365857173738,0.24937066858961787,0.3339249290061118,apriori,"{'age_senior', 'credit_small'} -> {'burden_low'}"
"frozenset({'emp_new', 'burden_low'})",frozenset({'age_senior'}),0.11668327462070707,0.3333090061893868,0.06730572202495404,0.5768240756332844,1.7305985284583996,1.0,0.02841413572220286,1.5754464170151428,0.47793188943903875,0.17587689057755218,0.3652592755933837,0.3893779894937937,apriori,"{'emp_new', 'burden_low'} -> {'age_senior'}"
"frozenset({'burden_low', 'age_senior'})",frozenset({'emp_new'}),0.10979775722446,0.33339040855566937,0.06730572202495404,0.6129972389814909,1.8386768882678668,1.0,0.03070020288539512,1.7224931152686245,0.5123899157994272,0.179060563064745,0.4194461556126167,0.4074399187868759,apriori,"{'burden_low', 'age_senior'} -> {'emp_new'}"
"frozenset({'burden_low', 'age_senior'})",frozenset({'income_low'}),0.10979775722446,0.320088139113837,0.04480779217133794,0.4080938746293077,1.2749421948564363,1.0,0.00966283238248769,1.1486819138091457,0.24224912476698718,0.11636026999839634,0.12943697643510504,0.27403983410768745,apriori,"{'burden_low', 'age_senior'} -> {'income_low'}"
"frozenset({'risk_score_high', 'burden_low'})",frozenset({'age_senior'}),0.10093612721224965,0.3333090061893868,0.04550953670825673,0.4508746071915237,1.3527225452028018,1.0,0.011866616458536275,1.2140960926990703,0.29002400444117665,0.11707066987269749,0.1763419666585953,0.29370659104849595,apriori,"{'risk_score_high', 'burden_low'} -> {'age_senior'}"
"frozenset({'burden_low', 'age_senior'})",frozenset({'risk_score_high'}),0.10979775722446,0.3333342689927159,0.04550953670825673,0.4144851211780346,1.243451873191868,1.0,0.008910181566801664,1.1385974210400789,0.21993556105326972,0.11445413151671315,0.12172644911971939,0.27550667403552764,apriori,"{'burden_low', 'age_senior'} -> {'risk_score_high'}"
"frozenset({'burden_med', 'age_senior'})",frozenset({'cluster_2_ambisius'}),0.10406310086875974,0.35070104279238185,0.04894527796101107,0.4703422976290022,1.3411488425697355,1.0,0.012450239970128216,1.2258841026969864,0.28391575937315106,0.12060868061559743,0.18426220080677594,0.30495320245667845,apriori,"{'burden_med', 'age_senior'} -> {'cluster_2_ambisius'}"
"frozenset({'credit_large', 'age_senior'})",frozenset({'burden_med'}),0.11033669702881363,0.33332304108012517,0.04841756606924815,0.43881652589803605,1.3164902266463843,1.0,0.011639802672867579,1.187983947650503,0.27021968722502676,0.12250101202354997,0.15823778429185176,0.2920368545884562,apriori,"{'credit_large', 'age_senior'} -> {'burden_med'}"
"frozenset({'burden_med', 'age_senior'})",frozenset({'credit_large'}),0.10406310086875974,0.3220389889264712,0.04841756606924815,0.46527122164378387,1.4447667445323393,1.0,0.014905190280919377,1.2678595925912497,0.34360315857108265,0.12819579047505797,0.21126912960748168,0.30780906455594115,apriori,"{'burden_med', 'age_senior'} -> {'credit_large'}"
"frozenset({'emp_new', 'burden_med'})",frozenset({'age_senior'}),0.09782599542462563,0.3333090061893868,0.053147324248080725,0.5432842673094028,1.6299717596010823,1.0,0.020541038933611255,1.4597504445117595,0.42840121335996817,0.1406059705926036,0.31495139887799906,0.3513689386032036,apriori,"{'emp_new', 'burden_med'} -> {'age_senior'}"
"frozenset({'burden_med', 'age_senior'})",frozenset({'emp_new'}),0.10406310086875974,0.33339040855566937,0.053147324248080725,0.510722088851725,1.531903965276928,1.0,0.018453684533875088,1.3624354916817725,0.387546897280627,0.138294220332917,0.26602029519532466,0.3350683828557955,apriori,"{'burden_med', 'age_senior'} -> {'emp_new'}"
"frozenset({'age_senior', 'income_high'})",frozenset({'burden_med'}),0.07843539038048589,0.33332304108012517,0.032106216053108025,0.40933328561714916,1.228037774678626,1.0,0.005961893203177672,1.12868550518619,0.20149732262021527,0.084567440278589,0.11401360662017321,0.2528274539380252,apriori,"{'age_senior', 'income_high'} -> {'burden_med'}"
"frozenset({'burden_med', 'age_senior'})",frozenset({'income_very_high'}),0.10406310086875974,0.23744228151183844,0.0402548736158089,0.3868313867234915,1.6291596604465948,1.0,0.015545893524334012,1.2436346250884927,0.431042207309753,0.13362591081045821,0.19590530866021555,0.27818339639992995,apriori,"{'burden_med', 'age_senior'} -> {'income_very_high'}"
"frozenset({'age_senior', 'income_very_high'})",frozenset({'burden_med'}),0.0663625773673352,0.33332304108012517,0.0402548736158089,0.6065899670078674,1.8198260913563833,1.0,0.018134697513813646,1.694610973312943,0.48251808711166494,0.11199618895891417,0.40989406079142,0.3636791583953003,apriori,"{'age_senior', 'income_very_high'} -> {'burden_med'}"
"frozenset({'risk_score_high', 'burden_med'})",frozenset({'age_senior'}),0.11511417383615669,0.3333090061893868,0.047171267771680396,0.4097781029017313,1.2294240338315208,1.0,0.008802676892038702,1.1295599114304171,0.21088708017574587,0.11756023169264349,0.1146994596031202,0.275651117425281,apriori,"{'risk_score_high', 'burden_med'} -> {'age_senior'}"
"frozenset({'burden_med', 'age_senior'})",frozenset({'risk_score_high'}),0.10406310086875974,0.3333342689927159,0.047171267771680396,0.45329485069997033,1.3598807349444044,1.0,0.012483470114477112,1.2194246420778094,0.2953795020774159,0.1208818874982017,0.17994112510628468,0.29740412839498653,apriori,"{'burden_med', 'age_senior'} -> {'risk_score_high'}"
"frozenset({'age_senior', 'credit_small'})",frozenset({'cluster_0_minimal'}),0.1122707049725618,0.3540722235477397,0.07723119675513326,0.6879015926194465,1.9428284594786815,1.0,0.03747925860622603,2.069628556818157,0.5466604756551542,0.19848077158913022,0.5168215104562541,0.45301215670293715,apriori,"{'age_senior', 'credit_small'} -> {'cluster_0_minimal'}"
"frozenset({'age_senior', 'cluster_0_minimal'})",frozenset({'credit_small'}),0.09871019354114328,0.334033206551487,0.07723119675513326,0.7824034578854575,2.342292450391036,1.0,0.04425871428726729,3.060557796446733,0.6358308119143478,0.21723922844306887,0.6732621742477837,0.5068057994967577,apriori,"{'age_senior', 'cluster_0_minimal'} -> {'credit_small'}"
"frozenset({'emp_new', 'cluster_0_minimal'})",frozenset({'age_senior'}),0.1285848619668496,0.3333090061893868,0.06520048841419769,0.5070619310615817,1.5212968196048928,1.0,0.022341995861027572,1.3524842892462854,0.39322943371380314,0.1643599105601313,0.260619877102394,0.3513388363105421,apriori,"{'emp_new', 'cluster_0_minimal'} -> {'age_senior'}"
"frozenset({'age_senior', 'cluster_0_minimal'})",frozenset({'emp_new'}),0.09871019354114328,0.33339040855566937,0.06520048841419769,0.6605243701302393,1.9812338722994345,1.0,0.032291456660906735,1.9636449064107324,0.5495058599557522,0.1777063728865427,0.49074295625686226,0.42804617455759264,apriori,"{'age_senior', 'cluster_0_minimal'} -> {'emp_new'}"
"frozenset({'age_senior', 'income_low'})",frozenset({'cluster_0_minimal'}),0.12816381524469833,0.3540722235477397,0.05702376107002007,0.4449287106594538,1.2566043904866315,1.0,0.011644514027968032,1.1636843570483646,0.23422358288513295,0.13410657231126719,0.14066044289152682,0.3029899617987296,apriori,"{'age_senior', 'income_low'} -> {'cluster_0_minimal'}"
"frozenset({'age_senior', 'cluster_0_minimal'})",frozenset({'income_low'}),0.09871019354114328,0.320088139113837,0.05702376107002007,0.5776886765625888,1.8047800151605684,1.0,0.02542779890786883,1.6099778129366915,0.4947530163522772,0.15762235808944478,0.37887342796610174,0.377919430579138,apriori,"{'age_senior', 'cluster_0_minimal'} -> {'income_low'}"
"frozenset({'risk_score_high', 'cluster_0_minimal'})",frozenset({'age_senior'}),0.09446042862556316,0.3333090061893868,0.03968225007368317,0.4200939022940686,1.2603736907588103,1.0,0.008197738484273215,1.1496533601698566,0.22813416886190543,0.10225086432611494,0.13017259406587214,0.2695746706757644,apriori,"{'risk_score_high', 'cluster_0_minimal'} -> {'age_senior'}"
"frozenset({'age_senior', 'cluster_0_minimal'})",frozenset({'risk_score_high'}),0.09871019354114328,0.3333342689927159,0.03968225007368317,0.40200762099755444,1.2060194777223436,1.0,0.006778759867516672,1.1148398448144066,0.18953503540128191,0.10113677824597048,0.10301017258090953,0.26052701852895777,apriori,"{'age_senior', 'cluster_0_minimal'} -> {'risk_score_high'}"
"frozenset({'emp_new', 'cluster_1_veteran'})",frozenset({'age_senior'}),0.047988098412653855,0.3333090061893868,0.035109682671120405,0.7316331305568554,2.195059590262437,1.0,0.01911481728028026,2.4842522297703233,0.5718746807111279,0.10141813493768802,0.5974643846480706,0.41848493309800444,apriori,"{'emp_new', 'cluster_1_veteran'} -> {'age_senior'}"
"frozenset({'cluster_1_veteran', 'age_senior'})",frozenset({'emp_new'}),0.056939551725589815,0.33339040855566937,0.035109682671120405,0.616613261030318,1.8495230972649779,1.0,0.01612658225834935,1.7387393033879706,0.48705263908058105,0.09883918482168963,0.4248706530924569,0.36096213854735515,apriori,"{'cluster_1_veteran', 'age_senior'} -> {'emp_new'}"
"frozenset({'credit_large', 'age_senior'})",frozenset({'cluster_2_ambisius'}),0.11033669702881363,0.35070104279238185,0.07938414899440008,0.7194718632339473,2.0515247331610618,1.0,0.04068895428812804,2.3145591194265944,0.5761254469314127,0.20800052954415074,0.5679522758322376,0.47291516308192855,apriori,"{'credit_large', 'age_senior'} -> {'cluster_2_ambisius'}"
"frozenset({'age_senior', 'cluster_2_ambisius'})",frozenset({'credit_large'}),0.12639541901166298,0.3220389889264712,0.07938414899440008,0.6280619156543561,1.95026669829024,1.0,0.038679896050946454,1.8227792194667978,0.5577461769424004,0.2151038972892391,0.45138720623964457,0.4372833460846217,apriori,"{'age_senior', 'cluster_2_ambisius'} -> {'credit_large'}"
"frozenset({'cluster_2_ambisius', 'credit_med'})",frozenset({'age_senior'}),0.11387348949488428,0.3333090061893868,0.046155141682222005,0.40531946361664367,1.2160471397113717,1.0,0.008200082067364549,1.121090994276019,0.20049446180905736,0.11509225298877286,0.10801174471499292,0.2718974974029253,apriori,"{'cluster_2_ambisius', 'credit_med'} -> {'age_senior'}"
"frozenset({'emp_new', 'cluster_2_ambisius'})",frozenset({'age_senior'}),0.11033389005066596,0.3333090061893868,0.06754150818935875,0.6121555956954232,1.8366008248441845,1.0,0.03076622894756221,1.7189650963406868,0.5120076691055689,0.1795832462608592,0.4182546218484666,0.40739745458537197,apriori,"{'emp_new', 'cluster_2_ambisius'} -> {'age_senior'}"
"frozenset({'age_senior', 'cluster_2_ambisius'})",frozenset({'emp_new'}),0.12639541901166298,0.33339040855566937,0.06754150818935875,0.5343667414332987,1.6028257793867227,1.0,0.025402487805495408,1.431619368204644,0.43051728691068614,0.17219244448579143,0.3014903107562218,0.36847828871078936,apriori,"{'age_senior', 'cluster_2_ambisius'} -> {'emp_new'}"
"frozenset({'age_senior', 'emp_senior'})",frozenset({'cluster_2_ambisius'}),0.08879594672355476,0.35070104279238185,0.038952435755287645,0.4386735790605045,1.2508476609241312,1.0,0.007811604643600211,1.1567226002312212,0.2200847709498046,0.09724869652968547,0.1354884915362536,0.2748718906596034,apriori,"{'age_senior', 'emp_senior'} -> {'cluster_2_ambisius'}"
"frozenset({'income_low', 'cluster_2_ambisius'})",frozenset({'age_senior'}),0.09160853882752523,0.3333090061893868,0.04087240880829743,0.44616374555705357,1.3385889288078296,1.0,0.01033845777323314,1.2037691437899403,0.27845337201872256,0.10642605505123597,0.16927593205155161,0.28439496070792053,apriori,"{'income_low', 'cluster_2_ambisius'} -> {'age_senior'}"
"frozenset({'age_senior', 'income_very_high'})",frozenset({'cluster_2_ambisius'}),0.0663625773673352,0.35070104279238185,0.030368696579697128,0.4576177988325861,1.304865805898102,1.0,0.007095271494582556,1.1971243816815493,0.25024454229729465,0.07853399340892264,0.16466491260052463,0.2721060284152445,apriori,"{'age_senior', 'income_very_high'} -> {'cluster_2_ambisius'}"
"frozenset({'risk_score_high', 'age_senior'})",frozenset({'cluster_2_ambisius'}),0.14686671064265766,0.35070104279238185,0.06510224417902907,0.4432743396659149,1.2639664146317844,1.0,0.013595935605162028,1.1662817137223043,0.24479145335762437,0.15053742503310227,0.14257422693493105,0.31445446467283933,apriori,"{'risk_score_high', 'age_senior'} -> {'cluster_2_ambisius'}"
"frozenset({'risk_score_high', 'cluster_2_ambisius'})",frozenset({'age_senior'}),0.15120910583711106,0.3333090061893868,0.06510224417902907,0.43054446898958587,1.2917276791043255,1.0,0.01470288738567578,1.1707516346845717,0.26607615704672716,0.1552212235391751,0.14584787210703004,0.3129327281659988,apriori,"{'risk_score_high', 'cluster_2_ambisius'} -> {'age_senior'}"
"frozenset({'age_senior', 'cluster_2_ambisius'})",frozenset({'risk_score_high'}),0.12639541901166298,0.3333342689927159,0.06510224417902907,0.515068067245553,1.5451998643944058,1.0,0.022970319578748365,1.3747614582124474,0.4038835594541791,0.16497140580988423,0.27260107997189287,0.35518712578122436,apriori,"{'age_senior', 'cluster_2_ambisius'} -> {'risk_score_high'}"
"frozenset({'credit_large', 'emp_new'})",frozenset({'age_senior'}),0.09279308360584412,0.3333090061893868,0.053902401369805335,0.580888136003388,1.7427915994364886,1.0,0.02297363089189275,1.5907232676572536,0.46980233722293246,0.14482118885654385,0.3713551437059474,0.37130357129873043,apriori,"{'credit_large', 'emp_new'} -> {'age_senior'}"
"frozenset({'credit_large', 'age_senior'})",frozenset({'emp_new'}),0.11033669702881363,0.33339040855566937,0.053902401369805335,0.4885265085987585,1.4653286239252579,1.0,0.01711720486868605,1.3033121024866325,0.3569431549303497,0.13827343620613924,0.23272407423205332,0.325103014512224,apriori,"{'credit_large', 'age_senior'} -> {'emp_new'}"
"frozenset({'age_senior', 'emp_senior'})",frozenset({'credit_large'}),0.08879594672355476,0.3220389889264712,0.03708018133078834,0.41758867041790476,1.2967022154986634,1.0,0.00848442442716596,1.164058761631568,0.2511105119380338,0.0992099254986782,0.1409368384475883,0.26636528563081974,apriori,"{'age_senior', 'emp_senior'} -> {'credit_large'}"
"frozenset({'age_senior', 'income_high'})",frozenset({'credit_large'}),0.07843539038048589,0.3220389889264712,0.032027620664973125,0.4083312457502774,1.2679559301544965,1.0,0.0067683668507883855,1.1458455532829868,0.22931550766816186,0.08692604810263521,0.12728203453346862,0.2538919320585987,apriori,"{'age_senior', 'income_high'} -> {'credit_large'}"
"frozenset({'credit_large', 'age_senior'})",frozenset({'income_very_high'}),0.11033669702881363,0.23744228151183844,0.03887945432344809,0.3523710186221634,1.4840281030764726,1.0,0.012680857246446096,1.177460769074622,0.3666087072148881,0.12586440339127825,0.1507148040389407,0.2580568889067786,apriori,"{'credit_large', 'age_senior'} -> {'income_very_high'}"
"frozenset({'age_senior', 'income_very_high'})",frozenset({'credit_large'}),0.0663625773673352,0.3220389889264712,0.03887945432344809,0.5858641400896709,1.8192335718189607,1.0,0.01750811700551674,1.6370497624144997,0.48232639419078105,0.11123603626755756,0.38914501992591183,0.3532965843743801,apriori,"{'age_senior', 'income_very_high'} -> {'credit_large'}"
"frozenset({'credit_large', 'age_senior'})",frozenset({'risk_score_high'}),0.11033669702881363,0.3333342689927159,0.05453677843117991,0.4942759743563651,1.4828237608152017,1.0,0.017757776184009554,1.318240180815651,0.365993540841947,0.14014902871652082,0.24141289686583686,0.328942925200279,apriori,"{'credit_large', 'age_senior'} -> {'risk_score_high'}"
"frozenset({'credit_large', 'risk_score_high'})",frozenset({'age_senior'}),0.13004168362549298,0.3333090061893868,0.05453677843117991,0.41937920911759624,1.2582294547399784,1.0,0.011192714098772191,1.148238237899479,0.23591061699231783,0.13340245258922565,0.12910059341923463,0.2915007428995845,apriori,"{'credit_large', 'risk_score_high'} -> {'age_senior'}"
"frozenset({'emp_new', 'credit_med'})",frozenset({'age_senior'}),0.11339630320977952,0.3333090061893868,0.06393734824774389,0.5638397940492103,1.6916428406643036,1.0,0.026141339119341904,1.5285461275800876,0.4611515502594232,0.16703944618408217,0.3457835638999352,0.3778329192659162,apriori,"{'emp_new', 'credit_med'} -> {'age_senior'}"
"frozenset({'age_senior', 'credit_med'})",frozenset({'emp_new'}),0.1107016041880114,0.33339040855566937,0.06393734824774389,0.5775647852325169,1.7323977247416085,1.0,0.027030495199734765,1.5780161505030919,0.4753920041932772,0.16818772520526906,0.36629292439042077,0.3846719962265369,apriori,"{'age_senior', 'credit_med'} -> {'emp_new'}"
"frozenset({'risk_score_high', 'credit_med'})",frozenset({'age_senior'}),0.10591009248992997,0.3333090061893868,0.04595865321188475,0.4339402613235801,1.3019157996499333,1.0,0.010657865538640149,1.1777749736617775,0.2593711996400167,0.11686568975239293,0.1509413747424637,0.28591314203930285,apriori,"{'risk_score_high', 'credit_med'} -> {'age_senior'}"
"frozenset({'age_senior', 'credit_med'})",frozenset({'risk_score_high'}),0.1107016041880114,0.3333342689927159,0.04595865321188475,0.41515796947106853,1.2454704124049745,1.0,0.009058014903552992,1.1399073531092683,0.22162473459433793,0.11545160312233371,0.12273572297577512,0.27651677104650163,apriori,"{'age_senior', 'credit_med'} -> {'risk_score_high'}"
"frozenset({'emp_new', 'credit_small'})",frozenset({'age_senior'}),0.12720102174004574,0.3333090061893868,0.07564244712354914,0.5946685497396064,1.7841358580083329,1.0,0.03324520098109991,1.644804501062813,0.5035576095939762,0.19654148828321583,0.3920250100520541,0.41080622690065977,apriori,"{'emp_new', 'credit_small'} -> {'age_senior'}"
"frozenset({'age_senior', 'credit_small'})",frozenset({'emp_new'}),0.1122707049725618,0.33339040855566937,0.07564244712354914,0.6737505312898467,2.020905562966561,1.0,0.03821247092391375,2.043251117250279,0.5690612311462152,0.20442873290295172,0.5105838966353986,0.4503195117635372,apriori,"{'age_senior', 'credit_small'} -> {'emp_new'}"
"frozenset({'age_senior', 'income_low'})",frozenset({'credit_small'}),0.12816381524469833,0.334033206551487,0.06700818234130047,0.5228323003131913,1.5652105540968224,1.0,0.024197212171241538,1.3956661230121472,0.41419285710842285,0.16955990567377902,0.28349625779997795,0.36171782829375415,apriori,"{'age_senior', 'income_low'} -> {'credit_small'}"
"frozenset({'age_senior', 'credit_small'})",frozenset({'income_low'}),0.1122707049725618,0.320088139113837,0.06700818234130047,0.5968447633572518,1.8646263026478103,1.0,0.03107166130963456,1.6864765705341929,0.5223433680489545,0.18340785814164323,0.4070477956991427,0.4030938364329514,apriori,"{'age_senior', 'credit_small'} -> {'income_low'}"
"frozenset({'risk_score_high', 'credit_small'})",frozenset({'age_senior'}),0.09738249287729295,0.3333090061893868,0.04637127899959299,0.47617675035309714,1.4286345148517607,1.0,0.013912817078417433,1.272740364731833,0.33240094341703996,0.12065792164538841,0.21429379651151365,0.3076503704099518,apriori,"{'risk_score_high', 'credit_small'} -> {'age_senior'}"
"frozenset({'age_senior', 'credit_small'})",frozenset({'risk_score_high'}),0.1122707049725618,0.3333342689927159,0.04637127899959299,0.41303097732329924,1.2390894538728776,1.0,0.008947605628267227,1.1357766853984044,0.21735878989411841,0.11615071469250292,0.11954523027629954,0.2760722119168369,apriori,"{'age_senior', 'credit_small'} -> {'risk_score_high'}"
"frozenset({'emp_new', 'income_high'})",frozenset({'age_senior'}),0.0770796199351588,0.3333090061893868,0.03987873854402044,0.5173707210487983,1.552225446782039,1.0,0.014187407025977011,1.3813728733146788,0.3854760322757247,0.10763204945604414,0.27608249784111816,0.31850783427022,apriori,"{'emp_new', 'income_high'} -> {'age_senior'}"
"frozenset({'age_senior', 'income_high'})",frozenset({'emp_new'}),0.07843539038048589,0.33339040855566937,0.03987873854402044,0.5084278710231543,1.5250224900763973,1.0,0.013729131699846828,1.3560768647152688,0.37357333593031455,0.10721616808041781,0.2625786738055097,0.3140218026856586,apriori,"{'age_senior', 'income_high'} -> {'emp_new'}"
"frozenset({'emp_new', 'age_senior'})",frozenset({'income_low'}),0.19348219674109837,0.320088139113837,0.0910808269357623,0.4707452596149661,1.4706738616376818,1.0,0.029149470629246832,1.2846589912289228,0.39681652410255225,0.21558127483157713,0.22158330979072816,0.3776472345271695,apriori,"{'emp_new', 'age_senior'} -> {'income_low'}"
"frozenset({'emp_new', 'income_low'})",frozenset({'age_senior'}),0.13650054034329343,0.3333090061893868,0.0910808269357623,0.6672561640173559,2.0019145946456054,1.0,0.04558396748962487,2.0036163610417344,0.5795929404397224,0.2404909430494204,0.5009024584526387,0.47025929395380317,apriori,"{'emp_new', 'income_low'} -> {'age_senior'}"
"frozenset({'age_senior', 'income_low'})",frozenset({'emp_new'}),0.12816381524469833,0.33339040855566937,0.0910808269357623,0.7106594537769114,2.131613374408898,1.0,0.048352240209279,2.3038927663126705,0.6089122976121775,0.2458498442981293,0.565952020587973,0.49192757823389066,apriori,"{'age_senior', 'income_low'} -> {'emp_new'}"
"frozenset({'emp_new', 'income_med'})",frozenset({'age_senior'}),0.06165527501368402,0.3333090061893868,0.0348963523318971,0.5659913498748008,1.6980979792463318,1.0,0.014346093890752747,1.5361237468845188,0.4381181234278471,0.0969160248214787,0.3490107798748997,0.33534402389270723,apriori,"{'emp_new', 'income_med'} -> {'age_senior'}"
"frozenset({'age_senior', 'income_med'})",frozenset({'emp_new'}),0.06034722319686741,0.33339040855566937,0.0348963523318971,0.5782594539280898,1.7344813740540836,1.0,0.014777166935093306,1.580615375147421,0.4506545340548317,0.09724731889329548,0.36733501665025126,0.3414652942694704,apriori,"{'age_senior', 'income_med'} -> {'emp_new'}"
"frozenset({'risk_score_high', 'emp_new'})",frozenset({'age_senior'}),0.11282648664580146,0.3333090061893868,0.08131534996000056,0.7207115312849857,2.1622924010504416,1.0,0.043709265824248354,2.3871053354906104,0.6058880806776265,0.22289161261531595,0.5810825835239171,0.48233769299821067,apriori,"{'risk_score_high', 'emp_new'} -> {'age_senior'}"
"frozenset({'risk_score_high', 'age_senior'})",frozenset({'emp_new'}),0.14686671064265766,0.33339040855566937,0.08131534996000056,0.5536676732540804,1.6607186621016101,1.0,0.032351397295617645,1.4935274715689744,0.4663410209613165,0.20382761653474055,0.33044418731080716,0.3987859802299096,apriori,"{'risk_score_high', 'age_senior'} -> {'emp_new'}"
"frozenset({'emp_new', 'age_senior'})",frozenset({'risk_score_high'}),0.19348219674109837,0.3333342689927159,0.08131534996000056,0.42027303457180576,1.2608155646336792,1.0,0.016821103346201696,1.1499650193343616,0.25648855159798895,0.182525580926458,0.13040833139530306,0.33210919985124915,apriori,"{'emp_new', 'age_senior'} -> {'risk_score_high'}"
"frozenset({'emp_new', 'risk_score_low'})",frozenset({'age_senior'}),0.10879005206944464,0.3333090061893868,0.04444288501214018,0.40851975127073814,1.2256487034095216,1.0,0.00818218087358194,1.1271568158749752,0.2065793024814995,0.111762089971553,0.11281200103134503,0.27092906876675366,apriori,"{'emp_new', 'risk_score_low'} -> {'age_senior'}"
"frozenset({'risk_score_low', 'age_senior'})",frozenset({'emp_new'}),0.0722853012589297,0.33339040855566937,0.04444288501214018,0.6148260329294812,1.8441623308632704,1.0,0.020343658892855967,1.7306714587029342,0.4934150411025065,0.12303113659851894,0.4221895814070579,0.37406593129315135,apriori,"{'risk_score_low', 'age_senior'} -> {'emp_new'}"
"frozenset({'emp_new', 'risk_score_med'})",frozenset({'age_senior'}),0.1117738698404233,0.3333090061893868,0.06772396176895763,0.6059015570065294,1.8178373393914684,1.0,0.03046872429450427,1.6916864445000073,0.506510403311773,0.17946829718230237,0.40887390612415847,0.4045441355853664,apriori,"{'emp_new', 'risk_score_med'} -> {'age_senior'}"
"frozenset({'age_senior', 'risk_score_med'})",frozenset({'emp_new'}),0.11415699428779946,0.33339040855566937,0.06772396176895763,0.5932528461481719,1.7794538502720927,1.0,0.029665114803860956,1.6388795474821354,0.4944779351176242,0.1783037970941662,0.3898270305854186,0.39819497458454295,apriori,"{'age_senior', 'risk_score_med'} -> {'emp_new'}"
"frozenset({'age_senior', 'emp_senior'})",frozenset({'risk_score_high'}),0.08879594672355476,0.3333342689927159,0.043957277792592384,0.4950369855219068,1.4851067879034197,1.0,0.014358545801980111,1.3202268520523617,0.3584792526872569,0.11623591585885427,0.2425544152162579,0.3134542243696842,apriori,"{'age_senior', 'emp_senior'} -> {'risk_score_high'}"
"frozenset({'risk_score_high', 'income_high'})",frozenset({'age_senior'}),0.08751877166636257,0.3333090061893868,0.03570195506027986,0.4079348279290549,1.2238938053094957,1.0,0.006531160253248687,1.126043255472433,0.2004815457714189,0.09270205461979696,0.11193464803405914,0.2575242552099061,apriori,"{'risk_score_high', 'income_high'} -> {'age_senior'}"
"frozenset({'age_senior', 'income_high'})",frozenset({'risk_score_high'}),0.07843539038048589,0.3333342689927159,0.03570195506027986,0.4551766095265362,1.365525995577979,1.0,0.009556751544642295,1.2236363978938873,0.29046412992187504,0.09493491371588943,0.18276376730768099,0.2811410870321983,apriori,"{'age_senior', 'income_high'} -> {'risk_score_high'}"
"frozenset({'risk_score_high', 'income_low'})",frozenset({'age_senior'}),0.09699793687106145,0.3333090061893868,0.05142945362170356,0.5302118300729252,1.5907515855471899,1.0,0.019099167680789182,1.4191310818109861,0.41125745968972355,0.1357416448728302,0.29534345853106353,0.34225572597268616,apriori,"{'risk_score_high', 'income_low'} -> {'age_senior'}"
"frozenset({'age_senior', 'income_low'})",frozenset({'risk_score_high'}),0.12816381524469833,0.3333342689927159,0.05142945362170356,0.4012790468472809,1.2038337614067809,1.0,0.008708061955794544,1.113483213668712,0.1942113958976518,0.12541669804023575,0.10191730982167825,0.2777834873147749,apriori,"{'age_senior', 'income_low'} -> {'risk_score_high'}"
"frozenset({'risk_score_low', 'age_senior'})",frozenset({'income_low'}),0.0722853012589297,0.320088139113837,0.031025529466253105,0.4292093817955887,1.340909984930568,1.0,0.007887861900999202,1.1911756066086445,0.2740473829950748,0.08586054749401859,0.16049321825262552,0.26306873200870085,apriori,"{'risk_score_low', 'age_senior'} -> {'income_low'}"
"frozenset({'age_senior', 'risk_score_med'})",frozenset({'income_low'}),0.11415699428779946,0.320088139113837,0.04570883215674166,0.40040325555091105,1.2509156279874232,1.0,0.009168532288331012,1.133948553224497,0.22643467486327082,0.11764365906168273,0.11812577637989044,0.2716020118747952,apriori,"{'age_senior', 'risk_score_med'} -> {'income_low'}"
"frozenset({'income_low', 'risk_score_med'})",frozenset({'age_senior'}),0.10929530813602616,0.3333090061893868,0.04570883215674166,0.41821403806148394,1.254733686445466,1.0,0.009279721620759976,1.14593860530631,0.22792978601702868,0.11516591699906645,0.127352900609628,0.2776752714750966,apriori,"{'income_low', 'risk_score_med'} -> {'age_senior'}"
"frozenset({'age_senior', 'income_very_high'})",frozenset({'risk_score_high'}),0.0663625773673352,0.3333342689927159,0.03354619584286536,0.5054986887742153,1.5164918095632753,1.0,0.01142527462765213,1.3481576608052528,0.3647918431623634,0.09161856136396739,0.2582469921190809,0.30306849690664417,apriori,"{'age_senior', 'income_very_high'} -> {'risk_score_high'}"
"frozenset({'age_young', 'burden_high'})",frozenset({'cluster_2_ambisius'}),0.10494168502898205,0.35070104279238185,0.04597268810262312,0.4380784250789066,1.2491506201145028,1.0,0.009169529730569434,1.1554974683055987,0.22284137681925772,0.11221881916038015,0.13457188143702067,0.28458319800436016,apriori,"{'age_young', 'burden_high'} -> {'cluster_2_ambisius'}"
"frozenset({'age_young', 'cluster_2_ambisius'})",frozenset({'burden_high'}),0.09507234986175632,0.3333342689927159,0.04597268810262312,0.4835547682314733,1.4506602327228468,1.0,0.014281815860034845,1.290874017220256,0.34329673462524696,0.12021079827368544,0.225331065107824,0.3107362227037183,apriori,"{'age_young', 'cluster_2_ambisius'} -> {'burden_high'}"
"frozenset({'credit_large', 'age_young'})",frozenset({'burden_high'}),0.08596931972884592,0.3333342689927159,0.04192221863552792,0.48764162340418576,1.4629207638259414,1.0,0.013265698287911996,1.301170745829728,0.3461984216091291,0.11108714408973251,0.23146135647068963,0.3067039631437528,apriori,"{'credit_large', 'age_young'} -> {'burden_high'}"
"frozenset({'age_young', 'burden_high'})",frozenset({'credit_large'}),0.10494168502898205,0.3220389889264712,0.04192221863552792,0.39948108917776703,1.2404742994301774,1.0,0.008126904492554342,1.128958637031533,0.21658559367819538,0.10887234926628711,0.11422795557028985,0.2648292761975579,apriori,"{'age_young', 'burden_high'} -> {'credit_large'}"
"frozenset({'emp_mid', 'burden_high'})",frozenset({'age_young'}),0.10602798557213232,0.33341286438085077,0.05096630222733716,0.4806872633891934,1.4417178061855287,1.0,0.015615207853201009,1.2835948141181754,0.3427210034394182,0.13119598832336196,0.22093795565308808,0.3167748490712594,apriori,"{'emp_mid', 'burden_high'} -> {'age_young'}"
"frozenset({'age_young', 'burden_high'})",frozenset({'emp_mid'}),0.10494168502898205,0.33341005740270313,0.05096630222733716,0.485663082437276,1.4566539660520106,1.0,0.015977688997887866,1.2960180765480547,0.3502510990788604,0.13156483682105385,0.22840582388827405,0.3192634020694618,apriori,"{'age_young', 'burden_high'} -> {'emp_mid'}"
"frozenset({'age_young', 'income_low'})",frozenset({'burden_high'}),0.10079297132671822,0.3333342689927159,0.049952983116026445,0.495599866325053,1.4867954255728892,1.0,0.016355231699231053,1.3217001473613934,0.3641124923030773,0.1300268880056114,0.24339873760597444,0.3227291975117585,apriori,"{'age_young', 'income_low'} -> {'burden_high'}"
"frozenset({'age_young', 'burden_high'})",frozenset({'income_low'}),0.10494168502898205,0.320088139113837,0.049952983116026445,0.4760070614668593,1.48711246466265,1.0,0.016362394439629176,1.2975592052623832,0.3659604033284981,0.13318066500527603,0.22932225678458587,0.31603357466808013,apriori,"{'age_young', 'burden_high'} -> {'income_low'}"
"frozenset({'risk_score_low', 'burden_high'})",frozenset({'age_young'}),0.10501747343896928,0.33341286438085077,0.05174383517424317,0.49271643546360894,1.4777967142287256,1.0,0.01672965854491651,1.3140325889098072,0.36125503257622654,0.13381339876160545,0.23898386658001056,0.3239554563241601,apriori,"{'risk_score_low', 'burden_high'} -> {'age_young'}"
"frozenset({'age_young', 'burden_high'})",frozenset({'risk_score_low'}),0.10494168502898205,0.3333342689927159,0.05174383517424317,0.49307227304338525,1.4792126670125236,1.0,0.016763175308243602,1.315110015799827,0.36194813282808014,0.13386684482658456,0.23960734236229103,0.324151671417947,apriori,"{'age_young', 'burden_high'} -> {'risk_score_low'}"
"frozenset({'burden_low', 'age_young'})",frozenset({'cluster_0_minimal'}),0.1195913039816985,0.3540722235477397,0.07945151646994428,0.6643586433517192,1.876336518846256,1.0,0.037107557552170635,1.9244582458565416,0.5304883554046633,0.20154514383366562,0.48037324158471517,0.4443760871745119,apriori,"{'burden_low', 'age_young'} -> {'cluster_0_minimal'}"
"frozenset({'burden_low', 'cluster_0_minimal'})",frozenset({'age_young'}),0.17854907299546674,0.33341286438085077,0.07945151646994428,0.44498420034900715,1.3346341664870816,1.0,0.019920958609980104,1.2010237114660793,0.3052294388128367,0.18369850211572908,0.16737697145103925,0.3416409467816765,apriori,"{'burden_low', 'cluster_0_minimal'} -> {'age_young'}"
"frozenset({'age_young', 'cluster_0_minimal'})",frozenset({'burden_low'}),0.15637955958512864,0.33334268992715893,0.07945151646994428,0.5080684245481143,1.5241624907362927,1.0,0.027323533428213066,1.3551830037753791,0.40765012142052354,0.19365631050690674,0.2620922803679514,0.37320814179281425,apriori,"{'age_young', 'cluster_0_minimal'} -> {'burden_low'}"
"frozenset({'burden_low', 'age_young'})",frozenset({'credit_small'}),0.1195913039816985,0.334033206551487,0.0783876717519754,0.6554629738293627,1.962268903131735,1.0,0.038440205007295045,1.9329324364652831,0.5569979621736977,0.208901855176541,0.48265134303986285,0.4450666353588121,apriori,"{'burden_low', 'age_young'} -> {'credit_small'}"
"frozenset({'burden_low', 'credit_small'})",frozenset({'age_young'}),0.19042539753828017,0.33341286438085077,0.0783876717519754,0.41164504716981126,1.2346405647371705,1.0,0.014897394507875208,1.1329676624844185,0.2347500417383817,0.17597388685142473,0.11736227510045738,0.32337598376338683,apriori,"{'burden_low', 'credit_small'} -> {'age_young'}"
"frozenset({'age_young', 'credit_small'})",frozenset({'burden_low'}),0.1285259154257484,0.33334268992715893,0.0783876717519754,0.6098977898139251,1.8296420117903234,1.0,0.035544497378605905,1.7089298462442752,0.5203195395323265,0.204410871267851,0.41483847204277846,0.42252710214034217,apriori,"{'age_young', 'credit_small'} -> {'burden_low'}"
"frozenset({'emp_mid', 'burden_low'})",frozenset({'age_young'}),0.11261034932843048,0.33341286438085077,0.05914864352781014,0.5252505109925719,1.575375659148499,1.0,0.02160290439928992,1.4040818390616945,0.411578798547132,0.15288842453528365,0.28779080237354965,0.3513270571463954,apriori,"{'emp_mid', 'burden_low'} -> {'age_young'}"
"frozenset({'burden_low', 'age_young'})",frozenset({'emp_mid'}),0.1195913039816985,0.33341005740270313,0.05914864352781014,0.4945898368736064,1.4834280667071338,1.0,0.01927570000240792,1.318908861020658,0.3701528057840541,0.1501795997491305,0.2417974967382247,0.3359974668670813,apriori,"{'burden_low', 'age_young'} -> {'emp_mid'}"
"frozenset({'income_low', 'age_young'})",frozenset({'burden_low'}),0.10079297132671822,0.33334268992715893,0.04119521129528007,0.40871115071850284,1.226099035823504,1.0,0.007596611107480812,1.1274647084634313,0.20507535240410713,0.10483830641416704,0.11305427789145359,0.2661466578399891,apriori,"{'income_low', 'age_young'} -> {'burden_low'}"
"frozenset({'age_young', 'income_med'})",frozenset({'burden_low'}),0.06326367349230186,0.33334268992715893,0.031640257680593954,0.5001331085278197,1.5003572108844123,1.0,0.010551774583996552,1.3336696657572955,0.35601486404549354,0.08669368794271695,0.25018913927822484,0.29752560861951594,apriori,"{'age_young', 'income_med'} -> {'burden_low'}"
"frozenset({'burden_low', 'age_young'})",frozenset({'risk_score_low'}),0.1195913039816985,0.3333342689927159,0.0637998063185078,0.5334819856824317,1.6004414646430771,1.0,0.023935926427882663,1.4290246261604618,0.4261343637963221,0.1639567764088063,0.3002219963928653,0.3624404336927383,apriori,"{'burden_low', 'age_young'} -> {'risk_score_low'}"
"frozenset({'burden_low', 'risk_score_low'})",frozenset({'age_young'}),0.12070006035003017,0.33341286438085077,0.0637998063185078,0.5285813953488372,1.5853659286075097,1.0,0.02355685346626269,1.414002606266263,0.4199145051661043,0.16345801180861697,0.29278772502368666,0.3599675793043226,apriori,"{'burden_low', 'risk_score_low'} -> {'age_young'}"
"frozenset({'burden_med', 'cluster_0_minimal'})",frozenset({'age_young'}),0.07509227940660482,0.33341286438085077,0.03838823314760494,0.5112141148325359,1.533276515235436,1.0,0.013351501177761658,1.3637610165251974,0.3760395894955757,0.10371920883387938,0.2667336960929153,0.3131756716610903,apriori,"{'burden_med', 'cluster_0_minimal'} -> {'age_young'}"
"frozenset({'credit_large', 'age_young'})",frozenset({'burden_med'}),0.08596931972884592,0.33332304108012517,0.03799525620693043,0.44196297384660593,1.3259298619574444,1.0,0.009339701115321907,1.1946823018453578,0.26893221419089636,0.09964737667385656,0.16295738335174373,0.277976131043625,apriori,"{'credit_large', 'age_young'} -> {'burden_med'}"
"frozenset({'burden_med', 'age_young'})",frozenset({'credit_med'}),0.10887987537017024,0.3439278045220418,0.05337749645619009,0.4902420789399057,1.425421476525277,1.0,0.015930679963493906,1.2870269756938515,0.33491905795159727,0.1336341084617601,0.22301550869911774,0.32272089582697094,apriori,"{'burden_med', 'age_young'} -> {'credit_med'}"
"frozenset({'age_young', 'credit_med'})",frozenset({'burden_med'}),0.11891762922625647,0.33332304108012517,0.05337749645619009,0.4488610881623982,1.346624843898804,1.0,0.013739510644455513,1.20963507493428,0.29214371848858534,0.1338240779186049,0.17330439508433512,0.30449926102801084,apriori,"{'age_young', 'credit_med'} -> {'burden_med'}"
"frozenset({'emp_mid', 'burden_med'})",frozenset({'age_young'}),0.11477172250214032,0.33341286438085077,0.05272627752592946,0.45940129133242025,1.3778751224417527,1.0,0.014459908776566714,1.2330535107308982,0.3098012483538487,0.13332954771301211,0.18900518809824773,0.3087711962639539,apriori,"{'emp_mid', 'burden_med'} -> {'age_young'}"
"frozenset({'burden_med', 'age_young'})",frozenset({'emp_mid'}),0.10887987537017024,0.33341005740270313,0.05272627752592946,0.48426100183041587,1.4524486921686055,1.0,0.01642463202876184,1.2924947404852063,0.34956849572382015,0.1353470140650219,0.22630246091013326,0.32120171720765023,apriori,"{'burden_med', 'age_young'} -> {'emp_mid'}"
"frozenset({'age_young', 'income_high'})",frozenset({'burden_med'}),0.09186116686081598,0.33332304108012517,0.03748438618405356,0.40805475768502114,1.2242020724481861,1.0,0.006864942688837559,1.1262476851957375,0.20166673418115086,0.09668404286128007,0.11209584432912383,0.26025569426677037,apriori,"{'age_young', 'income_high'} -> {'burden_med'}"
"frozenset({'burden_med', 'age_young'})",frozenset({'income_very_high'}),0.10887987537017024,0.23744228151183844,0.04708425144910247,0.43244218721802574,1.8212518194509724,1.0,0.021231565430484624,1.3435771674965842,0.5060228104997879,0.15734721635945784,0.2557182243106685,0.3153699291687717,apriori,"{'burden_med', 'age_young'} -> {'income_very_high'}"
"frozenset({'income_very_high', 'age_young'})",frozenset({'burden_med'}),0.07749505270101473,0.33332304108012517,0.04708425144910247,0.6075775137641264,1.8227888231047165,1.0,0.021253364814135672,1.698875529062203,0.4893091337998227,0.12944699109444213,0.4113753580569787,0.37441731483672347,apriori,"{'income_very_high', 'age_young'} -> {'burden_med'}"
"frozenset({'burden_med', 'age_young'})",frozenset({'risk_score_low'}),0.10887987537017024,0.3333342689927159,0.053329777827679614,0.4898038103586069,1.4694073064816213,1.0,0.0170363841631459,1.3066850449743075,0.35848533865483506,0.13713530914812838,0.23470464145423633,0.32489634737817163,apriori,"{'burden_med', 'age_young'} -> {'risk_score_low'}"
"frozenset({'burden_med', 'risk_score_low'})",frozenset({'age_young'}),0.10761673520371644,0.33341286438085077,0.053329777827679614,0.4955528313205874,1.486303872050142,1.0,0.017448973888092974,1.3214211061273304,0.36664747723817376,0.1375543006081668,0.24323896798448624,0.327752000775633,apriori,"{'burden_med', 'risk_score_low'} -> {'age_young'}"
"frozenset({'age_young', 'credit_med'})",frozenset({'cluster_0_minimal'}),0.11891762922625647,0.3540722235477397,0.0537367896590925,0.45188245013572526,1.2762437154994672,1.0,0.011631360259926199,1.1784475366866203,0.24566442962330381,0.12817268229323583,0.15142594908242746,0.3018251635489154,apriori,"{'age_young', 'credit_med'} -> {'cluster_0_minimal'}"
"frozenset({'cluster_0_minimal', 'credit_med'})",frozenset({'age_young'}),0.10760550729112574,0.33341286438085077,0.0537367896590925,0.4993869831746446,1.4978035838599344,1.0,0.01785972925000375,1.3315417562378244,0.3724313849938938,0.13875379608758365,0.24899088194918625,0.3302794488191795,apriori,"{'cluster_0_minimal', 'credit_med'} -> {'age_young'}"
"frozenset({'age_young', 'credit_small'})",frozenset({'cluster_0_minimal'}),0.1285259154257484,0.3540722235477397,0.10207295336205807,0.7941818817157335,2.2429940246602076,1.0,0.056565496703754596,3.1383426388153763,0.6358965187963777,0.2682423062169897,0.681360477459699,0.5412323710148351,apriori,"{'age_young', 'credit_small'} -> {'cluster_0_minimal'}"
"frozenset({'age_young', 'cluster_0_minimal'})",frozenset({'credit_small'}),0.15637955958512864,0.334033206551487,0.10207295336205807,0.652725673565364,1.9540742080825269,1.0,0.04983698763472823,1.9176965953279628,0.5787540046950334,0.26284442131436664,0.47854107764686277,0.4791514688109843,apriori,"{'age_young', 'cluster_0_minimal'} -> {'credit_small'}"
"frozenset({'credit_small', 'cluster_0_minimal'})",frozenset({'age_young'}),0.24575374380710446,0.33341286438085077,0.10207295336205807,0.4153464837637491,1.2457422257387982,1.0,0.020135493707013605,1.140140471420324,0.26154019229725534,0.21394741332140949,0.1229150924234317,0.3607461497788269,apriori,"{'credit_small', 'cluster_0_minimal'} -> {'age_young'}"
"frozenset({'emp_mid', 'age_young'})",frozenset({'cluster_0_minimal'}),0.16284122328107675,0.3540722235477397,0.07974905615359784,0.4897350593832417,1.3831501790120244,1.0,0.022091502141233038,1.265867444609316,0.3308962617426568,0.1824234952678147,0.21002787119734376,0.3574844632575,apriori,"{'emp_mid', 'age_young'} -> {'cluster_0_minimal'}"
"frozenset({'emp_mid', 'cluster_0_minimal'})",frozenset({'age_young'}),0.1315518378689422,0.33341286438085077,0.07974905615359784,0.6062177271369436,1.8182193667382711,1.0,0.035887981075148546,1.6927809643959384,0.5181787213407095,0.20702444711626042,0.4092561169856693,0.4227039132401337,apriori,"{'emp_mid', 'cluster_0_minimal'} -> {'age_young'}"
"frozenset({'age_young', 'cluster_0_minimal'})",frozenset({'emp_mid'}),0.15637955958512864,0.33341005740270313,0.07974905615359784,0.5099711008597942,1.5295612400913123,1.0,0.02761053821571067,1.360307409964762,0.41039515670952353,0.19449065231826615,0.26487204827774596,0.3745816069718784,apriori,"{'age_young', 'cluster_0_minimal'} -> {'emp_mid'}"
"frozenset({'emp_new', 'age_young'})",frozenset({'cluster_0_minimal'}),0.08128728017852381,0.3540722235477397,0.04330325188418408,0.5327186712248351,1.5045480435801777,1.0,0.01452168384522605,1.3823102629530746,0.36502006397299663,0.1104516295320465,0.2765734098915916,0.3275096447926934,apriori,"{'emp_new', 'age_young'} -> {'cluster_0_minimal'}"
"frozenset({'age_young', 'income_high'})",frozenset({'cluster_0_minimal'}),0.09186116686081598,0.3540722235477397,0.0395334802318564,0.43036118071258334,1.2154615699600553,1.0,0.007007992623757342,1.1339251374410833,0.1951984392892481,0.09727728585045102,0.11810756549882176,0.27100744940179666,apriori,"{'age_young', 'income_high'} -> {'cluster_0_minimal'}"
"frozenset({'cluster_0_minimal', 'income_high'})",frozenset({'age_young'}),0.07961712818065711,0.33341286438085077,0.0395334802318564,0.4965449160908194,1.489279416416357,1.0,0.012988105471366158,1.3240250360435262,0.3569539816949184,0.10584698632196003,0.24472727268948255,0.30755853314222736,apriori,"{'cluster_0_minimal', 'income_high'} -> {'age_young'}"
"frozenset({'income_low', 'age_young'})",frozenset({'cluster_0_minimal'}),0.10079297132671822,0.3540722235477397,0.06126791202930485,0.6078589729308232,1.716765485979629,1.0,0.025579920553670157,1.6471823447800416,0.4643082690823758,0.15566142018670526,0.39290267214857977,0.3904484336669337,apriori,"{'income_low', 'age_young'} -> {'cluster_0_minimal'}"
"frozenset({'age_young', 'cluster_0_minimal'})",frozenset({'income_low'}),0.15637955958512864,0.320088139113837,0.06126791202930485,0.39178977221733585,1.2240059044424596,1.0,0.011212669806259637,1.1178895550061687,0.21693461685925539,0.1475624843662324,0.10545724707618213,0.29159963824182233,apriori,"{'age_young', 'cluster_0_minimal'} -> {'income_low'}"
"frozenset({'age_young', 'income_med'})",frozenset({'cluster_0_minimal'}),0.06326367349230186,0.3540722235477397,0.032406562714909264,0.5122459845594108,1.4467273920184944,1.0,0.010006653171691745,1.3242900232585322,0.3296389454698231,0.08418834270379849,0.24487840092654933,0.30188563696021914,apriori,"{'age_young', 'income_med'} -> {'cluster_0_minimal'}"
"frozenset({'cluster_0_minimal', 'income_med'})",frozenset({'age_young'}),0.06898148797911609,0.33341286438085077,0.032406562714909264,0.4697863682604272,1.409022921574495,1.0,0.009407247218538944,1.257204824086001,0.3117965259266734,0.08758819512935287,0.20458466206808504,0.28349143299365864,apriori,"{'cluster_0_minimal', 'income_med'} -> {'age_young'}"
"frozenset({'risk_score_low', 'age_young'})",frozenset({'cluster_0_minimal'}),0.1688734193204306,0.3540722235477397,0.08730544132713927,0.516987467171969,1.460118678590057,1.0,0.027512054250244583,1.3372898890849954,0.379153033697208,0.2004072191186799,0.2522189779777494,0.38178135051955037,apriori,"{'risk_score_low', 'age_young'} -> {'cluster_0_minimal'}"
"frozenset({'risk_score_low', 'cluster_0_minimal'})",frozenset({'age_young'}),0.1422127408738123,0.33341286438085077,0.08730544132713927,0.6139073109111006,1.841282615327784,1.0,0.03988988404094981,1.726495099381861,0.5326499253636391,0.22482850348053002,0.42079186882254616,0.43788057918008305,apriori,"{'risk_score_low', 'cluster_0_minimal'} -> {'age_young'}"
"frozenset({'age_young', 'cluster_0_minimal'})",frozenset({'risk_score_low'}),0.15637955958512864,0.3333342689927159,0.08730544132713927,0.5582918992658541,1.674870996471275,1.0,0.03517877514742756,1.5092902527692946,0.4776307821198755,0.21695731026785714,0.33743691899873623,0.4101037440279688,apriori,"{'age_young', 'cluster_0_minimal'} -> {'risk_score_low'}"
"frozenset({'age_young', 'risk_score_med'})",frozenset({'cluster_0_minimal'}),0.10303574686671065,0.3540722235477397,0.046595837251407,0.4522298199253548,1.2772247859323551,1.0,0.010113741253408706,1.1791948520531714,0.24198563377397073,0.11350660184482417,0.15196373333988344,0.2919148148302848,apriori,"{'age_young', 'risk_score_med'} -> {'cluster_0_minimal'}"
"frozenset({'credit_large', 'age_young'})",frozenset({'cluster_2_ambisius'}),0.08596931972884592,0.35070104279238185,0.06598644229554673,0.7675580370261533,2.188639163757932,1.0,0.03583691221848878,2.7933809751928242,0.594175986263866,0.17801269139317574,0.6420108789740107,0.47785692853316647,apriori,"{'credit_large', 'age_young'} -> {'cluster_2_ambisius'}"
"frozenset({'age_young', 'cluster_2_ambisius'})",frozenset({'credit_large'}),0.09507234986175632,0.3220389889264712,0.06598644229554673,0.6940655447298495,2.1552220960683752,1.0,0.03536943887120299,2.2160335306948875,0.5923243654525066,0.1879286913422336,0.5487432901403675,0.4494837869385249,apriori,"{'age_young', 'cluster_2_ambisius'} -> {'credit_large'}"
"frozenset({'emp_mid', 'cluster_2_ambisius'})",frozenset({'age_young'}),0.10721814430674657,0.33341286438085077,0.043628861349314395,0.40691677356860484,1.2204591275272212,1.0,0.007880952742402615,1.1239352352451948,0.20232963089447675,0.10989578177807316,0.11026901849745582,0.2688860682121522,apriori,"{'emp_mid', 'cluster_2_ambisius'} -> {'age_young'}"
"frozenset({'age_young', 'cluster_2_ambisius'})",frozenset({'emp_mid'}),0.09507234986175632,0.33341005740270313,0.043628861349314395,0.45890168290522587,1.3763882423947098,1.0,0.011930783724496345,1.2319201918355676,0.3021907984065526,0.11336484180123407,0.1882591042606463,0.2948790737158918,apriori,"{'age_young', 'cluster_2_ambisius'} -> {'emp_mid'}"
"frozenset({'risk_score_low', 'cluster_2_ambisius'})",frozenset({'age_young'}),0.081683064097346,0.33341286438085077,0.035603710825111226,0.4358762886597938,1.3073169491201788,1.0,0.008369526453010461,1.1816328975704948,0.25598412170334,0.09381934376756709,0.15371347390881077,0.2713309714051621,apriori,"{'risk_score_low', 'cluster_2_ambisius'} -> {'age_young'}"
"frozenset({'credit_large', 'age_young'})",frozenset({'emp_mid'}),0.08596931972884592,0.33341005740270313,0.03934541269596216,0.45766807065661014,1.3726882572826058,1.0,0.010682376870296304,1.2291180115549312,0.29703868745640855,0.10353130608838235,0.18640847290577003,0.2878385731674854,apriori,"{'credit_large', 'age_young'} -> {'emp_mid'}"
"frozenset({'credit_large', 'age_young'})",frozenset({'income_very_high'}),0.08596931972884592,0.23744228151183844,0.03528652229442394,0.41045482743984063,1.7286509581461216,1.0,0.01487377087798606,1.293467835851624,0.46115981428906117,0.12246945813767705,0.2268845252409417,0.2795328871801402,apriori,"{'credit_large', 'age_young'} -> {'income_very_high'}"
"frozenset({'income_very_high', 'age_young'})",frozenset({'credit_large'}),0.07749505270101473,0.3220389889264712,0.03528652229442394,0.45533903216458993,1.4139251700003137,1.0,0.010330093875785554,1.2447394821917923,0.31734138019868147,0.09687512040997186,0.1966190401230338,0.28245561886452775,apriori,"{'income_very_high', 'age_young'} -> {'credit_large'}"
"frozenset({'credit_large', 'risk_score_low'})",frozenset({'age_young'}),0.08428793981838852,0.33341286438085077,0.03576370857952871,0.42430398294924737,1.2726083132310502,1.0,0.007661025131919026,1.1578804019420268,0.23392972251290584,0.0936376931952641,0.13635294429133227,0.26578475793362355,apriori,"{'credit_large', 'risk_score_low'} -> {'age_young'}"
"frozenset({'credit_large', 'age_young'})",frozenset({'risk_score_low'}),0.08596931972884592,0.3333342689927159,0.03576370857952871,0.41600548535605836,1.2480129529230881,1.0,0.0071071882319127845,1.1415616316426307,0.21741749963452542,0.09324638826680717,0.12400699858748129,0.2616481549658222,apriori,"{'credit_large', 'age_young'} -> {'risk_score_low'}"
"frozenset({'emp_mid', 'credit_med'})",frozenset({'age_young'}),0.11830009403376794,0.33341286438085077,0.058601282789013484,0.4953612528176533,1.485729273636581,1.0,0.019158509580690923,1.3209194484986386,0.37079494356175335,0.14907031874785787,0.24295156594400708,0.3355615827987913,apriori,"{'emp_mid', 'credit_med'} -> {'age_young'}"
"frozenset({'age_young', 'credit_med'})",frozenset({'emp_mid'}),0.11891762922625647,0.33341005740270313,0.058601282789013484,0.4927888587277233,1.478026375588657,1.0,0.01895294920249395,1.3142257500993337,0.36707361093979857,0.1488375740551947,0.23909571858227807,0.33427612562330145,apriori,"{'age_young', 'credit_med'} -> {'emp_mid'}"
"frozenset({'risk_score_low', 'credit_med'})",frozenset({'age_young'}),0.12374282466211001,0.33341286438085077,0.06270227786276684,0.5067144542237547,1.5197807534053187,1.0,0.021444828245595363,1.3513210377372658,0.3903081921384232,0.15895990777507368,0.2599833998925518,0.34738820875861925,apriori,"{'risk_score_low', 'credit_med'} -> {'age_young'}"
"frozenset({'age_young', 'credit_med'})",frozenset({'risk_score_low'}),0.11891762922625647,0.3333342689927159,0.06270227786276684,0.5272748731264015,1.581820179244528,1.0,0.023062956854285818,1.4102608325821937,0.4174602766304557,0.1609609523054641,0.2909113144913798,0.35769058935220643,apriori,"{'age_young', 'credit_med'} -> {'risk_score_low'}"
"frozenset({'emp_mid', 'credit_small'})",frozenset({'age_young'}),0.11368822893713773,0.33341286438085077,0.06489452779610111,0.5708113179596069,1.7120254763402911,1.0,0.026989409739784094,1.5531330706349182,0.4692440697649746,0.16978914976902684,0.3561401666689115,0.3827242311299971,apriori,"{'emp_mid', 'credit_small'} -> {'age_young'}"
"frozenset({'age_young', 'credit_small'})",frozenset({'emp_mid'}),0.1285259154257484,0.33341005740270313,0.06489452779610111,0.5049139512536036,1.5143932825150284,1.0,0.022042694956267365,1.3464122939540797,0.3897643710890969,0.16344522368644307,0.2572854507565082,0.3497763671017258,apriori,"{'age_young', 'credit_small'} -> {'emp_mid'}"
"frozenset({'emp_new', 'age_young'})",frozenset({'credit_small'}),0.08128728017852381,0.334033206551487,0.03401215421537943,0.4184191443074692,1.2526273918308033,1.0,0.006859503365497992,1.1450975164158346,0.2195223810466256,0.08919856010247124,0.12671193006338116,0.26012090903325663,apriori,"{'emp_new', 'age_young'} -> {'credit_small'}"
"frozenset({'income_low', 'age_young'})",frozenset({'credit_small'}),0.10079297132671822,0.334033206551487,0.05842725014385763,0.579675838253314,1.7353838686812244,1.0,0.024759050733741857,1.5844123513648183,0.471258123868999,0.15522693036228316,0.3688511711369857,0.377295167385075,apriori,"{'income_low', 'age_young'} -> {'credit_small'}"
"frozenset({'age_young', 'credit_small'})",frozenset({'income_low'}),0.1285259154257484,0.320088139113837,0.05842725014385763,0.4545950904167031,1.4202184800575497,1.0,0.017287629047327426,1.2466185194512325,0.3395201165501712,0.14974173776671512,0.19782998215026945,0.31856498533533234,apriori,"{'age_young', 'credit_small'} -> {'income_low'}"
"frozenset({'risk_score_low', 'age_young'})",frozenset({'credit_small'}),0.1688734193204306,0.334033206551487,0.07040743287813504,0.4169243043781789,1.2481522681006725,1.0,0.013998103121217777,1.142161812692763,0.2392123000183598,0.16279205607476635,0.12446731374918074,0.3138520228624451,apriori,"{'risk_score_low', 'age_young'} -> {'credit_small'}"
"frozenset({'risk_score_low', 'credit_small'})",frozenset({'age_young'}),0.12530350451221736,0.33341286438085077,0.07040743287813504,0.5618951612903226,1.685283386811617,1.0,0.028629632521757792,1.5215242488131526,0.46487894549801356,0.18131808554472054,0.34276433597424516,0.3865335378770185,apriori,"{'risk_score_low', 'credit_small'} -> {'age_young'}"
"frozenset({'age_young', 'credit_small'})",frozenset({'risk_score_low'}),0.1285259154257484,0.3333342689927159,0.07040743287813504,0.5478072857517254,1.6434172442188841,1.0,0.027565340813073574,1.4742956045091298,0.4492523729700423,0.17986189291322774,0.3217099766549515,0.3795144957457091,apriori,"{'age_young', 'credit_small'} -> {'risk_score_low'}"
"frozenset({'emp_mid', 'income_high'})",frozenset({'age_young'}),0.09227379264852423,0.33341286438085077,0.045262522631261314,0.4905241383506221,1.4712213917166264,1.0,0.01449725311703216,1.3083782486988471,0.3528516009985359,0.11897910394899945,0.2356950285634314,0.31313965799497767,apriori,"{'emp_mid', 'income_high'} -> {'age_young'}"
"frozenset({'age_young', 'income_high'})",frozenset({'emp_mid'}),0.09186116686081598,0.33341005740270313,0.045262522631261314,0.4927274949581373,1.4778423266428509,1.0,0.014635085715117367,1.314066770763155,0.3560444893082084,0.11910917417639237,0.23900366233350398,0.31424190775992633,apriori,"{'age_young', 'income_high'} -> {'emp_mid'}"
"frozenset({'emp_mid', 'income_low'})",frozenset({'age_young'}),0.09600145962863679,0.33341286438085077,0.0495179015031368,0.515803631472764,1.5470417808581374,1.0,0.0175097798636104,1.3766875981467708,0.3911566564642537,0.13034579577360722,0.2736187924216424,0.3321609502708154,apriori,"{'emp_mid', 'income_low'} -> {'age_young'}"
"frozenset({'income_low', 'age_young'})",frozenset({'emp_mid'}),0.10079297132671822,0.33341005740270313,0.0495179015031368,0.4912832794920352,1.4735106772698456,1.0,0.01591251114730667,1.3103362160608603,0.35736893372685147,0.1287232024283817,0.23683708979195792,0.31990139946785395,apriori,"{'income_low', 'age_young'} -> {'emp_mid'}"
"frozenset({'emp_mid', 'income_med'})",frozenset({'age_young'}),0.06088054904492569,0.33341286438085077,0.031047985291434505,0.5099820185347411,1.5295811080408672,1.0,0.010749627049286965,1.36033198950355,0.36867113610234964,0.08547385014836795,0.2648853311426222,0.30155187810050743,apriori,"{'emp_mid', 'income_med'} -> {'age_young'}"
"frozenset({'age_young', 'income_med'})",frozenset({'emp_mid'}),0.06326367349230186,0.33341005740270313,0.031047985291434505,0.49077114207116873,1.47197461856527,1.0,0.009955240280860273,1.3090183955962251,0.3422953191454341,0.08491739344060925,0.23606879524063154,0.29194683186451875,apriori,"{'age_young', 'income_med'} -> {'emp_mid'}"
"frozenset({'emp_mid', 'income_very_high'})",frozenset({'age_young'}),0.08425425608061642,0.33341286438085077,0.03701281385524414,0.4392990405117271,1.3175827553250155,1.0,0.008921360999128106,1.1888460762177293,0.26321104008687274,0.09723471720374605,0.15884821424362705,0.27515549769314257,apriori,"{'emp_mid', 'income_very_high'} -> {'age_young'}"
"frozenset({'income_very_high', 'age_young'})",frozenset({'emp_mid'}),0.07749505270101473,0.33341005740270313,0.03701281385524414,0.4776151840046363,1.4325158266829296,1.0,0.011175183885773314,1.2760515278897637,0.32729085536475555,0.0989932508014204,0.21633258677749206,0.29431403674423384,apriori,"{'income_very_high', 'age_young'} -> {'emp_mid'}"
"frozenset({'emp_mid', 'risk_score_low'})",frozenset({'age_young'}),0.13399110187927188,0.33341286438085077,0.0863089640847146,0.644139520268147,1.9319576089672397,1.0,0.04163460700560016,1.8731698898440035,0.5570269545885533,0.22647624238585223,0.46614559340195266,0.45150232453885547,apriori,"{'emp_mid', 'risk_score_low'} -> {'age_young'}"
"frozenset({'emp_mid', 'age_young'})",frozenset({'risk_score_low'}),0.16284122328107675,0.3333342689927159,0.0863089640847146,0.5300191336424595,1.5900529376835286,1.0,0.03202840396043725,1.4184954723244296,0.44327328545519573,0.2105782203442065,0.29502771104278425,0.39447264954825745,apriori,"{'emp_mid', 'age_young'} -> {'risk_score_low'}"
"frozenset({'risk_score_low', 'age_young'})",frozenset({'emp_mid'}),0.1688734193204306,0.33341005740270313,0.0863089640847146,0.5110867324889465,1.5329073647938578,1.0,0.030004867655299076,1.363411441032793,0.4182814834065436,0.20748618355792786,0.26654568833418807,0.384977020341578,apriori,"{'risk_score_low', 'age_young'} -> {'emp_mid'}"
"frozenset({'emp_mid', 'risk_score_med'})",frozenset({'age_young'}),0.10980337118075535,0.33341286438085077,0.04944492007129724,0.4503042077815839,1.3505903817412712,1.0,0.01283506356724784,1.2126473315886102,0.2916019336072216,0.12556760263182282,0.17535793470145566,0.2993017923905394,apriori,"{'emp_mid', 'risk_score_med'} -> {'age_young'}"
"frozenset({'age_young', 'risk_score_med'})",frozenset({'emp_mid'}),0.10303574686671065,0.33341005740270313,0.04944492007129724,0.47988122156536894,1.4393123749885965,1.0,0.015091765793936854,1.2816109900963217,0.3402853422312549,0.12776435943744513,0.2197320343477678,0.31409092354840906,apriori,"{'age_young', 'risk_score_med'} -> {'emp_mid'}"
"frozenset({'emp_new', 'risk_score_low'})",frozenset({'age_young'}),0.10879005206944464,0.33341286438085077,0.045694797266003284,0.42002734989808294,1.2597814744733251,1.0,0.009422794389387847,1.1493423620958878,0.23138379205391466,0.11524303048322927,0.12993722934178983,0.2785395210510788,apriori,"{'emp_new', 'risk_score_low'} -> {'age_young'}"
"frozenset({'emp_new', 'age_young'})",frozenset({'risk_score_low'}),0.08128728017852381,0.3333342689927159,0.045694797266003284,0.5621395766428399,1.6864139962012843,1.0,0.018598961149288964,1.522553068157724,0.44303924986173704,0.12385872542455413,0.343208443164486,0.34961179182451885,apriori,"{'emp_new', 'age_young'} -> {'risk_score_low'}"
"frozenset({'risk_score_low', 'emp_senior'})",frozenset({'age_young'}),0.09055311504399938,0.33341286438085077,0.036869657969712706,0.4071605703657781,1.2211903434556346,1.0,0.006678084504284164,1.1243974376509154,0.19916153358375244,0.095246727819876,0.11063475732460375,0.2588715800136686,apriori,"{'risk_score_low', 'emp_senior'} -> {'age_young'}"
"frozenset({'age_young', 'emp_senior'})",frozenset({'risk_score_low'}),0.08928436092125022,0.3333342689927159,0.036869657969712706,0.4129464285714286,1.2388358083292432,1.0,0.007108120789545952,1.1356131083317995,0.21169124445345217,0.09557940694924504,0.11941840697049845,0.26177754600223274,apriori,"{'age_young', 'emp_senior'} -> {'risk_score_low'}"
"frozenset({'risk_score_low', 'income_high'})",frozenset({'age_young'}),0.08761982287967889,0.33341286438085077,0.046194439376289455,0.527214480217844,1.581266161390874,1.0,0.016980863253432912,1.4099144490006603,0.40289717554789034,0.12323832916473214,0.29073710769558064,0.33288237060227105,apriori,"{'risk_score_low', 'income_high'} -> {'age_young'}"
"frozenset({'age_young', 'income_high'})",frozenset({'risk_score_low'}),0.09186116686081598,0.3333342689927159,0.046194439376289455,0.502872333924097,1.5086127671292204,1.0,0.01557396447192146,1.3410352641799974,0.3712421094943823,0.12188474385465965,0.2543074543148052,0.32072763152685585,apriori,"{'age_young', 'income_high'} -> {'risk_score_low'}"
"frozenset({'risk_score_low', 'income_low'})",frozenset({'age_young'}),0.11379489410674938,0.33341286438085077,0.054907299546673026,0.4825111001480019,1.4471880113085236,1.0,0.016966617950626123,1.2881187129033942,0.34868313976039955,0.13996236378336993,0.22367403719644774,0.3235968533237063,apriori,"{'risk_score_low', 'income_low'} -> {'age_young'}"
"frozenset({'income_low', 'age_young'})",frozenset({'risk_score_low'}),0.10079297132671822,0.3333342689927159,0.054907299546673026,0.5447532583268352,1.634255187661906,1.0,0.021309548129877634,1.4644052773603446,0.431603008138732,0.14479011687725296,0.3171289290881659,0.3547373472986911,apriori,"{'income_low', 'age_young'} -> {'risk_score_low'}"
"frozenset({'risk_score_low', 'income_med'})",frozenset({'age_young'}),0.06333104096784606,0.33341286438085077,0.03373145640061192,0.5326212215229147,1.5974825161950328,1.0,0.012616072627301356,1.426224651857681,0.3993033553078163,0.09292093562729557,0.2988481872771701,0.31689572610074007,apriori,"{'risk_score_low', 'income_med'} -> {'age_young'}"
"frozenset({'age_young', 'income_med'})",frozenset({'risk_score_low'}),0.06326367349230186,0.3333342689927159,0.03373145640061192,0.5331883929363741,1.5995606888772227,1.0,0.012643506043261619,1.4281258668797803,0.4001428538160831,0.09295831302746899,0.2997816066556968,0.31719123904431207,apriori,"{'age_young', 'income_med'} -> {'risk_score_low'}"
"frozenset({'risk_score_low', 'income_very_high'})",frozenset({'age_young'}),0.06858851103844156,0.33341286438085077,0.03404022399685618,0.4962962962962963,1.4885337349472727,1.0,0.01117193206791178,1.323371519243899,0.35236623524532723,0.0925103747101184,0.24435429850315626,0.29919630440341,apriori,"{'risk_score_low', 'income_very_high'} -> {'age_young'}"
"frozenset({'income_very_high', 'age_young'})",frozenset({'risk_score_low'}),0.07749505270101473,0.3333342689927159,0.03404022399685618,0.43925673717762964,1.3177665125910842,1.0,0.008208467254211444,1.1888965507169498,0.2613972154132328,0.09034291120663322,0.15888392526922374,0.27068856125925406,apriori,"{'income_very_high', 'age_young'} -> {'risk_score_low'}"
"frozenset({'burden_high', 'cluster_0_minimal'})",frozenset({'credit_small'}),0.10043087114566814,0.334033206551487,0.08159043381847272,0.8124039240895498,2.4321052762289606,1.0,0.048043187892925984,3.5500038591767504,0.6545729162178207,0.23121713744799666,0.7183101653777073,0.5283311878496001,apriori,"{'burden_high', 'cluster_0_minimal'} -> {'credit_small'}"
"frozenset({'burden_high', 'credit_small'})",frozenset({'cluster_0_minimal'}),0.09994245694797266,0.3540722235477397,0.08159043381847272,0.8163741047605674,2.3056711328006654,1.0,0.0462035858600798,3.517629012019384,0.6291673311412765,0.2190792746348302,0.7157176050734456,0.5234042713433406,apriori,"{'burden_high', 'credit_small'} -> {'cluster_0_minimal'}"
"frozenset({'burden_high', 'cluster_0_minimal'})",frozenset({'emp_new'}),0.10043087114566814,0.33339040855566937,0.04504357833574266,0.4485033119986584,1.3452795896009333,1.0,0.011560889172886571,1.2087281863109012,0.2853144783443596,0.11585946976260614,0.17268413914293676,0.2918054565583835,apriori,"{'burden_high', 'cluster_0_minimal'} -> {'emp_new'}"
"frozenset({'income_low', 'burden_high'})",frozenset({'cluster_0_minimal'}),0.1614938737701927,0.3540722235477397,0.09152713646124265,0.5667529939339162,1.6006705870772737,1.0,0.034346641486092525,1.4908995732419117,0.4475361915642524,0.21584605404260393,0.32926401083774337,0.41262574383551687,apriori,"{'income_low', 'burden_high'} -> {'cluster_0_minimal'}"
"frozenset({'income_low', 'cluster_0_minimal'})",frozenset({'burden_high'}),0.15868128166622222,0.3333342689927159,0.09152713646124265,0.5767985706957245,1.7303908549178568,1.0,0.03863322743420521,1.575291775604948,0.5017074662288226,0.22853878718214699,0.3651969651044632,0.4256896046688,apriori,"{'income_low', 'cluster_0_minimal'} -> {'burden_high'}"
"frozenset({'burden_high', 'cluster_0_minimal'})",frozenset({'income_low'}),0.10043087114566814,0.320088139113837,0.09152713646124265,0.9113446435059671,2.847167802059214,1.0,0.05938040580664419,7.669157147114125,0.7212050234490476,0.27820485474169193,0.8696075747546396,0.5986440930823356,apriori,"{'burden_high', 'cluster_0_minimal'} -> {'income_low'}"
"frozenset({'burden_high', 'cluster_0_minimal'})",frozenset({'risk_score_low'}),0.10043087114566814,0.3333342689927159,0.040796620398310196,0.4062159367226585,1.2186443894598045,1.0,0.0073195693806672665,1.1227410303464165,0.199446675296312,0.10381651035379329,0.10932265502806573,0.26430272718644376,apriori,"{'burden_high', 'cluster_0_minimal'} -> {'risk_score_low'}"
"frozenset({'credit_large', 'burden_high'})",frozenset({'cluster_2_ambisius'}),0.15166945025332979,0.35070104279238185,0.1188811385103367,0.7838172968371181,2.2350013293263715,1.0,0.06569050414674665,3.0034732090402567,0.6513651703565234,0.30999853608549266,0.6670521325144283,0.5613993598857551,apriori,"{'credit_large', 'burden_high'} -> {'cluster_2_ambisius'}"
"frozenset({'credit_large', 'cluster_2_ambisius'})",frozenset({'burden_high'}),0.23568230621324612,0.3333342689927159,0.1188811385103367,0.5044126579564808,1.5132337262554405,1.0,0.040320149254226875,1.3452033061585782,0.4437468282996335,0.2641008212617624,0.2566179436061274,0.4305275362000135,apriori,"{'credit_large', 'cluster_2_ambisius'} -> {'burden_high'}"
"frozenset({'burden_high', 'cluster_2_ambisius'})",frozenset({'credit_large'}),0.15831076055072912,0.3220389889264712,0.1188811385103367,0.7509353002712814,2.331814861220847,1.0,0.06789890124639922,2.7220276972688797,0.6785752508137542,0.32888371190060184,0.6326268094173544,0.5600433422073233,apriori,"{'burden_high', 'cluster_2_ambisius'} -> {'credit_large'}"
frozenset({'credit_large'}),"frozenset({'burden_high', 'cluster_2_ambisius'})",0.3220389889264712,0.15831076055072912,0.1188811385103367,0.3691513841433652,2.331814861220847,1.0,0.06789890124639922,1.3342174624673364,0.8424518186704141,0.32888371190060184,0.2504969930833285,0.5600433422073233,apriori,"{'credit_large'} -> {'burden_high', 'cluster_2_ambisius'}"
frozenset({'burden_high'}),"frozenset({'credit_large', 'cluster_2_ambisius'})",0.3333342689927159,0.23568230621324612,0.1188811385103367,0.3566424144435462,1.5132337262554407,1.0,0.040320149254226875,1.1880138059236205,0.508746042666256,0.2641008212617624,0.15825894024644704,0.4305275362000135,apriori,"{'burden_high'} -> {'credit_large', 'cluster_2_ambisius'}"
"frozenset({'burden_high', 'credit_med'})",frozenset({'cluster_2_ambisius'}),0.08172236179141346,0.35070104279238185,0.039230326591907484,0.48004396510269975,1.3688124827929014,1.0,0.010570209092202482,1.248757421069005,0.2934186037148922,0.09977369589582874,0.19920395816831651,0.2959532770230521,apriori,"{'burden_high', 'credit_med'} -> {'cluster_2_ambisius'}"
"frozenset({'emp_mid', 'burden_high'})",frozenset({'cluster_2_ambisius'}),0.10602798557213232,0.35070104279238185,0.050337539122257934,0.47475710163344187,1.3537373537680135,1.0,0.01315341401693551,1.2361879793650887,0.29229580773103736,0.12386464887863571,0.1910615402411499,0.3091455731236067,apriori,"{'emp_mid', 'burden_high'} -> {'cluster_2_ambisius'}"
"frozenset({'emp_mid', 'cluster_2_ambisius'})",frozenset({'burden_high'}),0.10721814430674657,0.3333342689927159,0.050337539122257934,0.46948713249731655,1.4084574439826825,1.0,0.014598057367013043,1.256643847576255,0.32483119548864725,0.12899953962133853,0.20422958189088772,0.3102496629880816,apriori,"{'emp_mid', 'cluster_2_ambisius'} -> {'burden_high'}"
"frozenset({'emp_new', 'cluster_2_ambisius'})",frozenset({'burden_high'}),0.11033389005066596,0.3333342689927159,0.048414759091100476,0.43880224896328895,1.316403051775267,1.0,0.011636692505939045,1.1879337181514718,0.2701622944042159,0.12249043043512226,0.15820219199090751,0.2920230592701112,apriori,"{'emp_new', 'cluster_2_ambisius'} -> {'burden_high'}"
"frozenset({'burden_high', 'emp_senior'})",frozenset({'cluster_2_ambisius'}),0.10842514491024688,0.35070104279238185,0.0595584623373707,0.5493048903616641,1.5663052666965052,1.0,0.02153365095243201,1.4406611993830012,0.40552383071067694,0.14905724000337203,0.30587427465369726,0.35956588293845776,apriori,"{'burden_high', 'emp_senior'} -> {'cluster_2_ambisius'}"
"frozenset({'emp_senior', 'cluster_2_ambisius'})",frozenset({'burden_high'}),0.13314900843496932,0.3333342689927159,0.0595584623373707,0.44730684094023404,1.3419167560896919,1.0,0.015175334943595235,1.2062131041053716,0.2939343611395219,0.14636232573860616,0.17095909786050315,0.3129908632079235,apriori,"{'emp_senior', 'cluster_2_ambisius'} -> {'burden_high'}"
"frozenset({'income_high', 'cluster_2_ambisius'})",frozenset({'burden_high'}),0.09564497340388205,0.3333342689927159,0.04799651934709688,0.5018195691729764,1.5054544817410966,1.0,0.016114772054686102,1.3382013619052842,0.3712576966835512,0.12598082916442563,0.2527283049718055,0.32290436151992935,apriori,"{'income_high', 'cluster_2_ambisius'} -> {'burden_high'}"
"frozenset({'burden_high', 'income_high'})",frozenset({'cluster_2_ambisius'}),0.06853798543178341,0.35070104279238185,0.04799651934709688,0.7002907810132285,1.9968311911402183,1.0,0.023960176385281362,2.1664297127819645,0.5359386993960398,0.12928616254716196,0.5384110575570549,0.41857478405066373,apriori,"{'burden_high', 'income_high'} -> {'cluster_2_ambisius'}"
"frozenset({'income_low', 'cluster_2_ambisius'})",frozenset({'burden_high'}),0.09160853882752523,0.3333342689927159,0.03762754206958499,0.41074273808064715,1.23222475541398,1.0,0.007091276746021037,1.131366169057965,0.20746533487646063,0.09714964886978832,0.11611286659503647,0.26181252371561325,apriori,"{'income_low', 'cluster_2_ambisius'} -> {'burden_high'}"
"frozenset({'income_med', 'cluster_2_ambisius'})",frozenset({'burden_high'}),0.06003564862247547,0.3333342689927159,0.03577212951397173,0.5958481391434449,1.7875393998463012,1.0,0.01576019046689532,1.6495426486330163,0.4687111492677558,0.1000345379760746,0.3937713578798919,0.3515821132257241,apriori,"{'income_med', 'cluster_2_ambisius'} -> {'burden_high'}"
"frozenset({'burden_high', 'income_med'})",frozenset({'cluster_2_ambisius'}),0.0520104980982723,0.35070104279238185,0.03577212951397173,0.6877867127206002,1.9611766969503313,1.0,0.017531993594756445,2.0796647153154644,0.516990997763302,0.09748783696949298,0.519153259352044,0.3948942447938557,apriori,"{'burden_high', 'income_med'} -> {'cluster_2_ambisius'}"
"frozenset({'income_very_high', 'burden_high'})",frozenset({'cluster_2_ambisius'}),0.051291911692467475,0.35070104279238185,0.036914569620075506,0.7196957259344388,2.0521630623165983,1.0,0.0189264427027124,2.3164076230095287,0.5404289203496501,0.1011140926180792,0.5682970518371988,0.4124775462526627,apriori,"{'income_very_high', 'burden_high'} -> {'cluster_2_ambisius'}"
"frozenset({'risk_score_high', 'burden_high'})",frozenset({'cluster_2_ambisius'}),0.11728396794430955,0.35070104279238185,0.06805237821223561,0.5802359811406553,1.6545031532288892,1.0,0.02692076835133797,1.5468189936145684,0.4481497202095166,0.17015960358792234,0.35351194669311314,0.3871413379638557,apriori,"{'risk_score_high', 'burden_high'} -> {'cluster_2_ambisius'}"
"frozenset({'risk_score_high', 'cluster_2_ambisius'})",frozenset({'burden_high'}),0.15120910583711106,0.3333342689927159,0.06805237821223561,0.450054762479348,1.3501604975670314,1.0,0.01764920145297999,1.2122402114305955,0.3055491229735785,0.16339459619752386,0.175080985954199,0.3271056620265239,apriori,"{'risk_score_high', 'cluster_2_ambisius'} -> {'burden_high'}"
"frozenset({'burden_high', 'cluster_2_ambisius'})",frozenset({'risk_score_high'}),0.15831076055072912,0.3333342689927159,0.06805237821223561,0.429865777762017,1.289593713424678,1.0,0.015281976570377435,1.1693136545818632,0.2667991536228869,0.16065523799426137,0.14479746637561364,0.3170111696678584,apriori,"{'burden_high', 'cluster_2_ambisius'} -> {'risk_score_high'}"
"frozenset({'risk_score_low', 'cluster_2_ambisius'})",frozenset({'burden_high'}),0.081683064097346,0.3333342689927159,0.03747877222775821,0.4588316151202749,1.376490981580719,1.0,0.010251007767784221,1.2319007348432796,0.29784383384253627,0.09927137546468402,0.18824628339294047,0.28563380809907574,apriori,"{'risk_score_low', 'cluster_2_ambisius'} -> {'burden_high'}"
"frozenset({'risk_score_med', 'burden_high'})",frozenset({'cluster_2_ambisius'}),0.11103282760943706,0.35070104279238185,0.05277961011073529,0.4753514005460613,1.3554319564070232,1.0,0.013840281683918945,1.2375882788659252,0.2949803100326854,0.12905993465667298,0.19197683342932206,0.31292442164906215,apriori,"{'risk_score_med', 'burden_high'} -> {'cluster_2_ambisius'}"
"frozenset({'risk_score_med', 'cluster_2_ambisius'})",frozenset({'burden_high'}),0.1178088728579248,0.3333342689927159,0.05277961011073529,0.44801048367881824,1.3440276783801317,1.0,0.013509875595783115,1.207750711372889,0.2901499410985363,0.13249106884913225,0.17201456344971386,0.3031744347793175,apriori,"{'risk_score_med', 'cluster_2_ambisius'} -> {'burden_high'}"
"frozenset({'credit_large', 'emp_mid'})",frozenset({'burden_high'}),0.10142173443179744,0.3333342689927159,0.04795160769673408,0.47279419904793535,1.4183786157860263,1.0,0.014144267989937516,1.264526546944994,0.3282625915910894,0.12396862141784165,0.20919018867897335,0.3083243091709631,apriori,"{'credit_large', 'emp_mid'} -> {'burden_high'}"
"frozenset({'emp_mid', 'burden_high'})",frozenset({'credit_large'}),0.10602798557213232,0.3220389889264712,0.04795160769673408,0.45225425568527783,1.4043462786691885,1.0,0.01380646242517411,1.2377293992885645,0.32207374205102013,0.1261501425216736,0.19206896065101894,0.3005771313291461,apriori,"{'emp_mid', 'burden_high'} -> {'credit_large'}"
"frozenset({'credit_large', 'emp_new'})",frozenset({'burden_high'}),0.09279308360584412,0.3333342689927159,0.04338184727231899,0.46751164619759217,1.4025310017189032,1.0,0.012450732580984968,1.2519818062625006,0.3163592314071684,0.11334384511019031,0.20126634828243514,0.2988284113499413,apriori,"{'credit_large', 'emp_new'} -> {'burden_high'}"
"frozenset({'credit_large', 'emp_senior'})",frozenset({'burden_high'}),0.12782417088882964,0.3333342689927159,0.06033599528427671,0.4720233651016733,1.4160661204383642,1.0,0.017727818721448685,1.2626803667849147,0.3368796477056674,0.1505304807591302,0.20803393613679247,0.3265154214352344,apriori,"{'credit_large', 'emp_senior'} -> {'burden_high'}"
"frozenset({'burden_high', 'emp_senior'})",frozenset({'credit_large'}),0.10842514491024688,0.3220389889264712,0.06033599528427671,0.5564760400755947,1.7279772301193344,1.0,0.025418871243174677,1.5285780979883954,0.4725219292623927,0.1630138025178219,0.34579724692117647,0.37191611082644527,apriori,"{'burden_high', 'emp_senior'} -> {'credit_large'}"
"frozenset({'credit_large', 'income_high'})",frozenset({'burden_high'}),0.09600988056307981,0.3333342689927159,0.05221540750305259,0.5438545199391884,1.6315589800671615,1.0,0.020212024149480416,1.4615199758603479,0.42820077902939263,0.13845512601039048,0.31578081961463883,0.35025015137352844,apriori,"{'credit_large', 'income_high'} -> {'burden_high'}"
"frozenset({'burden_high', 'income_high'})",frozenset({'credit_large'}),0.06853798543178341,0.3220389889264712,0.05221540750305259,0.7618462546586395,2.365695710318437,1.0,0.030143503971543847,2.846736716660766,0.6197690919089095,0.1543183760151979,0.6487205879815243,0.46199313639423856,apriori,"{'burden_high', 'income_high'} -> {'credit_large'}"
"frozenset({'credit_large', 'income_med'})",frozenset({'burden_high'}),0.04888913839805757,0.3333342689927159,0.03365847496877237,0.6884652925302865,2.0653900800860385,1.0,0.01736204975917213,2.1399404786129503,0.5423447252123466,0.09656299827666737,0.5326972829411722,0.394720217000794,apriori,"{'credit_large', 'income_med'} -> {'burden_high'}"
"frozenset({'burden_high', 'income_med'})",frozenset({'credit_large'}),0.0520104980982723,0.3220389889264712,0.03365847496877237,0.6471477143936533,2.0095321891021456,1.0,0.016909066747642604,1.9213734435884702,0.529933867743071,0.09888179704121519,0.4795389707623203,0.37583224224668366,apriori,"{'burden_high', 'income_med'} -> {'credit_large'}"
"frozenset({'income_very_high', 'burden_high'})",frozenset({'credit_large'}),0.051291911692467475,0.3220389889264712,0.043901138229638884,0.8559076232693045,2.657776395716879,1.0,0.027383142848090812,4.705044267127457,0.6574684367413081,0.13326403149257418,0.7874621484463686,0.4961150277283696,apriori,"{'income_very_high', 'burden_high'} -> {'credit_large'}"
"frozenset({'credit_large', 'risk_score_high'})",frozenset({'burden_high'}),0.13004168362549298,0.3333342689927159,0.06352191548188797,0.48847349335175266,1.4654163666635396,1.0,0.020174565932002238,1.3032867746689787,0.36507506369713005,0.15886275886275886,0.23270916314332302,0.3395193524425161,apriori,"{'credit_large', 'risk_score_high'} -> {'burden_high'}"
"frozenset({'credit_large', 'burden_high'})",frozenset({'risk_score_high'}),0.15166945025332979,0.3333342689927159,0.06352191548188797,0.4188181296615031,1.2564508621543957,1.0,0.012965290153167199,1.147086247922701,0.2405988503597509,0.1507109320368952,0.12822597096693006,0.3046916705973913,apriori,"{'credit_large', 'burden_high'} -> {'risk_score_high'}"
"frozenset({'risk_score_high', 'burden_high'})",frozenset({'credit_large'}),0.11728396794430955,0.3220389889264712,0.06352191548188797,0.5416078309360266,1.6818082578805014,1.0,0.025751905027817865,1.4789978032519842,0.45926649355688454,0.16903070637357054,0.3238664737694509,0.3694284883708792,apriori,"{'risk_score_high', 'burden_high'} -> {'credit_large'}"
"frozenset({'credit_large', 'risk_score_low'})",frozenset({'burden_high'}),0.08428793981838852,0.3333342689927159,0.038129991158018836,0.4523777807379779,1.3571295327809916,1.0,0.010033932353754268,1.2173825450429778,0.28737271444699874,0.10047634545400752,0.17856551823264682,0.28338371656138994,apriori,"{'credit_large', 'risk_score_low'} -> {'burden_high'}"
"frozenset({'credit_large', 'risk_score_med'})",frozenset({'burden_high'}),0.10770936548258972,0.3333342689927159,0.05001754361342297,0.4643750651516731,1.393121284994015,1.0,0.01411432100661466,1.2446502909653825,0.31625055500980104,0.1279135709414594,0.19656147011031144,0.30721363739933427,apriori,"{'credit_large', 'risk_score_med'} -> {'burden_high'}"
"frozenset({'risk_score_med', 'burden_high'})",frozenset({'credit_large'}),0.11103282760943706,0.3220389889264712,0.05001754361342297,0.4504752755587016,1.3988221645471484,1.0,0.01426064407243268,1.2337224894890972,0.3207237028695473,0.13057560546660316,0.18944494526146244,0.30289522790556234,apriori,"{'risk_score_med', 'burden_high'} -> {'credit_large'}"
"frozenset({'income_low', 'credit_med'})",frozenset({'burden_high'}),0.10188769280431152,0.3333342689927159,0.04112222986344051,0.4036035043253071,1.2108071142668104,1.0,0.007159570263160928,1.1178230184821876,0.19385618039693694,0.10434472934472933,0.10540400093225047,0.2634849238144994,apriori,"{'income_low', 'credit_med'} -> {'burden_high'}"
"frozenset({'burden_high', 'credit_med'})",frozenset({'income_low'}),0.08172236179141346,0.320088139113837,0.04112222986344051,0.5031943394930274,1.5720493139362157,1.0,0.014963871153639244,1.3685670573727702,0.39627191635949355,0.1140104438235912,0.2693087309001184,0.31583296114023307,apriori,"{'burden_high', 'credit_med'} -> {'income_low'}"
"frozenset({'burden_high', 'credit_small'})",frozenset({'emp_new'}),0.09994245694797266,0.33339040855566937,0.04672495824620005,0.4675186069372279,1.4023157083691622,1.0,0.013405101692258052,1.2518927424112765,0.3187505296213337,0.12085877543908052,0.2012095236897889,0.30383474212418937,apriori,"{'burden_high', 'credit_small'} -> {'emp_new'}"
"frozenset({'income_low', 'burden_high'})",frozenset({'credit_small'}),0.1614938737701927,0.334033206551487,0.09847721435488625,0.6097891644795161,1.825534565185587,1.0,0.044532897861007704,1.706684522381884,0.5393106064914284,0.24802228333486512,0.4140686302091852,0.45230090655636046,apriori,"{'income_low', 'burden_high'} -> {'credit_small'}"
"frozenset({'income_low', 'credit_small'})",frozenset({'burden_high'}),0.16854219589900493,0.3333342689927159,0.09847721435488625,0.5842881886616481,1.7528596457462227,1.0,0.04229632469046433,1.6036728156965412,0.5165670043313373,0.24411848614947845,0.37643140782076623,0.43985950122923423,apriori,"{'income_low', 'credit_small'} -> {'burden_high'}"
"frozenset({'burden_high', 'credit_small'})",frozenset({'income_low'}),0.09994245694797266,0.320088139113837,0.09847721435488625,0.9853391377615505,3.078336924602888,1.0,0.06648681929194492,46.375980472896615,0.7501178944432677,0.30625463751036625,0.978437113570366,0.6464978466600146,apriori,"{'burden_high', 'credit_small'} -> {'income_low'}"
"frozenset({'emp_mid', 'income_low'})",frozenset({'burden_high'}),0.09600145962863679,0.3333342689927159,0.047477228389776985,0.49454694307184,1.4836366646798231,1.0,0.015476652022231613,1.3189468772013724,0.3605985124574401,0.1243319930314101,0.24181935050950243,0.31848911421983267,apriori,"{'emp_mid', 'income_low'} -> {'burden_high'}"
"frozenset({'emp_mid', 'burden_high'})",frozenset({'income_low'}),0.10602798557213232,0.320088139113837,0.047477228389776985,0.44778016043205465,1.398927688079079,1.0,0.013538927794004396,1.2312340342899004,0.31898847372102584,0.12538920024908815,0.18780672711282062,0.2980528225800798,apriori,"{'emp_mid', 'burden_high'} -> {'income_low'}"
"frozenset({'emp_new', 'income_low'})",frozenset({'burden_high'}),0.13650054034329343,0.3333342689927159,0.07120742165022245,0.5216640276378293,1.5649876900272404,1.0,0.025707113817780014,1.3937185775827874,0.4180863509198815,0.17863153373282728,0.2824950344463643,0.3676428464785751,apriori,"{'emp_new', 'income_low'} -> {'burden_high'}"
"frozenset({'emp_new', 'burden_high'})",frozenset({'income_low'}),0.1188811385103367,0.320088139113837,0.07120742165022245,0.5989799773328296,1.8712970089772891,1.0,0.033154979248714474,1.6954561429728434,0.5284318694030636,0.19362372821847545,0.4101882233022071,0.41072094812551874,apriori,"{'emp_new', 'burden_high'} -> {'income_low'}"
"frozenset({'income_low', 'burden_high'})",frozenset({'emp_new'}),0.1614938737701927,0.33339040855566937,0.07120742165022245,0.4409295534736586,1.322562203825466,1.0,0.017366913094740213,1.192353478146018,0.29086477562924323,0.16807012197141855,0.16132252865577007,0.3272576235357381,apriori,"{'income_low', 'burden_high'} -> {'emp_new'}"
"frozenset({'income_low', 'emp_senior'})",frozenset({'burden_high'}),0.08758613914190679,0.3333342689927159,0.04280922373019326,0.4887671057270134,1.466297201316838,1.0,0.01361376206543146,1.304035281132164,0.34853703232765326,0.11321861266183632,0.23314958232433758,0.3085972082124692,apriori,"{'income_low', 'emp_senior'} -> {'burden_high'}"
"frozenset({'burden_high', 'emp_senior'})",frozenset({'income_low'}),0.10842514491024688,0.320088139113837,0.04280922373019326,0.3948274523002045,1.233496040788275,1.0,0.008103620862724224,1.1235008320692084,0.21231659931355792,0.11098981871638686,0.10992500276279346,0.2642847196344445,apriori,"{'burden_high', 'emp_senior'} -> {'income_low'}"
"frozenset({'burden_high', 'emp_senior'})",frozenset({'risk_score_high'}),0.10842514491024688,0.3333342689927159,0.0449705969039031,0.41476169518730416,1.2442815928906716,1.0,0.008828780484816667,1.139135503477765,0.2201984487257284,0.11333635167447188,0.12214131071587744,0.274836553602814,apriori,"{'burden_high', 'emp_senior'} -> {'risk_score_high'}"
"frozenset({'risk_score_high', 'income_low'})",frozenset({'burden_high'}),0.09699793687106145,0.3333342689927159,0.04886668257287617,0.503790948026392,1.5113686017005379,1.0,0.016533946192159296,1.343517874887019,0.37469243119785467,0.12810248787702633,0.2556853774021477,0.3251952921215226,apriori,"{'risk_score_high', 'income_low'} -> {'burden_high'}"
"frozenset({'risk_score_high', 'burden_high'})",frozenset({'income_low'}),0.11728396794430955,0.320088139113837,0.04886668257287617,0.41665270564583684,1.30168117693876,1.0,0.011325475525695218,1.1655352951262226,0.26255637918258673,0.12578121048790886,0.1420251242655812,0.28465951953781676,apriori,"{'risk_score_high', 'burden_high'} -> {'income_low'}"
"frozenset({'risk_score_low', 'income_low'})",frozenset({'burden_high'}),0.11379489410674938,0.3333342689927159,0.05751778922401089,0.5054514060187469,1.516349961695034,1.0,0.01958605138183407,1.3480287662743926,0.3842469744906488,0.1476286193903502,0.25817606788633696,0.3390021446693034,apriori,"{'risk_score_low', 'income_low'} -> {'burden_high'}"
"frozenset({'risk_score_low', 'burden_high'})",frozenset({'income_low'}),0.10501747343896928,0.320088139113837,0.05751778922401089,0.5476973244594125,1.7110828472923454,1.0,0.02390294157649441,1.5032231681440738,0.4643384086532081,0.15647359780077127,0.33476278094181383,0.36369546096340616,apriori,"{'risk_score_low', 'burden_high'} -> {'income_low'}"
"frozenset({'income_low', 'risk_score_med'})",frozenset({'burden_high'}),0.10929530813602616,0.3333342689927159,0.05510940197330564,0.5042247733518248,1.512670074023632,1.0,0.018677530331449727,1.3446935126518145,0.38050468821535965,0.14221040737092194,0.2563361163036018,0.3347762576001916,apriori,"{'income_low', 'risk_score_med'} -> {'burden_high'}"
"frozenset({'risk_score_med', 'burden_high'})",frozenset({'income_low'}),0.11103282760943706,0.320088139113837,0.05510940197330564,0.49633431085043994,1.550617627458924,1.0,0.01956911080325347,1.3499268970141576,0.3994474658856609,0.14656305055391325,0.25921914570940496,0.3342518852841205,apriori,"{'risk_score_med', 'burden_high'} -> {'income_low'}"
"frozenset({'cluster_0_minimal', 'credit_med'})",frozenset({'burden_low'}),0.10760550729112574,0.33334268992715893,0.04380289399447025,0.40706925785835396,1.2211734955018978,1.0,0.007933384743069885,1.1243426300766546,0.20295456795669764,0.11029437749584761,0.11059140403506479,0.2692371256661565,apriori,"{'cluster_0_minimal', 'credit_med'} -> {'burden_low'}"
"frozenset({'burden_low', 'credit_small'})",frozenset({'cluster_0_minimal'}),0.19042539753828017,0.3540722235477397,0.1346647766347139,0.7071786556603774,1.9972723321094636,1.0,0.06724043270837277,2.2058766853521945,0.6167648419520837,0.32858463751241396,0.546665501911165,0.543755016747265,apriori,"{'burden_low', 'credit_small'} -> {'cluster_0_minimal'}"
"frozenset({'burden_low', 'cluster_0_minimal'})",frozenset({'credit_small'}),0.17854907299546674,0.334033206551487,0.1346647766347139,0.7542171705261834,2.25791075777351,1.0,0.07502345725524263,2.709574118233751,0.6782056983679453,0.3563337913618302,0.6309383112015202,0.5786825216165677,apriori,"{'burden_low', 'cluster_0_minimal'} -> {'credit_small'}"
"frozenset({'credit_small', 'cluster_0_minimal'})",frozenset({'burden_low'}),0.24575374380710446,0.33334268992715893,0.1346647766347139,0.5479663281972793,1.6438528420017828,1.0,0.05274456261438383,1.4747956881490627,0.5192906667267393,0.3030044653289627,0.3219399757975652,0.47597465919358306,apriori,"{'credit_small', 'cluster_0_minimal'} -> {'burden_low'}"
frozenset({'burden_low'}),"frozenset({'credit_small', 'cluster_0_minimal'})",0.33334268992715893,0.24575374380710446,0.1346647766347139,0.40398299018988676,1.643852842001783,1.0,0.05274456261438383,1.2654777360015164,0.5875178076300706,0.3030044653289627,0.20978459632196805,0.47597465919358306,apriori,"{'burden_low'} -> {'credit_small', 'cluster_0_minimal'}"
frozenset({'credit_small'}),"frozenset({'burden_low', 'cluster_0_minimal'})",0.334033206551487,0.17854907299546674,0.1346647766347139,0.40314787270695207,2.25791075777351,1.0,0.07502345725524263,1.376305603081498,0.8365472649758728,0.3563337913618302,0.27341718455476993,0.5786825216165677,apriori,"{'credit_small'} -> {'burden_low', 'cluster_0_minimal'}"
frozenset({'cluster_0_minimal'}),"frozenset({'burden_low', 'credit_small'})",0.3540722235477397,0.19042539753828017,0.1346647766347139,0.38033137783415255,1.9972723321094636,1.0,0.06724043270837277,1.3064637670891237,0.7730231922804258,0.32858463751241396,0.23457502213929932,0.543755016747265,apriori,"{'cluster_0_minimal'} -> {'burden_low', 'credit_small'}"
"frozenset({'emp_mid', 'burden_low'})",frozenset({'cluster_0_minimal'}),0.11261034932843048,0.3540722235477397,0.06700818234130047,0.5950446183757915,1.6805741281074011,1.0,0.02713598556009538,1.5950591244436652,0.4563556193919762,0.1676569325635947,0.37306399200168433,0.3921473290071442,apriori,"{'emp_mid', 'burden_low'} -> {'cluster_0_minimal'}"
"frozenset({'emp_mid', 'cluster_0_minimal'})",frozenset({'burden_low'}),0.1315518378689422,0.33334268992715893,0.06700818234130047,0.5093671318226433,1.5280585031996612,1.0,0.02315633884120579,1.3587701789107491,0.3979221898909688,0.16841035915597286,0.26404036862095065,0.3551930181449118,apriori,"{'emp_mid', 'cluster_0_minimal'} -> {'burden_low'}"
"frozenset({'emp_new', 'burden_low'})",frozenset({'cluster_0_minimal'}),0.11668327462070707,0.3540722235477397,0.059914948562125446,0.5134836055714596,1.4502227834379287,1.0,0.01860064206634015,1.3276588083140828,0.3514603127006619,0.14583504140362386,0.24679443714169141,0.3413501744362768,apriori,"{'emp_new', 'burden_low'} -> {'cluster_0_minimal'}"
"frozenset({'emp_new', 'cluster_0_minimal'})",frozenset({'burden_low'}),0.1285848619668496,0.33334268992715893,0.059914948562125446,0.46595647143574404,1.3978301775196074,1.0,0.017052124790183372,1.2483201731984455,0.3266015272774492,0.1490374880427876,0.19892346413196207,0.3228481359325998,apriori,"{'emp_new', 'cluster_0_minimal'} -> {'burden_low'}"
"frozenset({'burden_low', 'emp_senior'})",frozenset({'cluster_0_minimal'}),0.10404906597802135,0.3540722235477397,0.051625942092040814,0.496169202546671,1.4013220172289858,1.0,0.014785057943137316,1.282033134372049,0.3196471336751569,0.12700254115567342,0.21998895879566424,0.32098772478689186,apriori,"{'burden_low', 'emp_senior'} -> {'cluster_0_minimal'}"
"frozenset({'emp_senior', 'cluster_0_minimal'})",frozenset({'burden_low'}),0.0939355237119479,0.33334268992715893,0.051625942092040814,0.5495891229642911,1.6487210896521705,1.0,0.020313221938183683,1.4801092603720312,0.43426189193013653,0.13743013420211017,0.32437420211218326,0.35223130098785055,apriori,"{'emp_senior', 'cluster_0_minimal'} -> {'burden_low'}"
"frozenset({'burden_low', 'income_high'})",frozenset({'cluster_0_minimal'}),0.08583177779960983,0.3540722235477397,0.04880212207547964,0.5685787167244424,1.60582694408329,1.0,0.018411473658916263,1.4972088802575207,0.4126897890074718,0.12478109838371658,0.332090523115252,0.35320484908681293,apriori,"{'burden_low', 'income_high'} -> {'cluster_0_minimal'}"
"frozenset({'cluster_0_minimal', 'income_high'})",frozenset({'burden_low'}),0.07961712818065711,0.33334268992715893,0.04880212207547964,0.6129600902552531,1.8388286552472333,1.0,0.02226233440346399,1.7224510787853946,0.49563671187746455,0.13401370507118465,0.4194319871742535,0.3796811735011687,apriori,"{'cluster_0_minimal', 'income_high'} -> {'burden_low'}"
"frozenset({'burden_low', 'income_low'})",frozenset({'cluster_0_minimal'}),0.1224347728452934,0.3540722235477397,0.05623219323237569,0.4592828648723004,1.2971445776524606,1.0,0.01288144097148023,1.194576118435221,0.2610357672807781,0.1337986308231758,0.1628829803580009,0.30904923329234174,apriori,"{'burden_low', 'income_low'} -> {'cluster_0_minimal'}"
"frozenset({'burden_low', 'income_med'})",frozenset({'cluster_0_minimal'}),0.08547529157485509,0.3540722235477397,0.05198242831679555,0.6081573675741355,1.7176082367617223,1.0,0.021718001770495227,1.6484367013700787,0.4568439282173978,0.13412567356162,0.39336463500912,0.3774852162113582,apriori,"{'burden_low', 'income_med'} -> {'cluster_0_minimal'}"
"frozenset({'cluster_0_minimal', 'income_med'})",frozenset({'burden_low'}),0.06898148797911609,0.33334268992715893,0.05198242831679555,0.7535707019328585,2.260648649884977,1.0,0.02898795355865902,2.7052680639101814,0.598966698573507,0.14837634503369093,0.6303508649140653,0.454756804799952,apriori,"{'cluster_0_minimal', 'income_med'} -> {'burden_low'}"
"frozenset({'risk_score_high', 'burden_low'})",frozenset({'cluster_0_minimal'}),0.10093612721224965,0.3540722235477397,0.05073332304108012,0.5026279929920187,1.4195634663340067,1.0,0.014994644042741374,1.2986814041625288,0.32873981332952534,0.1254921020656136,0.2299882043472681,0.32295661580788504,apriori,"{'risk_score_high', 'burden_low'} -> {'cluster_0_minimal'}"
"frozenset({'risk_score_high', 'cluster_0_minimal'})",frozenset({'burden_low'}),0.09446042862556316,0.33334268992715893,0.05073332304108012,0.5370854629739688,1.6112111625766599,1.0,0.019245629671362494,1.4401304274342817,0.41892027672567483,0.13454623956883266,0.3056184488917526,0.34464057999862596,apriori,"{'risk_score_high', 'cluster_0_minimal'} -> {'burden_low'}"
"frozenset({'burden_low', 'risk_score_low'})",frozenset({'cluster_0_minimal'}),0.12070006035003017,0.3540722235477397,0.06828535739849265,0.5657441860465116,1.5978214285714283,1.0,0.02554881864801109,1.4874361049347822,0.42550649482701636,0.16798906175550535,0.327702214110336,0.3793006644518272,apriori,"{'burden_low', 'risk_score_low'} -> {'cluster_0_minimal'}"
"frozenset({'risk_score_low', 'cluster_0_minimal'})",frozenset({'burden_low'}),0.1422127408738123,0.33334268992715893,0.06828535739849265,0.48016342965419223,1.4404498558498946,1.0,0.02087977981370203,1.2824363426939442,0.3564665118561713,0.16766603258622115,0.2202342005534916,0.3425068758729468,apriori,"{'risk_score_low', 'cluster_0_minimal'} -> {'burden_low'}"
"frozenset({'burden_low', 'risk_score_med'})",frozenset({'cluster_0_minimal'}),0.11170650236487908,0.3540722235477397,0.05953039255589395,0.5329178811940899,1.5051106688187765,1.0,0.019978222878820368,1.382899816639453,0.37779971363594617,0.14653695207561768,0.2768818189374899,0.35052426483994964,apriori,"{'burden_low', 'risk_score_med'} -> {'cluster_0_minimal'}"
"frozenset({'risk_score_med', 'cluster_0_minimal'})",frozenset({'burden_low'}),0.11739905404836423,0.33334268992715893,0.05953039255589395,0.5070772762050497,1.5211891291687085,1.0,0.0203962760845083,1.3524580586188641,0.3881930421709429,0.1521693896147692,0.2606055369870736,0.3428317204990555,apriori,"{'risk_score_med', 'cluster_0_minimal'} -> {'burden_low'}"
"frozenset({'burden_low', 'cluster_2_ambisius'})",frozenset({'credit_med'}),0.052936800887005094,0.3439278045220418,0.03215112770347083,0.6073492762076463,1.7659208363559982,1.0,0.013944689995982695,1.6708798831220553,0.4579664805435171,0.08815448199428928,0.4015129333345671,0.35041573795201864,apriori,"{'burden_low', 'cluster_2_ambisius'} -> {'credit_med'}"
"frozenset({'burden_low', 'cluster_2_ambisius'})",frozenset({'income_low'}),0.052936800887005094,0.320088139113837,0.03703807665857321,0.6996659419905615,2.185854008610205,1.0,0.020093634572012038,2.263852009966834,0.5728370669811017,0.11023668095273902,0.5582750128553455,0.40768903020621095,apriori,"{'burden_low', 'cluster_2_ambisius'} -> {'income_low'}"
"frozenset({'income_low', 'cluster_2_ambisius'})",frozenset({'burden_low'}),0.09160853882752523,0.33334268992715893,0.03703807665857321,0.4043081259958328,1.2128903324209122,1.0,0.006501039905509369,1.1191311131905375,0.1932241308452222,0.09548033228168688,0.10644964811219124,0.25770961855347196,apriori,"{'income_low', 'cluster_2_ambisius'} -> {'burden_low'}"
"frozenset({'income_low', 'credit_med'})",frozenset({'burden_low'}),0.10188769280431152,0.33334268992715893,0.04269413762613858,0.41903135158961924,1.257058769403897,1.0,0.008730620036277344,1.1474927466342935,0.22769117292443863,0.10876482912980984,0.12853479646551494,0.27355508466180467,apriori,"{'income_low', 'credit_med'} -> {'burden_low'}"
"frozenset({'emp_mid', 'burden_low'})",frozenset({'credit_small'}),0.11261034932843048,0.334033206551487,0.0688664018750614,0.6115459394785383,1.8307938476897392,1.0,0.031250805798002684,1.7144029658346664,0.5113749712262475,0.18229371772485795,0.4167065620344722,0.4088561371076106,apriori,"{'emp_mid', 'burden_low'} -> {'credit_small'}"
"frozenset({'emp_mid', 'credit_small'})",frozenset({'burden_low'}),0.11368822893713773,0.33334268992715893,0.0688664018750614,0.6057478643029974,1.8171925847102381,1.0,0.030969261828101245,1.6909415313483347,0.5073842057126392,0.18210698989779028,0.40861349640953415,0.40617063544820203,apriori,"{'emp_mid', 'credit_small'} -> {'burden_low'}"
"frozenset({'emp_new', 'burden_low'})",frozenset({'credit_small'}),0.11668327462070707,0.334033206551487,0.06499838598756509,0.5570497245543554,1.6676477476753295,1.0,0.026022297615082568,1.5034798043154964,0.45323831178359153,0.16851266974252987,0.3348763334700865,0.37581816233347975,apriori,"{'emp_new', 'burden_low'} -> {'credit_small'}"
"frozenset({'emp_new', 'credit_small'})",frozenset({'burden_low'}),0.12720102174004574,0.33334268992715893,0.06499838598756509,0.5109894959837585,1.5329254590686194,1.0,0.02259685523925522,1.3632780985226023,0.3983191639360611,0.164326012134975,0.26647394901765853,0.35298959031430777,apriori,"{'emp_new', 'credit_small'} -> {'burden_low'}"
"frozenset({'burden_low', 'emp_senior'})",frozenset({'credit_small'}),0.10404906597802135,0.334033206551487,0.05656060967565368,0.5435955541167584,1.6273698047232021,1.0,0.021804766528327975,1.4591593036735713,0.4302819540100023,0.14825006069791566,0.3146738690680274,0.3564609311495213,apriori,"{'burden_low', 'emp_senior'} -> {'credit_small'}"
"frozenset({'credit_small', 'emp_senior'})",frozenset({'burden_low'}),0.09314395587430352,0.33334268992715893,0.05656060967565368,0.6072386462947895,1.821664805151364,1.0,0.025511752874056746,1.6973597422041804,0.497379481573667,0.1528970771238656,0.4108497007821063,0.38845785626178997,apriori,"{'credit_small', 'emp_senior'} -> {'burden_low'}"
"frozenset({'burden_low', 'income_high'})",frozenset({'credit_small'}),0.08583177779960983,0.334033206551487,0.05292276599626672,0.6165870887566224,1.8458856085662347,1.0,0.02425210203384831,1.7369440984364233,0.5012804089168234,0.14422642952763434,0.42427623266621645,0.38751136607728853,apriori,"{'burden_low', 'income_high'} -> {'credit_small'}"
"frozenset({'credit_small', 'income_high'})",frozenset({'burden_low'}),0.06734501971902149,0.33334268992715893,0.05292276599626672,0.7858452817605869,2.35746967162324,1.0,0.030473795969930537,3.1129704521735313,0.6173948570287006,0.15217970345378673,0.6787634141204963,0.47230456164152457,apriori,"{'credit_small', 'income_high'} -> {'burden_low'}"
"frozenset({'burden_low', 'income_low'})",frozenset({'credit_small'}),0.1224347728452934,0.334033206551487,0.05938162271406717,0.4850061901050025,1.4519699855955637,1.0,0.018484342947150886,1.293154947987234,0.35470927930447,0.14954334671718597,0.2266974645563728,0.3313889027347896,apriori,"{'burden_low', 'income_low'} -> {'credit_small'}"
"frozenset({'burden_low', 'income_med'})",frozenset({'credit_small'}),0.08547529157485509,0.334033206551487,0.05366100124910528,0.6277954746970543,1.8794403142679397,1.0,0.025109415523433133,1.7892495877272516,0.5116610859149181,0.1466758737100549,0.4411064801360529,0.39422059177832186,apriori,"{'burden_low', 'income_med'} -> {'credit_small'}"
"frozenset({'credit_small', 'income_med'})",frozenset({'burden_low'}),0.06372401790852059,0.33334268992715893,0.05366100124910528,0.8420843978504097,2.526182284166542,1.0,0.03241906570651258,4.221605091568658,0.6452646003610607,0.15626123916952753,0.763123272236622,0.5015314414834129,apriori,"{'credit_small', 'income_med'} -> {'burden_low'}"
"frozenset({'risk_score_high', 'burden_low'})",frozenset({'credit_small'}),0.10093612721224965,0.334033206551487,0.05404275027718909,0.5354153341305375,1.6028805628580822,1.0,0.020326732047592534,1.4334670133853153,0.4183498070600593,0.14187182680333366,0.30239064403834987,0.34860194526461163,apriori,"{'risk_score_high', 'burden_low'} -> {'credit_small'}"
"frozenset({'risk_score_high', 'credit_small'})",frozenset({'burden_low'}),0.09738249287729295,0.33334268992715893,0.05404275027718909,0.5549534488225291,1.6648136155132,1.0,0.021581008149659867,1.497949615178567,0.44241570311621325,0.14347032303737098,0.33242080383271616,0.3585385744386318,apriori,"{'risk_score_high', 'credit_small'} -> {'burden_low'}"
"frozenset({'burden_low', 'risk_score_low'})",frozenset({'credit_small'}),0.12070006035003017,0.334033206551487,0.07350633675316838,0.6090000000000001,1.823172032167797,1.0,0.03318850856348981,1.7032398809424887,0.5134828146822892,0.19281517369343368,0.41288363947499324,0.41452848715557017,apriori,"{'burden_low', 'risk_score_low'} -> {'credit_small'}"
"frozenset({'risk_score_low', 'credit_small'})",frozenset({'burden_low'}),0.12530350451221736,0.33334268992715893,0.07350633675316838,0.5866263440860215,1.7598296342247957,1.0,0.03173732950176595,1.6127232602640018,0.49361484748062334,0.19085621829630928,0.3799308135257499,0.403569582299421,apriori,"{'risk_score_low', 'credit_small'} -> {'burden_low'}"
"frozenset({'burden_low', 'risk_score_med'})",frozenset({'credit_small'}),0.11170650236487908,0.334033206551487,0.0628763105079227,0.5628706402653533,1.6850739065027474,1.0,0.02556262933033087,1.5235004893123143,0.4576800577416258,0.16422648591977831,0.34361688295132403,0.3755521762935492,apriori,"{'burden_low', 'risk_score_med'} -> {'credit_small'}"
"frozenset({'risk_score_med', 'credit_small'})",frozenset({'burden_low'}),0.11134720916197667,0.33334268992715893,0.0628763105079227,0.5646869012806293,1.6940131532628568,1.0,0.025759532289987397,1.5314432578161605,0.46101898925098006,0.16467803239158083,0.3470211874346551,0.3766552690900641,apriori,"{'risk_score_med', 'credit_small'} -> {'burden_low'}"
"frozenset({'emp_mid', 'income_low'})",frozenset({'burden_low'}),0.09600145962863679,0.33334268992715893,0.03878401706642714,0.40399403526212685,1.2119480866684265,1.0,0.006782632276883797,1.1185413393740795,0.1934540177293521,0.09930357412371801,0.10597850539919579,0.2601714102882147,apriori,"{'emp_mid', 'income_low'} -> {'burden_low'}"
"frozenset({'emp_mid', 'burden_low'})",frozenset({'risk_score_low'}),0.11261034932843048,0.3333342689927159,0.049037908239884354,0.43546537713744454,1.3063924643972338,1.0,0.011501019765477606,1.1809120362305823,0.2642956734833027,0.12355021216407354,0.1531968772272363,0.29128934445662313,apriori,"{'emp_mid', 'burden_low'} -> {'risk_score_low'}"
"frozenset({'burden_low', 'risk_score_low'})",frozenset({'emp_mid'}),0.12070006035003017,0.33341005740270313,0.049037908239884354,0.4062790697674419,1.2185567314087506,1.0,0.008795294190071065,1.1227327666151103,0.2039770894629052,0.12105967056801724,0.1093160993110883,0.2766794703942068,apriori,"{'burden_low', 'risk_score_low'} -> {'emp_mid'}"
"frozenset({'emp_new', 'burden_low'})",frozenset({'income_low'}),0.11668327462070707,0.320088139113837,0.04830247996519347,0.4139623276961197,1.2932760609067648,1.0,0.010953547726142536,1.1601845632435823,0.25672544897891214,0.12434065060624015,0.13806817321870485,0.28243300673564503,apriori,"{'emp_new', 'burden_low'} -> {'income_low'}"
"frozenset({'emp_new', 'income_med'})",frozenset({'burden_low'}),0.06165527501368402,0.33334268992715893,0.030259224431937796,0.49078078761666283,1.4723010356816488,1.0,0.009706889210677614,1.3091754864327179,0.341869111623666,0.08296136678466984,0.23616046102052302,0.29077795643727333,apriori,"{'emp_new', 'income_med'} -> {'burden_low'}"
"frozenset({'income_low', 'emp_senior'})",frozenset({'burden_low'}),0.08758613914190679,0.33334268992715893,0.03534827581367279,0.40358298881517796,1.21071498194056,1.0,0.006152076591775156,1.1177704484794657,0.19074871653322897,0.09167546318203326,0.10536192707516304,0.2548124198423075,apriori,"{'income_low', 'emp_senior'} -> {'burden_low'}"
"frozenset({'risk_score_low', 'income_med'})",frozenset({'burden_low'}),0.06333104096784606,0.33334268992715893,0.0320191997305301,0.5055846112933251,1.5167112601263402,1.0,0.01090826017842119,1.3483749197546786,0.36371305243294105,0.08780694326841659,0.25836650819496226,0.3008197571223899,apriori,"{'risk_score_low', 'income_med'} -> {'burden_low'}"
"frozenset({'burden_med', 'cluster_0_minimal'})",frozenset({'credit_med'}),0.07509227940660482,0.3439278045220418,0.04500147366352753,0.5992822966507177,1.742465391780532,1.0,0.019175150870658204,1.6372428519987259,0.4606951594545376,0.12031880881977695,0.3892170616111028,0.3650639973533203,apriori,"{'burden_med', 'cluster_0_minimal'} -> {'credit_med'}"
"frozenset({'cluster_0_minimal', 'credit_med'})",frozenset({'burden_med'}),0.10760550729112574,0.33332304108012517,0.04500147366352753,0.41820790400417374,1.254662451923459,1.0,0.009134078736279916,1.145902399685845,0.22744748220594543,0.1136610162281728,0.1273253286892888,0.2766082468112626,apriori,"{'cluster_0_minimal', 'credit_med'} -> {'burden_med'}"
"frozenset({'burden_med', 'cluster_0_minimal'})",frozenset({'emp_mid'}),0.07509227940660482,0.33341005740270313,0.03166552048392303,0.4216880980861244,1.264773178623092,1.0,0.006628999296467094,1.152647801975495,0.22634084730720205,0.08402979515828676,0.13243230214283652,0.25833139950063466,apriori,"{'burden_med', 'cluster_0_minimal'} -> {'emp_mid'}"
"frozenset({'burden_med', 'cluster_0_minimal'})",frozenset({'risk_score_low'}),0.07509227940660482,0.3333342689927159,0.03313076307700945,0.4412006578947369,1.3235982583728232,1.0,0.008099933014012059,1.1930324192860304,0.2643331210458485,0.08827907046319775,0.16179981043729758,0.2702963340672822,apriori,"{'burden_med', 'cluster_0_minimal'} -> {'risk_score_low'}"
"frozenset({'credit_large', 'burden_med'})",frozenset({'cluster_2_ambisius'}),0.14462393510266522,0.35070104279238185,0.09631864815932407,0.665993827999146,1.8990357790108434,1.0,0.045598883306081625,1.9439729311527751,0.5534606322420724,0.2413962911894645,0.4855895450113081,0.47031992763022473,apriori,"{'credit_large', 'burden_med'} -> {'cluster_2_ambisius'}"
"frozenset({'credit_large', 'cluster_2_ambisius'})",frozenset({'burden_med'}),0.23568230621324612,0.33332304108012517,0.09631864815932407,0.40868001381560926,1.2260778987593886,1.0,0.017760305123547593,1.1274385687886856,0.24124933817329072,0.20376847568543383,0.1130337140458171,0.34882244029615644,apriori,"{'credit_large', 'cluster_2_ambisius'} -> {'burden_med'}"
"frozenset({'burden_med', 'cluster_2_ambisius'})",frozenset({'credit_large'}),0.13945348135464766,0.3220389889264712,0.09631864815932407,0.6906865803828425,2.1447296884308065,1.0,0.051409190021596836,2.1918254045125254,0.6202346584837914,0.26376109765940275,0.5437592803052642,0.4948883009995936,apriori,"{'burden_med', 'cluster_2_ambisius'} -> {'credit_large'}"
"frozenset({'emp_mid', 'cluster_2_ambisius'})",frozenset({'burden_med'}),0.10721814430674657,0.33332304108012517,0.04289904703091887,0.40010995627928897,1.200366932279096,1.0,0.007160769111626393,1.1113319280729013,0.1869677366228662,0.10788355381118438,0.10017882619997767,0.2644055356227179,apriori,"{'emp_mid', 'cluster_2_ambisius'} -> {'burden_med'}"
"frozenset({'emp_new', 'burden_med'})",frozenset({'cluster_2_ambisius'}),0.09782599542462563,0.35070104279238185,0.04118679036083704,0.42102091762072824,1.2005123060611382,1.0,0.006879111753218058,1.1214549488374814,0.18513311411913208,0.10111151691393842,0.10830122865246046,0.26923111449033593,apriori,"{'emp_new', 'burden_med'} -> {'cluster_2_ambisius'}"
"frozenset({'burden_med', 'emp_senior'})",frozenset({'cluster_2_ambisius'}),0.12072532315335925,0.35070104279238185,0.05536764396289175,0.45862493896626283,1.3077375969987433,1.0,0.01302914724156138,1.1993514366321274,0.26763036282574587,0.13307651309176038,0.16621603188463385,0.3082509914818668,apriori,"{'burden_med', 'emp_senior'} -> {'cluster_2_ambisius'}"
"frozenset({'emp_senior', 'cluster_2_ambisius'})",frozenset({'burden_med'}),0.13314900843496932,0.33332304108012517,0.05536764396289175,0.4158321914198377,1.2475350941007366,1.0,0.010986011554544532,1.1412422066533479,0.22889671375953397,0.13468024962787967,0.1237618148276652,0.29097012609358847,apriori,"{'emp_senior', 'cluster_2_ambisius'} -> {'burden_med'}"
"frozenset({'income_high', 'cluster_2_ambisius'})",frozenset({'burden_med'}),0.09564497340388205,0.33332304108012517,0.041534855651148755,0.4342607266537536,1.3028224068955518,1.0,0.009654182252139099,1.178417321068414,0.25701817228373763,0.10720521644629596,0.15140419092503796,0.27943457055563015,apriori,"{'income_high', 'cluster_2_ambisius'} -> {'burden_med'}"
"frozenset({'burden_med', 'income_very_high'})",frozenset({'cluster_2_ambisius'}),0.14654952211197037,0.35070104279238185,0.0642517298002835,0.43843015572027805,1.2501535559443222,1.0,0.012856659574890274,1.1562211963863889,0.23445796670985555,0.14838776595055037,0.13511358974791046,0.3108197809552494,apriori,"{'burden_med', 'income_very_high'} -> {'cluster_2_ambisius'}"
"frozenset({'burden_med', 'cluster_2_ambisius'})",frozenset({'income_very_high'}),0.13945348135464766,0.23744228151183844,0.0642517298002835,0.4607395181256415,1.940427438584353,1.0,0.031139577022667335,1.414080475242072,0.5631881818023744,0.2055108142322299,0.2928266689851487,0.36566943987615563,apriori,"{'burden_med', 'cluster_2_ambisius'} -> {'income_very_high'}"
"frozenset({'income_very_high', 'cluster_2_ambisius'})",frozenset({'burden_med'}),0.10341188193849911,0.33332304108012517,0.0642517298002835,0.6213186395591868,1.8640134733735145,1.0,0.02978216682872411,1.760522245256047,0.5169856500787404,0.17249564804557682,0.43198672854340325,0.40703989039973015,apriori,"{'income_very_high', 'cluster_2_ambisius'} -> {'burden_med'}"
"frozenset({'risk_score_high', 'burden_med'})",frozenset({'cluster_2_ambisius'}),0.11511417383615669,0.35070104279238185,0.061548609844072365,0.5346744696415509,1.524587624217824,1.0,0.0211779490395487,1.3953649968602644,0.3888466948898521,0.15224757328741442,0.2833416330134997,0.3550880572221073,apriori,"{'risk_score_high', 'burden_med'} -> {'cluster_2_ambisius'}"
"frozenset({'risk_score_high', 'cluster_2_ambisius'})",frozenset({'burden_med'}),0.15120910583711106,0.33332304108012517,0.061548609844072365,0.4070430117507286,1.2211667409241067,1.0,0.011147130847439998,1.1243260002521678,0.21337529715031586,0.14551065100537527,0.1105782488569003,0.2958472713619409,apriori,"{'risk_score_high', 'cluster_2_ambisius'} -> {'burden_med'}"
"frozenset({'burden_med', 'cluster_2_ambisius'})",frozenset({'risk_score_high'}),0.13945348135464766,0.3333342689927159,0.061548609844072365,0.44135585032507396,1.3240638343569726,1.0,0.015063985578231548,1.1933638460104086,0.28441159045718983,0.1496662252740502,0.16203259940951997,0.31300058078096865,apriori,"{'burden_med', 'cluster_2_ambisius'} -> {'risk_score_high'}"
"frozenset({'burden_med', 'risk_score_med'})",frozenset({'cluster_2_ambisius'}),0.11059213204025206,0.35070104279238185,0.046705309399166325,0.42232036346100155,1.204217586860781,1.0,0.007920533368017145,1.123977575352502,0.19067212534253078,0.11265479116310877,0.11030253456224,0.27774867691615135,apriori,"{'burden_med', 'risk_score_med'} -> {'cluster_2_ambisius'}"
"frozenset({'credit_large', 'emp_mid'})",frozenset({'burden_med'}),0.10142173443179744,0.33332304108012517,0.04630110454590111,0.4565205358131297,1.369603896369678,1.0,0.01249490359347355,1.2266828884092744,0.300320963227971,0.11919644470137661,0.18479338918897767,0.2977140692337451,apriori,"{'credit_large', 'emp_mid'} -> {'burden_med'}"
"frozenset({'emp_mid', 'burden_med'})",frozenset({'credit_large'}),0.11477172250214032,0.3220389889264712,0.04630110454590111,0.4034190960673058,1.252702653837407,1.0,0.009340135073962322,1.1364108482259028,0.22788016586377147,0.1185658527468894,0.12003655934722839,0.27359696871561373,apriori,"{'emp_mid', 'burden_med'} -> {'credit_large'}"
"frozenset({'credit_large', 'emp_new'})",frozenset({'burden_med'}),0.09279308360584412,0.33332304108012517,0.0395222523192657,0.4259180833686249,1.27779370423493,1.0,0.00859217950056343,1.1612923863406694,0.2396377881123449,0.10223196782016471,0.13889041918970588,0.272244250698359,apriori,"{'credit_large', 'emp_new'} -> {'burden_med'}"
"frozenset({'emp_new', 'burden_med'})",frozenset({'credit_large'}),0.09782599542462563,0.3220389889264712,0.0395222523192657,0.4040056239419242,1.2545239484470243,1.0,0.008018467661993663,1.1375292088451954,0.22488442929657493,0.1039122059941402,0.12090169445830157,0.263365338991393,apriori,"{'emp_new', 'burden_med'} -> {'credit_large'}"
"frozenset({'credit_large', 'burden_med'})",frozenset({'emp_senior'}),0.14462393510266522,0.3331995340416275,0.05880057823749842,0.40657570405449994,1.2202169046362032,1.0,0.010611950450023798,1.1236487459549707,0.21098740124238455,0.14032784249626537,0.11004216967276868,0.29152413724089066,apriori,"{'credit_large', 'burden_med'} -> {'emp_senior'}"
"frozenset({'credit_large', 'emp_senior'})",frozenset({'burden_med'}),0.12782417088882964,0.33332304108012517,0.05880057823749842,0.46001141903465237,1.380076869405717,1.0,0.016193836873288125,1.2346130685357162,0.3157650917478048,0.14614407902998508,0.19002963318213814,0.3182093003146449,apriori,"{'credit_large', 'emp_senior'} -> {'burden_med'}"
"frozenset({'burden_med', 'emp_senior'})",frozenset({'credit_large'}),0.12072532315335925,0.3220389889264712,0.05880057823749842,0.487060847729545,1.512428198067508,1.0,0.019922317231369106,1.32171819614983,0.3853307685973389,0.15314096893756077,0.2434090694120701,0.33482461534374885,apriori,"{'burden_med', 'emp_senior'} -> {'credit_large'}"
"frozenset({'credit_large', 'income_high'})",frozenset({'burden_med'}),0.09600988056307981,0.33332304108012517,0.04155450449818248,0.4328148754531634,1.298484719360046,1.0,0.009552199135157119,1.1754133352007938,0.2542854880247658,0.10716043663317602,0.14923544760603571,0.2787411191359528,apriori,"{'credit_large', 'income_high'} -> {'burden_med'}"
"frozenset({'burden_med', 'income_high'})",frozenset({'credit_large'}),0.10725744200081402,0.3220389889264712,0.04155450449818248,0.3874277040642747,1.2030459583660325,1.0,0.007013426321400708,1.1067444864412614,0.18905400944576076,0.10717052159119703,0.09644907903223315,0.25823166808401654,apriori,"{'burden_med', 'income_high'} -> {'credit_large'}"
"frozenset({'credit_large', 'burden_med'})",frozenset({'income_very_high'}),0.14462393510266522,0.23744228151183844,0.08249147380387643,0.57038604118549,2.402209233981992,1.0,0.048151636691879544,1.7749835703485677,0.6824092374310757,0.2753619114546732,0.4366145035338992,0.45890149677196235,apriori,"{'credit_large', 'burden_med'} -> {'income_very_high'}"
"frozenset({'credit_large', 'income_very_high'})",frozenset({'burden_med'}),0.12748171955481327,0.33332304108012517,0.08249147380387643,0.6470847278492161,1.9413141250372428,1.0,0.03999887935974241,1.8890566986713897,0.5557304918558135,0.21805069151777765,0.47063526430767294,0.4472833953525058,apriori,"{'credit_large', 'income_very_high'} -> {'burden_med'}"
"frozenset({'burden_med', 'income_very_high'})",frozenset({'credit_large'}),0.14654952211197037,0.3220389889264712,0.08249147380387643,0.5628914554961788,1.747898468358127,1.0,0.03529681387527996,1.5510129454072066,0.5013581926486715,0.21365477030003852,0.3552600557196139,0.4095225703671536,apriori,"{'burden_med', 'income_very_high'} -> {'credit_large'}"
"frozenset({'risk_score_high', 'burden_med'})",frozenset({'credit_large'}),0.11511417383615669,0.3220389889264712,0.057239898387391054,0.49724457449402587,1.5440508497173244,1.0,0.020168646234089108,1.348490690858736,0.3981902808803189,0.15066570123978545,0.2584301791781837,0.33749335621012566,apriori,"{'risk_score_high', 'burden_med'} -> {'credit_large'}"
"frozenset({'risk_score_high', 'credit_large'})",frozenset({'burden_med'}),0.13004168362549298,0.33332304108012517,0.057239898387391054,0.4401657744776377,1.3205380973703207,1.0,0.01389400893416222,1.1908470910256002,0.27901674989530406,0.14094163832904813,0.16026162591641857,0.3059453859756397,apriori,"{'risk_score_high', 'credit_large'} -> {'burden_med'}"
"frozenset({'credit_large', 'risk_score_low'})",frozenset({'burden_med'}),0.08428793981838852,0.33332304108012517,0.03872226354717829,0.45940455574796857,1.3782562233300144,1.0,0.010627151120534455,1.233227112822399,0.29970720661487965,0.10219956882820547,0.18911935230537436,0.28778746667716415,apriori,"{'credit_large', 'risk_score_low'} -> {'burden_med'}"
"frozenset({'credit_large', 'risk_score_med'})",frozenset({'burden_med'}),0.10770936548258972,0.33332304108012517,0.04866177316809589,0.45178776190972586,1.3554051362477633,1.0,0.01275975991262842,1.2160928060312532,0.2938652533898693,0.12401991644251131,0.17769433793172154,0.2988887945534078,apriori,"{'credit_large', 'risk_score_med'} -> {'burden_med'}"
"frozenset({'burden_med', 'risk_score_med'})",frozenset({'credit_large'}),0.11059213204025206,0.3220389889264712,0.04866177316809589,0.440011167796137,1.3663288698766891,1.0,0.013046794782630315,1.2106688063856215,0.30144975433472365,0.1267334839280362,0.17401027041785305,0.29555819529197414,apriori,"{'burden_med', 'risk_score_med'} -> {'credit_large'}"
"frozenset({'emp_mid', 'burden_med'})",frozenset({'credit_med'}),0.11477172250214032,0.3439278045220418,0.05307714979438885,0.4624584230091958,1.3446380808084901,1.0,0.01360396325301471,1.2205050242823947,0.2895360052900116,0.13085360368153348,0.18066703528077838,0.3083924258427792,apriori,"{'emp_mid', 'burden_med'} -> {'credit_med'}"
"frozenset({'emp_mid', 'credit_med'})",frozenset({'burden_med'}),0.11830009403376794,0.33332304108012517,0.05307714979438885,0.448665322102266,1.3460375275839829,1.0,0.013645002690988547,1.209205561786802,0.2915716118336637,0.1331769776876268,0.17301075052753298,0.30395084409421586,apriori,"{'emp_mid', 'credit_med'} -> {'burden_med'}"
"frozenset({'emp_new', 'burden_med'})",frozenset({'credit_med'}),0.09782599542462563,0.3439278045220418,0.04282606559907931,0.4377779690683194,1.2728775147351103,1.0,0.009180985767504514,1.166927226936936,0.23762428721548598,0.10735294117647058,0.14304853214806088,0.28114923950045256,apriori,"{'emp_new', 'burden_med'} -> {'credit_med'}"
"frozenset({'emp_senior', 'credit_med'})",frozenset({'burden_med'}),0.11223140727849433,0.33332304108012517,0.04913053851875763,0.4377610484455894,1.3133236965168547,1.0,0.011721224539987807,1.1857537743991706,0.2687334233874921,0.12393434729657009,0.15665459255509712,0.2925786075589351,apriori,"{'emp_senior', 'credit_med'} -> {'burden_med'}"
"frozenset({'burden_med', 'income_high'})",frozenset({'credit_med'}),0.10725744200081402,0.3439278045220418,0.05142664664355588,0.47946926277773416,1.3940985767174452,1.0,0.01453783009756568,1.260390882926509,0.3166541207504541,0.128644253454668,0.20659533994875123,0.31449835500671147,apriori,"{'burden_med', 'income_high'} -> {'credit_med'}"
"frozenset({'burden_med', 'credit_med'})",frozenset({'income_high'}),0.14503375391222578,0.2616272052322073,0.05142664664355588,0.3545839865296406,1.3553024281818458,1.0,0.01348187094316454,1.1440261464812607,0.3066288328442354,0.1447682412250897,0.12589410384041422,0.27557429268760425,apriori,"{'burden_med', 'credit_med'} -> {'income_high'}"
"frozenset({'income_high', 'credit_med'})",frozenset({'burden_med'}),0.09827230495010596,0.33332304108012517,0.05142664664355588,0.5233076263924593,1.5699713548055176,1.0,0.018670223103633123,1.3985475661684235,0.4026112377180967,0.1352732266662729,0.2849724784551428,0.33879616506741905,apriori,"{'income_high', 'credit_med'} -> {'burden_med'}"
"frozenset({'burden_med', 'credit_med'})",frozenset({'income_very_high'}),0.14503375391222578,0.23744228151183844,0.05409608286199492,0.37298960692097777,1.5708643150920076,1.0,0.019658937436849502,1.2161803486916942,0.425055120856165,0.1647362527460316,0.17775352884483805,0.30040897771276454,apriori,"{'burden_med', 'credit_med'} -> {'income_very_high'}"
"frozenset({'income_very_high', 'credit_med'})",frozenset({'burden_med'}),0.07553858893208516,0.33332304108012517,0.05409608286199492,0.7161383820742447,2.1484814843690847,1.0,0.028917330680250805,2.3485984607268953,0.5782339609563067,0.1524840371240713,0.5742141465550912,0.4392158208750986,apriori,"{'income_very_high', 'credit_med'} -> {'burden_med'}"
"frozenset({'risk_score_high', 'credit_med'})",frozenset({'burden_med'}),0.10591009248992997,0.33332304108012517,0.04351096826711204,0.4108292915639659,1.2325259310988033,1.0,0.008208694157291252,1.1315514321640037,0.21100567428323713,0.10995332605087318,0.11625758089707117,0.2706831134614386,apriori,"{'risk_score_high', 'credit_med'} -> {'burden_med'}"
"frozenset({'burden_med', 'risk_score_low'})",frozenset({'credit_med'}),0.10761673520371644,0.3439278045220418,0.05404836423348444,0.5022301051148961,1.4602777051214215,1.0,0.017035976765040317,1.3180230508504214,0.35321006224289897,0.1359720358731728,0.24128792788959563,0.3296902121154194,apriori,"{'burden_med', 'risk_score_low'} -> {'credit_med'}"
"frozenset({'risk_score_low', 'credit_med'})",frozenset({'burden_med'}),0.12374282466211001,0.33332304108012517,0.05404836423348444,0.43677978404863443,1.3103798124283885,1.0,0.01280202960526522,1.1836879075687208,0.27031160132731286,0.1341092236221679,0.15518271868301256,0.29946494170936455,apriori,"{'risk_score_low', 'credit_med'} -> {'burden_med'}"
"frozenset({'burden_med', 'risk_score_med'})",frozenset({'credit_med'}),0.11059213204025206,0.3439278045220418,0.04747442141162931,0.4292748546917435,1.2481539702447404,1.0,0.009438712241613662,1.1495414226468061,0.22353837955727354,0.11663172702948722,0.1300878939207675,0.2836554316878073,apriori,"{'burden_med', 'risk_score_med'} -> {'credit_med'}"
"frozenset({'risk_score_med', 'credit_med'})",frozenset({'burden_med'}),0.11427488737000183,0.33332304108012517,0.04747442141162931,0.4154405443246297,1.2463601165356128,1.0,0.009383968434371517,1.1404775894859662,0.2231659333050067,0.11864941843334784,0.12317435325430809,0.2789341031320996,apriori,"{'risk_score_med', 'credit_med'} -> {'burden_med'}"
"frozenset({'emp_mid', 'income_high'})",frozenset({'burden_med'}),0.09227379264852423,0.33332304108012517,0.03820577956800606,0.4140480029203297,1.2421823633272313,1.0,0.007448798390403067,1.13776719294845,0.21478417491302196,0.0986232881675241,0.12108557339523497,0.2643344403728202,apriori,"{'emp_mid', 'income_high'} -> {'burden_med'}"
"frozenset({'emp_mid', 'burden_med'})",frozenset({'income_very_high'}),0.11477172250214032,0.23744228151183844,0.05244557971116195,0.4569555859909998,1.9244912198513255,1.0,0.025193920067210142,1.4042271659855856,0.5426647080945217,0.17495364908140906,0.28786451065548974,0.33891637911679084,apriori,"{'emp_mid', 'burden_med'} -> {'income_very_high'}"
"frozenset({'emp_mid', 'income_very_high'})",frozenset({'burden_med'}),0.08425425608061642,0.33332304108012517,0.05244557971116195,0.6224680170575693,1.8674617123391077,1.0,0.024361694850427256,1.7658820683850127,0.5072519203340207,0.14363468634686347,0.43371076817459836,0.3899048071948674,apriori,"{'emp_mid', 'income_very_high'} -> {'burden_med'}"
"frozenset({'burden_med', 'risk_score_low'})",frozenset({'emp_mid'}),0.10761673520371644,0.33341005740270313,0.04405832900590869,0.4094003495135502,1.2279184158474967,1.0,0.00817782714414609,1.1286663343743217,0.2079976784637551,0.1109869751523808,0.11399855781615752,0.2707724602617886,apriori,"{'burden_med', 'risk_score_low'} -> {'emp_mid'}"
"frozenset({'emp_new', 'income_high'})",frozenset({'burden_med'}),0.0770796199351588,0.33332304108012517,0.031199562111408962,0.4047705753823744,1.21434922131613,1.0,0.005507148789321591,1.1200336061143936,0.1912555625680346,0.08227665386067376,0.10716964692766018,0.24918607591498887,apriori,"{'emp_new', 'income_high'} -> {'burden_med'}"
"frozenset({'emp_new', 'burden_med'})",frozenset({'income_very_high'}),0.09782599542462563,0.23744228151183844,0.034677408036378435,0.3544805027115434,1.4929123004315037,1.0,0.011449380491588657,1.1813085765671387,0.36596963302867574,0.11536414317330768,0.15348113114866066,0.2502630672914615,apriori,"{'emp_new', 'burden_med'} -> {'income_very_high'}"
"frozenset({'emp_new', 'income_very_high'})",frozenset({'burden_med'}),0.058154973263533145,0.33332304108012517,0.034677408036378435,0.5962930784824789,1.788934471947111,1.0,0.015293015494244194,1.6513884785870354,0.46823842574312846,0.09718987979105041,0.39444896645057,0.35016425743438795,apriori,"{'emp_new', 'income_very_high'} -> {'burden_med'}"
"frozenset({'emp_senior', 'income_high'})",frozenset({'burden_med'}),0.09227379264852423,0.33332304108012517,0.037852100321399,0.4102150701183342,1.2306832098646474,1.0,0.007095119143796003,1.1303729972443288,0.2064975179463774,0.09762118491921006,0.11533626295227994,0.26188743872070247,apriori,"{'emp_senior', 'income_high'} -> {'burden_med'}"
"frozenset({'burden_med', 'income_very_high'})",frozenset({'emp_senior'}),0.14654952211197037,0.3331995340416275,0.059426534364429975,0.4055047980233293,1.2170028964466333,1.0,0.010596301882698264,1.1216246384180897,0.2089274929238755,0.14138317906799694,0.10843613295587545,0.29192799545323356,apriori,"{'burden_med', 'income_very_high'} -> {'emp_senior'}"
"frozenset({'burden_med', 'emp_senior'})",frozenset({'income_very_high'}),0.12072532315335925,0.23744228151183844,0.059426534364429975,0.49224580901671744,2.073117752586011,1.0,0.03076123819864238,1.5018245679300917,0.5887065166161549,0.1989232156951178,0.334143267227102,0.37126180981631474,apriori,"{'burden_med', 'emp_senior'} -> {'income_very_high'}"
"frozenset({'income_very_high', 'emp_senior'})",frozenset({'burden_med'}),0.09503305216768887,0.33332304108012517,0.059426534364429975,0.6253249054820417,1.8760326422550677,1.0,0.02774982841276974,1.7793468759315167,0.5159970045950693,0.16107826801488212,0.4379960346537355,0.4018050067208774,apriori,"{'income_very_high', 'emp_senior'} -> {'burden_med'}"
"frozenset({'risk_score_high', 'burden_med'})",frozenset({'emp_senior'}),0.11511417383615669,0.3331995340416275,0.048737561578083115,0.42338454035601075,1.270663662762254,1.0,0.010381572494288803,1.1564040727767946,0.24071996151833516,0.12197315087354497,0.13525036486704164,0.2848279690592562,apriori,"{'risk_score_high', 'burden_med'} -> {'emp_senior'}"
"frozenset({'burden_med', 'emp_senior'})",frozenset({'risk_score_high'}),0.12072532315335925,0.3333342689927159,0.048737561578083115,0.4037062010276919,1.211115203509165,1.0,0.00849567423584871,1.118015535556901,0.1982483076366693,0.1202440477014917,0.1055580462020285,0.27495923767364117,apriori,"{'burden_med', 'emp_senior'} -> {'risk_score_high'}"
"frozenset({'risk_score_low', 'income_high'})",frozenset({'burden_med'}),0.08761982287967889,0.33332304108012517,0.036796676537873156,0.4199583533557585,1.2599139621278317,1.0,0.007590970716716661,1.14936050329636,0.22610641282063967,0.09578821225539627,0.12995096218113883,0.26517589578051676,apriori,"{'risk_score_low', 'income_high'} -> {'burden_med'}"
"frozenset({'risk_score_med', 'income_high'})",frozenset({'burden_med'}),0.08648861068616581,0.33332304108012517,0.03567669225695078,0.41250162274438534,1.2375430795533484,1.0,0.006848045524242983,1.1347724261539713,0.21012033774368438,0.09287541103397882,0.11876603894117228,0.2597675021796168,apriori,"{'risk_score_med', 'income_high'} -> {'burden_med'}"
"frozenset({'risk_score_high', 'burden_med'})",frozenset({'income_very_high'}),0.11511417383615669,0.23744228151183844,0.055190804339588215,0.47944403803950253,2.019202456221338,1.0,0.02785783226958079,1.4648909516207376,0.5704181778820298,0.18559912401593384,0.31735533017415923,0.3559414302976801,apriori,"{'risk_score_high', 'burden_med'} -> {'income_very_high'}"
"frozenset({'risk_score_high', 'income_very_high'})",frozenset({'burden_med'}),0.09159169695863918,0.33332304108012517,0.055190804339588215,0.6025743181121667,1.8077787726871184,1.0,0.02466118137164535,1.6774883690280316,0.4918878085610511,0.14927571441586446,0.40387068043910257,0.3840759218141929,apriori,"{'risk_score_high', 'income_very_high'} -> {'burden_med'}"
"frozenset({'burden_med', 'risk_score_low'})",frozenset({'income_very_high'}),0.10761673520371644,0.23744228151183844,0.043289216993445706,0.4022535799055792,1.6941109954990201,1.0,0.017736453857819894,1.275721096527365,0.4591299733953894,0.14345112411284847,0.21612960487829538,0.29228413715695084,apriori,"{'burden_med', 'risk_score_low'} -> {'income_very_high'}"
"frozenset({'risk_score_low', 'income_very_high'})",frozenset({'burden_med'}),0.06858851103844156,0.33332304108012517,0.043289216993445706,0.6311438510333538,1.8934900179361966,1.0,0.020427085910954632,1.8074172296912396,0.5066232240214174,0.12070976276015374,0.4467243182301467,0.38050775601487474,apriori,"{'risk_score_low', 'income_very_high'} -> {'burden_med'}"
"frozenset({'burden_med', 'risk_score_med'})",frozenset({'income_very_high'}),0.11059213204025206,0.23744228151183844,0.04806950077893644,0.4346557019213686,1.8305741469204062,1.0,0.0218102526300405,1.348837727876227,0.5101408685222826,0.16025041173828417,0.25862097468572387,0.318551399843531,apriori,"{'burden_med', 'risk_score_med'} -> {'income_very_high'}"
"frozenset({'income_very_high', 'risk_score_med'})",frozenset({'burden_med'}),0.07726207351475768,0.33332304108012517,0.04806950077893644,0.6221616712079928,1.8665426464126005,1.0,0.02231627147484121,1.7644503167566885,0.5031223991645797,0.1325998079722489,0.43325125649434953,0.3831873131867768,apriori,"{'income_very_high', 'risk_score_med'} -> {'burden_med'}"
"frozenset({'cluster_0_minimal', 'credit_med'})",frozenset({'emp_mid'}),0.10760550729112574,0.33341005740270313,0.04506603416092406,0.4188078779183514,1.2561345065020102,1.0,0.009189275798142833,1.1469356126331856,0.22849413824552828,0.1138176224133164,0.12811147462397157,0.27698743435819406,apriori,"{'cluster_0_minimal', 'credit_med'} -> {'emp_mid'}"
"frozenset({'cluster_0_minimal', 'income_high'})",frozenset({'credit_med'}),0.07961712818065711,0.3439278045220418,0.03453986610714235,0.4338245663517134,1.2613826525441918,1.0,0.0071573220096189695,1.1587789870189182,0.2251445191228409,0.08879027311758125,0.1370226667877313,0.2671261153420908,apriori,"{'cluster_0_minimal', 'income_high'} -> {'credit_med'}"
"frozenset({'cluster_0_minimal', 'credit_med'})",frozenset({'risk_score_low'}),0.10760550729112574,0.3333342689927159,0.05116559767582209,0.475492369896961,1.4264731056120472,1.0,0.015296994563344338,1.2710315212694203,0.33502034330786723,0.13126984927156324,0.21323745063279972,0.31449436603174646,apriori,"{'cluster_0_minimal', 'credit_med'} -> {'risk_score_low'}"
"frozenset({'emp_mid', 'credit_small'})",frozenset({'cluster_0_minimal'}),0.11368822893713773,0.3540722235477397,0.08607317792030988,0.7570984148930916,2.138259836671463,1.0,0.04581933390933304,2.6592159790475134,0.6006125688558858,0.22550706731971346,0.6239493114214125,0.5000966943658418,apriori,"{'emp_mid', 'credit_small'} -> {'cluster_0_minimal'}"
"frozenset({'emp_mid', 'cluster_0_minimal'})",frozenset({'credit_small'}),0.1315518378689422,0.334033206551487,0.08607317792030988,0.654290957197115,1.9587602201347738,1.0,0.04213049568920579,1.9263794433871124,0.5636179688943096,0.22679970119006232,0.4808914705600674,0.4559847320502092,apriori,"{'emp_mid', 'cluster_0_minimal'} -> {'credit_small'}"
"frozenset({'emp_new', 'credit_small'})",frozenset({'cluster_0_minimal'}),0.12720102174004574,0.3540722235477397,0.09412920520413749,0.740003530761762,2.08997905384122,1.0,0.049090856599095116,2.484371339136873,0.5975331298094613,0.24313742550137032,0.5974836835996414,0.5029255009128296,apriori,"{'emp_new', 'credit_small'} -> {'cluster_0_minimal'}"
"frozenset({'emp_new', 'cluster_0_minimal'})",frozenset({'credit_small'}),0.1285848619668496,0.334033206551487,0.09412920520413749,0.7320395555458534,2.1915173138123882,1.0,0.05117759144737038,2.4853175430617456,0.6239220742870254,0.2554465401139584,0.5976369286123228,0.5069177534201902,apriori,"{'emp_new', 'cluster_0_minimal'} -> {'credit_small'}"
"frozenset({'credit_small', 'emp_senior'})",frozenset({'cluster_0_minimal'}),0.09314395587430352,0.3540722235477397,0.06555136068265709,0.7037639755296387,1.9876283106255859,1.0,0.03257167311620989,2.1804497869801986,0.5479235976332768,0.17175112157093475,0.5413790283219756,0.4444497695945323,apriori,"{'credit_small', 'emp_senior'} -> {'cluster_0_minimal'}"
"frozenset({'cluster_0_minimal', 'emp_senior'})",frozenset({'credit_small'}),0.0939355237119479,0.334033206551487,0.06555136068265709,0.6978335574480802,2.0891143268431844,1.0,0.03417377648806189,2.203973372503411,0.5753765529975269,0.18087256898995455,0.546274010169126,0.4470378029171141,apriori,"{'cluster_0_minimal', 'emp_senior'} -> {'credit_small'}"
"frozenset({'credit_small', 'income_high'})",frozenset({'cluster_0_minimal'}),0.06734501971902149,0.3540722235477397,0.044894808493915875,0.6666388796265422,1.8827765503516234,1.0,0.02104980761713556,1.937621807032087,0.5027255917525715,0.11923541427485125,0.4839034137772583,0.3967172517682418,apriori,"{'credit_small', 'income_high'} -> {'cluster_0_minimal'}"
"frozenset({'cluster_0_minimal', 'income_high'})",frozenset({'credit_small'}),0.07961712818065711,0.334033206551487,0.044894808493915875,0.5638837963615851,1.6881070064352108,1.0,0.018300043871310224,1.5270397841045775,0.44288143907343364,0.12174680865640058,0.34513821420417157,0.34914301413780136,apriori,"{'cluster_0_minimal', 'income_high'} -> {'credit_small'}"
"frozenset({'income_low', 'credit_small'})",frozenset({'cluster_0_minimal'}),0.16854219589900493,0.3540722235477397,0.13329777827679612,0.7908866830990607,2.2336874527307424,1.0,0.07362166821321671,3.0888887710496595,0.664266772672183,0.34238910999596245,0.6762589804552327,0.5836786356671775,apriori,"{'income_low', 'credit_small'} -> {'cluster_0_minimal'}"
"frozenset({'income_low', 'cluster_0_minimal'})",frozenset({'credit_small'}),0.15868128166622222,0.334033206551487,0.13329777827679612,0.8400346712423272,2.5148238401646648,1.0,0.08029296094212823,4.163194603609188,0.7159686578234412,0.37087251257380277,0.7597998423775164,0.6195450706822135,apriori,"{'income_low', 'cluster_0_minimal'} -> {'credit_small'}"
"frozenset({'credit_small', 'cluster_0_minimal'})",frozenset({'income_low'}),0.24575374380710446,0.320088139113837,0.13329777827679612,0.5424038560381949,1.6945453134872108,1.0,0.05463491974132141,1.485833894926602,0.5434182697574543,0.3081715294361956,0.3269772594268362,0.4794223554392302,apriori,"{'credit_small', 'cluster_0_minimal'} -> {'income_low'}"
frozenset({'income_low'}),"frozenset({'credit_small', 'cluster_0_minimal'})",0.320088139113837,0.24575374380710446,0.13329777827679612,0.41644085484026555,1.6945453134872108,1.0,0.05463491974132141,1.292493250168224,0.6028298947119048,0.3081715294361956,0.22630156879361232,0.4794223554392302,apriori,"{'income_low'} -> {'credit_small', 'cluster_0_minimal'}"
frozenset({'credit_small'}),"frozenset({'income_low', 'cluster_0_minimal'})",0.334033206551487,0.15868128166622222,0.13329777827679612,0.39905547012209985,2.514823840164665,1.0,0.08029296094212823,1.3999939703331967,0.9044862889454892,0.37087251257380277,0.2857112093404221,0.6195450706822135,apriori,"{'credit_small'} -> {'income_low', 'cluster_0_minimal'}"
frozenset({'cluster_0_minimal'}),"frozenset({'income_low', 'credit_small'})",0.3540722235477397,0.16854219589900493,0.13329777827679612,0.3764705882352941,2.2336874527307424,1.0,0.07362166821321671,1.333470063180841,0.8550643156682528,0.34238910999596245,0.25007690265305715,0.5836786356671775,apriori,"{'cluster_0_minimal'} -> {'income_low', 'credit_small'}"
"frozenset({'credit_small', 'income_med'})",frozenset({'cluster_0_minimal'}),0.06372401790852059,0.3540722235477397,0.04589689969263589,0.7202449123425249,2.034175132761901,1.0,0.02333399497837002,2.3089044844936564,0.5430025475360839,0.12341215629740887,0.5668941670320761,0.4249353624658557,apriori,"{'credit_small', 'income_med'} -> {'cluster_0_minimal'}"
"frozenset({'cluster_0_minimal', 'income_med'})",frozenset({'credit_small'}),0.06898148797911609,0.334033206551487,0.04589689969263589,0.665350966429298,1.9918707283574892,1.0,0.02285479207027889,1.9900454704519945,0.534854443079568,0.12852033798388682,0.49749891907099386,0.4013765865667217,apriori,"{'cluster_0_minimal', 'income_med'} -> {'credit_small'}"
"frozenset({'risk_score_high', 'credit_small'})",frozenset({'cluster_0_minimal'}),0.09738249287729295,0.3540722235477397,0.0729280992547473,0.748883059983282,2.1150573532134462,1.0,0.038447663467062264,2.5722190482619687,0.5840786137733507,0.1926630676593599,0.6112306217949465,0.47742630880882825,apriori,"{'risk_score_high', 'credit_small'} -> {'cluster_0_minimal'}"
"frozenset({'risk_score_high', 'cluster_0_minimal'})",frozenset({'credit_small'}),0.09446042862556316,0.334033206551487,0.0729280992547473,0.7720492095566385,2.3112947887042985,1.0,0.04137517938872257,2.92153754831565,0.6265237832912949,0.20510452191486675,0.6577144796319567,0.4951875529888385,apriori,"{'risk_score_high', 'cluster_0_minimal'} -> {'credit_small'}"
"frozenset({'risk_score_low', 'credit_small'})",frozenset({'cluster_0_minimal'}),0.12530350451221736,0.3540722235477397,0.09038750333328655,0.7213485663082437,2.0372921633910206,1.0,0.04602101287232151,2.318049356124198,0.5820903448919814,0.23236565424775754,0.5686028007306928,0.4883142070482078,apriori,"{'risk_score_low', 'credit_small'} -> {'cluster_0_minimal'}"
"frozenset({'risk_score_low', 'cluster_0_minimal'})",frozenset({'credit_small'}),0.1422127408738123,0.334033206551487,0.09038750333328655,0.6355795041844307,1.9027434749558771,1.0,0.042883725486731306,1.827467996711014,0.5531011041287747,0.2342504219286504,0.4527947948747939,0.45308693446883397,apriori,"{'risk_score_low', 'cluster_0_minimal'} -> {'credit_small'}"
"frozenset({'risk_score_med', 'credit_small'})",frozenset({'cluster_0_minimal'}),0.11134720916197667,0.3540722235477397,0.08243814121907062,0.7403700715942322,2.0910142687157376,1.0,0.04301318728525428,2.4878787296153284,0.587139535584206,0.21525370312007566,0.5980511477122447,0.48659933736680056,apriori,"{'risk_score_med', 'credit_small'} -> {'cluster_0_minimal'}"
"frozenset({'risk_score_med', 'cluster_0_minimal'})",frozenset({'credit_small'}),0.11739905404836423,0.334033206551487,0.08243814121907062,0.7022044758990054,2.1021996080822865,1.0,0.04322295874918418,2.2363223740819436,0.5940485127151229,0.2234131572541383,0.5528372780286114,0.4745003606543539,apriori,"{'risk_score_med', 'cluster_0_minimal'} -> {'credit_small'}"
"frozenset({'cluster_0_minimal', 'income_high'})",frozenset({'emp_mid'}),0.07961712818065711,0.33341005740270313,0.03283603037150356,0.4124241996897476,1.2369878788377662,1.0,0.006290879094552299,1.1344748069020598,0.20815754724115118,0.08636716010188637,0.11853485514524004,0.25545481109854656,apriori,"{'cluster_0_minimal', 'income_high'} -> {'emp_mid'}"
"frozenset({'emp_mid', 'income_low'})",frozenset({'cluster_0_minimal'}),0.09600145962863679,0.3540722235477397,0.052212600524904916,0.543872986169995,1.5360509805612141,1.0,0.01822115025036492,1.4161138386181893,0.3860403810512912,0.1312332439678284,0.29384208195029254,0.3456680611839352,apriori,"{'emp_mid', 'income_low'} -> {'cluster_0_minimal'}"
"frozenset({'emp_mid', 'cluster_0_minimal'})",frozenset({'income_low'}),0.1315518378689422,0.320088139113837,0.052212600524904916,0.3968975376605641,1.239963276238144,1.0,0.01010441754443002,1.1273571297467153,0.2228394405192617,0.13071863272849935,0.11296964057461452,0.2800084927698434,apriori,"{'emp_mid', 'cluster_0_minimal'} -> {'income_low'}"
"frozenset({'emp_mid', 'risk_score_low'})",frozenset({'cluster_0_minimal'}),0.13399110187927188,0.3540722235477397,0.06258157780241681,0.46705771446527705,1.3191029496339564,1.0,0.015139050424411292,1.2120032393454654,0.2793378414106868,0.14708404802744424,0.17491969696381057,0.32190288608946427,apriori,"{'emp_mid', 'risk_score_low'} -> {'cluster_0_minimal'}"
"frozenset({'emp_mid', 'cluster_0_minimal'})",frozenset({'risk_score_low'}),0.1315518378689422,0.3333342689927159,0.06258157780241681,0.4757180045235352,1.4271500075917207,1.0,0.01873084209172468,1.2715785336122818,0.3446409619719476,0.15555772625468348,0.2135759030476753,0.3317311054684504,apriori,"{'emp_mid', 'cluster_0_minimal'} -> {'risk_score_low'}"
"frozenset({'risk_score_low', 'cluster_0_minimal'})",frozenset({'emp_mid'}),0.1422127408738123,0.33341005740270313,0.06258157780241681,0.4400560555818727,1.319864370649021,1.0,0.015166419704283306,1.1904583472011507,0.28252505654562116,0.15151412183651833,0.15998740959642263,0.31387879265677965,apriori,"{'risk_score_low', 'cluster_0_minimal'} -> {'emp_mid'}"
"frozenset({'emp_new', 'income_low'})",frozenset({'cluster_0_minimal'}),0.13650054034329343,0.3540722235477397,0.0690011368261498,0.5055008328363734,1.4276771777558441,1.0,0.02067008699133195,1.3062262170373422,0.3469157267983227,0.16367595064819193,0.23443582209817782,0.35018976951791714,apriori,"{'emp_new', 'income_low'} -> {'cluster_0_minimal'}"
"frozenset({'emp_new', 'cluster_0_minimal'})",frozenset({'income_low'}),0.1285848619668496,0.320088139113837,0.0690011368261498,0.5366194415944464,1.6764739958190131,1.0,0.027842647640971323,1.4672861184027057,0.4630513824472718,0.18173887328108826,0.3184696648744933,0.3760943094689235,apriori,"{'emp_new', 'cluster_0_minimal'} -> {'income_low'}"
"frozenset({'income_low', 'cluster_0_minimal'})",frozenset({'emp_new'}),0.15868128166622222,0.33339040855566937,0.0690011368261498,0.43484106065698463,1.3042998523587552,1.0,0.01609831950131073,1.179508179096042,0.27730885967554014,0.1630960516450926,0.15218900748413178,0.3209045164531682,apriori,"{'income_low', 'cluster_0_minimal'} -> {'emp_new'}"
"frozenset({'emp_new', 'risk_score_low'})",frozenset({'cluster_0_minimal'}),0.10879005206944464,0.3540722235477397,0.04941965726796817,0.45426632608303014,1.282976454722609,1.0,0.010900121631865524,1.183595235778935,0.24748654306220844,0.11953208274775783,0.1551165721431019,0.2969207006980871,apriori,"{'emp_new', 'risk_score_low'} -> {'cluster_0_minimal'}"
"frozenset({'income_low', 'emp_senior'})",frozenset({'cluster_0_minimal'}),0.08758613914190679,0.3540722235477397,0.03746754431516751,0.4277793801878025,1.2081698358078767,1.0,0.006455725277230855,1.1288089839619087,0.18884171543318148,0.09269766311330255,0.11411052338528807,0.2667991557669629,apriori,"{'income_low', 'emp_senior'} -> {'cluster_0_minimal'}"
"frozenset({'cluster_0_minimal', 'emp_senior'})",frozenset({'income_low'}),0.0939355237119479,0.320088139113837,0.03746754431516751,0.3988644852831317,1.2461082950070776,1.0,0.0073998973335263965,1.1310459026969948,0.2179773463447157,0.09950055907566158,0.11586258558075682,0.257959160288212,apriori,"{'cluster_0_minimal', 'emp_senior'} -> {'income_low'}"
"frozenset({'cluster_0_minimal', 'income_high'})",frozenset({'risk_score_low'}),0.07961712818065711,0.3333342689927159,0.03320655148699667,0.41707798617966435,1.2512304463624724,1.0,0.006667434265597974,1.1436619568338335,0.21815563654533124,0.08744437709740845,0.12561575208075823,0.2583486805056231,apriori,"{'cluster_0_minimal', 'income_high'} -> {'risk_score_low'}"
"frozenset({'risk_score_high', 'income_low'})",frozenset({'cluster_0_minimal'}),0.09699793687106145,0.3540722235477397,0.04328079605900268,0.4462032642666976,1.2602040899899505,1.0,0.00893652087152267,1.1663625564657107,0.22865699480294804,0.10613517624950956,0.14263365669918235,0.2842202305160981,apriori,"{'risk_score_high', 'income_low'} -> {'cluster_0_minimal'}"
"frozenset({'risk_score_high', 'cluster_0_minimal'})",frozenset({'income_low'}),0.09446042862556316,0.320088139113837,0.04328079605900268,0.45818970640675144,1.43144856187189,1.0,0.013045133240350754,1.2548891538716151,0.33284791878093684,0.11657568838552615,0.20311686740237156,0.2967024755583081,apriori,"{'risk_score_high', 'cluster_0_minimal'} -> {'income_low'}"
"frozenset({'risk_score_low', 'income_low'})",frozenset({'cluster_0_minimal'}),0.11379489410674938,0.3540722235477397,0.062121233386198085,0.5459052787370497,1.541790748981034,1.0,0.021829622201441752,1.4224516300382763,0.39652621253805137,0.15310379179378616,0.29698839743809685,0.3606765968760562,apriori,"{'risk_score_low', 'income_low'} -> {'cluster_0_minimal'}"
"frozenset({'risk_score_low', 'cluster_0_minimal'})",frozenset({'income_low'}),0.1422127408738123,0.320088139113837,0.062121233386198085,0.43681904310753195,1.364683628443291,1.0,0.016600621801621203,1.2072706872721606,0.3115334570023475,0.15523336559909093,0.17168534733539398,0.31544722116703583,apriori,"{'risk_score_low', 'cluster_0_minimal'} -> {'income_low'}"
"frozenset({'income_low', 'risk_score_med'})",frozenset({'cluster_0_minimal'}),0.10929530813602616,0.3540722235477397,0.05327925222102146,0.48747977502118806,1.376780618758311,1.0,0.01458081944596331,1.2602971453057557,0.3072487122150402,0.12992142153104808,0.2065363285755963,0.3189777184920432,apriori,"{'income_low', 'risk_score_med'} -> {'cluster_0_minimal'}"
"frozenset({'risk_score_med', 'cluster_0_minimal'})",frozenset({'income_low'}),0.11739905404836423,0.320088139113837,0.05327925222102146,0.45383033664881406,1.4178292826008547,1.0,0.015701207476955782,1.2448729882109566,0.3338954823353794,0.13867295946696281,0.19670519846596618,0.3101410766141126,apriori,"{'risk_score_med', 'cluster_0_minimal'} -> {'income_low'}"
"frozenset({'credit_large', 'emp_mid'})",frozenset({'cluster_2_ambisius'}),0.10142173443179744,0.35070104279238185,0.07494912352107339,0.7389848333886859,2.1071646308909653,1.0,0.03938041549403,2.487590915260912,0.584733297963321,0.19871251023293893,0.5980046422162163,0.47634856249349294,apriori,"{'credit_large', 'emp_mid'} -> {'cluster_2_ambisius'}"
"frozenset({'emp_mid', 'cluster_2_ambisius'})",frozenset({'credit_large'}),0.10721814430674657,0.3220389889264712,0.07494912352107339,0.699033955546247,2.17065007524866,1.0,0.04042070073395623,2.252616278703512,0.6040764769052567,0.21153663328685512,0.5560717511215236,0.4658835142768541,apriori,"{'emp_mid', 'cluster_2_ambisius'} -> {'credit_large'}"
"frozenset({'credit_large', 'emp_new'})",frozenset({'cluster_2_ambisius'}),0.09279308360584412,0.35070104279238185,0.06907411825798936,0.7443886502510738,2.122573244504889,1.0,0.03653148707349915,2.5401804647774484,0.5829692518192746,0.18448297835653615,0.606327182707622,0.4706743833939719,apriori,"{'credit_large', 'emp_new'} -> {'cluster_2_ambisius'}"
"frozenset({'emp_new', 'cluster_2_ambisius'})",frozenset({'credit_large'}),0.11033389005066596,0.3220389889264712,0.06907411825798936,0.626046251303839,1.9440076289855062,1.0,0.033542303861748446,1.8129541779894682,0.5458213155384958,0.19013034374589535,0.44841407899841074,0.4202680876489908,apriori,"{'emp_new', 'cluster_2_ambisius'} -> {'credit_large'}"
"frozenset({'credit_large', 'emp_senior'})",frozenset({'cluster_2_ambisius'}),0.12782417088882964,0.35070104279238185,0.09165906443418338,0.7170714568053055,2.0446801386610596,1.0,0.04683099440939921,2.294922067162412,0.5858061312535011,0.23692707313002911,0.5642553556354688,0.4892155001312563,apriori,"{'credit_large', 'emp_senior'} -> {'cluster_2_ambisius'}"
"frozenset({'emp_senior', 'cluster_2_ambisius'})",frozenset({'credit_large'}),0.13314900843496932,0.3220389889264712,0.09165906443418338,0.6883946453041004,2.137612739373233,1.0,0.048779892381223676,2.175703982157692,0.6139329849303748,0.2521369171254507,0.5403786506800992,0.48650783098480244,apriori,"{'emp_senior', 'cluster_2_ambisius'} -> {'credit_large'}"
"frozenset({'credit_large', 'income_high'})",frozenset({'cluster_2_ambisius'}),0.09600988056307981,0.35070104279238185,0.07026708397075129,0.7318734650918022,2.08688705133129,1.0,0.03659631873890717,2.4216139496597293,0.5761317199715447,0.18666020430989488,0.5870522631650209,0.4661176208193786,apriori,"{'credit_large', 'income_high'} -> {'cluster_2_ambisius'}"
"frozenset({'income_high', 'cluster_2_ambisius'})",frozenset({'credit_large'}),0.09564497340388205,0.3220389889264712,0.07026708397075129,0.7346657275341903,2.2812943550196376,1.0,0.039465673439865886,2.555120395013762,0.6210529515753295,0.20225581526876682,0.6086290094386673,0.4764300327232349,apriori,"{'income_high', 'cluster_2_ambisius'} -> {'credit_large'}"
"frozenset({'credit_large', 'income_low'})",frozenset({'cluster_2_ambisius'}),0.049658250410520556,0.35070104279238185,0.040529957474281064,0.8161777174834661,2.3272748520643853,1.0,0.023114757272066282,3.5322102865805567,0.6001134776506958,0.11263661255470353,0.7168911477894837,0.4658730574306933,apriori,"{'credit_large', 'income_low'} -> {'cluster_2_ambisius'}"
"frozenset({'income_low', 'cluster_2_ambisius'})",frozenset({'credit_large'}),0.09160853882752523,0.3220389889264712,0.040529957474281064,0.4424255423458757,1.3738260197025134,1.0,0.011028436253233458,1.2159111698299547,0.29954684239158264,0.10862516456648487,0.1775714996188002,0.2841398683070289,apriori,"{'income_low', 'cluster_2_ambisius'} -> {'credit_large'}"
"frozenset({'credit_large', 'income_med'})",frozenset({'cluster_2_ambisius'}),0.04888913839805757,0.35070104279238185,0.03768368163253849,0.7707986450020096,2.1978795354148097,1.0,0.020538209815118624,2.832875735893058,0.5730310022302864,0.10412546245666286,0.6470018125645909,0.4391255408955813,apriori,"{'credit_large', 'income_med'} -> {'cluster_2_ambisius'}"
"frozenset({'income_med', 'cluster_2_ambisius'})",frozenset({'credit_large'}),0.06003564862247547,0.3220389889264712,0.03768368163253849,0.6276884234149991,1.9491069249329762,1.0,0.018349862050611596,1.8209506599071499,0.5180457254718527,0.10942122894099812,0.4508363010500296,0.37235216094395446,apriori,"{'income_med', 'cluster_2_ambisius'} -> {'credit_large'}"
"frozenset({'credit_large', 'income_very_high'})",frozenset({'cluster_2_ambisius'}),0.12748171955481327,0.35070104279238185,0.08720158313567529,0.6840320591861898,1.9504705595960914,1.0,0.042493611150836295,2.0549520167624515,0.55850200311419,0.22303268743404,0.5133706325778418,0.46634070003226924,apriori,"{'credit_large', 'income_very_high'} -> {'cluster_2_ambisius'}"
"frozenset({'credit_large', 'cluster_2_ambisius'})",frozenset({'income_very_high'}),0.23568230621324612,0.23744228151183844,0.08720158313567529,0.3699963078975263,1.5582578871028872,1.0,0.031240638636430396,1.2104019834285784,0.4687287802037862,0.22595590855862735,0.1738281879153856,0.36862506020245744,apriori,"{'credit_large', 'cluster_2_ambisius'} -> {'income_very_high'}"
"frozenset({'income_very_high', 'cluster_2_ambisius'})",frozenset({'credit_large'}),0.10341188193849911,0.3220389889264712,0.08720158313567529,0.8432452973589207,2.61845716312149,1.0,0.053898925233217425,4.324980365187856,0.6893864714792763,0.2578027103059675,0.7687850774886547,0.5570124401863288,apriori,"{'income_very_high', 'cluster_2_ambisius'} -> {'credit_large'}"
frozenset({'income_very_high'}),"frozenset({'credit_large', 'cluster_2_ambisius'})",0.23744228151183844,0.23568230621324612,0.08720158313567529,0.3672538125073886,1.5582578871028874,1.0,0.031240638636430396,1.2079372565096314,0.4698106013628894,0.22595590855862735,0.17214243156177825,0.36862506020245744,apriori,"{'income_very_high'} -> {'credit_large', 'cluster_2_ambisius'}"
"frozenset({'credit_large', 'risk_score_high'})",frozenset({'cluster_2_ambisius'}),0.13004168362549298,0.35070104279238185,0.10013333146201457,0.7700094974961147,2.1956293353594822,1.0,0.05452757740807718,2.823155522244443,0.6259492066812657,0.26308686225054206,0.6457864286537824,0.5277664164418919,apriori,"{'credit_large', 'risk_score_high'} -> {'cluster_2_ambisius'}"
"frozenset({'credit_large', 'cluster_2_ambisius'})",frozenset({'risk_score_high'}),0.23568230621324612,0.3333342689927159,0.10013333146201457,0.42486571466002887,1.274593566223799,1.0,0.021572342205904746,1.1591479555304327,0.28186731722256103,0.2135570694795321,0.13729736119631578,0.3626324329161098,apriori,"{'credit_large', 'cluster_2_ambisius'} -> {'risk_score_high'}"
"frozenset({'risk_score_high', 'cluster_2_ambisius'})",frozenset({'credit_large'}),0.15120910583711106,0.3220389889264712,0.10013333146201457,0.6622176019603111,2.056327416030704,1.0,0.05143810390175555,2.0070939605143945,0.6052092735707872,0.2683714001986098,0.5017672218276658,0.4865765159233255,apriori,"{'risk_score_high', 'cluster_2_ambisius'} -> {'credit_large'}"
"frozenset({'credit_large', 'risk_score_low'})",frozenset({'cluster_2_ambisius'}),0.08428793981838852,0.35070104279238185,0.05702376107002007,0.6765352337818037,1.9290938754987352,1.0,0.027463892680889695,2.0073251402275676,0.5259534412868093,0.15087039182485223,0.5018246023229541,0.4195672911319315,apriori,"{'credit_large', 'risk_score_low'} -> {'cluster_2_ambisius'}"
"frozenset({'risk_score_low', 'cluster_2_ambisius'})",frozenset({'credit_large'}),0.081683064097346,0.3220389889264712,0.05702376107002007,0.6981099656357388,2.1677808887765857,1.0,0.030718629695694624,2.2457217327535215,0.5866153007675835,0.1644766137977379,0.5547088557699973,0.43759047546133917,apriori,"{'risk_score_low', 'cluster_2_ambisius'} -> {'credit_large'}"
"frozenset({'credit_large', 'risk_score_med'})",frozenset({'cluster_2_ambisius'}),0.10770936548258972,0.35070104279238185,0.07852521368121149,0.7290472219326591,2.0788282125646873,1.0,0.040751426887961496,2.3963546778850358,0.581603964725563,0.20670774960099306,0.582699502194485,0.4764782448276539,apriori,"{'credit_large', 'risk_score_med'} -> {'cluster_2_ambisius'}"
"frozenset({'risk_score_med', 'cluster_2_ambisius'})",frozenset({'credit_large'}),0.1178088728579248,0.3220389889264712,0.07852521368121149,0.6665475339528234,2.069772781782678,1.0,0.040586163379478186,2.0331563869064664,0.5858766464293755,0.21732712879594168,0.5081539194722043,0.45519256622332616,apriori,"{'risk_score_med', 'cluster_2_ambisius'} -> {'credit_large'}"
"frozenset({'income_low', 'cluster_2_ambisius'})",frozenset({'credit_med'}),0.09160853882752523,0.3439278045220418,0.049964211028617145,0.5454099767128324,1.5858269367630553,1.0,0.018457487394194172,1.4432173208154924,0.40666847139674683,0.12958460127254992,0.307103659596499,0.3453426326115131,apriori,"{'income_low', 'cluster_2_ambisius'} -> {'credit_med'}"
"frozenset({'income_low', 'credit_med'})",frozenset({'cluster_2_ambisius'}),0.10188769280431152,0.35070104279238185,0.049964211028617145,0.49038514518706267,1.3982996494178521,1.0,0.014232090914435232,1.274097391540822,0.31716045165198287,0.1240962931461199,0.21513064335634807,0.31642733515766264,apriori,"{'income_low', 'credit_med'} -> {'cluster_2_ambisius'}"
"frozenset({'cluster_2_ambisius', 'credit_med'})",frozenset({'income_low'}),0.11387348949488428,0.320088139113837,0.049964211028617145,0.43876947347663187,1.3707770450081773,1.0,0.013514657681800567,1.211466284804544,0.3052462140443975,0.1301160079239187,0.1745539991141081,0.29743231945559956,apriori,"{'cluster_2_ambisius', 'credit_med'} -> {'income_low'}"
"frozenset({'risk_score_high', 'credit_med'})",frozenset({'cluster_2_ambisius'}),0.10591009248992997,0.35070104279238185,0.050365608903734684,0.47555060825316053,1.3559999835378043,1.0,0.013222829025278632,1.2380583664039135,0.29363586592144725,0.12397824870272998,0.1922836377216868,0.30958234596299644,apriori,"{'risk_score_high', 'credit_med'} -> {'cluster_2_ambisius'}"
"frozenset({'cluster_2_ambisius', 'credit_med'})",frozenset({'risk_score_high'}),0.11387348949488428,0.3333342689927159,0.050365608903734684,0.4422944192466969,1.3268795332182364,1.0,0.012407672525307716,1.1953721712929724,0.2780100553430457,0.12691597643181,0.16344045476786395,0.29669541091680035,apriori,"{'cluster_2_ambisius', 'credit_med'} -> {'risk_score_high'}"
"frozenset({'risk_score_high', 'emp_mid'})",frozenset({'cluster_2_ambisius'}),0.08961558434267589,0.35070104279238185,0.04007242003621002,0.44715905531541694,1.2750434151977674,1.0,0.00864414115678494,1.1744769692810437,0.2369471364661182,0.10011992509941162,0.14855716531236,0.280711408015323,apriori,"{'risk_score_high', 'emp_mid'} -> {'cluster_2_ambisius'}"
"frozenset({'income_low', 'cluster_2_ambisius'})",frozenset({'emp_new'}),0.09160853882752523,0.33339040855566937,0.03823384934948281,0.41736119622502754,1.2518692365300508,1.0,0.007692441162586272,1.1441215159809188,0.22148438608128956,0.0988554798348175,0.12596696589291526,0.26602155389333754,apriori,"{'income_low', 'cluster_2_ambisius'} -> {'emp_new'}"
"frozenset({'emp_new', 'cluster_2_ambisius'})",frozenset({'risk_score_high'}),0.11033389005066596,0.3333342689927159,0.047115128208726896,0.42702317653344185,1.281065933676244,1.0,0.010337061623565465,1.1635125605498318,0.24660943076585776,0.11881167093732746,0.14053355854840285,0.28418408220366514,apriori,"{'emp_new', 'cluster_2_ambisius'} -> {'risk_score_high'}"
"frozenset({'income_very_high', 'emp_senior'})",frozenset({'cluster_2_ambisius'}),0.09503305216768887,0.35070104279238185,0.04385903355742376,0.4615134688090738,1.3159740419770976,1.0,0.010530843062472449,1.205784953936763,0.26532084101997855,0.1091359921771321,0.17066472198454316,0.29328724929580385,apriori,"{'income_very_high', 'emp_senior'} -> {'cluster_2_ambisius'}"
"frozenset({'income_very_high', 'cluster_2_ambisius'})",frozenset({'emp_senior'}),0.10341188193849911,0.3331995340416275,0.04385903355742376,0.4241198664531365,1.2728705268842004,1.0,0.00940224268114806,1.157880654523586,0.23909991391736118,0.1116709548313322,0.1363531326884001,0.2778749015511403,apriori,"{'income_very_high', 'cluster_2_ambisius'} -> {'emp_senior'}"
"frozenset({'risk_score_high', 'emp_senior'})",frozenset({'cluster_2_ambisius'}),0.13089219800423854,0.35070104279238185,0.06402155759217415,0.48911668203555575,1.394682713632868,1.0,0.01811752725870077,1.270933957668994,0.3256109780708847,0.1533187238676544,0.21317705458583458,0.3358348839707389,apriori,"{'risk_score_high', 'emp_senior'} -> {'cluster_2_ambisius'}"
"frozenset({'risk_score_high', 'cluster_2_ambisius'})",frozenset({'emp_senior'}),0.15120910583711106,0.3331995340416275,0.06402155759217415,0.4233975013458576,1.270702561345603,1.0,0.013638753984397609,1.156430066665966,0.2509849890399226,0.15229192401428907,0.13526980245070946,0.3077696497159265,apriori,"{'risk_score_high', 'cluster_2_ambisius'} -> {'emp_senior'}"
"frozenset({'emp_senior', 'cluster_2_ambisius'})",frozenset({'risk_score_high'}),0.13314900843496932,0.3333342689927159,0.06402155759217415,0.48082639401285976,1.4424751330424022,1.0,0.019638430198398685,1.2840901835518141,0.3538637562047828,0.15907489939251912,0.2212384980360305,0.336445263834778,apriori,"{'emp_senior', 'cluster_2_ambisius'} -> {'risk_score_high'}"
"frozenset({'risk_score_high', 'income_high'})",frozenset({'cluster_2_ambisius'}),0.08751877166636257,0.35070104279238185,0.04197555122033375,0.47961769139484917,1.3675969925153235,1.0,0.011282626733032035,1.2477344953329017,0.29457092169200194,0.10593352412796464,0.1985474443958567,0.299654050157201,apriori,"{'risk_score_high', 'income_high'} -> {'cluster_2_ambisius'}"
"frozenset({'income_high', 'cluster_2_ambisius'})",frozenset({'risk_score_high'}),0.09564497340388205,0.3333342689927159,0.04197555122033375,0.4388683453659682,1.3166013404267127,1.0,0.010093803927922973,1.1880736463568096,0.2659007115521679,0.10846292213067192,0.15830133673407493,0.2823973227772983,apriori,"{'income_high', 'cluster_2_ambisius'} -> {'risk_score_high'}"
"frozenset({'risk_score_high', 'income_very_high'})",frozenset({'cluster_2_ambisius'}),0.09159169695863918,0.35070104279238185,0.04979298536160896,0.5436408213300643,1.5501545618497192,1.0,0.017671681727090376,1.4227805368131474,0.3906866943323138,0.12686118858614034,0.2971509139140486,0.34281105409902796,apriori,"{'risk_score_high', 'income_very_high'} -> {'cluster_2_ambisius'}"
"frozenset({'income_very_high', 'cluster_2_ambisius'})",frozenset({'risk_score_high'}),0.10341188193849911,0.3333342689927159,0.04979298536160896,0.48150158790478004,1.4445007090324156,1.0,0.015322261290478319,1.28576233881475,0.34321141167727204,0.12867961756641086,0.2222512902953538,0.31544006234365923,apriori,"{'income_very_high', 'cluster_2_ambisius'} -> {'risk_score_high'}"
"frozenset({'income_very_high', 'risk_score_med'})",frozenset({'cluster_2_ambisius'}),0.07726207351475768,0.35070104279238185,0.03305778164516989,0.4278655767484106,1.2200293826947952,1.0,0.005961891895242707,1.134871335861042,0.19544835465026852,0.08371064846076752,0.11884284288378243,0.26106378830217014,apriori,"{'income_very_high', 'risk_score_med'} -> {'cluster_2_ambisius'}"
"frozenset({'credit_large', 'emp_mid'})",frozenset({'income_very_high'}),0.10142173443179744,0.23744228151183844,0.042691330647990904,0.4209288165614967,1.7727626852360328,1.0,0.018609522629617136,1.3168635226503969,0.4851093344344442,0.1441433756977813,0.24061986470143748,0.3003627414170529,apriori,"{'credit_large', 'emp_mid'} -> {'income_very_high'}"
"frozenset({'emp_mid', 'income_very_high'})",frozenset({'credit_large'}),0.08425425608061642,0.3220389889264712,0.042691330647990904,0.5066964285714285,1.5734008800006474,1.0,0.015558175207037204,1.3743282034431712,0.3979642475295097,0.11741228239471957,0.2723717686250989,0.31963107461623513,apriori,"{'emp_mid', 'income_very_high'} -> {'credit_large'}"
"frozenset({'risk_score_high', 'emp_mid'})",frozenset({'credit_large'}),0.08961558434267589,0.3220389889264712,0.03534546883552511,0.3944120779302136,1.2247339343754642,1.0,0.006485756661754865,1.1195088051894837,0.2015589508203395,0.09392669063567602,0.10675110783899211,0.25208366256178766,apriori,"{'risk_score_high', 'emp_mid'} -> {'credit_large'}"
"frozenset({'emp_new', 'income_very_high'})",frozenset({'credit_large'}),0.058154973263533145,0.3220389889264712,0.03047536174930878,0.5240370692151752,1.6272472813371823,1.0,0.011747192958474602,1.4243987655837511,0.4092661104643611,0.08714252462095369,0.2979494056285726,0.30933479567724803,apriori,"{'emp_new', 'income_very_high'} -> {'credit_large'}"
"frozenset({'emp_senior', 'income_high'})",frozenset({'credit_large'}),0.09227379264852423,0.3220389889264712,0.038085079507656036,0.4127399385513948,1.2816458650776372,1.0,0.008369320618714444,1.1544476724693142,0.24209201465163652,0.10122880186222798,0.13378490524300451,0.2655011316772036,apriori,"{'emp_senior', 'income_high'} -> {'credit_large'}"
"frozenset({'credit_large', 'income_very_high'})",frozenset({'emp_senior'}),0.12748171955481327,0.3331995340416275,0.05431502715751358,0.42606129998238507,1.2786971662726159,1.0,0.011838177603024365,1.161797359087142,0.2497987813976132,0.13366028873385372,0.13926469863408106,0.29453590676434255,apriori,"{'credit_large', 'income_very_high'} -> {'emp_senior'}"
"frozenset({'credit_large', 'emp_senior'})",frozenset({'income_very_high'}),0.12782417088882964,0.23744228151183844,0.05431502715751358,0.4249198471606131,1.7895711094716185,1.0,0.02396416438931075,1.3260024967356765,0.5058692049585505,0.17467367166765965,0.2458536070167457,0.32683514523771284,apriori,"{'credit_large', 'emp_senior'} -> {'income_very_high'}"
"frozenset({'income_very_high', 'emp_senior'})",frozenset({'credit_large'}),0.09503305216768887,0.3220389889264712,0.05431502715751358,0.571538279773157,1.7747487087771603,1.0,0.023710679122834463,1.5823140763067278,0.4823822006936965,0.14972839964715168,0.36801421729490297,0.37009903319945764,apriori,"{'income_very_high', 'emp_senior'} -> {'credit_large'}"
"frozenset({'credit_large', 'risk_score_high'})",frozenset({'emp_senior'}),0.13004168362549298,0.3331995340416275,0.05758796367770277,0.4428423415644966,1.3290605067568046,1.0,0.014258135287699765,1.1967895547388612,0.28459847263588367,0.14196351961028536,0.16443121011513204,0.30783780375165115,apriori,"{'credit_large', 'risk_score_high'} -> {'emp_senior'}"
"frozenset({'credit_large', 'emp_senior'})",frozenset({'risk_score_high'}),0.12782417088882964,0.3333342689927159,0.05758796367770277,0.4505248364003689,1.3515707153716436,1.0,0.014979787114874743,1.2132772783394494,0.2982427345024599,0.1426961759427991,0.17578609782534713,0.3116441212451858,apriori,"{'credit_large', 'emp_senior'} -> {'risk_score_high'}"
"frozenset({'risk_score_high', 'emp_senior'})",frozenset({'credit_large'}),0.13089219800423854,0.3220389889264712,0.05758796367770277,0.43996483026312966,1.366184981917154,1.0,0.01543557257405432,1.2105686351663687,0.30840213318792037,0.1456657412863969,0.17394192204346204,0.3093938927133234,apriori,"{'risk_score_high', 'emp_senior'} -> {'credit_large'}"
"frozenset({'risk_score_high', 'income_high'})",frozenset({'credit_large'}),0.08751877166636257,0.3220389889264712,0.03783806543066062,0.4323422816639405,1.3425153367459306,1.0,0.009653608691138526,1.1943130326154898,0.27959978169724886,0.10179193064858374,0.16269857843714006,0.27491878743959874,apriori,"{'risk_score_high', 'income_high'} -> {'credit_large'}"
"frozenset({'credit_large', 'income_very_high'})",frozenset({'risk_score_high'}),0.12748171955481327,0.3333342689927159,0.05558658825841041,0.43603575832305796,1.308103603150945,1.0,0.013092562460672315,1.1821063850164688,0.26994799150932725,0.13717313753333565,0.15405245020644376,0.3013975275042937,apriori,"{'credit_large', 'income_very_high'} -> {'risk_score_high'}"
"frozenset({'credit_large', 'risk_score_high'})",frozenset({'income_very_high'}),0.13004168362549298,0.23744228151183844,0.05558658825841041,0.42745208081505787,1.8002357376849325,1.0,0.024709194206732676,1.3318670681289182,0.5109637842351684,0.17822076227332045,0.24917431782072935,0.3307788835331939,apriori,"{'credit_large', 'risk_score_high'} -> {'income_very_high'}"
"frozenset({'risk_score_high', 'income_very_high'})",frozenset({'credit_large'}),0.09159169695863918,0.3220389889264712,0.05558658825841041,0.6068954949433037,1.884540430854078,1.0,0.026090490775790502,1.7246330234138338,0.5166912824422143,0.15525067617890323,0.4201665012649794,0.3897518754961969,apriori,"{'risk_score_high', 'income_very_high'} -> {'credit_large'}"
"frozenset({'credit_large', 'risk_score_low'})",frozenset({'income_very_high'}),0.08428793981838852,0.23744228151183844,0.03043045009894598,0.3610297056080991,1.5204945947678608,1.0,0.010416929364535279,1.1934165409268003,0.37382850093211717,0.10446438035402834,0.16206959958556805,0.24459453125303882,apriori,"{'credit_large', 'risk_score_low'} -> {'income_very_high'}"
"frozenset({'risk_score_low', 'income_very_high'})",frozenset({'credit_large'}),0.06858851103844156,0.3220389889264712,0.03043045009894598,0.44366687129118076,1.3776806118108884,1.0,0.008342275352154153,1.218624194908171,0.2943300157662751,0.08448278549274482,0.17940247356129793,0.2690799665709094,apriori,"{'risk_score_low', 'income_very_high'} -> {'credit_large'}"
"frozenset({'credit_large', 'risk_score_med'})",frozenset({'income_very_high'}),0.10770936548258972,0.23744228151183844,0.04146468119745688,0.38496820598352965,1.6213127819205857,1.0,0.015889923717078317,1.2398671514333786,0.42947426686106777,0.13653757278861264,0.19346197788696504,0.27979938848650415,apriori,"{'credit_large', 'risk_score_med'} -> {'income_very_high'}"
"frozenset({'income_very_high', 'risk_score_med'})",frozenset({'credit_large'}),0.07726207351475768,0.3220389889264712,0.04146468119745688,0.5366757493188011,1.6664930886406937,1.0,0.016583281160401628,1.4632538876969248,0.4334248045113086,0.11587609133910153,0.3165915987594327,0.332716230422597,apriori,"{'income_very_high', 'risk_score_med'} -> {'credit_large'}"
"frozenset({'emp_mid', 'credit_med'})",frozenset({'risk_score_low'}),0.11830009403376794,0.3333342689927159,0.050542448527038215,0.4272392929173093,1.2817142810079494,1.0,0.011108973160522624,1.163951581809602,0.24928540104069596,0.1260121351239756,0.1408577335791801,0.2894331064424865,apriori,"{'emp_mid', 'credit_med'} -> {'risk_score_low'}"
"frozenset({'risk_score_low', 'credit_med'})",frozenset({'emp_mid'}),0.12374282466211001,0.33341005740270313,0.050542448527038215,0.40844750930042645,1.2250605530087255,1.0,0.009285346253271487,1.1268483407262535,0.20965742070139132,0.12430189773362695,0.11256913298953755,0.28001998125592636,apriori,"{'risk_score_low', 'credit_med'} -> {'emp_mid'}"
"frozenset({'income_low', 'credit_med'})",frozenset({'emp_new'}),0.10188769280431152,0.33339040855566937,0.041852044181836044,0.41076643341230923,1.232088335089939,1.0,0.00788366465101209,1.1313163900433099,0.2097397854771678,0.10637842465753425,0.11607397470683052,0.2681505356028643,apriori,"{'income_low', 'credit_med'} -> {'emp_new'}"
"frozenset({'emp_mid', 'income_low'})",frozenset({'credit_small'}),0.09600145962863679,0.334033206551487,0.05169050258943734,0.5384345486974065,1.6119192287980315,1.0,0.019622827196060663,1.442843678115583,0.41993598849400066,0.13662296809039448,0.30692422528680047,0.34659057373274205,apriori,"{'emp_mid', 'income_low'} -> {'credit_small'}"
"frozenset({'emp_mid', 'credit_small'})",frozenset({'income_low'}),0.11368822893713773,0.320088139113837,0.05169050258943734,0.4546689052392474,1.4204490878606026,1.0,0.015300248949801046,1.2467872590035483,0.33396520816119674,0.13528504260946222,0.1979385474317283,0.30807862316674606,apriori,"{'emp_mid', 'credit_small'} -> {'income_low'}"
"frozenset({'emp_mid', 'credit_small'})",frozenset({'risk_score_low'}),0.11368822893713773,0.3333342689927159,0.052131198158622334,0.45854525702434445,1.3756319097043235,1.0,0.014235015472784995,1.2312492219451445,0.30808724575396107,0.13201404586229937,0.18781674564619324,0.3074692062540208,apriori,"{'emp_mid', 'credit_small'} -> {'risk_score_low'}"
"frozenset({'risk_score_low', 'credit_small'})",frozenset({'emp_mid'}),0.12530350451221736,0.33341005740270313,0.052131198158622334,0.4160394265232975,1.2478310635386503,1.0,0.010353749526444071,1.1414981984633779,0.22706100791376133,0.12821805077081333,0.123958319560955,0.2861985159119489,apriori,"{'risk_score_low', 'credit_small'} -> {'emp_mid'}"
"frozenset({'emp_new', 'income_low'})",frozenset({'credit_small'}),0.13650054034329343,0.334033206551487,0.07550771217246073,0.5531678627979189,1.656026562474875,1.0,0.029911998985579814,1.4904182980628529,0.4587668784165738,0.19114616641796345,0.3290474215864541,0.38960819169929306,apriori,"{'emp_new', 'income_low'} -> {'credit_small'}"
"frozenset({'emp_new', 'credit_small'})",frozenset({'income_low'}),0.12720102174004574,0.320088139113837,0.07550771217246073,0.5936093212110513,1.8545183300276504,1.0,0.03479217383031077,1.6730498418721416,0.5279296132756099,0.2030970411252633,0.4022891757480455,0.4147529738131059,apriori,"{'emp_new', 'credit_small'} -> {'income_low'}"
"frozenset({'income_low', 'credit_small'})",frozenset({'emp_new'}),0.16854219589900493,0.33339040855566937,0.07550771217246073,0.4480047964825794,1.3437842990848123,1.0,0.019317360622821814,1.2076365649494143,0.30769204043350035,0.17707153953500615,0.17193630184434816,0.3372445765324694,apriori,"{'income_low', 'credit_small'} -> {'emp_new'}"
"frozenset({'risk_score_high', 'credit_small'})",frozenset({'emp_new'}),0.09738249287729295,0.33339040855566937,0.03990400134734951,0.40976565877842797,1.2290865251752001,1.0,0.007437612260819251,1.1293981811778173,0.20649680411111726,0.1020904997522424,0.11457268422627667,0.2647285842809393,apriori,"{'risk_score_high', 'credit_small'} -> {'emp_new'}"
"frozenset({'emp_new', 'risk_score_low'})",frozenset({'credit_small'}),0.10879005206944464,0.334033206551487,0.044372710558448304,0.4078747065046314,1.2210603571886578,1.0,0.008033220624788479,1.1247058701330783,0.20313918706536283,0.11136315604085947,0.11087865142761542,0.2703569631715601,apriori,"{'emp_new', 'risk_score_low'} -> {'credit_small'}"
"frozenset({'income_low', 'emp_senior'})",frozenset({'credit_small'}),0.08758613914190679,0.334033206551487,0.04134398113710685,0.47203794506938435,1.4131467644867985,1.0,0.012087302230071019,1.261391395894983,0.3204241296021443,0.1087211662668389,0.20722465425532774,0.29790500710583023,apriori,"{'income_low', 'emp_senior'} -> {'credit_small'}"
"frozenset({'credit_small', 'emp_senior'})",frozenset({'income_low'}),0.09314395587430352,0.320088139113837,0.04134398113710685,0.4438718620980623,1.3867176188624801,1.0,0.01152970563159969,1.2225812983518773,0.3075158984980524,0.11117317170741281,0.18205848449664022,0.2865181133997542,apriori,"{'credit_small', 'emp_senior'} -> {'income_low'}"
"frozenset({'risk_score_high', 'income_low'})",frozenset({'credit_small'}),0.09699793687106145,0.334033206551487,0.04860844058329006,0.5011286028475518,1.5002358837947123,1.0,0.01620790870137069,1.334946836499032,0.3692551409421726,0.12710657662947739,0.2509064985519931,0.3233241941977862,apriori,"{'risk_score_high', 'income_low'} -> {'credit_small'}"
"frozenset({'risk_score_high', 'credit_small'})",frozenset({'income_low'}),0.09738249287729295,0.320088139113837,0.04860844058329006,0.49914968437436946,1.5594132471020756,1.0,0.017437459655930874,1.3575150891875951,0.39743652268950797,0.13177940628115273,0.26335993760596066,0.3255046169015218,apriori,"{'risk_score_high', 'credit_small'} -> {'income_low'}"
"frozenset({'risk_score_low', 'income_low'})",frozenset({'credit_small'}),0.11379489410674938,0.334033206551487,0.06275841742572034,0.5515046867291564,1.6510474884303126,1.0,0.02474714405805594,1.484891310439045,0.4449578315709929,0.16297937791125724,0.32655003570306773,0.36969273042014916,apriori,"{'risk_score_low', 'income_low'} -> {'credit_small'}"
"frozenset({'risk_score_low', 'credit_small'})",frozenset({'income_low'}),0.12530350451221736,0.320088139113837,0.06275841742572034,0.5008512544802868,1.5647291894879076,1.0,0.022650251841962413,1.362142782064371,0.4126137203743757,0.16401716612258377,0.2658625709674372,0.3484586527678415,apriori,"{'risk_score_low', 'credit_small'} -> {'income_low'}"
"frozenset({'income_low', 'risk_score_med'})",frozenset({'credit_small'}),0.10929530813602616,0.334033206551487,0.05717533788999453,0.5231271027557337,1.5660931083960967,1.0,0.020667075652284886,1.3965289226898294,0.40582289941263083,0.14806388067079065,0.2839389261814086,0.34714686580379606,apriori,"{'income_low', 'risk_score_med'} -> {'credit_small'}"
"frozenset({'risk_score_med', 'credit_small'})",frozenset({'income_low'}),0.11134720916197667,0.320088139113837,0.05717533788999453,0.513486941615408,1.6042048388203167,1.0,0.021534416913818237,1.3975202703576515,0.42383055991262747,0.15276902769027692,0.2844468726424403,0.34605533667109445,apriori,"{'risk_score_med', 'credit_small'} -> {'income_low'}"
"frozenset({'risk_score_low', 'income_high'})",frozenset({'emp_mid'}),0.08761982287967889,0.33341005740270313,0.03686123703526968,0.420695178600032,1.2617951056344505,1.0,0.007647906859341264,1.1506721815060899,0.22740334229301537,0.09595066563399628,0.1309427514871162,0.26562672113308416,apriori,"{'risk_score_low', 'income_high'} -> {'emp_mid'}"
"frozenset({'emp_mid', 'income_low'})",frozenset({'risk_score_low'}),0.09600145962863679,0.3333342689927159,0.04232642348879314,0.4408935411245285,1.3226769106484009,1.0,0.010325847121247768,1.192377087447972,0.26986489194052093,0.1093679736571072,0.16133913463543154,0.2839362275819355,apriori,"{'emp_mid', 'income_low'} -> {'risk_score_low'}"
"frozenset({'risk_score_high', 'emp_new'})",frozenset({'income_low'}),0.11282648664580146,0.320088139113837,0.044451305946583204,0.39397935066550566,1.230846452968349,1.0,0.008336885793376436,1.121928537637806,0.21140281207217362,0.11442857968668708,0.1086776327969372,0.26642571577718555,apriori,"{'risk_score_high', 'emp_new'} -> {'income_low'}"
"frozenset({'risk_score_high', 'income_low'})",frozenset({'emp_new'}),0.09699793687106145,0.33339040855566937,0.044451305946583204,0.458270633175136,1.3745765367410507,1.0,0.012113124144082998,1.2305214231811052,0.30177475144967103,0.11517761033369214,0.1873363753271101,0.2958008606551934,apriori,"{'risk_score_high', 'income_low'} -> {'emp_new'}"
"frozenset({'emp_new', 'risk_score_low'})",frozenset({'income_low'}),0.10879005206944464,0.320088139113837,0.04497621086019846,0.4134220914931496,1.2915882876438576,1.0,0.010153805539192491,1.159116037317015,0.253317942431531,0.11715545416657527,0.13727360522533885,0.27696702427910486,apriori,"{'emp_new', 'risk_score_low'} -> {'income_low'}"
"frozenset({'emp_new', 'risk_score_med'})",frozenset({'income_low'}),0.1117738698404233,0.320088139113837,0.04707302353651177,0.4211451531893521,1.3157162097767543,1.0,0.011295533537738447,1.1745809240992195,0.27015381811337186,0.12233464397481818,0.14863252119738352,0.28410392278393704,apriori,"{'emp_new', 'risk_score_med'} -> {'income_low'}"
"frozenset({'income_low', 'risk_score_med'})",frozenset({'emp_new'}),0.10929530813602616,0.33339040855566937,0.04707302353651177,0.4306957392711303,1.291866017192912,1.0,0.010635016103824238,1.1709197303229082,0.2536485112179191,0.1189876471381236,0.1459704930207069,0.28594531684534524,apriori,"{'income_low', 'risk_score_med'} -> {'emp_new'}"
"frozenset({'risk_score_high', 'income_high'})",frozenset({'emp_senior'}),0.08751877166636257,0.3331995340416275,0.03658896015494519,0.41806985470990093,1.2547132033434067,1.0,0.007427746215817592,1.1458427980663632,0.2224759401575931,0.09525166608207646,0.12727993605447147,0.26394040653004147,apriori,"{'risk_score_high', 'income_high'} -> {'emp_senior'}"
"frozenset({'risk_score_high', 'income_very_high'})",frozenset({'emp_senior'}),0.09159169695863918,0.3331995340416275,0.04177625577184882,0.45611400551639597,1.368891486683209,1.0,0.011257945023148294,1.2259930807585335,0.29665284312266815,0.10907212112773083,0.18433471143141322,0.29074654986697274,apriori,"{'risk_score_high', 'income_very_high'} -> {'emp_senior'}"
"frozenset({'income_very_high', 'emp_senior'})",frozenset({'risk_score_high'}),0.09503305216768887,0.3333342689927159,0.04177625577184882,0.43959711720226846,1.318787649798691,1.0,0.010098482797385615,1.1896186680536875,0.26711230735228386,0.10806316935923037,0.15939449602276246,0.28246276636184564,apriori,"{'income_very_high', 'emp_senior'} -> {'risk_score_high'}"
"frozenset({'credit_large', 'burden_high', 'age_mid'})",frozenset({'cluster_2_ambisius'}),0.058449705969039034,0.35070104279238185,0.04508568300795778,0.7713585938625558,2.1994761912333605,1.0,0.024587310173707688,2.8398135236156756,0.5792003870489819,0.1238396299151889,0.6478642024611562,0.4499586652630238,apriori,"{'credit_large', 'burden_high', 'age_mid'} -> {'cluster_2_ambisius'}"
"frozenset({'credit_large', 'cluster_2_ambisius', 'age_mid'})",frozenset({'burden_high'}),0.09031171492329933,0.3333342689927159,0.04508568300795778,0.4992229750730403,1.4976647213069756,1.0,0.01498169353252125,1.3312626135444612,0.365283162115986,0.11909775774113181,0.24883340835545645,0.3172398222171992,apriori,"{'credit_large', 'cluster_2_ambisius', 'age_mid'} -> {'burden_high'}"
"frozenset({'burden_high', 'cluster_2_ambisius', 'age_mid'})",frozenset({'credit_large'}),0.05791357314283308,0.3220389889264712,0.04508568300795778,0.7784994183792168,2.417407348639285,1.0,0.02643525446792058,3.060764021984474,0.6223778031941032,0.13463763013629734,0.6732841889092642,0.4592500578403301,apriori,"{'burden_high', 'cluster_2_ambisius', 'age_mid'} -> {'credit_large'}"
"frozenset({'credit_large', 'age_mid'})","frozenset({'burden_high', 'cluster_2_ambisius'})",0.12573297216881166,0.15831076055072912,0.04508568300795778,0.35858281427901684,2.265056481515118,1.0,0.025180800557609552,1.3122336884428385,0.6388321734119042,0.1886761423704922,0.23794061316422263,0.3216875489150718,apriori,"{'credit_large', 'age_mid'} -> {'burden_high', 'cluster_2_ambisius'}"
"frozenset({'burden_high', 'age_mid'})","frozenset({'credit_large', 'cluster_2_ambisius'})",0.10894443586756677,0.23568230621324612,0.04508568300795778,0.41384108007832626,1.7559276584126833,1.0,0.019409407113588555,1.3039427837912743,0.4831353663715534,0.15051586966911248,0.2330951845199423,0.3025698141241768,apriori,"{'burden_high', 'age_mid'} -> {'credit_large', 'cluster_2_ambisius'}"
"frozenset({'burden_low', 'credit_small', 'age_mid'})",frozenset({'cluster_0_minimal'}),0.0559486884394605,0.3540722235477397,0.03825069121836887,0.6836744932771424,1.9308899365978145,1.0,0.01844081469802937,2.0419718382627208,0.5106757276041525,0.10288799124164748,0.51027728136996,0.39585262637537155,apriori,"{'burden_low', 'credit_small', 'age_mid'} -> {'cluster_0_minimal'}"
"frozenset({'burden_low', 'cluster_0_minimal', 'age_mid'})",frozenset({'credit_small'}),0.052602770487431755,0.334033206551487,0.03825069121836887,0.7271611526147279,2.176912769008327,1.0,0.020679619118960112,2.440879661495235,0.5706517292049916,0.10979422144157792,0.590311634049415,0.42083639768701625,apriori,"{'burden_low', 'cluster_0_minimal', 'age_mid'} -> {'credit_small'}"
"frozenset({'credit_small', 'cluster_0_minimal', 'age_mid'})",frozenset({'burden_low'}),0.06644959368991313,0.33334268992715893,0.03825069121836887,0.5756346893084949,1.726855595466278,1.0,0.01610020491320646,1.57095147335799,0.45087311911491,0.10579886802121101,0.36344309995620155,0.34519177099419107,apriori,"{'credit_small', 'cluster_0_minimal', 'age_mid'} -> {'burden_low'}"
"frozenset({'burden_low', 'age_mid'})","frozenset({'credit_small', 'cluster_0_minimal'})",0.1039536287210004,0.24575374380710446,0.03825069121836887,0.3679591726521575,1.4972678216490316,1.0,0.012703697777849278,1.1933505298349936,0.3706469069695257,0.12281223526018856,0.16202324882842967,0.261802797939881,apriori,"{'burden_low', 'age_mid'} -> {'credit_small', 'cluster_0_minimal'}"
"frozenset({'credit_small', 'age_mid'})","frozenset({'burden_low', 'cluster_0_minimal'})",0.0932365861531768,0.17854907299546674,0.03825069121836887,0.4102540944123314,2.2977105819123884,1.0,0.02160338519145718,1.3928895804473214,0.6228572626687872,0.16378999495180174,0.28206800162949475,0.31224239251893593,apriori,"{'credit_small', 'age_mid'} -> {'burden_low', 'cluster_0_minimal'}"
"frozenset({'cluster_0_minimal', 'age_mid'})","frozenset({'burden_low', 'credit_small'})",0.09898247042146777,0.19042539753828017,0.03825069121836887,0.3864390437569124,2.029346131096976,1.0,0.01940191493903981,1.3194689039844532,0.5629529097959531,0.15229782287987842,0.24211931256563918,0.2936543685765694,apriori,"{'cluster_0_minimal', 'age_mid'} -> {'burden_low', 'credit_small'}"
"frozenset({'credit_large', 'burden_med', 'age_mid'})",frozenset({'cluster_2_ambisius'}),0.058211112826486645,0.35070104279238185,0.03809350044209906,0.6544025460507282,1.865984032554304,1.0,0.0176788024717452,1.878772397735676,0.49277469708144434,0.10272811227347738,0.4677375496865854,0.3815117765510847,apriori,"{'credit_large', 'burden_med', 'age_mid'} -> {'cluster_2_ambisius'}"
"frozenset({'credit_large', 'cluster_2_ambisius', 'age_mid'})",frozenset({'burden_med'}),0.09031171492329933,0.33332304108012517,0.03809350044209906,0.42180021135078016,1.2654397067299845,1.0,0.007990524978703607,1.1530217962849032,0.23058541264792157,0.09880525078084618,0.1327137065213749,0.268042120698801,apriori,"{'credit_large', 'cluster_2_ambisius', 'age_mid'} -> {'burden_med'}"
"frozenset({'burden_med', 'cluster_2_ambisius', 'age_mid'})",frozenset({'credit_large'}),0.053630124489480846,0.3220389889264712,0.03809350044209906,0.7103004291845495,2.2056348877269865,1.0,0.020822509375505865,2.3402209715575153,0.5775921426225537,0.11284434946741727,0.5726899245183424,0.4142944513958449,apriori,"{'burden_med', 'cluster_2_ambisius', 'age_mid'} -> {'credit_large'}"
"frozenset({'credit_large', 'burden_med', 'income_very_high'})",frozenset({'age_mid'}),0.08249147380387643,0.33327812942976237,0.03513494547444948,0.42592214509323534,1.277978083416354,1.0,0.0076423413911893,1.1613788354168777,0.2370702411794642,0.092306217414069,0.13895451724755314,0.2656722203416519,apriori,"{'credit_large', 'burden_med', 'income_very_high'} -> {'age_mid'}"
"frozenset({'credit_large', 'burden_med', 'age_mid'})",frozenset({'income_very_high'}),0.058211112826486645,0.23744228151183844,0.03513494547444948,0.6035779728035491,2.5419987078984323,1.0,0.02131316603558545,1.9236007743592625,0.6441027045613433,0.13486547930740964,0.4801416108115818,0.37577527319690396,apriori,"{'credit_large', 'burden_med', 'age_mid'} -> {'income_very_high'}"
"frozenset({'credit_large', 'income_very_high', 'age_mid'})",frozenset({'burden_med'}),0.05331574293694124,0.33332304108012517,0.03513494547444948,0.6589975781825839,1.9770537795620677,1.0,0.017363579901262024,1.9550505106876794,0.5220292417398577,0.09995607905769616,0.4885042639393214,0.3822028346331116,apriori,"{'credit_large', 'income_very_high', 'age_mid'} -> {'burden_med'}"
"frozenset({'burden_med', 'income_very_high', 'age_mid'})",frozenset({'credit_large'}),0.05921039704705899,0.3220389889264712,0.03513494547444948,0.5933914857305395,1.8426075914243545,1.0,0.01606688907547969,1.6673556683671464,0.48607132606022013,0.10151250963059082,0.4002479381143033,0.35124650641035027,apriori,"{'burden_med', 'income_very_high', 'age_mid'} -> {'credit_large'}"
"frozenset({'income_very_high', 'age_mid'})","frozenset({'credit_large', 'burden_med'})",0.09358465144348851,0.14462393510266522,0.03513494547444948,0.3754349130173965,2.5959389968948354,1.0,0.021600364917480852,1.369554723319269,0.6782574197148642,0.17301578525419511,0.26983567507518935,0.30918747960517945,apriori,"{'income_very_high', 'age_mid'} -> {'credit_large', 'burden_med'}"
"frozenset({'income_low', 'credit_small', 'age_mid'})",frozenset({'cluster_0_minimal'}),0.043106763413846824,0.3540722235477397,0.03344233765140139,0.7758025656052615,2.191085643013338,1.0,0.018179430079514287,2.881066762409923,0.5680939336148455,0.09194107251722833,0.6529063425230969,0.43512658801905696,apriori,"{'income_low', 'credit_small', 'age_mid'} -> {'cluster_0_minimal'}"
"frozenset({'income_low', 'cluster_0_minimal', 'age_mid'})",frozenset({'credit_small'}),0.04038960856689731,0.334033206551487,0.03344233765140139,0.827993606226979,2.4787763311769853,1.0,0.01995086719044127,3.8717560367396597,0.6216847410753414,0.09807698640060587,0.7417192636853012,0.46405520598405364,apriori,"{'income_low', 'cluster_0_minimal', 'age_mid'} -> {'credit_small'}"
"frozenset({'credit_small', 'cluster_0_minimal', 'age_mid'})",frozenset({'income_low'}),0.06644959368991313,0.320088139113837,0.03344233765140139,0.5032737718075445,1.5722974715678513,1.0,0.01217261086232653,1.3687859071994335,0.38989650197144504,0.09471190536759094,0.269425558270086,0.30387614997645296,apriori,"{'credit_small', 'cluster_0_minimal', 'age_mid'} -> {'income_low'}"
"frozenset({'income_low', 'age_mid'})","frozenset({'credit_small', 'cluster_0_minimal'})",0.09113135254242045,0.24575374380710446,0.03344233765140139,0.3669685209141872,1.4932367467908276,1.0,0.011046466585896472,1.1914830164246082,0.36343406661892386,0.11020970740867507,0.16070981607376056,0.25152460265763954,apriori,"{'income_low', 'age_mid'} -> {'credit_small', 'cluster_0_minimal'}"
"frozenset({'credit_small', 'age_mid'})","frozenset({'income_low', 'cluster_0_minimal'})",0.0932365861531768,0.15868128166622222,0.03344233765140139,0.3586825626204239,2.2603961781383513,1.0,0.018647436662432144,1.311860038877794,0.61493402599033,0.15307131936325213,0.23772356016314716,0.2847170928118659,apriori,"{'credit_small', 'age_mid'} -> {'income_low', 'cluster_0_minimal'}"
"frozenset({'credit_large', 'emp_mid', 'cluster_2_ambisius'})",frozenset({'age_mid'}),0.07494912352107339,0.33327812942976237,0.03084026890850655,0.41148271600314595,1.2346526209421282,1.0,0.005861365219003007,1.1328840948260097,0.20545419243256274,0.08172054207637268,0.11729716696783372,0.2520094238978773,apriori,"{'credit_large', 'emp_mid', 'cluster_2_ambisius'} -> {'age_mid'}"
"frozenset({'credit_large', 'emp_mid', 'age_mid'})",frozenset({'cluster_2_ambisius'}),0.04272220740761533,0.35070104279238185,0.03084026890850655,0.7218791064388963,2.0583888222603752,1.0,0.015857546220263433,2.3345925180014064,0.5371305395410445,0.08505713312482582,0.5716597255027278,0.40490901031451054,apriori,"{'credit_large', 'emp_mid', 'age_mid'} -> {'cluster_2_ambisius'}"
"frozenset({'emp_mid', 'cluster_2_ambisius', 'age_mid'})",frozenset({'credit_large'}),0.04368780789041557,0.3220389889264712,0.03084026890850655,0.7059239270110512,2.1920449115937,1.0,0.016771091427063206,2.3053933092305887,0.5686479497423536,0.09209169774946566,0.5662345353410677,0.4008447819979599,apriori,"{'emp_mid', 'cluster_2_ambisius', 'age_mid'} -> {'credit_large'}"
"frozenset({'credit_large', 'emp_senior', 'cluster_2_ambisius'})",frozenset({'age_mid'}),0.09165906443418338,0.33327812942976237,0.04429972912660875,0.48330985484167327,1.4501697296147653,1.0,0.01375176758670205,1.2903707895685474,0.3417500340511226,0.11638299755169464,0.2250289544028171,0.30811552776446766,apriori,"{'credit_large', 'emp_senior', 'cluster_2_ambisius'} -> {'age_mid'}"
"frozenset({'credit_large', 'emp_senior', 'age_mid'})",frozenset({'cluster_2_ambisius'}),0.06247771961095283,0.35070104279238185,0.04429972912660875,0.7090484320244406,2.021803033087083,1.0,0.022388727707757544,2.2316393127744227,0.5390719645934152,0.12009283567324887,0.5518989138272625,0.41768303751711466,apriori,"{'credit_large', 'emp_senior', 'age_mid'} -> {'cluster_2_ambisius'}"
"frozenset({'credit_large', 'cluster_2_ambisius', 'age_mid'})",frozenset({'emp_senior'}),0.09031171492329933,0.3331995340416275,0.04429972912660875,0.49052029589109214,1.4721518062801677,1.0,0.014207907795665116,1.3087871029614857,0.3525627762749426,0.11682063125481139,0.23593379111298637,0.3117364250718434,apriori,"{'credit_large', 'cluster_2_ambisius', 'age_mid'} -> {'emp_senior'}"
"frozenset({'emp_senior', 'cluster_2_ambisius', 'age_mid'})",frozenset({'credit_large'}),0.06367068532371475,0.3220389889264712,0.04429972912660875,0.6957633469999559,2.1604941355682072,1.0,0.02379528600070414,2.2284001759427405,0.5736688094624212,0.12975523929326063,0.5512475672925565,0.41666174462472516,apriori,"{'emp_senior', 'cluster_2_ambisius', 'age_mid'} -> {'credit_large'}"
"frozenset({'credit_large', 'age_mid'})","frozenset({'emp_senior', 'cluster_2_ambisius'})",0.12573297216881166,0.13314900843496932,0.04429972912660875,0.35233183756390507,2.6461469124344683,1.0,0.02755850855474988,1.3384184090576823,0.7115583834454487,0.20644638045156058,0.25284948769940097,0.3425198768298075,apriori,"{'credit_large', 'age_mid'} -> {'emp_senior', 'cluster_2_ambisius'}"
"frozenset({'credit_large', 'income_very_high', 'cluster_2_ambisius'})",frozenset({'age_mid'}),0.08720158313567529,0.33327812942976237,0.03613422969502182,0.414375844975214,1.2433334455045386,1.0,0.007071849184250047,1.1384808240056614,0.21440717327038805,0.09401497169983568,0.12163650110366102,0.2613982448943718,apriori,"{'credit_large', 'income_very_high', 'cluster_2_ambisius'} -> {'age_mid'}"
"frozenset({'credit_large', 'income_very_high', 'age_mid'})",frozenset({'cluster_2_ambisius'}),0.05331574293694124,0.35070104279238185,0.03613422969502182,0.6777403390544382,1.9325301506322197,1.0,0.017436343049785964,2.0148316277081357,0.5097197353506724,0.09822218831069739,0.5036806121921479,0.390387309891717,apriori,"{'credit_large', 'income_very_high', 'age_mid'} -> {'cluster_2_ambisius'}"
"frozenset({'credit_large', 'cluster_2_ambisius', 'age_mid'})",frozenset({'income_very_high'}),0.09031171492329933,0.23744228151183844,0.03613422969502182,0.4001056753900665,1.6850649886048956,1.0,0.014690410056386882,1.271153413534952,0.4469125141605652,0.12390871201547776,0.21331289413832524,0.2761433921340922,apriori,"{'credit_large', 'cluster_2_ambisius', 'age_mid'} -> {'income_very_high'}"
"frozenset({'income_very_high', 'cluster_2_ambisius', 'age_mid'})",frozenset({'credit_large'}),0.042778346970568835,0.3220389889264712,0.03613422969502182,0.8446850393700787,2.6229278702739296,1.0,0.022357934088674064,4.3650721625519955,0.6463985246068213,0.10993637644647508,0.7709087129007828,0.478444778941716,apriori,"{'income_very_high', 'cluster_2_ambisius', 'age_mid'} -> {'credit_large'}"
"frozenset({'income_very_high', 'age_mid'})","frozenset({'credit_large', 'cluster_2_ambisius'})",0.09358465144348851,0.23568230621324612,0.03613422969502182,0.38611277744451106,1.638276473309604,1.0,0.014077983216657656,1.2450457766575644,0.42982769143593735,0.12326917552427463,0.19681668035966643,0.269715155083629,apriori,"{'income_very_high', 'age_mid'} -> {'credit_large', 'cluster_2_ambisius'}"
"frozenset({'credit_large', 'risk_score_high', 'cluster_2_ambisius'})",frozenset({'age_mid'}),0.10013333146201457,0.33327812942976237,0.04103802051901026,0.409833767835618,1.2297049570484628,1.0,0.007665771115779672,1.1297187711419792,0.20758275810630025,0.10458919054261903,0.11482394951342856,0.26648411095011704,apriori,"{'credit_large', 'risk_score_high', 'cluster_2_ambisius'} -> {'age_mid'}"
"frozenset({'credit_large', 'risk_score_high', 'age_mid'})",frozenset({'cluster_2_ambisius'}),0.05380977109093206,0.35070104279238185,0.04103802051901026,0.7626499739175795,2.1746441580131686,1.0,0.022166877685001023,2.7356178043230854,0.5708732084952938,0.11290534331101486,0.6344518600442999,0.43983353913225043,apriori,"{'credit_large', 'risk_score_high', 'age_mid'} -> {'cluster_2_ambisius'}"
"frozenset({'credit_large', 'cluster_2_ambisius', 'age_mid'})",frozenset({'risk_score_high'}),0.09031171492329933,0.3333342689927159,0.04103802051901026,0.4544041772860073,1.3632087053609752,1.0,0.010934031043573728,1.2219040235518033,0.29288780978152296,0.10725866799700673,0.181605117320735,0.2887589466327638,apriori,"{'credit_large', 'cluster_2_ambisius', 'age_mid'} -> {'risk_score_high'}"
"frozenset({'risk_score_high', 'cluster_2_ambisius', 'age_mid'})",frozenset({'credit_large'}),0.05923565985038806,0.3220389889264712,0.04103802051901026,0.6927924939582051,2.151269000898476,1.0,0.021961828512398925,2.206850411334981,0.5688545612511597,0.12061611569907024,0.5468655261526884,0.4101121663710557,apriori,"{'risk_score_high', 'cluster_2_ambisius', 'age_mid'} -> {'credit_large'}"
"frozenset({'credit_large', 'risk_score_med', 'age_mid'})",frozenset({'cluster_2_ambisius'}),0.043221849517901506,0.35070104279238185,0.03077570841111002,0.7120405247434731,2.0303347805127783,1.0,0.015617760713766556,2.254827546928936,0.530395043584355,0.08474720382150835,0.5565071034536565,0.39989767454887903,apriori,"{'credit_large', 'risk_score_med', 'age_mid'} -> {'cluster_2_ambisius'}"
"frozenset({'risk_score_med', 'cluster_2_ambisius', 'age_mid'})",frozenset({'credit_large'}),0.04422394071662152,0.3220389889264712,0.03077570841111002,0.6959060615677563,2.160937294852355,1.0,0.01653387525638502,2.229445988199425,0.5620959423471609,0.09173436859411474,0.5514580728606782,0.39573561219382164,apriori,"{'risk_score_med', 'cluster_2_ambisius', 'age_mid'} -> {'credit_large'}"
"frozenset({'risk_score_high', 'emp_senior', 'cluster_2_ambisius'})",frozenset({'age_mid'}),0.06402155759217415,0.33327812942976237,0.031106931832535684,0.48588214661522267,1.4578878831520243,1.0,0.00976994687503608,1.296826916592698,0.33555922184189757,0.08494687945545693,0.22888707258836474,0.2896091998446864,apriori,"{'risk_score_high', 'emp_senior', 'cluster_2_ambisius'} -> {'age_mid'}"
"frozenset({'risk_score_high', 'emp_senior', 'age_mid'})",frozenset({'cluster_2_ambisius'}),0.0642854135380556,0.35070104279238185,0.031106931832535684,0.4838878700550171,1.3797731144514533,1.0,0.008561970268400082,1.258057928762172,0.294152902693955,0.08103305815339393,0.20512404306857338,0.28629357765310987,apriori,"{'risk_score_high', 'emp_senior', 'age_mid'} -> {'cluster_2_ambisius'}"
"frozenset({'risk_score_high', 'cluster_2_ambisius', 'age_mid'})",frozenset({'emp_senior'}),0.05923565985038806,0.3331995340416275,0.031106931832535684,0.5251386058854192,1.5760484401512165,1.0,0.01136963757173804,1.404200202885893,0.38851572059982054,0.08609050301029327,0.2878508364086449,0.3092484375969756,apriori,"{'risk_score_high', 'cluster_2_ambisius', 'age_mid'} -> {'emp_senior'}"
"frozenset({'emp_senior', 'cluster_2_ambisius', 'age_mid'})",frozenset({'risk_score_high'}),0.06367068532371475,0.3333342689927159,0.031106931832535684,0.4885597143235022,1.465675028852729,1.0,0.009883310483889983,1.3035064887887446,0.33932561189274574,0.08501530459598167,0.23283849478246285,0.29094012393620544,apriori,"{'emp_senior', 'cluster_2_ambisius', 'age_mid'} -> {'risk_score_high'}"
"frozenset({'age_senior', 'burden_high', 'cluster_0_minimal'})",frozenset({'credit_small'}),0.03690053472933713,0.334033206551487,0.033332865503642055,0.9033165982047772,2.704271852282274,1.0,0.021006861564537065,6.888119171262121,0.654360961308751,0.09873453505387789,0.8548224885289307,0.501552837803744,apriori,"{'age_senior', 'burden_high', 'cluster_0_minimal'} -> {'credit_small'}"
"frozenset({'age_senior', 'burden_high', 'credit_small'})",frozenset({'cluster_0_minimal'}),0.04206537452105935,0.3540722235477397,0.033332865503642055,0.7924062458294409,2.2379791272234617,1.0,0.018438684812602135,3.1114990864395935,0.5774593519450855,0.09187549806191055,0.6786115077590225,0.44327383799320463,apriori,"{'age_senior', 'burden_high', 'credit_small'} -> {'cluster_0_minimal'}"
"frozenset({'age_senior', 'credit_small', 'cluster_0_minimal'})",frozenset({'burden_high'}),0.07723119675513326,0.3333342689927159,0.033332865503642055,0.4315984589663444,1.2947917424469064,1.0,0.007589060989837096,1.1728781202720389,0.24673030155398287,0.08836157183144705,0.14739649182980857,0.2657983873920916,apriori,"{'age_senior', 'credit_small', 'cluster_0_minimal'} -> {'burden_high'}"
"frozenset({'burden_high', 'cluster_0_minimal', 'credit_small'})",frozenset({'age_senior'}),0.08159043381847272,0.3333090061893868,0.033332865503642055,0.4085388929026043,1.2257061324963772,1.0,0.006138039093045975,1.1271932943865224,0.20050287367378683,0.08735792842167213,0.11284071243144475,0.25427239399347307,apriori,"{'burden_high', 'cluster_0_minimal', 'credit_small'} -> {'age_senior'}"
"frozenset({'age_senior', 'income_low', 'burden_high'})",frozenset({'cluster_0_minimal'}),0.06667134496357946,0.3540722235477397,0.03607247617577297,0.5410491748063321,1.5280757394215143,1.0,0.012466004817599994,1.4074008390325736,0.37026847330907176,0.09377485570011894,0.28947036816648125,0.3214640197798903,apriori,"{'age_senior', 'income_low', 'burden_high'} -> {'cluster_0_minimal'}"
"frozenset({'age_senior', 'income_low', 'cluster_0_minimal'})",frozenset({'burden_high'}),0.05702376107002007,0.3333342689927159,0.03607247617577297,0.6325867585527934,1.8977549487017096,1.0,0.017064502464282538,1.8144847702857683,0.5016686077785112,0.10181751917348039,0.44887936433739967,0.370401941658504,apriori,"{'age_senior', 'income_low', 'cluster_0_minimal'} -> {'burden_high'}"
"frozenset({'age_senior', 'burden_high', 'cluster_0_minimal'})",frozenset({'income_low'}),0.03690053472933713,0.320088139113837,0.03607247617577297,0.9775597139814393,3.0540329194571543,1.0,0.024261052681953936,30.298716349862758,0.698332965617227,0.112404660275698,0.966995301436111,0.5451275808952034,apriori,"{'age_senior', 'burden_high', 'cluster_0_minimal'} -> {'income_low'}"
"frozenset({'age_senior', 'cluster_0_minimal'})","frozenset({'income_low', 'burden_high'})",0.09871019354114328,0.1614938737701927,0.03607247617577297,0.3654382073593812,2.2628611155826457,1.0,0.020131384640208288,1.3213939697511718,0.6192032572918088,0.16094329225528503,0.24322342700844382,0.2944028330176358,apriori,"{'age_senior', 'cluster_0_minimal'} -> {'income_low', 'burden_high'}"
"frozenset({'burden_high', 'cluster_0_minimal'})","frozenset({'age_senior', 'income_low'})",0.10043087114566814,0.12816381524469833,0.03607247617577297,0.3591771709662092,2.80248500936435,1.0,0.023200872561395455,1.3604948907170247,0.7149798794206466,0.18736786854651757,0.26497335137144995,0.3203165909146734,apriori,"{'burden_high', 'cluster_0_minimal'} -> {'age_senior', 'income_low'}"
"frozenset({'credit_large', 'age_senior', 'burden_high'})",frozenset({'cluster_2_ambisius'}),0.051297525648762825,0.35070104279238185,0.03969909194256923,0.7738987688098495,2.2067193260899556,1.0,0.021708996204879153,2.871717919402039,0.5764068540906866,0.10957535000116216,0.6517763833126673,0.44354900501978484,apriori,"{'credit_large', 'age_senior', 'burden_high'} -> {'cluster_2_ambisius'}"
"frozenset({'credit_large', 'age_senior', 'cluster_2_ambisius'})",frozenset({'burden_high'}),0.07938414899440008,0.3333342689927159,0.03969909194256923,0.5000883985714791,1.500260984514638,1.0,0.013237634667912036,1.3335672328912862,0.36220243862695306,0.10642636767251111,0.25013154542503585,0.30959267004833724,apriori,"{'credit_large', 'age_senior', 'cluster_2_ambisius'} -> {'burden_high'}"
"frozenset({'age_senior', 'burden_high', 'cluster_2_ambisius'})",frozenset({'credit_large'}),0.054424499305272905,0.3220389889264712,0.03969909194256923,0.7294342152767034,2.265049389542239,1.0,0.02217228121346971,2.50571598240653,0.5906546043079705,0.11788387483954857,0.6009124709179593,0.4263541971021269,apriori,"{'age_senior', 'burden_high', 'cluster_2_ambisius'} -> {'credit_large'}"
"frozenset({'credit_large', 'age_senior'})","frozenset({'burden_high', 'cluster_2_ambisius'})",0.11033669702881363,0.15831076055072912,0.03969909194256923,0.35979953190190295,2.272742109571312,1.0,0.02223160551928237,1.314727622661313,0.6294548404143755,0.1733975773625619,0.2393861794918642,0.30528319473514975,apriori,"{'credit_large', 'age_senior'} -> {'burden_high', 'cluster_2_ambisius'}"
"frozenset({'emp_new', 'age_senior', 'burden_high'})",frozenset({'credit_small'}),0.0730291504680636,0.334033206551487,0.03216235561606153,0.44040435100126846,1.3184448203456853,1.0,0.007768194313483218,1.1900857246479817,0.2605590450081264,0.08578915843066787,0.1597243969162033,0.2683446280850663,apriori,"{'emp_new', 'age_senior', 'burden_high'} -> {'credit_small'}"
"frozenset({'emp_new', 'age_senior', 'credit_small'})",frozenset({'burden_high'}),0.07564244712354914,0.3333342689927159,0.03216235561606153,0.425189253376874,1.2755641796498438,1.0,0.006948135799313113,1.1598003950409486,0.233711699905229,0.08535331714366591,0.13778266995270902,0.26083802469436534,apriori,"{'emp_new', 'age_senior', 'credit_small'} -> {'burden_high'}"
"frozenset({'emp_new', 'burden_high', 'credit_small'})",frozenset({'age_senior'}),0.04672495824620005,0.3333090061893868,0.03216235561606153,0.6883335335816413,2.0651513184451096,1.0,0.016588506218779997,2.1391168625619637,0.5410547419851436,0.09245467235800567,0.5325173591487067,0.392413821354037,apriori,"{'emp_new', 'burden_high', 'credit_small'} -> {'age_senior'}"
"frozenset({'age_senior', 'burden_high', 'credit_small'})",frozenset({'emp_new'}),0.04206537452105935,0.33339040855566937,0.03216235561606153,0.7645802749232619,2.293348144704027,1.0,0.018138163218438308,2.83157917726325,0.5887210771351118,0.09368765331152903,0.6468401773717978,0.4305254117687067,apriori,"{'age_senior', 'burden_high', 'credit_small'} -> {'emp_new'}"
"frozenset({'age_senior', 'income_low', 'burden_high'})",frozenset({'credit_small'}),0.06667134496357946,0.334033206551487,0.04177064181555347,0.6265156618390031,1.8756089201641504,1.0,0.01950019867226869,1.783118394542789,0.5001880225945095,0.1163741866866867,0.4391847433908556,0.37578251558601694,apriori,"{'age_senior', 'income_low', 'burden_high'} -> {'credit_small'}"
"frozenset({'age_senior', 'income_low', 'credit_small'})",frozenset({'burden_high'}),0.06700818234130047,0.3333342689927159,0.04177064181555347,0.6233662868632708,1.8700936112779114,1.0,0.019434518338285463,1.7700638783901552,0.498683269622418,0.11649170600346008,0.4350486373918415,0.3743389302815411,apriori,"{'age_senior', 'income_low', 'credit_small'} -> {'burden_high'}"
"frozenset({'age_senior', 'burden_high', 'credit_small'})",frozenset({'income_low'}),0.04206537452105935,0.320088139113837,0.04177064181555347,0.9929934605631925,3.1022500968398634,1.0,0.028306014363980968,97.03961092609802,0.7074108276074464,0.13037726261192592,0.9896949298285875,0.561745386372377,apriori,"{'age_senior', 'burden_high', 'credit_small'} -> {'income_low'}"
"frozenset({'income_low', 'burden_high', 'credit_small'})",frozenset({'age_senior'}),0.09847721435488625,0.3333090061893868,0.04177064181555347,0.42416555026651087,1.272589526205299,1.0,0.008947299366627116,1.1577824045073628,0.23759872861585582,0.10709993162762245,0.13627984316664352,0.2747433109122066,apriori,"{'income_low', 'burden_high', 'credit_small'} -> {'age_senior'}"
"frozenset({'age_senior', 'credit_small'})","frozenset({'income_low', 'burden_high'})",0.1122707049725618,0.1614938737701927,0.04177064181555347,0.3720529039677976,2.303820543045691,1.0,0.02363961075862403,1.3353133273934383,0.6375123775207383,0.1800505753245653,0.251112095202388,0.3153522302329037,apriori,"{'age_senior', 'credit_small'} -> {'income_low', 'burden_high'}"
"frozenset({'burden_high', 'credit_small'})","frozenset({'age_senior', 'income_low'})",0.09994245694797266,0.12816381524469833,0.04177064181555347,0.41794691756775737,3.2610367970849423,1.0,0.028961635228172286,1.4978637019017813,0.7703385912458391,0.22416883840742358,0.3323825133552956,0.371931473633087,apriori,"{'burden_high', 'credit_small'} -> {'age_senior', 'income_low'}"
"frozenset({'emp_new', 'age_senior', 'income_low'})",frozenset({'burden_high'}),0.0910808269357623,0.3333342689927159,0.048431600959986526,0.5317430966469427,1.5952248121796397,1.0,0.01807124009410213,1.423717891254729,0.4105195705560819,0.12881310378809369,0.2976136591788592,0.33851874584435526,apriori,"{'emp_new', 'age_senior', 'income_low'} -> {'burden_high'}"
"frozenset({'emp_new', 'age_senior', 'burden_high'})",frozenset({'income_low'}),0.0730291504680636,0.320088139113837,0.048431600959986526,0.6631817657685359,2.0718723524231564,1.0,0.02505583608559965,2.018631391609643,0.5581025370876445,0.14050946284895274,0.5046148572956618,0.40724442177213377,apriori,"{'emp_new', 'age_senior', 'burden_high'} -> {'income_low'}"
"frozenset({'emp_new', 'income_low', 'burden_high'})",frozenset({'age_senior'}),0.07120742165022245,0.3333090061893868,0.048431600959986526,0.6801482182276885,2.0405935801243453,1.0,0.024697526016442255,2.0843748004668026,0.5490424069236126,0.1360114144272685,0.520239834133455,0.41272681285216983,apriori,"{'emp_new', 'income_low', 'burden_high'} -> {'age_senior'}"
"frozenset({'age_senior', 'income_low', 'burden_high'})",frozenset({'emp_new'}),0.06667134496357946,0.33339040855566937,0.048431600959986526,0.7264230380599528,2.1788960312535655,1.0,0.0262040140236228,2.4366437389944196,0.5797014652359581,0.13773449349405284,0.589599421533535,0.4358464834997168,apriori,"{'age_senior', 'income_low', 'burden_high'} -> {'emp_new'}"
"frozenset({'emp_new', 'income_low'})","frozenset({'age_senior', 'burden_high'})",0.13650054034329343,0.11944814809616706,0.048431600959986526,0.3548088589113492,2.9704006681266795,1.0,0.03212686420185398,1.3647922233061829,0.768205552817323,0.2333860866507054,0.2672877358741691,0.3801350775733604,apriori,"{'emp_new', 'income_low'} -> {'age_senior', 'burden_high'}"
"frozenset({'emp_new', 'burden_high'})","frozenset({'age_senior', 'income_low'})",0.1188811385103367,0.12816381524469833,0.048431600959986526,0.40739516433698525,3.1787065917096884,1.0,0.03319534068786834,1.4711931666569662,0.7778821517854901,0.2438486651497378,0.32027960524563315,0.3926417114748725,apriori,"{'emp_new', 'burden_high'} -> {'age_senior', 'income_low'}"
"frozenset({'age_senior', 'income_low'})","frozenset({'emp_new', 'burden_high'})",0.12816381524469833,0.1188811385103367,0.048431600959986526,0.37788825861275976,3.1787065917096884,1.0,0.03319534068786834,1.4163353668986636,0.7861644744037937,0.2438486651497378,0.2939525317441653,0.3926417114748725,apriori,"{'age_senior', 'income_low'} -> {'emp_new', 'burden_high'}"
"frozenset({'age_senior', 'burden_high'})","frozenset({'emp_new', 'income_low'})",0.11944814809616706,0.13650054034329343,0.048431600959986526,0.4054612962353715,2.9704006681266795,1.0,0.03212686420185398,1.4523856128945254,0.753328811164076,0.2333860866507054,0.311477619220522,0.3801350775733604,apriori,"{'age_senior', 'burden_high'} -> {'emp_new', 'income_low'}"
"frozenset({'risk_score_high', 'emp_new', 'burden_high'})",frozenset({'age_senior'}),0.042079409411797726,0.3333090061893868,0.031160264417341512,0.7405109732506171,2.2216950622386045,1.0,0.017134818285258882,2.5692454211349367,0.574048861854226,0.09052212699681163,0.6107806627681911,0.4169992946813624,apriori,"{'risk_score_high', 'emp_new', 'burden_high'} -> {'age_senior'}"
"frozenset({'risk_score_high', 'age_senior', 'burden_high'})",frozenset({'emp_new'}),0.054185906162720524,0.33339040855566937,0.031160264417341512,0.5750621632822214,1.7248911442099804,1.0,0.013095203023792953,1.568722607977735,0.4443296764194417,0.08742665879110062,0.362538670052626,0.3342634764816455,apriori,"{'risk_score_high', 'age_senior', 'burden_high'} -> {'emp_new'}"
"frozenset({'emp_new', 'age_senior', 'burden_high'})",frozenset({'risk_score_high'}),0.0730291504680636,0.3333342689927159,0.031160264417341512,0.4266825537148788,1.2800440680889091,1.0,0.006817145930910474,1.1628212874508255,0.2360127033243891,0.08304904689230033,0.14002262360346665,0.260081542284548,apriori,"{'emp_new', 'age_senior', 'burden_high'} -> {'risk_score_high'}"
"frozenset({'burden_low', 'age_senior', 'credit_small'})",frozenset({'cluster_0_minimal'}),0.056089037346844256,0.3540722235477397,0.035064771020757605,0.6251626463817436,1.7656359488403999,1.0,0.015205200850708245,1.7232214725058832,0.4593990830218923,0.09348200254433886,0.41969153938999215,0.36209773352859176,apriori,"{'burden_low', 'age_senior', 'credit_small'} -> {'cluster_0_minimal'}"
"frozenset({'burden_low', 'age_senior', 'cluster_0_minimal'})",frozenset({'credit_small'}),0.046494786038090694,0.334033206551487,0.035064771020757605,0.7541656604684859,2.257756551375202,1.0,0.01953396855252886,2.709006376886338,0.5842468839659786,0.10150073533593884,0.6308609649160833,0.4295697841253867,apriori,"{'burden_low', 'age_senior', 'cluster_0_minimal'} -> {'credit_small'}"
"frozenset({'age_senior', 'credit_small', 'cluster_0_minimal'})",frozenset({'burden_low'}),0.07723119675513326,0.33334268992715893,0.035064771020757605,0.454023406265901,1.3620319868574675,1.0,0.009320316148107816,1.221036428527769,0.28804923967763246,0.09337928044432152,0.18102361515477286,0.2796073833148376,apriori,"{'age_senior', 'credit_small', 'cluster_0_minimal'} -> {'burden_low'}"
"frozenset({'age_senior', 'cluster_0_minimal'})","frozenset({'burden_low', 'credit_small'})",0.09871019354114328,0.19042539753828017,0.035064771020757605,0.35522948302337487,1.8654522328197585,1.0,0.01626784317460482,1.2556011497825192,0.514747813568372,0.13801179927966947,0.20356874460236954,0.2696843169833856,apriori,"{'age_senior', 'cluster_0_minimal'} -> {'burden_low', 'credit_small'}"
"frozenset({'emp_new', 'burden_low', 'age_senior'})",frozenset({'credit_small'}),0.06730572202495404,0.334033206551487,0.03442758698123535,0.5115105513387271,1.5313164718546755,1.0,0.011945240833976915,1.36331868635776,0.3720052025463885,0.09383080618755452,0.26649578707704924,0.30728845606280564,apriori,"{'emp_new', 'burden_low', 'age_senior'} -> {'credit_small'}"
"frozenset({'emp_new', 'burden_low', 'credit_small'})",frozenset({'age_senior'}),0.06499838598756509,0.3333090061893868,0.03442758698123535,0.5296683365002591,1.5891209858256894,1.0,0.012763039543805869,1.4174911994012083,0.3964926765448438,0.09461252449203143,0.2945282479196833,0.3164793178589486,apriori,"{'emp_new', 'burden_low', 'credit_small'} -> {'age_senior'}"
"frozenset({'emp_new', 'age_senior', 'credit_small'})",frozenset({'burden_low'}),0.07564244712354914,0.33334268992715893,0.03442758698123535,0.455135817129286,1.3653691257748624,1.0,0.009212730184398596,1.2235293326869796,0.28949547090929767,0.09191534645303438,0.1826922548690265,0.2792078395149188,apriori,"{'emp_new', 'age_senior', 'credit_small'} -> {'burden_low'}"
"frozenset({'burden_low', 'age_senior', 'credit_small'})",frozenset({'emp_new'}),0.056089037346844256,0.33339040855566937,0.03442758698123535,0.613802422179962,1.8410920243299966,1.0,0.01572803990467675,1.7260843405780244,0.48399066819688635,0.09696495347421517,0.4206540338201991,0.35853375074579213,apriori,"{'burden_low', 'age_senior', 'credit_small'} -> {'emp_new'}"
"frozenset({'emp_new', 'burden_low', 'age_senior'})",frozenset({'income_low'}),0.06730572202495404,0.320088139113837,0.030158173218621492,0.4480774042872633,1.3998563193493023,1.0,0.008614409903940762,1.2318971286329465,0.30625359078631276,0.08442094179952382,0.1882439070949748,0.27114787229613135,apriori,"{'emp_new', 'burden_low', 'age_senior'} -> {'income_low'}"
"frozenset({'emp_new', 'burden_low', 'income_low'})",frozenset({'age_senior'}),0.04830247996519347,0.3333090061893868,0.030158173218621492,0.6243607624360763,1.8732189975128166,1.0,0.01405852162494009,1.774817237235927,0.4898190642857935,0.08580989880757464,0.43656170392091503,0.3574209427669295,apriori,"{'emp_new', 'burden_low', 'income_low'} -> {'age_senior'}"
"frozenset({'burden_low', 'age_senior', 'income_low'})",frozenset({'emp_new'}),0.04480779217133794,0.33339040855566937,0.030158173218621492,0.6730564430244942,2.018823654646644,1.0,0.015219685080141612,2.038913375785754,0.5283355865483806,0.08665145050850466,0.5095426750954434,0.381757736886241,apriori,"{'burden_low', 'age_senior', 'income_low'} -> {'emp_new'}"
"frozenset({'credit_large', 'burden_med', 'age_senior'})",frozenset({'cluster_2_ambisius'}),0.04841756606924815,0.35070104279238185,0.03125850865251014,0.6456026436315149,1.8408917136118053,1.0,0.014278417742555768,1.8321213336944555,0.48002672125975665,0.08497390348869152,0.45418462106791285,0.36736706990082296,apriori,"{'credit_large', 'burden_med', 'age_senior'} -> {'cluster_2_ambisius'}"
"frozenset({'burden_med', 'age_senior', 'cluster_2_ambisius'})",frozenset({'credit_large'}),0.04894527796101107,0.3220389889264712,0.03125850865251014,0.6386419682284797,1.9831200264210747,1.0,0.015496220825221042,1.8761476194396325,0.521257163510902,0.09201100562675062,0.46699290096443485,0.36785316457585343,apriori,"{'burden_med', 'age_senior', 'cluster_2_ambisius'} -> {'credit_large'}"
"frozenset({'emp_new', 'age_senior', 'credit_small'})",frozenset({'cluster_0_minimal'}),0.07564244712354914,0.3540722235477397,0.05283294269554112,0.6984562861807927,1.97263789625288,1.0,0.026050053247913745,2.1420701107353572,0.5334132758799791,0.14018441005168844,0.5331618722523013,0.42383572197100516,apriori,"{'emp_new', 'age_senior', 'credit_small'} -> {'cluster_0_minimal'}"
"frozenset({'emp_new', 'age_senior', 'cluster_0_minimal'})",frozenset({'credit_small'}),0.06520048841419769,0.334033206551487,0.05283294269554112,0.810315136903737,2.425852044080645,1.0,0.031053814481823587,3.5109116382710104,0.6287698034276734,0.1525197111995268,0.7151736918983067,0.48424093749918745,apriori,"{'emp_new', 'age_senior', 'cluster_0_minimal'} -> {'credit_small'}"
"frozenset({'emp_new', 'credit_small', 'cluster_0_minimal'})",frozenset({'age_senior'}),0.09412920520413749,0.3333090061893868,0.05283294269554112,0.5612810878511362,1.6839661618150672,1.0,0.021458830855553196,1.5196313068546154,0.4483684006595903,0.14103630437226033,0.3419456446512451,0.3598957421267252,apriori,"{'emp_new', 'credit_small', 'cluster_0_minimal'} -> {'age_senior'}"
"frozenset({'age_senior', 'credit_small', 'cluster_0_minimal'})",frozenset({'emp_new'}),0.07723119675513326,0.33339040855566937,0.05283294269554112,0.6840881006033293,2.0519129616444878,1.0,0.027084802456103955,2.1101123215599764,0.5555561608557799,0.14766522312182268,0.5260915782621874,0.42127989713425146,apriori,"{'age_senior', 'credit_small', 'cluster_0_minimal'} -> {'emp_new'}"
"frozenset({'emp_new', 'credit_small'})","frozenset({'age_senior', 'cluster_0_minimal'})",0.12720102174004574,0.09871019354114328,0.05283294269554112,0.41534998675964346,4.207771982399385,1.0,0.04027690522095003,1.5415886189133223,0.8734480168676156,0.3052546221213105,0.35131851148141724,0.47529144108499155,apriori,"{'emp_new', 'credit_small'} -> {'age_senior', 'cluster_0_minimal'}"
"frozenset({'emp_new', 'cluster_0_minimal'})","frozenset({'age_senior', 'credit_small'})",0.1285848619668496,0.1122707049725618,0.05283294269554112,0.41087995808683886,3.6597254661156278,1.0,0.038396629593723364,1.5068733566499397,0.833994532220683,0.28099247581512,0.3363742244250794,0.4407326259919406,apriori,"{'emp_new', 'cluster_0_minimal'} -> {'age_senior', 'credit_small'}"
"frozenset({'age_senior', 'credit_small'})","frozenset({'emp_new', 'cluster_0_minimal'})",0.1122707049725618,0.1285848619668496,0.05283294269554112,0.4705852938970423,3.6597254661156278,1.0,0.038396629593723364,1.6459972267254743,0.8186678804956148,0.28099247581512,0.39246556205359645,0.4407326259919406,apriori,"{'age_senior', 'credit_small'} -> {'emp_new', 'cluster_0_minimal'}"
"frozenset({'age_senior', 'cluster_0_minimal'})","frozenset({'emp_new', 'credit_small'})",0.09871019354114328,0.12720102174004574,0.05283294269554112,0.5352328954103396,4.207771982399385,1.0,0.04027690522095003,1.8779276107127725,0.8458373003024069,0.3052546221213105,0.46749811105847294,0.47529144108499155,apriori,"{'age_senior', 'cluster_0_minimal'} -> {'emp_new', 'credit_small'}"
"frozenset({'age_senior', 'income_low', 'credit_small'})",frozenset({'cluster_0_minimal'}),0.06700818234130047,0.3540722235477397,0.050691218368865,0.7564929624664879,2.1365498679522643,1.0,0.026965482251388354,2.652604142347902,0.5701611568461744,0.13685933627882654,0.6230119737674582,0.44982964279975735,apriori,"{'age_senior', 'income_low', 'credit_small'} -> {'cluster_0_minimal'}"
"frozenset({'age_senior', 'income_low', 'cluster_0_minimal'})",frozenset({'credit_small'}),0.05702376107002007,0.334033206551487,0.050691218368865,0.888949052424317,2.661259524469753,1.0,0.03164338860902034,5.9969483195507705,0.6619870680935641,0.1489316080721113,0.8332485212954264,0.5203520398464977,apriori,"{'age_senior', 'income_low', 'cluster_0_minimal'} -> {'credit_small'}"
"frozenset({'age_senior', 'credit_small', 'cluster_0_minimal'})",frozenset({'income_low'}),0.07723119675513326,0.320088139113837,0.050691218368865,0.6563567638293232,2.050550094253554,1.0,0.025970428317979785,1.978539919663869,0.5552051412464571,0.14624093029282195,0.49457678864023724,0.4073616008074382,apriori,"{'age_senior', 'credit_small', 'cluster_0_minimal'} -> {'income_low'}"
"frozenset({'age_senior', 'income_low'})","frozenset({'credit_small', 'cluster_0_minimal'})",0.12816381524469833,0.24575374380710446,0.050691218368865,0.3955189557370945,1.6094117208954621,1.0,0.019194480951878333,1.2477583265040368,0.4343189242055113,0.1568288594975293,0.19856275148906827,0.30089365109329624,apriori,"{'age_senior', 'income_low'} -> {'credit_small', 'cluster_0_minimal'}"
"frozenset({'age_senior', 'credit_small'})","frozenset({'income_low', 'cluster_0_minimal'})",0.1122707049725618,0.15868128166622222,0.050691218368865,0.4515088631647373,2.8453820036219684,1.0,0.03287595901024858,1.5338784199651794,0.730575575453136,0.23014183945252267,0.34805784670814977,0.38548095331380805,apriori,"{'age_senior', 'credit_small'} -> {'income_low', 'cluster_0_minimal'}"
"frozenset({'age_senior', 'cluster_0_minimal'})","frozenset({'income_low', 'credit_small'})",0.09871019354114328,0.16854219589900493,0.050691218368865,0.5135358016265711,3.046927203525316,1.0,0.034054385591824936,1.709186013854889,0.7453767813362916,0.2340734403961063,0.41492617427601974,0.40714928779616477,apriori,"{'age_senior', 'cluster_0_minimal'} -> {'income_low', 'credit_small'}"
"frozenset({'risk_score_high', 'age_senior', 'credit_small'})",frozenset({'cluster_0_minimal'}),0.04637127899959299,0.3540722235477397,0.032970765322591966,0.7110169491525424,2.0081127574150863,1.0,0.01655198345845347,2.2351752968142735,0.5264312875984302,0.08972302427547856,0.5526077970594659,0.4020678530446397,apriori,"{'risk_score_high', 'age_senior', 'credit_small'} -> {'cluster_0_minimal'}"
"frozenset({'risk_score_high', 'age_senior', 'cluster_0_minimal'})",frozenset({'credit_small'}),0.03968225007368317,0.334033206551487,0.032970765322591966,0.8308693499328006,2.487385486343055,1.0,0.019715576087301595,3.9375878540282874,0.6226808180440992,0.09676090681428762,0.7460374124790726,0.46478720141575786,apriori,"{'risk_score_high', 'age_senior', 'cluster_0_minimal'} -> {'credit_small'}"
"frozenset({'risk_score_high', 'credit_small', 'cluster_0_minimal'})",frozenset({'age_senior'}),0.0729280992547473,0.3333090061893868,0.032970765322591966,0.45209961125437825,1.3563978256185925,1.0,0.008663173036711182,1.2168105872984574,0.2834226425072274,0.08833040051737882,0.1781794057034109,0.2755095632550072,apriori,"{'risk_score_high', 'credit_small', 'cluster_0_minimal'} -> {'age_senior'}"
"frozenset({'age_senior', 'credit_small', 'cluster_0_minimal'})",frozenset({'risk_score_high'}),0.07723119675513326,0.3333342689927159,0.032970765322591966,0.4269099367594679,1.2807262153079042,1.0,0.007226960808787007,1.163282656198276,0.23753836772677073,0.08731787094855785,0.14036369864904547,0.2629109775416849,apriori,"{'age_senior', 'credit_small', 'cluster_0_minimal'} -> {'risk_score_high'}"
"frozenset({'emp_new', 'age_senior', 'income_low'})",frozenset({'cluster_0_minimal'}),0.0910808269357623,0.3540722235477397,0.04217203969067101,0.4630177514792899,1.3076929526974348,1.0,0.009922848774958783,1.2028847847981485,0.258872847886522,0.10465019085564625,0.16866518503033015,0.29106175349452046,apriori,"{'emp_new', 'age_senior', 'income_low'} -> {'cluster_0_minimal'}"
"frozenset({'emp_new', 'age_senior', 'cluster_0_minimal'})",frozenset({'income_low'}),0.06520048841419769,0.320088139113837,0.04217203969067101,0.6468055794730498,2.0207108619011285,1.0,0.02130213668485718,1.9250356782866647,0.5403561312142984,0.12290877557531682,0.48052910848383457,0.3892784573064389,apriori,"{'emp_new', 'age_senior', 'cluster_0_minimal'} -> {'income_low'}"
"frozenset({'emp_new', 'income_low', 'cluster_0_minimal'})",frozenset({'age_senior'}),0.0690011368261498,0.3333090061893868,0.04217203969067101,0.6111789113985844,1.8336705580986052,1.0,0.019173339349209118,1.7146472075593737,0.4883419147033355,0.1170996328945215,0.4167896488611215,0.3688521322360144,apriori,"{'emp_new', 'income_low', 'cluster_0_minimal'} -> {'age_senior'}"
"frozenset({'age_senior', 'income_low', 'cluster_0_minimal'})",frozenset({'emp_new'}),0.05702376107002007,0.33339040855566937,0.04217203969067101,0.7395520551316761,2.2182763395491807,1.0,0.02316086469015614,2.559473417159625,0.5824107912228609,0.1210997638296672,0.609294633304006,0.43302325755270366,apriori,"{'age_senior', 'income_low', 'cluster_0_minimal'} -> {'emp_new'}"
"frozenset({'age_senior', 'cluster_0_minimal'})","frozenset({'emp_new', 'income_low'})",0.09871019354114328,0.13650054034329343,0.04217203969067101,0.4272308479781607,3.129883932354349,1.0,0.028698044934913874,1.5075872305772884,0.7550283265246185,0.21846417821465444,0.33668846504021,0.3680911483510866,apriori,"{'age_senior', 'cluster_0_minimal'} -> {'emp_new', 'income_low'}"
"frozenset({'credit_large', 'emp_new', 'age_senior'})",frozenset({'cluster_2_ambisius'}),0.053902401369805335,0.35070104279238185,0.03926120335153191,0.7283757746185492,2.0769136265436035,1.0,0.020357574982127667,2.390430957679811,0.5480579682588461,0.10746417732703317,0.5816653910094037,0.42016320326346024,apriori,"{'credit_large', 'emp_new', 'age_senior'} -> {'cluster_2_ambisius'}"
"frozenset({'credit_large', 'emp_new', 'cluster_2_ambisius'})",frozenset({'age_senior'}),0.06907411825798936,0.3333090061893868,0.03926120335153191,0.5683923927178154,1.705301633508378,1.0,0.0162381776415533,1.5446692378958262,0.44428185533719405,0.10812127021427909,0.35261221272055865,0.34309229970815774,apriori,"{'credit_large', 'emp_new', 'cluster_2_ambisius'} -> {'age_senior'}"
"frozenset({'credit_large', 'age_senior', 'cluster_2_ambisius'})",frozenset({'emp_new'}),0.07938414899440008,0.33339040855566937,0.03926120335153191,0.4945723277111842,1.4834629761959717,1.0,0.012795289485444738,1.3189020467075077,0.35400391190134095,0.10511325207040118,0.2417935793667249,0.3061678868206007,apriori,"{'credit_large', 'age_senior', 'cluster_2_ambisius'} -> {'emp_new'}"
"frozenset({'emp_new', 'age_senior', 'cluster_2_ambisius'})",frozenset({'credit_large'}),0.06754150818935875,0.3220389889264712,0.03926120335153191,0.5812900008311861,1.8050298902283157,1.0,0.017510204343661843,1.619166039548511,0.4782974873478863,0.11207262645929986,0.3823981138593789,0.3516022209720396,apriori,"{'emp_new', 'age_senior', 'cluster_2_ambisius'} -> {'credit_large'}"
"frozenset({'credit_large', 'emp_new'})","frozenset({'age_senior', 'cluster_2_ambisius'})",0.09279308360584412,0.12639541901166298,0.03926120335153191,0.4231048460281929,3.347469784400584,1.0,0.027532582667786965,1.5143212331976537,0.7729955482588767,0.2182059282371295,0.3396381308816547,0.3668634448000566,apriori,"{'credit_large', 'emp_new'} -> {'age_senior', 'cluster_2_ambisius'}"
"frozenset({'credit_large', 'age_senior'})","frozenset({'emp_new', 'cluster_2_ambisius'})",0.11033669702881363,0.11033389005066596,0.03926120335153191,0.35583087412231607,3.22503696696379,1.0,0.027087326353001144,1.381106411669698,0.775491169049498,0.2164232221328217,0.27594282992934394,0.3558354004264619,apriori,"{'credit_large', 'age_senior'} -> {'emp_new', 'cluster_2_ambisius'}"
"frozenset({'emp_new', 'cluster_2_ambisius'})","frozenset({'credit_large', 'age_senior'})",0.11033389005066596,0.11033669702881363,0.03926120335153191,0.35583992673060777,3.22503696696379,1.0,0.027087326353001144,1.3811214632657356,0.7754887223037572,0.2164232221328217,0.27595072077480676,0.3558354004264619,apriori,"{'emp_new', 'cluster_2_ambisius'} -> {'credit_large', 'age_senior'}"
"frozenset({'credit_large', 'age_senior', 'risk_score_high'})",frozenset({'cluster_2_ambisius'}),0.05453677843117991,0.35070104279238185,0.04127661366156264,0.756858304596222,2.158129609680941,1.0,0.02215050859521077,2.670455004146234,0.5675903491512431,0.11340937661476289,0.6255319792142656,0.43727787047258015,apriori,"{'credit_large', 'age_senior', 'risk_score_high'} -> {'cluster_2_ambisius'}"
"frozenset({'credit_large', 'age_senior', 'cluster_2_ambisius'})",frozenset({'risk_score_high'}),0.07938414899440008,0.3333342689927159,0.04127661366156264,0.5199603974399774,1.5598768137798027,1.0,0.014815156386905448,1.3887723584720832,0.38987351310328006,0.11112538540596095,0.2799395855630418,0.32189494541899166,apriori,"{'credit_large', 'age_senior', 'cluster_2_ambisius'} -> {'risk_score_high'}"
"frozenset({'credit_large', 'risk_score_high', 'cluster_2_ambisius'})",frozenset({'age_senior'}),0.10013333146201457,0.3333090061893868,0.04127661366156264,0.4122165222997785,1.2367398259426459,1.0,0.007901272465526105,1.1342458900327164,0.2127231777245935,0.10525298652217792,0.11835695523555693,0.2680277006115838,apriori,"{'credit_large', 'risk_score_high', 'cluster_2_ambisius'} -> {'age_senior'}"
"frozenset({'risk_score_high', 'age_senior', 'cluster_2_ambisius'})",frozenset({'credit_large'}),0.06510224417902907,0.3220389889264712,0.04127661366156264,0.6340275082999179,1.9687911405183327,1.0,0.020311152769303873,1.8524917212333114,0.5263400227574432,0.11934326710816776,0.4601865214629721,0.3811001149337258,apriori,"{'risk_score_high', 'age_senior', 'cluster_2_ambisius'} -> {'credit_large'}"
"frozenset({'credit_large', 'age_senior'})","frozenset({'risk_score_high', 'cluster_2_ambisius'})",0.11033669702881363,0.15120910583711106,0.04127661366156264,0.37409687595400426,2.4740366916592804,1.0,0.024592700362815505,1.3561058597632336,0.6696941123165355,0.18739168110918547,0.26259444069167814,0.32353695641989133,apriori,"{'credit_large', 'age_senior'} -> {'risk_score_high', 'cluster_2_ambisius'}"
"frozenset({'risk_score_high', 'emp_new', 'cluster_2_ambisius'})",frozenset({'age_senior'}),0.047115128208726896,0.3333090061893868,0.032844451305946584,0.6971105153410784,2.091484185533765,1.0,0.01714055474621028,2.2011031335781164,0.5476743865880386,0.09449473862727839,0.5456823513878705,0.39782553044451324,apriori,"{'risk_score_high', 'emp_new', 'cluster_2_ambisius'} -> {'age_senior'}"
"frozenset({'risk_score_high', 'age_senior', 'cluster_2_ambisius'})",frozenset({'emp_new'}),0.06510224417902907,0.33339040855566937,0.032844451305946584,0.504505669814168,1.5132579008490759,1.0,0.011139987521209132,1.345342521264215,0.3627927303408685,0.0898252778971934,0.2566948682627659,0.30151107759054474,apriori,"{'risk_score_high', 'age_senior', 'cluster_2_ambisius'} -> {'emp_new'}"
"frozenset({'emp_new', 'age_senior', 'cluster_2_ambisius'})",frozenset({'risk_score_high'}),0.06754150818935875,0.3333342689927159,0.032844451305946584,0.486285429307622,1.4588521929566396,1.0,0.010330552046981151,1.2977356863924658,0.3373121701284372,0.08924362954093033,0.22942706247073455,0.2924092533226334,apriori,"{'emp_new', 'age_senior', 'cluster_2_ambisius'} -> {'risk_score_high'}"
"frozenset({'emp_new', 'age_senior', 'income_low'})",frozenset({'credit_small'}),0.0910808269357623,0.334033206551487,0.049952983116026445,0.5484467455621302,1.64189288611219,1.0,0.019528962439312715,1.4748355524035865,0.43012281228659355,0.13315077102646408,0.32195830350694493,0.34899585368458697,apriori,"{'emp_new', 'age_senior', 'income_low'} -> {'credit_small'}"
"frozenset({'emp_new', 'age_senior', 'credit_small'})",frozenset({'income_low'}),0.07564244712354914,0.320088139113837,0.049952983116026445,0.6603829597743803,2.0631284920542465,1.0,0.02574073297823279,2.001995719750909,0.5574674142370959,0.14446564110890128,0.5004984325718633,0.4082215238218407,apriori,"{'emp_new', 'age_senior', 'credit_small'} -> {'income_low'}"
"frozenset({'emp_new', 'income_low', 'credit_small'})",frozenset({'age_senior'}),0.07550771217246073,0.3333090061893868,0.049952983116026445,0.6615613382899629,1.9848288705228159,1.0,0.024785582612189293,1.9699019918173877,0.536703479152478,0.13919763467269475,0.4923605315625768,0.405715612678495,apriori,"{'emp_new', 'income_low', 'credit_small'} -> {'age_senior'}"
"frozenset({'age_senior', 'income_low', 'credit_small'})",frozenset({'emp_new'}),0.06700818234130047,0.33339040855566937,0.049952983116026445,0.745475871313673,2.2360447456879786,1.0,0.02761309782868749,2.619042818788523,0.5924829646165453,0.14254133025759327,0.6181811183741681,0.44765458267801994,apriori,"{'age_senior', 'income_low', 'credit_small'} -> {'emp_new'}"
"frozenset({'emp_new', 'income_low'})","frozenset({'age_senior', 'credit_small'})",0.13650054034329343,0.1122707049725618,0.049952983116026445,0.36595447161158984,3.2595722250165493,1.0,0.03462797122254928,1.4001033920763242,0.8027929483711583,0.25124947056332064,0.28576703287817834,0.40544392080717007,apriori,"{'emp_new', 'income_low'} -> {'age_senior', 'credit_small'}"
"frozenset({'emp_new', 'credit_small'})","frozenset({'age_senior', 'income_low'})",0.12720102174004574,0.12816381524469833,0.049952983116026445,0.39270897696177953,3.0641174048384494,1.0,0.033650414866798366,1.4356151362053506,0.7718177550999494,0.24318452014922312,0.30343448269623163,0.3912339207943438,apriori,"{'emp_new', 'credit_small'} -> {'age_senior', 'income_low'}"
"frozenset({'age_senior', 'income_low'})","frozenset({'emp_new', 'credit_small'})",0.12816381524469833,0.12720102174004574,0.049952983116026445,0.3897588646269082,3.0641174048384494,1.0,0.033650414866798366,1.430252612725523,0.7726700954069697,0.24318452014922312,0.3008228119266454,0.3912339207943438,apriori,"{'age_senior', 'income_low'} -> {'emp_new', 'credit_small'}"
"frozenset({'age_senior', 'credit_small'})","frozenset({'emp_new', 'income_low'})",0.1122707049725618,0.13650054034329343,0.049952983116026445,0.44493337000275024,3.2595722250165498,1.0,0.03462797122254928,1.5556681180077157,0.7808813801884094,0.25124947056332064,0.3571893719332234,0.40544392080717007,apriori,"{'age_senior', 'credit_small'} -> {'emp_new', 'income_low'}"
"frozenset({'risk_score_high', 'emp_new', 'credit_small'})",frozenset({'age_senior'}),0.03990400134734951,0.3333090061893868,0.03073360373889489,0.77018851997749,2.3107342006230325,1.0,0.017433240706829875,2.9010343336429973,0.5908129139371875,0.08973854602081796,0.6552953584853849,0.4311980303162591,apriori,"{'risk_score_high', 'emp_new', 'credit_small'} -> {'age_senior'}"
"frozenset({'risk_score_high', 'age_senior', 'credit_small'})",frozenset({'emp_new'}),0.04637127899959299,0.33339040855566937,0.03073360373889489,0.662772397094431,1.987976798629951,1.0,0.015273864087971654,1.9767349579358002,0.521142043813562,0.08805481611349252,0.49411528541780475,0.37747871193420907,apriori,"{'risk_score_high', 'age_senior', 'credit_small'} -> {'emp_new'}"
"frozenset({'emp_new', 'age_senior', 'credit_small'})",frozenset({'risk_score_high'}),0.07564244712354914,0.3333342689927159,0.03073360373889489,0.4063010241947454,1.2188996511595511,1.0,0.005519383922146473,1.1229019388201944,0.19428403857146354,0.0812535714020675,0.10945028641532537,0.24925078830324712,apriori,"{'emp_new', 'age_senior', 'credit_small'} -> {'risk_score_high'}"
"frozenset({'risk_score_high', 'emp_new', 'age_senior'})",frozenset({'income_low'}),0.08131534996000056,0.320088139113837,0.03577774347026708,0.4399875729227795,1.3745825576070507,1.0,0.009749664420180083,1.2141013806331293,0.2966267148212154,0.09785345780616632,0.17634555404383095,0.27588111732175474,apriori,"{'risk_score_high', 'emp_new', 'age_senior'} -> {'income_low'}"
"frozenset({'risk_score_high', 'emp_new', 'income_low'})",frozenset({'age_senior'}),0.044451305946583204,0.3333090061893868,0.03577774347026708,0.8048749684263703,2.4148011409239833,1.0,0.020961722861391058,3.4167374038785985,0.6131421970270384,0.1046186172875986,0.7073231326279791,0.45610801637087023,apriori,"{'risk_score_high', 'emp_new', 'income_low'} -> {'age_senior'}"
"frozenset({'risk_score_high', 'age_senior', 'income_low'})",frozenset({'emp_new'}),0.05142945362170356,0.33339040855566937,0.03577774347026708,0.6956664119637593,2.086641949231714,1.0,0.018631656915532483,2.1903911288455924,0.5489956423030511,0.10250265384244218,0.5434605323082035,0.40149063365843646,apriori,"{'risk_score_high', 'age_senior', 'income_low'} -> {'emp_new'}"
"frozenset({'risk_score_high', 'income_low'})","frozenset({'emp_new', 'age_senior'})",0.09699793687106145,0.19348219674109837,0.03577774347026708,0.36885056140757033,1.906379851067823,1.0,0.017010369565099732,1.2778555345903075,0.5265165910341049,0.14046881715690054,0.21743892566023948,0.2768827369268553,apriori,"{'risk_score_high', 'income_low'} -> {'emp_new', 'age_senior'}"
"frozenset({'emp_new', 'age_senior', 'risk_score_med'})",frozenset({'income_low'}),0.06772396176895763,0.320088139113837,0.032611472119689545,0.48153520951630946,1.5043831703650068,1.0,0.010933835223647256,1.3113944733871974,0.35963139605566347,0.09181141439205956,0.237452940138521,0.29170899891598623,apriori,"{'emp_new', 'age_senior', 'risk_score_med'} -> {'income_low'}"
"frozenset({'emp_new', 'income_low', 'risk_score_med'})",frozenset({'age_senior'}),0.04707302353651177,0.3333090061893868,0.032611472119689545,0.6927847346451996,2.078505896271996,1.0,0.016921609426405193,2.170110241887418,0.5445172485184102,0.09377295290366842,0.5391939171116643,0.3953131458105949,apriori,"{'emp_new', 'income_low', 'risk_score_med'} -> {'age_senior'}"
"frozenset({'age_senior', 'income_low', 'risk_score_med'})",frozenset({'emp_new'}),0.04570883215674166,0.33339040855566937,0.032611472119689545,0.7134610660771309,2.1400167724321246,1.0,0.017372585892350925,2.326418899931307,0.5582299833834065,0.09412012508303765,0.5701547988500578,0.40563936677042145,apriori,"{'age_senior', 'income_low', 'risk_score_med'} -> {'emp_new'}"
"frozenset({'age_young', 'income_low', 'burden_high'})",frozenset({'cluster_0_minimal'}),0.049952983116026445,0.3540722235477397,0.032499192993782546,0.6505956394695437,1.8374659072397517,1.0,0.014812229189048363,1.8486540221525287,0.4797364838651152,0.08747487873796823,0.4590658998293127,0.3711912714550826,apriori,"{'age_young', 'income_low', 'burden_high'} -> {'cluster_0_minimal'}"
"frozenset({'age_young', 'income_low', 'cluster_0_minimal'})",frozenset({'burden_high'}),0.06126791202930485,0.3333342689927159,0.032499192993782546,0.530443945571998,1.591327369894841,1.0,0.012076498324784187,1.4197787989751187,0.3958464780654974,0.08975124223843227,0.29566492983142173,0.3139706254402701,apriori,"{'age_young', 'income_low', 'cluster_0_minimal'} -> {'burden_high'}"
"frozenset({'age_young', 'burden_high', 'cluster_0_minimal'})",frozenset({'income_low'}),0.0385398099675794,0.320088139113837,0.032499192993782546,0.8432629278951203,2.634471024854876,1.0,0.020163056939459148,4.337913499055308,0.6452863716763907,0.09965141799715972,0.7694744258460258,0.47239747027906065,apriori,"{'age_young', 'burden_high', 'cluster_0_minimal'} -> {'income_low'}"
"frozenset({'credit_large', 'age_young', 'burden_high'})",frozenset({'cluster_2_ambisius'}),0.04192221863552792,0.35070104279238185,0.03409636355980969,0.813324405758286,2.319138829135964,1.0,0.019394197768159822,3.478220920335647,0.5936944487530004,0.09510127067886978,0.7124966979085674,0.45527392539973305,apriori,"{'credit_large', 'age_young', 'burden_high'} -> {'cluster_2_ambisius'}"
"frozenset({'credit_large', 'age_young', 'cluster_2_ambisius'})",frozenset({'burden_high'}),0.06598644229554673,0.3333342689927159,0.03409636355980969,0.5167177131189382,1.5501487881230407,1.0,0.012100821053793589,1.3794540977483702,0.3799737502158616,0.09335731248991262,0.2750755522548656,0.3095032583379655,apriori,"{'credit_large', 'age_young', 'cluster_2_ambisius'} -> {'burden_high'}"
"frozenset({'age_young', 'burden_high', 'cluster_2_ambisius'})",frozenset({'credit_large'}),0.04597268810262312,0.3220389889264712,0.03409636355980969,0.741665649041397,2.303030609783513,1.0,0.019291365565008926,2.6243548663110974,0.5930538093231655,0.10211081128792275,0.6189539711884919,0.4237710784778842,apriori,"{'age_young', 'burden_high', 'cluster_2_ambisius'} -> {'credit_large'}"
"frozenset({'credit_large', 'age_young'})","frozenset({'burden_high', 'cluster_2_ambisius'})",0.08596931972884592,0.15831076055072912,0.03409636355980969,0.3966108335782153,2.5052676912074165,1.0,0.02048649516950729,1.39493594895091,0.6573532720373539,0.16222171770456337,0.2831212065671759,0.30599349636498663,apriori,"{'credit_large', 'age_young'} -> {'burden_high', 'cluster_2_ambisius'}"
"frozenset({'age_young', 'cluster_2_ambisius'})","frozenset({'credit_large', 'burden_high'})",0.09507234986175632,0.15166945025332979,0.03409636355980969,0.358635961027458,2.364589312010013,1.0,0.019676792521984874,1.3226974045905133,0.6377234469663124,0.1603437351496911,0.24396918257385974,0.2917215116891218,apriori,"{'age_young', 'cluster_2_ambisius'} -> {'credit_large', 'burden_high'}"
"frozenset({'age_young', 'income_low', 'burden_high'})",frozenset({'credit_small'}),0.049952983116026445,0.334033206551487,0.03190411362647542,0.6386828500786693,1.9120340060568932,1.0,0.015218158499416812,1.8431640833918717,0.5020769931861062,0.09061555755754161,0.45745470573636837,0.3670973262502488,apriori,"{'age_young', 'income_low', 'burden_high'} -> {'credit_small'}"
"frozenset({'age_young', 'income_low', 'credit_small'})",frozenset({'burden_high'}),0.05842725014385763,0.3333342689927159,0.03190411362647542,0.5460485226999761,1.6381409698740228,1.0,0.01242830891051808,1.4685836798514786,0.41372472393617155,0.08865765477648381,0.31907182837471515,0.32088029745885355,apriori,"{'age_young', 'income_low', 'credit_small'} -> {'burden_high'}"
"frozenset({'age_young', 'burden_high', 'credit_small'})",frozenset({'income_low'}),0.03263112096672328,0.320088139113837,0.03190411362647542,0.9777204301075267,3.0545350190555096,1.0,0.021459278839038455,30.517279470276424,0.6953065616804306,0.09944703041332728,0.9672316793187943,0.5386966659057097,apriori,"{'age_young', 'burden_high', 'credit_small'} -> {'income_low'}"
"frozenset({'burden_low', 'age_young', 'credit_small'})",frozenset({'cluster_0_minimal'}),0.0783876717519754,0.3540722235477397,0.06134931439558743,0.7826398338465946,2.2103960203505513,1.0,0.033594417159635154,2.9716934242513715,0.594167812749083,0.1653127600030255,0.6634915325251225,0.4779538157658532,apriori,"{'burden_low', 'age_young', 'credit_small'} -> {'cluster_0_minimal'}"
"frozenset({'burden_low', 'age_young', 'cluster_0_minimal'})",frozenset({'credit_small'}),0.07945151646994428,0.334033206551487,0.06134931439558743,0.7721603956898075,2.311627648225413,1.0,0.034809869583753664,2.9229632638486844,0.6163764193723511,0.17422080510163415,0.6578814341021538,0.47791135892758374,apriori,"{'burden_low', 'age_young', 'cluster_0_minimal'} -> {'credit_small'}"
"frozenset({'burden_low', 'credit_small', 'cluster_0_minimal'})",frozenset({'age_young'}),0.1346647766347139,0.33341286438085077,0.06134931439558743,0.4555706096925482,1.3663858187912004,1.0,0.0164503454866,1.2243775730819975,0.30987099573014665,0.15083609962801675,0.18325848007587647,0.31978732538845295,apriori,"{'burden_low', 'credit_small', 'cluster_0_minimal'} -> {'age_young'}"
"frozenset({'age_young', 'credit_small', 'cluster_0_minimal'})",frozenset({'burden_low'}),0.10207295336205807,0.33334268992715893,0.06134931439558743,0.6010339896601035,1.8030513577227076,1.0,0.027324041553069556,1.6709626704913698,0.4960142690761802,0.16400651343583741,0.401542585205727,0.39253838340316444,apriori,"{'age_young', 'credit_small', 'cluster_0_minimal'} -> {'burden_low'}"
"frozenset({'burden_low', 'age_young'})","frozenset({'credit_small', 'cluster_0_minimal'})",0.1195913039816985,0.24575374380710446,0.06134931439558743,0.5129914329304073,2.087420622707019,1.0,0.03195930371531155,1.5487330350907667,0.5917023195052165,0.20180978762696217,0.3543109255486418,0.3813143935791144,apriori,"{'burden_low', 'age_young'} -> {'credit_small', 'cluster_0_minimal'}"
"frozenset({'age_young', 'credit_small'})","frozenset({'burden_low', 'cluster_0_minimal'})",0.1285259154257484,0.17854907299546674,0.06134931439558743,0.47733030488337563,2.6733843916148183,1.0,0.038401131340426296,1.5716444528532332,0.7182569365430657,0.24966587084908784,0.3637237746841815,0.4104647405502888,apriori,"{'age_young', 'credit_small'} -> {'burden_low', 'cluster_0_minimal'}"
"frozenset({'age_young', 'cluster_0_minimal'})","frozenset({'burden_low', 'credit_small'})",0.15637955958512864,0.19042539753828017,0.06134931439558743,0.39231031573656905,2.0601785308480456,1.0,0.03157067459472814,1.332217122367298,0.6099960943443347,0.21491715423570482,0.24937160526578508,0.3572400635286619,apriori,"{'age_young', 'cluster_0_minimal'} -> {'burden_low', 'credit_small'}"
"frozenset({'emp_mid', 'burden_low', 'age_young'})",frozenset({'cluster_0_minimal'}),0.05914864352781014,0.3540722235477397,0.040142594489901894,0.6786731207289294,1.9167646474178273,1.0,0.019199702756177536,2.0101890570672025,0.5083561143006005,0.10759831767122358,0.5025343529334669,0.39602357479287753,apriori,"{'emp_mid', 'burden_low', 'age_young'} -> {'cluster_0_minimal'}"
"frozenset({'emp_mid', 'burden_low', 'cluster_0_minimal'})",frozenset({'age_young'}),0.06700818234130047,0.33341286438085077,0.040142594489901894,0.5990700402144772,1.796781420917735,1.0,0.01780120447853456,1.662602455490579,0.4752981408691376,0.11142102515757571,0.39853330740755266,0.35973454864739685,apriori,"{'emp_mid', 'burden_low', 'cluster_0_minimal'} -> {'age_young'}"
"frozenset({'emp_mid', 'age_young', 'cluster_0_minimal'})",frozenset({'burden_low'}),0.07974905615359784,0.33334268992715893,0.040142594489901894,0.5033613741156594,1.5100417358054332,1.0,0.013558829592509543,1.3423388261147757,0.3670375461155991,0.10763556993941217,0.2550316056234705,0.3118928886493416,apriori,"{'emp_mid', 'age_young', 'cluster_0_minimal'} -> {'burden_low'}"
"frozenset({'burden_low', 'age_young', 'cluster_0_minimal'})",frozenset({'emp_mid'}),0.07945151646994428,0.33341005740270313,0.040142594489901894,0.5052464228934818,1.5153904679102985,1.0,0.013652659822925958,1.347317075493894,0.369458075803394,0.10770204017080498,0.25778421561723014,0.3128232468065267,apriori,"{'burden_low', 'age_young', 'cluster_0_minimal'} -> {'emp_mid'}"
"frozenset({'emp_mid', 'burden_low'})","frozenset({'age_young', 'cluster_0_minimal'})",0.11261034932843048,0.15637955958512864,0.040142594489901894,0.3564734034597936,2.2795396304063607,1.0,0.02253263765719445,1.3109332931232835,0.6325461769792707,0.1754121283485428,0.23718467961286457,0.3065865787739276,apriori,"{'emp_mid', 'burden_low'} -> {'age_young', 'cluster_0_minimal'}"
"frozenset({'burden_low', 'age_young', 'cluster_0_minimal'})",frozenset({'risk_score_low'}),0.07945151646994428,0.3333342689927159,0.0424106328332234,0.5337926161455574,1.6013733534166628,1.0,0.015926719670351794,1.4299767744893286,0.4079481013967609,0.11450723012095673,0.3006879427415045,0.33051207875453564,apriori,"{'burden_low', 'age_young', 'cluster_0_minimal'} -> {'risk_score_low'}"
"frozenset({'burden_low', 'age_young', 'risk_score_low'})",frozenset({'cluster_0_minimal'}),0.0637998063185078,0.3540722235477397,0.0424106328332234,0.66474547934357,1.8774290529851236,1.0,0.019820893548114206,1.9266787967169854,0.49920594602389057,0.11295604066985647,0.4809721258655173,0.3922625446503802,apriori,"{'burden_low', 'age_young', 'risk_score_low'} -> {'cluster_0_minimal'}"
"frozenset({'burden_low', 'cluster_0_minimal', 'risk_score_low'})",frozenset({'age_young'}),0.06828535739849265,0.33341286438085077,0.0424106328332234,0.6210794590372838,1.8627939272548202,1.0,0.01964341622772184,1.7591739258198145,0.4971178360228289,0.11804090688917016,0.43155137458396686,0.3741405040598105,apriori,"{'burden_low', 'cluster_0_minimal', 'risk_score_low'} -> {'age_young'}"
"frozenset({'risk_score_low', 'age_young', 'cluster_0_minimal'})",frozenset({'burden_low'}),0.08730544132713927,0.33334268992715893,0.0424106328332234,0.4857730765521011,1.457278324172193,1.0,0.013308002175957043,1.296426304563935,0.3438053646275766,0.11212699166598639,0.22864878899818436,0.30650070189021417,apriori,"{'risk_score_low', 'age_young', 'cluster_0_minimal'} -> {'burden_low'}"
"frozenset({'burden_low', 'age_young'})","frozenset({'risk_score_low', 'cluster_0_minimal'})",0.1195913039816985,0.1422127408738123,0.0424106328332234,0.35462973829362754,2.4936565888164433,1.0,0.02540322570931279,1.3291397357823402,0.680345929204368,0.19330859774820883,0.24763365876546192,0.32642469071637004,apriori,"{'burden_low', 'age_young'} -> {'risk_score_low', 'cluster_0_minimal'}"
"frozenset({'burden_low', 'risk_score_low'})","frozenset({'age_young', 'cluster_0_minimal'})",0.12070006035003017,0.15637955958512864,0.0424106328332234,0.35137209302325584,2.246918292617257,1.0,0.02353561055378723,1.300623101998475,0.6311225138507355,0.18072534149900718,0.23113775354024704,0.31128763327187275,apriori,"{'burden_low', 'risk_score_low'} -> {'age_young', 'cluster_0_minimal'}"
"frozenset({'emp_mid', 'burden_low', 'age_young'})",frozenset({'credit_small'}),0.05914864352781014,0.334033206551487,0.039685057051830855,0.6709377372817009,2.008595924364437,1.0,0.01992744599106558,2.0238321706874918,0.5337078816164875,0.11226426331043793,0.5058878821654951,0.39487173080167265,apriori,"{'emp_mid', 'burden_low', 'age_young'} -> {'credit_small'}"
"frozenset({'emp_mid', 'burden_low', 'credit_small'})",frozenset({'age_young'}),0.0688664018750614,0.33341286438085077,0.039685057051830855,0.5762615146327545,1.7283721661516416,1.0,0.01672411274306384,1.5731097330973651,0.4525890892544025,0.1094475754010033,0.3643164370796588,0.34764414340831196,apriori,"{'emp_mid', 'burden_low', 'credit_small'} -> {'age_young'}"
"frozenset({'emp_mid', 'age_young', 'credit_small'})",frozenset({'burden_low'}),0.06489452779610111,0.33334268992715893,0.039685057051830855,0.6115316406418964,1.8345434266925922,1.0,0.018052940594725727,1.7161173980151447,0.4864747970832684,0.11068140539863469,0.41728928268159493,0.3652917350192767,apriori,"{'emp_mid', 'age_young', 'credit_small'} -> {'burden_low'}"
"frozenset({'burden_low', 'age_young', 'credit_small'})",frozenset({'emp_mid'}),0.0783876717519754,0.33341005740270313,0.039685057051830855,0.5062665616271576,1.5184501798506724,1.0,0.013549818913340485,1.350100865750806,0.3704744027129515,0.10664795914518696,0.25931459984370214,0.31264716794851005,apriori,"{'burden_low', 'age_young', 'credit_small'} -> {'emp_mid'}"
"frozenset({'emp_mid', 'burden_low'})","frozenset({'age_young', 'credit_small'})",0.11261034932843048,0.1285259154257484,0.039685057051830855,0.3524103893514134,2.7419403175152395,1.0,0.025211708817981016,1.3457196814838273,0.7159140971387301,0.19699587559915285,0.2569031918316207,0.33059062317225607,apriori,"{'emp_mid', 'burden_low'} -> {'age_young', 'credit_small'}"
"frozenset({'burden_low', 'age_young', 'credit_small'})",frozenset({'risk_score_low'}),0.0783876717519754,0.3333342689927159,0.043078693632370074,0.5495595502399199,1.6486740229278045,1.0,0.016949396370884388,1.4800307817878542,0.42691698694299834,0.1168574060960474,0.3243383770761744,0.3393976341875967,apriori,"{'burden_low', 'age_young', 'credit_small'} -> {'risk_score_low'}"
"frozenset({'burden_low', 'age_young', 'risk_score_low'})",frozenset({'credit_small'}),0.0637998063185078,0.334033206551487,0.043078693632370074,0.6752166835320517,2.0214058671079322,1.0,0.021767439750435092,2.0504956987660874,0.5397294300168693,0.12143247113931464,0.5123130467419351,0.40209099317231656,apriori,"{'burden_low', 'age_young', 'risk_score_low'} -> {'credit_small'}"
"frozenset({'burden_low', 'credit_small', 'risk_score_low'})",frozenset({'age_young'}),0.07350633675316838,0.33341286438085077,0.043078693632370074,0.5860541490052316,1.757743061574834,1.0,0.0185707353453528,1.610324476057072,0.4652904327892537,0.11839993828112946,0.3790071411890042,0.35762970120744825,apriori,"{'burden_low', 'credit_small', 'risk_score_low'} -> {'age_young'}"
"frozenset({'risk_score_low', 'age_young', 'credit_small'})",frozenset({'burden_low'}),0.07040743287813504,0.33334268992715893,0.043078693632370074,0.6118486624406969,1.8354944653935452,1.0,0.01960889056590665,1.7175190333357715,0.48966363870627166,0.11944027208131308,0.4177648220539389,0.37054055790554064,apriori,"{'risk_score_low', 'age_young', 'credit_small'} -> {'burden_low'}"
"frozenset({'burden_low', 'age_young'})","frozenset({'risk_score_low', 'credit_small'})",0.1195913039816985,0.12530350451221736,0.043078693632370074,0.36021593709658495,2.8747475060560905,1.0,0.02809348413427736,1.3671745612391584,0.7407279889877538,0.2134551726056358,0.2685645064273025,0.3520053699819843,apriori,"{'burden_low', 'age_young'} -> {'risk_score_low', 'credit_small'}"
"frozenset({'burden_low', 'risk_score_low'})","frozenset({'age_young', 'credit_small'})",0.12070006035003017,0.1285259154257484,0.043078693632370074,0.3569069767441861,2.7769261596924966,1.0,0.02756560788393937,1.3551291229411935,0.727726191705501,0.20897046608842476,0.262062940666802,0.34604106590332395,apriori,"{'burden_low', 'risk_score_low'} -> {'age_young', 'credit_small'}"
"frozenset({'emp_mid', 'burden_low', 'age_young'})",frozenset({'risk_score_low'}),0.05914864352781014,0.3333342689927159,0.03273497915818725,0.5534358390280941,1.6603028566504452,1.0,0.013018709305933924,1.4928778197434103,0.42270252845437767,0.09099421045239618,0.3301528184189407,0.32582025042215806,apriori,"{'emp_mid', 'burden_low', 'age_young'} -> {'risk_score_low'}"
"frozenset({'emp_mid', 'burden_low', 'risk_score_low'})",frozenset({'age_young'}),0.049037908239884354,0.33341286438085077,0.03273497915818725,0.6675443617630222,2.0021553847439426,1.0,0.016385109708682087,2.005040850424679,0.5263493365695358,0.09360452049956657,0.5012570443199725,0.382862936901043,apriori,"{'emp_mid', 'burden_low', 'risk_score_low'} -> {'age_young'}"
"frozenset({'burden_low', 'age_young', 'risk_score_low'})",frozenset({'emp_mid'}),0.0637998063185078,0.33341005740270313,0.03273497915818725,0.5130890052356021,1.53891280074937,1.0,0.011463482071252223,1.3690180541514376,0.3740552552461412,0.08981408745744959,0.26954944314461005,0.30563567193224217,apriori,"{'burden_low', 'age_young', 'risk_score_low'} -> {'emp_mid'}"
"frozenset({'risk_score_low', 'age_young', 'credit_med'})",frozenset({'cluster_0_minimal'}),0.06270227786276684,0.3540722235477397,0.032311125457888314,0.515310233682514,1.455381697324909,1.0,0.01010999051351024,1.3326622952240315,0.33382672429239413,0.08404214153774268,0.24962235100086494,0.30328299063228287,apriori,"{'risk_score_low', 'age_young', 'credit_med'} -> {'cluster_0_minimal'}"
"frozenset({'risk_score_low', 'cluster_0_minimal', 'credit_med'})",frozenset({'age_young'}),0.05116559767582209,0.33341286438085077,0.032311125457888314,0.631500987491771,1.894051054881974,1.0,0.015251856979034268,1.8089251612424975,0.4974852580100297,0.09172330812688752,0.44718553236711595,0.36420562087166425,apriori,"{'risk_score_low', 'cluster_0_minimal', 'credit_med'} -> {'age_young'}"
"frozenset({'age_young', 'cluster_0_minimal', 'credit_med'})",frozenset({'risk_score_low'}),0.0537367896590925,0.3333342689927159,0.032311125457888314,0.6012849979105725,1.8038499303643813,1.0,0.014398811958859378,1.6720357335783373,0.4709367897031851,0.09107884638208649,0.4019266574764572,0.34910905109756596,apriori,"{'age_young', 'cluster_0_minimal', 'credit_med'} -> {'risk_score_low'}"
"frozenset({'emp_mid', 'age_young', 'credit_small'})",frozenset({'cluster_0_minimal'}),0.06489452779610111,0.3540722235477397,0.05176067704312922,0.7976123534754963,2.252682646166267,1.0,0.0287833272902831,3.1915375643940593,0.59467605147627,0.14095811770461475,0.6866713990283682,0.47189956503646385,apriori,"{'emp_mid', 'age_young', 'credit_small'} -> {'cluster_0_minimal'}"
"frozenset({'emp_mid', 'age_young', 'cluster_0_minimal'})",frozenset({'credit_small'}),0.07974905615359784,0.334033206551487,0.05176067704312922,0.6490443842173806,1.9430534793771728,1.0,0.02512184409668834,1.8975812424697327,0.5274062792641896,0.14297677015166083,0.4730133405521633,0.4020005326268372,apriori,"{'emp_mid', 'age_young', 'cluster_0_minimal'} -> {'credit_small'}"
"frozenset({'emp_mid', 'credit_small', 'cluster_0_minimal'})",frozenset({'age_young'}),0.08607317792030988,0.33341286438085077,0.05176067704312922,0.6013566397078007,1.8036395830872416,1.0,0.0230627722463561,1.672139064678141,0.48752864563969184,0.1407590607920369,0.40196361587157614,0.37830081522349124,apriori,"{'emp_mid', 'credit_small', 'cluster_0_minimal'} -> {'age_young'}"
"frozenset({'age_young', 'credit_small', 'cluster_0_minimal'})",frozenset({'emp_mid'}),0.10207295336205807,0.33341005740270313,0.05176067704312922,0.5070949290507095,1.5209347102514799,1.0,0.017728527803421996,1.3523698210560202,0.38144477574929925,0.1348909680109434,0.2605572939958586,0.3311706133984721,apriori,"{'age_young', 'credit_small', 'cluster_0_minimal'} -> {'emp_mid'}"
"frozenset({'emp_mid', 'credit_small'})","frozenset({'age_young', 'cluster_0_minimal'})",0.11368822893713773,0.15637955958512864,0.05176067704312922,0.45528615870821193,2.911417322801494,1.0,0.03398216187192635,1.5487405982088263,0.7407378535047985,0.23710027901713962,0.3543140787059267,0.3931400189172084,apriori,"{'emp_mid', 'credit_small'} -> {'age_young', 'cluster_0_minimal'}"
"frozenset({'emp_mid', 'cluster_0_minimal'})","frozenset({'age_young', 'credit_small'})",0.1315518378689422,0.1285259154257484,0.05176067704312922,0.3934622114112576,3.0613453334130685,1.0,0.034852856655083794,1.4368009726186193,0.7753441800471491,0.24847063896299887,0.3040093798256097,0.3980939081866282,apriori,"{'emp_mid', 'cluster_0_minimal'} -> {'age_young', 'credit_small'}"
"frozenset({'age_young', 'credit_small'})","frozenset({'emp_mid', 'cluster_0_minimal'})",0.1285259154257484,0.1315518378689422,0.05176067704312922,0.40272560496199883,3.061345333413069,1.0,0.034852856655083794,1.4540187380304548,0.7726520387693616,0.24847063896299887,0.31225095396325303,0.3980939081866282,apriori,"{'age_young', 'credit_small'} -> {'emp_mid', 'cluster_0_minimal'}"
"frozenset({'income_low', 'age_young', 'credit_small'})",frozenset({'cluster_0_minimal'}),0.05842725014385763,0.3540722235477397,0.049164222256529735,0.8414604852269999,2.376522159224234,1.0,0.028476755882314072,4.074238383895094,0.6151591070894976,0.1353136588380717,0.7545553534734583,0.4901570699482074,apriori,"{'income_low', 'age_young', 'credit_small'} -> {'cluster_0_minimal'}"
"frozenset({'income_low', 'age_young', 'cluster_0_minimal'})",frozenset({'credit_small'}),0.06126791202930485,0.334033206551487,0.049164222256529735,0.8024465112017227,2.40229562649196,1.0,0.028698705142666613,3.3710707793600876,0.6218297065050421,0.14203693041285184,0.7033583494827053,0.47481507415700797,apriori,"{'income_low', 'age_young', 'cluster_0_minimal'} -> {'credit_small'}"
"frozenset({'age_young', 'credit_small', 'cluster_0_minimal'})",frozenset({'income_low'}),0.10207295336205807,0.320088139113837,0.049164222256529735,0.48165768342316584,1.504765795935562,1.0,0.016491880561015096,1.3117043296336375,0.37357684870772523,0.1318086723559248,0.23763307217313023,0.31762678616625833,apriori,"{'age_young', 'credit_small', 'cluster_0_minimal'} -> {'income_low'}"
"frozenset({'income_low', 'age_young'})","frozenset({'credit_small', 'cluster_0_minimal'})",0.10079297132671822,0.24575374380710446,0.049164222256529735,0.4877743121310015,1.9848092833688928,1.0,0.0243939722035466,1.472488151327923,0.5517897875836879,0.16532318960960507,0.320877387639298,0.3439145686593032,apriori,"{'income_low', 'age_young'} -> {'credit_small', 'cluster_0_minimal'}"
"frozenset({'age_young', 'credit_small'})","frozenset({'income_low', 'cluster_0_minimal'})",0.1285259154257484,0.15868128166622222,0.049164222256529735,0.38252380536385083,2.4106422720259446,1.0,0.0287695652694475,1.362511989356171,0.6714746929161033,0.20653506910051414,0.2660615041835111,0.34617690506999566,apriori,"{'age_young', 'credit_small'} -> {'income_low', 'cluster_0_minimal'}"
"frozenset({'risk_score_low', 'age_young', 'credit_small'})",frozenset({'cluster_0_minimal'}),0.07040743287813504,0.3540722235477397,0.05446099002119269,0.7735119403580114,2.1846162701145024,1.0,0.029531673707743178,2.851928607067778,0.5833240559849024,0.14718443950508645,0.6493600865317052,0.46366258188028997,apriori,"{'risk_score_low', 'age_young', 'credit_small'} -> {'cluster_0_minimal'}"
"frozenset({'risk_score_low', 'age_young', 'cluster_0_minimal'})",frozenset({'credit_small'}),0.08730544132713927,0.334033206551487,0.05446099002119269,0.6237983474262933,1.8674740570445132,1.0,0.025298073505295646,1.7702388835679939,0.5089515681800407,0.14844455325855763,0.43510448827987774,0.39341949707177387,apriori,"{'risk_score_low', 'age_young', 'cluster_0_minimal'} -> {'credit_small'}"
"frozenset({'risk_score_low', 'credit_small', 'cluster_0_minimal'})",frozenset({'age_young'}),0.09038750333328655,0.33341286438085077,0.05446099002119269,0.6025278718052235,1.807152441235645,1.0,0.024324633630607922,1.6770663609713439,0.4910258517142424,0.14745514101794363,0.40372067362867625,0.3829359345555836,apriori,"{'risk_score_low', 'credit_small', 'cluster_0_minimal'} -> {'age_young'}"
"frozenset({'age_young', 'credit_small', 'cluster_0_minimal'})",frozenset({'risk_score_low'}),0.10207295336205807,0.3333342689927159,0.05446099002119269,0.5335496645033551,1.60064450053593,1.0,0.020436576728323476,1.4292319680667895,0.4179088468894575,0.14296240623664472,0.30032351476673036,0.3484660879778969,apriori,"{'age_young', 'credit_small', 'cluster_0_minimal'} -> {'risk_score_low'}"
"frozenset({'risk_score_low', 'credit_small'})","frozenset({'age_young', 'cluster_0_minimal'})",0.12530350451221736,0.15637955958512864,0.05446099002119269,0.43463261648745527,2.779344165187097,1.0,0.03486608317109896,1.4921632641302742,0.7319143185111411,0.23968177494471832,0.3298320471769137,0.39144709031549085,apriori,"{'risk_score_low', 'credit_small'} -> {'age_young', 'cluster_0_minimal'}"
"frozenset({'risk_score_low', 'cluster_0_minimal'})","frozenset({'age_young', 'credit_small'})",0.1422127408738123,0.1285259154257484,0.05446099002119269,0.3829543660192642,2.979588705909692,1.0,0.03618296731518121,1.4123332806880522,0.7745314492886743,0.2518105126541207,0.2919518263332109,0.40334492128166843,apriori,"{'risk_score_low', 'cluster_0_minimal'} -> {'age_young', 'credit_small'}"
"frozenset({'age_young', 'credit_small'})","frozenset({'risk_score_low', 'cluster_0_minimal'})",0.1285259154257484,0.1422127408738123,0.05446099002119269,0.42373547654407273,2.9795887059096917,1.0,0.03618296731518121,1.4885303956973353,0.7623671440751361,0.2518105126541207,0.32819645276270776,0.40334492128166843,apriori,"{'age_young', 'credit_small'} -> {'risk_score_low', 'cluster_0_minimal'}"
"frozenset({'age_young', 'credit_small', 'risk_score_med'})",frozenset({'cluster_0_minimal'}),0.03871664959088293,0.3540722235477397,0.03141569942877995,0.8114260856956428,2.2916965289321483,1.0,0.01770720921981734,3.425329419687055,0.5863432977306918,0.0869342322958498,0.7080572764031081,0.45007644858747575,apriori,"{'age_young', 'credit_small', 'risk_score_med'} -> {'cluster_0_minimal'}"
"frozenset({'age_young', 'cluster_0_minimal', 'risk_score_med'})",frozenset({'credit_small'}),0.046595837251407,0.334033206551487,0.03141569942877995,0.6742168674698795,2.0184127034267103,1.0,0.01585114249974124,2.044202805333823,0.529220663918647,0.08996133720229245,0.5108117465690017,0.38413324865246146,apriori,"{'age_young', 'cluster_0_minimal', 'risk_score_med'} -> {'credit_small'}"
"frozenset({'emp_mid', 'income_low', 'age_young'})",frozenset({'cluster_0_minimal'}),0.0495179015031368,0.3540722235477397,0.030972196881447277,0.6254747463295731,1.7665174072747905,1.0,0.01343928339081367,1.7246574700157897,0.45652036822007785,0.08312052249768355,0.4201747202643985,0.3564744906532914,apriori,"{'emp_mid', 'income_low', 'age_young'} -> {'cluster_0_minimal'}"
"frozenset({'emp_mid', 'age_young', 'cluster_0_minimal'})",frozenset({'income_low'}),0.07974905615359784,0.320088139113837,0.030972196881447277,0.38837070148885994,1.213324250514446,1.0,0.005445469901157254,1.1116404373388258,0.19105441543474982,0.08396621261700023,0.10042855008592862,0.24256608263782925,apriori,"{'emp_mid', 'age_young', 'cluster_0_minimal'} -> {'income_low'}"
"frozenset({'emp_mid', 'income_low', 'cluster_0_minimal'})",frozenset({'age_young'}),0.052212600524904916,0.33341286438085077,0.030972196881447277,0.5931939143056825,1.779157248198105,1.0,0.013563844183665616,1.638586931366697,0.4620615708603247,0.08733092198469294,0.389718066916395,0.3430441704884196,apriori,"{'emp_mid', 'income_low', 'cluster_0_minimal'} -> {'age_young'}"
"frozenset({'income_low', 'age_young', 'cluster_0_minimal'})",frozenset({'emp_mid'}),0.06126791202930485,0.33341005740270313,0.030972196881447277,0.505520685389655,1.5162130660595858,1.0,0.010544858814812982,1.3480643636682292,0.36268291261025704,0.08515728706819373,0.2581956567126427,0.2992079470693381,apriori,"{'income_low', 'age_young', 'cluster_0_minimal'} -> {'emp_mid'}"
"frozenset({'emp_mid', 'risk_score_low', 'age_young'})",frozenset({'cluster_0_minimal'}),0.0863089640847146,0.3540722235477397,0.04596146019003242,0.5325224404839339,1.5039938325242102,1.0,0.015401853364455518,1.381730017417149,0.3667581745424868,0.11652931380503011,0.27626961316995363,0.33116529507944914,apriori,"{'emp_mid', 'risk_score_low', 'age_young'} -> {'cluster_0_minimal'}"
"frozenset({'emp_mid', 'risk_score_low', 'cluster_0_minimal'})",frozenset({'age_young'}),0.06258157780241681,0.33341286438085077,0.04596146019003242,0.7344247589145548,2.2027487160052597,1.0,0.025095957077455565,2.509974698299094,0.5824738882619254,0.1313060841532947,0.6015896093782702,0.43613812453220585,apriori,"{'emp_mid', 'risk_score_low', 'cluster_0_minimal'} -> {'age_young'}"
"frozenset({'emp_mid', 'age_young', 'cluster_0_minimal'})",frozenset({'risk_score_low'}),0.07974905615359784,0.3333342689927159,0.04596146019003242,0.5763260708880363,1.728973359473671,1.0,0.019378366854213836,1.5735349409028785,0.4581599092283383,0.12519401478717632,0.3644882143982071,0.3571050322103884,apriori,"{'emp_mid', 'age_young', 'cluster_0_minimal'} -> {'risk_score_low'}"
"frozenset({'risk_score_low', 'age_young', 'cluster_0_minimal'})",frozenset({'emp_mid'}),0.08730544132713927,0.33341005740270313,0.04596146019003242,0.5264443944314053,1.5789697483407026,1.0,0.016852947985582588,1.407627604359001,0.4017506622446042,0.12264433591994489,0.2895848327332459,0.3321485225762462,apriori,"{'risk_score_low', 'age_young', 'cluster_0_minimal'} -> {'emp_mid'}"
"frozenset({'risk_score_low', 'age_young', 'income_low'})",frozenset({'cluster_0_minimal'}),0.054907299546673026,0.3540722235477397,0.035188278059255305,0.6408670313378662,1.8099895691237633,1.0,0.015747128419762987,1.798575549492194,0.47350977104227643,0.09413885029850184,0.4440044510321861,0.3701243353930491,apriori,"{'risk_score_low', 'age_young', 'income_low'} -> {'cluster_0_minimal'}"
"frozenset({'risk_score_low', 'age_young', 'cluster_0_minimal'})",frozenset({'income_low'}),0.08730544132713927,0.320088139113837,0.035188278059255305,0.4030479374979905,1.2591779833324266,1.0,0.007242841810339018,1.138972295424265,0.22552023918776545,0.09453996983408747,0.12201551871153989,0.2564905135211226,apriori,"{'risk_score_low', 'age_young', 'cluster_0_minimal'} -> {'income_low'}"
"frozenset({'risk_score_low', 'income_low', 'cluster_0_minimal'})",frozenset({'age_young'}),0.062121233386198085,0.33341286438085077,0.035188278059255305,0.5664452577832,1.6989304202016664,1.0,0.014476259697091664,1.5374924333910778,0.43864344807938166,0.09765141187925998,0.34959029502707195,0.3359924554617296,apriori,"{'risk_score_low', 'income_low', 'cluster_0_minimal'} -> {'age_young'}"
"frozenset({'income_low', 'age_young', 'cluster_0_minimal'})",frozenset({'risk_score_low'}),0.06126791202930485,0.3333342689927159,0.035188278059255305,0.5743345397901681,1.7229987829505722,1.0,0.014765583390256947,1.5661729534706694,0.4470035088877888,0.09790461017002099,0.36150091355876074,0.33994953882529155,apriori,"{'income_low', 'age_young', 'cluster_0_minimal'} -> {'risk_score_low'}"
"frozenset({'credit_large', 'age_young', 'emp_mid'})",frozenset({'cluster_2_ambisius'}),0.03934541269596216,0.35070104279238185,0.03025641745379012,0.7689947920382393,2.1927359722551243,1.0,0.01645794019221957,2.8107546272943744,0.5662271835832998,0.08409465036629037,0.6442236578428769,0.4276344468999495,apriori,"{'credit_large', 'age_young', 'emp_mid'} -> {'cluster_2_ambisius'}"
"frozenset({'credit_large', 'age_young', 'cluster_2_ambisius'})",frozenset({'emp_mid'}),0.06598644229554673,0.33341005740270313,0.03025641745379012,0.4585247575293517,1.3752577264804315,1.0,0.008255873940231726,1.2310626420439352,0.29214090423908967,0.08196459530979103,0.18769365112103614,0.27463656106962875,apriori,"{'credit_large', 'age_young', 'cluster_2_ambisius'} -> {'emp_mid'}"
"frozenset({'credit_large', 'emp_mid', 'cluster_2_ambisius'})",frozenset({'age_young'}),0.07494912352107339,0.33341286438085077,0.03025641745379012,0.4036927455900528,1.210789350733998,1.0,0.005267415497794848,1.1178585044697213,0.18819776201194252,0.08002108357708126,0.10543239953756929,0.24722017309810773,apriori,"{'credit_large', 'emp_mid', 'cluster_2_ambisius'} -> {'age_young'}"
"frozenset({'emp_mid', 'age_young', 'cluster_2_ambisius'})",frozenset({'credit_large'}),0.043628861349314395,0.3220389889264712,0.03025641745379012,0.6934954641961011,2.153451873973067,1.0,0.016206223056843716,2.211911837765713,0.560064243946651,0.09020687577411039,0.5479024150392379,0.39372405871404664,apriori,"{'emp_mid', 'age_young', 'cluster_2_ambisius'} -> {'credit_large'}"
"frozenset({'credit_large', 'age_young'})","frozenset({'emp_mid', 'cluster_2_ambisius'})",0.08596931972884592,0.10721814430674657,0.03025641745379012,0.3519443628171221,3.282507499945384,1.0,0.021038946525149885,1.3776314940708017,0.7607565718198372,0.18570074941855455,0.2741164786781462,0.3170696497961307,apriori,"{'credit_large', 'age_young'} -> {'emp_mid', 'cluster_2_ambisius'}"
"frozenset({'emp_mid', 'risk_score_low', 'credit_med'})",frozenset({'age_young'}),0.050542448527038215,0.33341286438085077,0.032010778796087075,0.6333444407419749,1.8995800954414237,1.0,0.015159276259865552,1.8180199884820363,0.4987772934423121,0.09095404444019078,0.4499510421582578,0.36467693496940473,apriori,"{'emp_mid', 'risk_score_low', 'credit_med'} -> {'age_young'}"
"frozenset({'emp_mid', 'age_young', 'credit_med'})",frozenset({'risk_score_low'}),0.058601282789013484,0.3333342689927159,0.032010778796087075,0.546247066149351,1.6387365985502311,1.0,0.012476963035575842,1.4692262711114823,0.41403689780914044,0.0889374147007214,0.31936964396675854,0.3211395664888496,apriori,"{'emp_mid', 'age_young', 'credit_med'} -> {'risk_score_low'}"
"frozenset({'risk_score_low', 'age_young', 'credit_med'})",frozenset({'emp_mid'}),0.06270227786276684,0.33341005740270313,0.032010778796087075,0.5105201898110843,1.5312081278773841,1.0,0.011105208734581741,1.3618333764165371,0.37012883828700754,0.08791717098517496,0.2656957765043534,0.30326521365548953,apriori,"{'risk_score_low', 'age_young', 'credit_med'} -> {'emp_mid'}"
"frozenset({'emp_mid', 'risk_score_low', 'age_young'})",frozenset({'credit_small'}),0.0863089640847146,0.334033206551487,0.03690053472933713,0.42754000260179525,1.279932636086273,1.0,0.008070474701982785,1.1633420614109122,0.2393685322160989,0.09623507536437706,0.14040759534887745,0.2690048312603097,apriori,"{'emp_mid', 'risk_score_low', 'age_young'} -> {'credit_small'}"
"frozenset({'emp_mid', 'risk_score_low', 'credit_small'})",frozenset({'age_young'}),0.052131198158622334,0.33341286438085077,0.03690053472933713,0.7078397587766531,2.1230127400486323,1.0,0.019519322627665127,2.2815805902541175,0.5580638021684613,0.10584029757016569,0.5617073513547807,0.409257478310704,apriori,"{'emp_mid', 'risk_score_low', 'credit_small'} -> {'age_young'}"
"frozenset({'emp_mid', 'age_young', 'credit_small'})",frozenset({'risk_score_low'}),0.06489452779610111,0.3333342689927159,0.03690053472933713,0.5686232103464682,1.7058648427140684,1.0,0.015268964744796287,1.5454371839123031,0.4425031170255621,0.10212468440473878,0.3529339073695113,0.339662251899184,apriori,"{'emp_mid', 'age_young', 'credit_small'} -> {'risk_score_low'}"
"frozenset({'risk_score_low', 'age_young', 'credit_small'})",frozenset({'emp_mid'}),0.07040743287813504,0.33341005740270313,0.03690053472933713,0.5240999880397081,1.5719381476446697,1.0,0.01342598849186116,1.4006932671666246,0.39140013261781265,0.1005691728633067,0.28606781838622103,0.3173880588292901,apriori,"{'risk_score_low', 'age_young', 'credit_small'} -> {'emp_mid'}"
"frozenset({'risk_score_low', 'age_young', 'income_low'})",frozenset({'credit_small'}),0.054907299546673026,0.334033206551487,0.032906204825195434,0.5993047390215224,1.7941471903606898,1.0,0.014565343494537236,1.662028125369528,0.46834784423733367,0.0924242543697128,0.39832546469232327,0.3489082581167393,apriori,"{'risk_score_low', 'age_young', 'income_low'} -> {'credit_small'}"
"frozenset({'risk_score_low', 'age_young', 'credit_small'})",frozenset({'income_low'}),0.07040743287813504,0.320088139113837,0.032906204825195434,0.46736833712075904,1.460123884673349,1.0,0.010369620655450804,1.2765141621712295,0.3389943266832923,0.09202232461752216,0.21661660353294093,0.2850859557623298,apriori,"{'risk_score_low', 'age_young', 'credit_small'} -> {'income_low'}"
"frozenset({'risk_score_low', 'income_low', 'credit_small'})",frozenset({'age_young'}),0.06275841742572034,0.33341286438085077,0.032906204825195434,0.5243313355398515,1.5726187905602778,1.0,0.011981741107276914,1.4013686110176717,0.3884996090479888,0.09058455356797898,0.2864118746931247,0.31151320102468244,apriori,"{'risk_score_low', 'income_low', 'credit_small'} -> {'age_young'}"
"frozenset({'income_low', 'age_young', 'credit_small'})",frozenset({'risk_score_low'}),0.05842725014385763,0.3333342689927159,0.032906204825195434,0.5631996156617823,1.6895941043316176,1.0,0.013430400109238096,1.5262480412358796,0.4334682309298028,0.09169769406464127,0.3447985039245326,0.3309589765185764,apriori,"{'income_low', 'age_young', 'credit_small'} -> {'risk_score_low'}"
"frozenset({'emp_new', 'burden_high', 'cluster_0_minimal'})",frozenset({'credit_small'}),0.04504357833574266,0.334033206551487,0.038059816704326954,0.8449554433850563,2.5295552262850167,1.0,0.02301376579828574,4.295325214818442,0.6331949510438106,0.11160681213937064,0.767188757547368,0.47944783118740636,apriori,"{'emp_new', 'burden_high', 'cluster_0_minimal'} -> {'credit_small'}"
"frozenset({'emp_new', 'burden_high', 'credit_small'})",frozenset({'cluster_0_minimal'}),0.04672495824620005,0.3540722235477397,0.038059816704326954,0.8145500420521447,2.300519464335554,1.0,0.021515806842919608,3.4830300508015304,0.593024617017092,0.10492389361356372,0.712893662869812,0.46102085898389694,apriori,"{'emp_new', 'burden_high', 'credit_small'} -> {'cluster_0_minimal'}"
"frozenset({'emp_new', 'credit_small', 'cluster_0_minimal'})",frozenset({'burden_high'}),0.09412920520413749,0.3333342689927159,0.038059816704326954,0.404335897894674,1.2130042888074903,1.0,0.006683326896740435,1.1191974279648693,0.19384729865846703,0.09773872425699394,0.10650259282816252,0.25925751375466655,apriori,"{'emp_new', 'credit_small', 'cluster_0_minimal'} -> {'burden_high'}"
"frozenset({'burden_high', 'cluster_0_minimal', 'credit_small'})",frozenset({'emp_new'}),0.08159043381847272,0.33339040855566937,0.038059816704326954,0.46647400832559255,1.3991824490286766,1.0,0.01085834863935203,1.2494416426690969,0.31064236986708915,0.10097557342865653,0.1996424916142797,0.2903169556665177,apriori,"{'burden_high', 'cluster_0_minimal', 'credit_small'} -> {'emp_new'}"
"frozenset({'burden_high', 'cluster_0_minimal'})","frozenset({'emp_new', 'credit_small'})",0.10043087114566814,0.12720102174004574,0.038059816704326954,0.3789653148494927,2.979263135354092,1.0,0.02528490728035509,1.4053948984321738,0.7385163761783615,0.20076699834162517,0.2884562188779986,0.33908765345263936,apriori,"{'burden_high', 'cluster_0_minimal'} -> {'emp_new', 'credit_small'}"
"frozenset({'burden_high', 'credit_small'})","frozenset({'emp_new', 'cluster_0_minimal'})",0.09994245694797266,0.1285848619668496,0.038059816704326954,0.38081730094087907,2.9616029065618736,1.0,0.02520872967304408,1.4073635121868058,0.7358918494102165,0.19982315231007292,0.28945152312058414,0.33840358596346487,apriori,"{'burden_high', 'credit_small'} -> {'emp_new', 'cluster_0_minimal'}"
"frozenset({'income_low', 'burden_high', 'cluster_0_minimal'})",frozenset({'credit_small'}),0.09152713646124265,0.334033206551487,0.08052939607865153,0.8798417517710921,2.6339948679188447,1.0,0.04995629320002713,5.542414301678323,0.6828476268789486,0.233397603299734,0.8195732138434354,0.5604618797426565,apriori,"{'income_low', 'burden_high', 'cluster_0_minimal'} -> {'credit_small'}"
"frozenset({'income_low', 'burden_high', 'credit_small'})",frozenset({'cluster_0_minimal'}),0.09847721435488625,0.3540722235477397,0.08052939607865153,0.8177464869024884,2.3095471277267006,1.0,0.045661349823229565,3.544117013023874,0.6289521351663113,0.2164652089275205,0.7178422731740478,0.5225921272311713,apriori,"{'income_low', 'burden_high', 'credit_small'} -> {'cluster_0_minimal'}"
"frozenset({'income_low', 'credit_small', 'cluster_0_minimal'})",frozenset({'burden_high'}),0.13329777827679612,0.3333342689927159,0.08052939607865153,0.6041315700808626,1.812389622904521,1.0,0.03609667859840257,1.684058845368047,0.5171813917774205,0.20856991225072882,0.40619652172460013,0.42285954009297777,apriori,"{'income_low', 'credit_small', 'cluster_0_minimal'} -> {'burden_high'}"
"frozenset({'burden_high', 'cluster_0_minimal', 'credit_small'})",frozenset({'income_low'}),0.08159043381847272,0.320088139113837,0.08052939607865153,0.9869955619775003,3.0835118249304534,1.0,0.054413265948205926,52.28306365179395,0.7357223556186019,0.2507538610797913,0.9808733473107083,0.6192903147289832,apriori,"{'burden_high', 'cluster_0_minimal', 'credit_small'} -> {'income_low'}"
"frozenset({'income_low', 'burden_high'})","frozenset({'credit_small', 'cluster_0_minimal'})",0.1614938737701927,0.24575374380710446,0.08052939607865153,0.498652947004328,2.0290756888559454,1.0,0.040841671997714726,1.504439393202949,0.604843239844621,0.24647965977920017,0.3353005747403346,0.4131681200852984,apriori,"{'income_low', 'burden_high'} -> {'credit_small', 'cluster_0_minimal'}"
"frozenset({'income_low', 'cluster_0_minimal'})","frozenset({'burden_high', 'credit_small'})",0.15868128166622222,0.09994245694797266,0.08052939607865153,0.5074914648599884,5.077836590751163,1.0,0.064670398917276,1.8274963352587519,0.9545321182166576,0.45217267955931734,0.4528032802547799,0.6566245415860117,apriori,"{'income_low', 'cluster_0_minimal'} -> {'burden_high', 'credit_small'}"
"frozenset({'income_low', 'credit_small'})","frozenset({'burden_high', 'cluster_0_minimal'})",0.16854219589900493,0.10043087114566814,0.08052939607865153,0.4777996136166811,4.757497452388572,1.0,0.06360255651971061,1.722651212659209,0.949904437361677,0.4273393511484494,0.41949943630415615,0.6398193406130863,apriori,"{'income_low', 'credit_small'} -> {'burden_high', 'cluster_0_minimal'}"
"frozenset({'burden_high', 'cluster_0_minimal'})","frozenset({'income_low', 'credit_small'})",0.10043087114566814,0.16854219589900493,0.08052939607865153,0.8018390676094916,4.757497452388573,1.0,0.06360255651971061,4.195871477140974,0.8779819496478353,0.4273393511484494,0.7616704883722059,0.6398193406130863,apriori,"{'burden_high', 'cluster_0_minimal'} -> {'income_low', 'credit_small'}"
"frozenset({'burden_high', 'credit_small'})","frozenset({'income_low', 'cluster_0_minimal'})",0.09994245694797266,0.15868128166622222,0.08052939607865153,0.8057576183120349,5.077836590751163,1.0,0.064670398917276,4.331282962156473,0.8922382179958507,0.45217267955931734,0.7691215261765957,0.6566245415860117,apriori,"{'burden_high', 'credit_small'} -> {'income_low', 'cluster_0_minimal'}"
"frozenset({'emp_new', 'income_low', 'burden_high'})",frozenset({'cluster_0_minimal'}),0.07120742165022245,0.3540722235477397,0.042261862991396615,0.5935036266162095,1.6762219319815894,1.0,0.01704929287460089,1.5890123965322869,0.43434917103166365,0.1103391668865242,0.37067828911699674,0.3564315342530865,apriori,"{'emp_new', 'income_low', 'burden_high'} -> {'cluster_0_minimal'}"
"frozenset({'emp_new', 'income_low', 'cluster_0_minimal'})",frozenset({'burden_high'}),0.0690011368261498,0.3333342689927159,0.042261862991396615,0.6124806769180702,1.83743687310906,1.0,0.019261419487785602,1.7203419063217573,0.48954261260353776,0.11737008684263864,0.4187201995572565,0.36963295500444066,apriori,"{'emp_new', 'income_low', 'cluster_0_minimal'} -> {'burden_high'}"
"frozenset({'emp_new', 'burden_high', 'cluster_0_minimal'})",frozenset({'income_low'}),0.04504357833574266,0.320088139113837,0.042261862991396615,0.9382439085187263,2.9312048585000734,1.0,0.027843947822880404,11.009632322543155,0.6899198175796861,0.13089442203366256,0.9091704454151104,0.5351379320903419,apriori,"{'emp_new', 'burden_high', 'cluster_0_minimal'} -> {'income_low'}"
"frozenset({'income_low', 'burden_high', 'cluster_0_minimal'})",frozenset({'emp_new'}),0.09152713646124265,0.33339040855566937,0.042261862991396615,0.4617413438832153,1.3849868863462338,1.0,0.011747593572652426,1.238455868510358,0.3059766715040989,0.11044357885316491,0.19254288713345744,0.2942526138134293,apriori,"{'income_low', 'burden_high', 'cluster_0_minimal'} -> {'emp_new'}"
"frozenset({'emp_new', 'burden_high'})","frozenset({'income_low', 'cluster_0_minimal'})",0.1188811385103367,0.15868128166622222,0.042261862991396615,0.3554967888175293,2.240319621096193,1.0,0.023397651566636698,1.305375526043089,0.628331935310922,0.17960800219499687,0.23393691696423674,0.31091426800024546,apriori,"{'emp_new', 'burden_high'} -> {'income_low', 'cluster_0_minimal'}"
"frozenset({'burden_high', 'cluster_0_minimal'})","frozenset({'emp_new', 'income_low'})",0.10043087114566814,0.13650054034329343,0.042261862991396615,0.420805500433215,3.0828119755050487,1.0,0.02855299481286524,1.4908626727335474,0.7510493691328226,0.21709539739300956,0.3292474093764344,0.36520749635574257,apriori,"{'burden_high', 'cluster_0_minimal'} -> {'emp_new', 'income_low'}"
"frozenset({'risk_score_low', 'income_low', 'burden_high'})",frozenset({'cluster_0_minimal'}),0.05751778922401089,0.3540722235477397,0.03534827581367279,0.6145624908496412,1.735698114615815,1.0,0.014982824289577028,1.675830092084485,0.4497304460763716,0.09395096912815766,0.40328079515737314,0.3571980045813134,apriori,"{'risk_score_low', 'income_low', 'burden_high'} -> {'cluster_0_minimal'}"
"frozenset({'risk_score_low', 'income_low', 'cluster_0_minimal'})",frozenset({'burden_high'}),0.062121233386198085,0.3333342689927159,0.03534827581367279,0.5690208305092405,1.707057699854061,1.0,0.01464113989395855,1.546862999887,0.44163140757907515,0.09816041780341413,0.35353033845075416,0.33753268014279053,apriori,"{'risk_score_low', 'income_low', 'cluster_0_minimal'} -> {'burden_high'}"
"frozenset({'risk_score_low', 'burden_high', 'cluster_0_minimal'})",frozenset({'income_low'}),0.040796620398310196,0.320088139113837,0.03534827581367279,0.8664510802256777,2.7069140475634144,1.0,0.022289761508244074,5.09110715410587,0.6573951359704362,0.10858468277372514,0.8035790703808854,0.48844201253748787,apriori,"{'risk_score_low', 'burden_high', 'cluster_0_minimal'} -> {'income_low'}"
"frozenset({'burden_high', 'cluster_0_minimal'})","frozenset({'risk_score_low', 'income_low'})",0.10043087114566814,0.11379489410674938,0.03534827581367279,0.351966237178233,3.0929879582124173,1.0,0.02391975546660289,1.3675292195184428,0.7522357292840011,0.19761164987603172,0.2687541986472971,0.3312988561322837,apriori,"{'burden_high', 'cluster_0_minimal'} -> {'risk_score_low', 'income_low'}"
"frozenset({'income_low', 'burden_high', 'risk_score_med'})",frozenset({'cluster_0_minimal'}),0.05510940197330564,0.3540722235477397,0.030924478252936802,0.5611470483369837,1.584837812789695,1.0,0.011411769757862279,1.471854693023123,0.3905432104793653,0.08175517231143696,0.3205851061655786,0.32424325621225275,apriori,"{'income_low', 'burden_high', 'risk_score_med'} -> {'cluster_0_minimal'}"
"frozenset({'income_low', 'cluster_0_minimal', 'risk_score_med'})",frozenset({'burden_high'}),0.05327925222102146,0.3333342689927159,0.030924478252936802,0.5804225277909488,1.7412626956865103,1.0,0.013164677661364078,1.588897820222157,0.4496617576822543,0.08694245399160327,0.3706329083765867,0.33659785106874307,apriori,"{'income_low', 'cluster_0_minimal', 'risk_score_med'} -> {'burden_high'}"
"frozenset({'risk_score_med', 'burden_high', 'cluster_0_minimal'})",frozenset({'income_low'}),0.03343110973881069,0.320088139113837,0.030924478252936802,0.9250209907640637,2.8898946187915038,1.0,0.020223576548130416,9.068029410027092,0.6765856293871837,0.09586168491029011,0.8897224573517334,0.5108166874492405,apriori,"{'risk_score_med', 'burden_high', 'cluster_0_minimal'} -> {'income_low'}"
"frozenset({'credit_large', 'emp_mid', 'burden_high'})",frozenset({'cluster_2_ambisius'}),0.04795160769673408,0.35070104279238185,0.03810472835468976,0.794649651700521,2.2658890471875806,1.0,0.021288049531873916,3.1619082343152067,0.5868106376879378,0.10568561352153029,0.6837352870816075,0.45165133718779327,apriori,"{'credit_large', 'emp_mid', 'burden_high'} -> {'cluster_2_ambisius'}"
"frozenset({'credit_large', 'emp_mid', 'cluster_2_ambisius'})",frozenset({'burden_high'}),0.07494912352107339,0.3333342689927159,0.03810472835468976,0.5084079247968242,1.5252194931326848,1.0,0.013121617054147994,1.3561360417206685,0.37225699746152824,0.10293604695248638,0.26261085227762426,0.31136089449218735,apriori,"{'credit_large', 'emp_mid', 'cluster_2_ambisius'} -> {'burden_high'}"
"frozenset({'emp_mid', 'burden_high', 'cluster_2_ambisius'})",frozenset({'credit_large'}),0.050337539122257934,0.3220389889264712,0.03810472835468976,0.7569843305637651,2.3505983952042584,1.0,0.02189407815071113,2.789783114176593,0.6050322478210984,0.11399324857665889,0.6415491960939942,0.4376538346215381,apriori,"{'emp_mid', 'burden_high', 'cluster_2_ambisius'} -> {'credit_large'}"
"frozenset({'credit_large', 'emp_mid'})","frozenset({'burden_high', 'cluster_2_ambisius'})",0.10142173443179744,0.15831076055072912,0.03810472835468976,0.3757057455994687,2.373216730767189,1.0,0.022048576440417838,1.348225189510177,0.6439405509584601,0.1719312021885607,0.2582841443844336,0.30820075130821856,apriori,"{'credit_large', 'emp_mid'} -> {'burden_high', 'cluster_2_ambisius'}"
"frozenset({'emp_mid', 'burden_high'})","frozenset({'credit_large', 'cluster_2_ambisius'})",0.10602798557213232,0.23568230621324612,0.03810472835468976,0.35938368676038446,1.5248649444019482,1.0,0.013115808191904828,1.1930974562942003,0.38502795564636544,0.12550734553119888,0.16184550161892663,0.26053102254244226,apriori,"{'emp_mid', 'burden_high'} -> {'credit_large', 'cluster_2_ambisius'}"
"frozenset({'emp_mid', 'cluster_2_ambisius'})","frozenset({'credit_large', 'burden_high'})",0.10721814430674657,0.15166945025332979,0.03810472835468976,0.35539440270178285,2.343216792229261,1.0,0.021843011350503327,1.3160458942682787,0.6420787341021126,0.17258915517131776,0.24014807967164417,0.3033148794365058,apriori,"{'emp_mid', 'cluster_2_ambisius'} -> {'credit_large', 'burden_high'}"
"frozenset({'credit_large', 'emp_new', 'burden_high'})",frozenset({'cluster_2_ambisius'}),0.04338184727231899,0.35070104279238185,0.034348991593100446,0.7917825946295697,2.257713830347268,1.0,0.01913493251643833,3.118370224873753,0.5823369204494488,0.09548444486060068,0.6793196676829849,0.44486319560114856,apriori,"{'credit_large', 'emp_new', 'burden_high'} -> {'cluster_2_ambisius'}"
"frozenset({'credit_large', 'emp_new', 'cluster_2_ambisius'})",frozenset({'burden_high'}),0.06907411825798936,0.3333342689927159,0.034348991593100446,0.49727730819245775,1.4918277370495152,1.0,0.011324220877257155,1.3261102828087663,0.3541434674034573,0.09332458836359753,0.24591490393849355,0.3001619968609823,apriori,"{'credit_large', 'emp_new', 'cluster_2_ambisius'} -> {'burden_high'}"
"frozenset({'emp_new', 'burden_high', 'cluster_2_ambisius'})",frozenset({'credit_large'}),0.048414759091100476,0.3220389889264712,0.034348991593100446,0.7094735621521335,2.2030672885826332,1.0,0.01875755152628377,2.333560470763565,0.5738712381699416,0.10219727908200335,0.5714702864876735,0.4080672670951728,apriori,"{'emp_new', 'burden_high', 'cluster_2_ambisius'} -> {'credit_large'}"
"frozenset({'credit_large', 'emp_new'})","frozenset({'burden_high', 'cluster_2_ambisius'})",0.09279308360584412,0.15831076055072912,0.034348991593100446,0.3701675842458709,2.338233882258776,1.0,0.01965884795361187,1.336370149258633,0.6308668677978692,0.15846930846930843,0.2517043271620802,0.2935697581861635,apriori,"{'credit_large', 'emp_new'} -> {'burden_high', 'cluster_2_ambisius'}"
"frozenset({'credit_large', 'burden_high', 'emp_senior'})",frozenset({'cluster_2_ambisius'}),0.06033599528427671,0.35070104279238185,0.046427418562546494,0.7694812747150501,2.194123144283292,1.0,0.025267522098434417,2.8166863945868337,0.5791826270743804,0.12733459590127338,0.6449729008093265,0.4509329392008246,apriori,"{'credit_large', 'burden_high', 'emp_senior'} -> {'cluster_2_ambisius'}"
"frozenset({'credit_large', 'emp_senior', 'cluster_2_ambisius'})",frozenset({'burden_high'}),0.09165906443418338,0.3333342689927159,0.046427418562546494,0.5065229374655479,1.5195645470121661,1.0,0.01587431132282173,1.3509558632438783,0.37641894206177673,0.12264025032254239,0.25978336731236557,0.32290240109601837,apriori,"{'credit_large', 'emp_senior', 'cluster_2_ambisius'} -> {'burden_high'}"
"frozenset({'burden_high', 'emp_senior', 'cluster_2_ambisius'})",frozenset({'credit_large'}),0.0595584623373707,0.3220389889264712,0.046427418562546494,0.7795268168536149,2.420597640839068,1.0,0.02724727156940432,3.075027091269375,0.6240461102458901,0.13851900239518952,0.674799613037816,0.46184694513972846,apriori,"{'burden_high', 'emp_senior', 'cluster_2_ambisius'} -> {'credit_large'}"
"frozenset({'credit_large', 'emp_senior'})","frozenset({'burden_high', 'cluster_2_ambisius'})",0.12782417088882964,0.15831076055072912,0.046427418562546494,0.36321314067372307,2.2943048180059433,1.0,0.026191476852369503,1.321775452998169,0.646816967499195,0.19368361886248933,0.24344184352061393,0.32824037590078997,apriori,"{'credit_large', 'emp_senior'} -> {'burden_high', 'cluster_2_ambisius'}"
"frozenset({'burden_high', 'emp_senior'})","frozenset({'credit_large', 'cluster_2_ambisius'})",0.10842514491024688,0.23568230621324612,0.046427418562546494,0.4281978926657519,1.8168436126822225,1.0,0.020873530358594104,1.336682191239233,0.5042704963099435,0.155964167845356,0.25187901316100897,0.3125947123250392,apriori,"{'burden_high', 'emp_senior'} -> {'credit_large', 'cluster_2_ambisius'}"
"frozenset({'credit_large', 'income_high', 'cluster_2_ambisius'})",frozenset({'burden_high'}),0.07026708397075129,0.3333342689927159,0.04066469242536947,0.5787160947549235,1.7361434109481546,1.0,0.017242265355729303,1.5824619044476902,0.45605647471561156,0.11204349641912481,0.3680732552301034,0.350354914798642,apriori,"{'credit_large', 'income_high', 'cluster_2_ambisius'} -> {'burden_high'}"
"frozenset({'credit_large', 'burden_high', 'income_high'})",frozenset({'cluster_2_ambisius'}),0.05221540750305259,0.35070104279238185,0.04066469242536947,0.7787872271798731,2.2206584302656953,1.0,0.022352694564219767,2.935178420893345,0.579966285042186,0.11225533497605654,0.659305208541414,0.44736990602064275,apriori,"{'credit_large', 'burden_high', 'income_high'} -> {'cluster_2_ambisius'}"
"frozenset({'burden_high', 'income_high', 'cluster_2_ambisius'})",frozenset({'credit_large'}),0.04799651934709688,0.3220389889264712,0.04066469242536947,0.8472425288028541,2.6308694224484066,1.0,0.025207941862840578,4.438152882215268,0.6511504732577149,0.12346173512868588,0.7746810381392589,0.4867575519685423,apriori,"{'burden_high', 'income_high', 'cluster_2_ambisius'} -> {'credit_large'}"
"frozenset({'credit_large', 'income_high'})","frozenset({'burden_high', 'cluster_2_ambisius'})",0.09600988056307981,0.15831076055072912,0.04066469242536947,0.42354695357268163,2.6754148113448055,1.0,0.02546529521304364,1.4601176013654646,0.6927356525402051,0.19032792054233014,0.31512365917318874,0.3402066050332956,apriori,"{'credit_large', 'income_high'} -> {'burden_high', 'cluster_2_ambisius'}"
"frozenset({'income_high', 'cluster_2_ambisius'})","frozenset({'credit_large', 'burden_high'})",0.09564497340388205,0.15166945025332979,0.04066469242536947,0.4251628807888713,2.8032202930697787,1.0,0.02615827188970833,1.4757755221355002,0.7112996596930198,0.1967807660961695,0.3223901704556232,0.34663840558237635,apriori,"{'income_high', 'cluster_2_ambisius'} -> {'credit_large', 'burden_high'}"
"frozenset({'burden_high', 'income_high'})","frozenset({'credit_large', 'cluster_2_ambisius'})",0.06853798543178341,0.23568230621324612,0.04066469242536947,0.5933161322029734,2.5174402853396174,1.0,0.02451150195559689,1.879390244631538,0.6471236664716644,0.15429265227439748,0.46791253021745144,0.38292820890248236,apriori,"{'burden_high', 'income_high'} -> {'credit_large', 'cluster_2_ambisius'}"
"frozenset({'credit_large', 'income_very_high', 'burden_high'})",frozenset({'cluster_2_ambisius'}),0.043901138229638884,0.35070104279238185,0.03354338886471769,0.7640664961636828,2.178683274164135,1.0,0.01814721390781083,2.752042192608983,0.5658485669257989,0.09290284461513346,0.6366334779729582,0.4298565858706824,apriori,"{'credit_large', 'income_very_high', 'burden_high'} -> {'cluster_2_ambisius'}"
"frozenset({'income_very_high', 'burden_high', 'cluster_2_ambisius'})",frozenset({'credit_large'}),0.036914569620075506,0.3220389889264712,0.03354338886471769,0.9086761463006615,2.8216339559683963,1.0,0.02165545818761274,7.423701296109887,0.6703407596042704,0.1030803336524942,0.8652963043483427,0.506417774705313,apriori,"{'income_very_high', 'burden_high', 'cluster_2_ambisius'} -> {'credit_large'}"
"frozenset({'income_very_high', 'burden_high'})","frozenset({'credit_large', 'cluster_2_ambisius'})",0.051291911692467475,0.23568230621324612,0.03354338886471769,0.6539703387511628,2.7747960772220566,1.0,0.021454792826950786,2.20882132193031,0.6741938476632497,0.1323571760848858,0.5472698538032535,0.39814746705432086,apriori,"{'income_very_high', 'burden_high'} -> {'credit_large', 'cluster_2_ambisius'}"
"frozenset({'credit_large', 'risk_score_high', 'burden_high'})",frozenset({'cluster_2_ambisius'}),0.06352191548188797,0.35070104279238185,0.05176629099942457,0.8149359257622625,2.32373396803588,1.0,0.029489088999756913,3.5085089306610313,0.6082984199366711,0.14282063394952257,0.7149786362916305,0.4812719792411149,apriori,"{'credit_large', 'risk_score_high', 'burden_high'} -> {'cluster_2_ambisius'}"
"frozenset({'credit_large', 'risk_score_high', 'cluster_2_ambisius'})",frozenset({'burden_high'}),0.10013333146201457,0.3333342689927159,0.05176629099942457,0.5169736215064614,1.5509165111306287,1.0,0.01838842015472862,1.3801849354200477,0.39474733193390155,0.13561989366317848,0.27545941537489804,0.3361360292927079,apriori,"{'credit_large', 'risk_score_high', 'cluster_2_ambisius'} -> {'burden_high'}"
"frozenset({'credit_large', 'burden_high', 'cluster_2_ambisius'})",frozenset({'risk_score_high'}),0.1188811385103367,0.3333342689927159,0.05176629099942457,0.43544578768417075,1.3063336962023735,1.0,0.012139133597059683,1.1808710597917398,0.26613754337609485,0.12927058361722113,0.15316749300608518,0.2953721123815626,apriori,"{'credit_large', 'burden_high', 'cluster_2_ambisius'} -> {'risk_score_high'}"
"frozenset({'risk_score_high', 'burden_high', 'cluster_2_ambisius'})",frozenset({'credit_large'}),0.06805237821223561,0.3220389889264712,0.05176629099942457,0.7606830556013859,2.3620837282378475,1.0,0.029850771925914395,2.8329001641617775,0.6187525652905136,0.15300754998755497,0.6470048564892196,0.46071423542219775,apriori,"{'risk_score_high', 'burden_high', 'cluster_2_ambisius'} -> {'credit_large'}"
"frozenset({'credit_large', 'risk_score_high'})","frozenset({'burden_high', 'cluster_2_ambisius'})",0.13004168362549298,0.15831076055072912,0.05176629099942457,0.398074598514937,2.514513840563465,1.0,0.03117929316137548,1.3983281605538915,0.6923421493533417,0.21880524411223826,0.28486028658402324,0.3625331059207072,apriori,"{'credit_large', 'risk_score_high'} -> {'burden_high', 'cluster_2_ambisius'}"
"frozenset({'risk_score_high', 'burden_high'})","frozenset({'credit_large', 'cluster_2_ambisius'})",0.11728396794430955,0.23568230621324612,0.05176629099942457,0.4413756791039418,1.8727569591269344,1.0,0.024124534952469266,1.3682141381899635,0.5279476808590559,0.17186684559755463,0.2691202553111175,0.3305100231328339,apriori,"{'risk_score_high', 'burden_high'} -> {'credit_large', 'cluster_2_ambisius'}"
"frozenset({'credit_large', 'risk_score_med', 'burden_high'})",frozenset({'cluster_2_ambisius'}),0.05001754361342297,0.35070104279238185,0.03905348696860395,0.7807957797856221,2.2263856804322653,1.0,0.02151228226546308,2.9620732510195977,0.5798438907397466,0.10798245954441384,0.6623986258085337,0.44607706132847164,apriori,"{'credit_large', 'risk_score_med', 'burden_high'} -> {'cluster_2_ambisius'}"
"frozenset({'credit_large', 'risk_score_med', 'cluster_2_ambisius'})",frozenset({'burden_high'}),0.07852521368121149,0.3333342689927159,0.03905348696860395,0.49733690795353,1.4920065358308479,1.0,0.01287834226868051,1.3262675170622085,0.3578629107034804,0.10475552276115471,0.24600430370557355,0.3072485199967057,apriori,"{'credit_large', 'risk_score_med', 'cluster_2_ambisius'} -> {'burden_high'}"
"frozenset({'risk_score_med', 'burden_high', 'cluster_2_ambisius'})",frozenset({'credit_large'}),0.05277961011073529,0.3220389889264712,0.03905348696860395,0.739935116736691,2.29765693651968,1.0,0.022056394692609404,2.606891797794594,0.5962435168239413,0.11631192629871759,0.6164014168727714,0.4306022770072131,apriori,"{'risk_score_med', 'burden_high', 'cluster_2_ambisius'} -> {'credit_large'}"
"frozenset({'credit_large', 'risk_score_med'})","frozenset({'burden_high', 'cluster_2_ambisius'})",0.10770936548258972,0.15831076055072912,0.03905348696860395,0.3625820911080997,2.2903186735175454,1.0,0.022001935400618722,1.3204668831983084,0.6313856887575077,0.17206708056098347,0.2426921017679021,0.30463543109280056,apriori,"{'credit_large', 'risk_score_med'} -> {'burden_high', 'cluster_2_ambisius'}"
"frozenset({'risk_score_med', 'burden_high'})","frozenset({'credit_large', 'cluster_2_ambisius'})",0.11103282760943706,0.23568230621324612,0.03905348696860395,0.35172919405399944,1.492386932669242,1.0,0.01288501409223404,1.179009893359936,0.3711413621559653,0.1269364815794756,0.1518306965599708,0.25871656753781996,apriori,"{'risk_score_med', 'burden_high'} -> {'credit_large', 'cluster_2_ambisius'}"
"frozenset({'emp_new', 'income_low', 'burden_high'})",frozenset({'credit_small'}),0.07120742165022245,0.334033206551487,0.04631794641478716,0.6504651529485966,1.9473068550995563,1.0,0.02253230303069958,1.9052944193303119,0.5237662989664116,0.12904714236556447,0.47514673330566526,0.3945639266310197,apriori,"{'emp_new', 'income_low', 'burden_high'} -> {'credit_small'}"
"frozenset({'emp_new', 'income_low', 'credit_small'})",frozenset({'burden_high'}),0.07550771217246073,0.3333342689927159,0.04631794641478716,0.6134200743494425,1.8402550574925949,1.0,0.02114863837446757,1.7245223736990043,0.49388953340164443,0.12776517409853583,0.4201292976819687,0.37618676177725424,apriori,"{'emp_new', 'income_low', 'credit_small'} -> {'burden_high'}"
"frozenset({'emp_new', 'burden_high', 'credit_small'})",frozenset({'income_low'}),0.04672495824620005,0.320088139113837,0.04631794641478716,0.9912891986062718,3.0969257447359744,1.0,0.03136184147958926,78.05388162973215,0.7102872790424589,0.1445199600623588,0.9871883373495282,0.5679964623603211,apriori,"{'emp_new', 'burden_high', 'credit_small'} -> {'income_low'}"
"frozenset({'income_low', 'burden_high', 'credit_small'})",frozenset({'emp_new'}),0.09847721435488625,0.33339040855566937,0.04631794641478716,0.47034176096685004,1.4107837205170004,1.0,0.013486587687587405,1.2585655094522363,0.32298033202652904,0.12013483407836685,0.20544461731258729,0.3046359059102933,apriori,"{'income_low', 'burden_high', 'credit_small'} -> {'emp_new'}"
"frozenset({'emp_new', 'burden_high'})","frozenset({'income_low', 'credit_small'})",0.1188811385103367,0.16854219589900493,0.04631794641478716,0.38961560256894595,2.311679876310703,1.0,0.026281458279281255,1.3621871849942104,0.643970043799738,0.19210664183014142,0.2658865014911662,0.33221536906809834,apriori,"{'emp_new', 'burden_high'} -> {'income_low', 'credit_small'}"
"frozenset({'emp_new', 'credit_small'})","frozenset({'income_low', 'burden_high'})",0.12720102174004574,0.1614938737701927,0.04631794641478716,0.36413187395180513,2.2547720569881693,1.0,0.025775760666460677,1.3186792856578153,0.6375994965104537,0.19109880946866173,0.2416654975351676,0.32547059169580245,apriori,"{'emp_new', 'credit_small'} -> {'income_low', 'burden_high'}"
"frozenset({'burden_high', 'credit_small'})","frozenset({'emp_new', 'income_low'})",0.09994245694797266,0.13650054034329343,0.04631794641478716,0.46344614520432525,3.3951964148916676,1.0,0.032675747038152556,1.6093435019407998,0.7838012529716126,0.24361832489333118,0.37862861546087423,0.4013852083647734,apriori,"{'burden_high', 'credit_small'} -> {'emp_new', 'income_low'}"
"frozenset({'risk_score_low', 'income_low', 'burden_high'})",frozenset({'credit_small'}),0.05751778922401089,0.334033206551487,0.036409313553493985,0.6330096139768678,1.8950499577930358,1.0,0.017196461985245062,1.814670952733175,0.5011335180575907,0.10252053018866432,0.44893590846657616,0.3710043490090892,apriori,"{'risk_score_low', 'income_low', 'burden_high'} -> {'credit_small'}"
"frozenset({'risk_score_low', 'income_low', 'credit_small'})",frozenset({'burden_high'}),0.06275841742572034,0.3333342689927159,0.036409313553493985,0.5801502817783343,1.740445959941226,1.0,0.01548978235775177,1.5878675203857306,0.4539220459907638,0.10122601237718414,0.3702245387845226,0.3446889579196172,apriori,"{'risk_score_low', 'income_low', 'credit_small'} -> {'burden_high'}"
"frozenset({'risk_score_low', 'burden_high', 'credit_small'})",frozenset({'income_low'}),0.03695106033599528,0.320088139113837,0.036409313553493985,0.985338802795503,3.0783358781222274,1.0,0.024581717412262144,46.374920915572666,0.7010538414324742,0.11355558279200882,0.9784366209093803,0.5495432887812283,apriori,"{'risk_score_low', 'burden_high', 'credit_small'} -> {'income_low'}"
"frozenset({'burden_high', 'credit_small'})","frozenset({'risk_score_low', 'income_low'})",0.09994245694797266,0.11379489410674938,0.036409313553493985,0.36430276646538406,3.2013981762981105,1.0,0.02503637224833108,1.3940678976464251,0.7639916873422599,0.20532180960521734,0.28267482402522975,0.3421291829366881,apriori,"{'burden_high', 'credit_small'} -> {'risk_score_low', 'income_low'}"
"frozenset({'income_low', 'burden_high', 'risk_score_med'})",frozenset({'credit_small'}),0.05510940197330564,0.334033206551487,0.03354058188657001,0.6086181429226302,1.8220288611600037,1.0,0.015132211634291882,1.7015780915896215,0.47747461381809214,0.09432055886647984,0.41231025191103887,0.35451453191963056,apriori,"{'income_low', 'burden_high', 'risk_score_med'} -> {'credit_small'}"
"frozenset({'income_low', 'credit_small', 'risk_score_med'})",frozenset({'burden_high'}),0.05717533788999453,0.3333342689927159,0.03354058188657001,0.5866267367077421,1.7598752701918003,1.0,0.014482082426597154,1.612745163288286,0.45796204715506317,0.09395936212373793,0.3799392348131041,0.34362409996260185,apriori,"{'income_low', 'credit_small', 'risk_score_med'} -> {'burden_high'}"
"frozenset({'risk_score_med', 'burden_high', 'credit_small'})",frozenset({'income_low'}),0.03401496119352711,0.320088139113837,0.03354058188657001,0.9860538042581284,3.080569642436659,1.0,0.02265279625610454,48.752496628511906,0.6991668456697917,0.10463039176196563,0.9794882299542549,0.5454196305497845,apriori,"{'risk_score_med', 'burden_high', 'credit_small'} -> {'income_low'}"
"frozenset({'emp_mid', 'burden_low', 'credit_small'})",frozenset({'cluster_0_minimal'}),0.0688664018750614,0.3540722235477397,0.0507024462814557,0.7362435803374908,2.079359891494631,1.0,0.026318766241820474,2.4489556587049535,0.5574739979913634,0.13621041995007954,0.5916626761103483,0.43972080713402206,apriori,"{'emp_mid', 'burden_low', 'credit_small'} -> {'cluster_0_minimal'}"
"frozenset({'emp_mid', 'burden_low', 'cluster_0_minimal'})",frozenset({'credit_small'}),0.06700818234130047,0.334033206551487,0.0507024462814557,0.7566605227882037,2.265225456474412,1.0,0.02831948826880437,2.736780735617645,0.598657810288083,0.14472398045028442,0.63460719122085,0.45422458160989837,apriori,"{'emp_mid', 'burden_low', 'cluster_0_minimal'} -> {'credit_small'}"
"frozenset({'emp_mid', 'credit_small', 'cluster_0_minimal'})",frozenset({'burden_low'}),0.08607317792030988,0.33334268992715893,0.0507024462814557,0.589062092355857,1.7671366739272945,1.0,0.022010581622920657,1.6222823391852708,0.4749973447923652,0.13751179999390967,0.3835844872094141,0.37058258085015283,apriori,"{'emp_mid', 'credit_small', 'cluster_0_minimal'} -> {'burden_low'}"
"frozenset({'emp_mid', 'burden_low'})","frozenset({'credit_small', 'cluster_0_minimal'})",0.11261034932843048,0.24575374380710446,0.0507024462814557,0.45024677202253355,1.832105444448238,1.0,0.023028031342568055,1.3719724010857668,0.5118156235509886,0.164799372297137,0.27112236426286057,0.3282804030641845,apriori,"{'emp_mid', 'burden_low'} -> {'credit_small', 'cluster_0_minimal'}"
"frozenset({'emp_mid', 'credit_small'})","frozenset({'burden_low', 'cluster_0_minimal'})",0.11368822893713773,0.17854907299546674,0.0507024462814557,0.4459779763962273,2.4977893691307513,1.0,0.03040351839423336,1.482704463012505,0.6765632654343928,0.20991772034213463,0.32555676134660294,0.36497361301535647,apriori,"{'emp_mid', 'credit_small'} -> {'burden_low', 'cluster_0_minimal'}"
"frozenset({'emp_mid', 'cluster_0_minimal'})","frozenset({'burden_low', 'credit_small'})",0.1315518378689422,0.19042539753828017,0.0507024462814557,0.3854180002560491,2.023984222895324,1.0,0.025651635258371,1.3172767877988738,0.582562119992099,0.18690438003787135,0.240858102668789,0.3258384222978359,apriori,"{'emp_mid', 'cluster_0_minimal'} -> {'burden_low', 'credit_small'}"
"frozenset({'emp_new', 'burden_low', 'credit_small'})",frozenset({'cluster_0_minimal'}),0.06499838598756509,0.3540722235477397,0.04555444835861953,0.7008550699602695,1.9794127394061818,1.0,0.022540325304988108,2.1592469455072236,0.5291965778468851,0.12196111733187041,0.5368755750329001,0.414756851612448,apriori,"{'emp_new', 'burden_low', 'credit_small'} -> {'cluster_0_minimal'}"
"frozenset({'emp_new', 'burden_low', 'cluster_0_minimal'})",frozenset({'credit_small'}),0.059914948562125446,0.334033206551487,0.04555444835861953,0.7603185757788709,2.276176622163693,1.0,0.02554086597004536,2.778549883924649,0.5964000610466366,0.13075565796788516,0.640100037150487,0.4483477905070605,apriori,"{'emp_new', 'burden_low', 'cluster_0_minimal'} -> {'credit_small'}"
"frozenset({'emp_new', 'credit_small', 'cluster_0_minimal'})",frozenset({'burden_low'}),0.09412920520413749,0.33334268992715893,0.04555444835861953,0.4839565813800918,1.451828991617739,1.0,0.014177165895166807,1.2918628278522188,0.3435519129774764,0.11927825959135675,0.22592400799816675,0.31030804522669697,apriori,"{'emp_new', 'credit_small', 'cluster_0_minimal'} -> {'burden_low'}"
"frozenset({'emp_new', 'burden_low'})","frozenset({'credit_small', 'cluster_0_minimal'})",0.11668327462070707,0.24575374380710446,0.04555444835861953,0.39041112367389164,1.588627369926583,1.0,0.01687909678090827,1.2373031816764988,0.4194710157039578,0.14375813838127044,0.19179065017432664,0.2878886836745034,apriori,"{'emp_new', 'burden_low'} -> {'credit_small', 'cluster_0_minimal'}"
"frozenset({'emp_new', 'credit_small'})","frozenset({'burden_low', 'cluster_0_minimal'})",0.12720102174004574,0.17854907299546674,0.04555444835861953,0.3581295789566599,2.0057767478062045,1.0,0.02284282384285815,1.279776883423434,0.5745194942976024,0.17507767325450935,0.21861379670730124,0.30663321533001764,apriori,"{'emp_new', 'credit_small'} -> {'burden_low', 'cluster_0_minimal'}"
"frozenset({'emp_new', 'cluster_0_minimal'})","frozenset({'burden_low', 'credit_small'})",0.1285848619668496,0.19042539753828017,0.04555444835861953,0.3542753607369731,1.8604417547074048,1.0,0.02106862490117731,1.2537458743802883,0.5307381412435263,0.1665879696160953,0.20239019690151464,0.2967500034816941,apriori,"{'emp_new', 'cluster_0_minimal'} -> {'burden_low', 'credit_small'}"
"frozenset({'burden_low', 'credit_small', 'emp_senior'})",frozenset({'cluster_0_minimal'}),0.05656060967565368,0.3540722235477397,0.038407881994638675,0.6790570719602979,1.9178490341780237,1.0,0.018381341161564178,2.0125938913735966,0.5072742672631465,0.10318459809813962,0.5031287711414549,0.39376589129963524,apriori,"{'burden_low', 'credit_small', 'emp_senior'} -> {'cluster_0_minimal'}"
"frozenset({'burden_low', 'cluster_0_minimal', 'emp_senior'})",frozenset({'credit_small'}),0.051625942092040814,0.334033206551487,0.038407881994638675,0.7439647672901262,2.2272179912012833,1.0,0.0211631030163929,2.6010748067753346,0.581004266675053,0.11060544822568913,0.615543544770347,0.42947349716511757,apriori,"{'burden_low', 'cluster_0_minimal', 'emp_senior'} -> {'credit_small'}"
"frozenset({'emp_senior', 'credit_small', 'cluster_0_minimal'})",frozenset({'burden_low'}),0.06555136068265709,0.33334268992715893,0.038407881994638675,0.5859204384875605,1.7577119768715914,1.0,0.016556815096296355,1.6099739567870792,0.46131864112538734,0.10654467588086432,0.37887194026688786,0.3505704251298482,apriori,"{'emp_senior', 'credit_small', 'cluster_0_minimal'} -> {'burden_low'}"
"frozenset({'burden_low', 'emp_senior'})","frozenset({'credit_small', 'cluster_0_minimal'})",0.10404906597802135,0.24575374380710446,0.038407881994638675,0.3691324053091616,1.5020418390813965,1.0,0.012837434490907507,1.1955698193097393,0.3730556786825348,0.12334138602437444,0.1635787522828665,0.2627092278627452,apriori,"{'burden_low', 'emp_senior'} -> {'credit_small', 'cluster_0_minimal'}"
"frozenset({'credit_small', 'emp_senior'})","frozenset({'burden_low', 'cluster_0_minimal'})",0.09314395587430352,0.17854907299546674,0.038407881994638675,0.4123496971340747,2.3094474265041076,1.0,0.021777115018151123,1.3978567236303299,0.6252326289089334,0.16463920874995489,0.28461910073091645,0.31373038316119856,apriori,"{'credit_small', 'emp_senior'} -> {'burden_low', 'cluster_0_minimal'}"
"frozenset({'emp_senior', 'cluster_0_minimal'})","frozenset({'burden_low', 'credit_small'})",0.0939355237119479,0.19042539753828017,0.038407881994638675,0.40887494397131335,2.1471660254201095,1.0,0.020520172548824454,1.3695487853291606,0.5896598344464622,0.1561594120198124,0.26983250928176494,0.3052850545328265,apriori,"{'emp_senior', 'cluster_0_minimal'} -> {'burden_low', 'credit_small'}"
"frozenset({'burden_low', 'credit_small', 'income_high'})",frozenset({'cluster_0_minimal'}),0.05292276599626672,0.3540722235477397,0.035415643289216994,0.6691948658109685,1.8899953775129743,1.0,0.016677161856622127,1.9525929609156514,0.4972120117939235,0.09531111900103492,0.4878604911435004,0.38460932445455676,apriori,"{'burden_low', 'credit_small', 'income_high'} -> {'cluster_0_minimal'}"
"frozenset({'burden_low', 'cluster_0_minimal', 'income_high'})",frozenset({'credit_small'}),0.04880212207547964,0.334033206551487,0.035415643289216994,0.7256988381456345,2.172535017214755,1.0,0.01911411396582742,2.427867198761973,0.5673984742966486,0.10193908055263796,0.5881158571976575,0.4158615786345016,apriori,"{'burden_low', 'cluster_0_minimal', 'income_high'} -> {'credit_small'}"
"frozenset({'credit_small', 'cluster_0_minimal', 'income_high'})",frozenset({'burden_low'}),0.044894808493915875,0.33334268992715893,0.035415643289216994,0.7888583218707015,2.3665085382345734,1.0,0.020450287062090414,3.1573932535697415,0.6045790142936253,0.10330625880195199,0.6832830377180916,0.4475511347469797,apriori,"{'credit_small', 'cluster_0_minimal', 'income_high'} -> {'burden_low'}"
"frozenset({'burden_low', 'income_high'})","frozenset({'credit_small', 'cluster_0_minimal'})",0.08583177779960983,0.24575374380710446,0.035415643289216994,0.41261691412126367,1.6789852627642263,1.0,0.014322162557343362,1.2840789500510195,0.44237170767236617,0.11957881567973311,0.22123168520107922,0.27836360206183114,apriori,"{'burden_low', 'income_high'} -> {'credit_small', 'cluster_0_minimal'}"
"frozenset({'credit_small', 'income_high'})","frozenset({'burden_low', 'cluster_0_minimal'})",0.06734501971902149,0.17854907299546674,0.035415643289216994,0.5258836278759587,2.945317043955252,1.0,0.02339125244752428,1.732593462918045,0.7081696783392476,0.16826256268003842,0.4228305592728062,0.3621180311399476,apriori,"{'credit_small', 'income_high'} -> {'burden_low', 'cluster_0_minimal'}"
"frozenset({'cluster_0_minimal', 'income_high'})","frozenset({'burden_low', 'credit_small'})",0.07961712818065711,0.19042539753828017,0.035415643289216994,0.44482442532788047,2.335951144533963,1.0,0.020254520004559157,1.4582316647122768,0.6213814626125328,0.15094452486630697,0.3142379059521317,0.31540307351299685,apriori,"{'cluster_0_minimal', 'income_high'} -> {'burden_low', 'credit_small'}"
"frozenset({'burden_low', 'income_low', 'credit_small'})",frozenset({'cluster_0_minimal'}),0.05938162271406717,0.3540722235477397,0.044939720144278675,0.7567950839045143,2.1374031442556105,1.0,0.023914336952035948,2.655899341272608,0.5657369191256361,0.12194843279887267,0.6234797063051203,0.4418587755022809,apriori,"{'burden_low', 'income_low', 'credit_small'} -> {'cluster_0_minimal'}"
"frozenset({'burden_low', 'income_low', 'cluster_0_minimal'})",frozenset({'credit_small'}),0.05623219323237569,0.334033206551487,0.044939720144278675,0.7991813507712274,2.392520668893569,1.0,0.026156300327445398,3.316259700013437,0.6167097191825583,0.13013720899986994,0.6984554617372253,0.46685901766845167,apriori,"{'burden_low', 'income_low', 'cluster_0_minimal'} -> {'credit_small'}"
"frozenset({'burden_low', 'income_low'})","frozenset({'credit_small', 'cluster_0_minimal'})",0.1224347728452934,0.24575374380710446,0.044939720144278675,0.3670503003347242,1.4935695165760203,1.0,0.014850916345375411,1.1916369603963242,0.37656806074455557,0.13902517389001293,0.16081824143201132,0.2749575724126819,apriori,"{'burden_low', 'income_low'} -> {'credit_small', 'cluster_0_minimal'}"
"frozenset({'burden_low', 'credit_small', 'income_med'})",frozenset({'cluster_0_minimal'}),0.05366100124910528,0.3540722235477397,0.03866612398422478,0.7205628498195323,2.035073078028044,1.0,0.019666253954156037,2.311531505510644,0.5374576712079826,0.10476719246740998,0.5673863853397539,0.41488345440080787,apriori,"{'burden_low', 'credit_small', 'income_med'} -> {'cluster_0_minimal'}"
"frozenset({'burden_low', 'cluster_0_minimal', 'income_med'})",frozenset({'credit_small'}),0.05198242831679555,0.334033206551487,0.03866612398422478,0.7438306604028295,2.226816513489887,1.0,0.021302266769232747,2.5997131213897577,0.5811373554498714,0.11131762899511091,0.6153421730373778,0.4297929950949871,apriori,"{'burden_low', 'cluster_0_minimal', 'income_med'} -> {'credit_small'}"
"frozenset({'credit_small', 'cluster_0_minimal', 'income_med'})",frozenset({'burden_low'}),0.04589689969263589,0.33334268992715893,0.03866612398422478,0.8424561188918109,2.527297415989239,1.0,0.023366727981364542,4.231565868401019,0.6333910999018918,0.11353240309566393,0.7636808616244299,0.4792256174434635,apriori,"{'credit_small', 'cluster_0_minimal', 'income_med'} -> {'burden_low'}"
"frozenset({'burden_low', 'income_med'})","frozenset({'credit_small', 'cluster_0_minimal'})",0.08547529157485509,0.24575374380710446,0.03866612398422478,0.45236609635151553,1.8407292167503417,1.0,0.01766025107670029,1.377281886983081,0.49942558942444576,0.13216345092922177,0.2739322215363715,0.3048514814318028,apriori,"{'burden_low', 'income_med'} -> {'credit_small', 'cluster_0_minimal'}"
"frozenset({'credit_small', 'income_med'})","frozenset({'burden_low', 'cluster_0_minimal'})",0.06372401790852059,0.17854907299546674,0.03866612398422478,0.606774733503656,3.398363952968054,1.0,0.02728825965911191,2.0890085073212625,0.7537742842348923,0.18990570199625012,0.5213040078605037,0.41166606945113154,apriori,"{'credit_small', 'income_med'} -> {'burden_low', 'cluster_0_minimal'}"
"frozenset({'cluster_0_minimal', 'income_med'})","frozenset({'burden_low', 'credit_small'})",0.06898148797911609,0.19042539753828017,0.03866612398422478,0.560528992878942,2.943562151504827,1.0,0.025530296713019505,1.8421570236571079,0.7091970274193393,0.17516531027466936,0.45715811021648484,0.38179014502437664,apriori,"{'cluster_0_minimal', 'income_med'} -> {'burden_low', 'credit_small'}"
"frozenset({'risk_score_high', 'burden_low', 'credit_small'})",frozenset({'cluster_0_minimal'}),0.05404275027718909,0.3540722235477397,0.039235940548202834,0.7260167246662859,2.05047636155056,1.0,0.020100903790923268,2.3575445459782696,0.5415767443117557,0.10636533120267855,0.5758298600525288,0.41841505331142104,apriori,"{'risk_score_high', 'burden_low', 'credit_small'} -> {'cluster_0_minimal'}"
"frozenset({'risk_score_high', 'burden_low', 'cluster_0_minimal'})",frozenset({'credit_small'}),0.05073332304108012,0.334033206551487,0.039235940548202834,0.7733761203939361,2.315267180703874,1.0,0.022289325973778404,2.938643511911237,0.5984455365660131,0.11355272671145519,0.6597069375898477,0.4454186590994983,apriori,"{'risk_score_high', 'burden_low', 'cluster_0_minimal'} -> {'credit_small'}"
"frozenset({'risk_score_high', 'credit_small', 'cluster_0_minimal'})",frozenset({'burden_low'}),0.0729280992547473,0.33334268992715893,0.039235940548202834,0.5380085447057465,1.6139803300420674,1.0,0.014925891771350532,1.443007879113762,0.4103390063379288,0.10689976903898805,0.3070030909227189,0.32785653120513214,apriori,"{'risk_score_high', 'credit_small', 'cluster_0_minimal'} -> {'burden_low'}"
"frozenset({'risk_score_high', 'burden_low'})","frozenset({'credit_small', 'cluster_0_minimal'})",0.10093612721224965,0.24575374380710446,0.039235940548202834,0.38872048722155794,1.5817479774658898,1.0,0.01443050940040233,1.2338811303598713,0.40907886993949694,0.12761567395829532,0.1895491588331998,0.2741880011463868,apriori,"{'risk_score_high', 'burden_low'} -> {'credit_small', 'cluster_0_minimal'}"
"frozenset({'risk_score_high', 'credit_small'})","frozenset({'burden_low', 'cluster_0_minimal'})",0.09738249287729295,0.17854907299546674,0.039235940548202834,0.4029054852563918,2.256553218098317,1.0,0.021848386718974537,1.3757468988929893,0.6169238406833057,0.16576538114890185,0.2731221122107114,0.3113271314725418,apriori,"{'risk_score_high', 'credit_small'} -> {'burden_low', 'cluster_0_minimal'}"
"frozenset({'risk_score_high', 'cluster_0_minimal'})","frozenset({'burden_low', 'credit_small'})",0.09446042862556316,0.19042539753828017,0.039235940548202834,0.41536907167478904,2.1812692899395927,1.0,0.02124827587554363,1.3847618441619294,0.5980427022282302,0.15972301574605205,0.2778541637206871,0.3107063518751304,apriori,"{'risk_score_high', 'cluster_0_minimal'} -> {'burden_low', 'credit_small'}"
"frozenset({'burden_low', 'credit_small', 'risk_score_low'})",frozenset({'cluster_0_minimal'}),0.07350633675316838,0.3540722235477397,0.05072770908478477,0.6901134150532706,1.9490752709672023,1.0,0.0247011569857415,2.08440057695075,0.5255688207738785,0.13460951175002792,0.5202457670286723,0.41669139913912934,apriori,"{'burden_low', 'credit_small', 'risk_score_low'} -> {'cluster_0_minimal'}"
"frozenset({'burden_low', 'cluster_0_minimal', 'risk_score_low'})",frozenset({'credit_small'}),0.06828535739849265,0.334033206551487,0.05072770908478477,0.7428782833888272,2.2239653687673773,1.0,0.027918132192451966,2.590083802433569,0.590688055483352,0.1442805135083349,0.613912106218174,0.44737127671848903,apriori,"{'burden_low', 'cluster_0_minimal', 'risk_score_low'} -> {'credit_small'}"
"frozenset({'risk_score_low', 'credit_small', 'cluster_0_minimal'})",frozenset({'burden_low'}),0.09038750333328655,0.33334268992715893,0.05072770908478477,0.5612248066830222,1.6836271610025688,1.0,0.02059769558786699,1.5193596179245206,0.4463925805415786,0.13599831431925588,0.34182797265204246,0.35670183115507686,apriori,"{'risk_score_low', 'credit_small', 'cluster_0_minimal'} -> {'burden_low'}"
"frozenset({'burden_low', 'risk_score_low'})","frozenset({'credit_small', 'cluster_0_minimal'})",0.12070006035003017,0.24575374380710446,0.05072770908478477,0.42027906976744184,1.7101634475905472,1.0,0.02106521737602141,1.301050586340441,0.47226270696972644,0.16066999173178995,0.2313903775157794,0.3133479505500183,apriori,"{'burden_low', 'risk_score_low'} -> {'credit_small', 'cluster_0_minimal'}"
"frozenset({'risk_score_low', 'credit_small'})","frozenset({'burden_low', 'cluster_0_minimal'})",0.12530350451221736,0.17854907299546674,0.05072770908478477,0.40483870967741936,2.2673806303530792,1.0,0.028354884511045078,1.3802156497095137,0.6390358850847273,0.20040586845869784,0.2754755387605812,0.34447472436189036,apriori,"{'risk_score_low', 'credit_small'} -> {'burden_low', 'cluster_0_minimal'}"
"frozenset({'risk_score_low', 'cluster_0_minimal'})","frozenset({'burden_low', 'credit_small'})",0.1422127408738123,0.19042539753828017,0.05072770908478477,0.35670298436759823,1.8731901783000988,1.0,0.023646791368880638,1.2584771618532329,0.543434716009741,0.17994264776166957,0.2053888379449013,0.31154724690078023,apriori,"{'risk_score_low', 'cluster_0_minimal'} -> {'burden_low', 'credit_small'}"
"frozenset({'burden_low', 'risk_score_med', 'credit_small'})",frozenset({'cluster_0_minimal'}),0.0628763105079227,0.3540722235477397,0.04470112700172629,0.7109375,2.0078883705604884,1.0,0.022438371931707994,2.234560956375387,0.5356436407791038,0.1200844550013196,0.552484797003672,0.4185930563263041,apriori,"{'burden_low', 'risk_score_med', 'credit_small'} -> {'cluster_0_minimal'}"
"frozenset({'burden_low', 'risk_score_med', 'cluster_0_minimal'})",frozenset({'credit_small'}),0.05953039255589395,0.334033206551487,0.04470112700172629,0.7508958883440212,2.2479677876824504,1.0,0.024815999089012265,2.6734476160242413,0.590294214304543,0.12813395127289112,0.625951152359915,0.442359146598881,apriori,"{'burden_low', 'risk_score_med', 'cluster_0_minimal'} -> {'credit_small'}"
"frozenset({'risk_score_med', 'credit_small', 'cluster_0_minimal'})",frozenset({'burden_low'}),0.08243814121907062,0.33334268992715893,0.04470112700172629,0.5422384146549082,1.626669583704975,1.0,0.017220975255166297,1.4563417539072647,0.41985943548690197,0.12046233330055446,0.313347984896355,0.3381690157565729,apriori,"{'risk_score_med', 'credit_small', 'cluster_0_minimal'} -> {'burden_low'}"
"frozenset({'burden_low', 'risk_score_med'})","frozenset({'credit_small', 'cluster_0_minimal'})",0.11170650236487908,0.24575374380710446,0.04470112700172629,0.40016584581364967,1.628320446372306,1.0,0.01724883583796009,1.2574246580140118,0.4343950154114866,0.14292509558256,0.20472372350371323,0.2910299138035593,apriori,"{'burden_low', 'risk_score_med'} -> {'credit_small', 'cluster_0_minimal'}"
"frozenset({'risk_score_med', 'credit_small'})","frozenset({'burden_low', 'cluster_0_minimal'})",0.11134720916197667,0.17854907299546674,0.04470112700172629,0.40145709387919737,2.2484412108338985,1.0,0.024820186025223016,1.372417780921359,0.6248193207103081,0.1823083615715725,0.27135890112946515,0.32590737383516377,apriori,"{'risk_score_med', 'credit_small'} -> {'burden_low', 'cluster_0_minimal'}"
"frozenset({'risk_score_med', 'cluster_0_minimal'})","frozenset({'burden_low', 'credit_small'})",0.11739905404836423,0.19042539753828017,0.04470112700172629,0.3807622417750574,1.9995349711611596,1.0,0.022345365463948493,1.3073728010100378,0.5663756854617261,0.1698866000277366,0.23510723243788664,0.30775287796300044,apriori,"{'risk_score_med', 'cluster_0_minimal'} -> {'burden_low', 'credit_small'}"
"frozenset({'emp_mid', 'burden_low', 'cluster_0_minimal'})",frozenset({'risk_score_low'}),0.06700818234130047,0.3333342689927159,0.03021711975972267,0.45094671581769435,1.352836350071011,1.0,0.007880996282454665,1.2142095315942538,0.27954403000632466,0.08164023691974003,0.1764189178394913,0.27079891032059605,apriori,"{'emp_mid', 'burden_low', 'cluster_0_minimal'} -> {'risk_score_low'}"
"frozenset({'emp_mid', 'burden_low', 'risk_score_low'})",frozenset({'cluster_0_minimal'}),0.049037908239884354,0.3540722235477397,0.03021711975972267,0.6161991986262164,1.740320639817526,1.0,0.01285415855109679,1.6829766226131229,0.4473293374185219,0.08103428808009334,0.40581468181814623,0.3507704412347825,apriori,"{'emp_mid', 'burden_low', 'risk_score_low'} -> {'cluster_0_minimal'}"
"frozenset({'emp_mid', 'risk_score_low', 'cluster_0_minimal'})",frozenset({'burden_low'}),0.06258157780241681,0.33334268992715893,0.03021711975972267,0.48284368692531954,1.4484904019669043,1.0,0.00935600827517927,1.289082803822549,0.33029655756698995,0.08262654948766167,0.22425464288665142,0.28674625085603267,apriori,"{'emp_mid', 'risk_score_low', 'cluster_0_minimal'} -> {'burden_low'}"
"frozenset({'burden_low', 'cluster_0_minimal', 'risk_score_low'})",frozenset({'emp_mid'}),0.06828535739849265,0.33341005740270313,0.03021711975972267,0.4425124347432894,1.3272318123529459,1.0,0.0074500948297271385,1.1957036966202952,0.2646219187451472,0.08134289449225865,0.16367240243001632,0.2665714667002297,apriori,"{'burden_low', 'cluster_0_minimal', 'risk_score_low'} -> {'emp_mid'}"
"frozenset({'emp_mid', 'burden_low', 'credit_small'})",frozenset({'risk_score_low'}),0.0688664018750614,0.3333342689927159,0.03184797406352192,0.4624602592320861,1.387376883359664,1.0,0.008892442336339724,1.240216639712823,0.29986601564055126,0.08599363346975898,0.19368925719981153,0.27900195661685145,apriori,"{'emp_mid', 'burden_low', 'credit_small'} -> {'risk_score_low'}"
"frozenset({'emp_mid', 'burden_low', 'risk_score_low'})",frozenset({'credit_small'}),0.049037908239884354,0.334033206551487,0.03184797406352192,0.6494562106468231,1.9442863700639825,1.0,0.015467684331575762,1.8998105619767345,0.510716964916631,0.09067732267732269,0.4736317293870029,0.37239997362703925,apriori,"{'emp_mid', 'burden_low', 'risk_score_low'} -> {'credit_small'}"
"frozenset({'emp_mid', 'risk_score_low', 'credit_small'})",frozenset({'burden_low'}),0.052131198158622334,0.33334268992715893,0.03184797406352192,0.6109196640103381,1.8327075483306219,1.0,0.014470420240200996,1.713418151490839,0.4793482031709629,0.09006119970471738,0.416371304850539,0.3532304521895824,apriori,"{'emp_mid', 'risk_score_low', 'credit_small'} -> {'burden_low'}"
"frozenset({'burden_low', 'credit_small', 'risk_score_low'})",frozenset({'emp_mid'}),0.07350633675316838,0.33341005740270313,0.03184797406352192,0.43326841562607404,1.2995061366812906,1.0,0.007340222107185622,1.176200446519467,0.24876251402311877,0.08491243825774585,0.14980477778330023,0.26439517566088894,apriori,"{'burden_low', 'credit_small', 'risk_score_low'} -> {'emp_mid'}"
"frozenset({'credit_large', 'burden_med', 'emp_mid'})",frozenset({'cluster_2_ambisius'}),0.04630110454590111,0.35070104279238185,0.031185527220670587,0.6735374355865413,1.920545859298404,1.0,0.014947681573983976,1.9888925346591757,0.5025849360601236,0.08524907154476535,0.4972076255636587,0.3812304151015571,apriori,"{'credit_large', 'burden_med', 'emp_mid'} -> {'cluster_2_ambisius'}"
"frozenset({'credit_large', 'emp_mid', 'cluster_2_ambisius'})",frozenset({'burden_med'}),0.07494912352107339,0.33332304108012517,0.031185527220670587,0.4160892850455039,1.2483063987931249,1.0,0.006203257442336466,1.1417446911756512,0.21503101043519823,0.08270122600287334,0.12414744931259289,0.25482437776039807,apriori,"{'credit_large', 'emp_mid', 'cluster_2_ambisius'} -> {'burden_med'}"
"frozenset({'emp_mid', 'burden_med', 'cluster_2_ambisius'})",frozenset({'credit_large'}),0.04289904703091887,0.3220389889264712,0.031185527220670587,0.7269515147549565,2.2573400729466826,1.0,0.01737036148892434,2.4829326940418737,0.5819665420315362,0.0934390795703989,0.5972504601515649,0.411894626354537,apriori,"{'emp_mid', 'burden_med', 'cluster_2_ambisius'} -> {'credit_large'}"
"frozenset({'credit_large', 'burden_med', 'emp_senior'})",frozenset({'cluster_2_ambisius'}),0.05880057823749842,0.35070104279238185,0.03841068897278635,0.653236585831583,1.862659376859352,1.0,0.017789264868100618,1.8724551976301191,0.49206701374305095,0.10350748470155748,0.4659418279990601,0.38138101712520567,apriori,"{'credit_large', 'burden_med', 'emp_senior'} -> {'cluster_2_ambisius'}"
"frozenset({'credit_large', 'emp_senior', 'cluster_2_ambisius'})",frozenset({'burden_med'}),0.09165906443418338,0.33332304108012517,0.03841068897278635,0.4190604520120047,1.2572201749211502,1.0,0.007858610873025203,1.147584049371091,0.22523962775472947,0.09936246532769866,0.12860413095840012,0.26714803851652885,apriori,"{'credit_large', 'emp_senior', 'cluster_2_ambisius'} -> {'burden_med'}"
"frozenset({'burden_med', 'emp_senior', 'cluster_2_ambisius'})",frozenset({'credit_large'}),0.05536764396289175,0.3220389889264712,0.03841068897278635,0.6937389100126744,2.1542078253483483,1.0,0.020580148891735855,2.2136700783687075,0.5671965728812689,0.11330722288004373,0.548261500314935,0.4065061609543185,apriori,"{'burden_med', 'emp_senior', 'cluster_2_ambisius'} -> {'credit_large'}"
"frozenset({'credit_large', 'burden_med', 'income_very_high'})",frozenset({'cluster_2_ambisius'}),0.08249147380387643,0.35070104279238185,0.05298451951551557,0.6423029808084932,1.8314829511035766,1.0,0.024054673631015655,1.8152204865313435,0.4948121553435308,0.1393566677248599,0.4491027357724055,0.39669235434585015,apriori,"{'credit_large', 'burden_med', 'income_very_high'} -> {'cluster_2_ambisius'}"
"frozenset({'credit_large', 'burden_med', 'cluster_2_ambisius'})",frozenset({'income_very_high'}),0.09631864815932407,0.23744228151183844,0.05298451951551557,0.5500961706592061,2.316757433245011,1.0,0.03011439994442962,1.6949349366629598,0.6289409802165244,0.1887071619946415,0.41000685137281384,0.3866215573712155,apriori,"{'credit_large', 'burden_med', 'cluster_2_ambisius'} -> {'income_very_high'}"
"frozenset({'credit_large', 'income_very_high', 'cluster_2_ambisius'})",frozenset({'burden_med'}),0.08720158313567529,0.33332304108012517,0.05298451951551557,0.6076096053563381,1.8228851008540965,1.0,0.023918222637730923,1.699014471353965,0.4945441006520451,0.14415983137057234,0.4114234947021445,0.38328403601262523,apriori,"{'credit_large', 'income_very_high', 'cluster_2_ambisius'} -> {'burden_med'}"
"frozenset({'burden_med', 'income_very_high', 'cluster_2_ambisius'})",frozenset({'credit_large'}),0.0642517298002835,0.3220389889264712,0.05298451951551557,0.8246395806028833,2.5606824296394968,1.0,0.03229295741385545,3.866100533999271,0.6513280570831467,0.15896649879570834,0.7413414392083709,0.4945839280882069,apriori,"{'burden_med', 'income_very_high', 'cluster_2_ambisius'} -> {'credit_large'}"
"frozenset({'credit_large', 'burden_med'})","frozenset({'income_very_high', 'cluster_2_ambisius'})",0.14462393510266522,0.10341188193849911,0.05298451951551557,0.3663606544649962,3.5427326879408056,1.0,0.0380286862131976,1.4149817627004841,0.8390835906151153,0.27164402486760303,0.2932771104473418,0.439362298405919,apriori,"{'credit_large', 'burden_med'} -> {'income_very_high', 'cluster_2_ambisius'}"
"frozenset({'credit_large', 'income_very_high'})","frozenset({'burden_med', 'cluster_2_ambisius'})",0.12748171955481327,0.13945348135464766,0.05298451951551557,0.4156244495332041,2.980380593555919,1.0,0.03520674991452,1.4725915859381056,0.7615569751656571,0.2476482859054591,0.3209250891088339,0.39778424626375386,apriori,"{'credit_large', 'income_very_high'} -> {'burden_med', 'cluster_2_ambisius'}"
"frozenset({'burden_med', 'income_very_high'})","frozenset({'credit_large', 'cluster_2_ambisius'})",0.14654952211197037,0.23568230621324612,0.05298451951551557,0.36154685973682693,1.5340432871091227,1.0,0.018445390169717288,1.1971398456458353,0.4079064004807149,0.16092620379211567,0.16467570297894643,0.2931800851808725,apriori,"{'burden_med', 'income_very_high'} -> {'credit_large', 'cluster_2_ambisius'}"
"frozenset({'burden_med', 'cluster_2_ambisius'})","frozenset({'credit_large', 'income_very_high'})",0.13945348135464766,0.12748171955481327,0.05298451951551557,0.3799440429943036,2.9803805935559193,1.0,0.03520674991452,1.4071605483134986,0.7721516129988769,0.2476482859054591,0.2893490361149523,0.39778424626375386,apriori,"{'burden_med', 'cluster_2_ambisius'} -> {'credit_large', 'income_very_high'}"
"frozenset({'income_very_high', 'cluster_2_ambisius'})","frozenset({'credit_large', 'burden_med'})",0.10341188193849911,0.14462393510266522,0.05298451951551557,0.5123639423468418,3.5427326879408056,1.0,0.0380286862131976,1.7541280048362209,0.8005147574474673,0.27164402486760303,0.42991617644610386,0.439362298405919,apriori,"{'income_very_high', 'cluster_2_ambisius'} -> {'credit_large', 'burden_med'}"
"frozenset({'risk_score_high', 'burden_med', 'credit_large'})",frozenset({'cluster_2_ambisius'}),0.057239898387391054,0.35070104279238185,0.040718025010175296,0.7113573950568851,2.0283868830068323,1.0,0.02064393295638728,2.2494910525616296,0.5377798685445259,0.11088094783107204,0.555454999982667,0.41373102706525655,apriori,"{'risk_score_high', 'burden_med', 'credit_large'} -> {'cluster_2_ambisius'}"
"frozenset({'risk_score_high', 'burden_med', 'cluster_2_ambisius'})",frozenset({'credit_large'}),0.061548609844072365,0.3220389889264712,0.040718025010175296,0.6615588087745702,2.0542817221601046,1.0,0.02089697292616038,2.0031870488895387,0.5468709993397352,0.11875660054523575,0.5007954945823221,0.39399849650080576,apriori,"{'risk_score_high', 'burden_med', 'cluster_2_ambisius'} -> {'credit_large'}"
"frozenset({'risk_score_high', 'credit_large', 'cluster_2_ambisius'})",frozenset({'burden_med'}),0.10013333146201457,0.33332304108012517,0.040718025010175296,0.40663807361309673,1.2199518890005203,1.0,0.007341278453772422,1.123558707211636,0.20035806404401046,0.1036772326055105,0.10997085102769089,0.26439796024104834,apriori,"{'risk_score_high', 'credit_large', 'cluster_2_ambisius'} -> {'burden_med'}"
"frozenset({'credit_large', 'burden_med', 'cluster_2_ambisius'})",frozenset({'risk_score_high'}),0.09631864815932407,0.3333342689927159,0.040718025010175296,0.42274290377105556,1.2682251514328802,1.0,0.008611718835620404,1.1548852935068632,0.2340387753497671,0.10469110854503465,0.13411314039383668,0.2724483179593623,apriori,"{'credit_large', 'burden_med', 'cluster_2_ambisius'} -> {'risk_score_high'}"
"frozenset({'risk_score_high', 'burden_med'})","frozenset({'credit_large', 'cluster_2_ambisius'})",0.11511417383615669,0.23568230621324612,0.040718025010175296,0.35371860521823945,1.5008280040258672,1.0,0.013587651042637372,1.182639172283232,0.37711207732116614,0.1313152344138974,0.15443355552871144,0.2632425904859226,apriori,"{'risk_score_high', 'burden_med'} -> {'credit_large', 'cluster_2_ambisius'}"
"frozenset({'credit_large', 'burden_med', 'risk_score_med'})",frozenset({'cluster_2_ambisius'}),0.04866177316809589,0.35070104279238185,0.03228586265455923,0.6634748500230733,1.8918530858656624,1.0,0.015220128060381657,1.9294217898785166,0.4955311538857399,0.0879539354453901,0.48171001009428643,0.37776788787741516,apriori,"{'credit_large', 'burden_med', 'risk_score_med'} -> {'cluster_2_ambisius'}"
"frozenset({'credit_large', 'risk_score_med', 'cluster_2_ambisius'})",frozenset({'burden_med'}),0.07852521368121149,0.33332304108012517,0.03228586265455923,0.41115281501340484,1.2334965314161126,1.0,0.006111599628871169,1.1321731272860742,0.20542771927904346,0.08506075239792635,0.11674285857932838,0.25400669685894417,apriori,"{'credit_large', 'risk_score_med', 'cluster_2_ambisius'} -> {'burden_med'}"
"frozenset({'burden_med', 'risk_score_med', 'cluster_2_ambisius'})",frozenset({'credit_large'}),0.046705309399166325,0.3220389889264712,0.03228586265455923,0.6912675040567342,2.1465335807974673,1.0,0.017244932038153696,2.1959496327141226,0.5603016714466005,0.09595795269678388,0.544616149158197,0.39576100954179017,apriori,"{'burden_med', 'risk_score_med', 'cluster_2_ambisius'} -> {'credit_large'}"
"frozenset({'risk_score_high', 'burden_med', 'income_very_high'})",frozenset({'cluster_2_ambisius'}),0.055190804339588215,0.35070104279238185,0.03049781757449018,0.5525887498728512,1.575668967143587,1.0,0.011142344940046282,1.4512352047989303,0.3866906980968134,0.0812421487108931,0.31093182091144844,0.319775593771217,apriori,"{'risk_score_high', 'burden_med', 'income_very_high'} -> {'cluster_2_ambisius'}"
"frozenset({'risk_score_high', 'burden_med', 'cluster_2_ambisius'})",frozenset({'income_very_high'}),0.061548609844072365,0.23744228151183844,0.03049781757449018,0.49550782140739724,2.0868558803108206,1.0,0.015883575229231638,1.51153526426414,0.5549677163252814,0.11358884288880525,0.3384209924557536,0.3119754498927281,apriori,"{'risk_score_high', 'burden_med', 'cluster_2_ambisius'} -> {'income_very_high'}"
"frozenset({'risk_score_high', 'income_very_high', 'cluster_2_ambisius'})",frozenset({'burden_med'}),0.04979298536160896,0.33332304108012517,0.03049781757449018,0.6124922487175151,1.837533483232209,1.0,0.013900668269300524,1.7204222540412657,0.47967676785000735,0.08648962761299771,0.41874734667550145,0.3519942632747814,apriori,"{'risk_score_high', 'income_very_high', 'cluster_2_ambisius'} -> {'burden_med'}"
"frozenset({'burden_med', 'income_very_high', 'cluster_2_ambisius'})",frozenset({'risk_score_high'}),0.0642517298002835,0.3333342689927159,0.03049781757449018,0.4746614242027086,1.4239802755266098,1.0,0.00908051418999518,1.2690210879631378,0.3181871569416736,0.08308035816695596,0.21199103034208394,0.2830773100533888,apriori,"{'burden_med', 'income_very_high', 'cluster_2_ambisius'} -> {'risk_score_high'}"
"frozenset({'credit_large', 'burden_med', 'income_very_high'})",frozenset({'emp_senior'}),0.08249147380387643,0.3331995340416275,0.03533985487922976,0.4284061521709541,1.2857345476282456,1.0,0.007853734245371013,1.1665634059759882,0.24221516519048322,0.09291375773051319,0.14278127114456793,0.2672341449626842,apriori,"{'credit_large', 'burden_med', 'income_very_high'} -> {'emp_senior'}"
"frozenset({'credit_large', 'burden_med', 'emp_senior'})",frozenset({'income_very_high'}),0.05880057823749842,0.23744228151183844,0.03533985487922976,0.6010120297880466,2.531192111031334,1.0,0.02137811142830278,1.911229850070592,0.6427216405594167,0.13545208073331325,0.4767766943556974,0.3749237947734416,apriori,"{'credit_large', 'burden_med', 'emp_senior'} -> {'income_very_high'}"
"frozenset({'credit_large', 'income_very_high', 'emp_senior'})",frozenset({'burden_med'}),0.05431502715751358,0.33332304108012517,0.03533985487922976,0.6506459948320412,1.9519982558770579,1.0,0.01723540485073775,1.9083134844821856,0.5157155652245757,0.10031233068808362,0.47597708231289537,0.3783344165557114,apriori,"{'credit_large', 'income_very_high', 'emp_senior'} -> {'burden_med'}"
"frozenset({'burden_med', 'income_very_high', 'emp_senior'})",frozenset({'credit_large'}),0.059426534364429975,0.3220389889264712,0.03533985487922976,0.5946814038070946,1.8466130631868112,1.0,0.01620219383710454,1.6726619934084228,0.487434583401178,0.10210122537689868,0.4021505815635373,0.35220960923218547,apriori,"{'burden_med', 'income_very_high', 'emp_senior'} -> {'credit_large'}"
"frozenset({'income_very_high', 'emp_senior'})","frozenset({'credit_large', 'burden_med'})",0.09503305216768887,0.14462393510266522,0.03533985487922976,0.3718690926275992,2.5712831860343024,1.0,0.021595800909921727,1.3617799329053024,0.6752612612365357,0.17296569536605808,0.265666958488263,0.30811299089194916,apriori,"{'income_very_high', 'emp_senior'} -> {'credit_large', 'burden_med'}"
"frozenset({'risk_score_high', 'burden_med', 'income_very_high'})",frozenset({'credit_large'}),0.055190804339588215,0.3220389889264712,0.03449495445677955,0.6250127148814973,1.9407982771433987,1.0,0.016721363629219867,1.8079573307646446,0.5130645448108428,0.1006461863539201,0.4468896013286624,0.36606346642896426,apriori,"{'risk_score_high', 'burden_med', 'income_very_high'} -> {'credit_large'}"
"frozenset({'risk_score_high', 'burden_med', 'credit_large'})",frozenset({'income_very_high'}),0.057239898387391054,0.23744228151183844,0.03449495445677955,0.6026382895253041,2.538041184949015,1.0,0.02090378239017162,1.9190518320881886,0.6427885103490986,0.13257743303162048,0.47890933257812823,0.37395775452739966,apriori,"{'risk_score_high', 'burden_med', 'credit_large'} -> {'income_very_high'}"
"frozenset({'risk_score_high', 'income_very_high', 'credit_large'})",frozenset({'burden_med'}),0.05558658825841041,0.33332304108012517,0.03449495445677955,0.620562541029137,1.861745107743585,1.0,0.015966663815217417,1.757014082710977,0.49011326770167396,0.09732936275363925,0.4308525982574627,0.3620252998876948,apriori,"{'risk_score_high', 'income_very_high', 'credit_large'} -> {'burden_med'}"
"frozenset({'credit_large', 'burden_med', 'income_very_high'})",frozenset({'risk_score_high'}),0.08249147380387643,0.3333342689927159,0.03449495445677955,0.41816387641214103,1.2544881079157177,1.0,0.006997719338232629,1.1457963917680605,0.2211010654370769,0.09045940037246689,0.12724458971552907,0.26082422465177246,apriori,"{'credit_large', 'burden_med', 'income_very_high'} -> {'risk_score_high'}"
"frozenset({'risk_score_high', 'income_very_high'})","frozenset({'credit_large', 'burden_med'})",0.09159169695863918,0.14462393510266522,0.03449495445677955,0.3766166104811523,2.604109826038137,1.0,0.02124860281989034,1.3721508774199909,0.6780999427933319,0.1710035622843148,0.2712171697326271,0.307565724257326,apriori,"{'risk_score_high', 'income_very_high'} -> {'credit_large', 'burden_med'}"
"frozenset({'emp_mid', 'income_low', 'credit_small'})",frozenset({'cluster_0_minimal'}),0.05169050258943734,0.3540722235477397,0.04227589788213499,0.8178658702144992,2.3098842999307627,1.0,0.023973726693992715,3.546440072560639,0.5979881937772263,0.11630654702148362,0.7180270977262082,0.46863247530068547,apriori,"{'emp_mid', 'income_low', 'credit_small'} -> {'cluster_0_minimal'}"
"frozenset({'emp_mid', 'income_low', 'cluster_0_minimal'})",frozenset({'credit_small'}),0.052212600524904916,0.334033206551487,0.04227589788213499,0.8096876512015483,2.423973531136777,1.0,0.02483515550640915,3.49933568501011,0.6198164708745133,0.12290580295574544,0.7142314741956198,0.468124806432868,apriori,"{'emp_mid', 'income_low', 'cluster_0_minimal'} -> {'credit_small'}"
"frozenset({'emp_mid', 'credit_small', 'cluster_0_minimal'})",frozenset({'income_low'}),0.08607317792030988,0.320088139113837,0.04227589788213499,0.49116227498043313,1.5344594658840354,1.0,0.014724894534008798,1.3362056849460555,0.38110788073466967,0.11617914776759543,0.25161222462515465,0.3116190387994867,apriori,"{'emp_mid', 'credit_small', 'cluster_0_minimal'} -> {'income_low'}"
"frozenset({'emp_mid', 'income_low'})","frozenset({'credit_small', 'cluster_0_minimal'})",0.09600145962863679,0.24575374380710446,0.04227589788213499,0.44036724072395544,1.7919045053067668,1.0,0.018683179767450903,1.347752152980837,0.4888664383595492,0.1411646718092435,0.2580238155893204,0.3061963443742677,apriori,"{'emp_mid', 'income_low'} -> {'credit_small', 'cluster_0_minimal'}"
"frozenset({'emp_mid', 'credit_small'})","frozenset({'income_low', 'cluster_0_minimal'})",0.11368822893713773,0.15868128166622222,0.04227589788213499,0.3718581798429707,2.3434281342972447,1.0,0.02423570400402708,1.3393770185902547,0.6468093397146886,0.18373346996535403,0.2533842330275771,0.3191391870363427,apriori,"{'emp_mid', 'credit_small'} -> {'income_low', 'cluster_0_minimal'}"
"frozenset({'emp_mid', 'risk_score_low', 'credit_small'})",frozenset({'cluster_0_minimal'}),0.052131198158622334,0.3540722235477397,0.03874471937235969,0.743215593366358,2.099050826183065,1.0,0.020286510124128444,2.5154478222418497,0.5523909989526885,0.10543965655531705,0.6024564726972682,0.42632081396556365,apriori,"{'emp_mid', 'risk_score_low', 'credit_small'} -> {'cluster_0_minimal'}"
"frozenset({'emp_mid', 'risk_score_low', 'cluster_0_minimal'})",frozenset({'credit_small'}),0.06258157780241681,0.334033206551487,0.03874471937235969,0.6191074231890559,1.8534307698945143,1.0,0.01784039426796704,1.7484373127572537,0.4912000973922123,0.10826476747743015,0.4280607072935213,0.36754902255830135,apriori,"{'emp_mid', 'risk_score_low', 'cluster_0_minimal'} -> {'credit_small'}"
"frozenset({'emp_mid', 'credit_small', 'cluster_0_minimal'})",frozenset({'risk_score_low'}),0.08607317792030988,0.3333342689927159,0.03874471937235969,0.45013696843203765,1.3504071147328514,1.0,0.01005357953041322,1.2124214444936459,0.2839205155330429,0.1017822775102682,0.17520429505629645,0.28318540014164534,apriori,"{'emp_mid', 'credit_small', 'cluster_0_minimal'} -> {'risk_score_low'}"
"frozenset({'risk_score_low', 'credit_small', 'cluster_0_minimal'})",frozenset({'emp_mid'}),0.09038750333328655,0.33341005740270313,0.03874471937235969,0.4286512841216112,1.2856579296402948,1.0,0.008608616697521602,1.1666954419814959,0.24426679448230787,0.1006218243583108,0.1428782833833507,0.2724293472612198,apriori,"{'risk_score_low', 'credit_small', 'cluster_0_minimal'} -> {'emp_mid'}"
"frozenset({'emp_new', 'income_low', 'credit_small'})",frozenset({'cluster_0_minimal'}),0.07550771217246073,0.3540722235477397,0.05935355293259042,0.7860594795539034,2.2200540660256527,1.0,0.032618369388684516,3.0191932557021386,0.5944457588430713,0.16031691876113574,0.6687856936248218,0.4768453414893348,apriori,"{'emp_new', 'income_low', 'credit_small'} -> {'cluster_0_minimal'}"
"frozenset({'emp_new', 'income_low', 'cluster_0_minimal'})",frozenset({'credit_small'}),0.0690011368261498,0.334033206551487,0.05935355293259042,0.8601822471727281,2.575139927114228,1.0,0.03630488194285371,4.7631061147952725,0.6570057296966302,0.1726996520688022,0.7900529662999158,0.5189349148150092,apriori,"{'emp_new', 'income_low', 'cluster_0_minimal'} -> {'credit_small'}"
"frozenset({'emp_new', 'credit_small', 'cluster_0_minimal'})",frozenset({'income_low'}),0.09412920520413749,0.320088139113837,0.05935355293259042,0.6305540645315202,1.969938862080948,1.0,0.02922391080253355,1.8403555043148425,0.5435322957758095,0.1672572811694167,0.45662672366538437,0.4079914219599714,apriori,"{'emp_new', 'credit_small', 'cluster_0_minimal'} -> {'income_low'}"
"frozenset({'income_low', 'credit_small', 'cluster_0_minimal'})",frozenset({'emp_new'}),0.13329777827679612,0.33339040855566937,0.05935355293259042,0.445270384097035,1.3355824662924698,1.0,0.01491335217332633,1.2016837975366652,0.2899069605328823,0.1457120215001895,0.1678343320847775,0.31165027977963256,apriori,"{'income_low', 'credit_small', 'cluster_0_minimal'} -> {'emp_new'}"
"frozenset({'emp_new', 'income_low'})","frozenset({'credit_small', 'cluster_0_minimal'})",0.13650054034329343,0.24575374380710446,0.05935355293259042,0.4348228423368772,1.7693437161965504,1.0,0.02580803411153336,1.334530679391803,0.5035540958083324,0.18381362194114836,0.25067290288467675,0.33816960782535854,apriori,"{'emp_new', 'income_low'} -> {'credit_small', 'cluster_0_minimal'}"
"frozenset({'emp_new', 'credit_small'})","frozenset({'income_low', 'cluster_0_minimal'})",0.12720102174004574,0.15868128166622222,0.05935355293259042,0.46661223408950486,2.9405625489652856,1.0,0.039169131773626964,1.5773116147455002,0.7561065403161746,0.2620133330028996,0.3660098672630705,0.4203273974042012,apriori,"{'emp_new', 'credit_small'} -> {'income_low', 'cluster_0_minimal'}"
"frozenset({'emp_new', 'cluster_0_minimal'})","frozenset({'income_low', 'credit_small'})",0.1285848619668496,0.16854219589900493,0.05935355293259042,0.46159051714728544,2.7387237640114943,1.0,0.03768157793732714,1.5442852152149884,0.728546472153328,0.24962223166643055,0.3524512245875615,0.4068744671540171,apriori,"{'emp_new', 'cluster_0_minimal'} -> {'income_low', 'credit_small'}"
"frozenset({'income_low', 'credit_small'})","frozenset({'emp_new', 'cluster_0_minimal'})",0.16854219589900493,0.1285848619668496,0.05935355293259042,0.35215841716074875,2.7387237640114943,1.0,0.03768157793732714,1.3451052867184885,0.7635582003845639,0.24962223166643055,0.2565637724615635,0.4068744671540171,apriori,"{'income_low', 'credit_small'} -> {'emp_new', 'cluster_0_minimal'}"
"frozenset({'income_low', 'cluster_0_minimal'})","frozenset({'emp_new', 'credit_small'})",0.15868128166622222,0.12720102174004574,0.05935355293259042,0.3740425607188976,2.940562548965285,1.0,0.039169131773626964,1.3943423681685827,0.7843983516147223,0.2620133330028996,0.28281602651616833,0.4203273974042012,apriori,"{'income_low', 'cluster_0_minimal'} -> {'emp_new', 'credit_small'}"
"frozenset({'emp_new', 'risk_score_low', 'credit_small'})",frozenset({'cluster_0_minimal'}),0.044372710558448304,0.3540722235477397,0.0327293652018919,0.7376012145748987,2.083194234171401,1.0,0.017018220909621844,2.4616263958913516,0.5441116585494417,0.08949404396414097,0.5937645120847426,0.41501909468240733,apriori,"{'emp_new', 'risk_score_low', 'credit_small'} -> {'cluster_0_minimal'}"
"frozenset({'emp_new', 'risk_score_low', 'cluster_0_minimal'})",frozenset({'credit_small'}),0.04941965726796817,0.334033206551487,0.0327293652018919,0.6622742246961263,1.982659842514924,1.0,0.016221558617996994,1.9719158031373223,0.5213941678569857,0.09331956749661857,0.4928789563890113,0.38012829729608877,apriori,"{'emp_new', 'risk_score_low', 'cluster_0_minimal'} -> {'credit_small'}"
"frozenset({'emp_new', 'risk_score_med', 'credit_small'})",frozenset({'cluster_0_minimal'}),0.04292430983424794,0.3540722235477397,0.03196586714572427,0.7447031127386868,2.103252001179014,1.0,0.016767561318459988,2.530104394853474,0.5480713848003851,0.08757036080095966,0.6047593917333545,0.41749187664839843,apriori,"{'emp_new', 'risk_score_med', 'credit_small'} -> {'cluster_0_minimal'}"
"frozenset({'emp_new', 'risk_score_med', 'cluster_0_minimal'})",frozenset({'credit_small'}),0.04304500989459797,0.334033206551487,0.03196586714572427,0.7426149331594392,2.2231769734096014,1.0,0.017587404464591224,2.5874336907861526,0.5749416218891743,0.09262452418908805,0.6135166657367884,0.41915580398864893,apriori,"{'emp_new', 'risk_score_med', 'cluster_0_minimal'} -> {'credit_small'}"
"frozenset({'income_low', 'credit_small', 'emp_senior'})",frozenset({'cluster_0_minimal'}),0.04134398113710685,0.3540722235477397,0.03166832746207071,0.7659718921854844,2.1633210436859027,1.0,0.017029572130539482,2.7600435797404534,0.5609392197256905,0.08706120212675654,0.63768688025787,0.42770609830457035,apriori,"{'income_low', 'credit_small', 'emp_senior'} -> {'cluster_0_minimal'}"
"frozenset({'cluster_0_minimal', 'income_low', 'emp_senior'})",frozenset({'credit_small'}),0.03746754431516751,0.334033206551487,0.03166832746207071,0.8452202577165119,2.5303480047461444,1.0,0.01915292349286537,4.302674133083618,0.6283397926486995,0.09318806941610844,0.767586396489821,0.4700130918585669,apriori,"{'cluster_0_minimal', 'income_low', 'emp_senior'} -> {'credit_small'}"
"frozenset({'cluster_0_minimal', 'credit_small', 'emp_senior'})",frozenset({'income_low'}),0.06555136068265709,0.320088139113837,0.03166832746207071,0.48310709544812236,1.5092939612995435,1.0,0.010686114404779064,1.3153824610450306,0.3611097847478669,0.08946583772124596,0.23976483675665644,0.2910216841407125,apriori,"{'cluster_0_minimal', 'credit_small', 'emp_senior'} -> {'income_low'}"
"frozenset({'income_low', 'emp_senior'})","frozenset({'credit_small', 'cluster_0_minimal'})",0.08758613914190679,0.24575374380710446,0.03166832746207071,0.3615677979681441,1.4712605894294888,1.0,0.010143705862337146,1.1814038417743546,0.3510586239601361,0.10497617984219147,0.15354939213834246,0.24521491633395953,apriori,"{'income_low', 'emp_senior'} -> {'credit_small', 'cluster_0_minimal'}"
"frozenset({'risk_score_high', 'income_low', 'credit_small'})",frozenset({'cluster_0_minimal'}),0.04860844058329006,0.3540722235477397,0.03869700074384921,0.796096321533753,2.248400943618259,1.0,0.021486102103335507,3.1678083559399015,0.5836077295725843,0.10631521311627115,0.6843243379527939,0.4526937926045172,apriori,"{'risk_score_high', 'income_low', 'credit_small'} -> {'cluster_0_minimal'}"
"frozenset({'risk_score_high', 'income_low', 'cluster_0_minimal'})",frozenset({'credit_small'}),0.04328079605900268,0.334033206551487,0.03869700074384921,0.8940917050392373,2.676655157341144,1.0,0.024239777654159578,6.288145736792786,0.654736925159112,0.11427955634398261,0.8409706069392023,0.5049697355121985,apriori,"{'risk_score_high', 'income_low', 'cluster_0_minimal'} -> {'credit_small'}"
"frozenset({'risk_score_high', 'credit_small', 'cluster_0_minimal'})",frozenset({'income_low'}),0.0729280992547473,0.320088139113837,0.03869700074384921,0.5306185289249836,1.6577263074914284,1.0,0.015353581164287939,1.4485272700027387,0.4279755565680905,0.10921507114110973,0.3096436493058849,0.3257566788074621,apriori,"{'risk_score_high', 'credit_small', 'cluster_0_minimal'} -> {'income_low'}"
"frozenset({'risk_score_high', 'income_low'})","frozenset({'credit_small', 'cluster_0_minimal'})",0.09699793687106145,0.24575374380710446,0.03869700074384921,0.39894663734228497,1.623359348109967,1.0,0.01485939461622068,1.2548740312470725,0.4252409384272109,0.12726987380101734,0.20310726407636556,0.2782045724546515,apriori,"{'risk_score_high', 'income_low'} -> {'credit_small', 'cluster_0_minimal'}"
"frozenset({'risk_score_high', 'credit_small'})","frozenset({'income_low', 'cluster_0_minimal'})",0.09738249287729295,0.15868128166622222,0.03869700074384921,0.39737122762516935,2.5042098441139324,1.0,0.023244221962228605,1.3960812309347945,0.6654783869874374,0.17802629200134304,0.2837093015494412,0.3206187124664206,apriori,"{'risk_score_high', 'credit_small'} -> {'income_low', 'cluster_0_minimal'}"
"frozenset({'risk_score_high', 'cluster_0_minimal'})","frozenset({'income_low', 'credit_small'})",0.09446042862556316,0.16854219589900493,0.03869700074384921,0.40966361583263994,2.430629396083824,1.0,0.02277643267773557,1.4084474994264915,0.6499814541961483,0.17251908396946564,0.2899983844572185,0.31963095520830587,apriori,"{'risk_score_high', 'cluster_0_minimal'} -> {'income_low', 'credit_small'}"
"frozenset({'risk_score_low', 'income_low', 'credit_small'})",frozenset({'cluster_0_minimal'}),0.06275841742572034,0.3540722235477397,0.049186678081711135,0.7837463100456212,2.213521021763935,1.0,0.026965665677449117,2.9868982887114033,0.5849410555670066,0.13378889100973468,0.6652045354944388,0.46133169315504463,apriori,"{'risk_score_low', 'income_low', 'credit_small'} -> {'cluster_0_minimal'}"
"frozenset({'risk_score_low', 'income_low', 'cluster_0_minimal'})",frozenset({'credit_small'}),0.062121233386198085,0.334033206551487,0.049186678081711135,0.7917852785685239,2.3703789414914955,1.0,0.0284361232987861,3.1984616115036992,0.6164192495339422,0.1417615222192559,0.6873496944895744,0.4695180710033231,apriori,"{'risk_score_low', 'income_low', 'cluster_0_minimal'} -> {'credit_small'}"
"frozenset({'risk_score_low', 'credit_small', 'cluster_0_minimal'})",frozenset({'income_low'}),0.09038750333328655,0.320088139113837,0.049186678081711135,0.5441756467190461,1.7000806347451507,1.0,0.020254710340613706,1.4916093359037563,0.45271212451886367,0.1361422100675156,0.32958317172632445,0.34892084537946466,apriori,"{'risk_score_low', 'credit_small', 'cluster_0_minimal'} -> {'income_low'}"
"frozenset({'risk_score_low', 'income_low'})","frozenset({'credit_small', 'cluster_0_minimal'})",0.11379489410674938,0.24575374380710446,0.049186678081711135,0.43223976319684265,1.7588328726992402,1.0,0.021221156828844467,1.328459105272624,0.4868411889534512,0.15848165834599523,0.24724818699271756,0.31619298184856126,apriori,"{'risk_score_low', 'income_low'} -> {'credit_small', 'cluster_0_minimal'}"
"frozenset({'risk_score_low', 'credit_small'})","frozenset({'income_low', 'cluster_0_minimal'})",0.12530350451221736,0.15868128166622222,0.049186678081711135,0.3925403225806452,2.473765767825932,1.0,0.029303357388443224,1.3849787065833183,0.6811025444500531,0.20948498469778118,0.27796723859606753,0.35125592131579536,apriori,"{'risk_score_low', 'credit_small'} -> {'income_low', 'cluster_0_minimal'}"
"frozenset({'income_low', 'credit_small', 'risk_score_med'})",frozenset({'cluster_0_minimal'}),0.05717533788999453,0.3540722235477397,0.04541409945123577,0.7942952525897196,2.2433142160405146,1.0,0.025169900432432075,3.140072286051571,0.5878409774328683,0.1241387247755697,0.6815359937915848,0.4612787504426321,apriori,"{'income_low', 'credit_small', 'risk_score_med'} -> {'cluster_0_minimal'}"
"frozenset({'income_low', 'cluster_0_minimal', 'risk_score_med'})",frozenset({'credit_small'}),0.05327925222102146,0.334033206551487,0.04541409945123577,0.8523786944839576,2.551778319538343,1.0,0.027617059989182537,4.511318953050044,0.6423398140676198,0.13282924065909704,0.7783353359833022,0.49416776759138764,apriori,"{'income_low', 'cluster_0_minimal', 'risk_score_med'} -> {'credit_small'}"
"frozenset({'risk_score_med', 'credit_small', 'cluster_0_minimal'})",frozenset({'income_low'}),0.08243814121907062,0.320088139113837,0.04541409945123577,0.550886989682999,1.7210478064202188,1.0,0.019026628236419756,1.513899275387848,0.4565998593185462,0.12717040157833095,0.3394540731622925,0.34638348589672036,apriori,"{'risk_score_med', 'credit_small', 'cluster_0_minimal'} -> {'income_low'}"
"frozenset({'income_low', 'risk_score_med'})","frozenset({'credit_small', 'cluster_0_minimal'})",0.10929530813602616,0.24575374380710446,0.04541409945123577,0.41551737421989365,1.690787565564165,1.0,0.018554368296256257,1.2904511150972304,0.45869259200395923,0.1466698093537245,0.22507719331572368,0.3001562610953953,apriori,"{'income_low', 'risk_score_med'} -> {'credit_small', 'cluster_0_minimal'}"
"frozenset({'risk_score_med', 'credit_small'})","frozenset({'income_low', 'cluster_0_minimal'})",0.11134720916197667,0.15868128166622222,0.04541409945123577,0.40786023999193305,2.570310976248892,1.0,0.02774538159145639,1.4208110570422028,0.6874923759816716,0.20218695326168457,0.2961766485110505,0.3470285969378214,apriori,"{'risk_score_med', 'credit_small'} -> {'income_low', 'cluster_0_minimal'}"
"frozenset({'risk_score_med', 'cluster_0_minimal'})","frozenset({'income_low', 'credit_small'})",0.11739905404836423,0.16854219589900493,0.04541409945123577,0.38683530986993114,2.2951837538756963,1.0,0.025627405085458497,1.3560105751109384,0.6393660010262004,0.1888106991562511,0.26254262440527976,0.32814385572105575,apriori,"{'risk_score_med', 'cluster_0_minimal'} -> {'income_low', 'credit_small'}"
"frozenset({'credit_large', 'income_very_high', 'emp_senior'})",frozenset({'cluster_2_ambisius'}),0.05431502715751358,0.35070104279238185,0.03651878570125332,0.6723514211886304,1.9171640204864417,1.0,0.017470449037816766,1.9816931895847651,0.5058727099619507,0.09910191272023706,0.49538101798213496,0.3882411185133797,apriori,"{'credit_large', 'income_very_high', 'emp_senior'} -> {'cluster_2_ambisius'}"
"frozenset({'credit_large', 'income_very_high', 'cluster_2_ambisius'})",frozenset({'emp_senior'}),0.08720158313567529,0.3331995340416275,0.03651878570125332,0.4187858108543102,1.2568619342726637,1.0,0.0074632588327540675,1.1472542797664378,0.22389134081971776,0.09513015501608658,0.12835365477687857,0.2641930806529268,apriori,"{'credit_large', 'income_very_high', 'cluster_2_ambisius'} -> {'emp_senior'}"
"frozenset({'credit_large', 'emp_senior', 'cluster_2_ambisius'})",frozenset({'income_very_high'}),0.09165906443418338,0.23744228151183844,0.03651878570125332,0.39841979543088135,1.6779648211517748,1.0,0.01475504832076021,1.2675911087106713,0.4448109001942474,0.12481531937755436,0.21110207137919362,0.27611024054556244,apriori,"{'credit_large', 'emp_senior', 'cluster_2_ambisius'} -> {'income_very_high'}"
"frozenset({'income_very_high', 'emp_senior', 'cluster_2_ambisius'})",frozenset({'credit_large'}),0.04385903355742376,0.3220389889264712,0.03651878570125332,0.8326399999999999,2.58552544452967,1.0,0.022394466879128397,4.050914263106647,0.64136089065694,0.11087154751455136,0.7531421464266934,0.47301932361759985,apriori,"{'income_very_high', 'emp_senior', 'cluster_2_ambisius'} -> {'credit_large'}"
"frozenset({'income_very_high', 'emp_senior'})","frozenset({'credit_large', 'cluster_2_ambisius'})",0.09503305216768887,0.23568230621324612,0.03651878570125332,0.3842745746691872,1.630476979130942,1.0,0.014121176799888675,1.2413287844595768,0.42728912981414824,0.12413056130675801,0.1944116558649218,0.2696118892425769,apriori,"{'income_very_high', 'emp_senior'} -> {'credit_large', 'cluster_2_ambisius'}"
"frozenset({'income_very_high', 'cluster_2_ambisius'})","frozenset({'credit_large', 'emp_senior'})",0.10341188193849911,0.12782417088882964,0.03651878570125332,0.35313916560353953,2.7626947481683204,1.0,0.023300247632411134,1.3483206630139157,0.7116250532711934,0.1875477518776399,0.2583366646887328,0.3194173143666167,apriori,"{'income_very_high', 'cluster_2_ambisius'} -> {'credit_large', 'emp_senior'}"
"frozenset({'credit_large', 'risk_score_high', 'emp_senior'})",frozenset({'cluster_2_ambisius'}),0.05758796367770277,0.35070104279238185,0.04372149162818768,0.759212322090076,2.164841929311104,1.0,0.023525332714127507,2.6965622279496957,0.5709525012835984,0.11992700898528633,0.6291574547640458,0.441940580241606,apriori,"{'credit_large', 'risk_score_high', 'emp_senior'} -> {'cluster_2_ambisius'}"
"frozenset({'credit_large', 'risk_score_high', 'cluster_2_ambisius'})",frozenset({'emp_senior'}),0.10013333146201457,0.3331995340416275,0.04372149162818768,0.43663274745605923,1.3104242438751716,1.0,0.01035711224300858,1.1835981998374394,0.263248282863508,0.11221821168435385,0.15511868796577735,0.2839249463119358,apriori,"{'credit_large', 'risk_score_high', 'cluster_2_ambisius'} -> {'emp_senior'}"
"frozenset({'credit_large', 'emp_senior', 'cluster_2_ambisius'})",frozenset({'risk_score_high'}),0.09165906443418338,0.3333342689927159,0.04372149162818768,0.4770012862130214,1.4309998418537788,1.0,0.013168384388462913,1.2746986052413547,0.3315802375644274,0.11467275270558787,0.21550082828351616,0.30408269646140157,apriori,"{'credit_large', 'emp_senior', 'cluster_2_ambisius'} -> {'risk_score_high'}"
"frozenset({'risk_score_high', 'emp_senior', 'cluster_2_ambisius'})",frozenset({'credit_large'}),0.06402155759217415,0.3220389889264712,0.04372149162818768,0.6829182742897228,2.120607435038397,1.0,0.023104053951706068,2.138127038241848,0.5645824496496925,0.1277140045916694,0.5323009427810771,0.40934143266121314,apriori,"{'risk_score_high', 'emp_senior', 'cluster_2_ambisius'} -> {'credit_large'}"
"frozenset({'credit_large', 'income_very_high', 'risk_score_high'})",frozenset({'cluster_2_ambisius'}),0.05558658825841041,0.35070104279238185,0.04068153429425552,0.7318588092713225,2.0868452612631367,1.0,0.021187259826760223,2.4214815912584675,0.5514616586484088,0.111271487688965,0.5870296914046369,0.4239297087840857,apriori,"{'credit_large', 'income_very_high', 'risk_score_high'} -> {'cluster_2_ambisius'}"
"frozenset({'credit_large', 'income_very_high', 'cluster_2_ambisius'})",frozenset({'risk_score_high'}),0.08720158313567529,0.3333342689927159,0.04068153429425552,0.4665228867572266,1.3995647317240616,1.0,0.011614258324717654,1.24966135277091,0.312765815236537,0.10709772769259192,0.19978320704031424,0.2942835735322107,apriori,"{'credit_large', 'income_very_high', 'cluster_2_ambisius'} -> {'risk_score_high'}"
"frozenset({'credit_large', 'risk_score_high', 'cluster_2_ambisius'})",frozenset({'income_very_high'}),0.10013333146201457,0.23744228151183844,0.04068153429425552,0.4062736523421075,1.71104173087998,1.0,0.01690564761653363,1.2843588995103017,0.4618025457763586,0.13702373073650373,0.22140143196634643,0.28880298056282583,apriori,"{'credit_large', 'risk_score_high', 'cluster_2_ambisius'} -> {'income_very_high'}"
"frozenset({'risk_score_high', 'income_very_high', 'cluster_2_ambisius'})",frozenset({'credit_large'}),0.04979298536160896,0.3220389889264712,0.04068153429425552,0.8170133603923558,2.5370013833290805,1.0,0.02464625163277239,3.7049754699424917,0.6375809348866469,0.1228491023445844,0.7300926799346604,0.4716691165674212,apriori,"{'risk_score_high', 'income_very_high', 'cluster_2_ambisius'} -> {'credit_large'}"
"frozenset({'risk_score_high', 'income_very_high'})","frozenset({'credit_large', 'cluster_2_ambisius'})",0.09159169695863918,0.23568230621324612,0.04068153429425552,0.44416181428133616,1.8845785303859726,1.0,0.019094991925058678,1.3750723023797637,0.5167030915978484,0.141949069539667,0.27276551329748,0.3083867799656029,apriori,"{'risk_score_high', 'income_very_high'} -> {'credit_large', 'cluster_2_ambisius'}"
"frozenset({'income_very_high', 'cluster_2_ambisius'})","frozenset({'credit_large', 'risk_score_high'})",0.10341188193849911,0.13004168362549298,0.04068153429425552,0.3933932303683396,3.025131783907633,1.0,0.027233679060092386,1.434138819292698,0.7466481822806689,0.21103442250567883,0.3027174311527322,0.35311390062709846,apriori,"{'income_very_high', 'cluster_2_ambisius'} -> {'credit_large', 'risk_score_high'}"
"frozenset({'age_senior', 'income_low', 'burden_high', 'credit_small'})",frozenset({'cluster_0_minimal'}),0.04177064181555347,0.3540722235477397,0.03313357005515712,0.7932262616759627,2.2402950836639453,1.0,0.018343746028507912,3.123838557486541,0.5777637950863337,0.09135020933778062,0.679881024067836,0.44340241258841734,apriori,"{'age_senior', 'income_low', 'burden_high', 'credit_small'} -> {'cluster_0_minimal'}"
"frozenset({'age_senior', 'income_low', 'burden_high', 'cluster_0_minimal'})",frozenset({'credit_small'}),0.03607247617577297,0.334033206551487,0.03313357005515712,0.9185277410318263,2.7498096686691142,1.0,0.021084165169911556,8.174154023502236,0.6601517760565212,0.09832733573237372,0.8776631811530821,0.5088600923964015,apriori,"{'age_senior', 'income_low', 'burden_high', 'cluster_0_minimal'} -> {'credit_small'}"
"frozenset({'income_low', 'burden_high', 'cluster_0_minimal', 'credit_small'})",frozenset({'age_senior'}),0.08052939607865153,0.3333090061893868,0.03313357005515712,0.41144689602286594,1.2344307785943265,1.0,0.006292397079150278,1.132762684123937,0.2065427899839527,0.0870321762467927,0.11720255794497167,0.2554274305619833,apriori,"{'income_low', 'burden_high', 'cluster_0_minimal', 'credit_small'} -> {'age_senior'}"
"frozenset({'age_senior', 'income_low', 'credit_small', 'cluster_0_minimal'})",frozenset({'burden_high'}),0.050691218368865,0.3333342689927159,0.03313357005515712,0.6536353064953764,1.9609004152815137,1.0,0.016236449835821377,1.9247508291383768,0.5161968431228059,0.09442671210412218,0.4804522305634468,0.3765178688230048,apriori,"{'age_senior', 'income_low', 'credit_small', 'cluster_0_minimal'} -> {'burden_high'}"
"frozenset({'age_senior', 'burden_high', 'cluster_0_minimal', 'credit_small'})",frozenset({'income_low'}),0.033332865503642055,0.320088139113837,0.03313357005515712,0.994021052631579,3.1054604378141697,1.0,0.022464115164764528,113.71765278906047,0.7013650669178556,0.10344948468064222,0.9912062905320872,0.5487674738660601,apriori,"{'age_senior', 'burden_high', 'cluster_0_minimal', 'credit_small'} -> {'income_low'}"
"frozenset({'age_senior', 'income_low', 'burden_high'})","frozenset({'credit_small', 'cluster_0_minimal'})",0.06667134496357946,0.24575374380710446,0.03313357005515712,0.496968676321994,2.022222199439092,1.0,0.01674883742570253,1.4994021658096466,0.5416039646864711,0.1186343581342526,0.3330675233085178,0.31589647508690305,apriori,"{'age_senior', 'income_low', 'burden_high'} -> {'credit_small', 'cluster_0_minimal'}"
"frozenset({'income_low', 'burden_high', 'cluster_0_minimal'})","frozenset({'age_senior', 'credit_small'})",0.09152713646124265,0.1122707049725618,0.03313357005515712,0.36200815775753675,3.22442223771561,1.0,0.022857753920533547,1.3914430189376377,0.7593698696202666,0.1941447368421053,0.2813216305734914,0.3285651459587994,apriori,"{'income_low', 'burden_high', 'cluster_0_minimal'} -> {'age_senior', 'credit_small'}"
"frozenset({'age_senior', 'income_low', 'credit_small'})","frozenset({'burden_high', 'cluster_0_minimal'})",0.06700818234130047,0.10043087114566814,0.03313357005515712,0.49447050938337805,4.923491190932539,1.0,0.02640387992873254,1.779459251243836,0.8541254875698737,0.2467030325830251,0.43803152598127587,0.41219235243058616,apriori,"{'age_senior', 'income_low', 'credit_small'} -> {'burden_high', 'cluster_0_minimal'}"
"frozenset({'age_senior', 'income_low', 'cluster_0_minimal'})","frozenset({'burden_high', 'credit_small'})",0.05702376107002007,0.09994245694797266,0.03313357005515712,0.5810484863401427,5.813830318806559,1.0,0.027434475269405165,2.1483573007991934,0.8780670412373545,0.26756732251337384,0.5345280789056839,0.4562874786707033,apriori,"{'age_senior', 'income_low', 'cluster_0_minimal'} -> {'burden_high', 'credit_small'}"
"frozenset({'age_senior', 'burden_high', 'credit_small'})","frozenset({'income_low', 'cluster_0_minimal'})",0.04206537452105935,0.15868128166622222,0.03313357005515712,0.7876684905912186,4.9638399836474605,1.0,0.026458582512385777,3.96228859615022,0.8336091436008431,0.1976788973925276,0.7476206046748828,0.4982371392829791,apriori,"{'age_senior', 'burden_high', 'credit_small'} -> {'income_low', 'cluster_0_minimal'}"
"frozenset({'age_senior', 'burden_high', 'cluster_0_minimal'})","frozenset({'income_low', 'credit_small'})",0.03690053472933713,0.16854219589900493,0.03313357005515712,0.8979157158070897,5.327542524396355,1.0,0.02691427290202715,8.144816909621232,0.8434188003198086,0.192291401948327,0.8772225316914456,0.5472524418752989,apriori,"{'age_senior', 'burden_high', 'cluster_0_minimal'} -> {'income_low', 'credit_small'}"
"frozenset({'burden_high', 'cluster_0_minimal', 'credit_small'})","frozenset({'age_senior', 'income_low'})",0.08159043381847272,0.12816381524469833,0.03313357005515712,0.40609626036398666,3.1685718748980936,1.0,0.022676628769511598,1.4679755767990703,0.7452017382466541,0.18759734274180734,0.31878975658402575,0.3323107071109668,apriori,"{'burden_high', 'cluster_0_minimal', 'credit_small'} -> {'age_senior', 'income_low'}"
"frozenset({'age_senior', 'credit_small', 'cluster_0_minimal'})","frozenset({'income_low', 'burden_high'})",0.07723119675513326,0.1614938737701927,0.03313357005515712,0.42901795449589303,2.656558694643672,1.0,0.020661204915262715,1.4685332627044503,0.6757631552040891,0.16116215884111795,0.31904845099769813,0.3170935808667392,apriori,"{'age_senior', 'credit_small', 'cluster_0_minimal'} -> {'income_low', 'burden_high'}"
"frozenset({'emp_new', 'age_senior', 'income_low', 'burden_high'})",frozenset({'credit_small'}),0.048431600959986526,0.334033206551487,0.03200235786164405,0.6607743132027356,1.9781695359706268,1.0,0.015824594894557675,1.9631968313959751,0.5196496183962285,0.09131465551764463,0.49062672473400065,0.3782901154000334,apriori,"{'emp_new', 'age_senior', 'income_low', 'burden_high'} -> {'credit_small'}"
"frozenset({'emp_new', 'income_low', 'burden_high', 'credit_small'})",frozenset({'age_senior'}),0.04631794641478716,0.3333090061893868,0.03200235786164405,0.6909278225562088,2.0729347534150406,1.0,0.01656416917339807,2.1570721742880252,0.5427303018750246,0.09206010836300803,0.5364086506145465,0.3934709516931183,apriori,"{'emp_new', 'income_low', 'burden_high', 'credit_small'} -> {'age_senior'}"
"frozenset({'age_senior', 'income_low', 'burden_high', 'credit_small'})",frozenset({'emp_new'}),0.04177064181555347,0.33339040855566937,0.03200235786164405,0.7661447483368053,2.2980407614482252,1.0,0.01807642652112415,2.850522221345714,0.5894692165930413,0.09325818800510423,0.6491870884178177,0.4310676929304005,apriori,"{'age_senior', 'income_low', 'burden_high', 'credit_small'} -> {'emp_new'}"
"frozenset({'emp_new', 'age_senior', 'income_low', 'credit_small'})",frozenset({'burden_high'}),0.049952983116026445,0.3333342689927159,0.03200235786164405,0.6406495841762194,1.9219433576756522,1.0,0.015351316750657894,1.8551967707592854,0.504915330090849,0.09110086538231041,0.46097361974669393,0.3683281941360752,apriori,"{'emp_new', 'age_senior', 'income_low', 'credit_small'} -> {'burden_high'}"
"frozenset({'emp_new', 'age_senior', 'burden_high', 'credit_small'})",frozenset({'income_low'}),0.03216235561606153,0.320088139113837,0.03200235786164405,0.995025309827195,3.108597877390644,1.0,0.02170756930298145,136.67421231637923,0.7008526321577242,0.09992987991936193,0.9926833307977284,0.5475025701135835,apriori,"{'emp_new', 'age_senior', 'burden_high', 'credit_small'} -> {'income_low'}"
"frozenset({'emp_new', 'income_low', 'burden_high'})","frozenset({'age_senior', 'credit_small'})",0.07120742165022245,0.1122707049725618,0.03200235786164405,0.4494244717754652,4.003043108042312,1.0,0.024007850433695115,1.6123660597305116,0.8077046125843502,0.21127047661403903,0.37979344456857483,0.36723542512692553,apriori,"{'emp_new', 'income_low', 'burden_high'} -> {'age_senior', 'credit_small'}"
"frozenset({'age_senior', 'income_low', 'burden_high'})","frozenset({'emp_new', 'credit_small'})",0.06667134496357946,0.12720102174004574,0.03200235786164405,0.48000168406871,3.7735678338312804,1.0,0.02352169466149369,1.6784650094429951,0.7875026628178438,0.19770405951410688,0.4042175473578364,0.3657952634307713,apriori,"{'age_senior', 'income_low', 'burden_high'} -> {'emp_new', 'credit_small'}"
"frozenset({'emp_new', 'age_senior', 'income_low'})","frozenset({'burden_high', 'credit_small'})",0.0910808269357623,0.09994245694797266,0.03200235786164405,0.3513621794871795,3.515644804190567,1.0,0.022899516236830876,1.3876118761320941,0.7872615949604594,0.2012462049000918,0.279337387348215,0.33578500773263625,apriori,"{'emp_new', 'age_senior', 'income_low'} -> {'burden_high', 'credit_small'}"
"frozenset({'emp_new', 'income_low', 'credit_small'})","frozenset({'age_senior', 'burden_high'})",0.07550771217246073,0.11944814809616706,0.03200235786164405,0.42382899628252796,3.5482257618703765,1.0,0.022983101475665204,1.5282821353773215,0.776825305734848,0.1963895061409402,0.345670555945413,0.34587370291637326,apriori,"{'emp_new', 'income_low', 'credit_small'} -> {'age_senior', 'burden_high'}"
"frozenset({'age_senior', 'income_low', 'credit_small'})","frozenset({'emp_new', 'burden_high'})",0.06700818234130047,0.1188811385103367,0.03200235786164405,0.4775888069705094,4.017364007066463,1.0,0.024036348855402012,1.6866385583739272,0.8050237370942435,0.20796016270543385,0.4071047439090382,0.37339253344369827,apriori,"{'age_senior', 'income_low', 'credit_small'} -> {'emp_new', 'burden_high'}"
"frozenset({'emp_new', 'age_senior', 'burden_high'})","frozenset({'income_low', 'credit_small'})",0.0730291504680636,0.16854219589900493,0.03200235786164405,0.4382134758042819,2.6000223473228705,1.0,0.019693864477117767,1.4800244724477005,0.6638697662218048,0.15270559871417091,0.32433549673258066,0.31404544951362584,apriori,"{'emp_new', 'age_senior', 'burden_high'} -> {'income_low', 'credit_small'}"
"frozenset({'emp_new', 'burden_high', 'credit_small'})","frozenset({'age_senior', 'income_low'})",0.04672495824620005,0.12816381524469833,0.03200235786164405,0.6849092875165206,5.344014503694737,1.0,0.026013908945661822,2.7669371079955685,0.8527179709458976,0.22397061134684898,0.6385895446953536,0.4673040710343723,apriori,"{'emp_new', 'burden_high', 'credit_small'} -> {'age_senior', 'income_low'}"
"frozenset({'age_senior', 'burden_high', 'credit_small'})","frozenset({'emp_new', 'income_low'})",0.04206537452105935,0.13650054034329343,0.03200235786164405,0.7607767249432805,5.573433797624224,1.0,0.02626041150977644,3.60959634655939,0.8566110620765788,0.2183514000076608,0.7229607125037169,0.49761265250433684,apriori,"{'age_senior', 'burden_high', 'credit_small'} -> {'emp_new', 'income_low'}"
"frozenset({'emp_new', 'age_senior', 'credit_small'})","frozenset({'income_low', 'burden_high'})",0.07564244712354914,0.1614938737701927,0.03200235786164405,0.42307406857651775,2.6197530513049436,1.0,0.01978656605420513,1.453403427647832,0.6688803808594594,0.15600711548987412,0.31195978970657445,0.31061930011830424,apriori,"{'emp_new', 'age_senior', 'credit_small'} -> {'income_low', 'burden_high'}"
"frozenset({'emp_new', 'age_senior', 'income_low', 'credit_small'})",frozenset({'cluster_0_minimal'}),0.049952983116026445,0.3540722235477397,0.03793350268768158,0.7593841312654529,2.144715345520643,1.0,0.020246538882947397,2.684477045713317,0.5618013092825537,0.10361748784714235,0.627487967685609,0.4332595303544642,apriori,"{'emp_new', 'age_senior', 'income_low', 'credit_small'} -> {'cluster_0_minimal'}"
"frozenset({'emp_new', 'age_senior', 'income_low', 'cluster_0_minimal'})",frozenset({'credit_small'}),0.04217203969067101,0.334033206551487,0.03793350268768158,0.8994941427050054,2.6928285124441955,1.0,0.023846641042990162,6.62614907600693,0.656321690998034,0.11213914082531887,0.8490827796765141,0.5065281068059863,apriori,"{'emp_new', 'age_senior', 'income_low', 'cluster_0_minimal'} -> {'credit_small'}"
"frozenset({'emp_new', 'income_low', 'credit_small', 'cluster_0_minimal'})",frozenset({'age_senior'}),0.05935355293259042,0.3333090061893868,0.03793350268768158,0.6391109009222039,1.9174726426655866,1.0,0.018150428945910704,1.8473569734144173,0.5086716427311897,0.10693655340497256,0.45868610431489676,0.3764598574577249,apriori,"{'emp_new', 'income_low', 'credit_small', 'cluster_0_minimal'} -> {'age_senior'}"
"frozenset({'age_senior', 'income_low', 'credit_small', 'cluster_0_minimal'})",frozenset({'emp_new'}),0.050691218368865,0.33339040855566937,0.03793350268768158,0.7483249349354893,2.244590473305516,1.0,0.021033536685501026,2.648691443760874,0.5840928079142109,0.10958748591029625,0.6224550797128332,0.43105298038324663,apriori,"{'age_senior', 'income_low', 'credit_small', 'cluster_0_minimal'} -> {'emp_new'}"
"frozenset({'emp_new', 'age_senior', 'credit_small', 'cluster_0_minimal'})",frozenset({'income_low'}),0.05283294269554112,0.320088139113837,0.03793350268768158,0.7179895866539157,2.2430996307506663,1.0,0.021022304376357836,2.4109459392613717,0.585100930528305,0.11323853495445825,0.5852250422892666,0.41824957045287753,apriori,"{'emp_new', 'age_senior', 'credit_small', 'cluster_0_minimal'} -> {'income_low'}"
"frozenset({'emp_new', 'age_senior', 'income_low'})","frozenset({'credit_small', 'cluster_0_minimal'})",0.0910808269357623,0.24575374380710446,0.03793350268768158,0.4164817554240631,1.6947117426254368,1.0,0.01555004847917103,1.2925838449850575,0.451007263625788,0.1269098934122177,0.2263557958891554,0.2854187511800673,apriori,"{'emp_new', 'age_senior', 'income_low'} -> {'credit_small', 'cluster_0_minimal'}"
"frozenset({'emp_new', 'income_low', 'credit_small'})","frozenset({'age_senior', 'cluster_0_minimal'})",0.07550771217246073,0.09871019354114328,0.03793350268768158,0.5023791821561339,5.089435691833972,1.0,0.03048012180528904,1.8111979526179027,0.8691414442200878,0.2783407480639315,0.44787923453943757,0.44333541374769103,apriori,"{'emp_new', 'income_low', 'credit_small'} -> {'age_senior', 'cluster_0_minimal'}"
"frozenset({'emp_new', 'income_low', 'cluster_0_minimal'})","frozenset({'age_senior', 'credit_small'})",0.0690011368261498,0.1122707049725618,0.03793350268768158,0.5497518509478481,4.896663391239983,1.0,0.030186696412301546,1.971644518464446,0.8547586218087413,0.2646431019289142,0.49280918003473617,0.44381359579919843,apriori,"{'emp_new', 'income_low', 'cluster_0_minimal'} -> {'age_senior', 'credit_small'}"
"frozenset({'age_senior', 'income_low', 'credit_small'})","frozenset({'emp_new', 'cluster_0_minimal'})",0.06700818234130047,0.1285848619668496,0.03793350268768158,0.5661025469168901,4.40255982125514,1.0,0.02931726481067597,2.008343519514131,0.8283667695605647,0.24060391332989126,0.5020772142397605,0.4305550390940188,apriori,"{'age_senior', 'income_low', 'credit_small'} -> {'emp_new', 'cluster_0_minimal'}"
"frozenset({'age_senior', 'income_low', 'cluster_0_minimal'})","frozenset({'emp_new', 'credit_small'})",0.05702376107002007,0.12720102174004574,0.03793350268768158,0.6652227418163918,5.229696528506459,1.0,0.03068002201611478,2.6071035499707356,0.8576932083573526,0.25930118771226285,0.6164325732243259,0.4817198535633288,apriori,"{'age_senior', 'income_low', 'cluster_0_minimal'} -> {'emp_new', 'credit_small'}"
"frozenset({'emp_new', 'age_senior', 'credit_small'})","frozenset({'income_low', 'cluster_0_minimal'})",0.07564244712354914,0.15868128166622222,0.03793350268768158,0.5014843402107764,3.160324487834819,1.0,0.025930462229747354,1.6876475228270542,0.7395155629019333,0.19315371971700138,0.4074592078772142,0.3702695090875396,apriori,"{'emp_new', 'age_senior', 'credit_small'} -> {'income_low', 'cluster_0_minimal'}"
"frozenset({'emp_new', 'age_senior', 'cluster_0_minimal'})","frozenset({'income_low', 'credit_small'})",0.06520048841419769,0.16854219589900493,0.03793350268768158,0.5817978302049251,3.4519416760984547,1.0,0.026944469196665072,1.9881719038148975,0.7598505976526244,0.193726884371685,0.4970253839312369,0.4034330567319343,apriori,"{'emp_new', 'age_senior', 'cluster_0_minimal'} -> {'income_low', 'credit_small'}"
"frozenset({'emp_new', 'credit_small', 'cluster_0_minimal'})","frozenset({'age_senior', 'income_low'})",0.09412920520413749,0.12816381524469833,0.03793350268768158,0.40299397626289735,3.1443662588654697,1.0,0.025869544622768206,1.4603473835956187,0.7528346148424474,0.2057583093530657,0.3152314228565033,0.34948533654030567,apriori,"{'emp_new', 'credit_small', 'cluster_0_minimal'} -> {'age_senior', 'income_low'}"
"frozenset({'age_senior', 'credit_small', 'cluster_0_minimal'})","frozenset({'emp_new', 'income_low'})",0.07723119675513326,0.13650054034329343,0.03793350268768158,0.4911681325870466,3.598287093602548,1.0,0.02739140259924668,1.697023152356759,0.7825253607000475,0.21577863290169094,0.41073284792182163,0.3845340755472608,apriori,"{'age_senior', 'credit_small', 'cluster_0_minimal'} -> {'emp_new', 'income_low'}"
"frozenset({'age_senior', 'cluster_0_minimal'})","frozenset({'emp_new', 'income_low', 'credit_small'})",0.09871019354114328,0.07550771217246073,0.03793350268768158,0.38429164533924814,5.089435691833972,1.0,0.03048012180528904,1.501510058827972,0.8915163096870558,0.2783407480639315,0.33400379563186794,0.44333541374769103,apriori,"{'age_senior', 'cluster_0_minimal'} -> {'emp_new', 'income_low', 'credit_small'}"
"frozenset({'emp_mid', 'burden_low', 'age_young', 'credit_small'})",frozenset({'cluster_0_minimal'}),0.039685057051830855,0.3540722235477397,0.031168685351784537,0.7854010468241618,2.218194465961168,1.0,0.017117308959823878,3.0099297638371962,0.571877905682013,0.0859615712140214,0.6677663339475556,0.4367151103789431,apriori,"{'emp_mid', 'burden_low', 'age_young', 'credit_small'} -> {'cluster_0_minimal'}"
"frozenset({'emp_mid', 'burden_low', 'age_young', 'cluster_0_minimal'})",frozenset({'credit_small'}),0.040142594489901894,0.334033206551487,0.031168685351784537,0.7764491993566884,2.324467101258116,1.0,0.017759725795026556,2.979040072914353,0.5936234538426298,0.09086891765822681,0.6643214003423211,0.4348796698038053,apriori,"{'emp_mid', 'burden_low', 'age_young', 'cluster_0_minimal'} -> {'credit_small'}"
"frozenset({'emp_mid', 'burden_low', 'credit_small', 'cluster_0_minimal'})",frozenset({'age_young'}),0.0507024462814557,0.33341286438085077,0.031168685351784537,0.6147373083098046,1.8437720135705458,1.0,0.014263837505968179,1.7302146042087503,0.48207602818493445,0.08830991180142996,0.4220370134620883,0.3541105298915583,apriori,"{'emp_mid', 'burden_low', 'credit_small', 'cluster_0_minimal'} -> {'age_young'}"
"frozenset({'burden_low', 'age_young', 'credit_small', 'cluster_0_minimal'})",frozenset({'emp_mid'}),0.06134931439558743,0.33341005740270313,0.031168685351784537,0.5080527086383602,1.5238073878038962,1.0,0.01071420691753525,1.3550027702201004,0.3662161924235998,0.0857246527858196,0.2619941287370471,0.30076862357553014,apriori,"{'burden_low', 'age_young', 'credit_small', 'cluster_0_minimal'} -> {'emp_mid'}"
"frozenset({'emp_mid', 'age_young', 'credit_small', 'cluster_0_minimal'})",frozenset({'burden_low'}),0.05176067704312922,0.33334268992715893,0.031168685351784537,0.6021691973969632,1.8064568853408707,1.0,0.0139146420337769,1.6757307521460183,0.47079906549809564,0.08806338279496553,0.4032454207101268,0.34783631441571455,apriori,"{'emp_mid', 'age_young', 'credit_small', 'cluster_0_minimal'} -> {'burden_low'}"
"frozenset({'emp_mid', 'burden_low', 'age_young'})","frozenset({'credit_small', 'cluster_0_minimal'})",0.05914864352781014,0.24575374380710446,0.031168685351784537,0.5269552012148823,2.1442407877557983,1.0,0.016632684763713337,1.5944499508925254,0.5671825441203133,0.11386499041212482,0.3728244656157254,0.3268920676038204,apriori,"{'emp_mid', 'burden_low', 'age_young'} -> {'credit_small', 'cluster_0_minimal'}"
"frozenset({'emp_mid', 'burden_low', 'credit_small'})","frozenset({'age_young', 'cluster_0_minimal'})",0.0688664018750614,0.15637955958512864,0.031168685351784537,0.45259639683704245,2.8942171089224846,1.0,0.020399387756349956,1.5411305945747173,0.7028888447035023,0.16059935494135172,0.3511257232058553,0.3259553576868883,apriori,"{'emp_mid', 'burden_low', 'credit_small'} -> {'age_young', 'cluster_0_minimal'}"
"frozenset({'emp_mid', 'burden_low', 'cluster_0_minimal'})","frozenset({'age_young', 'credit_small'})",0.06700818234130047,0.1285259154257484,0.031168685351784537,0.46514745308310995,3.6190946513960722,1.0,0.022556397375353424,1.6293725992290518,0.7756636100357855,0.18963043923765285,0.3862668364049105,0.35382820369714163,apriori,"{'emp_mid', 'burden_low', 'cluster_0_minimal'} -> {'age_young', 'credit_small'}"
"frozenset({'burden_low', 'age_young', 'credit_small'})","frozenset({'emp_mid', 'cluster_0_minimal'})",0.0783876717519754,0.1315518378689422,0.031168685351784537,0.39762228747403855,3.022552127855238,1.0,0.02085664306654481,1.4417003552295755,0.7260685883948046,0.1743499560356739,0.30637458999532496,0.3172765557627949,apriori,"{'burden_low', 'age_young', 'credit_small'} -> {'emp_mid', 'cluster_0_minimal'}"
"frozenset({'burden_low', 'age_young', 'cluster_0_minimal'})","frozenset({'emp_mid', 'credit_small'})",0.07945151646994428,0.11368822893713773,0.031168685351784537,0.3922981805334747,3.450649061921708,1.0,0.022135983157946744,1.458464896223145,0.7714959739197258,0.19243366896001943,0.3143475701131993,0.3332287406543725,apriori,"{'burden_low', 'age_young', 'cluster_0_minimal'} -> {'emp_mid', 'credit_small'}"
"frozenset({'emp_mid', 'age_young', 'credit_small'})","frozenset({'burden_low', 'cluster_0_minimal'})",0.06489452779610111,0.17854907299546674,0.031168685351784537,0.4802975907262425,2.690003272872982,1.0,0.019581827571312133,1.5806178927522103,0.67185281134198,0.14683169364222998,0.36733602435767965,0.3274320414446506,apriori,"{'emp_mid', 'age_young', 'credit_small'} -> {'burden_low', 'cluster_0_minimal'}"
"frozenset({'emp_mid', 'age_young', 'cluster_0_minimal'})","frozenset({'burden_low', 'credit_small'})",0.07974905615359784,0.19042539753828017,0.031168685351784537,0.39083453591918627,2.05242862019295,1.0,0.01598243963043304,1.3289896591286718,0.5572092487088908,0.13040976194111362,0.2475486975153501,0.2772568906011026,apriori,"{'emp_mid', 'age_young', 'cluster_0_minimal'} -> {'burden_low', 'credit_small'}"
"frozenset({'emp_mid', 'credit_small', 'cluster_0_minimal'})","frozenset({'burden_low', 'age_young'})",0.08607317792030988,0.1195913039816985,0.031168685351784537,0.3621184450821811,3.02796635729967,1.0,0.020875081766445938,1.3802071704859509,0.7328216261527243,0.17862141076168267,0.2754710876861229,0.3113725660453741,apriori,"{'emp_mid', 'credit_small', 'cluster_0_minimal'} -> {'burden_low', 'age_young'}"
"frozenset({'burden_low', 'age_young', 'credit_small', 'risk_score_low'})",frozenset({'cluster_0_minimal'}),0.043078693632370074,0.3540722235477397,0.03262550701042792,0.7573467127125821,2.138961099868566,1.0,0.01737253816848279,2.6619370529572595,0.5564546559309319,0.08950132446251463,0.624333716348004,0.42474518131268874,apriori,"{'burden_low', 'age_young', 'credit_small', 'risk_score_low'} -> {'cluster_0_minimal'}"
"frozenset({'burden_low', 'age_young', 'cluster_0_minimal', 'risk_score_low'})",frozenset({'credit_small'}),0.0424106328332234,0.334033206551487,0.03262550701042792,0.7692765901118537,2.3029943581171457,1.0,0.018458947333268534,2.8864292261083113,0.5908406212177391,0.09489170279294945,0.6535511797916935,0.43347401912547245,apriori,"{'burden_low', 'age_young', 'cluster_0_minimal', 'risk_score_low'} -> {'credit_small'}"
"frozenset({'burden_low', 'credit_small', 'cluster_0_minimal', 'risk_score_low'})",frozenset({'age_young'}),0.05072770908478477,0.33341286438085077,0.03262550701042792,0.643149623727313,1.9289886277233028,1.0,0.015712236220991323,1.867973750179759,0.5073292780178489,0.09281396481645625,0.4646605714326724,0.37050139883115946,apriori,"{'burden_low', 'credit_small', 'cluster_0_minimal', 'risk_score_low'} -> {'age_young'}"
"frozenset({'burden_low', 'age_young', 'credit_small', 'cluster_0_minimal'})",frozenset({'risk_score_low'}),0.06134931439558743,0.3333342689927159,0.03262550701042792,0.5317990483162518,1.595392666716403,1.0,0.012175678143170481,1.4238880305770742,0.3975867366775042,0.09011125324650152,0.29769758680061426,0.3148376473055255,apriori,"{'burden_low', 'age_young', 'credit_small', 'cluster_0_minimal'} -> {'risk_score_low'}"
"frozenset({'risk_score_low', 'age_young', 'credit_small', 'cluster_0_minimal'})",frozenset({'burden_low'}),0.05446099002119269,0.33334268992715893,0.03262550701042792,0.5990619523760436,1.797135411929834,1.0,0.01447133410066739,1.662743942670428,0.46910693092386,0.091856734158408,0.3985844877630629,0.3484678630559432,apriori,"{'risk_score_low', 'age_young', 'credit_small', 'cluster_0_minimal'} -> {'burden_low'}"
"frozenset({'burden_low', 'age_young', 'risk_score_low'})","frozenset({'credit_small', 'cluster_0_minimal'})",0.0637998063185078,0.24575374380710446,0.03262550701042792,0.5113731356416912,2.0808355865499046,1.0,0.01694646575348647,1.5436037418520008,0.5548213211916915,0.11781221808893438,0.3521653434188947,0.32206502152211686,apriori,"{'burden_low', 'age_young', 'risk_score_low'} -> {'credit_small', 'cluster_0_minimal'}"
"frozenset({'burden_low', 'credit_small', 'risk_score_low'})","frozenset({'age_young', 'cluster_0_minimal'})",0.07350633675316838,0.15637955958512864,0.03262550701042792,0.4438461832206819,2.8382621385953226,1.0,0.021130618442251295,1.5168833063131169,0.699056833145651,0.1653930985414443,0.34075350698494744,0.3262382178870188,apriori,"{'burden_low', 'credit_small', 'risk_score_low'} -> {'age_young', 'cluster_0_minimal'}"
"frozenset({'burden_low', 'cluster_0_minimal', 'risk_score_low'})","frozenset({'age_young', 'credit_small'})",0.06828535739849265,0.1285259154257484,0.03262550701042792,0.4777818884367164,3.71739728018307,1.0,0.023849068940612252,1.6687932978146898,0.7845691707079342,0.19871093482869454,0.4007646115852004,0.3658128451531009,apriori,"{'burden_low', 'cluster_0_minimal', 'risk_score_low'} -> {'age_young', 'credit_small'}"
"frozenset({'burden_low', 'age_young', 'credit_small'})","frozenset({'risk_score_low', 'cluster_0_minimal'})",0.0783876717519754,0.1422127408738123,0.03262550701042792,0.41620711881400846,2.9266514115167492,1.0,0.021477781359862787,1.469334907584979,0.7143052990780476,0.1735630982424179,0.31941996692665875,0.3228102544962194,apriori,"{'burden_low', 'age_young', 'credit_small'} -> {'risk_score_low', 'cluster_0_minimal'}"
"frozenset({'burden_low', 'age_young', 'cluster_0_minimal'})","frozenset({'risk_score_low', 'credit_small'})",0.07945151646994428,0.12530350451221736,0.03262550701042792,0.41063416357534005,3.27711635180405,1.0,0.022669953557933747,1.484131657162312,0.7548257271566621,0.18954045856299534,0.3262053301173974,0.3355030136873116,apriori,"{'burden_low', 'age_young', 'cluster_0_minimal'} -> {'risk_score_low', 'credit_small'}"
"frozenset({'risk_score_low', 'age_young', 'credit_small'})","frozenset({'burden_low', 'cluster_0_minimal'})",0.07040743287813504,0.17854907299546674,0.03262550701042792,0.46338157317705214,2.595261713785639,1.0,0.020054325138046364,1.5307915008955946,0.6612385118945883,0.1508129079136877,0.3467431721335358,0.3230536440458041,apriori,"{'risk_score_low', 'age_young', 'credit_small'} -> {'burden_low', 'cluster_0_minimal'}"
"frozenset({'risk_score_low', 'age_young', 'cluster_0_minimal'})","frozenset({'burden_low', 'credit_small'})",0.08730544132713927,0.19042539753828017,0.03262550701042792,0.3736938558981448,1.9624160470665326,1.0,0.016000333638452432,1.2926180113124677,0.5373364575092792,0.1331081081081081,0.22637624476186596,0.2725117274773743,apriori,"{'risk_score_low', 'age_young', 'cluster_0_minimal'} -> {'burden_low', 'credit_small'}"
"frozenset({'risk_score_low', 'credit_small', 'cluster_0_minimal'})","frozenset({'burden_low', 'age_young'})",0.09038750333328655,0.1195913039816985,0.03262550701042792,0.3609515232446197,3.018208776282408,1.0,0.02181594762315006,1.3776868704677483,0.735123649448362,0.18395771014355128,0.27414565571022476,0.31687993953570026,apriori,"{'risk_score_low', 'credit_small', 'cluster_0_minimal'} -> {'burden_low', 'age_young'}"
"frozenset({'emp_new', 'income_low', 'burden_high', 'credit_small'})",frozenset({'cluster_0_minimal'}),0.04631794641478716,0.3540722235477397,0.03773420723919664,0.8146778983091933,2.300880566530376,1.0,0.021334308961947893,3.485433040954462,0.5928430593562237,0.10404959829099521,0.7130916049025126,0.4606249805482862,apriori,"{'emp_new', 'income_low', 'burden_high', 'credit_small'} -> {'cluster_0_minimal'}"
"frozenset({'emp_new', 'income_low', 'burden_high', 'cluster_0_minimal'})",frozenset({'credit_small'}),0.042261862991396615,0.334033206551487,0.03773420723919664,0.892866631243358,2.672987636352657,1.0,0.02361734162934081,6.2162405717053915,0.653505128568428,0.11145472333228314,0.8391310650762579,0.5029160342542955,apriori,"{'emp_new', 'income_low', 'burden_high', 'cluster_0_minimal'} -> {'credit_small'}"
"frozenset({'income_low', 'burden_high', 'cluster_0_minimal', 'credit_small'})",frozenset({'emp_new'}),0.08052939607865153,0.33339040855566937,0.03773420723919664,0.4685768064414932,1.4054897634022678,1.0,0.010886478979793689,1.254385581066929,0.31377212498513596,0.1003074213911564,0.20279695885100896,0.2908800241415023,apriori,"{'income_low', 'burden_high', 'cluster_0_minimal', 'credit_small'} -> {'emp_new'}"
"frozenset({'emp_new', 'income_low', 'credit_small', 'cluster_0_minimal'})",frozenset({'burden_high'}),0.05935355293259042,0.3333342689927159,0.03773420723919664,0.6357531331283991,1.9072540457647686,1.0,0.017949634060291143,1.8302579696376293,0.5057011593504545,0.10630743195153967,0.45362893286677564,0.3744777185447978,apriori,"{'emp_new', 'income_low', 'credit_small', 'cluster_0_minimal'} -> {'burden_high'}"
"frozenset({'emp_new', 'burden_high', 'cluster_0_minimal', 'credit_small'})",frozenset({'income_low'}),0.038059816704326954,0.320088139113837,0.03773420723919664,0.9914447968139244,3.097411855243172,1.0,0.025551711335294897,79.4734907047892,0.7039417041593868,0.11776712892798008,0.9874171879059072,0.5546658621411444,apriori,"{'emp_new', 'burden_high', 'cluster_0_minimal', 'credit_small'} -> {'income_low'}"
"frozenset({'emp_new', 'income_low', 'burden_high'})","frozenset({'credit_small', 'cluster_0_minimal'})",0.07120742165022245,0.24575374380710446,0.03773420723919664,0.5299195837275307,2.1563031981456686,1.0,0.020234716781803407,1.6045047402181443,0.5773553085788634,0.1351381237685472,0.37675472378844915,0.3417321873818062,apriori,"{'emp_new', 'income_low', 'burden_high'} -> {'credit_small', 'cluster_0_minimal'}"
"frozenset({'income_low', 'burden_high', 'credit_small'})","frozenset({'emp_new', 'cluster_0_minimal'})",0.09847721435488625,0.1285848619668496,0.03773420723919664,0.38317703731151836,2.979954494256914,1.0,0.025071528224493732,1.4127475641227827,0.7370023436044901,0.1993061424187163,0.29215945906023905,0.33831732740513154,apriori,"{'income_low', 'burden_high', 'credit_small'} -> {'emp_new', 'cluster_0_minimal'}"
"frozenset({'income_low', 'burden_high', 'cluster_0_minimal'})","frozenset({'emp_new', 'credit_small'})",0.09152713646124265,0.12720102174004574,0.03773420723919664,0.41227343821878737,3.2411173477940265,1.0,0.02609186196438598,1.485042594663031,0.761128322213797,0.2084832506203474,0.32661864138185975,0.35446181399861604,apriori,"{'income_low', 'burden_high', 'cluster_0_minimal'} -> {'emp_new', 'credit_small'}"
"frozenset({'emp_new', 'income_low', 'credit_small'})","frozenset({'burden_high', 'cluster_0_minimal'})",0.07550771217246073,0.10043087114566814,0.03773420723919664,0.4997397769516729,4.975957803122452,1.0,0.03015090192750004,1.7982023902936413,0.8642945712851686,0.2730319278576651,0.4438890719988961,0.43773148326607647,apriori,"{'emp_new', 'income_low', 'credit_small'} -> {'burden_high', 'cluster_0_minimal'}"
"frozenset({'emp_new', 'income_low', 'cluster_0_minimal'})","frozenset({'burden_high', 'credit_small'})",0.0690011368261498,0.09994245694797266,0.03773420723919664,0.5468635587014888,5.471784218654653,1.0,0.03083806409258799,1.9862837349227878,0.8778144502372432,0.28758771179188775,0.4965472543433616,0.4622114451280229,apriori,"{'emp_new', 'income_low', 'cluster_0_minimal'} -> {'burden_high', 'credit_small'}"
"frozenset({'emp_new', 'burden_high', 'credit_small'})","frozenset({'income_low', 'cluster_0_minimal'})",0.04672495824620005,0.15868128166622222,0.03773420723919664,0.8075814009371621,5.0893299603910895,1.0,0.0303198309788889,4.372335743173297,0.8428946998610781,0.2250477115210768,0.7712892927855918,0.5226900654187854,apriori,"{'emp_new', 'burden_high', 'credit_small'} -> {'income_low', 'cluster_0_minimal'}"
"frozenset({'emp_new', 'burden_high', 'cluster_0_minimal'})","frozenset({'income_low', 'credit_small'})",0.04504357833574266,0.16854219589900493,0.03773420723919664,0.8377266778837166,4.970426980705207,1.0,0.030142463635341725,5.123810822737583,0.836488475254746,0.21457987485634017,0.8048327632311544,0.5308062474756002,apriori,"{'emp_new', 'burden_high', 'cluster_0_minimal'} -> {'income_low', 'credit_small'}"
"frozenset({'burden_high', 'cluster_0_minimal', 'credit_small'})","frozenset({'emp_new', 'income_low'})",0.08159043381847272,0.13650054034329343,0.03773420723919664,0.46248322840334394,3.388142107278235,1.0,0.026597068936131393,1.6064604962776172,0.7674713108616493,0.20921980296639842,0.377513482393664,0.3694616063874048,apriori,"{'burden_high', 'cluster_0_minimal', 'credit_small'} -> {'emp_new', 'income_low'}"
"frozenset({'emp_new', 'credit_small', 'cluster_0_minimal'})","frozenset({'income_low', 'burden_high'})",0.09412920520413749,0.1614938737701927,0.03773420723919664,0.4008767221327607,2.482302967747322,1.0,0.022532917255871095,1.399555245482572,0.6591980793896589,0.1731809749561991,0.2854872980343151,0.31726696378134395,apriori,"{'emp_new', 'credit_small', 'cluster_0_minimal'} -> {'income_low', 'burden_high'}"
"frozenset({'burden_high', 'credit_small'})","frozenset({'emp_new', 'income_low', 'cluster_0_minimal'})",0.09994245694797266,0.0690011368261498,0.03773420723919664,0.37755933155455695,5.471784218654654,1.0,0.03083806409258799,1.4957230630495864,0.9079911185203092,0.28758771179188775,0.33142703706050447,0.4622114451280229,apriori,"{'burden_high', 'credit_small'} -> {'emp_new', 'income_low', 'cluster_0_minimal'}"
"frozenset({'burden_high', 'cluster_0_minimal'})","frozenset({'emp_new', 'income_low', 'credit_small'})",0.10043087114566814,0.07550771217246073,0.03773420723919664,0.3757231895804801,4.975957803122452,1.0,0.03015090192750004,1.4809012162509636,0.8882404252600093,0.2730319278576651,0.32473551306035725,0.43773148326607647,apriori,"{'burden_high', 'cluster_0_minimal'} -> {'emp_new', 'income_low', 'credit_small'}"
