ROW_ID,Cluster,Anomaly Type,Top Deviating Features,Justification,Business Impact
85,cluster_4,Tipe B - Rare but Valid,"`POS_MONTHS_COUNT` = 1.37 (35.6x median), `EXT_SOURCE_1` = -0.40 (30.6x median), `BUREAU_DAYS_CREDIT_MEAN` = -1.46 (18.8x median), `BUREAU_ACTIVE_RATIO` = -1.11 (17.7x median), `OWN_CAR_AGE` = 6.79 (15.9x median)","Ekstrem secara statistik tapi koheren — kemungkinan tail-end legitimate customer (VHNW, kasus khusus).",Routing: alihkan ke divisi Wealth Management / Priority Banking untuk potensi cross-sell.
89,cluster_3,Tipe A - Data Error,"`EXT_SOURCE_1` = 1.83 (134.6x median), `POS_SK_DPD_MEAN` = 16.97 (87.5x median), `PREV_APPROVAL_RATE` = 0.96 (46.5x median), `ANNUITY_TO_INCOME` = 1.69 (19.1x median), `BUREAU_ACTIVE_RATIO` = -1.11 (17.7x median)","Deviasi fitur > 50x median klaster — kemungkinan kesalahan input/ETL (overflow, salah unit, atau sentinel value tidak ter-handle).",Data Engineering: tambahkan capping rule (Z-score>3 di tahap ingest) untuk mencegah kontaminasi model.
183,cluster_3,Tipe A - Data Error,"`BUREAU_BB_SEVERE_DPD_MEAN` = 9.45 (185.5x median), `POS_SK_DPD_MEAN` = 15.15 (78.0x median), `PREV_APPROVAL_RATE` = 0.96 (46.5x median), `BUREAU_BB_DPD_RATIO_MEAN` = 8.06 (42.5x median), `ANNUITY_TO_INCOME` = 2.34 (26.2x median)","Deviasi fitur > 50x median klaster — kemungkinan kesalahan input/ETL (overflow, salah unit, atau sentinel value tidak ter-handle).",Data Engineering: tambahkan capping rule (Z-score>3 di tahap ingest) untuk mencegah kontaminasi model.
270,cluster_3,Tipe B - Rare but Valid,"`ANNUITY_TO_INCOME` = 2.35 (26.3x median), `CREDIT_TO_INCOME` = 3.76 (24.8x median), `CREDIT_TERM_MONTHS` = 1.68 (23.1x median), `POS_SK_DPD_MEAN` = 3.24 (15.9x median), `YEARS_BIRTH` = 1.48 (10.4x median)","Ekstrem secara statistik tapi koheren — kemungkinan tail-end legitimate customer (VHNW, kasus khusus).",Routing: alihkan ke divisi Wealth Management / Priority Banking untuk potensi cross-sell.
991,cluster_4,Tipe A - Data Error,"`POS_MONTHS_COUNT` = 2.66 (70.2x median), `CREDIT_TERM_MONTHS` = 1.68 (37.7x median), `REGION_RATING_CLIENT_W_CITY` = 1.92 (34.6x median), `EXT_SOURCE_3` = -2.94 (27.5x median), `YEARS_BIRTH` = -0.90 (25.9x median)","Deviasi fitur > 50x median klaster — kemungkinan kesalahan input/ETL (overflow, salah unit, atau sentinel value tidak ter-handle).",Data Engineering: tambahkan capping rule (Z-score>3 di tahap ingest) untuk mencegah kontaminasi model.
1188,cluster_0,Tipe A - Data Error,"`EXT_SOURCE_1` = -1.51 (112.8x median), `INST_SEVERE_LATE_RATIO` = 6.54 (39.9x median), `BUREAU_ACTIVE_RATIO` = -1.11 (17.7x median), `INST_DPD_MEAN` = 1.03 (10.0x median), `EXT_SOURCE_2` = 0.84 (8.8x median)","Deviasi fitur > 50x median klaster — kemungkinan kesalahan input/ETL (overflow, salah unit, atau sentinel value tidak ter-handle).",Data Engineering: tambahkan capping rule (Z-score>3 di tahap ingest) untuk mencegah kontaminasi model.
1318,cluster_4,Tipe A - Data Error,"`EXT_SOURCE_1` = 2.50 (184.4x median), `REGION_RATING_CLIENT_W_CITY` = 1.92 (34.6x median), `CREDIT_TERM_MONTHS` = -1.08 (22.6x median), `BUREAU_DAYS_CREDIT_MEAN` = -1.32 (17.0x median), `BUREAU_ACTIVE_RATIO` = -0.58 (8.9x median)","Deviasi fitur > 50x median klaster — kemungkinan kesalahan input/ETL (overflow, salah unit, atau sentinel value tidak ter-handle).",Data Engineering: tambahkan capping rule (Z-score>3 di tahap ingest) untuk mencegah kontaminasi model.
1570,cluster_1,Tipe A - Data Error,"`AMT_CREDIT` = 1.87 (59.7x median), `AMT_ANNUITY` = 2.05 (30.1x median), `EXT_SOURCE_1` = -0.30 (23.3x median), `BUREAU_ACTIVE_RATIO` = -1.11 (17.7x median), `BUREAU_DEBT_TO_CREDIT_RATIO` = -0.59 (10.5x median)","Deviasi fitur > 50x median klaster — kemungkinan kesalahan input/ETL (overflow, salah unit, atau sentinel value tidak ter-handle).",Data Engineering: tambahkan capping rule (Z-score>3 di tahap ingest) untuk mencegah kontaminasi model.
1727,cluster_4,Tipe A - Data Error,"`EXT_SOURCE_1` = 2.67 (197.6x median), `BUREAU_DAYS_CREDIT_MEAN` = -3.00 (39.7x median), `CREDIT_TERM_MONTHS` = 1.17 (26.7x median), `YEARS_BIRTH` = 0.73 (22.8x median), `BUREAU_ACTIVE_RATIO` = -1.11 (17.7x median)","Deviasi fitur > 50x median klaster — kemungkinan kesalahan input/ETL (overflow, salah unit, atau sentinel value tidak ter-handle).",Data Engineering: tambahkan capping rule (Z-score>3 di tahap ingest) untuk mencegah kontaminasi model.
1970,cluster_4,Tipe A - Data Error,"`EXT_SOURCE_1` = 0.85 (62.2x median), `BUREAU_BB_DPD_RATIO_MEAN` = 7.84 (41.3x median), `REGION_RATING_CLIENT_W_CITY` = -2.04 (34.6x median), `POS_MONTHS_COUNT` = -0.53 (15.1x median), `AMT_REQ_CREDIT_BUREAU_YEAR` = 1.85 (13.9x median)","Deviasi fitur > 50x median klaster — kemungkinan kesalahan input/ETL (overflow, salah unit, atau sentinel value tidak ter-handle).",Data Engineering: tambahkan capping rule (Z-score>3 di tahap ingest) untuk mencegah kontaminasi model.
2202,cluster_3,Tipe B - Rare but Valid,"`PREV_APPROVAL_RATE` = -0.69 (34.9x median), `REGION_RATING_CLIENT_W_CITY` = -2.04 (34.6x median), `CREDIT_TERM_MONTHS` = 2.17 (29.6x median), `EXT_SOURCE_3` = 1.68 (14.1x median), `BUREAU_ACTIVE_RATIO` = 0.46 (8.9x median)","Ekstrem secara statistik tapi koheren — kemungkinan tail-end legitimate customer (VHNW, kasus khusus).",Routing: alihkan ke divisi Wealth Management / Priority Banking untuk potensi cross-sell.
2368,cluster_2,Tipe A - Data Error,"`EXT_SOURCE_1` = -3.24 (242.0x median), `EXT_SOURCE_3` = -2.07 (19.6x median), `YEARS_BIRTH` = -1.04 (14.5x median), `BUREAU_DAYS_CREDIT_MEAN` = 0.88 (7.4x median), `BUREAU_COUNT` = 0.92 (6.1x median)","Deviasi fitur > 50x median klaster — kemungkinan kesalahan input/ETL (overflow, salah unit, atau sentinel value tidak ter-handle).",Data Engineering: tambahkan capping rule (Z-score>3 di tahap ingest) untuk mencegah kontaminasi model.
2494,cluster_4,Tipe A - Data Error,"`YEARS_BIRTH` = 1.65 (50.2x median), `BUREAU_ACTIVE_RATIO` = 2.03 (35.5x median), `CREDIT_TERM_MONTHS` = -1.62 (34.4x median), `BUREAU_DEBT_TO_CREDIT_RATIO` = 2.23 (25.1x median), `POS_MONTHS_COUNT` = -0.85 (23.7x median)","Deviasi fitur > 50x median klaster — kemungkinan kesalahan input/ETL (overflow, salah unit, atau sentinel value tidak ter-handle).",Data Engineering: tambahkan capping rule (Z-score>3 di tahap ingest) untuk mencegah kontaminasi model.
2685,cluster_3,Tipe A - Data Error,"`POS_SK_DPD_MEAN` = 27.97 (144.8x median), `PREV_APPROVAL_RATE` = -0.69 (34.9x median), `EXT_SOURCE_3` = -1.40 (13.5x median), `CC_MONTHS_COUNT` = 3.41 (8.8x median), `AMT_ANNUITY` = -0.64 (8.1x median)","Deviasi fitur > 50x median klaster — kemungkinan kesalahan input/ETL (overflow, salah unit, atau sentinel value tidak ter-handle).",Data Engineering: tambahkan capping rule (Z-score>3 di tahap ingest) untuk mencegah kontaminasi model.
2873,cluster_0,Tipe B - Rare but Valid,"`INST_SEVERE_LATE_RATIO` = 6.21 (37.9x median), `BUREAU_ACTIVE_RATIO` = 2.03 (35.5x median), `REGION_RATING_CLIENT_W_CITY` = 1.92 (34.6x median), `INST_DPD_MEAN` = 1.22 (11.7x median), `INST_LATE_RATIO` = 4.69 (8.5x median)","Ekstrem secara statistik tapi koheren — kemungkinan tail-end legitimate customer (VHNW, kasus khusus).",Routing: alihkan ke divisi Wealth Management / Priority Banking untuk potensi cross-sell.
3620,cluster_3,Tipe A - Data Error,"`CC_SK_DPD_MEAN` = 24.14 (485.8x median), `PREV_APPROVAL_RATE` = -1.40 (69.7x median), `BUREAU_ACTIVE_RATIO` = -1.11 (17.7x median), `BUREAU_DAYS_CREDIT_MEAN` = -2.75 (16.1x median), `EXT_SOURCE_3` = 1.75 (14.7x median)","Deviasi fitur > 50x median klaster — kemungkinan kesalahan input/ETL (overflow, salah unit, atau sentinel value tidak ter-handle).",Data Engineering: tambahkan capping rule (Z-score>3 di tahap ingest) untuk mencegah kontaminasi model.
4244,cluster_4,Tipe B - Rare but Valid,"`BUREAU_DAYS_CREDIT_MEAN` = -2.15 (28.2x median), `BUREAU_ACTIVE_RATIO` = -1.11 (17.7x median), `YEARS_BIRTH` = -0.62 (17.6x median), `OWN_CAR_AGE` = 5.57 (13.2x median), `AMT_ANNUITY` = -1.01 (8.2x median)","Ekstrem secara statistik tapi koheren — kemungkinan tail-end legitimate customer (VHNW, kasus khusus).",Routing: alihkan ke divisi Wealth Management / Priority Banking untuk potensi cross-sell.
4734,cluster_4,Tipe A - Data Error,"`POS_MONTHS_COUNT` = 3.71 (98.2x median), `YEARS_BIRTH` = 0.68 (21.4x median), `BUREAU_DAYS_CREDIT_MEAN` = -1.59 (20.6x median), `CREDIT_TERM_MONTHS` = -0.94 (19.7x median), `AMT_REQ_CREDIT_BUREAU_YEAR` = 2.43 (18.5x median)","Deviasi fitur > 50x median klaster — kemungkinan kesalahan input/ETL (overflow, salah unit, atau sentinel value tidak ter-handle).",Data Engineering: tambahkan capping rule (Z-score>3 di tahap ingest) untuk mencegah kontaminasi model.
5028,cluster_3,Tipe A - Data Error,"`PREV_APPROVAL_RATE` = -2.34 (116.2x median), `AMT_ANNUITY` = -3.10 (35.6x median), `BUREAU_ACTIVE_RATIO` = -1.11 (17.7x median), `AMT_INCOME_TOTAL` = -3.26 (14.3x median), `AMT_CREDIT` = -1.98 (13.6x median)","Deviasi fitur > 50x median klaster — kemungkinan kesalahan input/ETL (overflow, salah unit, atau sentinel value tidak ter-handle).",Data Engineering: tambahkan capping rule (Z-score>3 di tahap ingest) untuk mencegah kontaminasi model.
5206,cluster_3,Tipe A - Data Error,"`EXT_SOURCE_1` = 1.25 (92.0x median), `PREV_APPROVAL_RATE` = 0.96 (46.5x median), `ANNUITY_TO_INCOME` = 1.88 (21.2x median), `CREDIT_TO_INCOME` = 1.74 (12.1x median), `BUREAU_ACTIVE_RATIO` = 0.46 (8.9x median)","Deviasi fitur > 50x median klaster — kemungkinan kesalahan input/ETL (overflow, salah unit, atau sentinel value tidak ter-handle).",Data Engineering: tambahkan capping rule (Z-score>3 di tahap ingest) untuk mencegah kontaminasi model.
5223,cluster_0,Tipe B - Rare but Valid,"`EXT_SOURCE_1` = -0.53 (40.1x median), `INST_SEVERE_LATE_RATIO` = 3.19 (19.9x median), `BUREAU_ACTIVE_RATIO` = -1.11 (17.7x median), `EXT_SOURCE_3` = -0.58 (6.2x median), `BUREAU_DAYS_CREDIT_MEAN` = 1.45 (4.5x median)","Ekstrem secara statistik tapi koheren — kemungkinan tail-end legitimate customer (VHNW, kasus khusus).",Routing: alihkan ke divisi Wealth Management / Priority Banking untuk potensi cross-sell.
5799,cluster_4,Tipe A - Data Error,"`POS_SK_DPD_MEAN` = 16.99 (243.7x median), `POS_MONTHS_COUNT` = 3.87 (102.5x median), `EXT_SOURCE_1` = 1.08 (79.2x median), `CREDIT_TERM_MONTHS` = 0.99 (22.6x median), `AMT_INCOME_TOTAL` = 1.79 (15.4x median)","Deviasi fitur > 50x median klaster — kemungkinan kesalahan input/ETL (overflow, salah unit, atau sentinel value tidak ter-handle).",Data Engineering: tambahkan capping rule (Z-score>3 di tahap ingest) untuk mencegah kontaminasi model.
5815,cluster_3,Tipe A - Data Error,"`CC_SK_DPD_MEAN` = 14.38 (289.8x median), `PREV_APPROVAL_RATE` = -0.87 (43.9x median), `CREDIT_TERM_MONTHS` = 1.67 (23.0x median), `EXT_SOURCE_3` = -1.43 (13.8x median), `BUREAU_ACTIVE_RATIO` = -0.79 (12.4x median)","Deviasi fitur > 50x median klaster — kemungkinan kesalahan input/ETL (overflow, salah unit, atau sentinel value tidak ter-handle).",Data Engineering: tambahkan capping rule (Z-score>3 di tahap ingest) untuk mencegah kontaminasi model.
5975,cluster_1,Tipe A - Data Error,"`EXT_SOURCE_1` = -1.24 (93.3x median), `BUREAU_ACTIVE_RATIO` = 2.03 (35.5x median), `REGION_RATING_CLIENT_W_CITY` = 1.92 (34.6x median), `BUREAU_DEBT_TO_CREDIT_RATIO` = 1.60 (32.4x median), `BUREAU_BB_DPD_RATIO_MEAN` = 3.18 (17.3x median)","Deviasi fitur > 50x median klaster — kemungkinan kesalahan input/ETL (overflow, salah unit, atau sentinel value tidak ter-handle).",Data Engineering: tambahkan capping rule (Z-score>3 di tahap ingest) untuk mencegah kontaminasi model.
6039,cluster_3,Tipe A - Data Error,"`CC_SK_DPD_MEAN` = 8.78 (177.3x median), `PREV_APPROVAL_RATE` = -1.24 (62.0x median), `REGION_RATING_CLIENT_W_CITY` = -2.04 (34.6x median), `EXT_SOURCE_3` = -2.04 (19.4x median), `BUREAU_ACTIVE_RATIO` = 0.73 (13.3x median)","Deviasi fitur > 50x median klaster — kemungkinan kesalahan input/ETL (overflow, salah unit, atau sentinel value tidak ter-handle).",Data Engineering: tambahkan capping rule (Z-score>3 di tahap ingest) untuk mencegah kontaminasi model.
6503,cluster_3,Tipe B - Rare but Valid,"`REGION_RATING_CLIENT_W_CITY` = 1.92 (34.6x median), `POS_SK_DPD_MEAN` = 5.01 (25.1x median), `BUREAU_ACTIVE_RATIO` = 0.99 (17.7x median), `PREV_APPROVAL_RATE` = 0.30 (13.9x median), `CREDIT_TERM_MONTHS` = -1.05 (12.8x median)","Ekstrem secara statistik tapi koheren — kemungkinan tail-end legitimate customer (VHNW, kasus khusus).",Routing: alihkan ke divisi Wealth Management / Priority Banking untuk potensi cross-sell.
6655,cluster_4,Tipe A - Data Error,"`CC_SK_DPD_MEAN` = 15.55 (313.4x median), `EXT_SOURCE_1` = 1.45 (106.3x median), `CREDIT_TERM_MONTHS` = 1.67 (37.6x median), `YEARS_BIRTH` = 0.51 (16.3x median), `BUREAU_ACTIVE_RATIO` = -0.66 (10.1x median)","Deviasi fitur > 50x median klaster — kemungkinan kesalahan input/ETL (overflow, salah unit, atau sentinel value tidak ter-handle).",Data Engineering: tambahkan capping rule (Z-score>3 di tahap ingest) untuk mencegah kontaminasi model.
7225,cluster_1,Tipe A - Data Error,"`EXT_SOURCE_1` = 1.69 (124.8x median), `BUREAU_COUNT` = 4.66 (16.9x median), `AMT_CREDIT` = 0.48 (16.0x median), `YEARS_EMPLOYED` = 3.43 (11.7x median), `BUREAU_DEBT_TO_CREDIT_RATIO` = 0.48 (10.5x median)","Deviasi fitur > 50x median klaster — kemungkinan kesalahan input/ETL (overflow, salah unit, atau sentinel value tidak ter-handle).",Data Engineering: tambahkan capping rule (Z-score>3 di tahap ingest) untuk mencegah kontaminasi model.
7614,cluster_0,Tipe A - Data Error,"`EXT_SOURCE_1` = 1.36 (99.9x median), `REGION_RATING_CLIENT_W_CITY` = 1.92 (34.6x median), `EXT_SOURCE_2` = -1.47 (18.1x median), `BUREAU_ACTIVE_RATIO` = -0.58 (8.9x median), `BUREAU_DAYS_CREDIT_MEAN` = -1.85 (8.0x median)","Deviasi fitur > 50x median klaster — kemungkinan kesalahan input/ETL (overflow, salah unit, atau sentinel value tidak ter-handle).",Data Engineering: tambahkan capping rule (Z-score>3 di tahap ingest) untuk mencegah kontaminasi model.
7745,cluster_1,Tipe B - Rare but Valid,"`AMT_CREDIT` = 1.32 (42.6x median), `REGION_RATING_CLIENT_W_CITY` = -2.04 (34.6x median), `BUREAU_ACTIVE_RATIO` = -1.11 (17.7x median), `BUREAU_DEBT_TO_CREDIT_RATIO` = -0.59 (10.5x median), `AMT_ANNUITY` = 0.72 (9.8x median)","Ekstrem secara statistik tapi koheren — kemungkinan tail-end legitimate customer (VHNW, kasus khusus).",Routing: alihkan ke divisi Wealth Management / Priority Banking untuk potensi cross-sell.
7916,cluster_1,Tipe B - Rare but Valid,"`AMT_CREDIT` = -0.88 (26.6x median), `BUREAU_COUNT` = 7.08 (26.2x median), `AMT_ANNUITY` = -1.64 (25.9x median), `EXT_SOURCE_3` = -2.44 (13.6x median), `PREV_REFUSED_COUNT` = 8.46 (11.8x median)","Ekstrem secara statistik tapi koheren — kemungkinan tail-end legitimate customer (VHNW, kasus khusus).",Routing: alihkan ke divisi Wealth Management / Priority Banking untuk potensi cross-sell.
8580,cluster_0,Tipe A - Data Error,"`EXT_SOURCE_1` = -0.99 (74.8x median), `REGION_RATING_CLIENT_W_CITY` = 1.92 (34.6x median), `INST_DPD_MAX` = 3.36 (21.9x median), `INST_DPD_MEAN` = 2.05 (19.0x median), `INST_SEVERE_LATE_RATIO` = 3.02 (18.9x median)","Deviasi fitur > 50x median klaster — kemungkinan kesalahan input/ETL (overflow, salah unit, atau sentinel value tidak ter-handle).",Data Engineering: tambahkan capping rule (Z-score>3 di tahap ingest) untuk mencegah kontaminasi model.
8629,cluster_4,Tipe B - Rare but Valid,"`EXT_SOURCE_1` = 0.48 (35.0x median), `YEARS_BIRTH` = 0.97 (29.9x median), `POS_MONTHS_COUNT` = -0.85 (23.7x median), `YEARS_EMPLOYED` = 3.83 (19.3x median), `BUREAU_ACTIVE_RATIO` = 0.78 (14.2x median)","Ekstrem secara statistik tapi koheren — kemungkinan tail-end legitimate customer (VHNW, kasus khusus).",Routing: alihkan ke divisi Wealth Management / Priority Banking untuk potensi cross-sell.
8715,cluster_4,Tipe A - Data Error,"`BUREAU_BB_SEVERE_DPD_MEAN` = 10.00 (196.4x median), `EXT_SOURCE_1` = -1.71 (127.8x median), `BUREAU_BB_DPD_RATIO_MEAN` = 5.63 (29.9x median), `EXT_SOURCE_3` = -2.94 (27.5x median), `POS_MONTHS_COUNT` = -0.77 (21.6x median)","Deviasi fitur > 50x median klaster — kemungkinan kesalahan input/ETL (overflow, salah unit, atau sentinel value tidak ter-handle).",Data Engineering: tambahkan capping rule (Z-score>3 di tahap ingest) untuk mencegah kontaminasi model.
10392,cluster_4,Tipe B - Rare but Valid,"`CREDIT_TERM_MONTHS` = 1.96 (43.9x median), `BUREAU_DAYS_CREDIT_MEAN` = -1.30 (16.6x median), `POS_MONTHS_COUNT` = -0.57 (16.2x median), `YEARS_EMPLOYED` = 2.62 (13.5x median), `BUREAU_DEBT_TO_CREDIT_RATIO` = 0.84 (10.1x median)","Ekstrem secara statistik tapi koheren — kemungkinan tail-end legitimate customer (VHNW, kasus khusus).",Routing: alihkan ke divisi Wealth Management / Priority Banking untuk potensi cross-sell.
10655,cluster_2,Tipe A - Data Error,"`BUREAU_BB_SEVERE_DPD_MEAN` = 7.01 (137.8x median), `EXT_SOURCE_1` = 0.78 (56.6x median), `BUREAU_BB_DPD_RATIO_MEAN` = 4.64 (24.9x median), `EXT_SOURCE_3` = -1.26 (12.3x median), `BUREAU_DAYS_CREDIT_MEAN` = -1.03 (6.5x median)","Deviasi fitur > 50x median klaster — kemungkinan kesalahan input/ETL (overflow, salah unit, atau sentinel value tidak ter-handle).",Data Engineering: tambahkan capping rule (Z-score>3 di tahap ingest) untuk mencegah kontaminasi model.
10848,cluster_2,Tipe B - Rare but Valid,"`INST_SEVERE_LATE_RATIO` = 6.92 (42.1x median), `REGION_RATING_CLIENT_W_CITY` = 1.92 (34.6x median), `YEARS_EMPLOYED` = 3.78 (17.6x median), `AMT_INCOME_TOTAL` = -0.85 (8.8x median), `INST_LATE_RATIO` = 4.29 (7.8x median)","Ekstrem secara statistik tapi koheren — kemungkinan tail-end legitimate customer (VHNW, kasus khusus).",Routing: alihkan ke divisi Wealth Management / Priority Banking untuk potensi cross-sell.
11873,cluster_2,Tipe A - Data Error,"`EXT_SOURCE_1` = 2.35 (173.4x median), `REGION_RATING_CLIENT_W_CITY` = -2.04 (34.6x median), `YEARS_EMPLOYED` = 3.52 (16.5x median), `YEARS_BIRTH` = 1.14 (13.8x median), `BUREAU_DAYS_CREDIT_MEAN` = 1.45 (11.5x median)","Deviasi fitur > 50x median klaster — kemungkinan kesalahan input/ETL (overflow, salah unit, atau sentinel value tidak ter-handle).",Data Engineering: tambahkan capping rule (Z-score>3 di tahap ingest) untuk mencegah kontaminasi model.
12007,cluster_4,Tipe A - Data Error,"`POS_MONTHS_COUNT` = 4.11 (109.0x median), `CREDIT_TERM_MONTHS` = 1.96 (43.8x median), `YEARS_BIRTH` = 1.28 (39.1x median), `YEARS_EMPLOYED` = 5.35 (26.6x median), `BUREAU_DAYS_CREDIT_MEAN` = -1.28 (16.4x median)","Deviasi fitur > 50x median klaster — kemungkinan kesalahan input/ETL (overflow, salah unit, atau sentinel value tidak ter-handle).",Data Engineering: tambahkan capping rule (Z-score>3 di tahap ingest) untuk mencegah kontaminasi model.
12177,cluster_3,Tipe A - Data Error,"`PREV_APPROVAL_RATE` = -2.34 (116.2x median), `EXT_SOURCE_3` = -2.33 (21.9x median), `BUREAU_ACTIVE_RATIO` = 0.99 (17.7x median), `CREDIT_TERM_MONTHS` = 1.26 (17.6x median), `PREV_REFUSED_COUNT` = 3.45 (8.6x median)","Deviasi fitur > 50x median klaster — kemungkinan kesalahan input/ETL (overflow, salah unit, atau sentinel value tidak ter-handle).",Data Engineering: tambahkan capping rule (Z-score>3 di tahap ingest) untuk mencegah kontaminasi model.
12354,cluster_4,Tipe A - Data Error,"`EXT_SOURCE_1` = 2.19 (161.5x median), `YEARS_BIRTH` = 1.35 (41.4x median), `CREDIT_TERM_MONTHS` = 1.27 (28.7x median), `AMT_REQ_CREDIT_BUREAU_YEAR` = 3.00 (23.2x median), `BUREAU_DAYS_CREDIT_MEAN` = 0.51 (7.9x median)","Deviasi fitur > 50x median klaster — kemungkinan kesalahan input/ETL (overflow, salah unit, atau sentinel value tidak ter-handle).",Data Engineering: tambahkan capping rule (Z-score>3 di tahap ingest) untuk mencegah kontaminasi model.
12412,cluster_3,Tipe A - Data Error,"`POS_SK_DPD_MEAN` = 14.33 (73.7x median), `PREV_APPROVAL_RATE` = 0.96 (46.5x median), `ANNUITY_TO_INCOME` = 3.31 (36.6x median), `CREDIT_TERM_MONTHS` = -1.51 (18.9x median), `BUREAU_ACTIVE_RATIO` = -1.11 (17.7x median)","Deviasi fitur > 50x median klaster — kemungkinan kesalahan input/ETL (overflow, salah unit, atau sentinel value tidak ter-handle).",Data Engineering: tambahkan capping rule (Z-score>3 di tahap ingest) untuk mencegah kontaminasi model.
12574,cluster_1,Tipe B - Rare but Valid,"`AMT_CREDIT` = 0.52 (17.3x median), `CC_MONTHS_COUNT` = 3.41 (8.8x median), `PREV_REFUSED_COUNT` = 6.23 (8.4x median), `AMT_ANNUITY` = 0.57 (7.7x median), `BUREAU_COUNT` = 2.02 (6.8x median)","Ekstrem secara statistik tapi koheren — kemungkinan tail-end legitimate customer (VHNW, kasus khusus).",Routing: alihkan ke divisi Wealth Management / Priority Banking untuk potensi cross-sell.
12638,cluster_4,Tipe A - Data Error,"`EXT_SOURCE_1` = -2.28 (170.3x median), `YEARS_BIRTH` = -1.19 (34.4x median), `EXT_SOURCE_3` = -2.07 (19.6x median), `BUREAU_COUNT` = 2.46 (14.7x median), `EXT_SOURCE_2` = -2.48 (9.9x median)","Deviasi fitur > 50x median klaster — kemungkinan kesalahan input/ETL (overflow, salah unit, atau sentinel value tidak ter-handle).",Data Engineering: tambahkan capping rule (Z-score>3 di tahap ingest) untuk mencegah kontaminasi model.
12861,cluster_3,Tipe B - Rare but Valid,"`PREV_APPROVAL_RATE` = -0.69 (34.9x median), `CREDIT_TERM_MONTHS` = 1.28 (17.9x median), `BUREAU_COUNT` = 1.36 (8.6x median), `AMT_ANNUITY` = 0.69 (6.7x median), `AMT_CREDIT` = 1.17 (6.5x median)","Ekstrem secara statistik tapi koheren — kemungkinan tail-end legitimate customer (VHNW, kasus khusus).",Routing: alihkan ke divisi Wealth Management / Priority Banking untuk potensi cross-sell.
13090,cluster_4,Tipe B - Rare but Valid,"`REGION_RATING_CLIENT_W_CITY` = 1.92 (34.6x median), `POS_MONTHS_COUNT` = -1.13 (31.3x median), `EXT_SOURCE_1` = -0.39 (29.9x median), `BUREAU_DAYS_CREDIT_MEAN` = -1.14 (14.5x median), `EXT_SOURCE_3` = -1.30 (12.6x median)","Ekstrem secara statistik tapi koheren — kemungkinan tail-end legitimate customer (VHNW, kasus khusus).",Routing: alihkan ke divisi Wealth Management / Priority Banking untuk potensi cross-sell.
13373,cluster_2,Tipe B - Rare but Valid,"`REGION_RATING_CLIENT_W_CITY` = 1.92 (34.6x median), `INST_SEVERE_LATE_RATIO` = 3.19 (19.9x median), `YEARS_BIRTH` = 1.54 (18.9x median), `INST_DPD_MAX` = 2.75 (18.1x median), `INST_DPD_MEAN` = 1.81 (16.9x median)","Ekstrem secara statistik tapi koheren — kemungkinan tail-end legitimate customer (VHNW, kasus khusus).",Routing: alihkan ke divisi Wealth Management / Priority Banking untuk potensi cross-sell.
13547,cluster_1,Tipe A - Data Error,"`AMT_CREDIT` = 1.70 (54.5x median), `AMT_ANNUITY` = 1.81 (26.5x median), `BUREAU_ACTIVE_RATIO` = 0.73 (13.3x median), `YEARS_EMPLOYED` = 2.70 (9.4x median), `CC_MONTHS_COUNT` = 3.05 (8.0x median)","Deviasi fitur > 50x median klaster — kemungkinan kesalahan input/ETL (overflow, salah unit, atau sentinel value tidak ter-handle).",Data Engineering: tambahkan capping rule (Z-score>3 di tahap ingest) untuk mencegah kontaminasi model.
13816,cluster_1,Tipe A - Data Error,"`EXT_SOURCE_1` = -2.98 (222.3x median), `BUREAU_DEBT_TO_CREDIT_RATIO` = 1.08 (22.1x median), `AMT_CREDIT` = -0.72 (21.5x median), `OWN_CAR_AGE` = 6.79 (15.9x median), `EXT_SOURCE_3` = -2.08 (11.4x median)","Deviasi fitur > 50x median klaster — kemungkinan kesalahan input/ETL (overflow, salah unit, atau sentinel value tidak ter-handle).",Data Engineering: tambahkan capping rule (Z-score>3 di tahap ingest) untuk mencegah kontaminasi model.
14182,cluster_2,Tipe A - Data Error,"`EXT_SOURCE_1` = 2.38 (175.4x median), `REGION_RATING_CLIENT_W_CITY` = -2.04 (34.6x median), `INST_SEVERE_LATE_RATIO` = 3.82 (23.7x median), `BUREAU_DAYS_CREDIT_MEAN` = -2.10 (14.2x median), `BUREAU_ACTIVE_RATIO` = 2.03 (13.4x median)","Deviasi fitur > 50x median klaster — kemungkinan kesalahan input/ETL (overflow, salah unit, atau sentinel value tidak ter-handle).",Data Engineering: tambahkan capping rule (Z-score>3 di tahap ingest) untuk mencegah kontaminasi model.
14964,cluster_1,Tipe B - Rare but Valid,"`EXT_SOURCE_1` = -0.65 (49.6x median), `REGION_RATING_CLIENT_W_CITY` = 1.92 (34.6x median), `BUREAU_ACTIVE_RATIO` = 0.69 (12.7x median), `AMT_CREDIT` = -0.43 (12.5x median), `BUREAU_DEBT_TO_CREDIT_RATIO` = 0.55 (11.7x median)","Ekstrem secara statistik tapi koheren — kemungkinan tail-end legitimate customer (VHNW, kasus khusus).",Routing: alihkan ke divisi Wealth Management / Priority Banking untuk potensi cross-sell.
15298,cluster_3,Tipe A - Data Error,"`CC_SK_DPD_MEAN` = 14.31 (288.4x median), `ANNUITY_TO_INCOME` = 3.15 (34.9x median), `BUREAU_ACTIVE_RATIO` = -1.11 (17.7x median), `PREV_APPROVAL_RATE` = -0.27 (14.5x median), `AMT_INCOME_TOTAL` = -3.03 (13.2x median)","Deviasi fitur > 50x median klaster — kemungkinan kesalahan input/ETL (overflow, salah unit, atau sentinel value tidak ter-handle).",Data Engineering: tambahkan capping rule (Z-score>3 di tahap ingest) untuk mencegah kontaminasi model.
15501,cluster_2,Tipe A - Data Error,"`EXT_SOURCE_1` = 0.93 (67.9x median), `REGION_RATING_CLIENT_W_CITY` = -2.04 (34.6x median), `YEARS_EMPLOYED` = 4.62 (21.3x median), `ANNUITY_TO_INCOME` = 6.90 (16.3x median), `BUREAU_ACTIVE_RATIO` = 2.03 (13.4x median)","Deviasi fitur > 50x median klaster — kemungkinan kesalahan input/ETL (overflow, salah unit, atau sentinel value tidak ter-handle).",Data Engineering: tambahkan capping rule (Z-score>3 di tahap ingest) untuk mencegah kontaminasi model.
15502,cluster_4,Tipe A - Data Error,"`EXT_SOURCE_1` = 0.74 (54.0x median), `YEARS_BIRTH` = 1.22 (37.5x median), `YEARS_EMPLOYED` = 5.55 (27.5x median), `EXT_SOURCE_3` = -2.03 (19.3x median), `CREDIT_TERM_MONTHS` = 0.53 (12.5x median)","Deviasi fitur > 50x median klaster — kemungkinan kesalahan input/ETL (overflow, salah unit, atau sentinel value tidak ter-handle).",Data Engineering: tambahkan capping rule (Z-score>3 di tahap ingest) untuk mencegah kontaminasi model.
15613,cluster_4,Tipe B - Rare but Valid,"`POS_MONTHS_COUNT` = 1.89 (49.7x median), `YEARS_EMPLOYED` = 3.52 (17.8x median), `OWN_CAR_AGE` = 6.68 (15.7x median), `AMT_INCOME_TOTAL` = -1.40 (13.8x median), `YEARS_BIRTH` = 0.33 (10.7x median)","Ekstrem secara statistik tapi koheren — kemungkinan tail-end legitimate customer (VHNW, kasus khusus).",Routing: alihkan ke divisi Wealth Management / Priority Banking untuk potensi cross-sell.
16306,cluster_4,Tipe A - Data Error,"`EXT_SOURCE_1` = 1.72 (126.6x median), `POS_MONTHS_COUNT` = 3.06 (81.0x median), `REGION_RATING_CLIENT_W_CITY` = -2.04 (34.6x median), `AMT_REQ_CREDIT_BUREAU_YEAR` = 3.00 (23.2x median), `YEARS_BIRTH` = 0.63 (19.7x median)","Deviasi fitur > 50x median klaster — kemungkinan kesalahan input/ETL (overflow, salah unit, atau sentinel value tidak ter-handle).",Data Engineering: tambahkan capping rule (Z-score>3 di tahap ingest) untuk mencegah kontaminasi model.
16973,cluster_1,Tipe A - Data Error,"`EXT_SOURCE_1` = 1.70 (125.2x median), `BUREAU_DEBT_TO_CREDIT_RATIO` = 1.88 (37.8x median), `BUREAU_ACTIVE_RATIO` = 2.03 (35.5x median), `REGION_RATING_CLIENT_W_CITY` = 1.92 (34.6x median), `INST_LATE_RATIO` = 3.20 (20.7x median)","Deviasi fitur > 50x median klaster — kemungkinan kesalahan input/ETL (overflow, salah unit, atau sentinel value tidak ter-handle).",Data Engineering: tambahkan capping rule (Z-score>3 di tahap ingest) untuk mencegah kontaminasi model.
17008,cluster_4,Tipe A - Data Error,"`EXT_SOURCE_1` = -2.43 (181.2x median), `POS_MONTHS_COUNT` = 1.53 (39.9x median), `AMT_REQ_CREDIT_BUREAU_YEAR` = 2.43 (18.5x median), `BUREAU_ACTIVE_RATIO` = 0.99 (17.7x median), `YEARS_EMPLOYED` = 3.45 (17.5x median)","Deviasi fitur > 50x median klaster — kemungkinan kesalahan input/ETL (overflow, salah unit, atau sentinel value tidak ter-handle).",Data Engineering: tambahkan capping rule (Z-score>3 di tahap ingest) untuk mencegah kontaminasi model.
17064,cluster_3,Tipe A - Data Error,"`PREV_APPROVAL_RATE` = -1.24 (62.0x median), `EXT_SOURCE_1` = 0.50 (36.2x median), `BUREAU_ACTIVE_RATIO` = -1.11 (17.7x median), `EXT_SOURCE_2` = -2.44 (13.1x median), `CC_UTILIZATION_MEAN` = 4.03 (10.9x median)","Deviasi fitur > 50x median klaster — kemungkinan kesalahan input/ETL (overflow, salah unit, atau sentinel value tidak ter-handle).",Data Engineering: tambahkan capping rule (Z-score>3 di tahap ingest) untuk mencegah kontaminasi model.
18575,cluster_4,Tipe B - Rare but Valid,"`REGION_RATING_CLIENT_W_CITY` = -2.04 (34.6x median), `YEARS_BIRTH` = 0.76 (23.5x median), `YEARS_EMPLOYED` = 3.62 (18.3x median), `BUREAU_COUNT` = 2.68 (15.9x median), `AMT_INCOME_TOTAL` = 1.84 (15.8x median)","Ekstrem secara statistik tapi koheren — kemungkinan tail-end legitimate customer (VHNW, kasus khusus).",Routing: alihkan ke divisi Wealth Management / Priority Banking untuk potensi cross-sell.
19087,cluster_3,Tipe B - Rare but Valid,"`POS_SK_DPD_MEAN` = 6.42 (32.5x median), `PREV_APPROVAL_RATE` = -0.27 (14.5x median), `EXT_SOURCE_3` = 1.34 (11.0x median), `BUREAU_ACTIVE_RATIO` = -0.48 (7.1x median), `ANNUITY_TO_INCOME` = 0.50 (6.3x median)","Ekstrem secara statistik tapi koheren — kemungkinan tail-end legitimate customer (VHNW, kasus khusus).",Routing: alihkan ke divisi Wealth Management / Priority Banking untuk potensi cross-sell.
19112,cluster_3,Tipe A - Data Error,"`EXT_SOURCE_1` = -2.04 (152.2x median), `PREV_APPROVAL_RATE` = -2.06 (102.6x median), `POS_SK_DPD_MEAN` = 18.34 (94.6x median), `BUREAU_BB_SEVERE_DPD_MEAN` = 4.06 (80.3x median), `CREDIT_TERM_MONTHS` = 1.68 (23.1x median)","Deviasi fitur > 50x median klaster — kemungkinan kesalahan input/ETL (overflow, salah unit, atau sentinel value tidak ter-handle).",Data Engineering: tambahkan capping rule (Z-score>3 di tahap ingest) untuk mencegah kontaminasi model.
19213,cluster_3,Tipe A - Data Error,"`EXT_SOURCE_1` = -2.52 (188.4x median), `BUREAU_BB_DPD_RATIO_MEAN` = 12.70 (66.3x median), `PREV_APPROVAL_RATE` = 0.96 (46.5x median), `AMT_ANNUITY` = 1.47 (15.4x median), `EXT_SOURCE_3` = -1.44 (13.9x median)","Deviasi fitur > 50x median klaster — kemungkinan kesalahan input/ETL (overflow, salah unit, atau sentinel value tidak ter-handle).",Data Engineering: tambahkan capping rule (Z-score>3 di tahap ingest) untuk mencegah kontaminasi model.
19387,cluster_1,Tipe B - Rare but Valid,"`INST_SEVERE_LATE_RATIO` = 5.15 (31.6x median), `INST_LATE_RATIO` = 3.80 (24.5x median), `EXT_SOURCE_1` = 0.20 (14.0x median), `BUREAU_COUNT` = 3.34 (11.8x median), `BUREAU_ACTIVE_RATIO` = -0.63 (9.7x median)","Ekstrem secara statistik tapi koheren — kemungkinan tail-end legitimate customer (VHNW, kasus khusus).",Routing: alihkan ke divisi Wealth Management / Priority Banking untuk potensi cross-sell.
19818,cluster_1,Tipe A - Data Error,"`EXT_SOURCE_1` = 2.58 (190.9x median), `AMT_CREDIT` = -1.55 (47.8x median), `AMT_ANNUITY` = -1.82 (28.6x median), `INST_LATE_RATIO` = 3.06 (19.9x median), `BUREAU_DEBT_TO_CREDIT_RATIO` = 0.64 (13.5x median)","Deviasi fitur > 50x median klaster — kemungkinan kesalahan input/ETL (overflow, salah unit, atau sentinel value tidak ter-handle).",Data Engineering: tambahkan capping rule (Z-score>3 di tahap ingest) untuk mencegah kontaminasi model.
20232,cluster_3,Tipe A - Data Error,"`POS_SK_DPD_MEAN` = 19.32 (99.7x median), `EXT_SOURCE_1` = -0.59 (45.1x median), `PREV_APPROVAL_RATE` = -0.69 (34.9x median), `BUREAU_ACTIVE_RATIO` = -1.11 (17.7x median), `CREDIT_TERM_MONTHS` = 1.18 (16.5x median)","Deviasi fitur > 50x median klaster — kemungkinan kesalahan input/ETL (overflow, salah unit, atau sentinel value tidak ter-handle).",Data Engineering: tambahkan capping rule (Z-score>3 di tahap ingest) untuk mencegah kontaminasi model.
20362,cluster_4,Tipe A - Data Error,"`POS_MONTHS_COUNT` = 3.27 (86.4x median), `YEARS_BIRTH` = 1.65 (50.2x median), `AMT_REQ_CREDIT_BUREAU_YEAR` = 1.85 (13.9x median), `PREV_COUNT` = 4.54 (13.7x median), `AMT_INCOME_TOTAL` = 1.56 (13.3x median)","Deviasi fitur > 50x median klaster — kemungkinan kesalahan input/ETL (overflow, salah unit, atau sentinel value tidak ter-handle).",Data Engineering: tambahkan capping rule (Z-score>3 di tahap ingest) untuk mencegah kontaminasi model.
20727,cluster_2,Tipe A - Data Error,"`CREDIT_TO_INCOME` = 30.73 (56.3x median), `ANNUITY_TO_INCOME` = 17.93 (44.1x median), `AMT_INCOME_TOTAL` = -3.69 (34.8x median), `INST_SEVERE_LATE_RATIO` = 4.39 (27.1x median), `YEARS_BIRTH` = 1.26 (15.3x median)","Deviasi fitur > 50x median klaster — kemungkinan kesalahan input/ETL (overflow, salah unit, atau sentinel value tidak ter-handle).",Data Engineering: tambahkan capping rule (Z-score>3 di tahap ingest) untuk mencegah kontaminasi model.
21061,cluster_3,Tipe B - Rare but Valid,"`PREV_APPROVAL_RATE` = 0.96 (46.5x median), `BUREAU_ACTIVE_RATIO` = 2.03 (35.5x median), `REGION_RATING_CLIENT_W_CITY` = 1.92 (34.6x median), `CREDIT_TERM_MONTHS` = -1.62 (20.4x median), `EXT_SOURCE_2` = -2.53 (13.6x median)","Ekstrem secara statistik tapi koheren — kemungkinan tail-end legitimate customer (VHNW, kasus khusus).",Routing: alihkan ke divisi Wealth Management / Priority Banking untuk potensi cross-sell.
21107,cluster_0,Tipe A - Data Error,"`EXT_SOURCE_1` = 1.28 (94.4x median), `REGION_RATING_CLIENT_W_CITY` = 1.92 (34.6x median), `INST_SEVERE_LATE_RATIO` = 5.63 (34.4x median), `INST_DPD_MEAN` = 1.55 (14.7x median), `EXT_SOURCE_3` = -1.17 (11.5x median)","Deviasi fitur > 50x median klaster — kemungkinan kesalahan input/ETL (overflow, salah unit, atau sentinel value tidak ter-handle).",Data Engineering: tambahkan capping rule (Z-score>3 di tahap ingest) untuk mencegah kontaminasi model.
21892,cluster_3,Tipe A - Data Error,"`EXT_SOURCE_1` = -0.98 (73.5x median), `PREV_APPROVAL_RATE` = 0.96 (46.5x median), `BUREAU_ACTIVE_RATIO` = -1.11 (17.7x median), `ANNUITY_TO_INCOME` = 1.08 (12.6x median), `BUREAU_DAYS_CREDIT_MEAN` = 1.45 (10.1x median)","Deviasi fitur > 50x median klaster — kemungkinan kesalahan input/ETL (overflow, salah unit, atau sentinel value tidak ter-handle).",Data Engineering: tambahkan capping rule (Z-score>3 di tahap ingest) untuk mencegah kontaminasi model.
21901,cluster_4,Tipe B - Rare but Valid,"`POS_MONTHS_COUNT` = 0.88 (22.7x median), `INST_DPD_MAX` = 2.20 (22.2x median), `BUREAU_DAYS_CREDIT_MEAN` = 1.45 (20.7x median), `BUREAU_ACTIVE_RATIO` = -1.11 (17.7x median), `INST_SEVERE_LATE_RATIO` = 2.63 (16.7x median)","Ekstrem secara statistik tapi koheren — kemungkinan tail-end legitimate customer (VHNW, kasus khusus).",Routing: alihkan ke divisi Wealth Management / Priority Banking untuk potensi cross-sell.
22058,cluster_2,Tipe B - Rare but Valid,"`INST_SEVERE_LATE_RATIO` = 3.58 (22.3x median), `INST_LATE_RATIO` = 4.58 (8.3x median), `BUREAU_DAYS_CREDIT_MEAN` = -1.17 (7.5x median), `AMT_INCOME_TOTAL` = -0.59 (6.4x median), `YEARS_EMPLOYED` = 1.20 (6.3x median)","Ekstrem secara statistik tapi koheren — kemungkinan tail-end legitimate customer (VHNW, kasus khusus).",Routing: alihkan ke divisi Wealth Management / Priority Banking untuk potensi cross-sell.
22115,cluster_4,Tipe A - Data Error,"`POS_MONTHS_COUNT` = 2.98 (78.8x median), `YEARS_BIRTH` = 1.30 (39.6x median), `REGION_RATING_CLIENT_W_CITY` = -2.04 (34.6x median), `AMT_INCOME_TOTAL` = 2.08 (18.1x median), `AMT_REQ_CREDIT_BUREAU_YEAR` = 1.85 (13.9x median)","Deviasi fitur > 50x median klaster — kemungkinan kesalahan input/ETL (overflow, salah unit, atau sentinel value tidak ter-handle).",Data Engineering: tambahkan capping rule (Z-score>3 di tahap ingest) untuk mencegah kontaminasi model.
22443,cluster_4,Tipe B - Rare but Valid,"`BUREAU_ACTIVE_RATIO` = 2.03 (35.5x median), `REGION_RATING_CLIENT_W_CITY` = -2.04 (34.6x median), `POS_MONTHS_COUNT` = 0.88 (22.7x median), `CREDIT_TERM_MONTHS` = 0.93 (21.3x median), `AMT_INCOME_TOTAL` = 2.08 (18.1x median)","Ekstrem secara statistik tapi koheren — kemungkinan tail-end legitimate customer (VHNW, kasus khusus).",Routing: alihkan ke divisi Wealth Management / Priority Banking untuk potensi cross-sell.
22983,cluster_4,Tipe A - Data Error,"`EXT_SOURCE_1` = 1.76 (129.9x median), `POS_MONTHS_COUNT` = 3.27 (86.4x median), `YEARS_BIRTH` = 1.28 (39.1x median), `BUREAU_ACTIVE_RATIO` = 2.03 (35.5x median), `AMT_REQ_CREDIT_BUREAU_YEAR` = 3.00 (23.2x median)","Deviasi fitur > 50x median klaster — kemungkinan kesalahan input/ETL (overflow, salah unit, atau sentinel value tidak ter-handle).",Data Engineering: tambahkan capping rule (Z-score>3 di tahap ingest) untuk mencegah kontaminasi model.
23018,cluster_0,Tipe B - Rare but Valid,"`OWN_CAR_AGE` = 6.68 (15.7x median), `EXT_SOURCE_2` = 0.87 (9.1x median), `YEARS_EMPLOYED` = 2.12 (6.1x median), `EXT_SOURCE_3` = -0.49 (5.4x median), `AMT_INCOME_TOTAL` = 0.86 (5.0x median)","Ekstrem secara statistik tapi koheren — kemungkinan tail-end legitimate customer (VHNW, kasus khusus).",Routing: alihkan ke divisi Wealth Management / Priority Banking untuk potensi cross-sell.
23019,cluster_4,Tipe B - Rare but Valid,"`YEARS_BIRTH` = -1.44 (41.8x median), `BUREAU_ACTIVE_RATIO` = 2.03 (35.5x median), `REGION_RATING_CLIENT_W_CITY` = 1.92 (34.6x median), `CREDIT_TERM_MONTHS` = -1.08 (22.7x median), `EXT_SOURCE_3` = -2.27 (21.4x median)","Ekstrem secara statistik tapi koheren — kemungkinan tail-end legitimate customer (VHNW, kasus khusus).",Routing: alihkan ke divisi Wealth Management / Priority Banking untuk potensi cross-sell.
23336,cluster_4,Tipe A - Data Error,"`POS_MONTHS_COUNT` = 2.01 (52.9x median), `BUREAU_DAYS_CREDIT_MEAN` = 1.45 (20.7x median), `YEARS_BIRTH` = 0.60 (18.8x median), `BUREAU_ACTIVE_RATIO` = -1.11 (17.7x median), `CREDIT_TERM_MONTHS` = 0.69 (16.0x median)","Deviasi fitur > 50x median klaster — kemungkinan kesalahan input/ETL (overflow, salah unit, atau sentinel value tidak ter-handle).",Data Engineering: tambahkan capping rule (Z-score>3 di tahap ingest) untuk mencegah kontaminasi model.
23442,cluster_3,Tipe A - Data Error,"`CC_SK_DPD_MEAN` = 5.02 (101.8x median), `REGION_RATING_CLIENT_W_CITY` = 1.92 (34.6x median), `CREDIT_TERM_MONTHS` = 1.26 (17.6x median), `ANNUITY_TO_INCOME` = 1.27 (14.6x median), `CREDIT_TO_INCOME` = 2.06 (14.1x median)","Deviasi fitur > 50x median klaster — kemungkinan kesalahan input/ETL (overflow, salah unit, atau sentinel value tidak ter-handle).",Data Engineering: tambahkan capping rule (Z-score>3 di tahap ingest) untuk mencegah kontaminasi model.
23528,cluster_4,Tipe A - Data Error,"`EXT_SOURCE_1` = 1.82 (134.3x median), `YEARS_BIRTH` = 1.28 (39.1x median), `CREDIT_TERM_MONTHS` = 1.68 (37.7x median), `REGION_RATING_CLIENT_W_CITY` = -2.04 (34.6x median), `AMT_INCOME_TOTAL` = 1.97 (17.0x median)","Deviasi fitur > 50x median klaster — kemungkinan kesalahan input/ETL (overflow, salah unit, atau sentinel value tidak ter-handle).",Data Engineering: tambahkan capping rule (Z-score>3 di tahap ingest) untuk mencegah kontaminasi model.
23538,cluster_1,Tipe A - Data Error,"`EXT_SOURCE_1` = 1.37 (100.8x median), `REGION_RATING_CLIENT_W_CITY` = 1.92 (34.6x median), `AMT_ANNUITY` = -1.95 (30.6x median), `AMT_CREDIT` = -1.00 (30.3x median), `BUREAU_ACTIVE_RATIO` = -1.11 (17.7x median)","Deviasi fitur > 50x median klaster — kemungkinan kesalahan input/ETL (overflow, salah unit, atau sentinel value tidak ter-handle).",Data Engineering: tambahkan capping rule (Z-score>3 di tahap ingest) untuk mencegah kontaminasi model.
23673,cluster_3,Tipe B - Rare but Valid,"`REGION_RATING_CLIENT_W_CITY` = 1.92 (34.6x median), `POS_SK_DPD_MEAN` = 4.32 (21.5x median), `PREV_APPROVAL_RATE` = 0.41 (19.4x median), `BUREAU_ACTIVE_RATIO` = -1.11 (17.7x median), `EXT_SOURCE_2` = -2.48 (13.3x median)","Ekstrem secara statistik tapi koheren — kemungkinan tail-end legitimate customer (VHNW, kasus khusus).",Routing: alihkan ke divisi Wealth Management / Priority Banking untuk potensi cross-sell.
23692,cluster_1,Tipe A - Data Error,"`EXT_SOURCE_1` = -2.93 (218.6x median), `BUREAU_COUNT` = 4.66 (16.9x median), `EXT_SOURCE_2` = -2.71 (11.7x median), `EXT_SOURCE_3` = -2.13 (11.7x median), `AMT_CREDIT` = 0.23 (8.3x median)","Deviasi fitur > 50x median klaster — kemungkinan kesalahan input/ETL (overflow, salah unit, atau sentinel value tidak ter-handle).",Data Engineering: tambahkan capping rule (Z-score>3 di tahap ingest) untuk mencegah kontaminasi model.
23981,cluster_2,Tipe A - Data Error,"`BUREAU_BB_SEVERE_DPD_MEAN` = 5.62 (110.8x median), `EXT_SOURCE_3` = -2.94 (27.5x median), `BUREAU_BB_DPD_RATIO_MEAN` = 4.23 (22.8x median), `YEARS_EMPLOYED` = 2.08 (10.1x median), `BUREAU_ACTIVE_RATIO` = 1.41 (9.6x median)","Deviasi fitur > 50x median klaster — kemungkinan kesalahan input/ETL (overflow, salah unit, atau sentinel value tidak ter-handle).",Data Engineering: tambahkan capping rule (Z-score>3 di tahap ingest) untuk mencegah kontaminasi model.
24095,cluster_4,Tipe A - Data Error,"`EXT_SOURCE_1` = -2.21 (164.9x median), `POS_MONTHS_COUNT` = 2.01 (52.9x median), `YEARS_BIRTH` = -1.13 (32.8x median), `CREDIT_TERM_MONTHS` = -1.38 (29.2x median), `BUREAU_ACTIVE_RATIO` = -1.11 (17.7x median)","Deviasi fitur > 50x median klaster — kemungkinan kesalahan input/ETL (overflow, salah unit, atau sentinel value tidak ter-handle).",Data Engineering: tambahkan capping rule (Z-score>3 di tahap ingest) untuk mencegah kontaminasi model.
24661,cluster_4,Tipe B - Rare but Valid,"`CREDIT_TERM_MONTHS` = 1.97 (44.2x median), `REGION_RATING_CLIENT_W_CITY` = -2.04 (34.6x median), `YEARS_BIRTH` = -0.81 (23.1x median), `BUREAU_DAYS_CREDIT_MEAN` = 1.45 (20.7x median), `BUREAU_ACTIVE_RATIO` = -1.11 (17.7x median)","Ekstrem secara statistik tapi koheren — kemungkinan tail-end legitimate customer (VHNW, kasus khusus).",Routing: alihkan ke divisi Wealth Management / Priority Banking untuk potensi cross-sell.
24936,cluster_3,Tipe A - Data Error,"`PREV_APPROVAL_RATE` = -1.87 (92.9x median), `EXT_SOURCE_1` = 0.43 (30.6x median), `POS_SK_DPD_MEAN` = 5.92 (29.9x median), `BUREAU_ACTIVE_RATIO` = -1.11 (17.7x median), `CREDIT_TERM_MONTHS` = -0.74 (8.8x median)","Deviasi fitur > 50x median klaster — kemungkinan kesalahan input/ETL (overflow, salah unit, atau sentinel value tidak ter-handle).",Data Engineering: tambahkan capping rule (Z-score>3 di tahap ingest) untuk mencegah kontaminasi model.
24969,cluster_3,Tipe A - Data Error,"`EXT_SOURCE_1` = 1.89 (139.6x median), `POS_SK_DPD_MEAN` = 9.53 (48.7x median), `REGION_RATING_CLIENT_W_CITY` = 1.92 (34.6x median), `CREDIT_TERM_MONTHS` = 1.68 (23.1x median), `PREV_APPROVAL_RATE` = -0.14 (7.7x median)","Deviasi fitur > 50x median klaster — kemungkinan kesalahan input/ETL (overflow, salah unit, atau sentinel value tidak ter-handle).",Data Engineering: tambahkan capping rule (Z-score>3 di tahap ingest) untuk mencegah kontaminasi model.
25129,cluster_3,Tipe B - Rare but Valid,"`PREV_APPROVAL_RATE` = 0.96 (46.5x median), `REGION_RATING_CLIENT_W_CITY` = -2.04 (34.6x median), `BUREAU_ACTIVE_RATIO` = -1.11 (17.7x median), `EXT_SOURCE_1` = 0.18 (12.4x median), `BUREAU_DAYS_CREDIT_MEAN` = 1.45 (10.1x median)","Ekstrem secara statistik tapi koheren — kemungkinan tail-end legitimate customer (VHNW, kasus khusus).",Routing: alihkan ke divisi Wealth Management / Priority Banking untuk potensi cross-sell.
25228,cluster_3,Tipe A - Data Error,"`CC_SK_DPD_MEAN` = 7.85 (158.6x median), `PREV_APPROVAL_RATE` = 0.96 (46.5x median), `CREDIT_TERM_MONTHS` = 1.67 (23.1x median), `EXT_SOURCE_3` = 1.12 (9.1x median), `CC_MONTHS_COUNT` = 3.45 (8.9x median)","Deviasi fitur > 50x median klaster — kemungkinan kesalahan input/ETL (overflow, salah unit, atau sentinel value tidak ter-handle).",Data Engineering: tambahkan capping rule (Z-score>3 di tahap ingest) untuk mencegah kontaminasi model.
25285,cluster_1,Tipe A - Data Error,"`EXT_SOURCE_1` = 0.79 (57.8x median), `BUREAU_DEBT_TO_CREDIT_RATIO` = 0.66 (14.0x median), `PREV_REFUSED_COUNT` = 9.02 (12.7x median), `BUREAU_COUNT` = 2.68 (9.3x median), `EXT_SOURCE_3` = -1.71 (9.2x median)","Deviasi fitur > 50x median klaster — kemungkinan kesalahan input/ETL (overflow, salah unit, atau sentinel value tidak ter-handle).",Data Engineering: tambahkan capping rule (Z-score>3 di tahap ingest) untuk mencegah kontaminasi model.
25568,cluster_3,Tipe B - Rare but Valid,"`BUREAU_ACTIVE_RATIO` = 2.03 (35.5x median), `REGION_RATING_CLIENT_W_CITY` = 1.92 (34.6x median), `OWN_CAR_AGE` = 4.01 (9.8x median), `ANNUITY_TO_INCOME` = -0.99 (9.6x median), `AMT_ANNUITY` = -0.75 (9.3x median)","Ekstrem secara statistik tapi koheren — kemungkinan tail-end legitimate customer (VHNW, kasus khusus).",Routing: alihkan ke divisi Wealth Management / Priority Banking untuk potensi cross-sell.
25625,cluster_3,Tipe A - Data Error,"`PREV_APPROVAL_RATE` = -1.68 (83.6x median), `REGION_RATING_CLIENT_W_CITY` = -2.04 (34.6x median), `CREDIT_TERM_MONTHS` = 1.97 (27.0x median), `YEARS_EMPLOYED` = 4.64 (14.7x median), `BUREAU_ACTIVE_RATIO` = 0.46 (8.9x median)","Deviasi fitur > 50x median klaster — kemungkinan kesalahan input/ETL (overflow, salah unit, atau sentinel value tidak ter-handle).",Data Engineering: tambahkan capping rule (Z-score>3 di tahap ingest) untuk mencegah kontaminasi model.
25686,cluster_4,Tipe B - Rare but Valid,"`REGION_RATING_CLIENT_W_CITY` = 1.92 (34.6x median), `POS_MONTHS_COUNT` = 0.93 (23.7x median), `AMT_INCOME_TOTAL` = 2.26 (19.7x median), `YEARS_EMPLOYED` = 3.21 (16.3x median), `BUREAU_COUNT` = 2.46 (14.7x median)","Ekstrem secara statistik tapi koheren — kemungkinan tail-end legitimate customer (VHNW, kasus khusus).",Routing: alihkan ke divisi Wealth Management / Priority Banking untuk potensi cross-sell.
25691,cluster_0,Tipe A - Data Error,"`INST_SEVERE_LATE_RATIO` = 8.33 (50.5x median), `BUREAU_ACTIVE_RATIO` = 2.03 (35.5x median), `REGION_RATING_CLIENT_W_CITY` = -2.04 (34.6x median), `EXT_SOURCE_3` = -2.26 (21.3x median), `INST_LATE_RATIO` = 4.69 (8.5x median)","Deviasi fitur > 50x median klaster — kemungkinan kesalahan input/ETL (overflow, salah unit, atau sentinel value tidak ter-handle).",Data Engineering: tambahkan capping rule (Z-score>3 di tahap ingest) untuk mencegah kontaminasi model.
25868,cluster_4,Tipe B - Rare but Valid,"`CREDIT_TERM_MONTHS` = 1.68 (37.7x median), `POS_MONTHS_COUNT` = 1.17 (30.2x median), `INST_DPD_MAX` = 2.29 (23.0x median), `AMT_REQ_CREDIT_BUREAU_YEAR` = 1.85 (13.9x median), `PREV_COUNT` = 3.37 (9.9x median)","Ekstrem secara statistik tapi koheren — kemungkinan tail-end legitimate customer (VHNW, kasus khusus).",Routing: alihkan ke divisi Wealth Management / Priority Banking untuk potensi cross-sell.
26028,cluster_3,Tipe A - Data Error,"`EXT_SOURCE_1` = 1.95 (144.0x median), `POS_SK_DPD_MEAN` = 13.87 (71.3x median), `BUREAU_ACTIVE_RATIO` = 2.03 (35.5x median), `PREV_APPROVAL_RATE` = -0.69 (34.9x median), `AMT_ANNUITY` = 1.89 (20.2x median)","Deviasi fitur > 50x median klaster — kemungkinan kesalahan input/ETL (overflow, salah unit, atau sentinel value tidak ter-handle).",Data Engineering: tambahkan capping rule (Z-score>3 di tahap ingest) untuk mencegah kontaminasi model.
26043,cluster_3,Tipe A - Data Error,"`EXT_SOURCE_1` = 1.70 (125.1x median), `PREV_APPROVAL_RATE` = 0.96 (46.5x median), `REGION_RATING_CLIENT_W_CITY` = -2.04 (34.6x median), `CREDIT_TERM_MONTHS` = 1.69 (23.4x median), `BUREAU_ACTIVE_RATIO` = -1.11 (17.7x median)","Deviasi fitur > 50x median klaster — kemungkinan kesalahan input/ETL (overflow, salah unit, atau sentinel value tidak ter-handle).",Data Engineering: tambahkan capping rule (Z-score>3 di tahap ingest) untuk mencegah kontaminasi model.
26650,cluster_3,Tipe B - Rare but Valid,"`PREV_APPROVAL_RATE` = -0.69 (34.9x median), `ANNUITY_TO_INCOME` = 1.45 (16.6x median), `EXT_SOURCE_3` = -1.44 (14.0x median), `CNT_CHILDREN` = 4.99 (9.7x median), `YEARS_BIRTH` = 1.05 (7.1x median)","Ekstrem secara statistik tapi koheren — kemungkinan tail-end legitimate customer (VHNW, kasus khusus).",Routing: alihkan ke divisi Wealth Management / Priority Banking untuk potensi cross-sell.
26702,cluster_1,Tipe B - Rare but Valid,"`BUREAU_ACTIVE_RATIO` = 2.03 (35.5x median), `EXT_SOURCE_1` = -0.40 (30.8x median), `BUREAU_DEBT_TO_CREDIT_RATIO` = 1.34 (27.2x median), `AMT_CREDIT` = 0.74 (24.3x median), `AMT_ANNUITY` = 1.61 (23.5x median)","Ekstrem secara statistik tapi koheren — kemungkinan tail-end legitimate customer (VHNW, kasus khusus).",Routing: alihkan ke divisi Wealth Management / Priority Banking untuk potensi cross-sell.
27012,cluster_3,Tipe A - Data Error,"`CC_SK_DPD_MEAN` = 11.44 (230.9x median), `REGION_RATING_CLIENT_W_CITY` = 1.92 (34.6x median), `PREV_APPROVAL_RATE` = 0.49 (23.2x median), `EXT_SOURCE_3` = 1.26 (10.3x median), `BUREAU_ACTIVE_RATIO` = 0.46 (8.9x median)","Deviasi fitur > 50x median klaster — kemungkinan kesalahan input/ETL (overflow, salah unit, atau sentinel value tidak ter-handle).",Data Engineering: tambahkan capping rule (Z-score>3 di tahap ingest) untuk mencegah kontaminasi model.
27075,cluster_1,Tipe B - Rare but Valid,"`AMT_ANNUITY` = -2.54 (39.4x median), `AMT_CREDIT` = -1.01 (30.8x median), `EXT_SOURCE_1` = 0.36 (25.9x median), `CREDIT_TERM_MONTHS` = 2.17 (12.1x median), `BUREAU_DEBT_TO_CREDIT_RATIO` = 0.37 (8.3x median)","Ekstrem secara statistik tapi koheren — kemungkinan tail-end legitimate customer (VHNW, kasus khusus).",Routing: alihkan ke divisi Wealth Management / Priority Banking untuk potensi cross-sell.
27207,cluster_3,Tipe A - Data Error,"`EXT_SOURCE_1` = -3.04 (226.7x median), `PREV_APPROVAL_RATE` = 0.96 (46.5x median), `CREDIT_TERM_MONTHS` = -1.56 (19.6x median), `BUREAU_ACTIVE_RATIO` = -1.11 (17.7x median), `EXT_SOURCE_2` = -2.32 (12.5x median)","Deviasi fitur > 50x median klaster — kemungkinan kesalahan input/ETL (overflow, salah unit, atau sentinel value tidak ter-handle).",Data Engineering: tambahkan capping rule (Z-score>3 di tahap ingest) untuk mencegah kontaminasi model.
27913,cluster_3,Tipe A - Data Error,"`CC_SK_DPD_MEAN` = 5.99 (121.2x median), `EXT_SOURCE_1` = -0.75 (56.6x median), `PREV_APPROVAL_RATE` = 0.96 (46.5x median), `BUREAU_COUNT` = 3.56 (20.8x median), `CREDIT_TERM_MONTHS` = 0.69 (10.1x median)","Deviasi fitur > 50x median klaster — kemungkinan kesalahan input/ETL (overflow, salah unit, atau sentinel value tidak ter-handle).",Data Engineering: tambahkan capping rule (Z-score>3 di tahap ingest) untuk mencegah kontaminasi model.
27942,cluster_2,Tipe B - Rare but Valid,"`YEARS_EMPLOYED` = 4.70 (21.6x median), `YEARS_BIRTH` = 1.23 (14.9x median), `EXT_SOURCE_3` = 1.42 (11.8x median), `BUREAU_DAYS_CREDIT_MEAN` = -1.03 (6.5x median), `BUREAU_COUNT` = 0.48 (3.7x median)","Ekstrem secara statistik tapi koheren — kemungkinan tail-end legitimate customer (VHNW, kasus khusus).",Routing: alihkan ke divisi Wealth Management / Priority Banking untuk potensi cross-sell.
27991,cluster_4,Tipe B - Rare but Valid,"`YEARS_BIRTH` = 1.53 (46.5x median), `CREDIT_TERM_MONTHS` = 1.76 (39.5x median), `REGION_RATING_CLIENT_W_CITY` = -2.04 (34.6x median), `PREV_REFUSED_COUNT` = 7.35 (17.2x median), `PREV_APPROVAL_RATE` = -1.99 (13.5x median)","Ekstrem secara statistik tapi koheren — kemungkinan tail-end legitimate customer (VHNW, kasus khusus).",Routing: alihkan ke divisi Wealth Management / Priority Banking untuk potensi cross-sell.
28231,cluster_0,Tipe B - Rare but Valid,"`REGION_RATING_CLIENT_W_CITY` = 1.92 (34.6x median), `EXT_SOURCE_2` = -1.96 (23.8x median), `BUREAU_ACTIVE_RATIO` = -1.11 (17.7x median), `INST_SEVERE_LATE_RATIO` = 2.73 (17.2x median), `EXT_SOURCE_3` = -1.04 (10.3x median)","Ekstrem secara statistik tapi koheren — kemungkinan tail-end legitimate customer (VHNW, kasus khusus).",Routing: alihkan ke divisi Wealth Management / Priority Banking untuk potensi cross-sell.
28637,cluster_2,Tipe B - Rare but Valid,"`INST_SEVERE_LATE_RATIO` = 4.74 (29.1x median), `YEARS_BIRTH` = -0.96 (13.5x median), `BUREAU_DAYS_CREDIT_MEAN` = 1.45 (11.5x median), `BUREAU_ACTIVE_RATIO` = -1.11 (5.8x median), `INST_LATE_RATIO` = 2.78 (5.4x median)","Ekstrem secara statistik tapi koheren — kemungkinan tail-end legitimate customer (VHNW, kasus khusus).",Routing: alihkan ke divisi Wealth Management / Priority Banking untuk potensi cross-sell.
28658,cluster_4,Tipe A - Data Error,"`EXT_SOURCE_1` = -2.12 (158.5x median), `YEARS_BIRTH` = -1.37 (39.8x median), `CREDIT_TERM_MONTHS` = 1.67 (37.7x median), `BUREAU_DAYS_CREDIT_MEAN` = 1.45 (20.7x median), `BUREAU_ACTIVE_RATIO` = -1.11 (17.7x median)","Deviasi fitur > 50x median klaster — kemungkinan kesalahan input/ETL (overflow, salah unit, atau sentinel value tidak ter-handle).",Data Engineering: tambahkan capping rule (Z-score>3 di tahap ingest) untuk mencegah kontaminasi model.
28736,cluster_1,Tipe B - Rare but Valid,"`INST_LATE_RATIO` = 3.26 (21.1x median), `AMT_ANNUITY` = 1.42 (20.5x median), `BUREAU_DEBT_TO_CREDIT_RATIO` = -0.56 (10.0x median), `BUREAU_ACTIVE_RATIO` = -0.58 (8.9x median), `EXT_SOURCE_2` = -1.60 (7.3x median)","Ekstrem secara statistik tapi koheren — kemungkinan tail-end legitimate customer (VHNW, kasus khusus).",Routing: alihkan ke divisi Wealth Management / Priority Banking untuk potensi cross-sell.
28967,cluster_1,Tipe B - Rare but Valid,"`AMT_CREDIT` = 1.17 (37.9x median), `EXT_SOURCE_1` = 0.22 (15.5x median), `BUREAU_DEBT_TO_CREDIT_RATIO` = 0.72 (15.2x median), `BUREAU_ACTIVE_RATIO` = 0.78 (14.2x median), `INST_LATE_RATIO` = 1.71 (11.6x median)","Ekstrem secara statistik tapi koheren — kemungkinan tail-end legitimate customer (VHNW, kasus khusus).",Routing: alihkan ke divisi Wealth Management / Priority Banking untuk potensi cross-sell.
29806,cluster_0,Tipe A - Data Error,"`BUREAU_BB_SEVERE_DPD_MEAN` = 23.41 (458.2x median), `BUREAU_BB_DPD_RATIO_MEAN` = 10.99 (57.5x median), `BUREAU_ACTIVE_RATIO` = 0.46 (8.9x median), `INST_LATE_RATIO` = 4.29 (7.8x median), `EXT_SOURCE_3` = -0.62 (6.5x median)","Deviasi fitur > 50x median klaster — kemungkinan kesalahan input/ETL (overflow, salah unit, atau sentinel value tidak ter-handle).",Data Engineering: tambahkan capping rule (Z-score>3 di tahap ingest) untuk mencegah kontaminasi model.
29823,cluster_2,Tipe A - Data Error,"`EXT_SOURCE_1` = 1.43 (105.0x median), `BUREAU_COUNT` = 3.34 (19.6x median), `EXT_SOURCE_3` = -2.07 (19.6x median), `OWN_CAR_AGE` = 6.79 (15.9x median), `AMT_INCOME_TOTAL` = 1.84 (15.8x median)","Deviasi fitur > 50x median klaster — kemungkinan kesalahan input/ETL (overflow, salah unit, atau sentinel value tidak ter-handle).",Data Engineering: tambahkan capping rule (Z-score>3 di tahap ingest) untuk mencegah kontaminasi model.
29874,cluster_3,Tipe A - Data Error,"`EXT_SOURCE_1` = 2.05 (151.3x median), `PREV_APPROVAL_RATE` = 0.96 (46.5x median), `REGION_RATING_CLIENT_W_CITY` = 1.92 (34.6x median), `BUREAU_ACTIVE_RATIO` = -1.11 (17.7x median), `ANNUITY_TO_INCOME` = 1.30 (14.9x median)","Deviasi fitur > 50x median klaster — kemungkinan kesalahan input/ETL (overflow, salah unit, atau sentinel value tidak ter-handle).",Data Engineering: tambahkan capping rule (Z-score>3 di tahap ingest) untuk mencegah kontaminasi model.
30471,cluster_0,Tipe A - Data Error,"`BUREAU_BB_SEVERE_DPD_MEAN` = 12.60 (247.0x median), `EXT_SOURCE_1` = -2.19 (163.5x median), `BUREAU_BB_DPD_RATIO_MEAN` = 7.64 (40.3x median), `BUREAU_ACTIVE_RATIO` = -1.11 (17.7x median), `EXT_SOURCE_2` = 1.01 (10.8x median)","Deviasi fitur > 50x median klaster — kemungkinan kesalahan input/ETL (overflow, salah unit, atau sentinel value tidak ter-handle).",Data Engineering: tambahkan capping rule (Z-score>3 di tahap ingest) untuk mencegah kontaminasi model.
30609,cluster_1,Tipe B - Rare but Valid,"`AMT_CREDIT` = -0.84 (25.4x median), `BUREAU_DEBT_TO_CREDIT_RATIO` = 1.01 (20.8x median), `AMT_ANNUITY` = -1.06 (17.1x median), `OWN_CAR_AGE` = 6.68 (15.7x median), `YEARS_EMPLOYED` = 3.97 (13.4x median)","Ekstrem secara statistik tapi koheren — kemungkinan tail-end legitimate customer (VHNW, kasus khusus).",Routing: alihkan ke divisi Wealth Management / Priority Banking untuk potensi cross-sell.
30645,cluster_1,Tipe B - Rare but Valid,"`AMT_CREDIT` = 0.92 (29.9x median), `AMT_ANNUITY` = 1.53 (22.2x median), `BUREAU_ACTIVE_RATIO` = -1.11 (17.7x median), `INST_LATE_RATIO` = 2.62 (17.2x median), `YEARS_EMPLOYED` = 4.31 (14.5x median)","Ekstrem secara statistik tapi koheren — kemungkinan tail-end legitimate customer (VHNW, kasus khusus).",Routing: alihkan ke divisi Wealth Management / Priority Banking untuk potensi cross-sell.
31512,cluster_0,Tipe A - Data Error,"`BUREAU_BB_SEVERE_DPD_MEAN` = 4.74 (93.5x median), `EXT_SOURCE_1` = -0.94 (70.6x median), `BUREAU_BB_DPD_RATIO_MEAN` = 2.09 (11.7x median), `BUREAU_ACTIVE_RATIO` = -0.66 (10.1x median), `EXT_SOURCE_3` = -0.60 (6.4x median)","Deviasi fitur > 50x median klaster — kemungkinan kesalahan input/ETL (overflow, salah unit, atau sentinel value tidak ter-handle).",Data Engineering: tambahkan capping rule (Z-score>3 di tahap ingest) untuk mencegah kontaminasi model.
32058,cluster_4,Tipe A - Data Error,"`EXT_SOURCE_1` = -1.98 (147.7x median), `YEARS_BIRTH` = -1.63 (47.6x median), `BUREAU_ACTIVE_RATIO` = 2.03 (35.5x median), `CREDIT_TERM_MONTHS` = -1.51 (32.1x median), `AMT_REQ_CREDIT_BUREAU_YEAR` = 3.00 (23.2x median)","Deviasi fitur > 50x median klaster — kemungkinan kesalahan input/ETL (overflow, salah unit, atau sentinel value tidak ter-handle).",Data Engineering: tambahkan capping rule (Z-score>3 di tahap ingest) untuk mencegah kontaminasi model.
32234,cluster_4,Tipe B - Rare but Valid,"`INST_SEVERE_LATE_RATIO` = 3.30 (20.6x median), `POS_MONTHS_COUNT` = -0.69 (19.4x median), `CREDIT_TERM_MONTHS` = 0.53 (12.6x median), `AMT_INCOME_TOTAL` = 1.40 (11.9x median), `YEARS_BIRTH` = 0.24 (8.2x median)","Ekstrem secara statistik tapi koheren — kemungkinan tail-end legitimate customer (VHNW, kasus khusus).",Routing: alihkan ke divisi Wealth Management / Priority Banking untuk potensi cross-sell.
32246,cluster_0,Tipe B - Rare but Valid,"`INST_DPD_MAX` = 5.83 (37.3x median), `BUREAU_ACTIVE_RATIO` = -1.11 (17.7x median), `INST_DPD_MEAN` = 1.80 (16.9x median), `INST_SEVERE_LATE_RATIO` = 1.43 (9.5x median), `EXT_SOURCE_2` = 0.74 (7.7x median)","Ekstrem secara statistik tapi koheren — kemungkinan tail-end legitimate customer (VHNW, kasus khusus).",Routing: alihkan ke divisi Wealth Management / Priority Banking untuk potensi cross-sell.
32249,cluster_0,Tipe A - Data Error,"`EXT_SOURCE_1` = -1.06 (79.4x median), `REGION_RATING_CLIENT_W_CITY` = 1.92 (34.6x median), `INST_SEVERE_LATE_RATIO` = 4.08 (25.3x median), `INST_DPD_MEAN` = 1.98 (18.4x median), `INST_DPD_MAX` = 1.83 (12.4x median)","Deviasi fitur > 50x median klaster — kemungkinan kesalahan input/ETL (overflow, salah unit, atau sentinel value tidak ter-handle).",Data Engineering: tambahkan capping rule (Z-score>3 di tahap ingest) untuk mencegah kontaminasi model.
32561,cluster_1,Tipe B - Rare but Valid,"`EXT_SOURCE_1` = 0.65 (46.9x median), `AMT_CREDIT` = 0.59 (19.7x median), `AMT_ANNUITY` = 1.19 (17.0x median), `INST_DPD_MAX` = 1.78 (15.5x median), `BUREAU_DEBT_TO_CREDIT_RATIO` = -0.59 (10.5x median)","Ekstrem secara statistik tapi koheren — kemungkinan tail-end legitimate customer (VHNW, kasus khusus).",Routing: alihkan ke divisi Wealth Management / Priority Banking untuk potensi cross-sell.
32810,cluster_1,Tipe A - Data Error,"`BUREAU_BB_SEVERE_DPD_MEAN` = 7.33 (144.2x median), `AMT_CREDIT` = -1.51 (46.5x median), `BUREAU_BB_DPD_RATIO_MEAN` = 8.31 (43.7x median), `AMT_ANNUITY` = -2.40 (37.3x median), `PREV_REFUSED_COUNT` = 12.92 (18.6x median)","Deviasi fitur > 50x median klaster — kemungkinan kesalahan input/ETL (overflow, salah unit, atau sentinel value tidak ter-handle).",Data Engineering: tambahkan capping rule (Z-score>3 di tahap ingest) untuk mencegah kontaminasi model.
32998,cluster_0,Tipe B - Rare but Valid,"`BUREAU_BB_DPD_RATIO_MEAN` = 7.55 (39.8x median), `INST_SEVERE_LATE_RATIO` = 2.19 (14.0x median), `EXT_SOURCE_2` = -0.92 (11.7x median), `INST_DPD_MEAN` = 0.78 (7.9x median), `INST_LATE_RATIO` = 3.97 (7.3x median)","Ekstrem secara statistik tapi koheren — kemungkinan tail-end legitimate customer (VHNW, kasus khusus).",Routing: alihkan ke divisi Wealth Management / Priority Banking untuk potensi cross-sell.
33028,cluster_1,Tipe A - Data Error,"`EXT_SOURCE_1` = -2.12 (158.5x median), `AMT_CREDIT` = 1.39 (44.6x median), `REGION_RATING_CLIENT_W_CITY` = -2.04 (34.6x median), `BUREAU_ACTIVE_RATIO` = -1.11 (17.7x median), `AMT_ANNUITY` = 1.15 (16.4x median)","Deviasi fitur > 50x median klaster — kemungkinan kesalahan input/ETL (overflow, salah unit, atau sentinel value tidak ter-handle).",Data Engineering: tambahkan capping rule (Z-score>3 di tahap ingest) untuk mencegah kontaminasi model.
33776,cluster_4,Tipe A - Data Error,"`EXT_SOURCE_1` = -1.55 (115.8x median), `CC_SK_DPD_MEAN` = 4.25 (86.4x median), `INST_DPD_MAX` = 7.12 (69.4x median), `POS_MONTHS_COUNT` = 1.29 (33.5x median), `YEARS_BIRTH` = -1.06 (30.5x median)","Deviasi fitur > 50x median klaster — kemungkinan kesalahan input/ETL (overflow, salah unit, atau sentinel value tidak ter-handle).",Data Engineering: tambahkan capping rule (Z-score>3 di tahap ingest) untuk mencegah kontaminasi model.
34246,cluster_3,Tipe A - Data Error,"`BUREAU_BB_SEVERE_DPD_MEAN` = 8.97 (176.2x median), `POS_SK_DPD_MEAN` = 22.71 (117.4x median), `PREV_APPROVAL_RATE` = -2.34 (116.2x median), `BUREAU_BB_DPD_RATIO_MEAN` = 8.78 (46.2x median), `ANNUITY_TO_INCOME` = 1.64 (18.6x median)","Deviasi fitur > 50x median klaster — kemungkinan kesalahan input/ETL (overflow, salah unit, atau sentinel value tidak ter-handle).",Data Engineering: tambahkan capping rule (Z-score>3 di tahap ingest) untuk mencegah kontaminasi model.
34306,cluster_0,Tipe A - Data Error,"`EXT_SOURCE_1` = 1.54 (113.2x median), `EXT_SOURCE_2` = 1.04 (11.1x median), `CC_MONTHS_COUNT` = 3.45 (8.9x median), `INST_LATE_RATIO` = 2.62 (5.2x median), `BUREAU_ACTIVE_RATIO` = -0.32 (4.4x median)","Deviasi fitur > 50x median klaster — kemungkinan kesalahan input/ETL (overflow, salah unit, atau sentinel value tidak ter-handle).",Data Engineering: tambahkan capping rule (Z-score>3 di tahap ingest) untuk mencegah kontaminasi model.
34615,cluster_1,Tipe A - Data Error,"`BUREAU_BB_SEVERE_DPD_MEAN` = 3.35 (66.4x median), `EXT_SOURCE_3` = -2.94 (16.6x median), `AMT_CREDIT` = -0.55 (16.4x median), `BUREAU_BB_DPD_RATIO_MEAN` = 2.49 (13.8x median), `BUREAU_ACTIVE_RATIO` = 0.61 (11.3x median)","Deviasi fitur > 50x median klaster — kemungkinan kesalahan input/ETL (overflow, salah unit, atau sentinel value tidak ter-handle).",Data Engineering: tambahkan capping rule (Z-score>3 di tahap ingest) untuk mencegah kontaminasi model.
34633,cluster_4,Tipe A - Data Error,"`POS_MONTHS_COUNT` = 2.98 (78.8x median), `EXT_SOURCE_1` = 0.97 (70.7x median), `CREDIT_TERM_MONTHS` = 1.68 (37.8x median), `BUREAU_ACTIVE_RATIO` = 2.03 (35.5x median), `REGION_RATING_CLIENT_W_CITY` = -2.04 (34.6x median)","Deviasi fitur > 50x median klaster — kemungkinan kesalahan input/ETL (overflow, salah unit, atau sentinel value tidak ter-handle).",Data Engineering: tambahkan capping rule (Z-score>3 di tahap ingest) untuk mencegah kontaminasi model.
34878,cluster_4,Tipe A - Data Error,"`POS_MONTHS_COUNT` = 2.42 (63.7x median), `INST_DPD_MAX` = 3.55 (35.2x median), `BUREAU_BB_SEVERE_DPD_MEAN` = 1.19 (24.2x median), `BUREAU_BB_DPD_RATIO_MEAN` = 3.11 (17.0x median), `AMT_INCOME_TOTAL` = 1.56 (13.3x median)","Deviasi fitur > 50x median klaster — kemungkinan kesalahan input/ETL (overflow, salah unit, atau sentinel value tidak ter-handle).",Data Engineering: tambahkan capping rule (Z-score>3 di tahap ingest) untuk mencegah kontaminasi model.
35065,cluster_0,Tipe B - Rare but Valid,"`REGION_RATING_CLIENT_W_CITY` = 1.92 (34.6x median), `INST_SEVERE_LATE_RATIO` = 4.74 (29.1x median), `BUREAU_ACTIVE_RATIO` = 1.25 (22.2x median), `INST_DPD_MEAN` = 1.10 (10.7x median), `EXT_SOURCE_2` = -0.74 (9.6x median)","Ekstrem secara statistik tapi koheren — kemungkinan tail-end legitimate customer (VHNW, kasus khusus).",Routing: alihkan ke divisi Wealth Management / Priority Banking untuk potensi cross-sell.
35651,cluster_4,Tipe A - Data Error,"`EXT_SOURCE_1` = -1.03 (77.7x median), `REGION_RATING_CLIENT_W_CITY` = -2.04 (34.6x median), `YEARS_BIRTH` = -0.88 (25.1x median), `BUREAU_DAYS_CREDIT_MEAN` = 1.45 (20.7x median), `BUREAU_ACTIVE_RATIO` = -1.11 (17.7x median)","Deviasi fitur > 50x median klaster — kemungkinan kesalahan input/ETL (overflow, salah unit, atau sentinel value tidak ter-handle).",Data Engineering: tambahkan capping rule (Z-score>3 di tahap ingest) untuk mencegah kontaminasi model.
35862,cluster_4,Tipe A - Data Error,"`POS_MONTHS_COUNT` = 3.27 (86.4x median), `EXT_SOURCE_1` = 0.80 (58.5x median), `BUREAU_DEBT_TO_CREDIT_RATIO` = 1.07 (12.5x median), `BUREAU_ACTIVE_RATIO` = 0.64 (11.8x median), `EXT_SOURCE_3` = -1.15 (11.3x median)","Deviasi fitur > 50x median klaster — kemungkinan kesalahan input/ETL (overflow, salah unit, atau sentinel value tidak ter-handle).",Data Engineering: tambahkan capping rule (Z-score>3 di tahap ingest) untuk mencegah kontaminasi model.
35877,cluster_0,Tipe B - Rare but Valid,"`INST_DPD_MEAN` = 2.60 (23.9x median), `INST_SEVERE_LATE_RATIO` = 3.58 (22.3x median), `INST_DPD_MAX` = 3.33 (21.7x median), `POS_SK_DPD_MEAN` = 1.34 (20.1x median), `BUREAU_ACTIVE_RATIO` = -1.11 (17.7x median)","Ekstrem secara statistik tapi koheren — kemungkinan tail-end legitimate customer (VHNW, kasus khusus).",Routing: alihkan ke divisi Wealth Management / Priority Banking untuk potensi cross-sell.
35908,cluster_4,Tipe A - Data Error,"`EXT_SOURCE_1` = 1.00 (73.5x median), `YEARS_BIRTH` = 1.24 (38.0x median), `POS_MONTHS_COUNT` = -0.77 (21.6x median), `BUREAU_DAYS_CREDIT_MEAN` = 1.45 (20.7x median), `BUREAU_ACTIVE_RATIO` = -1.11 (17.7x median)","Deviasi fitur > 50x median klaster — kemungkinan kesalahan input/ETL (overflow, salah unit, atau sentinel value tidak ter-handle).",Data Engineering: tambahkan capping rule (Z-score>3 di tahap ingest) untuk mencegah kontaminasi model.
36657,cluster_4,Tipe A - Data Error,"`EXT_SOURCE_1` = 2.01 (148.3x median), `BUREAU_DAYS_CREDIT_MEAN` = -1.64 (21.2x median), `POS_MONTHS_COUNT` = -0.73 (20.5x median), `BUREAU_COUNT` = 3.34 (19.6x median), `CREDIT_TERM_MONTHS` = 0.53 (12.6x median)","Deviasi fitur > 50x median klaster — kemungkinan kesalahan input/ETL (overflow, salah unit, atau sentinel value tidak ter-handle).",Data Engineering: tambahkan capping rule (Z-score>3 di tahap ingest) untuk mencegah kontaminasi model.
37284,cluster_4,Tipe B - Rare but Valid,"`REGION_RATING_CLIENT_W_CITY` = 1.92 (34.6x median), `YEARS_BIRTH` = -0.54 (15.0x median), `EXT_SOURCE_3` = -1.55 (14.9x median), `AMT_INCOME_TOTAL` = -1.06 (10.7x median), `BUREAU_DAYS_CREDIT_MEAN` = -0.86 (10.6x median)","Ekstrem secara statistik tapi koheren — kemungkinan tail-end legitimate customer (VHNW, kasus khusus).",Routing: alihkan ke divisi Wealth Management / Priority Banking untuk potensi cross-sell.
37528,cluster_4,Tipe A - Data Error,"`POS_MONTHS_COUNT` = 3.14 (83.1x median), `EXT_SOURCE_1` = 0.54 (39.1x median), `CREDIT_TERM_MONTHS` = 1.66 (37.4x median), `AMT_REQ_CREDIT_BUREAU_YEAR` = 1.85 (13.9x median), `EXT_SOURCE_3` = -1.17 (11.5x median)","Deviasi fitur > 50x median klaster — kemungkinan kesalahan input/ETL (overflow, salah unit, atau sentinel value tidak ter-handle).",Data Engineering: tambahkan capping rule (Z-score>3 di tahap ingest) untuk mencegah kontaminasi model.
37906,cluster_3,Tipe A - Data Error,"`CC_SK_DPD_MEAN` = 14.11 (284.3x median), `EXT_SOURCE_1` = 1.25 (91.7x median), `CREDIT_TERM_MONTHS` = 1.67 (23.0x median), `BUREAU_ACTIVE_RATIO` = 0.69 (12.7x median), `CREDIT_TO_INCOME` = 1.32 (9.4x median)","Deviasi fitur > 50x median klaster — kemungkinan kesalahan input/ETL (overflow, salah unit, atau sentinel value tidak ter-handle).",Data Engineering: tambahkan capping rule (Z-score>3 di tahap ingest) untuk mencegah kontaminasi model.
38098,cluster_0,Tipe A - Data Error,"`EXT_SOURCE_1` = 1.91 (140.7x median), `REGION_RATING_CLIENT_W_CITY` = 1.92 (34.6x median), `EXT_SOURCE_3` = -1.56 (15.0x median), `INST_SEVERE_LATE_RATIO` = 1.31 (8.8x median), `EXT_SOURCE_2` = -0.66 (8.7x median)","Deviasi fitur > 50x median klaster — kemungkinan kesalahan input/ETL (overflow, salah unit, atau sentinel value tidak ter-handle).",Data Engineering: tambahkan capping rule (Z-score>3 di tahap ingest) untuk mencegah kontaminasi model.
38385,cluster_3,Tipe B - Rare but Valid,"`BUREAU_ACTIVE_RATIO` = -1.11 (17.7x median), `AMT_ANNUITY` = 1.41 (14.7x median), `EXT_SOURCE_3` = 1.60 (13.3x median), `YEARS_EMPLOYED` = 4.00 (12.9x median), `POS_SK_DPD_MEAN` = 2.52 (12.1x median)","Ekstrem secara statistik tapi koheren — kemungkinan tail-end legitimate customer (VHNW, kasus khusus).",Routing: alihkan ke divisi Wealth Management / Priority Banking untuk potensi cross-sell.
38388,cluster_1,Tipe B - Rare but Valid,"`INST_DPD_MAX` = 4.97 (41.4x median), `BUREAU_ACTIVE_RATIO` = -1.11 (17.7x median), `AMT_CREDIT` = -0.42 (12.3x median), `EXT_SOURCE_2` = -2.67 (11.6x median), `BUREAU_DEBT_TO_CREDIT_RATIO` = -0.59 (10.5x median)","Ekstrem secara statistik tapi koheren — kemungkinan tail-end legitimate customer (VHNW, kasus khusus).",Routing: alihkan ke divisi Wealth Management / Priority Banking untuk potensi cross-sell.
38621,cluster_2,Tipe A - Data Error,"`EXT_SOURCE_1` = 1.56 (115.0x median), `BUREAU_BB_DPD_RATIO_MEAN` = 7.18 (37.9x median), `REGION_RATING_CLIENT_W_CITY` = -2.04 (34.6x median), `EXT_SOURCE_3` = -0.75 (7.8x median), `CNT_CHILDREN` = 3.60 (7.2x median)","Deviasi fitur > 50x median klaster — kemungkinan kesalahan input/ETL (overflow, salah unit, atau sentinel value tidak ter-handle).",Data Engineering: tambahkan capping rule (Z-score>3 di tahap ingest) untuk mencegah kontaminasi model.
38750,cluster_0,Tipe B - Rare but Valid,"`INST_SEVERE_LATE_RATIO` = 4.39 (27.1x median), `EXT_SOURCE_3` = -2.32 (21.8x median), `BUREAU_ACTIVE_RATIO` = 0.46 (8.9x median), `EXT_SOURCE_2` = 0.68 (6.9x median), `AMT_INCOME_TOTAL` = 1.24 (6.8x median)","Ekstrem secara statistik tapi koheren — kemungkinan tail-end legitimate customer (VHNW, kasus khusus).",Routing: alihkan ke divisi Wealth Management / Priority Banking untuk potensi cross-sell.
38873,cluster_4,Tipe A - Data Error,"`EXT_SOURCE_1` = -0.80 (60.7x median), `POS_MONTHS_COUNT` = 1.33 (34.5x median), `YEARS_EMPLOYED` = 2.40 (12.5x median), `YEARS_BIRTH` = -0.32 (8.4x median), `CREDIT_TERM_MONTHS` = 0.32 (8.0x median)","Deviasi fitur > 50x median klaster — kemungkinan kesalahan input/ETL (overflow, salah unit, atau sentinel value tidak ter-handle).",Data Engineering: tambahkan capping rule (Z-score>3 di tahap ingest) untuk mencegah kontaminasi model.
39028,cluster_0,Tipe A - Data Error,"`EXT_SOURCE_1` = -0.84 (63.4x median), `REGION_RATING_CLIENT_W_CITY` = 1.92 (34.6x median), `BUREAU_ACTIVE_RATIO` = -0.71 (11.1x median), `EXT_SOURCE_2` = 0.89 (9.4x median), `AMT_INCOME_TOTAL` = 1.56 (8.3x median)","Deviasi fitur > 50x median klaster — kemungkinan kesalahan input/ETL (overflow, salah unit, atau sentinel value tidak ter-handle).",Data Engineering: tambahkan capping rule (Z-score>3 di tahap ingest) untuk mencegah kontaminasi model.
39040,cluster_3,Tipe A - Data Error,"`CC_SK_DPD_MEAN` = 17.50 (352.5x median), `PREV_APPROVAL_RATE` = -1.24 (62.0x median), `BUREAU_ACTIVE_RATIO` = 2.03 (35.5x median), `YEARS_BIRTH` = 1.48 (10.4x median), `ANNUITY_TO_INCOME` = 0.79 (9.5x median)","Deviasi fitur > 50x median klaster — kemungkinan kesalahan input/ETL (overflow, salah unit, atau sentinel value tidak ter-handle).",Data Engineering: tambahkan capping rule (Z-score>3 di tahap ingest) untuk mencegah kontaminasi model.
39180,cluster_3,Tipe A - Data Error,"`EXT_SOURCE_1` = -2.40 (179.3x median), `PREV_APPROVAL_RATE` = 0.96 (46.5x median), `BUREAU_ACTIVE_RATIO` = -1.11 (17.7x median), `CREDIT_TERM_MONTHS` = -0.93 (11.3x median), `YEARS_BIRTH` = -1.22 (10.3x median)","Deviasi fitur > 50x median klaster — kemungkinan kesalahan input/ETL (overflow, salah unit, atau sentinel value tidak ter-handle).",Data Engineering: tambahkan capping rule (Z-score>3 di tahap ingest) untuk mencegah kontaminasi model.
39390,cluster_2,Tipe B - Rare but Valid,"`BUREAU_BB_SEVERE_DPD_MEAN` = 1.40 (28.3x median), `AMT_INCOME_TOTAL` = -2.51 (24.0x median), `EXT_SOURCE_3` = -1.67 (16.0x median), `YEARS_EMPLOYED` = 3.09 (14.6x median), `INST_SEVERE_LATE_RATIO` = 2.19 (14.0x median)","Ekstrem secara statistik tapi koheren — kemungkinan tail-end legitimate customer (VHNW, kasus khusus).",Routing: alihkan ke divisi Wealth Management / Priority Banking untuk potensi cross-sell.
39490,cluster_4,Tipe A - Data Error,"`POS_MONTHS_COUNT` = 6.86 (182.4x median), `EXT_SOURCE_1` = 1.48 (108.8x median), `YEARS_BIRTH` = 1.57 (47.8x median), `BUREAU_BB_DPD_RATIO_MEAN` = 3.49 (18.9x median), `CREDIT_TERM_MONTHS` = 0.67 (15.7x median)","Deviasi fitur > 50x median klaster — kemungkinan kesalahan input/ETL (overflow, salah unit, atau sentinel value tidak ter-handle).",Data Engineering: tambahkan capping rule (Z-score>3 di tahap ingest) untuk mencegah kontaminasi model.
39696,cluster_0,Tipe B - Rare but Valid,"`EXT_SOURCE_1` = -0.49 (37.5x median), `OWN_CAR_AGE` = 6.79 (15.9x median), `INST_SEVERE_LATE_RATIO` = 2.19 (14.0x median), `INST_DPD_MAX` = 1.50 (10.3x median), `INST_DPD_MEAN` = 1.04 (10.2x median)","Ekstrem secara statistik tapi koheren — kemungkinan tail-end legitimate customer (VHNW, kasus khusus).",Routing: alihkan ke divisi Wealth Management / Priority Banking untuk potensi cross-sell.
39810,cluster_3,Tipe A - Data Error,"`PREV_APPROVAL_RATE` = -1.51 (75.5x median), `REGION_RATING_CLIENT_W_CITY` = 1.92 (34.6x median), `EXT_SOURCE_1` = 0.45 (32.8x median), `CREDIT_TERM_MONTHS` = 0.94 (13.4x median), `BUREAU_ACTIVE_RATIO` = 0.69 (12.7x median)","Deviasi fitur > 50x median klaster — kemungkinan kesalahan input/ETL (overflow, salah unit, atau sentinel value tidak ter-handle).",Data Engineering: tambahkan capping rule (Z-score>3 di tahap ingest) untuk mencegah kontaminasi model.
40086,cluster_3,Tipe B - Rare but Valid,"`PREV_APPROVAL_RATE` = 0.96 (46.5x median), `AMT_ANNUITY` = -1.86 (21.8x median), `BUREAU_ACTIVE_RATIO` = 0.99 (17.7x median), `ANNUITY_TO_INCOME` = -1.06 (10.4x median), `CREDIT_TERM_MONTHS` = 0.66 (9.7x median)","Ekstrem secara statistik tapi koheren — kemungkinan tail-end legitimate customer (VHNW, kasus khusus).",Routing: alihkan ke divisi Wealth Management / Priority Banking untuk potensi cross-sell.
40329,cluster_4,Tipe B - Rare but Valid,"`REGION_RATING_CLIENT_W_CITY` = 1.92 (34.6x median), `YEARS_EMPLOYED` = 3.10 (15.8x median), `POS_MONTHS_COUNT` = 0.48 (11.9x median), `EXT_SOURCE_3` = 1.41 (11.7x median), `PREV_APPROVAL_RATE` = 0.96 (8.0x median)","Ekstrem secara statistik tapi koheren — kemungkinan tail-end legitimate customer (VHNW, kasus khusus).",Routing: alihkan ke divisi Wealth Management / Priority Banking untuk potensi cross-sell.
40432,cluster_3,Tipe B - Rare but Valid,"`PREV_APPROVAL_RATE` = -0.50 (25.8x median), `EXT_SOURCE_3` = 1.34 (11.0x median), `CREDIT_TERM_MONTHS` = -0.79 (9.4x median), `BUREAU_ACTIVE_RATIO` = 0.46 (8.9x median), `POS_SK_DPD_MEAN` = 1.68 (7.7x median)","Ekstrem secara statistik tapi koheren — kemungkinan tail-end legitimate customer (VHNW, kasus khusus).",Routing: alihkan ke divisi Wealth Management / Priority Banking untuk potensi cross-sell.
40598,cluster_4,Tipe B - Rare but Valid,"`BUREAU_ACTIVE_RATIO` = 2.03 (35.5x median), `REGION_RATING_CLIENT_W_CITY` = 1.92 (34.6x median), `CREDIT_TERM_MONTHS` = 1.27 (28.7x median), `AMT_REQ_CREDIT_BUREAU_YEAR` = 3.58 (27.8x median), `YEARS_BIRTH` = -0.83 (23.7x median)","Ekstrem secara statistik tapi koheren — kemungkinan tail-end legitimate customer (VHNW, kasus khusus).",Routing: alihkan ke divisi Wealth Management / Priority Banking untuk potensi cross-sell.
40897,cluster_4,Tipe B - Rare but Valid,"`REGION_RATING_CLIENT_W_CITY` = 1.92 (34.6x median), `CREDIT_TERM_MONTHS` = -1.09 (22.8x median), `AMT_INCOME_TOTAL` = 1.84 (15.8x median), `YEARS_BIRTH` = 0.48 (15.4x median), `AMT_REQ_CREDIT_BUREAU_YEAR` = 1.85 (13.9x median)","Ekstrem secara statistik tapi koheren — kemungkinan tail-end legitimate customer (VHNW, kasus khusus).",Routing: alihkan ke divisi Wealth Management / Priority Banking untuk potensi cross-sell.
41035,cluster_1,Tipe B - Rare but Valid,"`BUREAU_COUNT` = 5.76 (21.2x median), `AMT_ANNUITY` = 0.94 (13.3x median), `PREV_REFUSED_COUNT` = 7.90 (11.0x median), `CC_MONTHS_COUNT` = 3.13 (8.2x median), `AMT_CREDIT` = 0.23 (8.1x median)","Ekstrem secara statistik tapi koheren — kemungkinan tail-end legitimate customer (VHNW, kasus khusus).",Routing: alihkan ke divisi Wealth Management / Priority Banking untuk potensi cross-sell.
41395,cluster_4,Tipe B - Rare but Valid,"`CREDIT_TERM_MONTHS` = 1.96 (43.9x median), `REGION_RATING_CLIENT_W_CITY` = 1.92 (34.6x median), `BUREAU_DAYS_CREDIT_MEAN` = 1.45 (20.7x median), `BUREAU_ACTIVE_RATIO` = -1.11 (17.7x median), `POS_MONTHS_COUNT` = -0.61 (17.3x median)","Ekstrem secara statistik tapi koheren — kemungkinan tail-end legitimate customer (VHNW, kasus khusus).",Routing: alihkan ke divisi Wealth Management / Priority Banking untuk potensi cross-sell.
41526,cluster_2,Tipe A - Data Error,"`EXT_SOURCE_1` = -1.37 (102.8x median), `REGION_RATING_CLIENT_W_CITY` = -2.04 (34.6x median), `AMT_INCOME_TOTAL` = 2.31 (20.1x median), `BUREAU_ACTIVE_RATIO` = 2.03 (13.4x median), `YEARS_BIRTH` = -0.78 (11.1x median)","Deviasi fitur > 50x median klaster — kemungkinan kesalahan input/ETL (overflow, salah unit, atau sentinel value tidak ter-handle).",Data Engineering: tambahkan capping rule (Z-score>3 di tahap ingest) untuk mencegah kontaminasi model.
41650,cluster_0,Tipe A - Data Error,"`EXT_SOURCE_1` = 0.91 (66.5x median), `REGION_RATING_CLIENT_W_CITY` = 1.92 (34.6x median), `EXT_SOURCE_2` = -2.29 (27.7x median), `BUREAU_ACTIVE_RATIO` = -1.11 (17.7x median), `BUREAU_DAYS_CREDIT_MEAN` = -2.81 (11.6x median)","Deviasi fitur > 50x median klaster — kemungkinan kesalahan input/ETL (overflow, salah unit, atau sentinel value tidak ter-handle).",Data Engineering: tambahkan capping rule (Z-score>3 di tahap ingest) untuk mencegah kontaminasi model.
41774,cluster_4,Tipe A - Data Error,"`POS_MONTHS_COUNT` = 2.58 (68.0x median), `CREDIT_TERM_MONTHS` = 1.96 (43.9x median), `YEARS_BIRTH` = 1.16 (35.7x median), `CREDIT_TO_INCOME` = 5.27 (23.7x median), `ANNUITY_TO_INCOME` = 3.25 (13.1x median)","Deviasi fitur > 50x median klaster — kemungkinan kesalahan input/ETL (overflow, salah unit, atau sentinel value tidak ter-handle).",Data Engineering: tambahkan capping rule (Z-score>3 di tahap ingest) untuk mencegah kontaminasi model.
42085,cluster_1,Tipe B - Rare but Valid,"`REGION_RATING_CLIENT_W_CITY` = 1.92 (34.6x median), `YEARS_EMPLOYED` = 5.35 (17.7x median), `BUREAU_COUNT` = 3.12 (11.0x median), `AMT_ANNUITY` = -0.30 (5.5x median), `AMT_CREDIT` = -0.19 (5.1x median)","Ekstrem secara statistik tapi koheren — kemungkinan tail-end legitimate customer (VHNW, kasus khusus).",Routing: alihkan ke divisi Wealth Management / Priority Banking untuk potensi cross-sell.
42203,cluster_1,Tipe B - Rare but Valid,"`BUREAU_ACTIVE_RATIO` = 2.03 (35.5x median), `AMT_CREDIT` = -0.76 (22.8x median), `BUREAU_DEBT_TO_CREDIT_RATIO` = 1.07 (22.0x median), `AMT_ANNUITY` = -1.04 (16.7x median), `OWN_CAR_AGE` = 6.68 (15.7x median)","Ekstrem secara statistik tapi koheren — kemungkinan tail-end legitimate customer (VHNW, kasus khusus).",Routing: alihkan ke divisi Wealth Management / Priority Banking untuk potensi cross-sell.
42557,cluster_1,Tipe A - Data Error,"`EXT_SOURCE_1` = 1.96 (144.4x median), `AMT_CREDIT` = 1.35 (43.4x median), `REGION_RATING_CLIENT_W_CITY` = 1.92 (34.6x median), `BUREAU_DEBT_TO_CREDIT_RATIO` = 1.36 (27.5x median), `AMT_ANNUITY` = 1.42 (20.6x median)","Deviasi fitur > 50x median klaster — kemungkinan kesalahan input/ETL (overflow, salah unit, atau sentinel value tidak ter-handle).",Data Engineering: tambahkan capping rule (Z-score>3 di tahap ingest) untuk mencegah kontaminasi model.
42623,cluster_4,Tipe A - Data Error,"`POS_MONTHS_COUNT` = 2.86 (75.6x median), `YEARS_BIRTH` = 1.33 (40.7x median), `CREDIT_TERM_MONTHS` = 1.68 (37.7x median), `REGION_RATING_CLIENT_W_CITY` = 1.92 (34.6x median), `BUREAU_COUNT` = 5.98 (34.2x median)","Deviasi fitur > 50x median klaster — kemungkinan kesalahan input/ETL (overflow, salah unit, atau sentinel value tidak ter-handle).",Data Engineering: tambahkan capping rule (Z-score>3 di tahap ingest) untuk mencegah kontaminasi model.
42950,cluster_3,Tipe A - Data Error,"`CC_SK_DPD_MEAN` = 25.28 (508.7x median), `PREV_APPROVAL_RATE` = -0.69 (34.9x median), `EXT_SOURCE_1` = -0.22 (17.4x median), `EXT_SOURCE_3` = -1.74 (16.6x median), `AMT_ANNUITY` = -0.72 (9.0x median)","Deviasi fitur > 50x median klaster — kemungkinan kesalahan input/ETL (overflow, salah unit, atau sentinel value tidak ter-handle).",Data Engineering: tambahkan capping rule (Z-score>3 di tahap ingest) untuk mencegah kontaminasi model.
43025,cluster_4,Tipe A - Data Error,"`POS_MONTHS_COUNT` = 2.42 (63.7x median), `CREDIT_TO_INCOME` = 5.05 (22.7x median), `ANNUITY_TO_INCOME` = 5.79 (22.6x median), `AMT_REQ_CREDIT_BUREAU_YEAR` = 1.85 (13.9x median), `AMT_INCOME_TOTAL` = -1.40 (13.8x median)","Deviasi fitur > 50x median klaster — kemungkinan kesalahan input/ETL (overflow, salah unit, atau sentinel value tidak ter-handle).",Data Engineering: tambahkan capping rule (Z-score>3 di tahap ingest) untuk mencegah kontaminasi model.
43112,cluster_3,Tipe A - Data Error,"`PREV_APPROVAL_RATE` = -1.51 (75.5x median), `BUREAU_COUNT` = 3.34 (19.6x median), `EXT_SOURCE_3` = 1.69 (14.2x median), `BUREAU_DAYS_CREDIT_MEAN` = -1.13 (6.1x median), `YEARS_BIRTH` = -0.65 (6.0x median)","Deviasi fitur > 50x median klaster — kemungkinan kesalahan input/ETL (overflow, salah unit, atau sentinel value tidak ter-handle).",Data Engineering: tambahkan capping rule (Z-score>3 di tahap ingest) untuk mencegah kontaminasi model.
43707,cluster_0,Tipe B - Rare but Valid,"`EXT_SOURCE_3` = -2.26 (21.3x median), `BUREAU_ACTIVE_RATIO` = -0.82 (12.9x median), `EXT_SOURCE_2` = 1.02 (10.8x median), `INST_LATE_RATIO` = 3.80 (7.1x median), `BUREAU_DAYS_CREDIT_MEAN` = -1.37 (6.2x median)","Ekstrem secara statistik tapi koheren — kemungkinan tail-end legitimate customer (VHNW, kasus khusus).",Routing: alihkan ke divisi Wealth Management / Priority Banking untuk potensi cross-sell.
43949,cluster_4,Tipe A - Data Error,"`EXT_SOURCE_1` = 1.75 (129.2x median), `YEARS_BIRTH` = 0.88 (27.2x median), `EXT_SOURCE_3` = -2.02 (19.2x median), `YEARS_EMPLOYED` = 3.65 (18.4x median), `AMT_REQ_CREDIT_BUREAU_YEAR` = 1.85 (13.9x median)","Deviasi fitur > 50x median klaster — kemungkinan kesalahan input/ETL (overflow, salah unit, atau sentinel value tidak ter-handle).",Data Engineering: tambahkan capping rule (Z-score>3 di tahap ingest) untuk mencegah kontaminasi model.
44083,cluster_0,Tipe B - Rare but Valid,"`REGION_RATING_CLIENT_W_CITY` = 1.92 (34.6x median), `INST_DPD_MAX` = 5.01 (32.2x median), `INST_DPD_MEAN` = 2.19 (20.3x median), `BUREAU_ACTIVE_RATIO` = 0.99 (17.7x median), `EXT_SOURCE_1` = -0.21 (16.4x median)","Ekstrem secara statistik tapi koheren — kemungkinan tail-end legitimate customer (VHNW, kasus khusus).",Routing: alihkan ke divisi Wealth Management / Priority Banking untuk potensi cross-sell.
44196,cluster_4,Tipe B - Rare but Valid,"`BUREAU_ACTIVE_RATIO` = 2.03 (35.5x median), `AMT_REQ_CREDIT_BUREAU_YEAR` = 3.00 (23.2x median), `BUREAU_DEBT_TO_CREDIT_RATIO` = 1.80 (20.5x median), `POS_MONTHS_COUNT` = 0.76 (19.4x median), `BUREAU_DAYS_CREDIT_MEAN` = -0.93 (11.6x median)","Ekstrem secara statistik tapi koheren — kemungkinan tail-end legitimate customer (VHNW, kasus khusus).",Routing: alihkan ke divisi Wealth Management / Priority Banking untuk potensi cross-sell.
44264,cluster_3,Tipe A - Data Error,"`CC_SK_DPD_MEAN` = 57.79 (1161.7x median), `EXT_SOURCE_1` = 1.82 (134.4x median), `PREV_APPROVAL_RATE` = -2.34 (116.2x median), `INST_DPD_MEAN` = 66.10 (22.9x median), `EXT_SOURCE_3` = 1.45 (12.0x median)","Deviasi fitur > 50x median klaster — kemungkinan kesalahan input/ETL (overflow, salah unit, atau sentinel value tidak ter-handle).",Data Engineering: tambahkan capping rule (Z-score>3 di tahap ingest) untuk mencegah kontaminasi model.
44839,cluster_3,Tipe B - Rare but Valid,"`CREDIT_TERM_MONTHS` = 1.97 (27.0x median), `POS_SK_DPD_MEAN` = 4.82 (24.1x median), `BUREAU_COUNT` = 2.90 (17.1x median), `EXT_SOURCE_3` = -1.70 (16.3x median), `CREDIT_TO_INCOME` = 1.86 (12.8x median)","Ekstrem secara statistik tapi koheren — kemungkinan tail-end legitimate customer (VHNW, kasus khusus).",Routing: alihkan ke divisi Wealth Management / Priority Banking untuk potensi cross-sell.
45294,cluster_4,Tipe A - Data Error,"`EXT_SOURCE_1` = 1.66 (122.3x median), `POS_MONTHS_COUNT` = 3.95 (104.7x median), `YEARS_BIRTH` = -0.56 (15.7x median), `EXT_SOURCE_3` = -1.51 (14.5x median), `BUREAU_COUNT` = 2.24 (13.4x median)","Deviasi fitur > 50x median klaster — kemungkinan kesalahan input/ETL (overflow, salah unit, atau sentinel value tidak ter-handle).",Data Engineering: tambahkan capping rule (Z-score>3 di tahap ingest) untuk mencegah kontaminasi model.
45892,cluster_0,Tipe B - Rare but Valid,"`BUREAU_BB_SEVERE_DPD_MEAN` = 1.59 (32.1x median), `BUREAU_BB_DPD_RATIO_MEAN` = 5.83 (31.0x median), `INST_SEVERE_LATE_RATIO` = 2.80 (17.6x median), `INST_DPD_MEAN` = 1.83 (17.1x median), `EXT_SOURCE_2` = 1.42 (15.6x median)","Ekstrem secara statistik tapi koheren — kemungkinan tail-end legitimate customer (VHNW, kasus khusus).",Routing: alihkan ke divisi Wealth Management / Priority Banking untuk potensi cross-sell.
45939,cluster_4,Tipe A - Data Error,"`EXT_SOURCE_1` = -1.72 (128.5x median), `CREDIT_TERM_MONTHS` = -1.56 (33.3x median), `YEARS_BIRTH` = -1.08 (31.1x median), `AMT_REQ_CREDIT_BUREAU_YEAR` = 3.58 (27.8x median), `BUREAU_DAYS_CREDIT_MEAN` = -1.84 (23.9x median)","Deviasi fitur > 50x median klaster — kemungkinan kesalahan input/ETL (overflow, salah unit, atau sentinel value tidak ter-handle).",Data Engineering: tambahkan capping rule (Z-score>3 di tahap ingest) untuk mencegah kontaminasi model.
46107,cluster_0,Tipe A - Data Error,"`EXT_SOURCE_1` = -1.95 (145.7x median), `BUREAU_ACTIVE_RATIO` = -1.11 (17.7x median), `EXT_SOURCE_2` = -1.00 (12.6x median), `AMT_INCOME_TOTAL` = -1.71 (7.0x median), `CNT_CHILDREN` = 2.21 (4.8x median)","Deviasi fitur > 50x median klaster — kemungkinan kesalahan input/ETL (overflow, salah unit, atau sentinel value tidak ter-handle).",Data Engineering: tambahkan capping rule (Z-score>3 di tahap ingest) untuk mencegah kontaminasi model.
46393,cluster_3,Tipe B - Rare but Valid,"`PREV_APPROVAL_RATE` = 0.96 (46.5x median), `CREDIT_TERM_MONTHS` = 1.27 (17.7x median), `CNT_CHILDREN` = 7.78 (14.5x median), `CREDIT_TO_INCOME` = 1.72 (11.9x median), `ANNUITY_TO_INCOME` = 0.95 (11.2x median)","Ekstrem secara statistik tapi koheren — kemungkinan tail-end legitimate customer (VHNW, kasus khusus).",Routing: alihkan ke divisi Wealth Management / Priority Banking untuk potensi cross-sell.
46396,cluster_3,Tipe A - Data Error,"`CC_SK_DPD_MEAN` = 3.77 (76.8x median), `ANNUITY_TO_INCOME` = 1.13 (13.2x median), `BUREAU_COUNT` = 2.02 (12.2x median), `EXT_SOURCE_1` = 0.13 (8.3x median), `CREDIT_TO_INCOME` = 1.12 (8.1x median)","Deviasi fitur > 50x median klaster — kemungkinan kesalahan input/ETL (overflow, salah unit, atau sentinel value tidak ter-handle).",Data Engineering: tambahkan capping rule (Z-score>3 di tahap ingest) untuk mencegah kontaminasi model.
46762,cluster_3,Tipe B - Rare but Valid,"`PREV_APPROVAL_RATE` = 0.96 (46.5x median), `AMT_ANNUITY` = 1.69 (17.9x median), `CREDIT_TERM_MONTHS` = 0.99 (14.0x median), `EXT_SOURCE_3` = -1.38 (13.4x median), `AMT_INCOME_TOTAL` = 2.08 (10.8x median)","Ekstrem secara statistik tapi koheren — kemungkinan tail-end legitimate customer (VHNW, kasus khusus).",Routing: alihkan ke divisi Wealth Management / Priority Banking untuk potensi cross-sell.
46953,cluster_2,Tipe B - Rare but Valid,"`REGION_RATING_CLIENT_W_CITY` = 1.92 (34.6x median), `INST_SEVERE_LATE_RATIO` = 4.74 (29.1x median), `BUREAU_DAYS_CREDIT_MEAN` = 1.45 (11.5x median), `INST_DPD_MEAN` = 1.06 (10.4x median), `INST_LATE_RATIO` = 3.46 (6.5x median)","Ekstrem secara statistik tapi koheren — kemungkinan tail-end legitimate customer (VHNW, kasus khusus).",Routing: alihkan ke divisi Wealth Management / Priority Banking untuk potensi cross-sell.
47532,cluster_3,Tipe B - Rare but Valid,"`PREV_APPROVAL_RATE` = 0.96 (46.5x median), `BUREAU_ACTIVE_RATIO` = -1.11 (17.7x median), `EXT_SOURCE_2` = -2.43 (13.1x median), `ANNUITY_TO_INCOME` = 1.05 (12.3x median), `BUREAU_DAYS_CREDIT_MEAN` = 1.45 (10.1x median)","Ekstrem secara statistik tapi koheren — kemungkinan tail-end legitimate customer (VHNW, kasus khusus).",Routing: alihkan ke divisi Wealth Management / Priority Banking untuk potensi cross-sell.
47607,cluster_3,Tipe A - Data Error,"`CC_SK_DPD_MEAN` = 12.65 (255.0x median), `PREV_APPROVAL_RATE` = -0.69 (34.9x median), `CREDIT_TERM_MONTHS` = 1.67 (23.0x median), `CC_MONTHS_COUNT` = 3.41 (8.8x median), `YEARS_BIRTH` = 1.18 (8.0x median)","Deviasi fitur > 50x median klaster — kemungkinan kesalahan input/ETL (overflow, salah unit, atau sentinel value tidak ter-handle).",Data Engineering: tambahkan capping rule (Z-score>3 di tahap ingest) untuk mencegah kontaminasi model.
47714,cluster_1,Tipe A - Data Error,"`EXT_SOURCE_1` = 2.11 (155.8x median), `AMT_CREDIT` = 0.92 (30.0x median), `EXT_SOURCE_3` = -2.26 (12.5x median), `AMT_ANNUITY` = 0.86 (12.0x median), `YEARS_EMPLOYED` = 2.34 (8.3x median)","Deviasi fitur > 50x median klaster — kemungkinan kesalahan input/ETL (overflow, salah unit, atau sentinel value tidak ter-handle).",Data Engineering: tambahkan capping rule (Z-score>3 di tahap ingest) untuk mencegah kontaminasi model.
48053,cluster_2,Tipe C - Risk Signal,"`AMT_INCOME_TOTAL` = -2.33 (22.3x median), `YEARS_BIRTH` = 1.61 (19.9x median), `ANNUITY_TO_INCOME` = 5.94 (13.9x median), `BUREAU_DAYS_CREDIT_MEAN` = 1.45 (11.5x median), `INST_LATE_RATIO` = 4.82 (8.7x median)","Kombinasi finansial kontradiktif (mis. rasio cicilan/pendapatan ekstrem, income rendah + credit besar, atau skor eksternal tinggi di cluster bermasalah).","Underwriting: matikan auto-approve, wajibkan manual review oleh underwriter senior + verifikasi pendapatan fisik."
48646,cluster_1,Tipe A - Data Error,"`EXT_SOURCE_1` = 2.03 (150.0x median), `AMT_CREDIT` = -0.71 (21.2x median), `BUREAU_COUNT` = 2.90 (10.2x median), `CC_MONTHS_COUNT` = 3.41 (8.8x median), `POS_MONTHS_COUNT` = 6.25 (7.2x median)","Deviasi fitur > 50x median klaster — kemungkinan kesalahan input/ETL (overflow, salah unit, atau sentinel value tidak ter-handle).",Data Engineering: tambahkan capping rule (Z-score>3 di tahap ingest) untuk mencegah kontaminasi model.
48705,cluster_3,Tipe A - Data Error,"`CC_SK_DPD_MEAN` = 7.02 (142.1x median), `PREV_APPROVAL_RATE` = -2.34 (116.2x median), `BUREAU_ACTIVE_RATIO` = 0.99 (17.7x median), `CREDIT_TERM_MONTHS` = 0.85 (12.2x median), `CC_MONTHS_COUNT` = 3.41 (8.8x median)","Deviasi fitur > 50x median klaster — kemungkinan kesalahan input/ETL (overflow, salah unit, atau sentinel value tidak ter-handle).",Data Engineering: tambahkan capping rule (Z-score>3 di tahap ingest) untuk mencegah kontaminasi model.
49182,cluster_4,Tipe B - Rare but Valid,"`CREDIT_TERM_MONTHS` = 1.68 (37.7x median), `EXT_SOURCE_1` = 0.36 (25.4x median), `BUREAU_DAYS_CREDIT_MEAN` = -1.26 (16.2x median), `CREDIT_TO_INCOME` = 2.93 (13.6x median), `EXT_SOURCE_3` = -1.30 (12.7x median)","Ekstrem secara statistik tapi koheren — kemungkinan tail-end legitimate customer (VHNW, kasus khusus).",Routing: alihkan ke divisi Wealth Management / Priority Banking untuk potensi cross-sell.
49329,cluster_4,Tipe A - Data Error,"`POS_MONTHS_COUNT` = 5.08 (134.9x median), `CREDIT_TERM_MONTHS` = -1.10 (23.1x median), `EXT_SOURCE_3` = -2.02 (19.1x median), `AMT_ANNUITY` = -2.05 (15.5x median), `BUREAU_COUNT` = 2.24 (13.4x median)","Deviasi fitur > 50x median klaster — kemungkinan kesalahan input/ETL (overflow, salah unit, atau sentinel value tidak ter-handle).",Data Engineering: tambahkan capping rule (Z-score>3 di tahap ingest) untuk mencegah kontaminasi model.
49343,cluster_4,Tipe A - Data Error,"`EXT_SOURCE_1` = -1.37 (102.5x median), `YEARS_BIRTH` = 1.19 (36.5x median), `POS_MONTHS_COUNT` = 1.21 (31.3x median), `CREDIT_TERM_MONTHS` = 0.92 (21.1x median), `BUREAU_DAYS_CREDIT_MEAN` = 1.45 (20.7x median)","Deviasi fitur > 50x median klaster — kemungkinan kesalahan input/ETL (overflow, salah unit, atau sentinel value tidak ter-handle).",Data Engineering: tambahkan capping rule (Z-score>3 di tahap ingest) untuk mencegah kontaminasi model.
49445,cluster_1,Tipe A - Data Error,"`EXT_SOURCE_1` = 1.46 (107.2x median), `REGION_RATING_CLIENT_W_CITY` = 1.92 (34.6x median), `AMT_CREDIT` = 0.78 (25.6x median), `BUREAU_ACTIVE_RATIO` = -1.11 (17.7x median), `BUREAU_DEBT_TO_CREDIT_RATIO` = -0.59 (10.5x median)","Deviasi fitur > 50x median klaster — kemungkinan kesalahan input/ETL (overflow, salah unit, atau sentinel value tidak ter-handle).",Data Engineering: tambahkan capping rule (Z-score>3 di tahap ingest) untuk mencegah kontaminasi model.
49462,cluster_1,Tipe B - Rare but Valid,"`REGION_RATING_CLIENT_W_CITY` = 1.92 (34.6x median), `BUREAU_ACTIVE_RATIO` = -1.11 (17.7x median), `YEARS_EMPLOYED` = 4.60 (15.4x median), `BUREAU_DEBT_TO_CREDIT_RATIO` = -0.59 (10.5x median), `AMT_CREDIT` = -0.34 (9.6x median)","Ekstrem secara statistik tapi koheren — kemungkinan tail-end legitimate customer (VHNW, kasus khusus).",Routing: alihkan ke divisi Wealth Management / Priority Banking untuk potensi cross-sell.
49524,cluster_1,Tipe B - Rare but Valid,"`AMT_CREDIT` = 1.20 (38.6x median), `AMT_ANNUITY` = 1.67 (24.4x median), `BUREAU_ACTIVE_RATIO` = 0.99 (17.7x median), `EXT_SOURCE_3` = -2.26 (12.5x median), `BUREAU_DEBT_TO_CREDIT_RATIO` = 0.57 (12.2x median)","Ekstrem secara statistik tapi koheren — kemungkinan tail-end legitimate customer (VHNW, kasus khusus).",Routing: alihkan ke divisi Wealth Management / Priority Banking untuk potensi cross-sell.
49598,cluster_2,Tipe B - Rare but Valid,"`REGION_RATING_CLIENT_W_CITY` = -2.04 (34.6x median), `AMT_INCOME_TOTAL` = 1.24 (10.3x median), `YEARS_BIRTH` = 0.86 (10.2x median), `CC_MONTHS_COUNT` = 3.45 (8.9x median), `BUREAU_DAYS_CREDIT_MEAN` = 1.00 (8.2x median)","Ekstrem secara statistik tapi koheren — kemungkinan tail-end legitimate customer (VHNW, kasus khusus).",Routing: alihkan ke divisi Wealth Management / Priority Banking untuk potensi cross-sell.
49881,cluster_4,Tipe B - Rare but Valid,"`REGION_RATING_CLIENT_W_CITY` = 1.92 (34.6x median), `POS_MONTHS_COUNT` = 1.29 (33.5x median), `BUREAU_DAYS_CREDIT_MEAN` = -2.24 (29.3x median), `BUREAU_ACTIVE_RATIO` = -1.11 (17.7x median), `AMT_INCOME_TOTAL` = 1.56 (13.3x median)","Ekstrem secara statistik tapi koheren — kemungkinan tail-end legitimate customer (VHNW, kasus khusus).",Routing: alihkan ke divisi Wealth Management / Priority Banking untuk potensi cross-sell.
49906,cluster_1,Tipe B - Rare but Valid,"`AMT_ANNUITY` = -2.33 (36.3x median), `REGION_RATING_CLIENT_W_CITY` = 1.92 (34.6x median), `AMT_CREDIT` = -0.88 (26.6x median), `EXT_SOURCE_1` = -0.24 (19.1x median), `BUREAU_ACTIVE_RATIO` = 0.99 (17.7x median)","Ekstrem secara statistik tapi koheren — kemungkinan tail-end legitimate customer (VHNW, kasus khusus).",Routing: alihkan ke divisi Wealth Management / Priority Banking untuk potensi cross-sell.
50120,cluster_0,Tipe A - Data Error,"`EXT_SOURCE_1` = -0.69 (52.3x median), `REGION_RATING_CLIENT_W_CITY` = 1.92 (34.6x median), `EXT_SOURCE_2` = -2.33 (28.1x median), `BUREAU_ACTIVE_RATIO` = -1.11 (17.7x median), `CREDIT_TERM_MONTHS` = 2.13 (5.9x median)","Deviasi fitur > 50x median klaster — kemungkinan kesalahan input/ETL (overflow, salah unit, atau sentinel value tidak ter-handle).",Data Engineering: tambahkan capping rule (Z-score>3 di tahap ingest) untuk mencegah kontaminasi model.
50675,cluster_4,Tipe B - Rare but Valid,"`REGION_RATING_CLIENT_W_CITY` = 1.92 (34.6x median), `POS_MONTHS_COUNT` = -1.13 (31.3x median), `YEARS_BIRTH` = 0.90 (27.9x median), `INST_SEVERE_LATE_RATIO` = 3.85 (23.9x median), `EXT_SOURCE_3` = -0.95 (9.5x median)","Ekstrem secara statistik tapi koheren — kemungkinan tail-end legitimate customer (VHNW, kasus khusus).",Routing: alihkan ke divisi Wealth Management / Priority Banking untuk potensi cross-sell.
50993,cluster_1,Tipe A - Data Error,"`EXT_SOURCE_1` = -1.07 (80.8x median), `INST_DPD_MAX` = 6.39 (53.0x median), `POS_SK_DPD_MEAN` = 2.02 (29.9x median), `INST_DPD_MEAN` = 1.90 (21.2x median), `AMT_CREDIT` = -0.54 (16.1x median)","Deviasi fitur > 50x median klaster — kemungkinan kesalahan input/ETL (overflow, salah unit, atau sentinel value tidak ter-handle).",Data Engineering: tambahkan capping rule (Z-score>3 di tahap ingest) untuk mencegah kontaminasi model.
51238,cluster_2,Tipe B - Rare but Valid,"`INST_SEVERE_LATE_RATIO` = 7.80 (47.4x median), `BUREAU_DAYS_CREDIT_MEAN` = -2.46 (16.9x median), `YEARS_BIRTH` = -0.98 (13.7x median), `INST_DPD_MEAN` = 0.71 (7.3x median), `BUREAU_ACTIVE_RATIO` = -1.11 (5.8x median)","Ekstrem secara statistik tapi koheren — kemungkinan tail-end legitimate customer (VHNW, kasus khusus).",Routing: alihkan ke divisi Wealth Management / Priority Banking untuk potensi cross-sell.
51775,cluster_4,Tipe A - Data Error,"`EXT_SOURCE_1` = 2.44 (180.3x median), `POS_MONTHS_COUNT` = 1.85 (48.6x median), `YEARS_BIRTH` = 1.17 (35.8x median), `REGION_RATING_CLIENT_W_CITY` = -2.04 (34.6x median), `YEARS_EMPLOYED` = 3.74 (18.9x median)","Deviasi fitur > 50x median klaster — kemungkinan kesalahan input/ETL (overflow, salah unit, atau sentinel value tidak ter-handle).",Data Engineering: tambahkan capping rule (Z-score>3 di tahap ingest) untuk mencegah kontaminasi model.
52246,cluster_0,Tipe B - Rare but Valid,"`EXT_SOURCE_1` = 0.49 (35.4x median), `REGION_RATING_CLIENT_W_CITY` = 1.92 (34.6x median), `BUREAU_ACTIVE_RATIO` = -1.11 (17.7x median), `BUREAU_DAYS_CREDIT_MEAN` = 1.45 (4.5x median), `AMT_INCOME_TOTAL` = 0.71 (4.3x median)","Ekstrem secara statistik tapi koheren — kemungkinan tail-end legitimate customer (VHNW, kasus khusus).",Routing: alihkan ke divisi Wealth Management / Priority Banking untuk potensi cross-sell.
52497,cluster_1,Tipe B - Rare but Valid,"`EXT_SOURCE_1` = -0.50 (37.9x median), `AMT_CREDIT` = -0.69 (20.6x median), `CC_AMT_BALANCE_MEAN` = 3.60 (12.7x median), `BUREAU_DEBT_TO_CREDIT_RATIO` = -0.59 (10.5x median), `PREV_REFUSED_COUNT` = 7.35 (10.1x median)","Ekstrem secara statistik tapi koheren — kemungkinan tail-end legitimate customer (VHNW, kasus khusus).",Routing: alihkan ke divisi Wealth Management / Priority Banking untuk potensi cross-sell.
52570,cluster_2,Tipe C - Risk Signal,"`INST_SEVERE_LATE_RATIO` = 3.82 (23.7x median), `AMT_INCOME_TOTAL` = -2.13 (20.5x median), `YEARS_BIRTH` = -0.93 (13.1x median), `BUREAU_DAYS_CREDIT_MEAN` = 1.45 (11.5x median), `ANNUITY_TO_INCOME` = 4.80 (11.1x median)","Kombinasi finansial kontradiktif (mis. rasio cicilan/pendapatan ekstrem, income rendah + credit besar, atau skor eksternal tinggi di cluster bermasalah).","Underwriting: matikan auto-approve, wajibkan manual review oleh underwriter senior + verifikasi pendapatan fisik."
52890,cluster_1,Tipe A - Data Error,"`BUREAU_BB_SEVERE_DPD_MEAN` = 5.11 (100.7x median), `EXT_SOURCE_1` = -0.36 (28.0x median), `BUREAU_BB_DPD_RATIO_MEAN` = 3.49 (19.0x median), `INST_DPD_MAX` = 2.11 (18.1x median), `BUREAU_ACTIVE_RATIO` = -1.11 (17.7x median)","Deviasi fitur > 50x median klaster — kemungkinan kesalahan input/ETL (overflow, salah unit, atau sentinel value tidak ter-handle).",Data Engineering: tambahkan capping rule (Z-score>3 di tahap ingest) untuk mencegah kontaminasi model.
53185,cluster_0,Tipe B - Rare but Valid,"`BUREAU_ACTIVE_RATIO` = 2.03 (35.5x median), `CNT_CHILDREN` = 3.60 (7.2x median), `AMT_INCOME_TOTAL` = 0.86 (5.0x median), `EXT_SOURCE_3` = 0.54 (3.8x median), `AMT_REQ_CREDIT_BUREAU_YEAR` = 0.70 (2.6x median)","Ekstrem secara statistik tapi koheren — kemungkinan tail-end legitimate customer (VHNW, kasus khusus).",Routing: alihkan ke divisi Wealth Management / Priority Banking untuk potensi cross-sell.
53408,cluster_3,Tipe B - Rare but Valid,"`PREV_APPROVAL_RATE` = 0.96 (46.5x median), `AMT_ANNUITY` = 1.61 (17.1x median), `CREDIT_TERM_MONTHS` = -1.08 (13.2x median), `ANNUITY_TO_INCOME` = 1.09 (12.8x median), `BUREAU_ACTIVE_RATIO` = 0.46 (8.9x median)","Ekstrem secara statistik tapi koheren — kemungkinan tail-end legitimate customer (VHNW, kasus khusus).",Routing: alihkan ke divisi Wealth Management / Priority Banking untuk potensi cross-sell.
53935,cluster_3,Tipe A - Data Error,"`PREV_APPROVAL_RATE` = -2.34 (116.2x median), `EXT_SOURCE_1` = 1.26 (92.7x median), `BUREAU_ACTIVE_RATIO` = 0.61 (11.3x median), `INST_SEVERE_LATE_RATIO` = 39.69 (10.1x median), `BUREAU_COUNT` = 1.36 (8.6x median)","Deviasi fitur > 50x median klaster — kemungkinan kesalahan input/ETL (overflow, salah unit, atau sentinel value tidak ter-handle).",Data Engineering: tambahkan capping rule (Z-score>3 di tahap ingest) untuk mencegah kontaminasi model.
54629,cluster_4,Tipe A - Data Error,"`BUREAU_BB_SEVERE_DPD_MEAN` = 6.45 (126.9x median), `EXT_SOURCE_1` = 1.18 (87.0x median), `POS_MONTHS_COUNT` = 2.14 (56.1x median), `CREDIT_TERM_MONTHS` = -1.45 (30.7x median), `BUREAU_BB_DPD_RATIO_MEAN` = 4.45 (23.9x median)","Deviasi fitur > 50x median klaster — kemungkinan kesalahan input/ETL (overflow, salah unit, atau sentinel value tidak ter-handle).",Data Engineering: tambahkan capping rule (Z-score>3 di tahap ingest) untuk mencegah kontaminasi model.
54853,cluster_0,Tipe B - Rare but Valid,"`INST_SEVERE_LATE_RATIO` = 3.02 (18.9x median), `INST_DPD_MAX` = 1.47 (10.1x median), `EXT_SOURCE_3` = 1.14 (9.3x median), `INST_DPD_MEAN` = 0.94 (9.2x median), `EXT_SOURCE_2` = 0.85 (8.9x median)","Ekstrem secara statistik tapi koheren — kemungkinan tail-end legitimate customer (VHNW, kasus khusus).",Routing: alihkan ke divisi Wealth Management / Priority Banking untuk potensi cross-sell.
54934,cluster_4,Tipe A - Data Error,"`EXT_SOURCE_1` = 2.74 (202.3x median), `YEARS_BIRTH` = 1.67 (50.8x median), `CREDIT_TERM_MONTHS` = 1.67 (37.6x median), `YEARS_EMPLOYED` = 4.76 (23.7x median), `AMT_REQ_CREDIT_BUREAU_YEAR` = 2.43 (18.5x median)","Deviasi fitur > 50x median klaster — kemungkinan kesalahan input/ETL (overflow, salah unit, atau sentinel value tidak ter-handle).",Data Engineering: tambahkan capping rule (Z-score>3 di tahap ingest) untuk mencegah kontaminasi model.
55376,cluster_3,Tipe A - Data Error,"`POS_SK_DPD_MEAN` = 24.23 (125.3x median), `PREV_APPROVAL_RATE` = -2.34 (116.2x median), `EXT_SOURCE_1` = 1.19 (87.3x median), `INST_DPD_MEAN` = 111.40 (39.4x median), `CREDIT_TERM_MONTHS` = 1.26 (17.6x median)","Deviasi fitur > 50x median klaster — kemungkinan kesalahan input/ETL (overflow, salah unit, atau sentinel value tidak ter-handle).",Data Engineering: tambahkan capping rule (Z-score>3 di tahap ingest) untuk mencegah kontaminasi model.
56040,cluster_4,Tipe A - Data Error,"`EXT_SOURCE_1` = 0.70 (50.9x median), `POS_MONTHS_COUNT` = 1.49 (38.9x median), `AMT_REQ_CREDIT_BUREAU_YEAR` = 3.00 (23.2x median), `BUREAU_COUNT` = 2.90 (17.1x median), `EXT_SOURCE_3` = -1.59 (15.3x median)","Deviasi fitur > 50x median klaster — kemungkinan kesalahan input/ETL (overflow, salah unit, atau sentinel value tidak ter-handle).",Data Engineering: tambahkan capping rule (Z-score>3 di tahap ingest) untuk mencegah kontaminasi model.
56139,cluster_1,Tipe B - Rare but Valid,"`REGION_RATING_CLIENT_W_CITY` = 1.92 (34.6x median), `AMT_CREDIT` = -0.65 (19.3x median), `BUREAU_ACTIVE_RATIO` = 0.99 (17.7x median), `AMT_ANNUITY` = -0.89 (14.5x median), `BUREAU_DEBT_TO_CREDIT_RATIO` = 0.48 (10.4x median)","Ekstrem secara statistik tapi koheren — kemungkinan tail-end legitimate customer (VHNW, kasus khusus).",Routing: alihkan ke divisi Wealth Management / Priority Banking untuk potensi cross-sell.
56286,cluster_1,Tipe A - Data Error,"`EXT_SOURCE_1` = 2.67 (197.1x median), `AMT_CREDIT` = -1.01 (30.8x median), `AMT_ANNUITY` = -1.37 (21.7x median), `BUREAU_COUNT` = 5.32 (19.5x median), `EXT_SOURCE_3` = -2.17 (12.0x median)","Deviasi fitur > 50x median klaster — kemungkinan kesalahan input/ETL (overflow, salah unit, atau sentinel value tidak ter-handle).",Data Engineering: tambahkan capping rule (Z-score>3 di tahap ingest) untuk mencegah kontaminasi model.
57073,cluster_2,Tipe B - Rare but Valid,"`EXT_SOURCE_3` = -2.17 (20.5x median), `BUREAU_ACTIVE_RATIO` = 2.03 (13.4x median), `AMT_INCOME_TOTAL` = 1.56 (13.3x median), `INST_LATE_RATIO` = 5.57 (9.9x median), `YEARS_EMPLOYED` = 1.74 (8.7x median)","Ekstrem secara statistik tapi koheren — kemungkinan tail-end legitimate customer (VHNW, kasus khusus).",Routing: alihkan ke divisi Wealth Management / Priority Banking untuk potensi cross-sell.
57346,cluster_4,Tipe A - Data Error,"`EXT_SOURCE_1` = 0.84 (61.5x median), `CREDIT_TERM_MONTHS` = 2.16 (48.3x median), `YEARS_BIRTH` = -1.09 (31.4x median), `POS_MONTHS_COUNT` = 1.13 (29.1x median), `BUREAU_ACTIVE_RATIO` = -1.11 (17.7x median)","Deviasi fitur > 50x median klaster — kemungkinan kesalahan input/ETL (overflow, salah unit, atau sentinel value tidak ter-handle).",Data Engineering: tambahkan capping rule (Z-score>3 di tahap ingest) untuk mencegah kontaminasi model.
57528,cluster_4,Tipe B - Rare but Valid,"`REGION_RATING_CLIENT_W_CITY` = 1.92 (34.6x median), `POS_MONTHS_COUNT` = -0.69 (19.4x median), `EXT_SOURCE_3` = -1.25 (12.3x median), `AMT_ANNUITY` = -1.22 (9.7x median), `BUREAU_COUNT` = 1.36 (8.6x median)","Ekstrem secara statistik tapi koheren — kemungkinan tail-end legitimate customer (VHNW, kasus khusus).",Routing: alihkan ke divisi Wealth Management / Priority Banking untuk potensi cross-sell.
58729,cluster_1,Tipe A - Data Error,"`EXT_SOURCE_1` = -2.87 (214.3x median), `AMT_CREDIT` = -0.72 (21.7x median), `INST_SEVERE_LATE_RATIO` = 3.31 (20.7x median), `INST_LATE_RATIO` = 2.75 (18.0x median), `BUREAU_ACTIVE_RATIO` = -1.11 (17.7x median)","Deviasi fitur > 50x median klaster — kemungkinan kesalahan input/ETL (overflow, salah unit, atau sentinel value tidak ter-handle).",Data Engineering: tambahkan capping rule (Z-score>3 di tahap ingest) untuk mencegah kontaminasi model.
59689,cluster_0,Tipe B - Rare but Valid,"`EXT_SOURCE_2` = -1.69 (20.7x median), `BUREAU_ACTIVE_RATIO` = -1.11 (17.7x median), `AMT_INCOME_TOTAL` = -1.66 (6.8x median), `EXT_SOURCE_3` = 0.82 (6.4x median), `ANNUITY_TO_INCOME` = 1.83 (4.5x median)","Ekstrem secara statistik tapi koheren — kemungkinan tail-end legitimate customer (VHNW, kasus khusus).",Routing: alihkan ke divisi Wealth Management / Priority Banking untuk potensi cross-sell.
59743,cluster_3,Tipe A - Data Error,"`CC_SK_DPD_MEAN` = 15.69 (316.2x median), `PREV_APPROVAL_RATE` = 0.96 (46.5x median), `BUREAU_ACTIVE_RATIO` = -1.11 (17.7x median), `EXT_SOURCE_3` = 1.79 (15.0x median), `CREDIT_TERM_MONTHS` = 0.86 (12.4x median)","Deviasi fitur > 50x median klaster — kemungkinan kesalahan input/ETL (overflow, salah unit, atau sentinel value tidak ter-handle).",Data Engineering: tambahkan capping rule (Z-score>3 di tahap ingest) untuk mencegah kontaminasi model.
60057,cluster_0,Tipe B - Rare but Valid,"`EXT_SOURCE_1` = -0.53 (40.2x median), `INST_SEVERE_LATE_RATIO` = 3.82 (23.7x median), `INST_DPD_MEAN` = 1.92 (17.9x median), `BUREAU_ACTIVE_RATIO` = -1.11 (17.7x median), `INST_DPD_MAX` = 1.78 (12.1x median)","Ekstrem secara statistik tapi koheren — kemungkinan tail-end legitimate customer (VHNW, kasus khusus).",Routing: alihkan ke divisi Wealth Management / Priority Banking untuk potensi cross-sell.
60284,cluster_0,Tipe B - Rare but Valid,"`INST_DPD_MAX` = 2.99 (19.6x median), `BUREAU_ACTIVE_RATIO` = -1.11 (17.7x median), `INST_DPD_MEAN` = 1.43 (13.6x median), `INST_SEVERE_LATE_RATIO` = 2.07 (13.3x median), `EXT_SOURCE_2` = -0.56 (7.5x median)","Ekstrem secara statistik tapi koheren — kemungkinan tail-end legitimate customer (VHNW, kasus khusus).",Routing: alihkan ke divisi Wealth Management / Priority Banking untuk potensi cross-sell.
61091,cluster_4,Tipe B - Rare but Valid,"`YEARS_BIRTH` = -1.59 (46.4x median), `BUREAU_ACTIVE_RATIO` = 2.03 (35.5x median), `REGION_RATING_CLIENT_W_CITY` = 1.92 (34.6x median), `BUREAU_DAYS_CREDIT_MEAN` = 1.32 (18.9x median), `BUREAU_DEBT_TO_CREDIT_RATIO` = 1.63 (18.6x median)","Ekstrem secara statistik tapi koheren — kemungkinan tail-end legitimate customer (VHNW, kasus khusus).",Routing: alihkan ke divisi Wealth Management / Priority Banking untuk potensi cross-sell.
61199,cluster_4,Tipe A - Data Error,"`POS_MONTHS_COUNT` = 5.00 (132.8x median), `EXT_SOURCE_1` = 1.61 (118.9x median), `CREDIT_TERM_MONTHS` = -1.63 (34.8x median), `EXT_SOURCE_3` = -2.13 (20.1x median), `AMT_ANNUITY` = -1.96 (14.9x median)","Deviasi fitur > 50x median klaster — kemungkinan kesalahan input/ETL (overflow, salah unit, atau sentinel value tidak ter-handle).",Data Engineering: tambahkan capping rule (Z-score>3 di tahap ingest) untuk mencegah kontaminasi model.
61413,cluster_4,Tipe A - Data Error,"`BUREAU_BB_SEVERE_DPD_MEAN` = 5.68 (112.0x median), `YEARS_BIRTH` = 1.41 (43.1x median), `REGION_RATING_CLIENT_W_CITY` = 1.92 (34.6x median), `BUREAU_BB_DPD_RATIO_MEAN` = 5.94 (31.6x median), `POS_MONTHS_COUNT` = 1.17 (30.2x median)","Deviasi fitur > 50x median klaster — kemungkinan kesalahan input/ETL (overflow, salah unit, atau sentinel value tidak ter-handle).",Data Engineering: tambahkan capping rule (Z-score>3 di tahap ingest) untuk mencegah kontaminasi model.
61449,cluster_2,Tipe B - Rare but Valid,"`REGION_RATING_CLIENT_W_CITY` = -2.04 (34.6x median), `INST_SEVERE_LATE_RATIO` = 5.63 (34.4x median), `BUREAU_DAYS_CREDIT_MEAN` = -2.27 (15.4x median), `EXT_SOURCE_3` = 1.14 (9.2x median), `INST_DPD_MEAN` = 0.70 (7.2x median)","Ekstrem secara statistik tapi koheren — kemungkinan tail-end legitimate customer (VHNW, kasus khusus).",Routing: alihkan ke divisi Wealth Management / Priority Banking untuk potensi cross-sell.
61604,cluster_4,Tipe B - Rare but Valid,"`CREDIT_TERM_MONTHS` = 1.27 (28.7x median), `AMT_REQ_CREDIT_BUREAU_YEAR` = 3.58 (27.8x median), `YEARS_BIRTH` = 0.72 (22.5x median), `BUREAU_ACTIVE_RATIO` = -1.11 (17.7x median), `BUREAU_DAYS_CREDIT_MEAN` = 1.22 (17.6x median)","Ekstrem secara statistik tapi koheren — kemungkinan tail-end legitimate customer (VHNW, kasus khusus).",Routing: alihkan ke divisi Wealth Management / Priority Banking untuk potensi cross-sell.
61643,cluster_4,Tipe B - Rare but Valid,"`REGION_RATING_CLIENT_W_CITY` = -2.04 (34.6x median), `POS_MONTHS_COUNT` = 1.33 (34.5x median), `BUREAU_ACTIVE_RATIO` = -1.11 (17.7x median), `OWN_CAR_AGE` = 6.79 (15.9x median), `EXT_SOURCE_3` = 1.16 (9.4x median)","Ekstrem secara statistik tapi koheren — kemungkinan tail-end legitimate customer (VHNW, kasus khusus).",Routing: alihkan ke divisi Wealth Management / Priority Banking untuk potensi cross-sell.
61777,cluster_0,Tipe A - Data Error,"`EXT_SOURCE_1` = -1.31 (98.3x median), `BUREAU_ACTIVE_RATIO` = 2.03 (35.5x median), `REGION_RATING_CLIENT_W_CITY` = 1.92 (34.6x median), `EXT_SOURCE_2` = -2.65 (31.8x median), `EXT_SOURCE_3` = -1.72 (16.5x median)","Deviasi fitur > 50x median klaster — kemungkinan kesalahan input/ETL (overflow, salah unit, atau sentinel value tidak ter-handle).",Data Engineering: tambahkan capping rule (Z-score>3 di tahap ingest) untuk mencegah kontaminasi model.
61832,cluster_4,Tipe B - Rare but Valid,"`AMT_REQ_CREDIT_BUREAU_YEAR` = 3.00 (23.2x median), `CREDIT_TERM_MONTHS` = -0.89 (18.5x median), `BUREAU_DEBT_TO_CREDIT_RATIO` = 1.36 (15.7x median), `BUREAU_DAYS_CREDIT_MEAN` = 0.99 (14.4x median), `PREV_APPROVAL_RATE` = -1.44 (9.5x median)","Ekstrem secara statistik tapi koheren — kemungkinan tail-end legitimate customer (VHNW, kasus khusus).",Routing: alihkan ke divisi Wealth Management / Priority Banking untuk potensi cross-sell.
62194,cluster_2,Tipe B - Rare but Valid,"`EXT_SOURCE_1` = -0.47 (35.6x median), `INST_SEVERE_LATE_RATIO` = 5.15 (31.6x median), `YEARS_BIRTH` = -1.16 (16.1x median), `BUREAU_DAYS_CREDIT_MEAN` = 1.45 (11.5x median), `INST_DPD_MEAN` = 1.04 (10.2x median)","Ekstrem secara statistik tapi koheren — kemungkinan tail-end legitimate customer (VHNW, kasus khusus).",Routing: alihkan ke divisi Wealth Management / Priority Banking untuk potensi cross-sell.
62333,cluster_1,Tipe B - Rare but Valid,"`REGION_RATING_CLIENT_W_CITY` = -2.04 (34.6x median), `CC_MONTHS_COUNT` = 3.45 (8.9x median), `BUREAU_DEBT_TO_CREDIT_RATIO` = 0.34 (7.7x median), `BUREAU_COUNT` = 2.02 (6.8x median), `CC_UTILIZATION_MAX` = 2.26 (5.8x median)","Ekstrem secara statistik tapi koheren — kemungkinan tail-end legitimate customer (VHNW, kasus khusus).",Routing: alihkan ke divisi Wealth Management / Priority Banking untuk potensi cross-sell.
63288,cluster_4,Tipe A - Data Error,"`EXT_SOURCE_1` = 1.05 (76.8x median), `REGION_RATING_CLIENT_W_CITY` = -2.04 (34.6x median), `YEARS_BIRTH` = 1.07 (32.7x median), `CREDIT_TERM_MONTHS` = 0.87 (20.0x median), `BUREAU_ACTIVE_RATIO` = 0.78 (14.2x median)","Deviasi fitur > 50x median klaster — kemungkinan kesalahan input/ETL (overflow, salah unit, atau sentinel value tidak ter-handle).",Data Engineering: tambahkan capping rule (Z-score>3 di tahap ingest) untuk mencegah kontaminasi model.
63739,cluster_1,Tipe A - Data Error,"`EXT_SOURCE_1` = -2.26 (168.8x median), `PREV_REFUSED_COUNT` = 13.47 (19.4x median), `BUREAU_ACTIVE_RATIO` = 0.61 (11.3x median), `BUREAU_DEBT_TO_CREDIT_RATIO` = 0.48 (10.4x median), `AMT_ANNUITY` = 0.72 (10.0x median)","Deviasi fitur > 50x median klaster — kemungkinan kesalahan input/ETL (overflow, salah unit, atau sentinel value tidak ter-handle).",Data Engineering: tambahkan capping rule (Z-score>3 di tahap ingest) untuk mencegah kontaminasi model.
63779,cluster_1,Tipe B - Rare but Valid,"`REGION_RATING_CLIENT_W_CITY` = 1.92 (34.6x median), `EXT_SOURCE_1` = 0.47 (33.8x median), `AMT_CREDIT` = -1.01 (30.6x median), `BUREAU_DEBT_TO_CREDIT_RATIO` = 1.32 (26.9x median), `AMT_ANNUITY` = -1.19 (19.1x median)","Ekstrem secara statistik tapi koheren — kemungkinan tail-end legitimate customer (VHNW, kasus khusus).",Routing: alihkan ke divisi Wealth Management / Priority Banking untuk potensi cross-sell.
63905,cluster_3,Tipe A - Data Error,"`EXT_SOURCE_1` = 1.93 (142.1x median), `POS_SK_DPD_MEAN` = 13.09 (67.2x median), `REGION_RATING_CLIENT_W_CITY` = 1.92 (34.6x median), `PREV_APPROVAL_RATE` = -0.36 (18.6x median), `EXT_SOURCE_2` = -2.33 (12.6x median)","Deviasi fitur > 50x median klaster — kemungkinan kesalahan input/ETL (overflow, salah unit, atau sentinel value tidak ter-handle).",Data Engineering: tambahkan capping rule (Z-score>3 di tahap ingest) untuk mencegah kontaminasi model.
64818,cluster_0,Tipe B - Rare but Valid,"`BUREAU_ACTIVE_RATIO` = -1.11 (17.7x median), `EXT_SOURCE_2` = 0.58 (5.7x median), `YEARS_EMPLOYED` = 1.48 (4.5x median), `BUREAU_DAYS_CREDIT_MEAN` = 1.45 (4.5x median), `AMT_INCOME_TOTAL` = -1.06 (4.0x median)","Ekstrem secara statistik tapi koheren — kemungkinan tail-end legitimate customer (VHNW, kasus khusus).",Routing: alihkan ke divisi Wealth Management / Priority Banking untuk potensi cross-sell.
66485,cluster_3,Tipe B - Rare but Valid,"`PREV_APPROVAL_RATE` = -0.69 (34.9x median), `EXT_SOURCE_1` = 0.41 (29.8x median), `ANNUITY_TO_INCOME` = 1.83 (20.6x median), `BUREAU_ACTIVE_RATIO` = -1.11 (17.7x median), `AMT_ANNUITY` = 1.65 (17.5x median)","Ekstrem secara statistik tapi koheren — kemungkinan tail-end legitimate customer (VHNW, kasus khusus).",Routing: alihkan ke divisi Wealth Management / Priority Banking untuk potensi cross-sell.
67161,cluster_4,Tipe A - Data Error,"`EXT_SOURCE_1` = -1.61 (120.5x median), `CREDIT_TERM_MONTHS` = 0.86 (19.9x median), `BUREAU_DAYS_CREDIT_MEAN` = -1.52 (19.6x median), `INST_SEVERE_LATE_RATIO` = 2.23 (14.2x median), `BUREAU_COUNT` = 2.24 (13.4x median)","Deviasi fitur > 50x median klaster — kemungkinan kesalahan input/ETL (overflow, salah unit, atau sentinel value tidak ter-handle).",Data Engineering: tambahkan capping rule (Z-score>3 di tahap ingest) untuk mencegah kontaminasi model.
67275,cluster_4,Tipe A - Data Error,"`EXT_SOURCE_1` = 1.91 (140.8x median), `CREDIT_TERM_MONTHS` = -1.48 (31.5x median), `YEARS_BIRTH` = 0.92 (28.5x median), `EXT_SOURCE_3` = -1.51 (14.6x median), `BUREAU_BB_SEVERE_DPD_MEAN` = 0.43 (9.5x median)","Deviasi fitur > 50x median klaster — kemungkinan kesalahan input/ETL (overflow, salah unit, atau sentinel value tidak ter-handle).",Data Engineering: tambahkan capping rule (Z-score>3 di tahap ingest) untuk mencegah kontaminasi model.
67339,cluster_2,Tipe A - Data Error,"`EXT_SOURCE_1` = 1.54 (113.7x median), `YEARS_EMPLOYED` = 4.18 (19.4x median), `YEARS_BIRTH` = 0.58 (6.5x median), `BUREAU_ACTIVE_RATIO` = 0.78 (5.8x median), `AMT_REQ_CREDIT_BUREAU_YEAR` = 1.27 (3.8x median)","Deviasi fitur > 50x median klaster — kemungkinan kesalahan input/ETL (overflow, salah unit, atau sentinel value tidak ter-handle).",Data Engineering: tambahkan capping rule (Z-score>3 di tahap ingest) untuk mencegah kontaminasi model.
67362,cluster_4,Tipe A - Data Error,"`EXT_SOURCE_1` = -1.67 (125.2x median), `POS_MONTHS_COUNT` = 2.38 (62.6x median), `BUREAU_ACTIVE_RATIO` = 2.03 (35.5x median), `YEARS_BIRTH` = -1.04 (30.1x median), `BUREAU_DEBT_TO_CREDIT_RATIO` = 1.49 (17.1x median)","Deviasi fitur > 50x median klaster — kemungkinan kesalahan input/ETL (overflow, salah unit, atau sentinel value tidak ter-handle).",Data Engineering: tambahkan capping rule (Z-score>3 di tahap ingest) untuk mencegah kontaminasi model.
67398,cluster_0,Tipe A - Data Error,"`POS_SK_DPD_MEAN` = 20.69 (296.6x median), `EXT_SOURCE_1` = -1.79 (134.2x median), `EXT_SOURCE_2` = -1.64 (20.1x median), `BUREAU_ACTIVE_RATIO` = 0.46 (8.9x median), `OWN_CAR_AGE` = 3.00 (7.6x median)","Deviasi fitur > 50x median klaster — kemungkinan kesalahan input/ETL (overflow, salah unit, atau sentinel value tidak ter-handle).",Data Engineering: tambahkan capping rule (Z-score>3 di tahap ingest) untuk mencegah kontaminasi model.
67646,cluster_4,Tipe B - Rare but Valid,"`BUREAU_ACTIVE_RATIO` = 2.03 (35.5x median), `YEARS_BIRTH` = -0.82 (23.4x median), `BUREAU_DEBT_TO_CREDIT_RATIO` = 1.73 (19.7x median), `AMT_REQ_CREDIT_BUREAU_YEAR` = 2.43 (18.5x median), `EXT_SOURCE_1` = 0.26 (18.2x median)","Ekstrem secara statistik tapi koheren — kemungkinan tail-end legitimate customer (VHNW, kasus khusus).",Routing: alihkan ke divisi Wealth Management / Priority Banking untuk potensi cross-sell.
67925,cluster_1,Tipe B - Rare but Valid,"`REGION_RATING_CLIENT_W_CITY` = -2.04 (34.6x median), `BUREAU_ACTIVE_RATIO` = -1.11 (17.7x median), `AMT_CREDIT` = -0.55 (16.2x median), `AMT_ANNUITY` = -0.97 (15.8x median), `OWN_CAR_AGE` = 6.68 (15.7x median)","Ekstrem secara statistik tapi koheren — kemungkinan tail-end legitimate customer (VHNW, kasus khusus).",Routing: alihkan ke divisi Wealth Management / Priority Banking untuk potensi cross-sell.
67939,cluster_4,Tipe B - Rare but Valid,"`CREDIT_TERM_MONTHS` = -1.21 (25.4x median), `BUREAU_ACTIVE_RATIO` = 0.78 (14.2x median), `YEARS_BIRTH` = -0.46 (12.6x median), `BUREAU_DEBT_TO_CREDIT_RATIO` = 0.74 (9.0x median), `AMT_CREDIT` = -1.19 (6.6x median)","Ekstrem secara statistik tapi koheren — kemungkinan tail-end legitimate customer (VHNW, kasus khusus).",Routing: alihkan ke divisi Wealth Management / Priority Banking untuk potensi cross-sell.
68119,cluster_3,Tipe A - Data Error,"`POS_SK_DPD_MEAN` = 9.83 (50.2x median), `PREV_APPROVAL_RATE` = 0.96 (46.5x median), `REGION_RATING_CLIENT_W_CITY` = 1.92 (34.6x median), `CREDIT_TERM_MONTHS` = 1.69 (23.4x median), `EXT_SOURCE_2` = -2.62 (14.0x median)","Deviasi fitur > 50x median klaster — kemungkinan kesalahan input/ETL (overflow, salah unit, atau sentinel value tidak ter-handle).",Data Engineering: tambahkan capping rule (Z-score>3 di tahap ingest) untuk mencegah kontaminasi model.
68341,cluster_1,Tipe A - Data Error,"`AMT_CREDIT` = 1.89 (60.3x median), `AMT_ANNUITY` = 1.34 (19.3x median), `PREV_REFUSED_COUNT` = 12.92 (18.6x median), `INST_DPD_MAX` = 1.39 (12.3x median), `CREDIT_TERM_MONTHS` = 1.96 (11.0x median)","Deviasi fitur > 50x median klaster — kemungkinan kesalahan input/ETL (overflow, salah unit, atau sentinel value tidak ter-handle).",Data Engineering: tambahkan capping rule (Z-score>3 di tahap ingest) untuk mencegah kontaminasi model.
68425,cluster_1,Tipe B - Rare but Valid,"`BUREAU_BB_DPD_RATIO_MEAN` = 5.25 (28.0x median), `AMT_ANNUITY` = 1.48 (21.4x median), `AMT_CREDIT` = 0.60 (19.9x median), `BUREAU_ACTIVE_RATIO` = 0.46 (8.9x median), `BUREAU_DAYS_CREDIT_MEAN` = -1.64 (8.2x median)","Ekstrem secara statistik tapi koheren — kemungkinan tail-end legitimate customer (VHNW, kasus khusus).",Routing: alihkan ke divisi Wealth Management / Priority Banking untuk potensi cross-sell.
68854,cluster_2,Tipe A - Data Error,"`INST_SEVERE_LATE_RATIO` = 8.53 (51.7x median), `BUREAU_ACTIVE_RATIO` = 2.03 (13.4x median), `AMT_INCOME_TOTAL` = -1.28 (12.7x median), `YEARS_EMPLOYED` = 2.00 (9.8x median), `INST_DPD_MEAN` = 0.86 (8.5x median)","Deviasi fitur > 50x median klaster — kemungkinan kesalahan input/ETL (overflow, salah unit, atau sentinel value tidak ter-handle).",Data Engineering: tambahkan capping rule (Z-score>3 di tahap ingest) untuk mencegah kontaminasi model.
68953,cluster_0,Tipe A - Data Error,"`BUREAU_BB_SEVERE_DPD_MEAN` = 12.30 (241.2x median), `BUREAU_BB_DPD_RATIO_MEAN` = 7.36 (38.9x median), `EXT_SOURCE_2` = -1.86 (22.6x median), `INST_SEVERE_LATE_RATIO` = 3.28 (20.5x median), `BUREAU_ACTIVE_RATIO` = -1.11 (17.7x median)","Deviasi fitur > 50x median klaster — kemungkinan kesalahan input/ETL (overflow, salah unit, atau sentinel value tidak ter-handle).",Data Engineering: tambahkan capping rule (Z-score>3 di tahap ingest) untuk mencegah kontaminasi model.
69085,cluster_1,Tipe A - Data Error,"`BUREAU_BB_SEVERE_DPD_MEAN` = 7.40 (145.5x median), `EXT_SOURCE_1` = -0.50 (38.3x median), `BUREAU_ACTIVE_RATIO` = 2.03 (35.5x median), `AMT_CREDIT` = -1.04 (31.7x median), `INST_DPD_MAX` = 3.13 (26.4x median)","Deviasi fitur > 50x median klaster — kemungkinan kesalahan input/ETL (overflow, salah unit, atau sentinel value tidak ter-handle).",Data Engineering: tambahkan capping rule (Z-score>3 di tahap ingest) untuk mencegah kontaminasi model.
69276,cluster_1,Tipe A - Data Error,"`EXT_SOURCE_1` = -1.79 (134.3x median), `REGION_RATING_CLIENT_W_CITY` = 1.92 (34.6x median), `AMT_CREDIT` = -1.01 (30.8x median), `AMT_ANNUITY` = -1.92 (30.0x median), `BUREAU_DEBT_TO_CREDIT_RATIO` = -0.59 (10.5x median)","Deviasi fitur > 50x median klaster — kemungkinan kesalahan input/ETL (overflow, salah unit, atau sentinel value tidak ter-handle).",Data Engineering: tambahkan capping rule (Z-score>3 di tahap ingest) untuk mencegah kontaminasi model.
69332,cluster_4,Tipe B - Rare but Valid,"`YEARS_BIRTH` = -1.66 (48.3x median), `AMT_REQ_CREDIT_BUREAU_YEAR` = 3.00 (23.2x median), `CREDIT_TERM_MONTHS` = -0.78 (16.2x median), `BUREAU_DAYS_CREDIT_MEAN` = 0.89 (13.1x median), `BUREAU_COUNT` = 2.02 (12.2x median)","Ekstrem secara statistik tapi koheren — kemungkinan tail-end legitimate customer (VHNW, kasus khusus).",Routing: alihkan ke divisi Wealth Management / Priority Banking untuk potensi cross-sell.
69361,cluster_1,Tipe B - Rare but Valid,"`AMT_CREDIT` = -1.01 (30.8x median), `BUREAU_ACTIVE_RATIO` = -1.11 (17.7x median), `AMT_ANNUITY` = -1.02 (16.5x median), `BUREAU_DEBT_TO_CREDIT_RATIO` = -0.59 (10.5x median), `BUREAU_DAYS_CREDIT_MEAN` = 1.45 (9.2x median)","Ekstrem secara statistik tapi koheren — kemungkinan tail-end legitimate customer (VHNW, kasus khusus).",Routing: alihkan ke divisi Wealth Management / Priority Banking untuk potensi cross-sell.
69422,cluster_4,Tipe A - Data Error,"`EXT_SOURCE_1` = -1.26 (94.4x median), `BUREAU_ACTIVE_RATIO` = 2.03 (35.5x median), `AMT_REQ_CREDIT_BUREAU_YEAR` = 3.58 (27.8x median), `YEARS_BIRTH` = -0.83 (23.7x median), `BUREAU_DEBT_TO_CREDIT_RATIO` = 1.84 (20.9x median)","Deviasi fitur > 50x median klaster — kemungkinan kesalahan input/ETL (overflow, salah unit, atau sentinel value tidak ter-handle).",Data Engineering: tambahkan capping rule (Z-score>3 di tahap ingest) untuk mencegah kontaminasi model.
69768,cluster_4,Tipe A - Data Error,"`EXT_SOURCE_1` = -1.88 (140.7x median), `REGION_RATING_CLIENT_W_CITY` = 1.92 (34.6x median), `YEARS_BIRTH` = -1.09 (31.6x median), `CREDIT_TERM_MONTHS` = -0.74 (15.1x median), `POS_MONTHS_COUNT` = -0.49 (14.0x median)","Deviasi fitur > 50x median klaster — kemungkinan kesalahan input/ETL (overflow, salah unit, atau sentinel value tidak ter-handle).",Data Engineering: tambahkan capping rule (Z-score>3 di tahap ingest) untuk mencegah kontaminasi model.
70188,cluster_4,Tipe A - Data Error,"`EXT_SOURCE_1` = 2.05 (151.5x median), `POS_MONTHS_COUNT` = 1.25 (32.4x median), `INST_PAYMENT_RATIO_MEAN` = 0.16 (15.4x median), `YEARS_BIRTH` = 0.44 (14.0x median), `EXT_SOURCE_3` = -1.37 (13.3x median)","Deviasi fitur > 50x median klaster — kemungkinan kesalahan input/ETL (overflow, salah unit, atau sentinel value tidak ter-handle).",Data Engineering: tambahkan capping rule (Z-score>3 di tahap ingest) untuk mencegah kontaminasi model.
70303,cluster_3,Tipe A - Data Error,"`EXT_SOURCE_1` = 1.39 (102.3x median), `REGION_RATING_CLIENT_W_CITY` = 1.92 (34.6x median), `PREV_APPROVAL_RATE` = -0.36 (18.6x median), `CREDIT_TERM_MONTHS` = -1.39 (17.4x median), `AMT_ANNUITY` = -1.28 (15.3x median)","Deviasi fitur > 50x median klaster — kemungkinan kesalahan input/ETL (overflow, salah unit, atau sentinel value tidak ter-handle).",Data Engineering: tambahkan capping rule (Z-score>3 di tahap ingest) untuk mencegah kontaminasi model.
70347,cluster_4,Tipe B - Rare but Valid,"`YEARS_BIRTH` = 1.31 (40.2x median), `CREDIT_TERM_MONTHS` = 1.17 (26.6x median), `YEARS_EMPLOYED` = 4.56 (22.8x median), `BUREAU_DAYS_CREDIT_MEAN` = -1.42 (18.3x median), `OWN_CAR_AGE` = 6.68 (15.7x median)","Ekstrem secara statistik tapi koheren — kemungkinan tail-end legitimate customer (VHNW, kasus khusus).",Routing: alihkan ke divisi Wealth Management / Priority Banking untuk potensi cross-sell.
70374,cluster_4,Tipe A - Data Error,"`EXT_SOURCE_1` = 2.65 (195.8x median), `REGION_RATING_CLIENT_W_CITY` = -2.04 (34.6x median), `CREDIT_TERM_MONTHS` = -1.48 (31.3x median), `BUREAU_BB_DPD_RATIO_MEAN` = 5.44 (29.0x median), `YEARS_BIRTH` = 0.94 (28.9x median)","Deviasi fitur > 50x median klaster — kemungkinan kesalahan input/ETL (overflow, salah unit, atau sentinel value tidak ter-handle).",Data Engineering: tambahkan capping rule (Z-score>3 di tahap ingest) untuk mencegah kontaminasi model.
70591,cluster_3,Tipe B - Rare but Valid,"`PREV_APPROVAL_RATE` = 0.96 (46.5x median), `POS_SK_DPD_MEAN` = 6.75 (34.2x median), `EXT_SOURCE_1` = 0.44 (31.6x median), `YEARS_EMPLOYED` = 4.68 (14.9x median), `EXT_SOURCE_3` = -0.88 (8.9x median)","Ekstrem secara statistik tapi koheren — kemungkinan tail-end legitimate customer (VHNW, kasus khusus).",Routing: alihkan ke divisi Wealth Management / Priority Banking untuk potensi cross-sell.
70902,cluster_3,Tipe A - Data Error,"`BUREAU_BB_DPD_RATIO_MEAN` = 12.07 (63.1x median), `PREV_APPROVAL_RATE` = -0.92 (46.5x median), `REGION_RATING_CLIENT_W_CITY` = 1.92 (34.6x median), `EXT_SOURCE_1` = 0.44 (31.8x median), `EXT_SOURCE_3` = -1.96 (18.6x median)","Deviasi fitur > 50x median klaster — kemungkinan kesalahan input/ETL (overflow, salah unit, atau sentinel value tidak ter-handle).",Data Engineering: tambahkan capping rule (Z-score>3 di tahap ingest) untuk mencegah kontaminasi model.
71024,cluster_3,Tipe A - Data Error,"`POS_SK_DPD_MEAN` = 32.45 (168.1x median), `PREV_APPROVAL_RATE` = -2.34 (116.2x median), `AMT_ANNUITY` = 1.52 (16.0x median), `ANNUITY_TO_INCOME` = 1.31 (15.0x median), `YEARS_BIRTH` = 1.56 (11.0x median)","Deviasi fitur > 50x median klaster — kemungkinan kesalahan input/ETL (overflow, salah unit, atau sentinel value tidak ter-handle).",Data Engineering: tambahkan capping rule (Z-score>3 di tahap ingest) untuk mencegah kontaminasi model.
71987,cluster_3,Tipe A - Data Error,"`CC_SK_DPD_MEAN` = 12.46 (251.3x median), `PREV_APPROVAL_RATE` = 0.96 (46.5x median), `REGION_RATING_CLIENT_W_CITY` = -2.04 (34.6x median), `BUREAU_ACTIVE_RATIO` = 1.25 (22.2x median), `AMT_ANNUITY` = 1.05 (10.7x median)","Deviasi fitur > 50x median klaster — kemungkinan kesalahan input/ETL (overflow, salah unit, atau sentinel value tidak ter-handle).",Data Engineering: tambahkan capping rule (Z-score>3 di tahap ingest) untuk mencegah kontaminasi model.
72023,cluster_4,Tipe B - Rare but Valid,"`POS_MONTHS_COUNT` = 1.41 (36.7x median), `YEARS_BIRTH` = 0.79 (24.6x median), `CREDIT_TERM_MONTHS` = -1.08 (22.6x median), `BUREAU_COUNT` = 3.78 (22.0x median), `AMT_REQ_CREDIT_BUREAU_YEAR` = 2.43 (18.5x median)","Ekstrem secara statistik tapi koheren — kemungkinan tail-end legitimate customer (VHNW, kasus khusus).",Routing: alihkan ke divisi Wealth Management / Priority Banking untuk potensi cross-sell.
72211,cluster_0,Tipe B - Rare but Valid,"`REGION_RATING_CLIENT_W_CITY` = 1.92 (34.6x median), `EXT_SOURCE_2` = -2.62 (31.5x median), `BUREAU_ACTIVE_RATIO` = -1.11 (17.7x median), `OWN_CAR_AGE` = 6.68 (15.7x median), `YEARS_BIRTH` = -1.91 (4.0x median)","Ekstrem secara statistik tapi koheren — kemungkinan tail-end legitimate customer (VHNW, kasus khusus).",Routing: alihkan ke divisi Wealth Management / Priority Banking untuk potensi cross-sell.
72625,cluster_4,Tipe A - Data Error,"`EXT_SOURCE_1` = -1.38 (103.1x median), `YEARS_BIRTH` = -1.46 (42.4x median), `REGION_RATING_CLIENT_W_CITY` = 1.92 (34.6x median), `EXT_SOURCE_3` = -2.12 (20.1x median), `POS_MONTHS_COUNT` = 0.68 (17.3x median)","Deviasi fitur > 50x median klaster — kemungkinan kesalahan input/ETL (overflow, salah unit, atau sentinel value tidak ter-handle).",Data Engineering: tambahkan capping rule (Z-score>3 di tahap ingest) untuk mencegah kontaminasi model.
72750,cluster_3,Tipe B - Rare but Valid,"`PREV_APPROVAL_RATE` = 0.96 (46.5x median), `BUREAU_ACTIVE_RATIO` = -1.11 (17.7x median), `BUREAU_DAYS_CREDIT_MEAN` = 1.45 (10.1x median), `BUREAU_COUNT` = -1.06 (4.9x median), `INST_SEVERE_LATE_RATIO` = 19.45 (4.4x median)","Ekstrem secara statistik tapi koheren — kemungkinan tail-end legitimate customer (VHNW, kasus khusus).",Routing: alihkan ke divisi Wealth Management / Priority Banking untuk potensi cross-sell.
72804,cluster_4,Tipe A - Data Error,"`EXT_SOURCE_1` = 1.09 (80.3x median), `YEARS_BIRTH` = 0.72 (22.5x median), `POS_MONTHS_COUNT` = 0.60 (15.1x median), `AMT_INCOME_TOTAL` = 1.40 (11.9x median), `EXT_SOURCE_3` = 1.12 (9.1x median)","Deviasi fitur > 50x median klaster — kemungkinan kesalahan input/ETL (overflow, salah unit, atau sentinel value tidak ter-handle).",Data Engineering: tambahkan capping rule (Z-score>3 di tahap ingest) untuk mencegah kontaminasi model.
72853,cluster_4,Tipe B - Rare but Valid,"`POS_MONTHS_COUNT` = -1.13 (31.3x median), `CREDIT_TERM_MONTHS` = 1.19 (27.0x median), `EXT_SOURCE_1` = -0.32 (24.5x median), `BUREAU_DAYS_CREDIT_MEAN` = 1.45 (20.7x median), `BUREAU_ACTIVE_RATIO` = -1.11 (17.7x median)","Ekstrem secara statistik tapi koheren — kemungkinan tail-end legitimate customer (VHNW, kasus khusus).",Routing: alihkan ke divisi Wealth Management / Priority Banking untuk potensi cross-sell.
73377,cluster_3,Tipe B - Rare but Valid,"`PREV_APPROVAL_RATE` = 0.96 (46.5x median), `BUREAU_ACTIVE_RATIO` = -1.11 (17.7x median), `ANNUITY_TO_INCOME` = 1.16 (13.5x median), `YEARS_BIRTH` = -1.31 (11.1x median), `AMT_ANNUITY` = 0.92 (9.2x median)","Ekstrem secara statistik tapi koheren — kemungkinan tail-end legitimate customer (VHNW, kasus khusus).",Routing: alihkan ke divisi Wealth Management / Priority Banking untuk potensi cross-sell.
74122,cluster_3,Tipe A - Data Error,"`BUREAU_BB_SEVERE_DPD_MEAN` = 23.89 (467.5x median), `EXT_SOURCE_1` = -2.73 (203.8x median), `BUREAU_BB_DPD_RATIO_MEAN` = 18.07 (93.9x median), `PREV_APPROVAL_RATE` = 0.96 (46.5x median), `BUREAU_ACTIVE_RATIO` = 2.03 (35.5x median)","Deviasi fitur > 50x median klaster — kemungkinan kesalahan input/ETL (overflow, salah unit, atau sentinel value tidak ter-handle).",Data Engineering: tambahkan capping rule (Z-score>3 di tahap ingest) untuk mencegah kontaminasi model.
74413,cluster_3,Tipe B - Rare but Valid,"`PREV_APPROVAL_RATE` = 0.96 (46.5x median), `ANNUITY_TO_INCOME` = 1.08 (12.6x median), `EXT_SOURCE_2` = -1.86 (10.3x median), `CREDIT_TERM_MONTHS` = -0.79 (9.4x median), `BUREAU_ACTIVE_RATIO` = 0.46 (8.9x median)","Ekstrem secara statistik tapi koheren — kemungkinan tail-end legitimate customer (VHNW, kasus khusus).",Routing: alihkan ke divisi Wealth Management / Priority Banking untuk potensi cross-sell.
74475,cluster_4,Tipe B - Rare but Valid,"`REGION_RATING_CLIENT_W_CITY` = 1.92 (34.6x median), `POS_MONTHS_COUNT` = -0.93 (25.9x median), `BUREAU_DAYS_CREDIT_MEAN` = 1.45 (20.7x median), `BUREAU_ACTIVE_RATIO` = -1.11 (17.7x median), `CREDIT_TERM_MONTHS` = 0.69 (16.1x median)","Ekstrem secara statistik tapi koheren — kemungkinan tail-end legitimate customer (VHNW, kasus khusus).",Routing: alihkan ke divisi Wealth Management / Priority Banking untuk potensi cross-sell.
74508,cluster_4,Tipe A - Data Error,"`EXT_SOURCE_1` = 1.09 (79.6x median), `POS_MONTHS_COUNT` = 1.77 (46.4x median), `YEARS_EMPLOYED` = 3.01 (15.4x median), `BUREAU_BB_SEVERE_DPD_MEAN` = 0.59 (12.4x median), `BUREAU_BB_DPD_RATIO_MEAN` = 2.17 (12.2x median)","Deviasi fitur > 50x median klaster — kemungkinan kesalahan input/ETL (overflow, salah unit, atau sentinel value tidak ter-handle).",Data Engineering: tambahkan capping rule (Z-score>3 di tahap ingest) untuk mencegah kontaminasi model.
74634,cluster_1,Tipe A - Data Error,"`EXT_SOURCE_1` = 2.43 (179.5x median), `AMT_CREDIT` = 0.93 (30.3x median), `BUREAU_ACTIVE_RATIO` = -1.11 (17.7x median), `PREV_REFUSED_COUNT` = 7.90 (11.0x median), `BUREAU_DEBT_TO_CREDIT_RATIO` = -0.59 (10.5x median)","Deviasi fitur > 50x median klaster — kemungkinan kesalahan input/ETL (overflow, salah unit, atau sentinel value tidak ter-handle).",Data Engineering: tambahkan capping rule (Z-score>3 di tahap ingest) untuk mencegah kontaminasi model.
74873,cluster_3,Tipe A - Data Error,"`CC_SK_DPD_MEAN` = 9.30 (187.9x median), `EXT_SOURCE_1` = 0.50 (36.1x median), `PREV_APPROVAL_RATE` = -0.69 (34.9x median), `ANNUITY_TO_INCOME` = 2.15 (24.1x median), `CREDIT_TERM_MONTHS` = -1.52 (19.0x median)","Deviasi fitur > 50x median klaster — kemungkinan kesalahan input/ETL (overflow, salah unit, atau sentinel value tidak ter-handle).",Data Engineering: tambahkan capping rule (Z-score>3 di tahap ingest) untuk mencegah kontaminasi model.
75806,cluster_4,Tipe B - Rare but Valid,"`EXT_SOURCE_1` = -0.49 (37.2x median), `BUREAU_ACTIVE_RATIO` = 1.51 (26.6x median), `CREDIT_TERM_MONTHS` = -0.92 (19.2x median), `AMT_ANNUITY` = -2.04 (15.5x median), `YEARS_EMPLOYED` = 2.35 (12.2x median)","Ekstrem secara statistik tapi koheren — kemungkinan tail-end legitimate customer (VHNW, kasus khusus).",Routing: alihkan ke divisi Wealth Management / Priority Banking untuk potensi cross-sell.
76232,cluster_2,Tipe A - Data Error,"`BUREAU_BB_SEVERE_DPD_MEAN` = 9.07 (178.1x median), `REGION_RATING_CLIENT_W_CITY` = 1.92 (34.6x median), `BUREAU_BB_DPD_RATIO_MEAN` = 6.02 (31.9x median), `INST_SEVERE_LATE_RATIO` = 4.39 (27.1x median), `INST_DPD_MEAN` = 2.21 (20.4x median)","Deviasi fitur > 50x median klaster — kemungkinan kesalahan input/ETL (overflow, salah unit, atau sentinel value tidak ter-handle).",Data Engineering: tambahkan capping rule (Z-score>3 di tahap ingest) untuk mencegah kontaminasi model.
76282,cluster_3,Tipe B - Rare but Valid,"`CC_SK_DPD_MEAN` = 1.78 (36.8x median), `EXT_SOURCE_1` = -0.33 (25.5x median), `AMT_ANNUITY` = -1.64 (19.3x median), `BUREAU_ACTIVE_RATIO` = 0.46 (8.9x median), `CC_MONTHS_COUNT` = 3.37 (8.7x median)","Ekstrem secara statistik tapi koheren — kemungkinan tail-end legitimate customer (VHNW, kasus khusus).",Routing: alihkan ke divisi Wealth Management / Priority Banking untuk potensi cross-sell.
76480,cluster_4,Tipe A - Data Error,"`POS_MONTHS_COUNT` = 3.31 (87.4x median), `CREDIT_TERM_MONTHS` = 1.67 (37.6x median), `REGION_RATING_CLIENT_W_CITY` = 1.92 (34.6x median), `BUREAU_COUNT` = 3.78 (22.0x median), `BUREAU_DAYS_CREDIT_MEAN` = -1.62 (21.0x median)","Deviasi fitur > 50x median klaster — kemungkinan kesalahan input/ETL (overflow, salah unit, atau sentinel value tidak ter-handle).",Data Engineering: tambahkan capping rule (Z-score>3 di tahap ingest) untuk mencegah kontaminasi model.
76560,cluster_4,Tipe A - Data Error,"`BUREAU_BB_SEVERE_DPD_MEAN` = 7.60 (149.3x median), `BUREAU_BB_DPD_RATIO_MEAN` = 6.40 (33.9x median), `BUREAU_DAYS_CREDIT_MEAN` = -2.25 (29.5x median), `YEARS_BIRTH` = -0.84 (24.2x median), `CREDIT_TERM_MONTHS` = -0.89 (18.5x median)","Deviasi fitur > 50x median klaster — kemungkinan kesalahan input/ETL (overflow, salah unit, atau sentinel value tidak ter-handle).",Data Engineering: tambahkan capping rule (Z-score>3 di tahap ingest) untuk mencegah kontaminasi model.
76587,cluster_4,Tipe A - Data Error,"`EXT_SOURCE_1` = 1.99 (146.8x median), `POS_MONTHS_COUNT` = 3.35 (88.5x median), `YEARS_BIRTH` = 1.16 (35.6x median), `AMT_REQ_CREDIT_BUREAU_YEAR` = 3.58 (27.8x median), `BUREAU_ACTIVE_RATIO` = 1.41 (24.8x median)","Deviasi fitur > 50x median klaster — kemungkinan kesalahan input/ETL (overflow, salah unit, atau sentinel value tidak ter-handle).",Data Engineering: tambahkan capping rule (Z-score>3 di tahap ingest) untuk mencegah kontaminasi model.
76732,cluster_1,Tipe B - Rare but Valid,"`AMT_CREDIT` = -0.76 (22.8x median), `BUREAU_ACTIVE_RATIO` = -1.11 (17.7x median), `AMT_ANNUITY` = -1.04 (16.7x median), `INST_LATE_RATIO` = 2.01 (13.4x median), `INST_DPD_MAX` = 1.26 (11.2x median)","Ekstrem secara statistik tapi koheren — kemungkinan tail-end legitimate customer (VHNW, kasus khusus).",Routing: alihkan ke divisi Wealth Management / Priority Banking untuk potensi cross-sell.
76734,cluster_1,Tipe A - Data Error,"`EXT_SOURCE_1` = 1.72 (126.9x median), `INST_SEVERE_LATE_RATIO` = 8.06 (48.9x median), `INST_LATE_RATIO` = 5.09 (32.4x median), `INST_DPD_MEAN` = 1.40 (15.9x median), `BUREAU_DEBT_TO_CREDIT_RATIO` = -0.52 (9.1x median)","Deviasi fitur > 50x median klaster — kemungkinan kesalahan input/ETL (overflow, salah unit, atau sentinel value tidak ter-handle).",Data Engineering: tambahkan capping rule (Z-score>3 di tahap ingest) untuk mencegah kontaminasi model.
76846,cluster_4,Tipe C - Risk Signal,"`BUREAU_ACTIVE_RATIO` = 2.03 (35.5x median), `REGION_RATING_CLIENT_W_CITY` = 1.92 (34.6x median), `YEARS_BIRTH` = -1.06 (30.6x median), `CREDIT_TERM_MONTHS` = 1.18 (26.8x median), `CREDIT_TO_INCOME` = 4.43 (20.0x median)","Kombinasi finansial kontradiktif (mis. rasio cicilan/pendapatan ekstrem, income rendah + credit besar, atau skor eksternal tinggi di cluster bermasalah).","Underwriting: matikan auto-approve, wajibkan manual review oleh underwriter senior + verifikasi pendapatan fisik."
76932,cluster_1,Tipe A - Data Error,"`AMT_CREDIT` = -2.29 (71.0x median), `EXT_SOURCE_1` = -0.82 (61.7x median), `AMT_ANNUITY` = -1.67 (26.3x median), `BUREAU_ACTIVE_RATIO` = -1.11 (17.7x median), `BUREAU_DEBT_TO_CREDIT_RATIO` = -0.59 (10.5x median)","Deviasi fitur > 50x median klaster — kemungkinan kesalahan input/ETL (overflow, salah unit, atau sentinel value tidak ter-handle).",Data Engineering: tambahkan capping rule (Z-score>3 di tahap ingest) untuk mencegah kontaminasi model.
77142,cluster_0,Tipe B - Rare but Valid,"`REGION_RATING_CLIENT_W_CITY` = 1.92 (34.6x median), `EXT_SOURCE_2` = -2.33 (28.1x median), `INST_SEVERE_LATE_RATIO` = 3.37 (21.0x median), `BUREAU_ACTIVE_RATIO` = -1.11 (17.7x median), `INST_DPD_MEAN` = 0.68 (7.0x median)","Ekstrem secara statistik tapi koheren — kemungkinan tail-end legitimate customer (VHNW, kasus khusus).",Routing: alihkan ke divisi Wealth Management / Priority Banking untuk potensi cross-sell.
77165,cluster_1,Tipe A - Data Error,"`EXT_SOURCE_1` = -3.23 (240.9x median), `REGION_RATING_CLIENT_W_CITY` = 1.92 (34.6x median), `BUREAU_DEBT_TO_CREDIT_RATIO` = -0.46 (8.1x median), `BUREAU_ACTIVE_RATIO` = -0.48 (7.1x median), `YEARS_BIRTH` = -1.35 (6.4x median)","Deviasi fitur > 50x median klaster — kemungkinan kesalahan input/ETL (overflow, salah unit, atau sentinel value tidak ter-handle).",Data Engineering: tambahkan capping rule (Z-score>3 di tahap ingest) untuk mencegah kontaminasi model.
77387,cluster_1,Tipe B - Rare but Valid,"`AMT_CREDIT` = -0.63 (18.8x median), `AMT_ANNUITY` = -0.81 (13.3x median), `BUREAU_DEBT_TO_CREDIT_RATIO` = 0.31 (7.1x median), `EXT_SOURCE_3` = -1.34 (7.0x median), `BUREAU_COUNT` = 2.02 (6.8x median)","Ekstrem secara statistik tapi koheren — kemungkinan tail-end legitimate customer (VHNW, kasus khusus).",Routing: alihkan ke divisi Wealth Management / Priority Banking untuk potensi cross-sell.
77589,cluster_2,Tipe B - Rare but Valid,"`INST_SEVERE_LATE_RATIO` = 7.33 (44.6x median), `INST_LATE_RATIO` = 5.63 (10.0x median), `BUREAU_COUNT` = 1.58 (9.8x median), `INST_DPD_MEAN` = 0.96 (9.4x median), `BUREAU_DAYS_CREDIT_MEAN` = -0.75 (4.4x median)","Ekstrem secara statistik tapi koheren — kemungkinan tail-end legitimate customer (VHNW, kasus khusus).",Routing: alihkan ke divisi Wealth Management / Priority Banking untuk potensi cross-sell.
77738,cluster_4,Tipe B - Rare but Valid,"`CREDIT_TERM_MONTHS` = 1.97 (44.2x median), `BUREAU_COUNT` = 5.10 (29.3x median), `YEARS_BIRTH` = -0.93 (26.8x median), `BUREAU_ACTIVE_RATIO` = -0.66 (10.1x median), `POS_MONTHS_COUNT` = 0.40 (9.7x median)","Ekstrem secara statistik tapi koheren — kemungkinan tail-end legitimate customer (VHNW, kasus khusus).",Routing: alihkan ke divisi Wealth Management / Priority Banking untuk potensi cross-sell.
77976,cluster_4,Tipe B - Rare but Valid,"`REGION_RATING_CLIENT_W_CITY` = -2.04 (34.6x median), `YEARS_BIRTH` = 1.07 (33.0x median), `POS_MONTHS_COUNT` = -0.73 (20.5x median), `EXT_SOURCE_3` = -1.62 (15.6x median), `BUREAU_DAYS_CREDIT_MEAN` = -1.20 (15.3x median)","Ekstrem secara statistik tapi koheren — kemungkinan tail-end legitimate customer (VHNW, kasus khusus).",Routing: alihkan ke divisi Wealth Management / Priority Banking untuk potensi cross-sell.
78255,cluster_3,Tipe B - Rare but Valid,"`PREV_APPROVAL_RATE` = 0.96 (46.5x median), `EXT_SOURCE_3` = -2.94 (27.5x median), `CREDIT_TERM_MONTHS` = -0.74 (8.7x median), `ANNUITY_TO_INCOME` = -0.81 (7.7x median), `YEARS_BIRTH` = -0.80 (7.2x median)","Ekstrem secara statistik tapi koheren — kemungkinan tail-end legitimate customer (VHNW, kasus khusus).",Routing: alihkan ke divisi Wealth Management / Priority Banking untuk potensi cross-sell.
78366,cluster_1,Tipe B - Rare but Valid,"`INST_SEVERE_LATE_RATIO` = 5.30 (32.5x median), `BUREAU_ACTIVE_RATIO` = -1.11 (17.7x median), `INST_DPD_MEAN` = 1.02 (11.9x median), `INST_LATE_RATIO` = 1.65 (11.2x median), `BUREAU_DEBT_TO_CREDIT_RATIO` = -0.59 (10.5x median)","Ekstrem secara statistik tapi koheren — kemungkinan tail-end legitimate customer (VHNW, kasus khusus).",Routing: alihkan ke divisi Wealth Management / Priority Banking untuk potensi cross-sell.
78998,cluster_1,Tipe A - Data Error,"`EXT_SOURCE_1` = -0.71 (53.9x median), `REGION_RATING_CLIENT_W_CITY` = -2.04 (34.6x median), `INST_DPD_MAX` = 2.73 (23.2x median), `INST_SEVERE_LATE_RATIO` = 3.02 (18.9x median), `INST_DPD_MEAN` = 1.66 (18.7x median)","Deviasi fitur > 50x median klaster — kemungkinan kesalahan input/ETL (overflow, salah unit, atau sentinel value tidak ter-handle).",Data Engineering: tambahkan capping rule (Z-score>3 di tahap ingest) untuk mencegah kontaminasi model.
79170,cluster_4,Tipe B - Rare but Valid,"`POS_MONTHS_COUNT` = 1.89 (49.7x median), `YEARS_BIRTH` = 1.33 (40.7x median), `EXT_SOURCE_3` = -1.75 (16.7x median), `BUREAU_DAYS_CREDIT_MEAN` = 0.68 (10.2x median), `AMT_REQ_CREDIT_BUREAU_YEAR` = -1.03 (9.3x median)","Ekstrem secara statistik tapi koheren — kemungkinan tail-end legitimate customer (VHNW, kasus khusus).",Routing: alihkan ke divisi Wealth Management / Priority Banking untuk potensi cross-sell.
79868,cluster_3,Tipe B - Rare but Valid,"`POS_SK_DPD_MEAN` = 7.87 (40.0x median), `PREV_APPROVAL_RATE` = -0.69 (34.9x median), `EXT_SOURCE_3` = -1.93 (18.4x median), `EXT_SOURCE_2` = -2.71 (14.5x median), `BUREAU_DEBT_TO_CREDIT_RATIO` = 0.97 (3.9x median)","Ekstrem secara statistik tapi koheren — kemungkinan tail-end legitimate customer (VHNW, kasus khusus).",Routing: alihkan ke divisi Wealth Management / Priority Banking untuk potensi cross-sell.
79901,cluster_1,Tipe B - Rare but Valid,"`REGION_RATING_CLIENT_W_CITY` = 1.92 (34.6x median), `AMT_CREDIT` = 0.44 (15.0x median), `INST_SEVERE_LATE_RATIO` = 2.14 (13.7x median), `BUREAU_COUNT` = 3.56 (12.7x median), `AMT_ANNUITY` = 0.58 (7.8x median)","Ekstrem secara statistik tapi koheren — kemungkinan tail-end legitimate customer (VHNW, kasus khusus).",Routing: alihkan ke divisi Wealth Management / Priority Banking untuk potensi cross-sell.
80441,cluster_3,Tipe B - Rare but Valid,"`PREV_APPROVAL_RATE` = 0.96 (46.5x median), `POS_SK_DPD_MEAN` = 7.89 (40.1x median), `BUREAU_ACTIVE_RATIO` = -1.11 (17.7x median), `CREDIT_TERM_MONTHS` = 1.26 (17.6x median), `BUREAU_DAYS_CREDIT_MEAN` = 1.45 (10.1x median)","Ekstrem secara statistik tapi koheren — kemungkinan tail-end legitimate customer (VHNW, kasus khusus).",Routing: alihkan ke divisi Wealth Management / Priority Banking untuk potensi cross-sell.
80943,cluster_1,Tipe B - Rare but Valid,"`AMT_CREDIT` = 1.35 (43.4x median), `AMT_ANNUITY` = 1.30 (18.7x median), `BUREAU_ACTIVE_RATIO` = -0.62 (9.5x median), `BUREAU_COUNT` = 1.80 (5.9x median), `CC_UTILIZATION_MAX` = 2.28 (5.9x median)","Ekstrem secara statistik tapi koheren — kemungkinan tail-end legitimate customer (VHNW, kasus khusus).",Routing: alihkan ke divisi Wealth Management / Priority Banking untuk potensi cross-sell.
81043,cluster_3,Tipe A - Data Error,"`CC_SK_DPD_MEAN` = 6.96 (140.8x median), `REGION_RATING_CLIENT_W_CITY` = 1.92 (34.6x median), `AMT_ANNUITY` = -1.93 (22.5x median), `BUREAU_COUNT` = 3.34 (19.6x median), `PREV_APPROVAL_RATE` = 0.41 (19.4x median)","Deviasi fitur > 50x median klaster — kemungkinan kesalahan input/ETL (overflow, salah unit, atau sentinel value tidak ter-handle).",Data Engineering: tambahkan capping rule (Z-score>3 di tahap ingest) untuk mencegah kontaminasi model.
81225,cluster_1,Tipe B - Rare but Valid,"`BUREAU_ACTIVE_RATIO` = 2.03 (35.5x median), `AMT_CREDIT` = -1.01 (30.8x median), `AMT_ANNUITY` = -1.10 (17.7x median), `EXT_SOURCE_2` = -2.08 (9.2x median), `EXT_SOURCE_3` = 1.11 (7.6x median)","Ekstrem secara statistik tapi koheren — kemungkinan tail-end legitimate customer (VHNW, kasus khusus).",Routing: alihkan ke divisi Wealth Management / Priority Banking untuk potensi cross-sell.
81615,cluster_1,Tipe B - Rare but Valid,"`REGION_RATING_CLIENT_W_CITY` = -2.04 (34.6x median), `AMT_ANNUITY` = 1.66 (24.2x median), `INST_LATE_RATIO` = 3.69 (23.8x median), `BUREAU_BB_DPD_RATIO_MEAN` = 3.28 (17.9x median), `INST_DPD_MAX` = 1.46 (12.8x median)","Ekstrem secara statistik tapi koheren — kemungkinan tail-end legitimate customer (VHNW, kasus khusus).",Routing: alihkan ke divisi Wealth Management / Priority Banking untuk potensi cross-sell.
82130,cluster_4,Tipe A - Data Error,"`CC_SK_DPD_MEAN` = 19.62 (395.0x median), `EXT_SOURCE_1` = 1.19 (87.0x median), `YEARS_BIRTH` = 1.14 (34.9x median), `POS_MONTHS_COUNT` = -0.97 (27.0x median), `YEARS_EMPLOYED` = 1.73 (9.3x median)","Deviasi fitur > 50x median klaster — kemungkinan kesalahan input/ETL (overflow, salah unit, atau sentinel value tidak ter-handle).",Data Engineering: tambahkan capping rule (Z-score>3 di tahap ingest) untuk mencegah kontaminasi model.
82211,cluster_4,Tipe B - Rare but Valid,"`POS_MONTHS_COUNT` = 1.21 (31.3x median), `YEARS_BIRTH` = 0.83 (25.6x median), `BUREAU_ACTIVE_RATIO` = 1.41 (24.8x median), `EXT_SOURCE_3` = -2.26 (21.3x median), `BUREAU_DEBT_TO_CREDIT_RATIO` = 1.29 (14.9x median)","Ekstrem secara statistik tapi koheren — kemungkinan tail-end legitimate customer (VHNW, kasus khusus).",Routing: alihkan ke divisi Wealth Management / Priority Banking untuk potensi cross-sell.
82258,cluster_4,Tipe A - Data Error,"`EXT_SOURCE_1` = 1.65 (121.7x median), `POS_MONTHS_COUNT` = 1.85 (48.6x median), `CREDIT_TERM_MONTHS` = 1.70 (38.1x median), `REGION_RATING_CLIENT_W_CITY` = -2.04 (34.6x median), `YEARS_BIRTH` = -0.91 (26.2x median)","Deviasi fitur > 50x median klaster — kemungkinan kesalahan input/ETL (overflow, salah unit, atau sentinel value tidak ter-handle).",Data Engineering: tambahkan capping rule (Z-score>3 di tahap ingest) untuk mencegah kontaminasi model.
82484,cluster_4,Tipe A - Data Error,"`EXT_SOURCE_1` = 1.10 (80.4x median), `POS_MONTHS_COUNT` = 1.57 (41.0x median), `REGION_RATING_CLIENT_W_CITY` = -2.04 (34.6x median), `BUREAU_DAYS_CREDIT_MEAN` = -2.01 (26.3x median), `YEARS_BIRTH` = 0.66 (20.8x median)","Deviasi fitur > 50x median klaster — kemungkinan kesalahan input/ETL (overflow, salah unit, atau sentinel value tidak ter-handle).",Data Engineering: tambahkan capping rule (Z-score>3 di tahap ingest) untuk mencegah kontaminasi model.
83120,cluster_4,Tipe B - Rare but Valid,"`POS_MONTHS_COUNT` = 1.29 (33.5x median), `BUREAU_ACTIVE_RATIO` = 1.14 (20.3x median), `YEARS_BIRTH` = 0.51 (16.2x median), `CREDIT_TERM_MONTHS` = -0.58 (11.7x median), `BUREAU_DEBT_TO_CREDIT_RATIO` = 0.92 (11.0x median)","Ekstrem secara statistik tapi koheren — kemungkinan tail-end legitimate customer (VHNW, kasus khusus).",Routing: alihkan ke divisi Wealth Management / Priority Banking untuk potensi cross-sell.
83659,cluster_2,Tipe B - Rare but Valid,"`REGION_RATING_CLIENT_W_CITY` = 1.92 (34.6x median), `BUREAU_DAYS_CREDIT_MEAN` = -1.87 (12.6x median), `YEARS_BIRTH` = -0.89 (12.5x median), `EXT_SOURCE_3` = -0.96 (9.7x median), `PREV_REFUSED_COUNT` = 3.45 (8.6x median)","Ekstrem secara statistik tapi koheren — kemungkinan tail-end legitimate customer (VHNW, kasus khusus).",Routing: alihkan ke divisi Wealth Management / Priority Banking untuk potensi cross-sell.
83871,cluster_4,Tipe A - Data Error,"`POS_SK_DPD_MEAN` = 11.16 (160.4x median), `YEARS_BIRTH` = 1.53 (46.5x median), `POS_MONTHS_COUNT` = 1.49 (38.9x median), `REGION_RATING_CLIENT_W_CITY` = -2.04 (34.6x median), `BUREAU_DAYS_CREDIT_MEAN` = 1.45 (20.7x median)","Deviasi fitur > 50x median klaster — kemungkinan kesalahan input/ETL (overflow, salah unit, atau sentinel value tidak ter-handle).",Data Engineering: tambahkan capping rule (Z-score>3 di tahap ingest) untuk mencegah kontaminasi model.
84069,cluster_4,Tipe B - Rare but Valid,"`EXT_SOURCE_1` = -0.47 (36.2x median), `REGION_RATING_CLIENT_W_CITY` = -2.04 (34.6x median), `CREDIT_TERM_MONTHS` = -1.48 (31.5x median), `YEARS_BIRTH` = -0.89 (25.5x median), `BUREAU_DAYS_CREDIT_MEAN` = 1.45 (20.7x median)","Ekstrem secara statistik tapi koheren — kemungkinan tail-end legitimate customer (VHNW, kasus khusus).",Routing: alihkan ke divisi Wealth Management / Priority Banking untuk potensi cross-sell.
84164,cluster_4,Tipe A - Data Error,"`EXT_SOURCE_1` = -1.79 (134.0x median), `YEARS_BIRTH` = -1.08 (31.1x median), `BUREAU_ACTIVE_RATIO` = 0.99 (17.7x median), `POS_MONTHS_COUNT` = 0.68 (17.3x median), `AMT_REQ_CREDIT_BUREAU_YEAR` = 1.85 (13.9x median)","Deviasi fitur > 50x median klaster — kemungkinan kesalahan input/ETL (overflow, salah unit, atau sentinel value tidak ter-handle).",Data Engineering: tambahkan capping rule (Z-score>3 di tahap ingest) untuk mencegah kontaminasi model.
84223,cluster_1,Tipe A - Data Error,"`EXT_SOURCE_1` = -1.11 (83.5x median), `BUREAU_BB_DPD_RATIO_MEAN` = 3.99 (21.5x median), `INST_LATE_RATIO` = 2.45 (16.1x median), `BUREAU_DEBT_TO_CREDIT_RATIO` = 0.58 (12.5x median), `AMT_CREDIT` = 0.34 (11.6x median)","Deviasi fitur > 50x median klaster — kemungkinan kesalahan input/ETL (overflow, salah unit, atau sentinel value tidak ter-handle).",Data Engineering: tambahkan capping rule (Z-score>3 di tahap ingest) untuk mencegah kontaminasi model.
84473,cluster_4,Tipe A - Data Error,"`CC_SK_DPD_MEAN` = 25.23 (507.6x median), `EXT_SOURCE_1` = 1.16 (84.8x median), `REGION_RATING_CLIENT_W_CITY` = 1.92 (34.6x median), `YEARS_BIRTH` = 1.01 (31.0x median), `POS_MONTHS_COUNT` = -0.93 (25.9x median)","Deviasi fitur > 50x median klaster — kemungkinan kesalahan input/ETL (overflow, salah unit, atau sentinel value tidak ter-handle).",Data Engineering: tambahkan capping rule (Z-score>3 di tahap ingest) untuk mencegah kontaminasi model.
84632,cluster_3,Tipe A - Data Error,"`BUREAU_BB_SEVERE_DPD_MEAN` = 37.66 (736.4x median), `BUREAU_BB_DPD_RATIO_MEAN` = 23.77 (123.3x median), `POS_SK_DPD_MEAN` = 21.74 (112.4x median), `PREV_APPROVAL_RATE` = 0.96 (46.5x median), `BUREAU_ACTIVE_RATIO` = 2.03 (35.5x median)","Deviasi fitur > 50x median klaster — kemungkinan kesalahan input/ETL (overflow, salah unit, atau sentinel value tidak ter-handle).",Data Engineering: tambahkan capping rule (Z-score>3 di tahap ingest) untuk mencegah kontaminasi model.
84642,cluster_3,Tipe A - Data Error,"`PREV_APPROVAL_RATE` = -1.76 (87.5x median), `POS_SK_DPD_MEAN` = 8.25 (42.0x median), `REGION_RATING_CLIENT_W_CITY` = 1.92 (34.6x median), `CC_UTILIZATION_MEAN` = 3.56 (9.8x median), `BUREAU_ACTIVE_RATIO` = 0.46 (8.9x median)","Deviasi fitur > 50x median klaster — kemungkinan kesalahan input/ETL (overflow, salah unit, atau sentinel value tidak ter-handle).",Data Engineering: tambahkan capping rule (Z-score>3 di tahap ingest) untuk mencegah kontaminasi model.
84781,cluster_4,Tipe B - Rare but Valid,"`YEARS_BIRTH` = 1.35 (41.2x median), `CREDIT_TERM_MONTHS` = 1.70 (38.1x median), `REGION_RATING_CLIENT_W_CITY` = -2.04 (34.6x median), `BUREAU_DAYS_CREDIT_MEAN` = 1.45 (20.7x median), `BUREAU_ACTIVE_RATIO` = -1.11 (17.7x median)","Ekstrem secara statistik tapi koheren — kemungkinan tail-end legitimate customer (VHNW, kasus khusus).",Routing: alihkan ke divisi Wealth Management / Priority Banking untuk potensi cross-sell.
84898,cluster_3,Tipe A - Data Error,"`CC_SK_DPD_MEAN` = 14.72 (296.7x median), `PREV_APPROVAL_RATE` = 0.96 (46.5x median), `AMT_ANNUITY` = -1.90 (22.2x median), `ANNUITY_TO_INCOME` = -1.26 (12.5x median), `AMT_CREDIT` = -1.40 (9.9x median)","Deviasi fitur > 50x median klaster — kemungkinan kesalahan input/ETL (overflow, salah unit, atau sentinel value tidak ter-handle).",Data Engineering: tambahkan capping rule (Z-score>3 di tahap ingest) untuk mencegah kontaminasi model.
85610,cluster_3,Tipe B - Rare but Valid,"`EXT_SOURCE_1` = -0.39 (29.6x median), `AMT_ANNUITY` = -1.94 (22.7x median), `CREDIT_TERM_MONTHS` = -1.51 (18.9x median), `AMT_CREDIT` = -2.52 (17.0x median), `ANNUITY_TO_INCOME` = -1.27 (12.7x median)","Ekstrem secara statistik tapi koheren — kemungkinan tail-end legitimate customer (VHNW, kasus khusus).",Routing: alihkan ke divisi Wealth Management / Priority Banking untuk potensi cross-sell.
85886,cluster_4,Tipe B - Rare but Valid,"`POS_MONTHS_COUNT` = 1.65 (43.2x median), `BUREAU_DAYS_CREDIT_MEAN` = 1.45 (20.7x median), `BUREAU_ACTIVE_RATIO` = -1.11 (17.7x median), `CREDIT_TERM_MONTHS` = 0.53 (12.6x median), `AMT_INCOME_TOTAL` = 1.40 (11.9x median)","Ekstrem secara statistik tapi koheren — kemungkinan tail-end legitimate customer (VHNW, kasus khusus).",Routing: alihkan ke divisi Wealth Management / Priority Banking untuk potensi cross-sell.
87344,cluster_4,Tipe B - Rare but Valid,"`CREDIT_TERM_MONTHS` = 1.26 (28.7x median), `POS_MONTHS_COUNT` = 0.97 (24.8x median), `EXT_SOURCE_3` = -1.90 (18.1x median), `INST_DPD_MAX` = 1.77 (18.0x median), `BUREAU_ACTIVE_RATIO` = 0.89 (16.1x median)","Ekstrem secara statistik tapi koheren — kemungkinan tail-end legitimate customer (VHNW, kasus khusus).",Routing: alihkan ke divisi Wealth Management / Priority Banking untuk potensi cross-sell.
87435,cluster_1,Tipe B - Rare but Valid,"`AMT_CREDIT` = -1.12 (34.2x median), `BUREAU_DEBT_TO_CREDIT_RATIO` = 0.87 (18.0x median), `BUREAU_ACTIVE_RATIO` = 0.99 (17.7x median), `EXT_SOURCE_3` = -2.48 (13.8x median), `AMT_ANNUITY` = -0.39 (6.9x median)","Ekstrem secara statistik tapi koheren — kemungkinan tail-end legitimate customer (VHNW, kasus khusus).",Routing: alihkan ke divisi Wealth Management / Priority Banking untuk potensi cross-sell.
87665,cluster_1,Tipe B - Rare but Valid,"`AMT_CREDIT` = 1.17 (37.9x median), `BUREAU_ACTIVE_RATIO` = 1.14 (20.3x median), `BUREAU_DEBT_TO_CREDIT_RATIO` = 0.74 (15.5x median), `EXT_SOURCE_3` = -2.08 (11.4x median), `CREDIT_TERM_MONTHS` = 1.70 (9.7x median)","Ekstrem secara statistik tapi koheren — kemungkinan tail-end legitimate customer (VHNW, kasus khusus).",Routing: alihkan ke divisi Wealth Management / Priority Banking untuk potensi cross-sell.
87741,cluster_3,Tipe A - Data Error,"`EXT_SOURCE_1` = 1.88 (138.8x median), `POS_SK_DPD_MEAN` = 7.93 (40.3x median), `PREV_APPROVAL_RATE` = -0.69 (34.9x median), `CREDIT_TERM_MONTHS` = 1.26 (17.6x median), `BUREAU_COUNT` = 2.24 (13.4x median)","Deviasi fitur > 50x median klaster — kemungkinan kesalahan input/ETL (overflow, salah unit, atau sentinel value tidak ter-handle).",Data Engineering: tambahkan capping rule (Z-score>3 di tahap ingest) untuk mencegah kontaminasi model.
87912,cluster_1,Tipe A - Data Error,"`EXT_SOURCE_1` = -1.09 (82.2x median), `BUREAU_BB_DPD_RATIO_MEAN` = 2.60 (14.4x median), `AMT_CREDIT` = 0.42 (14.2x median), `BUREAU_ACTIVE_RATIO` = -0.84 (13.3x median), `CC_UTILIZATION_MEAN` = 3.98 (10.8x median)","Deviasi fitur > 50x median klaster — kemungkinan kesalahan input/ETL (overflow, salah unit, atau sentinel value tidak ter-handle).",Data Engineering: tambahkan capping rule (Z-score>3 di tahap ingest) untuk mencegah kontaminasi model.
87976,cluster_2,Tipe A - Data Error,"`EXT_SOURCE_1` = -1.67 (125.2x median), `INST_SEVERE_LATE_RATIO` = 3.02 (18.9x median), `INST_DPD_MEAN` = 1.04 (10.2x median), `BUREAU_DAYS_CREDIT_MEAN` = -1.18 (7.6x median), `INST_LATE_RATIO` = 3.80 (7.1x median)","Deviasi fitur > 50x median klaster — kemungkinan kesalahan input/ETL (overflow, salah unit, atau sentinel value tidak ter-handle).",Data Engineering: tambahkan capping rule (Z-score>3 di tahap ingest) untuk mencegah kontaminasi model.
88867,cluster_4,Tipe A - Data Error,"`POS_MONTHS_COUNT` = 4.23 (112.3x median), `EXT_SOURCE_1` = -1.03 (77.2x median), `EXT_SOURCE_3` = -2.54 (23.8x median), `CREDIT_TERM_MONTHS` = -1.05 (21.9x median), `YEARS_BIRTH` = -0.41 (11.3x median)","Deviasi fitur > 50x median klaster — kemungkinan kesalahan input/ETL (overflow, salah unit, atau sentinel value tidak ter-handle).",Data Engineering: tambahkan capping rule (Z-score>3 di tahap ingest) untuk mencegah kontaminasi model.
90046,cluster_4,Tipe B - Rare but Valid,"`EXT_SOURCE_1` = 0.52 (37.7x median), `CREDIT_TERM_MONTHS` = -1.09 (22.8x median), `YEARS_BIRTH` = -0.53 (14.7x median), `BUREAU_COUNT` = 2.24 (13.4x median), `INST_LATE_RATIO` = 2.90 (11.6x median)","Ekstrem secara statistik tapi koheren — kemungkinan tail-end legitimate customer (VHNW, kasus khusus).",Routing: alihkan ke divisi Wealth Management / Priority Banking untuk potensi cross-sell.
90071,cluster_1,Tipe B - Rare but Valid,"`EXT_SOURCE_1` = 0.54 (38.9x median), `BUREAU_ACTIVE_RATIO` = 1.51 (26.6x median), `INST_DPD_MAX` = 3.12 (26.4x median), `BUREAU_DEBT_TO_CREDIT_RATIO` = 1.01 (20.7x median), `EXT_SOURCE_3` = -2.03 (11.1x median)","Ekstrem secara statistik tapi koheren — kemungkinan tail-end legitimate customer (VHNW, kasus khusus).",Routing: alihkan ke divisi Wealth Management / Priority Banking untuk potensi cross-sell.
91369,cluster_1,Tipe A - Data Error,"`EXT_SOURCE_1` = 1.23 (90.0x median), `BUREAU_DEBT_TO_CREDIT_RATIO` = 1.29 (26.4x median), `AMT_ANNUITY` = 0.79 (11.0x median), `BUREAU_ACTIVE_RATIO` = 0.46 (8.9x median), `YEARS_EMPLOYED` = 2.12 (7.6x median)","Deviasi fitur > 50x median klaster — kemungkinan kesalahan input/ETL (overflow, salah unit, atau sentinel value tidak ter-handle).",Data Engineering: tambahkan capping rule (Z-score>3 di tahap ingest) untuk mencegah kontaminasi model.
92160,cluster_1,Tipe A - Data Error,"`EXT_SOURCE_1` = -0.82 (62.1x median), `AMT_CREDIT` = -0.85 (25.8x median), `BUREAU_ACTIVE_RATIO` = 0.86 (15.5x median), `CNT_CHILDREN` = 3.60 (7.2x median), `CREDIT_TERM_MONTHS` = -1.48 (6.6x median)","Deviasi fitur > 50x median klaster — kemungkinan kesalahan input/ETL (overflow, salah unit, atau sentinel value tidak ter-handle).",Data Engineering: tambahkan capping rule (Z-score>3 di tahap ingest) untuk mencegah kontaminasi model.
92181,cluster_2,Tipe A - Data Error,"`EXT_SOURCE_1` = 2.67 (197.3x median), `YEARS_EMPLOYED` = 4.25 (19.7x median), `YEARS_BIRTH` = 0.93 (11.0x median), `AMT_INCOME_TOTAL` = 0.86 (6.8x median), `BUREAU_DAYS_CREDIT_MEAN` = -0.73 (4.3x median)","Deviasi fitur > 50x median klaster — kemungkinan kesalahan input/ETL (overflow, salah unit, atau sentinel value tidak ter-handle).",Data Engineering: tambahkan capping rule (Z-score>3 di tahap ingest) untuk mencegah kontaminasi model.
92355,cluster_3,Tipe B - Rare but Valid,"`PREV_APPROVAL_RATE` = 0.96 (46.5x median), `REGION_RATING_CLIENT_W_CITY` = -2.04 (34.6x median), `AMT_ANNUITY` = 1.42 (14.9x median), `EXT_SOURCE_3` = -1.31 (12.8x median), `BUREAU_COUNT` = 1.58 (9.8x median)","Ekstrem secara statistik tapi koheren — kemungkinan tail-end legitimate customer (VHNW, kasus khusus).",Routing: alihkan ke divisi Wealth Management / Priority Banking untuk potensi cross-sell.
92642,cluster_2,Tipe B - Rare but Valid,"`INST_SEVERE_LATE_RATIO` = 6.21 (37.9x median), `REGION_RATING_CLIENT_W_CITY` = 1.92 (34.6x median), `AMT_INCOME_TOTAL` = -1.96 (19.0x median), `INST_DPD_MEAN` = 1.12 (10.9x median), `YEARS_BIRTH` = -0.42 (6.4x median)","Ekstrem secara statistik tapi koheren — kemungkinan tail-end legitimate customer (VHNW, kasus khusus).",Routing: alihkan ke divisi Wealth Management / Priority Banking untuk potensi cross-sell.
93013,cluster_3,Tipe A - Data Error,"`CC_SK_DPD_MEAN` = 18.92 (380.9x median), `PREV_APPROVAL_RATE` = 0.96 (46.5x median), `POS_SK_DPD_MEAN` = 5.57 (28.0x median), `CREDIT_TERM_MONTHS` = 1.67 (23.1x median), `EXT_SOURCE_3` = 1.34 (11.0x median)","Deviasi fitur > 50x median klaster — kemungkinan kesalahan input/ETL (overflow, salah unit, atau sentinel value tidak ter-handle).",Data Engineering: tambahkan capping rule (Z-score>3 di tahap ingest) untuk mencegah kontaminasi model.
93056,cluster_4,Tipe A - Data Error,"`EXT_SOURCE_1` = -1.92 (143.3x median), `YEARS_BIRTH` = -1.06 (30.7x median), `BUREAU_DAYS_CREDIT_MEAN` = 1.45 (20.7x median), `BUREAU_ACTIVE_RATIO` = -1.11 (17.7x median), `AMT_ANNUITY` = -1.40 (10.9x median)","Deviasi fitur > 50x median klaster — kemungkinan kesalahan input/ETL (overflow, salah unit, atau sentinel value tidak ter-handle).",Data Engineering: tambahkan capping rule (Z-score>3 di tahap ingest) untuk mencegah kontaminasi model.
93076,cluster_0,Tipe A - Data Error,"`EXT_SOURCE_1` = -1.61 (120.3x median), `BUREAU_ACTIVE_RATIO` = 2.03 (35.5x median), `OWN_CAR_AGE` = 6.68 (15.7x median), `CNT_CHILDREN` = 3.60 (7.2x median), `PREV_REFUSED_COUNT` = 2.33 (6.1x median)","Deviasi fitur > 50x median klaster — kemungkinan kesalahan input/ETL (overflow, salah unit, atau sentinel value tidak ter-handle).",Data Engineering: tambahkan capping rule (Z-score>3 di tahap ingest) untuk mencegah kontaminasi model.
93305,cluster_4,Tipe B - Rare but Valid,"`CREDIT_TERM_MONTHS` = 1.96 (43.8x median), `POS_MONTHS_COUNT` = 1.01 (25.9x median), `YEARS_BIRTH` = 0.55 (17.3x median), `EXT_SOURCE_3` = 1.40 (11.6x median), `AMT_INCOME_TOTAL` = 1.05 (8.7x median)","Ekstrem secara statistik tapi koheren — kemungkinan tail-end legitimate customer (VHNW, kasus khusus).",Routing: alihkan ke divisi Wealth Management / Priority Banking untuk potensi cross-sell.
94006,cluster_2,Tipe A - Data Error,"`EXT_SOURCE_1` = 1.08 (79.5x median), `EXT_SOURCE_3` = 1.29 (10.6x median), `BUREAU_DAYS_CREDIT_MEAN` = -1.20 (7.7x median), `CREDIT_TO_INCOME` = 4.20 (6.8x median), `BUREAU_COUNT` = 0.70 (4.9x median)","Deviasi fitur > 50x median klaster — kemungkinan kesalahan input/ETL (overflow, salah unit, atau sentinel value tidak ter-handle).",Data Engineering: tambahkan capping rule (Z-score>3 di tahap ingest) untuk mencegah kontaminasi model.
94414,cluster_2,Tipe B - Rare but Valid,"`YEARS_BIRTH` = -1.23 (17.0x median), `BUREAU_DAYS_CREDIT_MEAN` = 1.45 (11.5x median), `AMT_INCOME_TOTAL` = -1.06 (10.7x median), `OWN_CAR_AGE` = 3.11 (7.8x median), `BUREAU_ACTIVE_RATIO` = -1.11 (5.8x median)","Ekstrem secara statistik tapi koheren — kemungkinan tail-end legitimate customer (VHNW, kasus khusus).",Routing: alihkan ke divisi Wealth Management / Priority Banking untuk potensi cross-sell.
94812,cluster_4,Tipe B - Rare but Valid,"`EXT_SOURCE_1` = 0.66 (47.8x median), `CREDIT_TERM_MONTHS` = 1.67 (37.6x median), `POS_MONTHS_COUNT` = -0.81 (22.7x median), `YEARS_BIRTH` = 0.55 (17.5x median), `BUREAU_DAYS_CREDIT_MEAN` = -0.87 (10.8x median)","Ekstrem secara statistik tapi koheren — kemungkinan tail-end legitimate customer (VHNW, kasus khusus).",Routing: alihkan ke divisi Wealth Management / Priority Banking untuk potensi cross-sell.
94915,cluster_3,Tipe A - Data Error,"`POS_SK_DPD_MEAN` = 24.22 (125.3x median), `PREV_APPROVAL_RATE` = -2.34 (116.2x median), `INST_DPD_MEAN` = 110.97 (39.2x median), `AMT_ANNUITY` = 2.18 (23.4x median), `ANNUITY_TO_INCOME` = 1.16 (13.5x median)","Deviasi fitur > 50x median klaster — kemungkinan kesalahan input/ETL (overflow, salah unit, atau sentinel value tidak ter-handle).",Data Engineering: tambahkan capping rule (Z-score>3 di tahap ingest) untuk mencegah kontaminasi model.
95252,cluster_4,Tipe A - Data Error,"`EXT_SOURCE_1` = -2.11 (157.4x median), `YEARS_BIRTH` = -1.21 (35.1x median), `POS_MONTHS_COUNT` = -0.65 (18.4x median), `CREDIT_TERM_MONTHS` = -0.80 (16.4x median), `AMT_INCOME_TOTAL` = -1.53 (15.0x median)","Deviasi fitur > 50x median klaster — kemungkinan kesalahan input/ETL (overflow, salah unit, atau sentinel value tidak ter-handle).",Data Engineering: tambahkan capping rule (Z-score>3 di tahap ingest) untuk mencegah kontaminasi model.
95409,cluster_4,Tipe A - Data Error,"`EXT_SOURCE_1` = -1.42 (106.4x median), `CREDIT_TERM_MONTHS` = 1.96 (43.8x median), `BUREAU_DAYS_CREDIT_MEAN` = -1.18 (15.0x median), `CREDIT_TO_INCOME` = 3.11 (14.4x median), `POS_MONTHS_COUNT` = 0.56 (14.0x median)","Deviasi fitur > 50x median klaster — kemungkinan kesalahan input/ETL (overflow, salah unit, atau sentinel value tidak ter-handle).",Data Engineering: tambahkan capping rule (Z-score>3 di tahap ingest) untuk mencegah kontaminasi model.
95510,cluster_1,Tipe A - Data Error,"`EXT_SOURCE_1` = -0.79 (59.7x median), `BUREAU_DEBT_TO_CREDIT_RATIO` = 1.39 (28.2x median), `AMT_CREDIT` = 0.74 (24.4x median), `AMT_ANNUITY` = 1.08 (15.4x median), `CC_MONTHS_COUNT` = 3.13 (8.2x median)","Deviasi fitur > 50x median klaster — kemungkinan kesalahan input/ETL (overflow, salah unit, atau sentinel value tidak ter-handle).",Data Engineering: tambahkan capping rule (Z-score>3 di tahap ingest) untuk mencegah kontaminasi model.
95592,cluster_3,Tipe B - Rare but Valid,"`EXT_SOURCE_1` = 0.36 (25.9x median), `POS_SK_DPD_MEAN` = 4.86 (24.4x median), `PREV_APPROVAL_RATE` = 0.41 (19.4x median), `BUREAU_ACTIVE_RATIO` = -1.11 (17.7x median), `ANNUITY_TO_INCOME` = 0.96 (11.3x median)","Ekstrem secara statistik tapi koheren — kemungkinan tail-end legitimate customer (VHNW, kasus khusus).",Routing: alihkan ke divisi Wealth Management / Priority Banking untuk potensi cross-sell.
95813,cluster_4,Tipe B - Rare but Valid,"`BUREAU_ACTIVE_RATIO` = 1.79 (31.4x median), `POS_MONTHS_COUNT` = -1.13 (31.3x median), `YEARS_BIRTH` = -0.74 (21.0x median), `EXT_SOURCE_3` = -2.13 (20.2x median), `BUREAU_DEBT_TO_CREDIT_RATIO` = 1.47 (16.9x median)","Ekstrem secara statistik tapi koheren — kemungkinan tail-end legitimate customer (VHNW, kasus khusus).",Routing: alihkan ke divisi Wealth Management / Priority Banking untuk potensi cross-sell.
96315,cluster_3,Tipe B - Rare but Valid,"`PREV_APPROVAL_RATE` = 0.96 (46.5x median), `BUREAU_ACTIVE_RATIO` = -1.11 (17.7x median), `BUREAU_DAYS_CREDIT_MEAN` = 1.45 (10.1x median), `EXT_SOURCE_2` = -1.78 (9.8x median), `YEARS_BIRTH` = -0.72 (6.5x median)","Ekstrem secara statistik tapi koheren — kemungkinan tail-end legitimate customer (VHNW, kasus khusus).",Routing: alihkan ke divisi Wealth Management / Priority Banking untuk potensi cross-sell.
96734,cluster_4,Tipe A - Data Error,"`EXT_SOURCE_1` = -2.08 (155.4x median), `YEARS_BIRTH` = -1.74 (50.7x median), `BUREAU_ACTIVE_RATIO` = 2.03 (35.5x median), `CREDIT_TERM_MONTHS` = -1.30 (27.4x median), `EXT_SOURCE_3` = -1.51 (14.5x median)","Deviasi fitur > 50x median klaster — kemungkinan kesalahan input/ETL (overflow, salah unit, atau sentinel value tidak ter-handle).",Data Engineering: tambahkan capping rule (Z-score>3 di tahap ingest) untuk mencegah kontaminasi model.
97127,cluster_3,Tipe B - Rare but Valid,"`CREDIT_TERM_MONTHS` = 1.95 (26.7x median), `PREV_APPROVAL_RATE` = -0.45 (23.2x median), `CREDIT_TO_INCOME` = 1.14 (8.2x median), `AMT_CREDIT` = 1.18 (6.5x median), `BUREAU_COUNT` = 0.70 (4.9x median)","Ekstrem secara statistik tapi koheren — kemungkinan tail-end legitimate customer (VHNW, kasus khusus).",Routing: alihkan ke divisi Wealth Management / Priority Banking untuk potensi cross-sell.
97161,cluster_4,Tipe A - Data Error,"`BUREAU_BB_SEVERE_DPD_MEAN` = 2.63 (52.4x median), `EXT_SOURCE_1` = -0.48 (36.4x median), `REGION_RATING_CLIENT_W_CITY` = 1.92 (34.6x median), `CREDIT_TERM_MONTHS` = 1.28 (29.1x median), `YEARS_BIRTH` = 0.82 (25.4x median)","Deviasi fitur > 50x median klaster — kemungkinan kesalahan input/ETL (overflow, salah unit, atau sentinel value tidak ter-handle).",Data Engineering: tambahkan capping rule (Z-score>3 di tahap ingest) untuk mencegah kontaminasi model.
97618,cluster_1,Tipe A - Data Error,"`EXT_SOURCE_1` = 1.65 (121.2x median), `AMT_CREDIT` = 1.15 (37.0x median), `AMT_ANNUITY` = 1.50 (21.7x median), `BUREAU_ACTIVE_RATIO` = 0.86 (15.5x median), `BUREAU_DEBT_TO_CREDIT_RATIO` = 0.54 (11.5x median)","Deviasi fitur > 50x median klaster — kemungkinan kesalahan input/ETL (overflow, salah unit, atau sentinel value tidak ter-handle).",Data Engineering: tambahkan capping rule (Z-score>3 di tahap ingest) untuk mencegah kontaminasi model.
97627,cluster_1,Tipe A - Data Error,"`EXT_SOURCE_1` = 1.37 (100.4x median), `AMT_CREDIT` = 1.23 (39.7x median), `REGION_RATING_CLIENT_W_CITY` = 1.92 (34.6x median), `BUREAU_COUNT` = 5.76 (21.2x median), `INST_LATE_RATIO` = 1.59 (10.8x median)","Deviasi fitur > 50x median klaster — kemungkinan kesalahan input/ETL (overflow, salah unit, atau sentinel value tidak ter-handle).",Data Engineering: tambahkan capping rule (Z-score>3 di tahap ingest) untuk mencegah kontaminasi model.
97966,cluster_3,Tipe A - Data Error,"`CC_SK_DPD_MEAN` = 11.37 (229.3x median), `PREV_APPROVAL_RATE` = 0.96 (46.5x median), `ANNUITY_TO_INCOME` = 2.20 (24.7x median), `YEARS_EMPLOYED` = 4.57 (14.5x median), `BUREAU_ACTIVE_RATIO` = 0.78 (14.2x median)","Deviasi fitur > 50x median klaster — kemungkinan kesalahan input/ETL (overflow, salah unit, atau sentinel value tidak ter-handle).",Data Engineering: tambahkan capping rule (Z-score>3 di tahap ingest) untuk mencegah kontaminasi model.
98187,cluster_0,Tipe B - Rare but Valid,"`BUREAU_ACTIVE_RATIO` = -1.11 (17.7x median), `EXT_SOURCE_2` = -1.41 (17.4x median), `OWN_CAR_AGE` = 6.68 (15.7x median), `AMT_INCOME_TOTAL` = -1.06 (4.0x median), `YEARS_BIRTH` = -1.76 (3.6x median)","Ekstrem secara statistik tapi koheren — kemungkinan tail-end legitimate customer (VHNW, kasus khusus).",Routing: alihkan ke divisi Wealth Management / Priority Banking untuk potensi cross-sell.
98450,cluster_4,Tipe A - Data Error,"`BUREAU_BB_SEVERE_DPD_MEAN` = 3.13 (62.1x median), `YEARS_BIRTH` = 1.75 (53.0x median), `REGION_RATING_CLIENT_W_CITY` = 1.92 (34.6x median), `POS_MONTHS_COUNT` = 1.33 (34.5x median), `BUREAU_BB_DPD_RATIO_MEAN` = 3.07 (16.8x median)","Deviasi fitur > 50x median klaster — kemungkinan kesalahan input/ETL (overflow, salah unit, atau sentinel value tidak ter-handle).",Data Engineering: tambahkan capping rule (Z-score>3 di tahap ingest) untuk mencegah kontaminasi model.
98546,cluster_4,Tipe A - Data Error,"`EXT_SOURCE_1` = -2.34 (174.4x median), `EXT_SOURCE_3` = -2.38 (22.4x median), `PREV_REFUSED_COUNT` = 9.57 (22.1x median), `POS_MONTHS_COUNT` = 0.76 (19.4x median), `PREV_COUNT` = 4.31 (13.0x median)","Deviasi fitur > 50x median klaster — kemungkinan kesalahan input/ETL (overflow, salah unit, atau sentinel value tidak ter-handle).",Data Engineering: tambahkan capping rule (Z-score>3 di tahap ingest) untuk mencegah kontaminasi model.
99866,cluster_3,Tipe B - Rare but Valid,"`PREV_APPROVAL_RATE` = 0.96 (46.5x median), `BUREAU_ACTIVE_RATIO` = 2.03 (35.5x median), `POS_SK_DPD_MEAN` = 5.66 (28.5x median), `AMT_ANNUITY` = -1.13 (13.6x median), `EXT_SOURCE_2` = -1.84 (10.1x median)","Ekstrem secara statistik tapi koheren — kemungkinan tail-end legitimate customer (VHNW, kasus khusus).",Routing: alihkan ke divisi Wealth Management / Priority Banking untuk potensi cross-sell.
99993,cluster_0,Tipe B - Rare but Valid,"`BUREAU_ACTIVE_RATIO` = -1.11 (17.7x median), `EXT_SOURCE_2` = 1.14 (12.2x median), `INST_LATE_RATIO` = 2.32 (4.7x median), `BUREAU_DAYS_CREDIT_MEAN` = 1.45 (4.5x median), `AMT_INCOME_TOTAL` = -1.06 (4.0x median)","Ekstrem secara statistik tapi koheren — kemungkinan tail-end legitimate customer (VHNW, kasus khusus).",Routing: alihkan ke divisi Wealth Management / Priority Banking untuk potensi cross-sell.
100321,cluster_4,Tipe A - Data Error,"`POS_MONTHS_COUNT` = 2.42 (63.7x median), `YEARS_BIRTH` = 1.30 (39.6x median), `BUREAU_BB_DPD_RATIO_MEAN` = 5.34 (28.4x median), `EXT_SOURCE_3` = -2.53 (23.7x median), `AMT_INCOME_TOTAL` = 1.24 (10.3x median)","Deviasi fitur > 50x median klaster — kemungkinan kesalahan input/ETL (overflow, salah unit, atau sentinel value tidak ter-handle).",Data Engineering: tambahkan capping rule (Z-score>3 di tahap ingest) untuk mencegah kontaminasi model.
100412,cluster_2,Tipe C - Risk Signal,"`YEARS_BIRTH` = 1.69 (20.9x median), `AMT_INCOME_TOTAL` = -2.13 (20.5x median), `BUREAU_ACTIVE_RATIO` = 2.03 (13.4x median), `BUREAU_DAYS_CREDIT_MEAN` = 1.27 (10.2x median), `ANNUITY_TO_INCOME` = 3.22 (7.1x median)","Kombinasi finansial kontradiktif (mis. rasio cicilan/pendapatan ekstrem, income rendah + credit besar, atau skor eksternal tinggi di cluster bermasalah).","Underwriting: matikan auto-approve, wajibkan manual review oleh underwriter senior + verifikasi pendapatan fisik."
100446,cluster_3,Tipe A - Data Error,"`BUREAU_BB_SEVERE_DPD_MEAN` = 21.12 (413.4x median), `BUREAU_BB_DPD_RATIO_MEAN` = 28.40 (147.0x median), `POS_SK_DPD_MEAN` = 5.98 (30.2x median), `PREV_APPROVAL_RATE` = -0.45 (23.2x median), `BUREAU_ACTIVE_RATIO` = -1.11 (17.7x median)","Deviasi fitur > 50x median klaster — kemungkinan kesalahan input/ETL (overflow, salah unit, atau sentinel value tidak ter-handle).",Data Engineering: tambahkan capping rule (Z-score>3 di tahap ingest) untuk mencegah kontaminasi model.
100469,cluster_4,Tipe A - Data Error,"`POS_MONTHS_COUNT` = 4.56 (120.9x median), `REGION_RATING_CLIENT_W_CITY` = 1.92 (34.6x median), `YEARS_EMPLOYED` = 4.17 (20.9x median), `YEARS_BIRTH` = 0.55 (17.4x median), `BUREAU_DAYS_CREDIT_MEAN` = -0.78 (9.6x median)","Deviasi fitur > 50x median klaster — kemungkinan kesalahan input/ETL (overflow, salah unit, atau sentinel value tidak ter-handle).",Data Engineering: tambahkan capping rule (Z-score>3 di tahap ingest) untuk mencegah kontaminasi model.
100557,cluster_4,Tipe A - Data Error,"`EXT_SOURCE_1` = -1.38 (103.7x median), `POS_SK_DPD_MEAN` = 4.35 (63.2x median), `REGION_RATING_CLIENT_W_CITY` = -2.04 (34.6x median), `EXT_SOURCE_3` = -2.61 (24.4x median), `POS_MONTHS_COUNT` = 0.84 (21.6x median)","Deviasi fitur > 50x median klaster — kemungkinan kesalahan input/ETL (overflow, salah unit, atau sentinel value tidak ter-handle).",Data Engineering: tambahkan capping rule (Z-score>3 di tahap ingest) untuk mencegah kontaminasi model.
100862,cluster_1,Tipe A - Data Error,"`EXT_SOURCE_1` = -2.91 (216.8x median), `AMT_CREDIT` = 1.46 (46.9x median), `AMT_ANNUITY` = 0.89 (12.5x median), `CREDIT_TERM_MONTHS` = 1.68 (9.6x median), `CC_MONTHS_COUNT` = 3.37 (8.7x median)","Deviasi fitur > 50x median klaster — kemungkinan kesalahan input/ETL (overflow, salah unit, atau sentinel value tidak ter-handle).",Data Engineering: tambahkan capping rule (Z-score>3 di tahap ingest) untuk mencegah kontaminasi model.
100953,cluster_1,Tipe A - Data Error,"`EXT_SOURCE_1` = 0.81 (59.0x median), `BUREAU_DEBT_TO_CREDIT_RATIO` = 1.41 (28.6x median), `AMT_ANNUITY` = 1.72 (25.0x median), `BUREAU_ACTIVE_RATIO` = 0.78 (14.2x median), `PREV_REFUSED_COUNT` = 8.46 (11.8x median)","Deviasi fitur > 50x median klaster — kemungkinan kesalahan input/ETL (overflow, salah unit, atau sentinel value tidak ter-handle).",Data Engineering: tambahkan capping rule (Z-score>3 di tahap ingest) untuk mencegah kontaminasi model.
101138,cluster_3,Tipe A - Data Error,"`EXT_SOURCE_1` = -1.76 (131.6x median), `BUREAU_BB_DPD_RATIO_MEAN` = 13.28 (69.3x median), `PREV_APPROVAL_RATE` = 0.96 (46.5x median), `BUREAU_ACTIVE_RATIO` = 2.03 (35.5x median), `REGION_RATING_CLIENT_W_CITY` = -2.04 (34.6x median)","Deviasi fitur > 50x median klaster — kemungkinan kesalahan input/ETL (overflow, salah unit, atau sentinel value tidak ter-handle).",Data Engineering: tambahkan capping rule (Z-score>3 di tahap ingest) untuk mencegah kontaminasi model.
101289,cluster_4,Tipe B - Rare but Valid,"`POS_MONTHS_COUNT` = 1.89 (49.7x median), `YEARS_BIRTH` = 1.62 (49.4x median), `AMT_REQ_CREDIT_BUREAU_YEAR` = 3.58 (27.8x median), `BUREAU_COUNT` = 3.34 (19.6x median), `EXT_SOURCE_3` = -1.71 (16.4x median)","Ekstrem secara statistik tapi koheren — kemungkinan tail-end legitimate customer (VHNW, kasus khusus).",Routing: alihkan ke divisi Wealth Management / Priority Banking untuk potensi cross-sell.
101658,cluster_4,Tipe A - Data Error,"`EXT_SOURCE_1` = 2.42 (179.0x median), `YEARS_BIRTH` = -1.04 (30.0x median), `BUREAU_ACTIVE_RATIO` = 0.99 (17.7x median), `AMT_REQ_CREDIT_BUREAU_YEAR` = 1.85 (13.9x median), `PREV_APPROVAL_RATE` = -1.44 (9.5x median)","Deviasi fitur > 50x median klaster — kemungkinan kesalahan input/ETL (overflow, salah unit, atau sentinel value tidak ter-handle).",Data Engineering: tambahkan capping rule (Z-score>3 di tahap ingest) untuk mencegah kontaminasi model.
101687,cluster_4,Tipe A - Data Error,"`EXT_SOURCE_1` = 1.74 (128.5x median), `POS_MONTHS_COUNT` = 3.75 (99.3x median), `INST_DPD_MAX` = 5.13 (50.3x median), `YEARS_BIRTH` = 1.46 (44.5x median), `BUREAU_ACTIVE_RATIO` = 2.03 (35.5x median)","Deviasi fitur > 50x median klaster — kemungkinan kesalahan input/ETL (overflow, salah unit, atau sentinel value tidak ter-handle).",Data Engineering: tambahkan capping rule (Z-score>3 di tahap ingest) untuk mencegah kontaminasi model.
101816,cluster_3,Tipe A - Data Error,"`EXT_SOURCE_1` = -1.70 (126.9x median), `POS_SK_DPD_MEAN` = 6.97 (35.3x median), `BUREAU_ACTIVE_RATIO` = 1.25 (22.2x median), `PREV_APPROVAL_RATE` = 0.41 (19.4x median), `AMT_ANNUITY` = -1.18 (14.2x median)","Deviasi fitur > 50x median klaster — kemungkinan kesalahan input/ETL (overflow, salah unit, atau sentinel value tidak ter-handle).",Data Engineering: tambahkan capping rule (Z-score>3 di tahap ingest) untuk mencegah kontaminasi model.
102066,cluster_1,Tipe B - Rare but Valid,"`AMT_CREDIT` = -0.76 (22.8x median), `INST_LATE_RATIO` = 3.17 (20.6x median), `AMT_ANNUITY` = -1.04 (16.7x median), `BUREAU_COUNT` = 3.78 (13.5x median), `BUREAU_DAYS_CREDIT_MEAN` = -1.23 (5.9x median)","Ekstrem secara statistik tapi koheren — kemungkinan tail-end legitimate customer (VHNW, kasus khusus).",Routing: alihkan ke divisi Wealth Management / Priority Banking untuk potensi cross-sell.
102177,cluster_4,Tipe B - Rare but Valid,"`AMT_REQ_CREDIT_BUREAU_YEAR` = 2.43 (18.5x median), `BUREAU_ACTIVE_RATIO` = 0.99 (17.7x median), `YEARS_BIRTH` = 0.41 (13.2x median), `POS_MONTHS_COUNT` = -0.45 (13.0x median), `BUREAU_DEBT_TO_CREDIT_RATIO` = 0.91 (10.9x median)","Ekstrem secara statistik tapi koheren — kemungkinan tail-end legitimate customer (VHNW, kasus khusus).",Routing: alihkan ke divisi Wealth Management / Priority Banking untuk potensi cross-sell.
102983,cluster_4,Tipe A - Data Error,"`EXT_SOURCE_1` = 0.83 (60.3x median), `REGION_RATING_CLIENT_W_CITY` = 1.92 (34.6x median), `CREDIT_TERM_MONTHS` = 0.87 (20.0x median), `OWN_CAR_AGE` = 6.68 (15.7x median), `AMT_REQ_CREDIT_BUREAU_YEAR` = 1.85 (13.9x median)","Deviasi fitur > 50x median klaster — kemungkinan kesalahan input/ETL (overflow, salah unit, atau sentinel value tidak ter-handle).",Data Engineering: tambahkan capping rule (Z-score>3 di tahap ingest) untuk mencegah kontaminasi model.
103085,cluster_3,Tipe B - Rare but Valid,"`POS_SK_DPD_MEAN` = 5.71 (28.8x median), `BUREAU_ACTIVE_RATIO` = -1.11 (17.7x median), `CREDIT_TERM_MONTHS` = 1.26 (17.6x median), `EXT_SOURCE_2` = -2.16 (11.7x median), `BUREAU_DAYS_CREDIT_MEAN` = 1.45 (10.1x median)","Ekstrem secara statistik tapi koheren — kemungkinan tail-end legitimate customer (VHNW, kasus khusus).",Routing: alihkan ke divisi Wealth Management / Priority Banking untuk potensi cross-sell.
103362,cluster_0,Tipe A - Data Error,"`INST_PAYMENT_RATIO_MEAN` = 1.46 (138.1x median), `REGION_RATING_CLIENT_W_CITY` = 1.92 (34.6x median), `EXT_SOURCE_2` = -2.52 (30.4x median), `EXT_SOURCE_1` = -0.37 (28.5x median), `BUREAU_ACTIVE_RATIO` = -1.11 (17.7x median)","Deviasi fitur > 50x median klaster — kemungkinan kesalahan input/ETL (overflow, salah unit, atau sentinel value tidak ter-handle).",Data Engineering: tambahkan capping rule (Z-score>3 di tahap ingest) untuk mencegah kontaminasi model.
103479,cluster_4,Tipe A - Data Error,"`EXT_SOURCE_1` = 1.95 (143.9x median), `YEARS_BIRTH` = 0.87 (27.1x median), `INST_DPD_MAX` = 2.46 (24.6x median), `YEARS_EMPLOYED` = 4.44 (22.2x median), `EXT_SOURCE_3` = -1.44 (13.9x median)","Deviasi fitur > 50x median klaster — kemungkinan kesalahan input/ETL (overflow, salah unit, atau sentinel value tidak ter-handle).",Data Engineering: tambahkan capping rule (Z-score>3 di tahap ingest) untuk mencegah kontaminasi model.
103641,cluster_1,Tipe B - Rare but Valid,"`AMT_CREDIT` = 0.80 (26.1x median), `BUREAU_COUNT` = 3.34 (11.8x median), `AMT_ANNUITY` = 0.78 (10.8x median), `BUREAU_BB_DPD_RATIO_MEAN` = 1.15 (6.9x median), `EXT_SOURCE_3` = -1.30 (6.8x median)","Ekstrem secara statistik tapi koheren — kemungkinan tail-end legitimate customer (VHNW, kasus khusus).",Routing: alihkan ke divisi Wealth Management / Priority Banking untuk potensi cross-sell.
103774,cluster_0,Tipe A - Data Error,"`EXT_SOURCE_1` = -1.02 (77.1x median), `INST_SEVERE_LATE_RATIO` = 6.21 (37.9x median), `EXT_SOURCE_3` = -1.79 (17.1x median), `BUREAU_BB_DPD_RATIO_MEAN` = 2.20 (12.3x median), `INST_DPD_MEAN` = 0.91 (9.0x median)","Deviasi fitur > 50x median klaster — kemungkinan kesalahan input/ETL (overflow, salah unit, atau sentinel value tidak ter-handle).",Data Engineering: tambahkan capping rule (Z-score>3 di tahap ingest) untuk mencegah kontaminasi model.
103832,cluster_4,Tipe B - Rare but Valid,"`REGION_RATING_CLIENT_W_CITY` = 1.92 (34.6x median), `YEARS_BIRTH` = -0.71 (20.3x median), `AMT_REQ_CREDIT_BUREAU_YEAR` = 2.43 (18.5x median), `CREDIT_TERM_MONTHS` = -0.59 (11.9x median), `PREV_APPROVAL_RATE` = -1.64 (11.0x median)","Ekstrem secara statistik tapi koheren — kemungkinan tail-end legitimate customer (VHNW, kasus khusus).",Routing: alihkan ke divisi Wealth Management / Priority Banking untuk potensi cross-sell.
104075,cluster_0,Tipe B - Rare but Valid,"`BUREAU_ACTIVE_RATIO` = -1.11 (17.7x median), `EXT_SOURCE_2` = -1.29 (16.0x median), `OWN_CAR_AGE` = 6.68 (15.7x median), `CNT_CHILDREN` = 3.60 (7.2x median), `AMT_INCOME_TOTAL` = -1.66 (6.8x median)","Ekstrem secara statistik tapi koheren — kemungkinan tail-end legitimate customer (VHNW, kasus khusus).",Routing: alihkan ke divisi Wealth Management / Priority Banking untuk potensi cross-sell.
104229,cluster_2,Tipe B - Rare but Valid,"`INST_SEVERE_LATE_RATIO` = 3.82 (23.7x median), `YEARS_BIRTH` = 1.35 (16.5x median), `BUREAU_DAYS_CREDIT_MEAN` = 1.45 (11.5x median), `POS_MONTHS_COUNT` = 3.10 (7.9x median), `INST_DPD_MEAN` = 0.78 (7.9x median)","Ekstrem secara statistik tapi koheren — kemungkinan tail-end legitimate customer (VHNW, kasus khusus).",Routing: alihkan ke divisi Wealth Management / Priority Banking untuk potensi cross-sell.
104311,cluster_3,Tipe B - Rare but Valid,"`PREV_APPROVAL_RATE` = 0.96 (46.5x median), `POS_SK_DPD_MEAN` = 4.44 (22.2x median), `CREDIT_TERM_MONTHS` = -1.51 (18.9x median), `AMT_CREDIT` = -0.96 (7.1x median), `CREDIT_TO_INCOME` = -0.93 (4.9x median)","Ekstrem secara statistik tapi koheren — kemungkinan tail-end legitimate customer (VHNW, kasus khusus).",Routing: alihkan ke divisi Wealth Management / Priority Banking untuk potensi cross-sell.
105081,cluster_4,Tipe A - Data Error,"`EXT_SOURCE_1` = -1.04 (78.0x median), `BUREAU_ACTIVE_RATIO` = 2.03 (35.5x median), `REGION_RATING_CLIENT_W_CITY` = 1.92 (34.6x median), `CREDIT_TERM_MONTHS` = 1.28 (29.1x median), `AMT_INCOME_TOTAL` = -2.51 (24.0x median)","Deviasi fitur > 50x median klaster — kemungkinan kesalahan input/ETL (overflow, salah unit, atau sentinel value tidak ter-handle).",Data Engineering: tambahkan capping rule (Z-score>3 di tahap ingest) untuk mencegah kontaminasi model.
105144,cluster_4,Tipe A - Data Error,"`CC_SK_DPD_MEAN` = 23.91 (481.2x median), `EXT_SOURCE_1` = -0.55 (42.0x median), `REGION_RATING_CLIENT_W_CITY` = 1.92 (34.6x median), `POS_MONTHS_COUNT` = -1.01 (28.1x median), `BUREAU_ACTIVE_RATIO` = 0.99 (17.7x median)","Deviasi fitur > 50x median klaster — kemungkinan kesalahan input/ETL (overflow, salah unit, atau sentinel value tidak ter-handle).",Data Engineering: tambahkan capping rule (Z-score>3 di tahap ingest) untuk mencegah kontaminasi model.
105220,cluster_3,Tipe B - Rare but Valid,"`PREV_APPROVAL_RATE` = 0.96 (46.5x median), `YEARS_BIRTH` = -1.36 (11.4x median), `EXT_SOURCE_2` = -1.74 (9.7x median), `OWN_CAR_AGE` = 3.45 (8.6x median), `ANNUITY_TO_INCOME` = 0.56 (7.0x median)","Ekstrem secara statistik tapi koheren — kemungkinan tail-end legitimate customer (VHNW, kasus khusus).",Routing: alihkan ke divisi Wealth Management / Priority Banking untuk potensi cross-sell.
105455,cluster_3,Tipe A - Data Error,"`PREV_APPROVAL_RATE` = -1.24 (62.0x median), `BUREAU_ACTIVE_RATIO` = 2.03 (35.5x median), `ANNUITY_TO_INCOME` = 0.90 (10.6x median), `BUREAU_DAYS_CREDIT_MEAN` = 1.33 (9.3x median), `AMT_ANNUITY` = 0.75 (7.4x median)","Deviasi fitur > 50x median klaster — kemungkinan kesalahan input/ETL (overflow, salah unit, atau sentinel value tidak ter-handle).",Data Engineering: tambahkan capping rule (Z-score>3 di tahap ingest) untuk mencegah kontaminasi model.
105551,cluster_4,Tipe B - Rare but Valid,"`YEARS_BIRTH` = -1.31 (37.9x median), `REGION_RATING_CLIENT_W_CITY` = 1.92 (34.6x median), `BUREAU_ACTIVE_RATIO` = 0.99 (17.7x median), `CREDIT_TERM_MONTHS` = 0.60 (14.2x median), `POS_MONTHS_COUNT` = 0.52 (13.0x median)","Ekstrem secara statistik tapi koheren — kemungkinan tail-end legitimate customer (VHNW, kasus khusus).",Routing: alihkan ke divisi Wealth Management / Priority Banking untuk potensi cross-sell.
105754,cluster_1,Tipe A - Data Error,"`EXT_SOURCE_1` = 0.80 (58.3x median), `BUREAU_ACTIVE_RATIO` = -1.11 (17.7x median), `AMT_CREDIT` = -0.45 (13.1x median), `AMT_ANNUITY` = -0.63 (10.5x median), `BUREAU_DEBT_TO_CREDIT_RATIO` = -0.59 (10.5x median)","Deviasi fitur > 50x median klaster — kemungkinan kesalahan input/ETL (overflow, salah unit, atau sentinel value tidak ter-handle).",Data Engineering: tambahkan capping rule (Z-score>3 di tahap ingest) untuk mencegah kontaminasi model.
105788,cluster_4,Tipe A - Data Error,"`EXT_SOURCE_1` = 1.51 (111.3x median), `POS_MONTHS_COUNT` = 1.29 (33.5x median), `YEARS_BIRTH` = 1.01 (31.2x median), `BUREAU_ACTIVE_RATIO` = -1.11 (17.7x median), `AMT_ANNUITY` = -2.06 (15.6x median)","Deviasi fitur > 50x median klaster — kemungkinan kesalahan input/ETL (overflow, salah unit, atau sentinel value tidak ter-handle).",Data Engineering: tambahkan capping rule (Z-score>3 di tahap ingest) untuk mencegah kontaminasi model.
105807,cluster_3,Tipe A - Data Error,"`EXT_SOURCE_1` = 1.87 (137.8x median), `PREV_APPROVAL_RATE` = -1.97 (98.1x median), `POS_SK_DPD_MEAN` = 6.22 (31.4x median), `EXT_SOURCE_3` = -2.45 (23.0x median), `ANNUITY_TO_INCOME` = 1.08 (12.6x median)","Deviasi fitur > 50x median klaster — kemungkinan kesalahan input/ETL (overflow, salah unit, atau sentinel value tidak ter-handle).",Data Engineering: tambahkan capping rule (Z-score>3 di tahap ingest) untuk mencegah kontaminasi model.
106129,cluster_4,Tipe A - Data Error,"`EXT_SOURCE_1` = 0.78 (56.9x median), `CREDIT_TERM_MONTHS` = 1.88 (42.1x median), `BUREAU_DAYS_CREDIT_MEAN` = 1.45 (20.7x median), `POS_MONTHS_COUNT` = 0.72 (18.4x median), `BUREAU_ACTIVE_RATIO` = -1.11 (17.7x median)","Deviasi fitur > 50x median klaster — kemungkinan kesalahan input/ETL (overflow, salah unit, atau sentinel value tidak ter-handle).",Data Engineering: tambahkan capping rule (Z-score>3 di tahap ingest) untuk mencegah kontaminasi model.
106248,cluster_4,Tipe B - Rare but Valid,"`REGION_RATING_CLIENT_W_CITY` = 1.92 (34.6x median), `CREDIT_TERM_MONTHS` = -1.21 (25.4x median), `POS_MONTHS_COUNT` = 0.72 (18.4x median), `AMT_INCOME_TOTAL` = 1.84 (15.8x median), `YEARS_EMPLOYED` = 2.28 (11.9x median)","Ekstrem secara statistik tapi koheren — kemungkinan tail-end legitimate customer (VHNW, kasus khusus).",Routing: alihkan ke divisi Wealth Management / Priority Banking untuk potensi cross-sell.
106510,cluster_3,Tipe A - Data Error,"`POS_SK_DPD_MEAN` = 12.90 (66.3x median), `PREV_APPROVAL_RATE` = 0.96 (46.5x median), `BUREAU_ACTIVE_RATIO` = 1.51 (26.6x median), `BUREAU_DEBT_TO_CREDIT_RATIO` = 3.82 (12.5x median), `YEARS_BIRTH` = 1.23 (8.5x median)","Deviasi fitur > 50x median klaster — kemungkinan kesalahan input/ETL (overflow, salah unit, atau sentinel value tidak ter-handle).",Data Engineering: tambahkan capping rule (Z-score>3 di tahap ingest) untuk mencegah kontaminasi model.
106902,cluster_4,Tipe B - Rare but Valid,"`BUREAU_ACTIVE_RATIO` = 2.03 (35.5x median), `REGION_RATING_CLIENT_W_CITY` = -2.04 (34.6x median), `AMT_REQ_CREDIT_BUREAU_YEAR` = 3.00 (23.2x median), `POS_MONTHS_COUNT` = -0.61 (17.3x median), `BUREAU_DEBT_TO_CREDIT_RATIO` = 1.35 (15.5x median)","Ekstrem secara statistik tapi koheren — kemungkinan tail-end legitimate customer (VHNW, kasus khusus).",Routing: alihkan ke divisi Wealth Management / Priority Banking untuk potensi cross-sell.
107064,cluster_3,Tipe A - Data Error,"`PREV_APPROVAL_RATE` = -1.02 (51.1x median), `BUREAU_ACTIVE_RATIO` = 2.03 (35.5x median), `POS_SK_DPD_MEAN` = 3.65 (18.0x median), `YEARS_BIRTH` = 1.14 (7.7x median), `EXT_SOURCE_3` = 0.94 (7.5x median)","Deviasi fitur > 50x median klaster — kemungkinan kesalahan input/ETL (overflow, salah unit, atau sentinel value tidak ter-handle).",Data Engineering: tambahkan capping rule (Z-score>3 di tahap ingest) untuk mencegah kontaminasi model.
107225,cluster_1,Tipe B - Rare but Valid,"`AMT_CREDIT` = -0.97 (29.4x median), `BUREAU_ACTIVE_RATIO` = -1.11 (17.7x median), `BUREAU_DEBT_TO_CREDIT_RATIO` = -0.59 (10.5x median), `BUREAU_DAYS_CREDIT_MEAN` = 1.45 (9.2x median), `YEARS_BIRTH` = -1.63 (7.6x median)","Ekstrem secara statistik tapi koheren — kemungkinan tail-end legitimate customer (VHNW, kasus khusus).",Routing: alihkan ke divisi Wealth Management / Priority Banking untuk potensi cross-sell.
107485,cluster_4,Tipe A - Data Error,"`POS_MONTHS_COUNT` = 2.86 (75.6x median), `CREDIT_TERM_MONTHS` = 3.12 (69.3x median), `CREDIT_TO_INCOME` = 9.32 (41.1x median), `YEARS_BIRTH` = 1.31 (40.2x median), `REGION_RATING_CLIENT_W_CITY` = 1.92 (34.6x median)","Deviasi fitur > 50x median klaster — kemungkinan kesalahan input/ETL (overflow, salah unit, atau sentinel value tidak ter-handle).",Data Engineering: tambahkan capping rule (Z-score>3 di tahap ingest) untuk mencegah kontaminasi model.
107699,cluster_4,Tipe A - Data Error,"`EXT_SOURCE_1` = 1.23 (90.5x median), `CREDIT_TERM_MONTHS` = 1.69 (38.1x median), `YEARS_BIRTH` = 1.01 (31.1x median), `POS_MONTHS_COUNT` = -0.89 (24.8x median), `YEARS_EMPLOYED` = 2.58 (13.3x median)","Deviasi fitur > 50x median klaster — kemungkinan kesalahan input/ETL (overflow, salah unit, atau sentinel value tidak ter-handle).",Data Engineering: tambahkan capping rule (Z-score>3 di tahap ingest) untuk mencegah kontaminasi model.
107728,cluster_1,Tipe A - Data Error,"`EXT_SOURCE_1` = -1.11 (83.3x median), `AMT_CREDIT` = -1.51 (46.5x median), `REGION_RATING_CLIENT_W_CITY` = 1.92 (34.6x median), `AMT_ANNUITY` = -2.02 (31.6x median), `EXT_SOURCE_3` = -1.75 (9.4x median)","Deviasi fitur > 50x median klaster — kemungkinan kesalahan input/ETL (overflow, salah unit, atau sentinel value tidak ter-handle).",Data Engineering: tambahkan capping rule (Z-score>3 di tahap ingest) untuk mencegah kontaminasi model.
107925,cluster_1,Tipe A - Data Error,"`EXT_SOURCE_1` = -2.01 (150.6x median), `BUREAU_DEBT_TO_CREDIT_RATIO` = 1.14 (23.3x median), `BUREAU_COUNT` = 4.88 (17.8x median), `EXT_SOURCE_3` = -2.60 (14.5x median), `AMT_CREDIT` = -0.36 (10.2x median)","Deviasi fitur > 50x median klaster — kemungkinan kesalahan input/ETL (overflow, salah unit, atau sentinel value tidak ter-handle).",Data Engineering: tambahkan capping rule (Z-score>3 di tahap ingest) untuk mencegah kontaminasi model.
107990,cluster_4,Tipe A - Data Error,"`EXT_SOURCE_1` = 2.08 (153.7x median), `CREDIT_TERM_MONTHS` = 1.68 (37.8x median), `REGION_RATING_CLIENT_W_CITY` = -2.04 (34.6x median), `YEARS_BIRTH` = 0.85 (26.4x median), `BUREAU_ACTIVE_RATIO` = -1.11 (17.7x median)","Deviasi fitur > 50x median klaster — kemungkinan kesalahan input/ETL (overflow, salah unit, atau sentinel value tidak ter-handle).",Data Engineering: tambahkan capping rule (Z-score>3 di tahap ingest) untuk mencegah kontaminasi model.
108158,cluster_3,Tipe A - Data Error,"`EXT_SOURCE_1` = -1.14 (85.7x median), `PREV_APPROVAL_RATE` = -1.24 (62.0x median), `BUREAU_ACTIVE_RATIO` = 2.03 (35.5x median), `REGION_RATING_CLIENT_W_CITY` = 1.92 (34.6x median), `CREDIT_TERM_MONTHS` = -1.07 (13.1x median)","Deviasi fitur > 50x median klaster — kemungkinan kesalahan input/ETL (overflow, salah unit, atau sentinel value tidak ter-handle).",Data Engineering: tambahkan capping rule (Z-score>3 di tahap ingest) untuk mencegah kontaminasi model.
108379,cluster_1,Tipe A - Data Error,"`EXT_SOURCE_1` = 1.72 (126.8x median), `REGION_RATING_CLIENT_W_CITY` = -2.04 (34.6x median), `AMT_CREDIT` = 0.74 (24.1x median), `BUREAU_ACTIVE_RATIO` = 1.25 (22.2x median), `AMT_ANNUITY` = 1.21 (17.3x median)","Deviasi fitur > 50x median klaster — kemungkinan kesalahan input/ETL (overflow, salah unit, atau sentinel value tidak ter-handle).",Data Engineering: tambahkan capping rule (Z-score>3 di tahap ingest) untuk mencegah kontaminasi model.
108397,cluster_3,Tipe B - Rare but Valid,"`ANNUITY_TO_INCOME` = 1.94 (21.9x median), `OWN_CAR_AGE` = 6.79 (15.9x median), `YEARS_BIRTH` = -1.24 (10.5x median), `AMT_ANNUITY` = 1.00 (10.1x median), `EXT_SOURCE_3` = -0.87 (8.8x median)","Ekstrem secara statistik tapi koheren — kemungkinan tail-end legitimate customer (VHNW, kasus khusus).",Routing: alihkan ke divisi Wealth Management / Priority Banking untuk potensi cross-sell.
108436,cluster_0,Tipe B - Rare but Valid,"`REGION_RATING_CLIENT_W_CITY` = -2.04 (34.6x median), `INST_SEVERE_LATE_RATIO` = 3.82 (23.7x median), `EXT_SOURCE_2` = -1.13 (14.1x median), `INST_DPD_MEAN` = 1.43 (13.6x median), `INST_DPD_MAX` = 1.73 (11.8x median)","Ekstrem secara statistik tapi koheren — kemungkinan tail-end legitimate customer (VHNW, kasus khusus).",Routing: alihkan ke divisi Wealth Management / Priority Banking untuk potensi cross-sell.
108528,cluster_3,Tipe A - Data Error,"`EXT_SOURCE_1` = 2.29 (168.9x median), `CREDIT_TERM_MONTHS` = 1.16 (16.3x median), `BUREAU_ACTIVE_RATIO` = 0.86 (15.5x median), `EXT_SOURCE_3` = -0.98 (9.8x median), `YEARS_EMPLOYED` = 1.97 (6.8x median)","Deviasi fitur > 50x median klaster — kemungkinan kesalahan input/ETL (overflow, salah unit, atau sentinel value tidak ter-handle).",Data Engineering: tambahkan capping rule (Z-score>3 di tahap ingest) untuk mencegah kontaminasi model.
109324,cluster_0,Tipe B - Rare but Valid,"`BUREAU_ACTIVE_RATIO` = 2.03 (35.5x median), `INST_SEVERE_LATE_RATIO` = 4.74 (29.1x median), `EXT_SOURCE_3` = -1.94 (18.4x median), `INST_DPD_MEAN` = 1.56 (14.7x median), `INST_LATE_RATIO` = 4.14 (7.6x median)","Ekstrem secara statistik tapi koheren — kemungkinan tail-end legitimate customer (VHNW, kasus khusus).",Routing: alihkan ke divisi Wealth Management / Priority Banking untuk potensi cross-sell.
109409,cluster_2,Tipe C - Risk Signal,"`YEARS_BIRTH` = 1.68 (20.7x median), `AMT_INCOME_TOTAL` = -1.40 (13.8x median), `EXT_SOURCE_3` = 1.33 (11.0x median), `CC_MONTHS_COUNT` = 3.45 (8.9x median), `ANNUITY_TO_INCOME` = 3.51 (7.8x median)","Kombinasi finansial kontradiktif (mis. rasio cicilan/pendapatan ekstrem, income rendah + credit besar, atau skor eksternal tinggi di cluster bermasalah).","Underwriting: matikan auto-approve, wajibkan manual review oleh underwriter senior + verifikasi pendapatan fisik."
109624,cluster_4,Tipe B - Rare but Valid,"`EXT_SOURCE_1` = 0.58 (42.0x median), `REGION_RATING_CLIENT_W_CITY` = -2.04 (34.6x median), `BUREAU_DAYS_CREDIT_MEAN` = 1.45 (20.7x median), `BUREAU_ACTIVE_RATIO` = -1.11 (17.7x median), `POS_MONTHS_COUNT` = 0.52 (13.0x median)","Ekstrem secara statistik tapi koheren — kemungkinan tail-end legitimate customer (VHNW, kasus khusus).",Routing: alihkan ke divisi Wealth Management / Priority Banking untuk potensi cross-sell.
110051,cluster_3,Tipe A - Data Error,"`PREV_APPROVAL_RATE` = -1.35 (67.4x median), `BUREAU_BB_SEVERE_DPD_MEAN` = 3.04 (60.4x median), `BUREAU_COUNT` = 4.44 (25.7x median), `POS_SK_DPD_MEAN` = 3.56 (17.6x median), `BUREAU_BB_DPD_RATIO_MEAN` = 2.16 (12.1x median)","Deviasi fitur > 50x median klaster — kemungkinan kesalahan input/ETL (overflow, salah unit, atau sentinel value tidak ter-handle).",Data Engineering: tambahkan capping rule (Z-score>3 di tahap ingest) untuk mencegah kontaminasi model.
110231,cluster_4,Tipe B - Rare but Valid,"`POS_MONTHS_COUNT` = -1.13 (31.3x median), `YEARS_BIRTH` = 0.70 (21.8x median), `BUREAU_DAYS_CREDIT_MEAN` = 1.45 (20.7x median), `CREDIT_TERM_MONTHS` = -0.90 (18.8x median), `BUREAU_ACTIVE_RATIO` = -1.11 (17.7x median)","Ekstrem secara statistik tapi koheren — kemungkinan tail-end legitimate customer (VHNW, kasus khusus).",Routing: alihkan ke divisi Wealth Management / Priority Banking untuk potensi cross-sell.
110259,cluster_1,Tipe A - Data Error,"`EXT_SOURCE_1` = 0.91 (66.5x median), `AMT_CREDIT` = 0.32 (11.1x median), `BUREAU_ACTIVE_RATIO` = 0.46 (8.9x median), `PREV_REFUSED_COUNT` = 5.12 (6.8x median), `BUREAU_DEBT_TO_CREDIT_RATIO` = -0.31 (5.1x median)","Deviasi fitur > 50x median klaster — kemungkinan kesalahan input/ETL (overflow, salah unit, atau sentinel value tidak ter-handle).",Data Engineering: tambahkan capping rule (Z-score>3 di tahap ingest) untuk mencegah kontaminasi model.
110413,cluster_0,Tipe B - Rare but Valid,"`REGION_RATING_CLIENT_W_CITY` = -2.04 (34.6x median), `EXT_SOURCE_2` = -2.23 (27.0x median), `BUREAU_ACTIVE_RATIO` = -1.11 (17.7x median), `INST_LATE_RATIO` = 3.40 (6.4x median), `INST_DPD_MEAN` = 0.58 (6.1x median)","Ekstrem secara statistik tapi koheren — kemungkinan tail-end legitimate customer (VHNW, kasus khusus).",Routing: alihkan ke divisi Wealth Management / Priority Banking untuk potensi cross-sell.
110460,cluster_3,Tipe A - Data Error,"`EXT_SOURCE_1` = -1.43 (107.3x median), `POS_SK_DPD_MEAN` = 11.81 (60.6x median), `PREV_APPROVAL_RATE` = -1.10 (55.2x median), `YEARS_BIRTH` = -1.21 (10.3x median), `AMT_ANNUITY` = -0.73 (9.2x median)","Deviasi fitur > 50x median klaster — kemungkinan kesalahan input/ETL (overflow, salah unit, atau sentinel value tidak ter-handle).",Data Engineering: tambahkan capping rule (Z-score>3 di tahap ingest) untuk mencegah kontaminasi model.
110514,cluster_4,Tipe A - Data Error,"`EXT_SOURCE_1` = 2.06 (151.7x median), `POS_MONTHS_COUNT` = 0.64 (16.2x median), `BUREAU_DEBT_TO_CREDIT_RATIO` = 1.27 (14.7x median), `YEARS_EMPLOYED` = 2.52 (13.1x median), `BUREAU_DAYS_CREDIT_MEAN` = -1.00 (12.6x median)","Deviasi fitur > 50x median klaster — kemungkinan kesalahan input/ETL (overflow, salah unit, atau sentinel value tidak ter-handle).",Data Engineering: tambahkan capping rule (Z-score>3 di tahap ingest) untuk mencegah kontaminasi model.
110622,cluster_1,Tipe B - Rare but Valid,"`AMT_CREDIT` = -1.40 (43.0x median), `AMT_ANNUITY` = -2.39 (37.2x median), `BUREAU_DEBT_TO_CREDIT_RATIO` = 0.60 (12.7x median), `BUREAU_ACTIVE_RATIO` = -0.66 (10.1x median), `CC_MONTHS_COUNT` = 2.40 (6.5x median)","Ekstrem secara statistik tapi koheren — kemungkinan tail-end legitimate customer (VHNW, kasus khusus).",Routing: alihkan ke divisi Wealth Management / Priority Banking untuk potensi cross-sell.
110745,cluster_2,Tipe A - Data Error,"`EXT_SOURCE_1` = -0.84 (63.4x median), `REGION_RATING_CLIENT_W_CITY` = -2.04 (34.6x median), `YEARS_BIRTH` = -1.23 (16.9x median), `BUREAU_DAYS_CREDIT_MEAN` = 0.68 (5.9x median), `EXT_SOURCE_3` = -0.45 (5.1x median)","Deviasi fitur > 50x median klaster — kemungkinan kesalahan input/ETL (overflow, salah unit, atau sentinel value tidak ter-handle).",Data Engineering: tambahkan capping rule (Z-score>3 di tahap ingest) untuk mencegah kontaminasi model.
110841,cluster_1,Tipe B - Rare but Valid,"`INST_LATE_RATIO` = 2.47 (16.3x median), `BUREAU_COUNT` = 4.44 (16.1x median), `BUREAU_DEBT_TO_CREDIT_RATIO` = -0.58 (10.3x median), `EXT_SOURCE_3` = 1.27 (8.6x median), `AMT_ANNUITY` = 0.50 (6.6x median)","Ekstrem secara statistik tapi koheren — kemungkinan tail-end legitimate customer (VHNW, kasus khusus).",Routing: alihkan ke divisi Wealth Management / Priority Banking untuk potensi cross-sell.
110863,cluster_4,Tipe A - Data Error,"`EXT_SOURCE_1` = 1.52 (112.0x median), `CREDIT_TERM_MONTHS` = 1.96 (43.9x median), `REGION_RATING_CLIENT_W_CITY` = -2.04 (34.6x median), `YEARS_BIRTH` = 0.84 (25.9x median), `YEARS_EMPLOYED` = 4.14 (20.8x median)","Deviasi fitur > 50x median klaster — kemungkinan kesalahan input/ETL (overflow, salah unit, atau sentinel value tidak ter-handle).",Data Engineering: tambahkan capping rule (Z-score>3 di tahap ingest) untuk mencegah kontaminasi model.
110951,cluster_3,Tipe A - Data Error,"`CC_SK_DPD_MEAN` = 4.67 (94.8x median), `PREV_APPROVAL_RATE` = 0.96 (46.5x median), `REGION_RATING_CLIENT_W_CITY` = 1.92 (34.6x median), `ANNUITY_TO_INCOME` = 1.51 (17.3x median), `CREDIT_TO_INCOME` = 1.43 (10.1x median)","Deviasi fitur > 50x median klaster — kemungkinan kesalahan input/ETL (overflow, salah unit, atau sentinel value tidak ter-handle).",Data Engineering: tambahkan capping rule (Z-score>3 di tahap ingest) untuk mencegah kontaminasi model.
110960,cluster_1,Tipe A - Data Error,"`EXT_SOURCE_1` = 2.30 (170.0x median), `REGION_RATING_CLIENT_W_CITY` = 1.92 (34.6x median), `AMT_CREDIT` = -0.54 (16.1x median), `AMT_ANNUITY` = -0.97 (15.7x median), `BUREAU_ACTIVE_RATIO` = -0.62 (9.5x median)","Deviasi fitur > 50x median klaster — kemungkinan kesalahan input/ETL (overflow, salah unit, atau sentinel value tidak ter-handle).",Data Engineering: tambahkan capping rule (Z-score>3 di tahap ingest) untuk mencegah kontaminasi model.
111309,cluster_3,Tipe A - Data Error,"`CC_SK_DPD_MEAN` = 3.94 (80.1x median), `PREV_APPROVAL_RATE` = -0.69 (34.9x median), `REGION_RATING_CLIENT_W_CITY` = -2.04 (34.6x median), `ANNUITY_TO_INCOME` = 2.05 (23.0x median), `CREDIT_TERM_MONTHS` = 1.66 (22.9x median)","Deviasi fitur > 50x median klaster — kemungkinan kesalahan input/ETL (overflow, salah unit, atau sentinel value tidak ter-handle).",Data Engineering: tambahkan capping rule (Z-score>3 di tahap ingest) untuk mencegah kontaminasi model.
111471,cluster_4,Tipe A - Data Error,"`POS_MONTHS_COUNT` = 3.18 (84.2x median), `CREDIT_TERM_MONTHS` = 2.15 (48.2x median), `YEARS_BIRTH` = -0.51 (14.2x median), `PREV_REFUSED_COUNT` = 5.67 (13.5x median), `EXT_SOURCE_3` = -1.17 (11.5x median)","Deviasi fitur > 50x median klaster — kemungkinan kesalahan input/ETL (overflow, salah unit, atau sentinel value tidak ter-handle).",Data Engineering: tambahkan capping rule (Z-score>3 di tahap ingest) untuk mencegah kontaminasi model.
111535,cluster_2,Tipe B - Rare but Valid,"`REGION_RATING_CLIENT_W_CITY` = 1.92 (34.6x median), `YEARS_EMPLOYED` = 4.20 (19.5x median), `YEARS_BIRTH` = 1.42 (17.4x median), `OWN_CAR_AGE` = 6.79 (15.9x median), `AMT_INCOME_TOTAL` = 1.40 (11.9x median)","Ekstrem secara statistik tapi koheren — kemungkinan tail-end legitimate customer (VHNW, kasus khusus).",Routing: alihkan ke divisi Wealth Management / Priority Banking untuk potensi cross-sell.
112058,cluster_4,Tipe A - Data Error,"`EXT_SOURCE_1` = -1.12 (83.9x median), `YEARS_BIRTH` = -0.93 (26.7x median), `BUREAU_ACTIVE_RATIO` = -1.11 (17.7x median), `OWN_CAR_AGE` = 6.68 (15.7x median), `ANNUITY_TO_INCOME` = 2.75 (11.3x median)","Deviasi fitur > 50x median klaster — kemungkinan kesalahan input/ETL (overflow, salah unit, atau sentinel value tidak ter-handle).",Data Engineering: tambahkan capping rule (Z-score>3 di tahap ingest) untuk mencegah kontaminasi model.
112072,cluster_4,Tipe B - Rare but Valid,"`YEARS_BIRTH` = -1.63 (47.5x median), `REGION_RATING_CLIENT_W_CITY` = 1.92 (34.6x median), `CREDIT_TERM_MONTHS` = -0.92 (19.2x median), `BUREAU_ACTIVE_RATIO` = -1.11 (17.7x median), `AMT_INCOME_TOTAL` = 1.97 (17.0x median)","Ekstrem secara statistik tapi koheren — kemungkinan tail-end legitimate customer (VHNW, kasus khusus).",Routing: alihkan ke divisi Wealth Management / Priority Banking untuk potensi cross-sell.
112249,cluster_3,Tipe A - Data Error,"`POS_SK_DPD_MEAN` = 23.78 (123.0x median), `PREV_APPROVAL_RATE` = -2.34 (116.2x median), `INST_DPD_MEAN` = 163.15 (58.1x median), `BUREAU_ACTIVE_RATIO` = -1.11 (17.7x median), `INST_SEVERE_LATE_RATIO` = 31.72 (7.9x median)","Deviasi fitur > 50x median klaster — kemungkinan kesalahan input/ETL (overflow, salah unit, atau sentinel value tidak ter-handle).",Data Engineering: tambahkan capping rule (Z-score>3 di tahap ingest) untuk mencegah kontaminasi model.
112344,cluster_3,Tipe A - Data Error,"`EXT_SOURCE_1` = 1.92 (141.7x median), `POS_SK_DPD_MEAN` = 10.61 (54.3x median), `PREV_APPROVAL_RATE` = 0.96 (46.5x median), `CREDIT_TERM_MONTHS` = -1.62 (20.3x median), `EXT_SOURCE_3` = -1.58 (15.2x median)","Deviasi fitur > 50x median klaster — kemungkinan kesalahan input/ETL (overflow, salah unit, atau sentinel value tidak ter-handle).",Data Engineering: tambahkan capping rule (Z-score>3 di tahap ingest) untuk mencegah kontaminasi model.
113086,cluster_1,Tipe A - Data Error,"`EXT_SOURCE_1` = 1.61 (118.5x median), `BUREAU_ACTIVE_RATIO` = 2.03 (35.5x median), `BUREAU_DEBT_TO_CREDIT_RATIO` = 1.75 (35.4x median), `AMT_ANNUITY` = -1.25 (20.0x median), `CREDIT_TERM_MONTHS` = 2.12 (11.9x median)","Deviasi fitur > 50x median klaster — kemungkinan kesalahan input/ETL (overflow, salah unit, atau sentinel value tidak ter-handle).",Data Engineering: tambahkan capping rule (Z-score>3 di tahap ingest) untuk mencegah kontaminasi model.
113274,cluster_4,Tipe B - Rare but Valid,"`CREDIT_TERM_MONTHS` = 1.70 (38.1x median), `REGION_RATING_CLIENT_W_CITY` = 1.92 (34.6x median), `BUREAU_COUNT` = 4.88 (28.1x median), `INST_SEVERE_LATE_RATIO` = 4.30 (26.5x median), `EXT_SOURCE_1` = -0.30 (23.3x median)","Ekstrem secara statistik tapi koheren — kemungkinan tail-end legitimate customer (VHNW, kasus khusus).",Routing: alihkan ke divisi Wealth Management / Priority Banking untuk potensi cross-sell.
113465,cluster_3,Tipe A - Data Error,"`CC_SK_DPD_MEAN` = 18.30 (368.6x median), `ANNUITY_TO_INCOME` = 4.35 (47.8x median), `PREV_APPROVAL_RATE` = -0.69 (34.9x median), `CREDIT_TO_INCOME` = 3.85 (25.4x median), `BUREAU_ACTIVE_RATIO` = -1.11 (17.7x median)","Deviasi fitur > 50x median klaster — kemungkinan kesalahan input/ETL (overflow, salah unit, atau sentinel value tidak ter-handle).",Data Engineering: tambahkan capping rule (Z-score>3 di tahap ingest) untuk mencegah kontaminasi model.
113710,cluster_1,Tipe A - Data Error,"`EXT_SOURCE_1` = 1.62 (119.5x median), `INST_LATE_RATIO` = 2.44 (16.1x median), `YEARS_EMPLOYED` = 2.82 (9.8x median), `BUREAU_ACTIVE_RATIO` = -0.32 (4.4x median), `BUREAU_DAYS_CREDIT_MEAN` = -0.94 (4.3x median)","Deviasi fitur > 50x median klaster — kemungkinan kesalahan input/ETL (overflow, salah unit, atau sentinel value tidak ter-handle).",Data Engineering: tambahkan capping rule (Z-score>3 di tahap ingest) untuk mencegah kontaminasi model.
113732,cluster_4,Tipe B - Rare but Valid,"`EXT_SOURCE_1` = 0.38 (27.3x median), `POS_MONTHS_COUNT` = -0.77 (21.6x median), `EXT_SOURCE_3` = -1.71 (16.3x median), `BUREAU_DAYS_CREDIT_MEAN` = 0.91 (13.3x median), `AMT_REQ_CREDIT_BUREAU_YEAR` = 1.27 (9.3x median)","Ekstrem secara statistik tapi koheren — kemungkinan tail-end legitimate customer (VHNW, kasus khusus).",Routing: alihkan ke divisi Wealth Management / Priority Banking untuk potensi cross-sell.
113739,cluster_0,Tipe B - Rare but Valid,"`INST_SEVERE_LATE_RATIO` = 6.21 (37.9x median), `AMT_INCOME_TOTAL` = -3.42 (15.0x median), `INST_DPD_MEAN` = 1.33 (12.7x median), `BUREAU_ACTIVE_RATIO` = 0.61 (11.3x median), `EXT_SOURCE_2` = 0.87 (9.1x median)","Ekstrem secara statistik tapi koheren — kemungkinan tail-end legitimate customer (VHNW, kasus khusus).",Routing: alihkan ke divisi Wealth Management / Priority Banking untuk potensi cross-sell.
113877,cluster_2,Tipe A - Data Error,"`EXT_SOURCE_1` = 2.58 (190.8x median), `REGION_RATING_CLIENT_W_CITY` = -2.04 (34.6x median), `YEARS_EMPLOYED` = 4.39 (20.3x median), `AMT_INCOME_TOTAL` = 2.31 (20.1x median), `YEARS_BIRTH` = 1.06 (12.7x median)","Deviasi fitur > 50x median klaster — kemungkinan kesalahan input/ETL (overflow, salah unit, atau sentinel value tidak ter-handle).",Data Engineering: tambahkan capping rule (Z-score>3 di tahap ingest) untuk mencegah kontaminasi model.
113957,cluster_3,Tipe A - Data Error,"`CC_SK_DPD_MEAN` = 20.13 (405.2x median), `PREV_APPROVAL_RATE` = 0.96 (46.5x median), `REGION_RATING_CLIENT_W_CITY` = -2.04 (34.6x median), `YEARS_EMPLOYED` = 4.17 (13.4x median), `BUREAU_ACTIVE_RATIO` = 0.46 (8.9x median)","Deviasi fitur > 50x median klaster — kemungkinan kesalahan input/ETL (overflow, salah unit, atau sentinel value tidak ter-handle).",Data Engineering: tambahkan capping rule (Z-score>3 di tahap ingest) untuk mencegah kontaminasi model.
114071,cluster_1,Tipe A - Data Error,"`BUREAU_BB_SEVERE_DPD_MEAN` = 11.00 (215.9x median), `EXT_SOURCE_1` = 1.17 (86.2x median), `BUREAU_BB_DPD_RATIO_MEAN` = 8.32 (43.8x median), `EXT_SOURCE_3` = -2.25 (12.4x median), `AMT_ANNUITY` = -0.69 (11.5x median)","Deviasi fitur > 50x median klaster — kemungkinan kesalahan input/ETL (overflow, salah unit, atau sentinel value tidak ter-handle).",Data Engineering: tambahkan capping rule (Z-score>3 di tahap ingest) untuk mencegah kontaminasi model.
114216,cluster_1,Tipe B - Rare but Valid,"`BUREAU_ACTIVE_RATIO` = 2.03 (35.5x median), `BUREAU_DEBT_TO_CREDIT_RATIO` = 1.54 (31.1x median), `AMT_CREDIT` = -1.01 (30.8x median), `EXT_SOURCE_1` = 0.27 (18.7x median), `EXT_SOURCE_3` = -2.19 (12.1x median)","Ekstrem secara statistik tapi koheren — kemungkinan tail-end legitimate customer (VHNW, kasus khusus).",Routing: alihkan ke divisi Wealth Management / Priority Banking untuk potensi cross-sell.
114231,cluster_4,Tipe A - Data Error,"`EXT_SOURCE_1` = 1.19 (87.1x median), `CREDIT_TERM_MONTHS` = 2.17 (48.6x median), `REGION_RATING_CLIENT_W_CITY` = 1.92 (34.6x median), `YEARS_EMPLOYED` = 4.20 (21.1x median), `BUREAU_DAYS_CREDIT_MEAN` = -1.59 (20.6x median)","Deviasi fitur > 50x median klaster — kemungkinan kesalahan input/ETL (overflow, salah unit, atau sentinel value tidak ter-handle).",Data Engineering: tambahkan capping rule (Z-score>3 di tahap ingest) untuk mencegah kontaminasi model.
114668,cluster_3,Tipe C - Risk Signal,"`ANNUITY_TO_INCOME` = 4.26 (46.8x median), `CREDIT_TO_INCOME` = 4.70 (30.8x median), `PREV_APPROVAL_RATE` = -0.45 (23.2x median), `BUREAU_ACTIVE_RATIO` = -1.11 (17.7x median), `EXT_SOURCE_2` = -2.71 (14.5x median)","Kombinasi finansial kontradiktif (mis. rasio cicilan/pendapatan ekstrem, income rendah + credit besar, atau skor eksternal tinggi di cluster bermasalah).","Underwriting: matikan auto-approve, wajibkan manual review oleh underwriter senior + verifikasi pendapatan fisik."
114975,cluster_4,Tipe A - Data Error,"`YEARS_BIRTH` = -1.81 (53.0x median), `BUREAU_ACTIVE_RATIO` = 2.03 (35.5x median), `EXT_SOURCE_3` = -2.48 (23.3x median), `CREDIT_TERM_MONTHS` = -1.08 (22.6x median), `BUREAU_DEBT_TO_CREDIT_RATIO` = 1.32 (15.3x median)","Deviasi fitur > 50x median klaster — kemungkinan kesalahan input/ETL (overflow, salah unit, atau sentinel value tidak ter-handle).",Data Engineering: tambahkan capping rule (Z-score>3 di tahap ingest) untuk mencegah kontaminasi model.
115348,cluster_3,Tipe A - Data Error,"`EXT_SOURCE_1` = -1.36 (102.2x median), `CC_SK_DPD_MEAN` = 2.47 (50.7x median), `BUREAU_ACTIVE_RATIO` = -1.11 (17.7x median), `CREDIT_TERM_MONTHS` = -1.41 (17.6x median), `BUREAU_DAYS_CREDIT_MEAN` = -2.07 (11.9x median)","Deviasi fitur > 50x median klaster — kemungkinan kesalahan input/ETL (overflow, salah unit, atau sentinel value tidak ter-handle).",Data Engineering: tambahkan capping rule (Z-score>3 di tahap ingest) untuk mencegah kontaminasi model.
115670,cluster_4,Tipe A - Data Error,"`EXT_SOURCE_1` = 1.23 (90.0x median), `YEARS_BIRTH` = 0.75 (23.3x median), `CREDIT_TERM_MONTHS` = 0.88 (20.2x median), `BUREAU_DAYS_CREDIT_MEAN` = -1.03 (13.0x median), `POS_MONTHS_COUNT` = 0.44 (10.8x median)","Deviasi fitur > 50x median klaster — kemungkinan kesalahan input/ETL (overflow, salah unit, atau sentinel value tidak ter-handle).",Data Engineering: tambahkan capping rule (Z-score>3 di tahap ingest) untuk mencegah kontaminasi model.
115828,cluster_3,Tipe A - Data Error,"`PREV_APPROVAL_RATE` = -1.24 (62.0x median), `AMT_ANNUITY` = 1.56 (16.5x median), `AMT_INCOME_TOTAL` = 1.84 (9.6x median), `BUREAU_ACTIVE_RATIO` = 0.46 (8.9x median), `AMT_CREDIT` = 1.20 (6.6x median)","Deviasi fitur > 50x median klaster — kemungkinan kesalahan input/ETL (overflow, salah unit, atau sentinel value tidak ter-handle).",Data Engineering: tambahkan capping rule (Z-score>3 di tahap ingest) untuk mencegah kontaminasi model.
115885,cluster_4,Tipe A - Data Error,"`POS_MONTHS_COUNT` = 3.14 (83.1x median), `EXT_SOURCE_1` = -0.92 (69.7x median), `CREDIT_TERM_MONTHS` = 1.97 (44.2x median), `YEARS_BIRTH` = -0.63 (17.7x median), `AMT_INCOME_TOTAL` = 1.84 (15.8x median)","Deviasi fitur > 50x median klaster — kemungkinan kesalahan input/ETL (overflow, salah unit, atau sentinel value tidak ter-handle).",Data Engineering: tambahkan capping rule (Z-score>3 di tahap ingest) untuk mencegah kontaminasi model.
115970,cluster_3,Tipe A - Data Error,"`EXT_SOURCE_1` = 1.11 (81.4x median), `BUREAU_ACTIVE_RATIO` = 2.03 (35.5x median), `REGION_RATING_CLIENT_W_CITY` = -2.04 (34.6x median), `CREDIT_TERM_MONTHS` = 1.68 (23.1x median), `CREDIT_TO_INCOME` = 3.09 (20.6x median)","Deviasi fitur > 50x median klaster — kemungkinan kesalahan input/ETL (overflow, salah unit, atau sentinel value tidak ter-handle).",Data Engineering: tambahkan capping rule (Z-score>3 di tahap ingest) untuk mencegah kontaminasi model.
116078,cluster_0,Tipe A - Data Error,"`EXT_SOURCE_1` = -1.49 (111.7x median), `BUREAU_ACTIVE_RATIO` = 2.03 (35.5x median), `EXT_SOURCE_3` = -2.40 (22.6x median), `OWN_CAR_AGE` = 6.68 (15.7x median), `INST_SEVERE_LATE_RATIO` = 2.28 (14.6x median)","Deviasi fitur > 50x median klaster — kemungkinan kesalahan input/ETL (overflow, salah unit, atau sentinel value tidak ter-handle).",Data Engineering: tambahkan capping rule (Z-score>3 di tahap ingest) untuk mencegah kontaminasi model.
116338,cluster_4,Tipe A - Data Error,"`EXT_SOURCE_1` = 1.94 (143.2x median), `POS_MONTHS_COUNT` = -0.93 (25.9x median), `BUREAU_ACTIVE_RATIO` = 0.86 (15.5x median), `YEARS_BIRTH` = -0.43 (11.8x median), `CREDIT_TERM_MONTHS` = 0.32 (8.1x median)","Deviasi fitur > 50x median klaster — kemungkinan kesalahan input/ETL (overflow, salah unit, atau sentinel value tidak ter-handle).",Data Engineering: tambahkan capping rule (Z-score>3 di tahap ingest) untuk mencegah kontaminasi model.
116439,cluster_3,Tipe B - Rare but Valid,"`PREV_APPROVAL_RATE` = 0.96 (46.5x median), `REGION_RATING_CLIENT_W_CITY` = 1.92 (34.6x median), `ANNUITY_TO_INCOME` = 1.70 (19.3x median), `CREDIT_TO_INCOME` = 2.46 (16.6x median), `CREDIT_TERM_MONTHS` = 1.18 (16.5x median)","Ekstrem secara statistik tapi koheren — kemungkinan tail-end legitimate customer (VHNW, kasus khusus).",Routing: alihkan ke divisi Wealth Management / Priority Banking untuk potensi cross-sell.
116514,cluster_0,Tipe A - Data Error,"`EXT_SOURCE_1` = 0.75 (54.9x median), `BUREAU_ACTIVE_RATIO` = 2.03 (35.5x median), `EXT_SOURCE_3` = -1.23 (12.0x median), `AMT_INCOME_TOTAL` = -2.13 (9.0x median), `INST_LATE_RATIO` = 3.98 (7.3x median)","Deviasi fitur > 50x median klaster — kemungkinan kesalahan input/ETL (overflow, salah unit, atau sentinel value tidak ter-handle).",Data Engineering: tambahkan capping rule (Z-score>3 di tahap ingest) untuk mencegah kontaminasi model.
116791,cluster_3,Tipe B - Rare but Valid,"`PREV_APPROVAL_RATE` = 0.96 (46.5x median), `REGION_RATING_CLIENT_W_CITY` = 1.92 (34.6x median), `EXT_SOURCE_3` = -2.37 (22.3x median), `BUREAU_ACTIVE_RATIO` = 0.99 (17.7x median), `YEARS_BIRTH` = 1.35 (9.4x median)","Ekstrem secara statistik tapi koheren — kemungkinan tail-end legitimate customer (VHNW, kasus khusus).",Routing: alihkan ke divisi Wealth Management / Priority Banking untuk potensi cross-sell.
116973,cluster_1,Tipe A - Data Error,"`EXT_SOURCE_1` = 1.61 (118.9x median), `AMT_CREDIT` = -0.87 (26.4x median), `BUREAU_ACTIVE_RATIO` = -1.11 (17.7x median), `EXT_SOURCE_2` = -2.62 (11.4x median), `BUREAU_DEBT_TO_CREDIT_RATIO` = -0.59 (10.5x median)","Deviasi fitur > 50x median klaster — kemungkinan kesalahan input/ETL (overflow, salah unit, atau sentinel value tidak ter-handle).",Data Engineering: tambahkan capping rule (Z-score>3 di tahap ingest) untuk mencegah kontaminasi model.
116979,cluster_4,Tipe A - Data Error,"`EXT_SOURCE_1` = -2.08 (155.1x median), `REGION_RATING_CLIENT_W_CITY` = 1.92 (34.6x median), `BUREAU_COUNT` = 5.32 (30.6x median), `YEARS_BIRTH` = -0.60 (16.9x median), `BUREAU_DAYS_CREDIT_MEAN` = -0.98 (12.3x median)","Deviasi fitur > 50x median klaster — kemungkinan kesalahan input/ETL (overflow, salah unit, atau sentinel value tidak ter-handle).",Data Engineering: tambahkan capping rule (Z-score>3 di tahap ingest) untuk mencegah kontaminasi model.
117154,cluster_4,Tipe A - Data Error,"`EXT_SOURCE_1` = 2.18 (160.9x median), `YEARS_BIRTH` = 1.60 (48.7x median), `REGION_RATING_CLIENT_W_CITY` = -2.04 (34.6x median), `AMT_REQ_CREDIT_BUREAU_YEAR` = 1.85 (13.9x median), `AMT_INCOME_TOTAL` = 1.40 (11.9x median)","Deviasi fitur > 50x median klaster — kemungkinan kesalahan input/ETL (overflow, salah unit, atau sentinel value tidak ter-handle).",Data Engineering: tambahkan capping rule (Z-score>3 di tahap ingest) untuk mencegah kontaminasi model.
117386,cluster_4,Tipe A - Data Error,"`EXT_SOURCE_1` = 1.04 (76.0x median), `BUREAU_ACTIVE_RATIO` = 1.14 (20.3x median), `EXT_SOURCE_3` = -1.88 (17.9x median), `YEARS_BIRTH` = -0.50 (13.8x median), `CREDIT_TERM_MONTHS` = 0.53 (12.6x median)","Deviasi fitur > 50x median klaster — kemungkinan kesalahan input/ETL (overflow, salah unit, atau sentinel value tidak ter-handle).",Data Engineering: tambahkan capping rule (Z-score>3 di tahap ingest) untuk mencegah kontaminasi model.
118260,cluster_0,Tipe A - Data Error,"`EXT_SOURCE_1` = -1.46 (109.6x median), `REGION_RATING_CLIENT_W_CITY` = 1.92 (34.6x median), `EXT_SOURCE_2` = -2.04 (24.7x median), `INST_LATE_RATIO` = 3.34 (6.3x median), `BUREAU_ACTIVE_RATIO` = 0.15 (3.5x median)","Deviasi fitur > 50x median klaster — kemungkinan kesalahan input/ETL (overflow, salah unit, atau sentinel value tidak ter-handle).",Data Engineering: tambahkan capping rule (Z-score>3 di tahap ingest) untuk mencegah kontaminasi model.
118814,cluster_3,Tipe A - Data Error,"`PREV_APPROVAL_RATE` = -2.34 (116.2x median), `BUREAU_BB_SEVERE_DPD_MEAN` = 0.99 (20.3x median), `CREDIT_TERM_MONTHS` = -1.39 (17.3x median), `EXT_SOURCE_3` = -1.17 (11.5x median), `YEARS_BIRTH` = 1.51 (10.6x median)","Deviasi fitur > 50x median klaster — kemungkinan kesalahan input/ETL (overflow, salah unit, atau sentinel value tidak ter-handle).",Data Engineering: tambahkan capping rule (Z-score>3 di tahap ingest) untuk mencegah kontaminasi model.
119108,cluster_4,Tipe B - Rare but Valid,"`EXT_SOURCE_1` = -0.61 (46.4x median), `BUREAU_ACTIVE_RATIO` = 2.03 (35.5x median), `CREDIT_TERM_MONTHS` = -1.57 (33.4x median), `POS_MONTHS_COUNT` = 1.17 (30.2x median), `YEARS_BIRTH` = -0.68 (19.4x median)","Ekstrem secara statistik tapi koheren — kemungkinan tail-end legitimate customer (VHNW, kasus khusus).",Routing: alihkan ke divisi Wealth Management / Priority Banking untuk potensi cross-sell.
119664,cluster_3,Tipe A - Data Error,"`BUREAU_BB_SEVERE_DPD_MEAN` = 2.90 (57.6x median), `PREV_APPROVAL_RATE` = 0.96 (46.5x median), `BUREAU_BB_DPD_RATIO_MEAN` = 5.86 (31.1x median), `BUREAU_ACTIVE_RATIO` = 1.41 (24.8x median), `EXT_SOURCE_3` = -1.28 (12.5x median)","Deviasi fitur > 50x median klaster — kemungkinan kesalahan input/ETL (overflow, salah unit, atau sentinel value tidak ter-handle).",Data Engineering: tambahkan capping rule (Z-score>3 di tahap ingest) untuk mencegah kontaminasi model.
119990,cluster_0,Tipe B - Rare but Valid,"`INST_SEVERE_LATE_RATIO` = 5.15 (31.6x median), `EXT_SOURCE_3` = -2.94 (27.5x median), `EXT_SOURCE_1` = -0.20 (15.7x median), `EXT_SOURCE_2` = 0.91 (9.6x median), `INST_LATE_RATIO` = 3.06 (5.9x median)","Ekstrem secara statistik tapi koheren — kemungkinan tail-end legitimate customer (VHNW, kasus khusus).",Routing: alihkan ke divisi Wealth Management / Priority Banking untuk potensi cross-sell.
120530,cluster_4,Tipe B - Rare but Valid,"`CREDIT_TERM_MONTHS` = 1.67 (37.7x median), `POS_MONTHS_COUNT` = -1.13 (31.3x median), `YEARS_EMPLOYED` = 3.83 (19.3x median), `YEARS_BIRTH` = 0.58 (18.2x median), `INST_DPD_MAX` = 1.68 (17.2x median)","Ekstrem secara statistik tapi koheren — kemungkinan tail-end legitimate customer (VHNW, kasus khusus).",Routing: alihkan ke divisi Wealth Management / Priority Banking untuk potensi cross-sell.
120733,cluster_4,Tipe B - Rare but Valid,"`BUREAU_ACTIVE_RATIO` = 2.03 (35.5x median), `CREDIT_TERM_MONTHS` = -1.31 (27.6x median), `YEARS_BIRTH` = -0.94 (27.0x median), `BUREAU_DAYS_CREDIT_MEAN` = 1.29 (18.5x median), `POS_MONTHS_COUNT` = -0.57 (16.2x median)","Ekstrem secara statistik tapi koheren — kemungkinan tail-end legitimate customer (VHNW, kasus khusus).",Routing: alihkan ke divisi Wealth Management / Priority Banking untuk potensi cross-sell.
121009,cluster_0,Tipe A - Data Error,"`EXT_SOURCE_1` = 0.73 (53.2x median), `BUREAU_ACTIVE_RATIO` = 2.03 (35.5x median), `CNT_CHILDREN` = 3.60 (7.2x median), `AMT_INCOME_TOTAL` = -1.66 (6.8x median), `BUREAU_DEBT_TO_CREDIT_RATIO` = 1.74 (5.4x median)","Deviasi fitur > 50x median klaster — kemungkinan kesalahan input/ETL (overflow, salah unit, atau sentinel value tidak ter-handle).",Data Engineering: tambahkan capping rule (Z-score>3 di tahap ingest) untuk mencegah kontaminasi model.
121235,cluster_3,Tipe A - Data Error,"`CC_SK_DPD_MEAN` = 7.05 (142.5x median), `BUREAU_ACTIVE_RATIO` = -1.11 (17.7x median), `CREDIT_TERM_MONTHS` = -1.40 (17.5x median), `EXT_SOURCE_2` = -2.36 (12.7x median), `BUREAU_DAYS_CREDIT_MEAN` = 1.45 (10.1x median)","Deviasi fitur > 50x median klaster — kemungkinan kesalahan input/ETL (overflow, salah unit, atau sentinel value tidak ter-handle).",Data Engineering: tambahkan capping rule (Z-score>3 di tahap ingest) untuk mencegah kontaminasi model.
121538,cluster_4,Tipe B - Rare but Valid,"`EXT_SOURCE_1` = -0.63 (47.6x median), `CREDIT_TERM_MONTHS` = 1.68 (37.7x median), `YEARS_BIRTH` = -0.98 (28.4x median), `POS_MONTHS_COUNT` = -1.01 (28.1x median), `BUREAU_ACTIVE_RATIO` = 0.99 (17.7x median)","Ekstrem secara statistik tapi koheren — kemungkinan tail-end legitimate customer (VHNW, kasus khusus).",Routing: alihkan ke divisi Wealth Management / Priority Banking untuk potensi cross-sell.
121777,cluster_2,Tipe A - Data Error,"`POS_SK_DPD_MEAN` = 7.47 (107.8x median), `CC_SK_DPD_MEAN` = 4.02 (81.7x median), `EXT_SOURCE_1` = 0.58 (42.3x median), `YEARS_BIRTH` = 0.80 (9.4x median), `CC_UTILIZATION_MAX` = 1.39 (4.0x median)","Deviasi fitur > 50x median klaster — kemungkinan kesalahan input/ETL (overflow, salah unit, atau sentinel value tidak ter-handle).",Data Engineering: tambahkan capping rule (Z-score>3 di tahap ingest) untuk mencegah kontaminasi model.
122244,cluster_3,Tipe A - Data Error,"`POS_SK_DPD_MEAN` = 15.18 (78.1x median), `EXT_SOURCE_1` = 0.95 (69.9x median), `PREV_APPROVAL_RATE` = 0.96 (46.5x median), `CREDIT_TERM_MONTHS` = -1.51 (18.9x median), `BUREAU_ACTIVE_RATIO` = -1.11 (17.7x median)","Deviasi fitur > 50x median klaster — kemungkinan kesalahan input/ETL (overflow, salah unit, atau sentinel value tidak ter-handle).",Data Engineering: tambahkan capping rule (Z-score>3 di tahap ingest) untuk mencegah kontaminasi model.
122621,cluster_3,Tipe A - Data Error,"`CC_SK_DPD_MEAN` = 18.61 (374.8x median), `PREV_APPROVAL_RATE` = -0.69 (34.9x median), `CREDIT_TERM_MONTHS` = 1.70 (23.4x median), `CREDIT_TO_INCOME` = 1.28 (9.1x median), `EXT_SOURCE_3` = 1.10 (8.9x median)","Deviasi fitur > 50x median klaster — kemungkinan kesalahan input/ETL (overflow, salah unit, atau sentinel value tidak ter-handle).",Data Engineering: tambahkan capping rule (Z-score>3 di tahap ingest) untuk mencegah kontaminasi model.
122885,cluster_4,Tipe A - Data Error,"`EXT_SOURCE_1` = -1.32 (99.3x median), `CREDIT_TERM_MONTHS` = 1.68 (37.7x median), `POS_MONTHS_COUNT` = -0.69 (19.4x median), `YEARS_BIRTH` = -0.42 (11.4x median), `YEARS_EMPLOYED` = 2.06 (10.9x median)","Deviasi fitur > 50x median klaster — kemungkinan kesalahan input/ETL (overflow, salah unit, atau sentinel value tidak ter-handle).",Data Engineering: tambahkan capping rule (Z-score>3 di tahap ingest) untuk mencegah kontaminasi model.
123283,cluster_4,Tipe C - Risk Signal,"`REGION_RATING_CLIENT_W_CITY` = -2.04 (34.6x median), `YEARS_BIRTH` = -1.07 (30.9x median), `CREDIT_TERM_MONTHS` = -1.38 (29.3x median), `BUREAU_DAYS_CREDIT_MEAN` = 1.45 (20.7x median), `BUREAU_ACTIVE_RATIO` = -1.11 (17.7x median)","Kombinasi finansial kontradiktif (mis. rasio cicilan/pendapatan ekstrem, income rendah + credit besar, atau skor eksternal tinggi di cluster bermasalah).","Underwriting: matikan auto-approve, wajibkan manual review oleh underwriter senior + verifikasi pendapatan fisik."
123340,cluster_4,Tipe A - Data Error,"`EXT_SOURCE_1` = 2.62 (193.5x median), `REGION_RATING_CLIENT_W_CITY` = -2.04 (34.6x median), `POS_MONTHS_COUNT` = -1.13 (31.3x median), `YEARS_BIRTH` = 0.95 (29.2x median), `PREV_APPROVAL_RATE` = -2.34 (16.1x median)","Deviasi fitur > 50x median klaster — kemungkinan kesalahan input/ETL (overflow, salah unit, atau sentinel value tidak ter-handle).",Data Engineering: tambahkan capping rule (Z-score>3 di tahap ingest) untuk mencegah kontaminasi model.
123501,cluster_3,Tipe B - Rare but Valid,"`PREV_APPROVAL_RATE` = 0.96 (46.5x median), `BUREAU_BB_DPD_RATIO_MEAN` = 8.79 (46.2x median), `BUREAU_ACTIVE_RATIO` = 2.03 (35.5x median), `CREDIT_TERM_MONTHS` = 1.96 (26.8x median), `AMT_ANNUITY` = 1.06 (10.9x median)","Ekstrem secara statistik tapi koheren — kemungkinan tail-end legitimate customer (VHNW, kasus khusus).",Routing: alihkan ke divisi Wealth Management / Priority Banking untuk potensi cross-sell.
123827,cluster_1,Tipe B - Rare but Valid,"`BUREAU_DEBT_TO_CREDIT_RATIO` = 1.26 (25.7x median), `AMT_ANNUITY` = -0.89 (14.4x median), `BUREAU_ACTIVE_RATIO` = 0.78 (14.2x median), `EXT_SOURCE_2` = -2.59 (11.3x median), `EXT_SOURCE_3` = -1.87 (10.1x median)","Ekstrem secara statistik tapi koheren — kemungkinan tail-end legitimate customer (VHNW, kasus khusus).",Routing: alihkan ke divisi Wealth Management / Priority Banking untuk potensi cross-sell.
124284,cluster_1,Tipe A - Data Error,"`AMT_CREDIT` = -1.87 (57.8x median), `INST_SEVERE_LATE_RATIO` = 6.32 (38.5x median), `AMT_ANNUITY` = -1.86 (29.2x median), `INST_LATE_RATIO` = 3.58 (23.1x median), `BUREAU_COUNT` = 4.66 (16.9x median)","Deviasi fitur > 50x median klaster — kemungkinan kesalahan input/ETL (overflow, salah unit, atau sentinel value tidak ter-handle).",Data Engineering: tambahkan capping rule (Z-score>3 di tahap ingest) untuk mencegah kontaminasi model.
124356,cluster_4,Tipe A - Data Error,"`CC_SK_DPD_MEAN` = 24.41 (491.2x median), `YEARS_BIRTH` = 0.83 (25.7x median), `POS_MONTHS_COUNT` = -0.73 (20.5x median), `YEARS_EMPLOYED` = 2.73 (14.0x median), `CREDIT_TERM_MONTHS` = 0.54 (12.8x median)","Deviasi fitur > 50x median klaster — kemungkinan kesalahan input/ETL (overflow, salah unit, atau sentinel value tidak ter-handle).",Data Engineering: tambahkan capping rule (Z-score>3 di tahap ingest) untuk mencegah kontaminasi model.
124520,cluster_3,Tipe A - Data Error,"`PREV_APPROVAL_RATE` = -1.24 (62.0x median), `EXT_SOURCE_1` = 0.68 (49.7x median), `REGION_RATING_CLIENT_W_CITY` = 1.92 (34.6x median), `CREDIT_TERM_MONTHS` = -1.49 (18.7x median), `YEARS_BIRTH` = -1.47 (12.3x median)","Deviasi fitur > 50x median klaster — kemungkinan kesalahan input/ETL (overflow, salah unit, atau sentinel value tidak ter-handle).",Data Engineering: tambahkan capping rule (Z-score>3 di tahap ingest) untuk mencegah kontaminasi model.
124545,cluster_0,Tipe A - Data Error,"`EXT_SOURCE_1` = -1.35 (101.5x median), `BUREAU_ACTIVE_RATIO` = 2.03 (35.5x median), `EXT_SOURCE_2` = -0.86 (11.0x median), `EXT_SOURCE_3` = -0.78 (8.0x median), `AMT_INCOME_TOTAL` = 1.24 (6.8x median)","Deviasi fitur > 50x median klaster — kemungkinan kesalahan input/ETL (overflow, salah unit, atau sentinel value tidak ter-handle).",Data Engineering: tambahkan capping rule (Z-score>3 di tahap ingest) untuk mencegah kontaminasi model.
124744,cluster_2,Tipe B - Rare but Valid,"`INST_SEVERE_LATE_RATIO` = 6.21 (37.9x median), `INST_DPD_MEAN` = 1.70 (15.9x median), `YEARS_BIRTH` = -0.84 (11.9x median), `AMT_INCOME_TOTAL` = -1.06 (10.7x median), `INST_LATE_RATIO` = 4.69 (8.5x median)","Ekstrem secara statistik tapi koheren — kemungkinan tail-end legitimate customer (VHNW, kasus khusus).",Routing: alihkan ke divisi Wealth Management / Priority Banking untuk potensi cross-sell.
124919,cluster_4,Tipe A - Data Error,"`POS_MONTHS_COUNT` = 4.15 (110.1x median), `REGION_RATING_CLIENT_W_CITY` = -2.04 (34.6x median), `BUREAU_COUNT` = 5.54 (31.8x median), `EXT_SOURCE_3` = -2.75 (25.7x median), `YEARS_BIRTH` = -0.82 (23.5x median)","Deviasi fitur > 50x median klaster — kemungkinan kesalahan input/ETL (overflow, salah unit, atau sentinel value tidak ter-handle).",Data Engineering: tambahkan capping rule (Z-score>3 di tahap ingest) untuk mencegah kontaminasi model.
125469,cluster_4,Tipe B - Rare but Valid,"`EXT_SOURCE_1` = 0.54 (38.9x median), `CREDIT_TERM_MONTHS` = 1.67 (37.6x median), `REGION_RATING_CLIENT_W_CITY` = 1.92 (34.6x median), `YEARS_BIRTH` = -0.91 (26.1x median), `BUREAU_DAYS_CREDIT_MEAN` = -1.01 (12.8x median)","Ekstrem secara statistik tapi koheren — kemungkinan tail-end legitimate customer (VHNW, kasus khusus).",Routing: alihkan ke divisi Wealth Management / Priority Banking untuk potensi cross-sell.
125705,cluster_1,Tipe B - Rare but Valid,"`EXT_SOURCE_1` = -0.65 (49.2x median), `BUREAU_DEBT_TO_CREDIT_RATIO` = 1.23 (25.1x median), `BUREAU_ACTIVE_RATIO` = 1.14 (20.3x median), `BUREAU_BB_DPD_RATIO_MEAN` = 2.50 (13.9x median), `CC_SK_DPD_MEAN` = 0.41 (9.2x median)","Ekstrem secara statistik tapi koheren — kemungkinan tail-end legitimate customer (VHNW, kasus khusus).",Routing: alihkan ke divisi Wealth Management / Priority Banking untuk potensi cross-sell.
125769,cluster_0,Tipe A - Data Error,"`EXT_SOURCE_1` = -1.92 (143.2x median), `BUREAU_ACTIVE_RATIO` = 2.03 (35.5x median), `REGION_RATING_CLIENT_W_CITY` = 1.92 (34.6x median), `EXT_SOURCE_3` = -2.65 (24.8x median), `INST_SEVERE_LATE_RATIO` = 2.97 (18.6x median)","Deviasi fitur > 50x median klaster — kemungkinan kesalahan input/ETL (overflow, salah unit, atau sentinel value tidak ter-handle).",Data Engineering: tambahkan capping rule (Z-score>3 di tahap ingest) untuk mencegah kontaminasi model.
125782,cluster_0,Tipe A - Data Error,"`EXT_SOURCE_1` = 1.79 (132.2x median), `INST_SEVERE_LATE_RATIO` = 6.66 (40.6x median), `BUREAU_BB_DPD_RATIO_MEAN` = 3.35 (18.2x median), `EXT_SOURCE_2` = -1.20 (14.9x median), `INST_DPD_MEAN` = 1.47 (13.9x median)","Deviasi fitur > 50x median klaster — kemungkinan kesalahan input/ETL (overflow, salah unit, atau sentinel value tidak ter-handle).",Data Engineering: tambahkan capping rule (Z-score>3 di tahap ingest) untuk mencegah kontaminasi model.
125982,cluster_4,Tipe A - Data Error,"`EXT_SOURCE_1` = -0.86 (64.6x median), `CREDIT_TERM_MONTHS` = -1.52 (32.3x median), `YEARS_BIRTH` = -0.93 (26.8x median), `BUREAU_DAYS_CREDIT_MEAN` = -1.79 (23.3x median), `AMT_ANNUITY` = -1.62 (12.5x median)","Deviasi fitur > 50x median klaster — kemungkinan kesalahan input/ETL (overflow, salah unit, atau sentinel value tidak ter-handle).",Data Engineering: tambahkan capping rule (Z-score>3 di tahap ingest) untuk mencegah kontaminasi model.
125992,cluster_2,Tipe B - Rare but Valid,"`EXT_SOURCE_1` = -0.42 (31.9x median), `INST_SEVERE_LATE_RATIO` = 4.83 (29.7x median), `YEARS_EMPLOYED` = 3.91 (18.2x median), `YEARS_BIRTH` = 0.74 (8.6x median), `AMT_INCOME_TOTAL` = -0.77 (8.0x median)","Ekstrem secara statistik tapi koheren — kemungkinan tail-end legitimate customer (VHNW, kasus khusus).",Routing: alihkan ke divisi Wealth Management / Priority Banking untuk potensi cross-sell.
126139,cluster_3,Tipe B - Rare but Valid,"`POS_SK_DPD_MEAN` = 4.58 (22.9x median), `AMT_ANNUITY` = -1.32 (15.8x median), `YEARS_EMPLOYED` = 4.62 (14.7x median), `EXT_SOURCE_3` = 1.03 (8.3x median), `BUREAU_DAYS_CREDIT_MEAN` = -1.25 (6.8x median)","Ekstrem secara statistik tapi koheren — kemungkinan tail-end legitimate customer (VHNW, kasus khusus).",Routing: alihkan ke divisi Wealth Management / Priority Banking untuk potensi cross-sell.
126168,cluster_3,Tipe A - Data Error,"`EXT_SOURCE_1` = 1.76 (129.6x median), `CREDIT_TERM_MONTHS` = 1.52 (21.0x median), `BUREAU_BB_DPD_RATIO_MEAN` = 3.11 (17.0x median), `YEARS_BIRTH` = 1.64 (11.6x median), `YEARS_EMPLOYED` = 2.53 (8.5x median)","Deviasi fitur > 50x median klaster — kemungkinan kesalahan input/ETL (overflow, salah unit, atau sentinel value tidak ter-handle).",Data Engineering: tambahkan capping rule (Z-score>3 di tahap ingest) untuk mencegah kontaminasi model.
126449,cluster_2,Tipe B - Rare but Valid,"`INST_SEVERE_LATE_RATIO` = 6.92 (42.1x median), `EXT_SOURCE_3` = -2.73 (25.6x median), `BUREAU_ACTIVE_RATIO` = 2.03 (13.4x median), `INST_DPD_MEAN` = 1.34 (12.8x median), `YEARS_BIRTH` = -0.84 (11.9x median)","Ekstrem secara statistik tapi koheren — kemungkinan tail-end legitimate customer (VHNW, kasus khusus).",Routing: alihkan ke divisi Wealth Management / Priority Banking untuk potensi cross-sell.
126727,cluster_3,Tipe A - Data Error,"`EXT_SOURCE_1` = -1.83 (136.7x median), `POS_SK_DPD_MEAN` = 9.56 (48.8x median), `PREV_APPROVAL_RATE` = -0.69 (34.9x median), `CREDIT_TERM_MONTHS` = -1.21 (14.9x median), `YEARS_BIRTH` = -1.07 (9.2x median)","Deviasi fitur > 50x median klaster — kemungkinan kesalahan input/ETL (overflow, salah unit, atau sentinel value tidak ter-handle).",Data Engineering: tambahkan capping rule (Z-score>3 di tahap ingest) untuk mencegah kontaminasi model.
126916,cluster_4,Tipe A - Data Error,"`EXT_SOURCE_1` = -3.22 (239.8x median), `POS_MONTHS_COUNT` = 1.17 (30.2x median), `EXT_SOURCE_3` = -2.17 (20.5x median), `BUREAU_ACTIVE_RATIO` = 0.99 (17.7x median), `AMT_ANNUITY` = -2.34 (17.6x median)","Deviasi fitur > 50x median klaster — kemungkinan kesalahan input/ETL (overflow, salah unit, atau sentinel value tidak ter-handle).",Data Engineering: tambahkan capping rule (Z-score>3 di tahap ingest) untuk mencegah kontaminasi model.
127007,cluster_4,Tipe A - Data Error,"`EXT_SOURCE_1` = 1.77 (130.6x median), `YEARS_BIRTH` = 1.13 (34.7x median), `POS_MONTHS_COUNT` = -0.81 (22.7x median), `BUREAU_DAYS_CREDIT_MEAN` = 1.45 (20.7x median), `BUREAU_ACTIVE_RATIO` = -1.11 (17.7x median)","Deviasi fitur > 50x median klaster — kemungkinan kesalahan input/ETL (overflow, salah unit, atau sentinel value tidak ter-handle).",Data Engineering: tambahkan capping rule (Z-score>3 di tahap ingest) untuk mencegah kontaminasi model.
127074,cluster_3,Tipe B - Rare but Valid,"`PREV_APPROVAL_RATE` = 0.96 (46.5x median), `REGION_RATING_CLIENT_W_CITY` = 1.92 (34.6x median), `POS_SK_DPD_MEAN` = 4.81 (24.1x median), `CREDIT_TERM_MONTHS` = -1.39 (17.4x median), `YEARS_BIRTH` = 1.97 (14.1x median)","Ekstrem secara statistik tapi koheren — kemungkinan tail-end legitimate customer (VHNW, kasus khusus).",Routing: alihkan ke divisi Wealth Management / Priority Banking untuk potensi cross-sell.
127517,cluster_4,Tipe B - Rare but Valid,"`BUREAU_DAYS_CREDIT_MEAN` = -2.21 (29.0x median), `YEARS_BIRTH` = -0.97 (27.8x median), `CREDIT_TERM_MONTHS` = 1.19 (27.0x median), `BUREAU_ACTIVE_RATIO` = -1.11 (17.7x median), `POS_MONTHS_COUNT` = 0.36 (8.6x median)","Ekstrem secara statistik tapi koheren — kemungkinan tail-end legitimate customer (VHNW, kasus khusus).",Routing: alihkan ke divisi Wealth Management / Priority Banking untuk potensi cross-sell.
127883,cluster_1,Tipe B - Rare but Valid,"`BUREAU_ACTIVE_RATIO` = 2.03 (35.5x median), `BUREAU_DEBT_TO_CREDIT_RATIO` = 1.64 (33.2x median), `PREV_REFUSED_COUNT` = 6.23 (8.4x median), `AMT_CREDIT` = -0.27 (7.6x median), `BUREAU_DAYS_CREDIT_MEAN` = 0.94 (6.3x median)","Ekstrem secara statistik tapi koheren — kemungkinan tail-end legitimate customer (VHNW, kasus khusus).",Routing: alihkan ke divisi Wealth Management / Priority Banking untuk potensi cross-sell.
128147,cluster_2,Tipe C - Risk Signal,"`EXT_SOURCE_1` = 0.46 (33.0x median), `ANNUITY_TO_INCOME` = 7.43 (17.7x median), `AMT_INCOME_TOTAL` = -1.73 (16.9x median), `BUREAU_COUNT` = 2.68 (15.9x median), `EXT_SOURCE_3` = -1.34 (13.0x median)","Kombinasi finansial kontradiktif (mis. rasio cicilan/pendapatan ekstrem, income rendah + credit besar, atau skor eksternal tinggi di cluster bermasalah).","Underwriting: matikan auto-approve, wajibkan manual review oleh underwriter senior + verifikasi pendapatan fisik."
129047,cluster_3,Tipe A - Data Error,"`BUREAU_BB_SEVERE_DPD_MEAN` = 6.38 (125.6x median), `BUREAU_BB_DPD_RATIO_MEAN` = 6.95 (36.7x median), `PREV_APPROVAL_RATE` = -0.36 (18.6x median), `CREDIT_TERM_MONTHS` = -1.07 (13.1x median), `YEARS_BIRTH` = -0.84 (7.4x median)","Deviasi fitur > 50x median klaster — kemungkinan kesalahan input/ETL (overflow, salah unit, atau sentinel value tidak ter-handle).",Data Engineering: tambahkan capping rule (Z-score>3 di tahap ingest) untuk mencegah kontaminasi model.
130106,cluster_4,Tipe A - Data Error,"`BUREAU_BB_DPD_RATIO_MEAN` = 13.12 (68.5x median), `EXT_SOURCE_1` = 0.76 (55.7x median), `BUREAU_ACTIVE_RATIO` = 2.03 (35.5x median), `REGION_RATING_CLIENT_W_CITY` = -2.04 (34.6x median), `CREDIT_TERM_MONTHS` = -1.08 (22.6x median)","Deviasi fitur > 50x median klaster — kemungkinan kesalahan input/ETL (overflow, salah unit, atau sentinel value tidak ter-handle).",Data Engineering: tambahkan capping rule (Z-score>3 di tahap ingest) untuk mencegah kontaminasi model.
130267,cluster_2,Tipe B - Rare but Valid,"`INST_SEVERE_LATE_RATIO` = 5.15 (31.6x median), `EXT_SOURCE_1` = -0.30 (23.3x median), `EXT_SOURCE_3` = 1.37 (11.3x median), `BUREAU_DAYS_CREDIT_MEAN` = -1.26 (8.2x median), `YEARS_BIRTH` = -0.54 (8.0x median)","Ekstrem secara statistik tapi koheren — kemungkinan tail-end legitimate customer (VHNW, kasus khusus).",Routing: alihkan ke divisi Wealth Management / Priority Banking untuk potensi cross-sell.
130489,cluster_4,Tipe A - Data Error,"`POS_MONTHS_COUNT` = 3.75 (99.3x median), `EXT_SOURCE_1` = -1.09 (81.8x median), `REGION_RATING_CLIENT_W_CITY` = -2.04 (34.6x median), `BUREAU_DAYS_CREDIT_MEAN` = 1.45 (20.7x median), `BUREAU_ACTIVE_RATIO` = -1.11 (17.7x median)","Deviasi fitur > 50x median klaster — kemungkinan kesalahan input/ETL (overflow, salah unit, atau sentinel value tidak ter-handle).",Data Engineering: tambahkan capping rule (Z-score>3 di tahap ingest) untuk mencegah kontaminasi model.
130642,cluster_4,Tipe B - Rare but Valid,"`BUREAU_ACTIVE_RATIO` = 2.03 (35.5x median), `AMT_REQ_CREDIT_BUREAU_YEAR` = 3.58 (27.8x median), `AMT_ANNUITY` = -2.51 (18.9x median), `BUREAU_DEBT_TO_CREDIT_RATIO` = 1.47 (16.9x median), `YEARS_BIRTH` = 0.48 (15.3x median)","Ekstrem secara statistik tapi koheren — kemungkinan tail-end legitimate customer (VHNW, kasus khusus).",Routing: alihkan ke divisi Wealth Management / Priority Banking untuk potensi cross-sell.
130649,cluster_1,Tipe A - Data Error,"`EXT_SOURCE_1` = -0.95 (71.6x median), `REGION_RATING_CLIENT_W_CITY` = -2.04 (34.6x median), `AMT_CREDIT` = 0.52 (17.3x median), `YEARS_BIRTH` = -1.05 (5.2x median), `CNT_CHILDREN` = 2.21 (4.8x median)","Deviasi fitur > 50x median klaster — kemungkinan kesalahan input/ETL (overflow, salah unit, atau sentinel value tidak ter-handle).",Data Engineering: tambahkan capping rule (Z-score>3 di tahap ingest) untuk mencegah kontaminasi model.
130968,cluster_3,Tipe A - Data Error,"`EXT_SOURCE_1` = 2.04 (150.7x median), `PREV_APPROVAL_RATE` = 0.96 (46.5x median), `POS_SK_DPD_MEAN` = 7.46 (37.9x median), `REGION_RATING_CLIENT_W_CITY` = -2.04 (34.6x median), `CREDIT_TERM_MONTHS` = 1.69 (23.4x median)","Deviasi fitur > 50x median klaster — kemungkinan kesalahan input/ETL (overflow, salah unit, atau sentinel value tidak ter-handle).",Data Engineering: tambahkan capping rule (Z-score>3 di tahap ingest) untuk mencegah kontaminasi model.
131205,cluster_3,Tipe A - Data Error,"`POS_SK_DPD_MEAN` = 16.96 (87.4x median), `BUREAU_ACTIVE_RATIO` = -1.11 (17.7x median), `AMT_ANNUITY` = -0.94 (11.5x median), `YEARS_BIRTH` = 1.57 (11.0x median), `BUREAU_DAYS_CREDIT_MEAN` = -1.86 (10.6x median)","Deviasi fitur > 50x median klaster — kemungkinan kesalahan input/ETL (overflow, salah unit, atau sentinel value tidak ter-handle).",Data Engineering: tambahkan capping rule (Z-score>3 di tahap ingest) untuk mencegah kontaminasi model.
131212,cluster_3,Tipe B - Rare but Valid,"`BUREAU_ACTIVE_RATIO` = 2.03 (35.5x median), `PREV_APPROVAL_RATE` = 0.30 (13.9x median), `POS_SK_DPD_MEAN` = 2.76 (13.4x median), `ANNUITY_TO_INCOME` = -0.56 (5.0x median), `AMT_ANNUITY` = -0.35 (4.9x median)","Ekstrem secara statistik tapi koheren — kemungkinan tail-end legitimate customer (VHNW, kasus khusus).",Routing: alihkan ke divisi Wealth Management / Priority Banking untuk potensi cross-sell.
131321,cluster_3,Tipe B - Rare but Valid,"`PREV_APPROVAL_RATE` = 0.96 (46.5x median), `REGION_RATING_CLIENT_W_CITY` = -2.04 (34.6x median), `POS_SK_DPD_MEAN` = 6.24 (31.5x median), `BUREAU_ACTIVE_RATIO` = 0.99 (17.7x median), `CREDIT_TERM_MONTHS` = 0.53 (8.0x median)","Ekstrem secara statistik tapi koheren — kemungkinan tail-end legitimate customer (VHNW, kasus khusus).",Routing: alihkan ke divisi Wealth Management / Priority Banking untuk potensi cross-sell.
131841,cluster_4,Tipe A - Data Error,"`EXT_SOURCE_1` = 1.25 (91.7x median), `POS_MONTHS_COUNT` = 1.41 (36.7x median), `REGION_RATING_CLIENT_W_CITY` = -2.04 (34.6x median), `YEARS_BIRTH` = 0.68 (21.4x median), `BUREAU_ACTIVE_RATIO` = 1.14 (20.3x median)","Deviasi fitur > 50x median klaster — kemungkinan kesalahan input/ETL (overflow, salah unit, atau sentinel value tidak ter-handle).",Data Engineering: tambahkan capping rule (Z-score>3 di tahap ingest) untuk mencegah kontaminasi model.
131979,cluster_3,Tipe A - Data Error,"`POS_SK_DPD_MEAN` = 24.54 (126.9x median), `EXT_SOURCE_1` = 1.05 (77.0x median), `PREV_APPROVAL_RATE` = 0.96 (46.5x median), `AMT_ANNUITY` = 1.95 (20.8x median), `CREDIT_TERM_MONTHS` = -1.48 (18.5x median)","Deviasi fitur > 50x median klaster — kemungkinan kesalahan input/ETL (overflow, salah unit, atau sentinel value tidak ter-handle).",Data Engineering: tambahkan capping rule (Z-score>3 di tahap ingest) untuk mencegah kontaminasi model.
132958,cluster_1,Tipe B - Rare but Valid,"`BUREAU_COUNT` = 8.40 (31.3x median), `AMT_CREDIT` = 0.58 (19.1x median), `EXT_SOURCE_3` = -2.21 (12.2x median), `CREDIT_TERM_MONTHS` = 1.28 (7.6x median), `POS_MONTHS_COUNT` = 6.17 (7.1x median)","Ekstrem secara statistik tapi koheren — kemungkinan tail-end legitimate customer (VHNW, kasus khusus).",Routing: alihkan ke divisi Wealth Management / Priority Banking untuk potensi cross-sell.
133081,cluster_3,Tipe B - Rare but Valid,"`PREV_APPROVAL_RATE` = 0.41 (19.4x median), `CC_SK_DPD_MEAN` = 0.90 (19.0x median), `CREDIT_TERM_MONTHS` = 1.26 (17.7x median), `BUREAU_ACTIVE_RATIO` = 0.46 (8.9x median), `CC_MONTHS_COUNT` = 3.17 (8.3x median)","Ekstrem secara statistik tapi koheren — kemungkinan tail-end legitimate customer (VHNW, kasus khusus).",Routing: alihkan ke divisi Wealth Management / Priority Banking untuk potensi cross-sell.
133796,cluster_1,Tipe A - Data Error,"`EXT_SOURCE_1` = -2.87 (214.1x median), `BUREAU_BB_SEVERE_DPD_MEAN` = 3.45 (68.3x median), `BUREAU_ACTIVE_RATIO` = 2.03 (35.5x median), `REGION_RATING_CLIENT_W_CITY` = -2.04 (34.6x median), `BUREAU_BB_DPD_RATIO_MEAN` = 4.48 (24.0x median)","Deviasi fitur > 50x median klaster — kemungkinan kesalahan input/ETL (overflow, salah unit, atau sentinel value tidak ter-handle).",Data Engineering: tambahkan capping rule (Z-score>3 di tahap ingest) untuk mencegah kontaminasi model.
134317,cluster_1,Tipe B - Rare but Valid,"`BUREAU_ACTIVE_RATIO` = -1.11 (17.7x median), `INST_LATE_RATIO` = 2.39 (15.8x median), `AMT_ANNUITY` = -0.72 (11.9x median), `BUREAU_DEBT_TO_CREDIT_RATIO` = -0.59 (10.5x median), `CREDIT_TERM_MONTHS` = 1.66 (9.5x median)","Ekstrem secara statistik tapi koheren — kemungkinan tail-end legitimate customer (VHNW, kasus khusus).",Routing: alihkan ke divisi Wealth Management / Priority Banking untuk potensi cross-sell.
134380,cluster_4,Tipe A - Data Error,"`EXT_SOURCE_1` = -2.37 (177.3x median), `POS_MONTHS_COUNT` = 2.30 (60.4x median), `YEARS_BIRTH` = -1.16 (33.7x median), `EXT_SOURCE_3` = -1.46 (14.1x median), `BUREAU_COUNT` = 1.58 (9.8x median)","Deviasi fitur > 50x median klaster — kemungkinan kesalahan input/ETL (overflow, salah unit, atau sentinel value tidak ter-handle).",Data Engineering: tambahkan capping rule (Z-score>3 di tahap ingest) untuk mencegah kontaminasi model.
134552,cluster_1,Tipe B - Rare but Valid,"`AMT_CREDIT` = 1.45 (46.5x median), `AMT_ANNUITY` = 0.88 (12.3x median), `CREDIT_TERM_MONTHS` = 1.68 (9.6x median), `BUREAU_DEBT_TO_CREDIT_RATIO` = -0.54 (9.6x median), `PREV_REFUSED_COUNT` = 6.23 (8.4x median)","Ekstrem secara statistik tapi koheren — kemungkinan tail-end legitimate customer (VHNW, kasus khusus).",Routing: alihkan ke divisi Wealth Management / Priority Banking untuk potensi cross-sell.
134783,cluster_1,Tipe A - Data Error,"`POS_SK_DPD_MEAN` = 5.26 (76.2x median), `AMT_CREDIT` = -0.91 (27.6x median), `INST_LATE_RATIO` = 3.80 (24.5x median), `BUREAU_ACTIVE_RATIO` = -1.11 (17.7x median), `BUREAU_DEBT_TO_CREDIT_RATIO` = -0.59 (10.5x median)","Deviasi fitur > 50x median klaster — kemungkinan kesalahan input/ETL (overflow, salah unit, atau sentinel value tidak ter-handle).",Data Engineering: tambahkan capping rule (Z-score>3 di tahap ingest) untuk mencegah kontaminasi model.
135297,cluster_1,Tipe A - Data Error,"`EXT_SOURCE_1` = -1.80 (134.7x median), `AMT_CREDIT` = -0.79 (23.9x median), `EXT_SOURCE_3` = -1.93 (10.5x median), `BUREAU_COUNT` = 2.46 (8.5x median), `CREDIT_TERM_MONTHS` = -1.37 (6.0x median)","Deviasi fitur > 50x median klaster — kemungkinan kesalahan input/ETL (overflow, salah unit, atau sentinel value tidak ter-handle).",Data Engineering: tambahkan capping rule (Z-score>3 di tahap ingest) untuk mencegah kontaminasi model.
135446,cluster_0,Tipe B - Rare but Valid,"`INST_SEVERE_LATE_RATIO` = 2.03 (13.1x median), `EXT_SOURCE_2` = -0.58 (7.7x median), `BUREAU_ACTIVE_RATIO` = -0.32 (4.4x median), `AMT_INCOME_TOTAL` = 0.49 (3.3x median), `EXT_SOURCE_3` = 0.47 (3.2x median)","Ekstrem secara statistik tapi koheren — kemungkinan tail-end legitimate customer (VHNW, kasus khusus).",Routing: alihkan ke divisi Wealth Management / Priority Banking untuk potensi cross-sell.
135471,cluster_3,Tipe B - Rare but Valid,"`PREV_APPROVAL_RATE` = 0.96 (46.5x median), `ANNUITY_TO_INCOME` = 2.82 (31.4x median), `CREDIT_TO_INCOME` = 4.33 (28.4x median), `CREDIT_TERM_MONTHS` = 1.67 (23.0x median), `BUREAU_ACTIVE_RATIO` = -1.11 (17.7x median)","Ekstrem secara statistik tapi koheren — kemungkinan tail-end legitimate customer (VHNW, kasus khusus).",Routing: alihkan ke divisi Wealth Management / Priority Banking untuk potensi cross-sell.
135625,cluster_4,Tipe A - Data Error,"`EXT_SOURCE_1` = 1.16 (85.2x median), `POS_MONTHS_COUNT` = 1.73 (45.3x median), `YEARS_BIRTH` = 0.82 (25.5x median), `AMT_REQ_CREDIT_BUREAU_YEAR` = 3.00 (23.2x median), `YEARS_EMPLOYED` = 4.19 (21.0x median)","Deviasi fitur > 50x median klaster — kemungkinan kesalahan input/ETL (overflow, salah unit, atau sentinel value tidak ter-handle).",Data Engineering: tambahkan capping rule (Z-score>3 di tahap ingest) untuk mencegah kontaminasi model.
135863,cluster_3,Tipe A - Data Error,"`CC_SK_DPD_MEAN` = 10.53 (212.6x median), `PREV_APPROVAL_RATE` = -0.92 (46.5x median), `EXT_SOURCE_1` = 0.55 (39.9x median), `BUREAU_ACTIVE_RATIO` = -1.11 (17.7x median), `CREDIT_TERM_MONTHS` = 1.26 (17.7x median)","Deviasi fitur > 50x median klaster — kemungkinan kesalahan input/ETL (overflow, salah unit, atau sentinel value tidak ter-handle).",Data Engineering: tambahkan capping rule (Z-score>3 di tahap ingest) untuk mencegah kontaminasi model.
136114,cluster_4,Tipe B - Rare but Valid,"`REGION_RATING_CLIENT_W_CITY` = 1.92 (34.6x median), `EXT_SOURCE_1` = -0.41 (31.4x median), `AMT_INCOME_TOTAL` = -2.51 (24.0x median), `YEARS_BIRTH` = -0.73 (20.7x median), `POS_MONTHS_COUNT` = -0.69 (19.4x median)","Ekstrem secara statistik tapi koheren — kemungkinan tail-end legitimate customer (VHNW, kasus khusus).",Routing: alihkan ke divisi Wealth Management / Priority Banking untuk potensi cross-sell.
136507,cluster_4,Tipe A - Data Error,"`EXT_SOURCE_1` = 1.65 (121.6x median), `CREDIT_TERM_MONTHS` = 2.16 (48.2x median), `BUREAU_ACTIVE_RATIO` = 0.99 (17.7x median), `BUREAU_DEBT_TO_CREDIT_RATIO` = 1.29 (14.9x median), `YEARS_BIRTH` = -0.52 (14.4x median)","Deviasi fitur > 50x median klaster — kemungkinan kesalahan input/ETL (overflow, salah unit, atau sentinel value tidak ter-handle).",Data Engineering: tambahkan capping rule (Z-score>3 di tahap ingest) untuk mencegah kontaminasi model.
136651,cluster_1,Tipe A - Data Error,"`EXT_SOURCE_1` = -1.24 (92.9x median), `AMT_CREDIT` = 0.68 (22.3x median), `AMT_ANNUITY` = 0.78 (10.8x median), `BUREAU_DEBT_TO_CREDIT_RATIO` = 0.45 (9.8x median), `CC_UTILIZATION_MAX` = 2.38 (6.1x median)","Deviasi fitur > 50x median klaster — kemungkinan kesalahan input/ETL (overflow, salah unit, atau sentinel value tidak ter-handle).",Data Engineering: tambahkan capping rule (Z-score>3 di tahap ingest) untuk mencegah kontaminasi model.
136908,cluster_4,Tipe A - Data Error,"`EXT_SOURCE_1` = -1.93 (144.5x median), `YEARS_BIRTH` = -1.32 (38.2x median), `REGION_RATING_CLIENT_W_CITY` = -2.04 (34.6x median), `BUREAU_ACTIVE_RATIO` = 1.41 (24.8x median), `EXT_SOURCE_3` = -2.64 (24.7x median)","Deviasi fitur > 50x median klaster — kemungkinan kesalahan input/ETL (overflow, salah unit, atau sentinel value tidak ter-handle).",Data Engineering: tambahkan capping rule (Z-score>3 di tahap ingest) untuk mencegah kontaminasi model.
137125,cluster_0,Tipe B - Rare but Valid,"`EXT_SOURCE_2` = -1.89 (23.0x median), `INST_SEVERE_LATE_RATIO` = 3.37 (21.0x median), `BUREAU_ACTIVE_RATIO` = -1.11 (17.7x median), `INST_DPD_MEAN` = 0.92 (9.1x median), `AMT_INCOME_TOTAL` = -1.66 (6.8x median)","Ekstrem secara statistik tapi koheren — kemungkinan tail-end legitimate customer (VHNW, kasus khusus).",Routing: alihkan ke divisi Wealth Management / Priority Banking untuk potensi cross-sell.
137600,cluster_3,Tipe A - Data Error,"`POS_SK_DPD_MEAN` = 13.42 (69.0x median), `PREV_APPROVAL_RATE` = 0.96 (46.5x median), `REGION_RATING_CLIENT_W_CITY` = 1.92 (34.6x median), `AMT_ANNUITY` = -1.85 (21.7x median), `BUREAU_ACTIVE_RATIO` = -1.11 (17.7x median)","Deviasi fitur > 50x median klaster — kemungkinan kesalahan input/ETL (overflow, salah unit, atau sentinel value tidak ter-handle).",Data Engineering: tambahkan capping rule (Z-score>3 di tahap ingest) untuk mencegah kontaminasi model.
137832,cluster_4,Tipe B - Rare but Valid,"`REGION_RATING_CLIENT_W_CITY` = 1.92 (34.6x median), `YEARS_BIRTH` = 0.91 (28.3x median), `POS_MONTHS_COUNT` = -0.85 (23.7x median), `YEARS_EMPLOYED` = 4.28 (21.4x median), `CREDIT_TERM_MONTHS` = 0.88 (20.2x median)","Ekstrem secara statistik tapi koheren — kemungkinan tail-end legitimate customer (VHNW, kasus khusus).",Routing: alihkan ke divisi Wealth Management / Priority Banking untuk potensi cross-sell.
138008,cluster_3,Tipe A - Data Error,"`EXT_SOURCE_1` = 2.63 (194.0x median), `PREV_APPROVAL_RATE` = 0.96 (46.5x median), `BUREAU_ACTIVE_RATIO` = -1.11 (17.7x median), `EXT_SOURCE_3` = 1.78 (15.0x median), `POS_SK_DPD_MEAN` = 2.91 (14.2x median)","Deviasi fitur > 50x median klaster — kemungkinan kesalahan input/ETL (overflow, salah unit, atau sentinel value tidak ter-handle).",Data Engineering: tambahkan capping rule (Z-score>3 di tahap ingest) untuk mencegah kontaminasi model.
138325,cluster_2,Tipe A - Data Error,"`EXT_SOURCE_1` = -1.03 (77.6x median), `REGION_RATING_CLIENT_W_CITY` = 1.92 (34.6x median), `INST_SEVERE_LATE_RATIO` = 3.58 (22.3x median), `YEARS_BIRTH` = -1.09 (15.1x median), `AMT_INCOME_TOTAL` = 1.70 (14.6x median)","Deviasi fitur > 50x median klaster — kemungkinan kesalahan input/ETL (overflow, salah unit, atau sentinel value tidak ter-handle).",Data Engineering: tambahkan capping rule (Z-score>3 di tahap ingest) untuk mencegah kontaminasi model.
138366,cluster_4,Tipe A - Data Error,"`EXT_SOURCE_1` = -1.18 (88.3x median), `BUREAU_ACTIVE_RATIO` = 2.03 (35.5x median), `REGION_RATING_CLIENT_W_CITY` = -2.04 (34.6x median), `YEARS_BIRTH` = -1.03 (29.7x median), `BUREAU_DEBT_TO_CREDIT_RATIO` = 1.92 (21.7x median)","Deviasi fitur > 50x median klaster — kemungkinan kesalahan input/ETL (overflow, salah unit, atau sentinel value tidak ter-handle).",Data Engineering: tambahkan capping rule (Z-score>3 di tahap ingest) untuk mencegah kontaminasi model.
138619,cluster_4,Tipe B - Rare but Valid,"`CREDIT_TERM_MONTHS` = 1.66 (37.3x median), `REGION_RATING_CLIENT_W_CITY` = 1.92 (34.6x median), `EXT_SOURCE_3` = -1.15 (11.3x median), `POS_MONTHS_COUNT` = -0.37 (10.8x median), `PREV_APPROVAL_RATE` = 0.96 (8.0x median)","Ekstrem secara statistik tapi koheren — kemungkinan tail-end legitimate customer (VHNW, kasus khusus).",Routing: alihkan ke divisi Wealth Management / Priority Banking untuk potensi cross-sell.
139183,cluster_1,Tipe B - Rare but Valid,"`AMT_CREDIT` = 1.42 (45.7x median), `AMT_ANNUITY` = 1.02 (14.4x median), `YEARS_EMPLOYED` = 2.38 (8.4x median), `CREDIT_TERM_MONTHS` = 1.28 (7.6x median), `CNT_CHILDREN` = 3.60 (7.2x median)","Ekstrem secara statistik tapi koheren — kemungkinan tail-end legitimate customer (VHNW, kasus khusus).",Routing: alihkan ke divisi Wealth Management / Priority Banking untuk potensi cross-sell.
139238,cluster_4,Tipe B - Rare but Valid,"`EXT_SOURCE_1` = 0.61 (44.3x median), `CREDIT_TERM_MONTHS` = 1.68 (37.7x median), `REGION_RATING_CLIENT_W_CITY` = 1.92 (34.6x median), `YEARS_BIRTH` = -1.03 (29.6x median), `AMT_REQ_CREDIT_BUREAU_YEAR` = 3.58 (27.8x median)","Ekstrem secara statistik tapi koheren — kemungkinan tail-end legitimate customer (VHNW, kasus khusus).",Routing: alihkan ke divisi Wealth Management / Priority Banking untuk potensi cross-sell.
139699,cluster_4,Tipe B - Rare but Valid,"`YEARS_BIRTH` = 1.46 (44.4x median), `REGION_RATING_CLIENT_W_CITY` = -2.04 (34.6x median), `AMT_INCOME_TOTAL` = 1.70 (14.6x median), `AMT_REQ_CREDIT_BUREAU_YEAR` = 1.85 (13.9x median), `CREDIT_TERM_MONTHS` = 0.54 (12.8x median)","Ekstrem secara statistik tapi koheren — kemungkinan tail-end legitimate customer (VHNW, kasus khusus).",Routing: alihkan ke divisi Wealth Management / Priority Banking untuk potensi cross-sell.
140173,cluster_2,Tipe B - Rare but Valid,"`REGION_RATING_CLIENT_W_CITY` = 1.92 (34.6x median), `INST_SEVERE_LATE_RATIO` = 4.23 (26.1x median), `YEARS_EMPLOYED` = 5.43 (24.8x median), `INST_DPD_MAX` = 2.80 (18.4x median), `INST_DPD_MEAN` = 1.96 (18.2x median)","Ekstrem secara statistik tapi koheren — kemungkinan tail-end legitimate customer (VHNW, kasus khusus).",Routing: alihkan ke divisi Wealth Management / Priority Banking untuk potensi cross-sell.
140210,cluster_4,Tipe A - Data Error,"`POS_MONTHS_COUNT` = 3.47 (91.8x median), `EXT_SOURCE_1` = 0.93 (68.0x median), `CREDIT_TERM_MONTHS` = 1.68 (37.8x median), `YEARS_EMPLOYED` = 2.59 (13.4x median), `CREDIT_TO_INCOME` = 2.78 (13.0x median)","Deviasi fitur > 50x median klaster — kemungkinan kesalahan input/ETL (overflow, salah unit, atau sentinel value tidak ter-handle).",Data Engineering: tambahkan capping rule (Z-score>3 di tahap ingest) untuk mencegah kontaminasi model.
140277,cluster_4,Tipe A - Data Error,"`EXT_SOURCE_1` = 1.84 (135.6x median), `REGION_RATING_CLIENT_W_CITY` = -2.04 (34.6x median), `AMT_INCOME_TOTAL` = 1.56 (13.3x median), `AMT_REQ_CREDIT_BUREAU_YEAR` = 1.27 (9.3x median), `EXT_SOURCE_3` = 0.95 (7.6x median)","Deviasi fitur > 50x median klaster — kemungkinan kesalahan input/ETL (overflow, salah unit, atau sentinel value tidak ter-handle).",Data Engineering: tambahkan capping rule (Z-score>3 di tahap ingest) untuk mencegah kontaminasi model.
140491,cluster_4,Tipe A - Data Error,"`EXT_SOURCE_1` = -1.95 (146.2x median), `CREDIT_TERM_MONTHS` = -1.41 (29.8x median), `AMT_REQ_CREDIT_BUREAU_YEAR` = 1.85 (13.9x median), `YEARS_BIRTH` = -0.40 (11.0x median), `POS_MONTHS_COUNT` = 0.44 (10.8x median)","Deviasi fitur > 50x median klaster — kemungkinan kesalahan input/ETL (overflow, salah unit, atau sentinel value tidak ter-handle).",Data Engineering: tambahkan capping rule (Z-score>3 di tahap ingest) untuk mencegah kontaminasi model.
140644,cluster_4,Tipe A - Data Error,"`EXT_SOURCE_1` = 2.34 (173.0x median), `POS_MONTHS_COUNT` = 1.45 (37.8x median), `REGION_RATING_CLIENT_W_CITY` = -2.04 (34.6x median), `AMT_REQ_CREDIT_BUREAU_YEAR` = 3.00 (23.2x median), `YEARS_BIRTH` = 0.71 (22.1x median)","Deviasi fitur > 50x median klaster — kemungkinan kesalahan input/ETL (overflow, salah unit, atau sentinel value tidak ter-handle).",Data Engineering: tambahkan capping rule (Z-score>3 di tahap ingest) untuk mencegah kontaminasi model.
140645,cluster_4,Tipe A - Data Error,"`POS_MONTHS_COUNT` = 4.27 (113.3x median), `EXT_SOURCE_1` = -0.70 (52.9x median), `BUREAU_ACTIVE_RATIO` = 2.03 (35.5x median), `INST_DPD_MAX` = 3.44 (34.1x median), `BUREAU_DEBT_TO_CREDIT_RATIO` = 1.70 (19.4x median)","Deviasi fitur > 50x median klaster — kemungkinan kesalahan input/ETL (overflow, salah unit, atau sentinel value tidak ter-handle).",Data Engineering: tambahkan capping rule (Z-score>3 di tahap ingest) untuk mencegah kontaminasi model.
140756,cluster_4,Tipe B - Rare but Valid,"`CREDIT_TERM_MONTHS` = 1.70 (38.1x median), `POS_MONTHS_COUNT` = -1.13 (31.3x median), `YEARS_BIRTH` = 0.83 (25.8x median), `BUREAU_DAYS_CREDIT_MEAN` = 1.45 (20.7x median), `YEARS_EMPLOYED` = 3.97 (20.0x median)","Ekstrem secara statistik tapi koheren — kemungkinan tail-end legitimate customer (VHNW, kasus khusus).",Routing: alihkan ke divisi Wealth Management / Priority Banking untuk potensi cross-sell.
140761,cluster_3,Tipe A - Data Error,"`POS_SK_DPD_MEAN` = 16.49 (85.0x median), `REGION_RATING_CLIENT_W_CITY` = 1.92 (34.6x median), `BUREAU_ACTIVE_RATIO` = -1.11 (17.7x median), `ANNUITY_TO_INCOME` = 1.42 (16.2x median), `CREDIT_TERM_MONTHS` = -1.10 (13.5x median)","Deviasi fitur > 50x median klaster — kemungkinan kesalahan input/ETL (overflow, salah unit, atau sentinel value tidak ter-handle).",Data Engineering: tambahkan capping rule (Z-score>3 di tahap ingest) untuk mencegah kontaminasi model.
140794,cluster_0,Tipe A - Data Error,"`EXT_SOURCE_1` = -1.90 (142.0x median), `INST_SEVERE_LATE_RATIO` = 4.39 (27.1x median), `EXT_SOURCE_2` = 0.68 (6.9x median), `EXT_SOURCE_3` = -0.49 (5.4x median), `CNT_CHILDREN` = 2.21 (4.8x median)","Deviasi fitur > 50x median klaster — kemungkinan kesalahan input/ETL (overflow, salah unit, atau sentinel value tidak ter-handle).",Data Engineering: tambahkan capping rule (Z-score>3 di tahap ingest) untuk mencegah kontaminasi model.
140897,cluster_2,Tipe A - Data Error,"`EXT_SOURCE_1` = 2.88 (212.9x median), `REGION_RATING_CLIENT_W_CITY` = -2.04 (34.6x median), `YEARS_EMPLOYED` = 3.58 (16.7x median), `BUREAU_DAYS_CREDIT_MEAN` = -2.24 (15.3x median), `YEARS_BIRTH` = 1.06 (12.8x median)","Deviasi fitur > 50x median klaster — kemungkinan kesalahan input/ETL (overflow, salah unit, atau sentinel value tidak ter-handle).",Data Engineering: tambahkan capping rule (Z-score>3 di tahap ingest) untuk mencegah kontaminasi model.
140954,cluster_3,Tipe A - Data Error,"`EXT_SOURCE_1` = 2.46 (182.1x median), `BUREAU_ACTIVE_RATIO` = 2.03 (35.5x median), `REGION_RATING_CLIENT_W_CITY` = -2.04 (34.6x median), `PREV_APPROVAL_RATE` = -0.45 (23.2x median), `CREDIT_TERM_MONTHS` = -1.38 (17.2x median)","Deviasi fitur > 50x median klaster — kemungkinan kesalahan input/ETL (overflow, salah unit, atau sentinel value tidak ter-handle).",Data Engineering: tambahkan capping rule (Z-score>3 di tahap ingest) untuk mencegah kontaminasi model.
140955,cluster_3,Tipe A - Data Error,"`CC_SK_DPD_MEAN` = 18.92 (381.0x median), `PREV_APPROVAL_RATE` = 0.96 (46.5x median), `REGION_RATING_CLIENT_W_CITY` = 1.92 (34.6x median), `AMT_ANNUITY` = -1.52 (18.0x median), `CREDIT_TERM_MONTHS` = 0.83 (12.0x median)","Deviasi fitur > 50x median klaster — kemungkinan kesalahan input/ETL (overflow, salah unit, atau sentinel value tidak ter-handle).",Data Engineering: tambahkan capping rule (Z-score>3 di tahap ingest) untuk mencegah kontaminasi model.
141197,cluster_4,Tipe B - Rare but Valid,"`REGION_RATING_CLIENT_W_CITY` = 1.92 (34.6x median), `POS_MONTHS_COUNT` = 1.09 (28.1x median), `AMT_REQ_CREDIT_BUREAU_YEAR` = 2.43 (18.5x median), `EXT_SOURCE_1` = 0.26 (18.4x median), `BUREAU_ACTIVE_RATIO` = -1.11 (17.7x median)","Ekstrem secara statistik tapi koheren — kemungkinan tail-end legitimate customer (VHNW, kasus khusus).",Routing: alihkan ke divisi Wealth Management / Priority Banking untuk potensi cross-sell.
141343,cluster_4,Tipe B - Rare but Valid,"`YEARS_BIRTH` = -1.29 (37.5x median), `BUREAU_DAYS_CREDIT_MEAN` = 1.45 (20.7x median), `BUREAU_ACTIVE_RATIO` = -1.11 (17.7x median), `PREV_APPROVAL_RATE` = -1.35 (8.8x median), `EXT_SOURCE_2` = -1.70 (7.1x median)","Ekstrem secara statistik tapi koheren — kemungkinan tail-end legitimate customer (VHNW, kasus khusus).",Routing: alihkan ke divisi Wealth Management / Priority Banking untuk potensi cross-sell.
141371,cluster_2,Tipe B - Rare but Valid,"`EXT_SOURCE_1` = 0.50 (36.4x median), `REGION_RATING_CLIENT_W_CITY` = -2.04 (34.6x median), `AMT_INCOME_TOTAL` = 2.47 (21.6x median), `BUREAU_DAYS_CREDIT_MEAN` = 1.45 (11.5x median), `CNT_CHILDREN` = 3.60 (7.2x median)","Ekstrem secara statistik tapi koheren — kemungkinan tail-end legitimate customer (VHNW, kasus khusus).",Routing: alihkan ke divisi Wealth Management / Priority Banking untuk potensi cross-sell.
141382,cluster_4,Tipe B - Rare but Valid,"`POS_MONTHS_COUNT` = 1.25 (32.4x median), `BUREAU_DAYS_CREDIT_MEAN` = 1.45 (20.7x median), `BUREAU_ACTIVE_RATIO` = -1.11 (17.7x median), `YEARS_BIRTH` = -0.36 (9.6x median), `AMT_ANNUITY` = -0.87 (7.2x median)","Ekstrem secara statistik tapi koheren — kemungkinan tail-end legitimate customer (VHNW, kasus khusus).",Routing: alihkan ke divisi Wealth Management / Priority Banking untuk potensi cross-sell.
141692,cluster_4,Tipe A - Data Error,"`POS_MONTHS_COUNT` = 2.26 (59.4x median), `BUREAU_ACTIVE_RATIO` = 2.03 (35.5x median), `REGION_RATING_CLIENT_W_CITY` = -2.04 (34.6x median), `AMT_REQ_CREDIT_BUREAU_YEAR` = 3.58 (27.8x median), `YEARS_BIRTH` = 0.72 (22.3x median)","Deviasi fitur > 50x median klaster — kemungkinan kesalahan input/ETL (overflow, salah unit, atau sentinel value tidak ter-handle).",Data Engineering: tambahkan capping rule (Z-score>3 di tahap ingest) untuk mencegah kontaminasi model.
141799,cluster_4,Tipe B - Rare but Valid,"`REGION_RATING_CLIENT_W_CITY` = -2.04 (34.6x median), `BUREAU_DAYS_CREDIT_MEAN` = 1.45 (20.7x median), `BUREAU_ACTIVE_RATIO` = -1.11 (17.7x median), `AMT_INCOME_TOTAL` = 0.86 (6.8x median), `POS_MONTHS_COUNT` = 0.28 (6.5x median)","Ekstrem secara statistik tapi koheren — kemungkinan tail-end legitimate customer (VHNW, kasus khusus).",Routing: alihkan ke divisi Wealth Management / Priority Banking untuk potensi cross-sell.
141982,cluster_4,Tipe A - Data Error,"`EXT_SOURCE_1` = 1.15 (84.3x median), `YEARS_BIRTH` = 1.70 (51.5x median), `BUREAU_ACTIVE_RATIO` = 2.03 (35.5x median), `REGION_RATING_CLIENT_W_CITY` = -2.04 (34.6x median), `POS_MONTHS_COUNT` = 1.29 (33.5x median)","Deviasi fitur > 50x median klaster — kemungkinan kesalahan input/ETL (overflow, salah unit, atau sentinel value tidak ter-handle).",Data Engineering: tambahkan capping rule (Z-score>3 di tahap ingest) untuk mencegah kontaminasi model.
141993,cluster_4,Tipe A - Data Error,"`CC_SK_DPD_MEAN` = 22.22 (447.2x median), `EXT_SOURCE_1` = 1.82 (133.9x median), `CREDIT_TERM_MONTHS` = 1.96 (43.9x median), `YEARS_BIRTH` = 0.90 (27.7x median), `CREDIT_TO_INCOME` = 2.92 (13.6x median)","Deviasi fitur > 50x median klaster — kemungkinan kesalahan input/ETL (overflow, salah unit, atau sentinel value tidak ter-handle).",Data Engineering: tambahkan capping rule (Z-score>3 di tahap ingest) untuk mencegah kontaminasi model.
142260,cluster_4,Tipe A - Data Error,"`POS_SK_DPD_MEAN` = 12.29 (176.6x median), `EXT_SOURCE_1` = 2.04 (150.8x median), `POS_MONTHS_COUNT` = 3.14 (83.1x median), `BUREAU_DAYS_CREDIT_MEAN` = 1.45 (20.7x median), `AMT_INCOME_TOTAL` = 2.08 (18.1x median)","Deviasi fitur > 50x median klaster — kemungkinan kesalahan input/ETL (overflow, salah unit, atau sentinel value tidak ter-handle).",Data Engineering: tambahkan capping rule (Z-score>3 di tahap ingest) untuk mencegah kontaminasi model.
142470,cluster_4,Tipe B - Rare but Valid,"`POS_MONTHS_COUNT` = 1.69 (44.3x median), `YEARS_BIRTH` = 0.55 (17.3x median), `EXT_SOURCE_3` = -1.53 (14.7x median), `AMT_INCOME_TOTAL` = 1.56 (13.3x median), `BUREAU_COUNT` = 1.58 (9.8x median)","Ekstrem secara statistik tapi koheren — kemungkinan tail-end legitimate customer (VHNW, kasus khusus).",Routing: alihkan ke divisi Wealth Management / Priority Banking untuk potensi cross-sell.
142795,cluster_4,Tipe B - Rare but Valid,"`POS_MONTHS_COUNT` = 1.33 (34.5x median), `INST_DPD_MAX` = 3.32 (32.9x median), `CREDIT_TERM_MONTHS` = -1.06 (22.3x median), `BUREAU_COUNT` = 2.24 (13.4x median), `PREV_REFUSED_COUNT` = 4.56 (11.0x median)","Ekstrem secara statistik tapi koheren — kemungkinan tail-end legitimate customer (VHNW, kasus khusus).",Routing: alihkan ke divisi Wealth Management / Priority Banking untuk potensi cross-sell.
143258,cluster_4,Tipe B - Rare but Valid,"`POS_MONTHS_COUNT` = -0.93 (25.9x median), `CREDIT_TERM_MONTHS` = -0.88 (18.2x median), `AMT_ANNUITY` = -1.68 (12.9x median), `BUREAU_COUNT` = 1.58 (9.8x median), `AMT_CREDIT` = -1.73 (9.1x median)","Ekstrem secara statistik tapi koheren — kemungkinan tail-end legitimate customer (VHNW, kasus khusus).",Routing: alihkan ke divisi Wealth Management / Priority Banking untuk potensi cross-sell.
143273,cluster_0,Tipe A - Data Error,"`EXT_SOURCE_1` = 0.79 (57.5x median), `EXT_SOURCE_2` = -1.42 (17.5x median), `BUREAU_ACTIVE_RATIO` = -0.48 (7.1x median), `BUREAU_DEBT_TO_CREDIT_RATIO` = 1.45 (4.7x median), `YEARS_BIRTH` = -1.39 (2.6x median)","Deviasi fitur > 50x median klaster — kemungkinan kesalahan input/ETL (overflow, salah unit, atau sentinel value tidak ter-handle).",Data Engineering: tambahkan capping rule (Z-score>3 di tahap ingest) untuk mencegah kontaminasi model.
143298,cluster_4,Tipe C - Risk Signal,"`INST_DPD_MAX` = 3.20 (31.8x median), `YEARS_BIRTH` = 1.02 (31.5x median), `AMT_INCOME_TOTAL` = -2.98 (28.3x median), `INST_SEVERE_LATE_RATIO` = 4.59 (28.3x median), `CREDIT_TO_INCOME` = 4.85 (21.9x median)","Kombinasi finansial kontradiktif (mis. rasio cicilan/pendapatan ekstrem, income rendah + credit besar, atau skor eksternal tinggi di cluster bermasalah).","Underwriting: matikan auto-approve, wajibkan manual review oleh underwriter senior + verifikasi pendapatan fisik."
143610,cluster_4,Tipe B - Rare but Valid,"`CREDIT_TERM_MONTHS` = -1.08 (22.7x median), `BUREAU_DAYS_CREDIT_MEAN` = 1.45 (20.7x median), `BUREAU_ACTIVE_RATIO` = -1.11 (17.7x median), `PREV_REFUSED_COUNT` = 5.12 (12.3x median), `PREV_APPROVAL_RATE` = -1.68 (11.3x median)","Ekstrem secara statistik tapi koheren — kemungkinan tail-end legitimate customer (VHNW, kasus khusus).",Routing: alihkan ke divisi Wealth Management / Priority Banking untuk potensi cross-sell.
143664,cluster_2,Tipe A - Data Error,"`EXT_SOURCE_1` = 2.94 (217.7x median), `REGION_RATING_CLIENT_W_CITY` = -2.04 (34.6x median), `YEARS_EMPLOYED` = 4.22 (19.5x median), `YEARS_BIRTH` = 1.31 (15.9x median), `EXT_SOURCE_3` = 1.24 (10.1x median)","Deviasi fitur > 50x median klaster — kemungkinan kesalahan input/ETL (overflow, salah unit, atau sentinel value tidak ter-handle).",Data Engineering: tambahkan capping rule (Z-score>3 di tahap ingest) untuk mencegah kontaminasi model.
143726,cluster_4,Tipe A - Data Error,"`BUREAU_BB_SEVERE_DPD_MEAN` = 32.34 (632.5x median), `BUREAU_BB_DPD_RATIO_MEAN` = 18.04 (93.8x median), `EXT_SOURCE_1` = -0.76 (57.5x median), `YEARS_BIRTH` = -0.91 (26.1x median), `CREDIT_TERM_MONTHS` = -1.08 (22.7x median)","Deviasi fitur > 50x median klaster — kemungkinan kesalahan input/ETL (overflow, salah unit, atau sentinel value tidak ter-handle).",Data Engineering: tambahkan capping rule (Z-score>3 di tahap ingest) untuk mencegah kontaminasi model.
143873,cluster_3,Tipe A - Data Error,"`CC_SK_DPD_MEAN` = 21.04 (423.7x median), `CREDIT_TERM_MONTHS` = -1.48 (18.5x median), `PREV_APPROVAL_RATE` = -0.27 (14.5x median), `BUREAU_ACTIVE_RATIO` = 0.78 (14.2x median), `EXT_SOURCE_1` = 0.14 (9.7x median)","Deviasi fitur > 50x median klaster — kemungkinan kesalahan input/ETL (overflow, salah unit, atau sentinel value tidak ter-handle).",Data Engineering: tambahkan capping rule (Z-score>3 di tahap ingest) untuk mencegah kontaminasi model.
144153,cluster_2,Tipe A - Data Error,"`EXT_SOURCE_1` = 0.88 (64.6x median), `REGION_RATING_CLIENT_W_CITY` = -2.04 (34.6x median), `INST_DPD_MAX` = 2.95 (19.3x median), `BUREAU_ACTIVE_RATIO` = 2.03 (13.4x median), `INST_SEVERE_LATE_RATIO` = 1.65 (10.8x median)","Deviasi fitur > 50x median klaster — kemungkinan kesalahan input/ETL (overflow, salah unit, atau sentinel value tidak ter-handle).",Data Engineering: tambahkan capping rule (Z-score>3 di tahap ingest) untuk mencegah kontaminasi model.
144284,cluster_4,Tipe A - Data Error,"`EXT_SOURCE_1` = -3.01 (224.9x median), `POS_MONTHS_COUNT` = 1.69 (44.3x median), `REGION_RATING_CLIENT_W_CITY` = 1.92 (34.6x median), `YEARS_BIRTH` = -1.14 (32.9x median), `BUREAU_ACTIVE_RATIO` = 1.25 (22.2x median)","Deviasi fitur > 50x median klaster — kemungkinan kesalahan input/ETL (overflow, salah unit, atau sentinel value tidak ter-handle).",Data Engineering: tambahkan capping rule (Z-score>3 di tahap ingest) untuk mencegah kontaminasi model.
144397,cluster_3,Tipe A - Data Error,"`BUREAU_BB_SEVERE_DPD_MEAN` = 26.83 (525.0x median), `BUREAU_BB_DPD_RATIO_MEAN` = 15.05 (78.4x median), `PREV_APPROVAL_RATE` = -1.24 (62.0x median), `POS_SK_DPD_MEAN` = 4.04 (20.1x median), `BUREAU_ACTIVE_RATIO` = -1.11 (17.7x median)","Deviasi fitur > 50x median klaster — kemungkinan kesalahan input/ETL (overflow, salah unit, atau sentinel value tidak ter-handle).",Data Engineering: tambahkan capping rule (Z-score>3 di tahap ingest) untuk mencegah kontaminasi model.
144495,cluster_0,Tipe B - Rare but Valid,"`EXT_SOURCE_1` = 0.60 (43.9x median), `BUREAU_ACTIVE_RATIO` = 2.03 (35.5x median), `REGION_RATING_CLIENT_W_CITY` = -2.04 (34.6x median), `EXT_SOURCE_2` = -1.27 (15.8x median), `OWN_CAR_AGE` = 6.68 (15.7x median)","Ekstrem secara statistik tapi koheren — kemungkinan tail-end legitimate customer (VHNW, kasus khusus).",Routing: alihkan ke divisi Wealth Management / Priority Banking untuk potensi cross-sell.
144747,cluster_1,Tipe A - Data Error,"`AMT_CREDIT` = -2.89 (89.9x median), `AMT_ANNUITY` = -4.04 (62.2x median), `BUREAU_ACTIVE_RATIO` = -1.11 (17.7x median), `INST_DPD_MAX` = 1.38 (12.2x median), `EXT_SOURCE_3` = 1.69 (11.1x median)","Deviasi fitur > 50x median klaster — kemungkinan kesalahan input/ETL (overflow, salah unit, atau sentinel value tidak ter-handle).",Data Engineering: tambahkan capping rule (Z-score>3 di tahap ingest) untuk mencegah kontaminasi model.
144863,cluster_1,Tipe A - Data Error,"`BUREAU_BB_SEVERE_DPD_MEAN` = 4.98 (98.2x median), `BUREAU_BB_DPD_RATIO_MEAN` = 6.20 (32.9x median), `BUREAU_DEBT_TO_CREDIT_RATIO` = 1.55 (31.3x median), `BUREAU_ACTIVE_RATIO` = 0.86 (15.5x median), `EXT_SOURCE_3` = -2.65 (14.8x median)","Deviasi fitur > 50x median klaster — kemungkinan kesalahan input/ETL (overflow, salah unit, atau sentinel value tidak ter-handle).",Data Engineering: tambahkan capping rule (Z-score>3 di tahap ingest) untuk mencegah kontaminasi model.
144879,cluster_0,Tipe B - Rare but Valid,"`INST_SEVERE_LATE_RATIO` = 3.19 (19.9x median), `INST_DPD_MEAN` = 1.43 (13.5x median), `INST_LATE_RATIO` = 6.83 (11.9x median), `EXT_SOURCE_3` = -1.14 (11.2x median), `EXT_SOURCE_2` = 0.94 (9.9x median)","Ekstrem secara statistik tapi koheren — kemungkinan tail-end legitimate customer (VHNW, kasus khusus).",Routing: alihkan ke divisi Wealth Management / Priority Banking untuk potensi cross-sell.
145041,cluster_2,Tipe A - Data Error,"`EXT_SOURCE_1` = -1.15 (86.2x median), `REGION_RATING_CLIENT_W_CITY` = 1.92 (34.6x median), `EXT_SOURCE_3` = 1.87 (15.8x median), `BUREAU_DAYS_CREDIT_MEAN` = -2.03 (13.8x median), `YEARS_BIRTH` = -0.56 (8.3x median)","Deviasi fitur > 50x median klaster — kemungkinan kesalahan input/ETL (overflow, salah unit, atau sentinel value tidak ter-handle).",Data Engineering: tambahkan capping rule (Z-score>3 di tahap ingest) untuk mencegah kontaminasi model.
145895,cluster_0,Tipe A - Data Error,"`EXT_SOURCE_1` = 0.78 (57.1x median), `INST_SEVERE_LATE_RATIO` = 5.15 (31.6x median), `BUREAU_ACTIVE_RATIO` = -1.11 (17.7x median), `CNT_CHILDREN` = 3.60 (7.2x median), `BUREAU_DAYS_CREDIT_MEAN` = -1.41 (6.3x median)","Deviasi fitur > 50x median klaster — kemungkinan kesalahan input/ETL (overflow, salah unit, atau sentinel value tidak ter-handle).",Data Engineering: tambahkan capping rule (Z-score>3 di tahap ingest) untuk mencegah kontaminasi model.
146193,cluster_1,Tipe A - Data Error,"`EXT_SOURCE_1` = -2.75 (205.6x median), `INST_SEVERE_LATE_RATIO` = 6.21 (37.9x median), `BUREAU_ACTIVE_RATIO` = 2.03 (35.5x median), `BUREAU_BB_DPD_RATIO_MEAN` = 4.09 (22.0x median), `INST_LATE_RATIO` = 2.92 (19.0x median)","Deviasi fitur > 50x median klaster — kemungkinan kesalahan input/ETL (overflow, salah unit, atau sentinel value tidak ter-handle).",Data Engineering: tambahkan capping rule (Z-score>3 di tahap ingest) untuk mencegah kontaminasi model.
146197,cluster_4,Tipe B - Rare but Valid,"`BUREAU_DAYS_CREDIT_MEAN` = -2.73 (36.1x median), `CREDIT_TERM_MONTHS` = -1.57 (33.3x median), `BUREAU_BB_DPD_RATIO_MEAN` = 6.20 (32.9x median), `BUREAU_ACTIVE_RATIO` = -1.11 (17.7x median), `YEARS_BIRTH` = -0.58 (16.3x median)","Ekstrem secara statistik tapi koheren — kemungkinan tail-end legitimate customer (VHNW, kasus khusus).",Routing: alihkan ke divisi Wealth Management / Priority Banking untuk potensi cross-sell.
146377,cluster_2,Tipe B - Rare but Valid,"`REGION_RATING_CLIENT_W_CITY` = -2.04 (34.6x median), `AMT_INCOME_TOTAL` = 2.47 (21.6x median), `YEARS_EMPLOYED` = 2.19 (10.6x median), `BUREAU_ACTIVE_RATIO` = 1.25 (8.6x median), `YEARS_BIRTH` = -0.54 (8.0x median)","Ekstrem secara statistik tapi koheren — kemungkinan tail-end legitimate customer (VHNW, kasus khusus).",Routing: alihkan ke divisi Wealth Management / Priority Banking untuk potensi cross-sell.
146413,cluster_4,Tipe A - Data Error,"`EXT_SOURCE_1` = 2.13 (157.5x median), `POS_MONTHS_COUNT` = 4.19 (111.2x median), `CREDIT_TERM_MONTHS` = 1.67 (37.5x median), `YEARS_BIRTH` = 1.11 (34.0x median), `BUREAU_DAYS_CREDIT_MEAN` = 1.45 (20.7x median)","Deviasi fitur > 50x median klaster — kemungkinan kesalahan input/ETL (overflow, salah unit, atau sentinel value tidak ter-handle).",Data Engineering: tambahkan capping rule (Z-score>3 di tahap ingest) untuk mencegah kontaminasi model.
146573,cluster_4,Tipe B - Rare but Valid,"`REGION_RATING_CLIENT_W_CITY` = -2.04 (34.6x median), `POS_MONTHS_COUNT` = -1.13 (31.3x median), `YEARS_BIRTH` = 0.83 (25.8x median), `CREDIT_TERM_MONTHS` = 0.86 (19.8x median), `PREV_APPROVAL_RATE` = -2.34 (16.1x median)","Ekstrem secara statistik tapi koheren — kemungkinan tail-end legitimate customer (VHNW, kasus khusus).",Routing: alihkan ke divisi Wealth Management / Priority Banking untuk potensi cross-sell.
146592,cluster_2,Tipe B - Rare but Valid,"`EXT_SOURCE_1` = 0.60 (43.5x median), `INST_DPD_MAX` = 3.96 (25.6x median), `INST_DPD_MEAN` = 2.09 (19.4x median), `INST_SEVERE_LATE_RATIO` = 2.60 (16.5x median), `YEARS_BIRTH` = -0.58 (8.5x median)","Ekstrem secara statistik tapi koheren — kemungkinan tail-end legitimate customer (VHNW, kasus khusus).",Routing: alihkan ke divisi Wealth Management / Priority Banking untuk potensi cross-sell.
146923,cluster_3,Tipe A - Data Error,"`POS_SK_DPD_MEAN` = 25.09 (129.8x median), `EXT_SOURCE_1` = 0.70 (51.0x median), `PREV_APPROVAL_RATE` = 0.96 (46.5x median), `AMT_ANNUITY` = 1.18 (12.2x median), `BUREAU_DAYS_CREDIT_MEAN` = -1.65 (9.3x median)","Deviasi fitur > 50x median klaster — kemungkinan kesalahan input/ETL (overflow, salah unit, atau sentinel value tidak ter-handle).",Data Engineering: tambahkan capping rule (Z-score>3 di tahap ingest) untuk mencegah kontaminasi model.
147327,cluster_4,Tipe B - Rare but Valid,"`CREDIT_TERM_MONTHS` = 1.26 (28.6x median), `POS_MONTHS_COUNT` = 0.48 (11.9x median), `YEARS_BIRTH` = 0.36 (11.8x median), `BUREAU_DAYS_CREDIT_MEAN` = -0.87 (10.9x median), `BUREAU_COUNT` = 1.58 (9.8x median)","Ekstrem secara statistik tapi koheren — kemungkinan tail-end legitimate customer (VHNW, kasus khusus).",Routing: alihkan ke divisi Wealth Management / Priority Banking untuk potensi cross-sell.
147494,cluster_0,Tipe A - Data Error,"`EXT_SOURCE_1` = 0.80 (58.1x median), `EXT_SOURCE_3` = -1.90 (18.1x median), `BUREAU_ACTIVE_RATIO` = -0.82 (12.9x median), `INST_LATE_RATIO` = 3.51 (6.6x median), `CNT_CHILDREN` = 2.21 (4.8x median)","Deviasi fitur > 50x median klaster — kemungkinan kesalahan input/ETL (overflow, salah unit, atau sentinel value tidak ter-handle).",Data Engineering: tambahkan capping rule (Z-score>3 di tahap ingest) untuk mencegah kontaminasi model.
147499,cluster_4,Tipe A - Data Error,"`EXT_SOURCE_1` = 0.90 (65.8x median), `BUREAU_DAYS_CREDIT_MEAN` = -2.26 (29.7x median), `CREDIT_TERM_MONTHS` = 1.00 (22.8x median), `BUREAU_COUNT` = 2.24 (13.4x median), `YEARS_EMPLOYED` = 2.59 (13.4x median)","Deviasi fitur > 50x median klaster — kemungkinan kesalahan input/ETL (overflow, salah unit, atau sentinel value tidak ter-handle).",Data Engineering: tambahkan capping rule (Z-score>3 di tahap ingest) untuk mencegah kontaminasi model.
147638,cluster_3,Tipe A - Data Error,"`CC_SK_DPD_MEAN` = 18.19 (366.4x median), `PREV_APPROVAL_RATE` = 0.96 (46.5x median), `REGION_RATING_CLIENT_W_CITY` = -2.04 (34.6x median), `EXT_SOURCE_3` = 2.11 (18.0x median), `BUREAU_ACTIVE_RATIO` = -1.11 (17.7x median)","Deviasi fitur > 50x median klaster — kemungkinan kesalahan input/ETL (overflow, salah unit, atau sentinel value tidak ter-handle).",Data Engineering: tambahkan capping rule (Z-score>3 di tahap ingest) untuk mencegah kontaminasi model.
147685,cluster_2,Tipe A - Data Error,"`POS_SK_DPD_MEAN` = 12.45 (178.8x median), `BUREAU_DAYS_CREDIT_MEAN` = -1.72 (11.5x median), `YEARS_EMPLOYED` = 2.00 (9.8x median), `AMT_INCOME_TOTAL` = 0.94 (7.6x median), `POS_MONTHS_COUNT` = 2.50 (6.6x median)","Deviasi fitur > 50x median klaster — kemungkinan kesalahan input/ETL (overflow, salah unit, atau sentinel value tidak ter-handle).",Data Engineering: tambahkan capping rule (Z-score>3 di tahap ingest) untuk mencegah kontaminasi model.
147885,cluster_0,Tipe A - Data Error,"`EXT_SOURCE_1` = -2.75 (205.4x median), `INST_SEVERE_LATE_RATIO` = 5.15 (31.6x median), `EXT_SOURCE_2` = -1.57 (19.3x median), `INST_DPD_MEAN` = 1.00 (9.8x median), `EXT_SOURCE_3` = -0.77 (8.0x median)","Deviasi fitur > 50x median klaster — kemungkinan kesalahan input/ETL (overflow, salah unit, atau sentinel value tidak ter-handle).",Data Engineering: tambahkan capping rule (Z-score>3 di tahap ingest) untuk mencegah kontaminasi model.
148062,cluster_4,Tipe C - Risk Signal,"`REGION_RATING_CLIENT_W_CITY` = 1.92 (34.6x median), `YEARS_BIRTH` = 1.12 (34.3x median), `BUREAU_DAYS_CREDIT_MEAN` = 1.45 (20.7x median), `AMT_INCOME_TOTAL` = -2.04 (19.7x median), `BUREAU_ACTIVE_RATIO` = -1.11 (17.7x median)","Kombinasi finansial kontradiktif (mis. rasio cicilan/pendapatan ekstrem, income rendah + credit besar, atau skor eksternal tinggi di cluster bermasalah).","Underwriting: matikan auto-approve, wajibkan manual review oleh underwriter senior + verifikasi pendapatan fisik."
148068,cluster_4,Tipe A - Data Error,"`CC_SK_DPD_MEAN` = 22.82 (459.3x median), `YEARS_BIRTH` = 1.52 (46.2x median), `REGION_RATING_CLIENT_W_CITY` = -2.04 (34.6x median), `POS_MONTHS_COUNT` = -1.13 (31.3x median), `BUREAU_DAYS_CREDIT_MEAN` = 1.45 (20.7x median)","Deviasi fitur > 50x median klaster — kemungkinan kesalahan input/ETL (overflow, salah unit, atau sentinel value tidak ter-handle).",Data Engineering: tambahkan capping rule (Z-score>3 di tahap ingest) untuk mencegah kontaminasi model.
148097,cluster_0,Tipe A - Data Error,"`EXT_SOURCE_1` = 1.84 (135.4x median), `INST_SEVERE_LATE_RATIO` = 5.76 (35.2x median), `YEARS_EMPLOYED` = 4.05 (10.7x median), `BUREAU_ACTIVE_RATIO` = 0.46 (8.9x median), `EXT_SOURCE_2` = -0.60 (8.0x median)","Deviasi fitur > 50x median klaster — kemungkinan kesalahan input/ETL (overflow, salah unit, atau sentinel value tidak ter-handle).",Data Engineering: tambahkan capping rule (Z-score>3 di tahap ingest) untuk mencegah kontaminasi model.
148277,cluster_1,Tipe B - Rare but Valid,"`AMT_CREDIT` = 1.35 (43.4x median), `BUREAU_ACTIVE_RATIO` = 2.03 (35.5x median), `REGION_RATING_CLIENT_W_CITY` = -2.04 (34.6x median), `AMT_ANNUITY` = 1.42 (20.6x median), `BUREAU_DEBT_TO_CREDIT_RATIO` = 0.79 (16.4x median)","Ekstrem secara statistik tapi koheren — kemungkinan tail-end legitimate customer (VHNW, kasus khusus).",Routing: alihkan ke divisi Wealth Management / Priority Banking untuk potensi cross-sell.
148458,cluster_3,Tipe B - Rare but Valid,"`CC_SK_DPD_MEAN` = 2.26 (46.3x median), `BUREAU_ACTIVE_RATIO` = 0.99 (17.7x median), `AMT_ANNUITY` = -1.25 (14.9x median), `EXT_SOURCE_3` = -1.10 (10.9x median), `YEARS_BIRTH` = -1.15 (9.8x median)","Ekstrem secara statistik tapi koheren — kemungkinan tail-end legitimate customer (VHNW, kasus khusus).",Routing: alihkan ke divisi Wealth Management / Priority Banking untuk potensi cross-sell.
148718,cluster_0,Tipe B - Rare but Valid,"`INST_SEVERE_LATE_RATIO` = 2.49 (15.8x median), `BUREAU_ACTIVE_RATIO` = 0.46 (8.9x median), `EXT_SOURCE_3` = -0.32 (3.9x median), `YEARS_BIRTH` = -1.36 (2.5x median), `BUREAU_DAYS_CREDIT_MEAN` = 0.90 (2.4x median)","Ekstrem secara statistik tapi koheren — kemungkinan tail-end legitimate customer (VHNW, kasus khusus).",Routing: alihkan ke divisi Wealth Management / Priority Banking untuk potensi cross-sell.
148863,cluster_4,Tipe A - Data Error,"`EXT_SOURCE_1` = -0.87 (65.8x median), `YEARS_BIRTH` = -0.96 (27.5x median), `BUREAU_ACTIVE_RATIO` = 0.78 (14.2x median), `BUREAU_DEBT_TO_CREDIT_RATIO` = 1.14 (13.3x median), `CREDIT_TERM_MONTHS` = 0.41 (10.1x median)","Deviasi fitur > 50x median klaster — kemungkinan kesalahan input/ETL (overflow, salah unit, atau sentinel value tidak ter-handle).",Data Engineering: tambahkan capping rule (Z-score>3 di tahap ingest) untuk mencegah kontaminasi model.
148895,cluster_3,Tipe B - Rare but Valid,"`POS_SK_DPD_MEAN` = 7.39 (37.5x median), `PREV_APPROVAL_RATE` = -0.69 (34.9x median), `CREDIT_TERM_MONTHS` = 1.68 (23.1x median), `EXT_SOURCE_3` = -1.50 (14.5x median), `BUREAU_DAYS_CREDIT_MEAN` = -1.61 (9.0x median)","Ekstrem secara statistik tapi koheren — kemungkinan tail-end legitimate customer (VHNW, kasus khusus).",Routing: alihkan ke divisi Wealth Management / Priority Banking untuk potensi cross-sell.
149033,cluster_4,Tipe A - Data Error,"`POS_MONTHS_COUNT` = 1.97 (51.8x median), `CREDIT_TERM_MONTHS` = 1.96 (43.8x median), `REGION_RATING_CLIENT_W_CITY` = 1.92 (34.6x median), `YEARS_BIRTH` = -0.81 (23.1x median), `BUREAU_COUNT` = 3.12 (18.3x median)","Deviasi fitur > 50x median klaster — kemungkinan kesalahan input/ETL (overflow, salah unit, atau sentinel value tidak ter-handle).",Data Engineering: tambahkan capping rule (Z-score>3 di tahap ingest) untuk mencegah kontaminasi model.
149169,cluster_4,Tipe B - Rare but Valid,"`BUREAU_COUNT` = 5.10 (29.3x median), `YEARS_BIRTH` = -0.54 (15.2x median), `BUREAU_DAYS_CREDIT_MEAN` = -1.17 (14.9x median), `PREV_COUNT` = 3.37 (9.9x median), `PREV_APPROVAL_RATE` = -1.47 (9.7x median)","Ekstrem secara statistik tapi koheren — kemungkinan tail-end legitimate customer (VHNW, kasus khusus).",Routing: alihkan ke divisi Wealth Management / Priority Banking untuk potensi cross-sell.
149402,cluster_2,Tipe A - Data Error,"`EXT_SOURCE_1` = 1.10 (80.9x median), `AMT_INCOME_TOTAL` = -1.40 (13.8x median), `YEARS_BIRTH` = 1.09 (13.1x median), `CREDIT_TO_INCOME` = 7.12 (12.3x median), `BUREAU_DAYS_CREDIT_MEAN` = 1.45 (11.5x median)","Deviasi fitur > 50x median klaster — kemungkinan kesalahan input/ETL (overflow, salah unit, atau sentinel value tidak ter-handle).",Data Engineering: tambahkan capping rule (Z-score>3 di tahap ingest) untuk mencegah kontaminasi model.
149880,cluster_3,Tipe A - Data Error,"`BUREAU_BB_SEVERE_DPD_MEAN` = 15.95 (312.4x median), `BUREAU_BB_DPD_RATIO_MEAN` = 9.25 (48.6x median), `PREV_APPROVAL_RATE` = -0.69 (34.9x median), `REGION_RATING_CLIENT_W_CITY` = 1.92 (34.6x median), `POS_SK_DPD_MEAN` = 5.60 (28.2x median)","Deviasi fitur > 50x median klaster — kemungkinan kesalahan input/ETL (overflow, salah unit, atau sentinel value tidak ter-handle).",Data Engineering: tambahkan capping rule (Z-score>3 di tahap ingest) untuk mencegah kontaminasi model.
150102,cluster_1,Tipe A - Data Error,"`AMT_CREDIT` = -1.70 (52.4x median), `AMT_ANNUITY` = -2.74 (42.5x median), `PREV_REFUSED_COUNT` = 14.03 (20.3x median), `BUREAU_DEBT_TO_CREDIT_RATIO` = 0.94 (19.5x median), `OWN_CAR_AGE` = 1.78 (4.9x median)","Deviasi fitur > 50x median klaster — kemungkinan kesalahan input/ETL (overflow, salah unit, atau sentinel value tidak ter-handle).",Data Engineering: tambahkan capping rule (Z-score>3 di tahap ingest) untuk mencegah kontaminasi model.
150258,cluster_4,Tipe B - Rare but Valid,"`CREDIT_TERM_MONTHS` = 1.67 (37.6x median), `POS_MONTHS_COUNT` = -1.13 (31.3x median), `BUREAU_DAYS_CREDIT_MEAN` = -1.65 (21.5x median), `EXT_SOURCE_1` = 0.26 (18.5x median), `BUREAU_ACTIVE_RATIO` = -1.11 (17.7x median)","Ekstrem secara statistik tapi koheren — kemungkinan tail-end legitimate customer (VHNW, kasus khusus).",Routing: alihkan ke divisi Wealth Management / Priority Banking untuk potensi cross-sell.
150500,cluster_3,Tipe A - Data Error,"`EXT_SOURCE_1` = 2.29 (169.3x median), `CC_SK_DPD_MEAN` = 6.93 (140.2x median), `BUREAU_ACTIVE_RATIO` = 2.03 (35.5x median), `REGION_RATING_CLIENT_W_CITY` = 1.92 (34.6x median), `CREDIT_TERM_MONTHS` = -1.39 (17.3x median)","Deviasi fitur > 50x median klaster — kemungkinan kesalahan input/ETL (overflow, salah unit, atau sentinel value tidak ter-handle).",Data Engineering: tambahkan capping rule (Z-score>3 di tahap ingest) untuk mencegah kontaminasi model.
150520,cluster_4,Tipe A - Data Error,"`EXT_SOURCE_1` = 0.80 (58.5x median), `CREDIT_TERM_MONTHS` = -1.51 (32.0x median), `AMT_REQ_CREDIT_BUREAU_YEAR` = 2.43 (18.5x median), `POS_MONTHS_COUNT` = -0.61 (17.3x median), `PREV_APPROVAL_RATE` = -1.97 (13.4x median)","Deviasi fitur > 50x median klaster — kemungkinan kesalahan input/ETL (overflow, salah unit, atau sentinel value tidak ter-handle).",Data Engineering: tambahkan capping rule (Z-score>3 di tahap ingest) untuk mencegah kontaminasi model.
150846,cluster_1,Tipe A - Data Error,"`EXT_SOURCE_1` = 2.52 (186.3x median), `BUREAU_COUNT` = 3.56 (12.7x median), `YEARS_EMPLOYED` = 3.53 (12.0x median), `CC_MONTHS_COUNT` = 3.25 (8.4x median), `EXT_SOURCE_3` = -1.22 (6.3x median)","Deviasi fitur > 50x median klaster — kemungkinan kesalahan input/ETL (overflow, salah unit, atau sentinel value tidak ter-handle).",Data Engineering: tambahkan capping rule (Z-score>3 di tahap ingest) untuk mencegah kontaminasi model.
151125,cluster_4,Tipe B - Rare but Valid,"`POS_MONTHS_COUNT` = 1.25 (32.4x median), `AMT_REQ_CREDIT_BUREAU_YEAR` = 2.43 (18.5x median), `BUREAU_ACTIVE_RATIO` = 0.99 (17.7x median), `BUREAU_DEBT_TO_CREDIT_RATIO` = 1.37 (15.8x median), `BUREAU_BB_DPD_RATIO_MEAN` = 2.28 (12.7x median)","Ekstrem secara statistik tapi koheren — kemungkinan tail-end legitimate customer (VHNW, kasus khusus).",Routing: alihkan ke divisi Wealth Management / Priority Banking untuk potensi cross-sell.
151430,cluster_4,Tipe A - Data Error,"`EXT_SOURCE_1` = -2.16 (161.6x median), `BUREAU_ACTIVE_RATIO` = 2.03 (35.5x median), `POS_MONTHS_COUNT` = -0.85 (23.7x median), `YEARS_BIRTH` = -0.75 (21.4x median), `CREDIT_TERM_MONTHS` = -0.93 (19.4x median)","Deviasi fitur > 50x median klaster — kemungkinan kesalahan input/ETL (overflow, salah unit, atau sentinel value tidak ter-handle).",Data Engineering: tambahkan capping rule (Z-score>3 di tahap ingest) untuk mencegah kontaminasi model.
151495,cluster_4,Tipe B - Rare but Valid,"`REGION_RATING_CLIENT_W_CITY` = 1.92 (34.6x median), `BUREAU_DAYS_CREDIT_MEAN` = -1.36 (17.4x median), `POS_MONTHS_COUNT` = -0.61 (17.3x median), `CREDIT_TERM_MONTHS` = 0.71 (16.5x median), `AMT_INCOME_TOTAL` = -1.66 (16.2x median)","Ekstrem secara statistik tapi koheren — kemungkinan tail-end legitimate customer (VHNW, kasus khusus).",Routing: alihkan ke divisi Wealth Management / Priority Banking untuk potensi cross-sell.
151548,cluster_4,Tipe A - Data Error,"`POS_SK_DPD_MEAN` = 14.19 (203.8x median), `EXT_SOURCE_1` = -2.61 (195.2x median), `POS_MONTHS_COUNT` = 1.97 (51.8x median), `REGION_RATING_CLIENT_W_CITY` = -2.04 (34.6x median), `YEARS_BIRTH` = -0.82 (23.4x median)","Deviasi fitur > 50x median klaster — kemungkinan kesalahan input/ETL (overflow, salah unit, atau sentinel value tidak ter-handle).",Data Engineering: tambahkan capping rule (Z-score>3 di tahap ingest) untuk mencegah kontaminasi model.
151605,cluster_4,Tipe A - Data Error,"`CC_SK_DPD_MEAN` = 6.73 (136.2x median), `CREDIT_TERM_MONTHS` = 1.70 (38.1x median), `YEARS_BIRTH` = 1.19 (36.5x median), `REGION_RATING_CLIENT_W_CITY` = -2.04 (34.6x median), `BUREAU_DAYS_CREDIT_MEAN` = -1.75 (22.8x median)","Deviasi fitur > 50x median klaster — kemungkinan kesalahan input/ETL (overflow, salah unit, atau sentinel value tidak ter-handle).",Data Engineering: tambahkan capping rule (Z-score>3 di tahap ingest) untuk mencegah kontaminasi model.
151677,cluster_2,Tipe B - Rare but Valid,"`INST_SEVERE_LATE_RATIO` = 3.28 (20.5x median), `AMT_INCOME_TOTAL` = 0.86 (6.8x median), `BUREAU_ACTIVE_RATIO` = -1.11 (5.8x median), `YEARS_EMPLOYED` = 1.03 (5.5x median), `INST_LATE_RATIO` = 2.48 (5.0x median)","Ekstrem secara statistik tapi koheren — kemungkinan tail-end legitimate customer (VHNW, kasus khusus).",Routing: alihkan ke divisi Wealth Management / Priority Banking untuk potensi cross-sell.
152034,cluster_4,Tipe A - Data Error,"`POS_MONTHS_COUNT` = 4.60 (122.0x median), `AMT_REQ_CREDIT_BUREAU_YEAR` = 3.58 (27.8x median), `BUREAU_ACTIVE_RATIO` = 1.41 (24.8x median), `BUREAU_DEBT_TO_CREDIT_RATIO` = 1.44 (16.6x median), `YEARS_BIRTH` = 0.35 (11.3x median)","Deviasi fitur > 50x median klaster — kemungkinan kesalahan input/ETL (overflow, salah unit, atau sentinel value tidak ter-handle).",Data Engineering: tambahkan capping rule (Z-score>3 di tahap ingest) untuk mencegah kontaminasi model.
152649,cluster_0,Tipe B - Rare but Valid,"`REGION_RATING_CLIENT_W_CITY` = 1.92 (34.6x median), `EXT_SOURCE_2` = -1.42 (17.5x median), `OWN_CAR_AGE` = 6.68 (15.7x median), `EXT_SOURCE_1` = 0.19 (13.1x median), `EXT_SOURCE_3` = 1.42 (11.8x median)","Ekstrem secara statistik tapi koheren — kemungkinan tail-end legitimate customer (VHNW, kasus khusus).",Routing: alihkan ke divisi Wealth Management / Priority Banking untuk potensi cross-sell.
153304,cluster_4,Tipe A - Data Error,"`POS_SK_DPD_MEAN` = 18.13 (260.0x median), `BUREAU_BB_SEVERE_DPD_MEAN` = 5.74 (113.0x median), `POS_MONTHS_COUNT` = 3.79 (100.4x median), `YEARS_BIRTH` = 1.43 (43.5x median), `BUREAU_BB_DPD_RATIO_MEAN` = 4.84 (25.9x median)","Deviasi fitur > 50x median klaster — kemungkinan kesalahan input/ETL (overflow, salah unit, atau sentinel value tidak ter-handle).",Data Engineering: tambahkan capping rule (Z-score>3 di tahap ingest) untuk mencegah kontaminasi model.
154651,cluster_3,Tipe A - Data Error,"`POS_SK_DPD_MEAN` = 15.62 (80.4x median), `BUREAU_ACTIVE_RATIO` = 0.78 (14.2x median), `YEARS_BIRTH` = 1.77 (12.6x median), `BUREAU_DAYS_CREDIT_MEAN` = -1.51 (8.4x median), `PREV_APPROVAL_RATE` = -0.14 (7.7x median)","Deviasi fitur > 50x median klaster — kemungkinan kesalahan input/ETL (overflow, salah unit, atau sentinel value tidak ter-handle).",Data Engineering: tambahkan capping rule (Z-score>3 di tahap ingest) untuk mencegah kontaminasi model.
154770,cluster_1,Tipe A - Data Error,"`EXT_SOURCE_1` = 0.87 (63.9x median), `REGION_RATING_CLIENT_W_CITY` = -2.04 (34.6x median), `INST_PAYMENT_RATIO_MEAN` = 0.23 (22.4x median), `BUREAU_DEBT_TO_CREDIT_RATIO` = 0.60 (12.7x median), `AMT_CREDIT` = 0.32 (11.1x median)","Deviasi fitur > 50x median klaster — kemungkinan kesalahan input/ETL (overflow, salah unit, atau sentinel value tidak ter-handle).",Data Engineering: tambahkan capping rule (Z-score>3 di tahap ingest) untuk mencegah kontaminasi model.
154771,cluster_4,Tipe A - Data Error,"`EXT_SOURCE_1` = 1.84 (136.0x median), `BUREAU_COUNT` = 3.12 (18.3x median), `AMT_ANNUITY` = -1.78 (13.6x median), `YEARS_EMPLOYED` = 2.20 (11.5x median), `BUREAU_DAYS_CREDIT_MEAN` = -0.66 (8.0x median)","Deviasi fitur > 50x median klaster — kemungkinan kesalahan input/ETL (overflow, salah unit, atau sentinel value tidak ter-handle).",Data Engineering: tambahkan capping rule (Z-score>3 di tahap ingest) untuk mencegah kontaminasi model.
154839,cluster_4,Tipe B - Rare but Valid,"`YEARS_BIRTH` = 0.92 (28.6x median), `CREDIT_TERM_MONTHS` = -1.30 (27.4x median), `YEARS_EMPLOYED` = 4.63 (23.1x median), `POS_MONTHS_COUNT` = -0.61 (17.3x median), `BUREAU_BB_DPD_RATIO_MEAN` = 1.38 (8.1x median)","Ekstrem secara statistik tapi koheren — kemungkinan tail-end legitimate customer (VHNW, kasus khusus).",Routing: alihkan ke divisi Wealth Management / Priority Banking untuk potensi cross-sell.
155274,cluster_4,Tipe A - Data Error,"`EXT_SOURCE_1` = 0.87 (63.5x median), `REGION_RATING_CLIENT_W_CITY` = -2.04 (34.6x median), `POS_MONTHS_COUNT` = -1.13 (31.3x median), `CREDIT_TERM_MONTHS` = -1.40 (29.6x median), `YEARS_BIRTH` = -0.81 (23.1x median)","Deviasi fitur > 50x median klaster — kemungkinan kesalahan input/ETL (overflow, salah unit, atau sentinel value tidak ter-handle).",Data Engineering: tambahkan capping rule (Z-score>3 di tahap ingest) untuk mencegah kontaminasi model.
155335,cluster_1,Tipe A - Data Error,"`EXT_SOURCE_1` = 1.53 (112.5x median), `AMT_CREDIT` = 0.74 (24.1x median), `INST_LATE_RATIO` = 2.69 (17.6x median), `EXT_SOURCE_3` = -1.76 (9.5x median), `CREDIT_TERM_MONTHS` = 1.17 (7.0x median)","Deviasi fitur > 50x median klaster — kemungkinan kesalahan input/ETL (overflow, salah unit, atau sentinel value tidak ter-handle).",Data Engineering: tambahkan capping rule (Z-score>3 di tahap ingest) untuk mencegah kontaminasi model.
155568,cluster_0,Tipe B - Rare but Valid,"`INST_SEVERE_LATE_RATIO` = 5.38 (32.9x median), `BUREAU_ACTIVE_RATIO` = -1.11 (17.7x median), `EXT_SOURCE_2` = -1.28 (15.9x median), `INST_DPD_MEAN` = 0.86 (8.6x median), `INST_LATE_RATIO` = 3.61 (6.7x median)","Ekstrem secara statistik tapi koheren — kemungkinan tail-end legitimate customer (VHNW, kasus khusus).",Routing: alihkan ke divisi Wealth Management / Priority Banking untuk potensi cross-sell.
156315,cluster_4,Tipe B - Rare but Valid,"`BUREAU_COUNT` = 4.22 (24.5x median), `CREDIT_TERM_MONTHS` = -1.08 (22.7x median), `EXT_SOURCE_1` = 0.29 (20.9x median), `YEARS_BIRTH` = 0.64 (20.0x median), `AMT_REQ_CREDIT_BUREAU_YEAR` = 1.85 (13.9x median)","Ekstrem secara statistik tapi koheren — kemungkinan tail-end legitimate customer (VHNW, kasus khusus).",Routing: alihkan ke divisi Wealth Management / Priority Banking untuk potensi cross-sell.
156327,cluster_3,Tipe A - Data Error,"`BUREAU_BB_SEVERE_DPD_MEAN` = 63.21 (1235.4x median), `BUREAU_BB_DPD_RATIO_MEAN` = 31.31 (162.0x median), `EXT_SOURCE_1` = -0.69 (52.2x median), `BUREAU_ACTIVE_RATIO` = -1.11 (17.7x median), `BUREAU_DAYS_CREDIT_MEAN` = -1.90 (10.9x median)","Deviasi fitur > 50x median klaster — kemungkinan kesalahan input/ETL (overflow, salah unit, atau sentinel value tidak ter-handle).",Data Engineering: tambahkan capping rule (Z-score>3 di tahap ingest) untuk mencegah kontaminasi model.
156540,cluster_4,Tipe B - Rare but Valid,"`EXT_SOURCE_3` = -1.83 (17.4x median), `AMT_ANNUITY` = -2.30 (17.4x median), `EXT_SOURCE_1` = 0.19 (13.5x median), `BUREAU_DAYS_CREDIT_MEAN` = 0.61 (9.3x median), `AMT_CREDIT` = -1.73 (9.1x median)","Ekstrem secara statistik tapi koheren — kemungkinan tail-end legitimate customer (VHNW, kasus khusus).",Routing: alihkan ke divisi Wealth Management / Priority Banking untuk potensi cross-sell.
156567,cluster_4,Tipe A - Data Error,"`EXT_SOURCE_1` = 1.92 (141.8x median), `POS_MONTHS_COUNT` = -0.65 (18.4x median), `YEARS_BIRTH` = -0.63 (17.9x median), `AMT_INCOME_TOTAL` = -1.28 (12.7x median), `BUREAU_ACTIVE_RATIO` = 0.46 (8.9x median)","Deviasi fitur > 50x median klaster — kemungkinan kesalahan input/ETL (overflow, salah unit, atau sentinel value tidak ter-handle).",Data Engineering: tambahkan capping rule (Z-score>3 di tahap ingest) untuk mencegah kontaminasi model.
156736,cluster_4,Tipe B - Rare but Valid,"`REGION_RATING_CLIENT_W_CITY` = -2.04 (34.6x median), `BUREAU_ACTIVE_RATIO` = 1.41 (24.8x median), `POS_MONTHS_COUNT` = 0.84 (21.6x median), `CREDIT_TERM_MONTHS` = -0.58 (11.7x median), `BUREAU_DEBT_TO_CREDIT_RATIO` = 0.96 (11.4x median)","Ekstrem secara statistik tapi koheren — kemungkinan tail-end legitimate customer (VHNW, kasus khusus).",Routing: alihkan ke divisi Wealth Management / Priority Banking untuk potensi cross-sell.
158137,cluster_4,Tipe A - Data Error,"`EXT_SOURCE_1` = -1.94 (145.0x median), `YEARS_BIRTH` = -1.40 (40.8x median), `POS_MONTHS_COUNT` = -0.77 (21.6x median), `CREDIT_TERM_MONTHS` = -0.94 (19.5x median), `EXT_SOURCE_3` = -1.69 (16.2x median)","Deviasi fitur > 50x median klaster — kemungkinan kesalahan input/ETL (overflow, salah unit, atau sentinel value tidak ter-handle).",Data Engineering: tambahkan capping rule (Z-score>3 di tahap ingest) untuk mencegah kontaminasi model.
158171,cluster_1,Tipe A - Data Error,"`EXT_SOURCE_1` = -2.45 (183.1x median), `REGION_RATING_CLIENT_W_CITY` = -2.04 (34.6x median), `AMT_CREDIT` = -0.92 (28.0x median), `PREV_REFUSED_COUNT` = 11.25 (16.0x median), `BUREAU_DEBT_TO_CREDIT_RATIO` = -0.59 (10.5x median)","Deviasi fitur > 50x median klaster — kemungkinan kesalahan input/ETL (overflow, salah unit, atau sentinel value tidak ter-handle).",Data Engineering: tambahkan capping rule (Z-score>3 di tahap ingest) untuk mencegah kontaminasi model.
159365,cluster_3,Tipe A - Data Error,"`PREV_APPROVAL_RATE` = -1.87 (92.9x median), `POS_SK_DPD_MEAN` = 17.99 (92.8x median), `CREDIT_TERM_MONTHS` = 1.73 (23.9x median), `AMT_ANNUITY` = -1.31 (15.7x median), `ANNUITY_TO_INCOME` = -0.95 (9.2x median)","Deviasi fitur > 50x median klaster — kemungkinan kesalahan input/ETL (overflow, salah unit, atau sentinel value tidak ter-handle).",Data Engineering: tambahkan capping rule (Z-score>3 di tahap ingest) untuk mencegah kontaminasi model.
159559,cluster_4,Tipe B - Rare but Valid,"`EXT_SOURCE_1` = -0.61 (46.5x median), `CREDIT_TERM_MONTHS` = 1.97 (44.2x median), `REGION_RATING_CLIENT_W_CITY` = -2.04 (34.6x median), `POS_MONTHS_COUNT` = 1.05 (27.0x median), `YEARS_BIRTH` = -0.62 (17.5x median)","Ekstrem secara statistik tapi koheren — kemungkinan tail-end legitimate customer (VHNW, kasus khusus).",Routing: alihkan ke divisi Wealth Management / Priority Banking untuk potensi cross-sell.
159685,cluster_3,Tipe B - Rare but Valid,"`PREV_APPROVAL_RATE` = 0.96 (46.5x median), `ANNUITY_TO_INCOME` = 1.60 (18.2x median), `AMT_ANNUITY` = 1.68 (17.8x median), `AMT_CREDIT` = 1.23 (6.8x median), `CREDIT_TO_INCOME` = 0.91 (6.8x median)","Ekstrem secara statistik tapi koheren — kemungkinan tail-end legitimate customer (VHNW, kasus khusus).",Routing: alihkan ke divisi Wealth Management / Priority Banking untuk potensi cross-sell.
160179,cluster_4,Tipe A - Data Error,"`EXT_SOURCE_1` = 1.63 (120.4x median), `CREDIT_TERM_MONTHS` = 1.67 (37.6x median), `BUREAU_ACTIVE_RATIO` = 1.25 (22.2x median), `BUREAU_DEBT_TO_CREDIT_RATIO` = 1.09 (12.8x median), `BUREAU_DAYS_CREDIT_MEAN` = 0.86 (12.7x median)","Deviasi fitur > 50x median klaster — kemungkinan kesalahan input/ETL (overflow, salah unit, atau sentinel value tidak ter-handle).",Data Engineering: tambahkan capping rule (Z-score>3 di tahap ingest) untuk mencegah kontaminasi model.
160242,cluster_2,Tipe B - Rare but Valid,"`REGION_RATING_CLIENT_W_CITY` = 1.92 (34.6x median), `BUREAU_ACTIVE_RATIO` = 2.03 (13.4x median), `AMT_INCOME_TOTAL` = -1.28 (12.7x median), `CNT_CHILDREN` = 3.60 (7.2x median), `CC_UTILIZATION_MAX` = 2.40 (6.1x median)","Ekstrem secara statistik tapi koheren — kemungkinan tail-end legitimate customer (VHNW, kasus khusus).",Routing: alihkan ke divisi Wealth Management / Priority Banking untuk potensi cross-sell.
160503,cluster_3,Tipe B - Rare but Valid,"`PREV_APPROVAL_RATE` = 0.96 (46.5x median), `CREDIT_TERM_MONTHS` = 1.70 (23.4x median), `CREDIT_TO_INCOME` = 2.36 (16.0x median), `ANNUITY_TO_INCOME` = 1.19 (13.8x median), `BUREAU_COUNT` = 2.02 (12.2x median)","Ekstrem secara statistik tapi koheren — kemungkinan tail-end legitimate customer (VHNW, kasus khusus).",Routing: alihkan ke divisi Wealth Management / Priority Banking untuk potensi cross-sell.
160661,cluster_1,Tipe A - Data Error,"`BUREAU_BB_SEVERE_DPD_MEAN` = 26.15 (511.6x median), `BUREAU_BB_DPD_RATIO_MEAN` = 16.33 (85.0x median), `AMT_CREDIT` = -1.33 (40.6x median), `AMT_ANNUITY` = -1.23 (19.6x median), `BUREAU_DAYS_CREDIT_MEAN` = -2.79 (14.7x median)","Deviasi fitur > 50x median klaster — kemungkinan kesalahan input/ETL (overflow, salah unit, atau sentinel value tidak ter-handle).",Data Engineering: tambahkan capping rule (Z-score>3 di tahap ingest) untuk mencegah kontaminasi model.
160697,cluster_1,Tipe A - Data Error,"`POS_SK_DPD_MEAN` = 16.32 (234.2x median), `AMT_CREDIT` = -1.51 (46.5x median), `AMT_ANNUITY` = -2.02 (31.6x median), `YEARS_EMPLOYED` = 3.60 (12.2x median), `BUREAU_ACTIVE_RATIO` = -0.71 (11.1x median)","Deviasi fitur > 50x median klaster — kemungkinan kesalahan input/ETL (overflow, salah unit, atau sentinel value tidak ter-handle).",Data Engineering: tambahkan capping rule (Z-score>3 di tahap ingest) untuk mencegah kontaminasi model.
161133,cluster_0,Tipe B - Rare but Valid,"`BUREAU_ACTIVE_RATIO` = 2.03 (35.5x median), `REGION_RATING_CLIENT_W_CITY` = -2.04 (34.6x median), `EXT_SOURCE_2` = -2.51 (30.2x median), `YEARS_EMPLOYED` = 4.41 (11.5x median), `EXT_SOURCE_3` = 0.83 (6.5x median)","Ekstrem secara statistik tapi koheren — kemungkinan tail-end legitimate customer (VHNW, kasus khusus).",Routing: alihkan ke divisi Wealth Management / Priority Banking untuk potensi cross-sell.
161169,cluster_4,Tipe A - Data Error,"`EXT_SOURCE_1` = -1.06 (80.0x median), `YEARS_BIRTH` = -1.58 (46.0x median), `BUREAU_ACTIVE_RATIO` = 2.03 (35.5x median), `CREDIT_TERM_MONTHS` = -1.62 (34.4x median), `AMT_REQ_CREDIT_BUREAU_YEAR` = 3.00 (23.2x median)","Deviasi fitur > 50x median klaster — kemungkinan kesalahan input/ETL (overflow, salah unit, atau sentinel value tidak ter-handle).",Data Engineering: tambahkan capping rule (Z-score>3 di tahap ingest) untuk mencegah kontaminasi model.
161770,cluster_4,Tipe A - Data Error,"`INST_DPD_MAX` = 6.36 (62.1x median), `CREDIT_TERM_MONTHS` = 1.67 (37.6x median), `REGION_RATING_CLIENT_W_CITY` = 1.92 (34.6x median), `YEARS_BIRTH` = -0.86 (24.7x median), `BUREAU_ACTIVE_RATIO` = 0.91 (16.5x median)","Deviasi fitur > 50x median klaster — kemungkinan kesalahan input/ETL (overflow, salah unit, atau sentinel value tidak ter-handle).",Data Engineering: tambahkan capping rule (Z-score>3 di tahap ingest) untuk mencegah kontaminasi model.
161986,cluster_1,Tipe A - Data Error,"`EXT_SOURCE_1` = 2.47 (182.3x median), `AMT_CREDIT` = 1.55 (49.5x median), `REGION_RATING_CLIENT_W_CITY` = -2.04 (34.6x median), `AMT_ANNUITY` = 0.89 (12.5x median), `CREDIT_TERM_MONTHS` = 1.96 (11.0x median)","Deviasi fitur > 50x median klaster — kemungkinan kesalahan input/ETL (overflow, salah unit, atau sentinel value tidak ter-handle).",Data Engineering: tambahkan capping rule (Z-score>3 di tahap ingest) untuk mencegah kontaminasi model.
162579,cluster_4,Tipe A - Data Error,"`EXT_SOURCE_1` = -1.45 (108.8x median), `POS_MONTHS_COUNT` = 3.31 (87.4x median), `YEARS_BIRTH` = -1.11 (32.1x median), `EXT_SOURCE_3` = -2.53 (23.7x median), `CREDIT_TERM_MONTHS` = -1.08 (22.7x median)","Deviasi fitur > 50x median klaster — kemungkinan kesalahan input/ETL (overflow, salah unit, atau sentinel value tidak ter-handle).",Data Engineering: tambahkan capping rule (Z-score>3 di tahap ingest) untuk mencegah kontaminasi model.
162585,cluster_1,Tipe A - Data Error,"`EXT_SOURCE_1` = -2.19 (163.8x median), `REGION_RATING_CLIENT_W_CITY` = 1.92 (34.6x median), `PREV_REFUSED_COUNT` = 12.92 (18.6x median), `BUREAU_ACTIVE_RATIO` = 0.64 (11.8x median), `CC_UTILIZATION_MEAN` = 3.96 (10.7x median)","Deviasi fitur > 50x median klaster — kemungkinan kesalahan input/ETL (overflow, salah unit, atau sentinel value tidak ter-handle).",Data Engineering: tambahkan capping rule (Z-score>3 di tahap ingest) untuk mencegah kontaminasi model.
162830,cluster_4,Tipe B - Rare but Valid,"`YEARS_BIRTH` = 1.48 (45.1x median), `BUREAU_BB_DPD_RATIO_MEAN` = 4.74 (25.4x median), `BUREAU_ACTIVE_RATIO` = 1.41 (24.8x median), `EXT_SOURCE_3` = -2.42 (22.8x median), `INST_SEVERE_LATE_RATIO` = 3.14 (19.7x median)","Ekstrem secara statistik tapi koheren — kemungkinan tail-end legitimate customer (VHNW, kasus khusus).",Routing: alihkan ke divisi Wealth Management / Priority Banking untuk potensi cross-sell.
163134,cluster_1,Tipe B - Rare but Valid,"`INST_LATE_RATIO` = 2.48 (16.3x median), `BUREAU_DAYS_CREDIT_MEAN` = -1.66 (8.3x median), `AMT_CREDIT` = -0.27 (7.6x median), `AMT_ANNUITY` = -0.40 (7.1x median), `YEARS_EMPLOYED` = 1.53 (5.8x median)","Ekstrem secara statistik tapi koheren — kemungkinan tail-end legitimate customer (VHNW, kasus khusus).",Routing: alihkan ke divisi Wealth Management / Priority Banking untuk potensi cross-sell.
163158,cluster_1,Tipe A - Data Error,"`EXT_SOURCE_1` = -1.55 (116.5x median), `AMT_CREDIT` = -0.73 (21.8x median), `INST_LATE_RATIO` = 2.15 (14.3x median), `EXT_SOURCE_3` = -2.20 (12.1x median), `BUREAU_ACTIVE_RATIO` = 0.46 (8.9x median)","Deviasi fitur > 50x median klaster — kemungkinan kesalahan input/ETL (overflow, salah unit, atau sentinel value tidak ter-handle).",Data Engineering: tambahkan capping rule (Z-score>3 di tahap ingest) untuk mencegah kontaminasi model.
163319,cluster_1,Tipe B - Rare but Valid,"`REGION_RATING_CLIENT_W_CITY` = 1.92 (34.6x median), `EXT_SOURCE_1` = 0.26 (18.1x median), `BUREAU_ACTIVE_RATIO` = 0.69 (12.7x median), `YEARS_EMPLOYED` = 2.89 (10.0x median), `EXT_SOURCE_3` = 1.12 (7.7x median)","Ekstrem secara statistik tapi koheren — kemungkinan tail-end legitimate customer (VHNW, kasus khusus).",Routing: alihkan ke divisi Wealth Management / Priority Banking untuk potensi cross-sell.
163583,cluster_3,Tipe A - Data Error,"`CC_SK_DPD_MEAN` = 17.44 (351.2x median), `EXT_SOURCE_1` = -1.34 (100.2x median), `PREV_APPROVAL_RATE` = -1.44 (71.8x median), `BUREAU_COUNT` = 2.90 (17.1x median), `PREV_REFUSED_COUNT` = 3.45 (8.6x median)","Deviasi fitur > 50x median klaster — kemungkinan kesalahan input/ETL (overflow, salah unit, atau sentinel value tidak ter-handle).",Data Engineering: tambahkan capping rule (Z-score>3 di tahap ingest) untuk mencegah kontaminasi model.
164352,cluster_4,Tipe A - Data Error,"`EXT_SOURCE_1` = 2.50 (184.8x median), `CREDIT_TERM_MONTHS` = 2.17 (48.5x median), `YEARS_BIRTH` = 0.82 (25.3x median), `AMT_INCOME_TOTAL` = 2.47 (21.6x median), `YEARS_EMPLOYED` = 3.48 (17.6x median)","Deviasi fitur > 50x median klaster — kemungkinan kesalahan input/ETL (overflow, salah unit, atau sentinel value tidak ter-handle).",Data Engineering: tambahkan capping rule (Z-score>3 di tahap ingest) untuk mencegah kontaminasi model.
164391,cluster_0,Tipe A - Data Error,"`BUREAU_BB_SEVERE_DPD_MEAN` = 3.40 (67.4x median), `INST_SEVERE_LATE_RATIO` = 3.82 (23.7x median), `INST_DPD_MEAN` = 1.91 (17.8x median), `BUREAU_BB_DPD_RATIO_MEAN` = 2.85 (15.7x median), `INST_DPD_MAX` = 2.01 (13.5x median)","Deviasi fitur > 50x median klaster — kemungkinan kesalahan input/ETL (overflow, salah unit, atau sentinel value tidak ter-handle).",Data Engineering: tambahkan capping rule (Z-score>3 di tahap ingest) untuk mencegah kontaminasi model.
164681,cluster_1,Tipe A - Data Error,"`EXT_SOURCE_1` = -1.54 (115.5x median), `BUREAU_ACTIVE_RATIO` = 2.03 (35.5x median), `REGION_RATING_CLIENT_W_CITY` = 1.92 (34.6x median), `AMT_CREDIT` = -0.96 (29.1x median), `AMT_ANNUITY` = -1.33 (21.1x median)","Deviasi fitur > 50x median klaster — kemungkinan kesalahan input/ETL (overflow, salah unit, atau sentinel value tidak ter-handle).",Data Engineering: tambahkan capping rule (Z-score>3 di tahap ingest) untuk mencegah kontaminasi model.
164994,cluster_3,Tipe B - Rare but Valid,"`PREV_APPROVAL_RATE` = -0.69 (34.9x median), `CREDIT_TERM_MONTHS` = 2.17 (29.6x median), `BUREAU_ACTIVE_RATIO` = -1.11 (17.7x median), `CREDIT_TO_INCOME` = 2.31 (15.7x median), `AMT_ANNUITY` = 1.46 (15.4x median)","Ekstrem secara statistik tapi koheren — kemungkinan tail-end legitimate customer (VHNW, kasus khusus).",Routing: alihkan ke divisi Wealth Management / Priority Banking untuk potensi cross-sell.
165357,cluster_3,Tipe A - Data Error,"`POS_SK_DPD_MEAN` = 22.13 (114.4x median), `PREV_APPROVAL_RATE` = -0.69 (34.9x median), `YEARS_BIRTH` = -1.24 (10.5x median), `AMT_ANNUITY` = -0.68 (8.6x median), `CC_MONTHS_COUNT` = 3.05 (8.0x median)","Deviasi fitur > 50x median klaster — kemungkinan kesalahan input/ETL (overflow, salah unit, atau sentinel value tidak ter-handle).",Data Engineering: tambahkan capping rule (Z-score>3 di tahap ingest) untuk mencegah kontaminasi model.
165385,cluster_4,Tipe B - Rare but Valid,"`CREDIT_TERM_MONTHS` = 1.28 (29.1x median), `EXT_SOURCE_3` = -2.10 (19.9x median), `POS_MONTHS_COUNT` = -0.69 (19.4x median), `YEARS_BIRTH` = -0.67 (19.1x median), `OWN_CAR_AGE` = 6.68 (15.7x median)","Ekstrem secara statistik tapi koheren — kemungkinan tail-end legitimate customer (VHNW, kasus khusus).",Routing: alihkan ke divisi Wealth Management / Priority Banking untuk potensi cross-sell.
165526,cluster_4,Tipe B - Rare but Valid,"`BUREAU_ACTIVE_RATIO` = 2.03 (35.5x median), `CREDIT_TERM_MONTHS` = -1.62 (34.5x median), `POS_MONTHS_COUNT` = 1.29 (33.5x median), `AMT_REQ_CREDIT_BUREAU_YEAR` = 3.58 (27.8x median), `YEARS_BIRTH` = 0.63 (19.9x median)","Ekstrem secara statistik tapi koheren — kemungkinan tail-end legitimate customer (VHNW, kasus khusus).",Routing: alihkan ke divisi Wealth Management / Priority Banking untuk potensi cross-sell.
165729,cluster_2,Tipe A - Data Error,"`EXT_SOURCE_1` = 1.07 (78.4x median), `REGION_RATING_CLIENT_W_CITY` = -2.04 (34.6x median), `BUREAU_DAYS_CREDIT_MEAN` = 1.45 (11.5x median), `AMT_INCOME_TOTAL` = 1.24 (10.3x median), `CNT_CHILDREN` = 3.60 (7.2x median)","Deviasi fitur > 50x median klaster — kemungkinan kesalahan input/ETL (overflow, salah unit, atau sentinel value tidak ter-handle).",Data Engineering: tambahkan capping rule (Z-score>3 di tahap ingest) untuk mencegah kontaminasi model.
166364,cluster_3,Tipe B - Rare but Valid,"`PREV_APPROVAL_RATE` = 0.96 (46.5x median), `CREDIT_TERM_MONTHS` = 1.26 (17.7x median), `ANNUITY_TO_INCOME` = -0.69 (6.4x median), `EXT_SOURCE_3` = -0.48 (5.3x median), `AMT_INCOME_TOTAL` = 0.86 (5.0x median)","Ekstrem secara statistik tapi koheren — kemungkinan tail-end legitimate customer (VHNW, kasus khusus).",Routing: alihkan ke divisi Wealth Management / Priority Banking untuk potensi cross-sell.
166388,cluster_0,Tipe A - Data Error,"`EXT_SOURCE_1` = -0.79 (59.7x median), `EXT_SOURCE_3` = 1.04 (8.4x median), `EXT_SOURCE_2` = 0.64 (6.5x median), `INST_LATE_RATIO` = 2.56 (5.1x median), `BUREAU_DEBT_TO_CREDIT_RATIO` = 1.46 (4.7x median)","Deviasi fitur > 50x median klaster — kemungkinan kesalahan input/ETL (overflow, salah unit, atau sentinel value tidak ter-handle).",Data Engineering: tambahkan capping rule (Z-score>3 di tahap ingest) untuk mencegah kontaminasi model.
166617,cluster_4,Tipe B - Rare but Valid,"`REGION_RATING_CLIENT_W_CITY` = 1.92 (34.6x median), `POS_MONTHS_COUNT` = 0.93 (23.7x median), `BUREAU_DAYS_CREDIT_MEAN` = 1.45 (20.7x median), `CREDIT_TERM_MONTHS` = 0.85 (19.7x median), `BUREAU_ACTIVE_RATIO` = -1.11 (17.7x median)","Ekstrem secara statistik tapi koheren — kemungkinan tail-end legitimate customer (VHNW, kasus khusus).",Routing: alihkan ke divisi Wealth Management / Priority Banking untuk potensi cross-sell.
166766,cluster_3,Tipe B - Rare but Valid,"`PREV_APPROVAL_RATE` = -0.69 (34.9x median), `CREDIT_TERM_MONTHS` = 1.26 (17.7x median), `CREDIT_TO_INCOME` = 1.06 (7.7x median), `BUREAU_DAYS_CREDIT_MEAN` = -1.32 (7.3x median), `EXT_SOURCE_3` = 0.88 (6.9x median)","Ekstrem secara statistik tapi koheren — kemungkinan tail-end legitimate customer (VHNW, kasus khusus).",Routing: alihkan ke divisi Wealth Management / Priority Banking untuk potensi cross-sell.
166984,cluster_4,Tipe A - Data Error,"`EXT_SOURCE_1` = -1.47 (109.9x median), `POS_MONTHS_COUNT` = 3.91 (103.6x median), `REGION_RATING_CLIENT_W_CITY` = -2.04 (34.6x median), `YEARS_BIRTH` = -0.76 (21.6x median), `AMT_REQ_CREDIT_BUREAU_YEAR` = 2.43 (18.5x median)","Deviasi fitur > 50x median klaster — kemungkinan kesalahan input/ETL (overflow, salah unit, atau sentinel value tidak ter-handle).",Data Engineering: tambahkan capping rule (Z-score>3 di tahap ingest) untuk mencegah kontaminasi model.
166993,cluster_4,Tipe A - Data Error,"`EXT_SOURCE_1` = -1.67 (125.4x median), `CREDIT_TERM_MONTHS` = 1.68 (37.7x median), `BUREAU_COUNT` = 3.56 (20.8x median), `PREV_APPROVAL_RATE` = -1.24 (8.0x median), `CREDIT_TO_INCOME` = 1.57 (7.8x median)","Deviasi fitur > 50x median klaster — kemungkinan kesalahan input/ETL (overflow, salah unit, atau sentinel value tidak ter-handle).",Data Engineering: tambahkan capping rule (Z-score>3 di tahap ingest) untuk mencegah kontaminasi model.
167112,cluster_3,Tipe B - Rare but Valid,"`PREV_APPROVAL_RATE` = -0.50 (25.8x median), `POS_SK_DPD_MEAN` = 2.95 (14.4x median), `YEARS_BIRTH` = 1.76 (12.6x median), `CREDIT_TERM_MONTHS` = 0.86 (12.3x median), `BUREAU_COUNT` = 1.36 (8.6x median)","Ekstrem secara statistik tapi koheren — kemungkinan tail-end legitimate customer (VHNW, kasus khusus).",Routing: alihkan ke divisi Wealth Management / Priority Banking untuk potensi cross-sell.
167277,cluster_4,Tipe A - Data Error,"`EXT_SOURCE_1` = 1.26 (92.6x median), `BUREAU_COUNT` = 5.98 (34.2x median), `AMT_ANNUITY` = -1.63 (12.6x median), `POS_MONTHS_COUNT` = -0.37 (10.8x median), `EXT_SOURCE_3` = -1.07 (10.6x median)","Deviasi fitur > 50x median klaster — kemungkinan kesalahan input/ETL (overflow, salah unit, atau sentinel value tidak ter-handle).",Data Engineering: tambahkan capping rule (Z-score>3 di tahap ingest) untuk mencegah kontaminasi model.
167648,cluster_4,Tipe B - Rare but Valid,"`EXT_SOURCE_1` = 0.52 (37.6x median), `BUREAU_ACTIVE_RATIO` = -1.11 (17.7x median), `POS_MONTHS_COUNT` = -0.61 (17.3x median), `AMT_ANNUITY` = -1.93 (14.7x median), `BUREAU_DAYS_CREDIT_MEAN` = -1.03 (13.0x median)","Ekstrem secara statistik tapi koheren — kemungkinan tail-end legitimate customer (VHNW, kasus khusus).",Routing: alihkan ke divisi Wealth Management / Priority Banking untuk potensi cross-sell.
167939,cluster_1,Tipe B - Rare but Valid,"`AMT_CREDIT` = 1.37 (44.1x median), `INST_SEVERE_LATE_RATIO` = 3.14 (19.7x median), `BUREAU_ACTIVE_RATIO` = -1.11 (17.7x median), `YEARS_EMPLOYED` = 4.45 (14.9x median), `AMT_ANNUITY` = 0.95 (13.4x median)","Ekstrem secara statistik tapi koheren — kemungkinan tail-end legitimate customer (VHNW, kasus khusus).",Routing: alihkan ke divisi Wealth Management / Priority Banking untuk potensi cross-sell.
168296,cluster_4,Tipe A - Data Error,"`BUREAU_BB_SEVERE_DPD_MEAN` = 6.92 (136.2x median), `BUREAU_BB_DPD_RATIO_MEAN` = 5.85 (31.1x median), `BUREAU_DAYS_CREDIT_MEAN` = -2.19 (28.7x median), `YEARS_BIRTH` = -0.99 (28.6x median), `CREDIT_TERM_MONTHS` = -1.30 (27.5x median)","Deviasi fitur > 50x median klaster — kemungkinan kesalahan input/ETL (overflow, salah unit, atau sentinel value tidak ter-handle).",Data Engineering: tambahkan capping rule (Z-score>3 di tahap ingest) untuk mencegah kontaminasi model.
168320,cluster_4,Tipe B - Rare but Valid,"`REGION_RATING_CLIENT_W_CITY` = -2.04 (34.6x median), `POS_MONTHS_COUNT` = -0.57 (16.2x median), `YEARS_BIRTH` = 0.36 (11.8x median), `YEARS_EMPLOYED` = 1.91 (10.1x median), `AMT_ANNUITY` = -1.04 (8.4x median)","Ekstrem secara statistik tapi koheren — kemungkinan tail-end legitimate customer (VHNW, kasus khusus).",Routing: alihkan ke divisi Wealth Management / Priority Banking untuk potensi cross-sell.
168466,cluster_3,Tipe B - Rare but Valid,"`PREV_APPROVAL_RATE` = 0.96 (46.5x median), `CREDIT_TERM_MONTHS` = 1.30 (18.1x median), `BUREAU_ACTIVE_RATIO` = -1.11 (17.7x median), `BUREAU_DAYS_CREDIT_MEAN` = -2.91 (17.2x median), `POS_SK_DPD_MEAN` = 2.53 (12.2x median)","Ekstrem secara statistik tapi koheren — kemungkinan tail-end legitimate customer (VHNW, kasus khusus).",Routing: alihkan ke divisi Wealth Management / Priority Banking untuk potensi cross-sell.
168826,cluster_4,Tipe B - Rare but Valid,"`INST_DPD_MAX` = 3.86 (38.1x median), `CREDIT_TERM_MONTHS` = 1.68 (37.7x median), `POS_MONTHS_COUNT` = 0.80 (20.5x median), `EXT_SOURCE_3` = -2.05 (19.5x median), `POS_SK_DPD_MEAN` = 0.98 (15.0x median)","Ekstrem secara statistik tapi koheren — kemungkinan tail-end legitimate customer (VHNW, kasus khusus).",Routing: alihkan ke divisi Wealth Management / Priority Banking untuk potensi cross-sell.
169184,cluster_4,Tipe B - Rare but Valid,"`CREDIT_TERM_MONTHS` = 1.67 (37.7x median), `REGION_RATING_CLIENT_W_CITY` = 1.92 (34.6x median), `YEARS_BIRTH` = 0.90 (27.9x median), `YEARS_EMPLOYED` = 4.55 (22.7x median), `BUREAU_ACTIVE_RATIO` = 0.99 (17.7x median)","Ekstrem secara statistik tapi koheren — kemungkinan tail-end legitimate customer (VHNW, kasus khusus).",Routing: alihkan ke divisi Wealth Management / Priority Banking untuk potensi cross-sell.
169548,cluster_0,Tipe B - Rare but Valid,"`INST_SEVERE_LATE_RATIO` = 6.21 (37.9x median), `EXT_SOURCE_2` = -2.40 (28.9x median), `BUREAU_ACTIVE_RATIO` = -1.11 (17.7x median), `INST_DPD_MEAN` = 1.40 (13.3x median), `INST_LATE_RATIO` = 3.80 (7.1x median)","Ekstrem secara statistik tapi koheren — kemungkinan tail-end legitimate customer (VHNW, kasus khusus).",Routing: alihkan ke divisi Wealth Management / Priority Banking untuk potensi cross-sell.
169763,cluster_3,Tipe B - Rare but Valid,"`PREV_APPROVAL_RATE` = 0.96 (46.5x median), `EXT_SOURCE_1` = -0.59 (45.0x median), `REGION_RATING_CLIENT_W_CITY` = -2.04 (34.6x median), `BUREAU_ACTIVE_RATIO` = 1.25 (22.2x median), `CREDIT_TERM_MONTHS` = 0.88 (12.6x median)","Ekstrem secara statistik tapi koheren — kemungkinan tail-end legitimate customer (VHNW, kasus khusus).",Routing: alihkan ke divisi Wealth Management / Priority Banking untuk potensi cross-sell.
169818,cluster_4,Tipe B - Rare but Valid,"`POS_MONTHS_COUNT` = 0.97 (24.8x median), `OWN_CAR_AGE` = 6.79 (15.9x median), `BUREAU_COUNT` = 1.36 (8.6x median), `BUREAU_DEBT_TO_CREDIT_RATIO` = 0.64 (7.9x median), `CREDIT_TERM_MONTHS` = 0.21 (5.5x median)","Ekstrem secara statistik tapi koheren — kemungkinan tail-end legitimate customer (VHNW, kasus khusus).",Routing: alihkan ke divisi Wealth Management / Priority Banking untuk potensi cross-sell.
169860,cluster_4,Tipe A - Data Error,"`CC_SK_DPD_MEAN` = 2.78 (56.9x median), `INST_DPD_MAX` = 4.75 (46.6x median), `CREDIT_TERM_MONTHS` = 1.69 (38.1x median), `BUREAU_ACTIVE_RATIO` = 2.03 (35.5x median), `INST_DPD_MEAN` = 1.86 (20.8x median)","Deviasi fitur > 50x median klaster — kemungkinan kesalahan input/ETL (overflow, salah unit, atau sentinel value tidak ter-handle).",Data Engineering: tambahkan capping rule (Z-score>3 di tahap ingest) untuk mencegah kontaminasi model.
170233,cluster_1,Tipe A - Data Error,"`BUREAU_BB_DPD_RATIO_MEAN` = 26.43 (136.9x median), `INST_SEVERE_LATE_RATIO` = 7.05 (42.9x median), `BUREAU_DEBT_TO_CREDIT_RATIO` = 1.98 (39.7x median), `BUREAU_ACTIVE_RATIO` = 2.03 (35.5x median), `REGION_RATING_CLIENT_W_CITY` = -2.04 (34.6x median)","Deviasi fitur > 50x median klaster — kemungkinan kesalahan input/ETL (overflow, salah unit, atau sentinel value tidak ter-handle).",Data Engineering: tambahkan capping rule (Z-score>3 di tahap ingest) untuk mencegah kontaminasi model.
170328,cluster_3,Tipe A - Data Error,"`PREV_APPROVAL_RATE` = -1.74 (86.6x median), `BUREAU_BB_SEVERE_DPD_MEAN` = 2.46 (49.1x median), `BUREAU_BB_DPD_RATIO_MEAN` = 6.59 (34.9x median), `EXT_SOURCE_3` = -1.62 (15.6x median), `BUREAU_ACTIVE_RATIO` = 0.86 (15.5x median)","Deviasi fitur > 50x median klaster — kemungkinan kesalahan input/ETL (overflow, salah unit, atau sentinel value tidak ter-handle).",Data Engineering: tambahkan capping rule (Z-score>3 di tahap ingest) untuk mencegah kontaminasi model.
170339,cluster_1,Tipe B - Rare but Valid,"`REGION_RATING_CLIENT_W_CITY` = -2.04 (34.6x median), `AMT_CREDIT` = -1.01 (30.8x median), `BUREAU_ACTIVE_RATIO` = 0.73 (13.3x median), `AMT_ANNUITY` = -0.53 (9.1x median), `BUREAU_DEBT_TO_CREDIT_RATIO` = 0.38 (8.5x median)","Ekstrem secara statistik tapi koheren — kemungkinan tail-end legitimate customer (VHNW, kasus khusus).",Routing: alihkan ke divisi Wealth Management / Priority Banking untuk potensi cross-sell.
170394,cluster_3,Tipe A - Data Error,"`PREV_APPROVAL_RATE` = -1.24 (62.0x median), `BUREAU_ACTIVE_RATIO` = -1.11 (17.7x median), `ANNUITY_TO_INCOME` = 1.37 (15.7x median), `YEARS_BIRTH` = -1.21 (10.3x median), `BUREAU_DAYS_CREDIT_MEAN` = 1.45 (10.1x median)","Deviasi fitur > 50x median klaster — kemungkinan kesalahan input/ETL (overflow, salah unit, atau sentinel value tidak ter-handle).",Data Engineering: tambahkan capping rule (Z-score>3 di tahap ingest) untuk mencegah kontaminasi model.
171154,cluster_4,Tipe A - Data Error,"`BUREAU_BB_SEVERE_DPD_MEAN` = 7.59 (149.3x median), `BUREAU_BB_DPD_RATIO_MEAN` = 8.85 (46.5x median), `POS_MONTHS_COUNT` = -1.13 (31.3x median), `EXT_SOURCE_3` = -2.14 (20.2x median), `BUREAU_ACTIVE_RATIO` = 0.99 (17.7x median)","Deviasi fitur > 50x median klaster — kemungkinan kesalahan input/ETL (overflow, salah unit, atau sentinel value tidak ter-handle).",Data Engineering: tambahkan capping rule (Z-score>3 di tahap ingest) untuk mencegah kontaminasi model.
171381,cluster_0,Tipe A - Data Error,"`BUREAU_BB_SEVERE_DPD_MEAN` = 3.23 (64.0x median), `BUREAU_BB_DPD_RATIO_MEAN` = 4.79 (25.7x median), `EXT_SOURCE_3` = -2.31 (21.7x median), `INST_SEVERE_LATE_RATIO` = 3.19 (19.9x median), `BUREAU_ACTIVE_RATIO` = 0.46 (8.9x median)","Deviasi fitur > 50x median klaster — kemungkinan kesalahan input/ETL (overflow, salah unit, atau sentinel value tidak ter-handle).",Data Engineering: tambahkan capping rule (Z-score>3 di tahap ingest) untuk mencegah kontaminasi model.
171981,cluster_2,Tipe A - Data Error,"`EXT_SOURCE_1` = 2.04 (150.6x median), `EXT_SOURCE_3` = 1.40 (11.6x median), `AMT_INCOME_TOTAL` = -1.06 (10.7x median), `YEARS_EMPLOYED` = 1.80 (8.9x median), `YEARS_BIRTH` = -0.54 (7.9x median)","Deviasi fitur > 50x median klaster — kemungkinan kesalahan input/ETL (overflow, salah unit, atau sentinel value tidak ter-handle).",Data Engineering: tambahkan capping rule (Z-score>3 di tahap ingest) untuk mencegah kontaminasi model.
172356,cluster_1,Tipe B - Rare but Valid,"`AMT_CREDIT` = 1.16 (37.5x median), `REGION_RATING_CLIENT_W_CITY` = -2.04 (34.6x median), `YEARS_EMPLOYED` = 4.18 (14.1x median), `EXT_SOURCE_3` = -2.27 (12.6x median), `CREDIT_TERM_MONTHS` = 2.15 (12.0x median)","Ekstrem secara statistik tapi koheren — kemungkinan tail-end legitimate customer (VHNW, kasus khusus).",Routing: alihkan ke divisi Wealth Management / Priority Banking untuk potensi cross-sell.
172683,cluster_4,Tipe A - Data Error,"`EXT_SOURCE_1` = -1.37 (102.5x median), `INST_SEVERE_LATE_RATIO` = 5.00 (30.7x median), `POS_MONTHS_COUNT` = -0.81 (22.7x median), `BUREAU_DAYS_CREDIT_MEAN` = 1.45 (20.7x median), `BUREAU_ACTIVE_RATIO` = -1.11 (17.7x median)","Deviasi fitur > 50x median klaster — kemungkinan kesalahan input/ETL (overflow, salah unit, atau sentinel value tidak ter-handle).",Data Engineering: tambahkan capping rule (Z-score>3 di tahap ingest) untuk mencegah kontaminasi model.
172726,cluster_1,Tipe A - Data Error,"`EXT_SOURCE_1` = 2.03 (149.5x median), `REGION_RATING_CLIENT_W_CITY` = -2.04 (34.6x median), `AMT_CREDIT` = 0.52 (17.3x median), `OWN_CAR_AGE` = 6.68 (15.7x median), `AMT_ANNUITY` = 0.64 (8.6x median)","Deviasi fitur > 50x median klaster — kemungkinan kesalahan input/ETL (overflow, salah unit, atau sentinel value tidak ter-handle).",Data Engineering: tambahkan capping rule (Z-score>3 di tahap ingest) untuk mencegah kontaminasi model.
172970,cluster_3,Tipe A - Data Error,"`EXT_SOURCE_1` = 0.88 (64.6x median), `EXT_SOURCE_3` = -2.94 (27.5x median), `POS_SK_DPD_MEAN` = 3.92 (19.4x median), `BUREAU_BB_DPD_RATIO_MEAN` = 2.57 (14.2x median), `CREDIT_TERM_MONTHS` = -0.78 (9.3x median)","Deviasi fitur > 50x median klaster — kemungkinan kesalahan input/ETL (overflow, salah unit, atau sentinel value tidak ter-handle).",Data Engineering: tambahkan capping rule (Z-score>3 di tahap ingest) untuk mencegah kontaminasi model.
173166,cluster_3,Tipe B - Rare but Valid,"`EXT_SOURCE_1` = -0.26 (20.3x median), `AMT_ANNUITY` = 1.64 (17.3x median), `ANNUITY_TO_INCOME` = 1.13 (13.1x median), `EXT_SOURCE_3` = 1.51 (12.6x median), `BUREAU_DAYS_CREDIT_MEAN` = -1.56 (8.7x median)","Ekstrem secara statistik tapi koheren — kemungkinan tail-end legitimate customer (VHNW, kasus khusus).",Routing: alihkan ke divisi Wealth Management / Priority Banking untuk potensi cross-sell.
173274,cluster_4,Tipe A - Data Error,"`EXT_SOURCE_1` = 0.97 (70.8x median), `YEARS_BIRTH` = -1.12 (32.4x median), `BUREAU_ACTIVE_RATIO` = 0.99 (17.7x median), `AMT_REQ_CREDIT_BUREAU_YEAR` = 1.85 (13.9x median), `BUREAU_DEBT_TO_CREDIT_RATIO` = 0.96 (11.3x median)","Deviasi fitur > 50x median klaster — kemungkinan kesalahan input/ETL (overflow, salah unit, atau sentinel value tidak ter-handle).",Data Engineering: tambahkan capping rule (Z-score>3 di tahap ingest) untuk mencegah kontaminasi model.
173635,cluster_4,Tipe A - Data Error,"`BUREAU_BB_SEVERE_DPD_MEAN` = 9.32 (183.0x median), `REGION_RATING_CLIENT_W_CITY` = 1.92 (34.6x median), `BUREAU_BB_DPD_RATIO_MEAN` = 5.47 (29.2x median), `POS_MONTHS_COUNT` = -0.97 (27.0x median), `YEARS_BIRTH` = -0.85 (24.3x median)","Deviasi fitur > 50x median klaster — kemungkinan kesalahan input/ETL (overflow, salah unit, atau sentinel value tidak ter-handle).",Data Engineering: tambahkan capping rule (Z-score>3 di tahap ingest) untuk mencegah kontaminasi model.
173907,cluster_4,Tipe A - Data Error,"`EXT_SOURCE_1` = -2.70 (201.4x median), `YEARS_BIRTH` = -1.28 (37.1x median), `REGION_RATING_CLIENT_W_CITY` = -2.04 (34.6x median), `CREDIT_TERM_MONTHS` = -1.08 (22.7x median), `BUREAU_DAYS_CREDIT_MEAN` = 1.45 (20.7x median)","Deviasi fitur > 50x median klaster — kemungkinan kesalahan input/ETL (overflow, salah unit, atau sentinel value tidak ter-handle).",Data Engineering: tambahkan capping rule (Z-score>3 di tahap ingest) untuk mencegah kontaminasi model.
174773,cluster_1,Tipe A - Data Error,"`EXT_SOURCE_1` = 0.90 (65.7x median), `REGION_RATING_CLIENT_W_CITY` = -2.04 (34.6x median), `AMT_ANNUITY` = 1.02 (14.5x median), `EXT_SOURCE_3` = -1.76 (9.5x median), `BUREAU_DEBT_TO_CREDIT_RATIO` = -0.47 (8.2x median)","Deviasi fitur > 50x median klaster — kemungkinan kesalahan input/ETL (overflow, salah unit, atau sentinel value tidak ter-handle).",Data Engineering: tambahkan capping rule (Z-score>3 di tahap ingest) untuk mencegah kontaminasi model.
174937,cluster_1,Tipe A - Data Error,"`BUREAU_BB_SEVERE_DPD_MEAN` = 15.89 (311.4x median), `BUREAU_BB_DPD_RATIO_MEAN` = 15.71 (81.8x median), `EXT_SOURCE_1` = 0.39 (27.9x median), `INST_SEVERE_LATE_RATIO` = 3.82 (23.7x median), `INST_LATE_RATIO` = 3.52 (22.8x median)","Deviasi fitur > 50x median klaster — kemungkinan kesalahan input/ETL (overflow, salah unit, atau sentinel value tidak ter-handle).",Data Engineering: tambahkan capping rule (Z-score>3 di tahap ingest) untuk mencegah kontaminasi model.
175250,cluster_3,Tipe A - Data Error,"`BUREAU_BB_SEVERE_DPD_MEAN` = 3.95 (78.2x median), `BUREAU_ACTIVE_RATIO` = -1.11 (17.7x median), `CREDIT_TERM_MONTHS` = 1.17 (16.5x median), `PREV_APPROVAL_RATE` = 0.30 (13.9x median), `POS_SK_DPD_MEAN` = 2.41 (11.6x median)","Deviasi fitur > 50x median klaster — kemungkinan kesalahan input/ETL (overflow, salah unit, atau sentinel value tidak ter-handle).",Data Engineering: tambahkan capping rule (Z-score>3 di tahap ingest) untuk mencegah kontaminasi model.
175475,cluster_4,Tipe A - Data Error,"`CC_SK_DPD_MEAN` = 16.23 (327.0x median), `POS_MONTHS_COUNT` = -1.01 (28.1x median), `BUREAU_DAYS_CREDIT_MEAN` = 1.45 (20.7x median), `YEARS_EMPLOYED` = 3.75 (18.9x median), `CREDIT_TERM_MONTHS` = -0.90 (18.8x median)","Deviasi fitur > 50x median klaster — kemungkinan kesalahan input/ETL (overflow, salah unit, atau sentinel value tidak ter-handle).",Data Engineering: tambahkan capping rule (Z-score>3 di tahap ingest) untuk mencegah kontaminasi model.
175681,cluster_4,Tipe B - Rare but Valid,"`CREDIT_TERM_MONTHS` = 1.68 (37.7x median), `REGION_RATING_CLIENT_W_CITY` = -2.04 (34.6x median), `YEARS_BIRTH` = 1.09 (33.5x median), `AMT_INCOME_TOTAL` = 2.47 (21.6x median), `POS_MONTHS_COUNT` = -0.65 (18.4x median)","Ekstrem secara statistik tapi koheren — kemungkinan tail-end legitimate customer (VHNW, kasus khusus).",Routing: alihkan ke divisi Wealth Management / Priority Banking untuk potensi cross-sell.
175797,cluster_4,Tipe A - Data Error,"`POS_MONTHS_COUNT` = 3.87 (102.5x median), `BUREAU_ACTIVE_RATIO` = 2.03 (35.5x median), `AMT_REQ_CREDIT_BUREAU_YEAR` = 3.58 (27.8x median), `AMT_ANNUITY` = -3.60 (26.6x median), `EXT_SOURCE_3` = -1.97 (18.7x median)","Deviasi fitur > 50x median klaster — kemungkinan kesalahan input/ETL (overflow, salah unit, atau sentinel value tidak ter-handle).",Data Engineering: tambahkan capping rule (Z-score>3 di tahap ingest) untuk mencegah kontaminasi model.
176058,cluster_4,Tipe A - Data Error,"`EXT_SOURCE_1` = -1.46 (109.5x median), `YEARS_BIRTH` = -1.52 (44.2x median), `CREDIT_TERM_MONTHS` = 0.92 (21.0x median), `BUREAU_BB_DPD_RATIO_MEAN` = 3.87 (20.9x median), `AMT_INCOME_TOTAL` = 2.31 (20.1x median)","Deviasi fitur > 50x median klaster — kemungkinan kesalahan input/ETL (overflow, salah unit, atau sentinel value tidak ter-handle).",Data Engineering: tambahkan capping rule (Z-score>3 di tahap ingest) untuk mencegah kontaminasi model.
176132,cluster_3,Tipe B - Rare but Valid,"`POS_SK_DPD_MEAN` = 7.05 (35.7x median), `REGION_RATING_CLIENT_W_CITY` = 1.92 (34.6x median), `CREDIT_TERM_MONTHS` = -1.45 (18.1x median), `BUREAU_ACTIVE_RATIO` = -1.11 (17.7x median), `ANNUITY_TO_INCOME` = 1.29 (14.9x median)","Ekstrem secara statistik tapi koheren — kemungkinan tail-end legitimate customer (VHNW, kasus khusus).",Routing: alihkan ke divisi Wealth Management / Priority Banking untuk potensi cross-sell.
176511,cluster_3,Tipe B - Rare but Valid,"`PREV_APPROVAL_RATE` = 0.96 (46.5x median), `POS_SK_DPD_MEAN` = 5.78 (29.1x median), `BUREAU_ACTIVE_RATIO` = -1.11 (17.7x median), `ANNUITY_TO_INCOME` = 1.08 (12.7x median), `BUREAU_DAYS_CREDIT_MEAN` = 1.45 (10.1x median)","Ekstrem secara statistik tapi koheren — kemungkinan tail-end legitimate customer (VHNW, kasus khusus).",Routing: alihkan ke divisi Wealth Management / Priority Banking untuk potensi cross-sell.
176727,cluster_2,Tipe A - Data Error,"`EXT_SOURCE_1` = 2.12 (156.5x median), `REGION_RATING_CLIENT_W_CITY` = 1.92 (34.6x median), `AMT_INCOME_TOTAL` = 2.31 (20.1x median), `EXT_SOURCE_3` = 1.64 (13.7x median), `YEARS_BIRTH` = -0.43 (6.5x median)","Deviasi fitur > 50x median klaster — kemungkinan kesalahan input/ETL (overflow, salah unit, atau sentinel value tidak ter-handle).",Data Engineering: tambahkan capping rule (Z-score>3 di tahap ingest) untuk mencegah kontaminasi model.
177078,cluster_3,Tipe A - Data Error,"`CC_SK_DPD_MEAN` = 19.09 (384.4x median), `PREV_APPROVAL_RATE` = -1.74 (86.6x median), `EXT_SOURCE_1` = -0.60 (45.5x median), `BUREAU_ACTIVE_RATIO` = -1.11 (17.7x median), `CREDIT_TERM_MONTHS` = -1.08 (13.2x median)","Deviasi fitur > 50x median klaster — kemungkinan kesalahan input/ETL (overflow, salah unit, atau sentinel value tidak ter-handle).",Data Engineering: tambahkan capping rule (Z-score>3 di tahap ingest) untuk mencegah kontaminasi model.
177341,cluster_4,Tipe A - Data Error,"`EXT_SOURCE_1` = -1.45 (108.4x median), `YEARS_BIRTH` = -1.68 (49.1x median), `BUREAU_ACTIVE_RATIO` = 2.03 (35.5x median), `REGION_RATING_CLIENT_W_CITY` = 1.92 (34.6x median), `CREDIT_TERM_MONTHS` = -1.62 (34.4x median)","Deviasi fitur > 50x median klaster — kemungkinan kesalahan input/ETL (overflow, salah unit, atau sentinel value tidak ter-handle).",Data Engineering: tambahkan capping rule (Z-score>3 di tahap ingest) untuk mencegah kontaminasi model.
177439,cluster_1,Tipe A - Data Error,"`EXT_SOURCE_1` = 2.71 (200.6x median), `INST_LATE_RATIO` = 2.82 (18.4x median), `BUREAU_COUNT` = 3.34 (11.8x median), `EXT_SOURCE_3` = -2.09 (11.5x median), `YEARS_EMPLOYED` = 3.17 (10.9x median)","Deviasi fitur > 50x median klaster — kemungkinan kesalahan input/ETL (overflow, salah unit, atau sentinel value tidak ter-handle).",Data Engineering: tambahkan capping rule (Z-score>3 di tahap ingest) untuk mencegah kontaminasi model.
177447,cluster_4,Tipe B - Rare but Valid,"`REGION_RATING_CLIENT_W_CITY` = 1.92 (34.6x median), `YEARS_BIRTH` = -1.08 (31.2x median), `EXT_SOURCE_1` = -0.29 (22.3x median), `AMT_ANNUITY` = 1.68 (11.0x median), `CREDIT_TERM_MONTHS` = 0.45 (10.8x median)","Ekstrem secara statistik tapi koheren — kemungkinan tail-end legitimate customer (VHNW, kasus khusus).",Routing: alihkan ke divisi Wealth Management / Priority Banking untuk potensi cross-sell.
177542,cluster_4,Tipe B - Rare but Valid,"`REGION_RATING_CLIENT_W_CITY` = -2.04 (34.6x median), `CREDIT_TERM_MONTHS` = -0.94 (19.7x median), `POS_MONTHS_COUNT` = 0.72 (18.4x median), `YEARS_BIRTH` = 0.41 (13.3x median), `EXT_SOURCE_3` = -1.19 (11.7x median)","Ekstrem secara statistik tapi koheren — kemungkinan tail-end legitimate customer (VHNW, kasus khusus).",Routing: alihkan ke divisi Wealth Management / Priority Banking untuk potensi cross-sell.
177790,cluster_3,Tipe B - Rare but Valid,"`PREV_APPROVAL_RATE` = 0.96 (46.5x median), `REGION_RATING_CLIENT_W_CITY` = 1.92 (34.6x median), `CREDIT_TERM_MONTHS` = 1.67 (23.0x median), `EXT_SOURCE_1` = -0.29 (22.3x median), `BUREAU_COUNT` = 1.80 (11.0x median)","Ekstrem secara statistik tapi koheren — kemungkinan tail-end legitimate customer (VHNW, kasus khusus).",Routing: alihkan ke divisi Wealth Management / Priority Banking untuk potensi cross-sell.
178300,cluster_3,Tipe A - Data Error,"`EXT_SOURCE_1` = 0.78 (56.6x median), `PREV_APPROVAL_RATE` = -0.69 (34.9x median), `EXT_SOURCE_3` = -2.03 (19.2x median), `BUREAU_ACTIVE_RATIO` = 0.89 (16.1x median), `EXT_SOURCE_2` = -1.60 (8.9x median)","Deviasi fitur > 50x median klaster — kemungkinan kesalahan input/ETL (overflow, salah unit, atau sentinel value tidak ter-handle).",Data Engineering: tambahkan capping rule (Z-score>3 di tahap ingest) untuk mencegah kontaminasi model.
178837,cluster_1,Tipe B - Rare but Valid,"`BUREAU_ACTIVE_RATIO` = 2.03 (35.5x median), `AMT_CREDIT` = -0.73 (21.8x median), `EXT_SOURCE_1` = 0.24 (16.7x median), `AMT_ANNUITY` = -0.83 (13.6x median), `BUREAU_DEBT_TO_CREDIT_RATIO` = -0.59 (10.5x median)","Ekstrem secara statistik tapi koheren — kemungkinan tail-end legitimate customer (VHNW, kasus khusus).",Routing: alihkan ke divisi Wealth Management / Priority Banking untuk potensi cross-sell.
179673,cluster_3,Tipe A - Data Error,"`CC_SK_DPD_MEAN` = 7.96 (161.0x median), `PREV_APPROVAL_RATE` = -1.02 (51.1x median), `REGION_RATING_CLIENT_W_CITY` = -2.04 (34.6x median), `BUREAU_BB_DPD_RATIO_MEAN` = 2.80 (15.4x median), `EXT_SOURCE_3` = -0.88 (8.9x median)","Deviasi fitur > 50x median klaster — kemungkinan kesalahan input/ETL (overflow, salah unit, atau sentinel value tidak ter-handle).",Data Engineering: tambahkan capping rule (Z-score>3 di tahap ingest) untuk mencegah kontaminasi model.
179692,cluster_4,Tipe A - Data Error,"`EXT_SOURCE_1` = 2.41 (177.7x median), `YEARS_BIRTH` = 0.89 (27.5x median), `POS_MONTHS_COUNT` = 0.72 (18.4x median), `BUREAU_COUNT` = 2.02 (12.2x median), `YEARS_EMPLOYED` = 1.89 (10.0x median)","Deviasi fitur > 50x median klaster — kemungkinan kesalahan input/ETL (overflow, salah unit, atau sentinel value tidak ter-handle).",Data Engineering: tambahkan capping rule (Z-score>3 di tahap ingest) untuk mencegah kontaminasi model.
179847,cluster_2,Tipe A - Data Error,"`EXT_SOURCE_1` = -1.26 (94.6x median), `REGION_RATING_CLIENT_W_CITY` = 1.92 (34.6x median), `YEARS_BIRTH` = -1.07 (14.9x median), `BUREAU_ACTIVE_RATIO` = 1.41 (9.6x median), `CNT_CHILDREN` = 3.60 (7.2x median)","Deviasi fitur > 50x median klaster — kemungkinan kesalahan input/ETL (overflow, salah unit, atau sentinel value tidak ter-handle).",Data Engineering: tambahkan capping rule (Z-score>3 di tahap ingest) untuk mencegah kontaminasi model.
179888,cluster_4,Tipe A - Data Error,"`POS_MONTHS_COUNT` = 2.46 (64.8x median), `AMT_REQ_CREDIT_BUREAU_YEAR` = 2.43 (18.5x median), `CREDIT_TERM_MONTHS` = 0.52 (12.4x median), `BUREAU_DEBT_TO_CREDIT_RATIO` = 1.01 (11.9x median), `BUREAU_ACTIVE_RATIO` = 0.46 (8.9x median)","Deviasi fitur > 50x median klaster — kemungkinan kesalahan input/ETL (overflow, salah unit, atau sentinel value tidak ter-handle).",Data Engineering: tambahkan capping rule (Z-score>3 di tahap ingest) untuk mencegah kontaminasi model.
180228,cluster_0,Tipe B - Rare but Valid,"`EXT_SOURCE_3` = -1.89 (18.0x median), `OWN_CAR_AGE` = 6.68 (15.7x median), `INST_LATE_RATIO` = 8.23 (14.1x median), `AMT_INCOME_TOTAL` = -1.66 (6.8x median), `EXT_SOURCE_2` = 0.55 (5.4x median)","Ekstrem secara statistik tapi koheren — kemungkinan tail-end legitimate customer (VHNW, kasus khusus).",Routing: alihkan ke divisi Wealth Management / Priority Banking untuk potensi cross-sell.
180398,cluster_0,Tipe B - Rare but Valid,"`EXT_SOURCE_1` = 0.40 (28.7x median), `BUREAU_DAYS_CREDIT_MEAN` = -1.72 (7.5x median), `EXT_SOURCE_3` = 0.81 (6.2x median), `BUREAU_ACTIVE_RATIO` = -0.41 (5.9x median), `POS_MONTHS_COUNT` = 1.69 (4.5x median)","Ekstrem secara statistik tapi koheren — kemungkinan tail-end legitimate customer (VHNW, kasus khusus).",Routing: alihkan ke divisi Wealth Management / Priority Banking untuk potensi cross-sell.
180575,cluster_4,Tipe A - Data Error,"`EXT_SOURCE_1` = 2.00 (147.6x median), `POS_MONTHS_COUNT` = 1.93 (50.7x median), `CREDIT_TERM_MONTHS` = 1.88 (42.1x median), `REGION_RATING_CLIENT_W_CITY` = -2.04 (34.6x median), `BUREAU_COUNT` = 4.66 (26.9x median)","Deviasi fitur > 50x median klaster — kemungkinan kesalahan input/ETL (overflow, salah unit, atau sentinel value tidak ter-handle).",Data Engineering: tambahkan capping rule (Z-score>3 di tahap ingest) untuk mencegah kontaminasi model.
180690,cluster_4,Tipe A - Data Error,"`BUREAU_BB_SEVERE_DPD_MEAN` = 33.81 (661.3x median), `POS_MONTHS_COUNT` = 3.51 (92.8x median), `BUREAU_BB_DPD_RATIO_MEAN` = 15.95 (83.0x median), `YEARS_BIRTH` = -1.42 (41.4x median), `REGION_RATING_CLIENT_W_CITY` = -2.04 (34.6x median)","Deviasi fitur > 50x median klaster — kemungkinan kesalahan input/ETL (overflow, salah unit, atau sentinel value tidak ter-handle).",Data Engineering: tambahkan capping rule (Z-score>3 di tahap ingest) untuk mencegah kontaminasi model.
181203,cluster_4,Tipe A - Data Error,"`EXT_SOURCE_1` = -0.95 (71.7x median), `POS_MONTHS_COUNT` = 2.42 (63.7x median), `BUREAU_ACTIVE_RATIO` = 2.03 (35.5x median), `BUREAU_DAYS_CREDIT_MEAN` = 1.23 (17.7x median), `BUREAU_DEBT_TO_CREDIT_RATIO` = 1.53 (17.5x median)","Deviasi fitur > 50x median klaster — kemungkinan kesalahan input/ETL (overflow, salah unit, atau sentinel value tidak ter-handle).",Data Engineering: tambahkan capping rule (Z-score>3 di tahap ingest) untuk mencegah kontaminasi model.
181342,cluster_3,Tipe A - Data Error,"`PREV_APPROVAL_RATE` = -1.02 (51.1x median), `POS_SK_DPD_MEAN` = 9.56 (48.9x median), `AMT_ANNUITY` = 2.39 (25.7x median), `EXT_SOURCE_3` = 1.29 (10.6x median), `AMT_INCOME_TOTAL` = 2.01 (10.4x median)","Deviasi fitur > 50x median klaster — kemungkinan kesalahan input/ETL (overflow, salah unit, atau sentinel value tidak ter-handle).",Data Engineering: tambahkan capping rule (Z-score>3 di tahap ingest) untuk mencegah kontaminasi model.
181464,cluster_4,Tipe A - Data Error,"`POS_MONTHS_COUNT` = 4.31 (114.4x median), `EXT_SOURCE_1` = 1.39 (102.4x median), `BUREAU_COUNT` = 5.76 (33.0x median), `YEARS_BIRTH` = 0.95 (29.2x median), `AMT_INCOME_TOTAL` = 1.59 (13.5x median)","Deviasi fitur > 50x median klaster — kemungkinan kesalahan input/ETL (overflow, salah unit, atau sentinel value tidak ter-handle).",Data Engineering: tambahkan capping rule (Z-score>3 di tahap ingest) untuk mencegah kontaminasi model.
181554,cluster_2,Tipe C - Risk Signal,"`REGION_RATING_CLIENT_W_CITY` = 1.92 (34.6x median), `AMT_INCOME_TOTAL` = -1.96 (19.0x median), `BUREAU_COUNT` = 1.58 (9.8x median), `ANNUITY_TO_INCOME` = 3.60 (8.1x median), `CREDIT_TO_INCOME` = 4.66 (7.7x median)","Kombinasi finansial kontradiktif (mis. rasio cicilan/pendapatan ekstrem, income rendah + credit besar, atau skor eksternal tinggi di cluster bermasalah).","Underwriting: matikan auto-approve, wajibkan manual review oleh underwriter senior + verifikasi pendapatan fisik."
181658,cluster_3,Tipe B - Rare but Valid,"`PREV_APPROVAL_RATE` = 0.49 (23.2x median), `BUREAU_ACTIVE_RATIO` = -1.11 (17.7x median), `BUREAU_DAYS_CREDIT_MEAN` = -2.45 (14.3x median), `EXT_SOURCE_3` = 1.66 (13.9x median), `CC_UTILIZATION_MEAN` = 3.83 (10.4x median)","Ekstrem secara statistik tapi koheren — kemungkinan tail-end legitimate customer (VHNW, kasus khusus).",Routing: alihkan ke divisi Wealth Management / Priority Banking untuk potensi cross-sell.
181982,cluster_1,Tipe A - Data Error,"`EXT_SOURCE_1` = 2.15 (158.9x median), `AMT_CREDIT` = -1.85 (57.0x median), `REGION_RATING_CLIENT_W_CITY` = -2.04 (34.6x median), `AMT_ANNUITY` = -1.83 (28.7x median), `YEARS_BIRTH` = 1.86 (6.5x median)","Deviasi fitur > 50x median klaster — kemungkinan kesalahan input/ETL (overflow, salah unit, atau sentinel value tidak ter-handle).",Data Engineering: tambahkan capping rule (Z-score>3 di tahap ingest) untuk mencegah kontaminasi model.
182191,cluster_0,Tipe B - Rare but Valid,"`REGION_RATING_CLIENT_W_CITY` = -2.04 (34.6x median), `EXT_SOURCE_3` = -2.47 (23.2x median), `BUREAU_ACTIVE_RATIO` = 0.99 (17.7x median), `OWN_CAR_AGE` = 6.68 (15.7x median), `EXT_SOURCE_2` = -1.05 (13.3x median)","Ekstrem secara statistik tapi koheren — kemungkinan tail-end legitimate customer (VHNW, kasus khusus).",Routing: alihkan ke divisi Wealth Management / Priority Banking untuk potensi cross-sell.
182246,cluster_3,Tipe A - Data Error,"`CC_SK_DPD_MEAN` = 15.45 (311.3x median), `PREV_APPROVAL_RATE` = -2.34 (116.2x median), `REGION_RATING_CLIENT_W_CITY` = 1.92 (34.6x median), `CREDIT_TERM_MONTHS` = 0.84 (12.1x median), `AMT_ANNUITY` = -0.99 (12.1x median)","Deviasi fitur > 50x median klaster — kemungkinan kesalahan input/ETL (overflow, salah unit, atau sentinel value tidak ter-handle).",Data Engineering: tambahkan capping rule (Z-score>3 di tahap ingest) untuk mencegah kontaminasi model.
182380,cluster_4,Tipe B - Rare but Valid,"`REGION_RATING_CLIENT_W_CITY` = -2.04 (34.6x median), `YEARS_BIRTH` = 0.78 (24.3x median), `EXT_SOURCE_3` = -2.33 (21.9x median), `BUREAU_ACTIVE_RATIO` = 1.09 (19.5x median), `AMT_INCOME_TOTAL` = 2.08 (18.1x median)","Ekstrem secara statistik tapi koheren — kemungkinan tail-end legitimate customer (VHNW, kasus khusus).",Routing: alihkan ke divisi Wealth Management / Priority Banking untuk potensi cross-sell.
182753,cluster_3,Tipe A - Data Error,"`BUREAU_BB_SEVERE_DPD_MEAN` = 11.12 (218.2x median), `POS_SK_DPD_MEAN` = 24.16 (125.0x median), `PREV_APPROVAL_RATE` = -2.34 (116.2x median), `BUREAU_BB_DPD_RATIO_MEAN` = 8.33 (43.8x median), `BUREAU_ACTIVE_RATIO` = 2.03 (35.5x median)","Deviasi fitur > 50x median klaster — kemungkinan kesalahan input/ETL (overflow, salah unit, atau sentinel value tidak ter-handle).",Data Engineering: tambahkan capping rule (Z-score>3 di tahap ingest) untuk mencegah kontaminasi model.
182895,cluster_3,Tipe A - Data Error,"`PREV_APPROVAL_RATE` = -1.60 (80.0x median), `CREDIT_TERM_MONTHS` = 2.17 (29.7x median), `BUREAU_ACTIVE_RATIO` = -1.11 (17.7x median), `BUREAU_DAYS_CREDIT_MEAN` = -2.57 (15.1x median), `AMT_ANNUITY` = -1.24 (14.8x median)","Deviasi fitur > 50x median klaster — kemungkinan kesalahan input/ETL (overflow, salah unit, atau sentinel value tidak ter-handle).",Data Engineering: tambahkan capping rule (Z-score>3 di tahap ingest) untuk mencegah kontaminasi model.
183092,cluster_0,Tipe A - Data Error,"`EXT_SOURCE_1` = -1.03 (77.5x median), `INST_SEVERE_LATE_RATIO` = 4.97 (30.6x median), `BUREAU_ACTIVE_RATIO` = -1.11 (17.7x median), `AMT_INCOME_TOTAL` = -1.66 (6.8x median), `INST_DPD_MEAN` = 0.65 (6.7x median)","Deviasi fitur > 50x median klaster — kemungkinan kesalahan input/ETL (overflow, salah unit, atau sentinel value tidak ter-handle).",Data Engineering: tambahkan capping rule (Z-score>3 di tahap ingest) untuk mencegah kontaminasi model.
183100,cluster_3,Tipe A - Data Error,"`CC_SK_DPD_MEAN` = 8.04 (162.4x median), `PREV_APPROVAL_RATE` = 0.96 (46.5x median), `BUREAU_ACTIVE_RATIO` = -1.11 (17.7x median), `CREDIT_TERM_MONTHS` = -1.38 (17.2x median), `BUREAU_DAYS_CREDIT_MEAN` = 1.45 (10.1x median)","Deviasi fitur > 50x median klaster — kemungkinan kesalahan input/ETL (overflow, salah unit, atau sentinel value tidak ter-handle).",Data Engineering: tambahkan capping rule (Z-score>3 di tahap ingest) untuk mencegah kontaminasi model.
183782,cluster_4,Tipe B - Rare but Valid,"`CREDIT_TERM_MONTHS` = 1.68 (37.8x median), `AMT_REQ_CREDIT_BUREAU_YEAR` = 1.85 (13.9x median), `PREV_APPROVAL_RATE` = -1.56 (10.4x median), `PREV_COUNT` = 2.90 (8.4x median), `EXT_SOURCE_3` = 1.03 (8.3x median)","Ekstrem secara statistik tapi koheren — kemungkinan tail-end legitimate customer (VHNW, kasus khusus).",Routing: alihkan ke divisi Wealth Management / Priority Banking untuk potensi cross-sell.
183918,cluster_4,Tipe A - Data Error,"`EXT_SOURCE_1` = 1.23 (90.1x median), `REGION_RATING_CLIENT_W_CITY` = -2.04 (34.6x median), `POS_MONTHS_COUNT` = 1.21 (31.3x median), `BUREAU_ACTIVE_RATIO` = 0.99 (17.7x median), `AMT_REQ_CREDIT_BUREAU_YEAR` = 1.85 (13.9x median)","Deviasi fitur > 50x median klaster — kemungkinan kesalahan input/ETL (overflow, salah unit, atau sentinel value tidak ter-handle).",Data Engineering: tambahkan capping rule (Z-score>3 di tahap ingest) untuk mencegah kontaminasi model.
184010,cluster_3,Tipe A - Data Error,"`EXT_SOURCE_1` = -1.03 (77.5x median), `PREV_APPROVAL_RATE` = -1.40 (69.7x median), `BUREAU_ACTIVE_RATIO` = 2.03 (35.5x median), `ANNUITY_TO_INCOME` = 1.36 (15.6x median), `BUREAU_BB_DPD_RATIO_MEAN` = 2.47 (13.7x median)","Deviasi fitur > 50x median klaster — kemungkinan kesalahan input/ETL (overflow, salah unit, atau sentinel value tidak ter-handle).",Data Engineering: tambahkan capping rule (Z-score>3 di tahap ingest) untuk mencegah kontaminasi model.
184014,cluster_1,Tipe A - Data Error,"`BUREAU_BB_SEVERE_DPD_MEAN` = 11.51 (225.7x median), `BUREAU_BB_DPD_RATIO_MEAN` = 9.24 (48.5x median), `YEARS_EMPLOYED` = 3.68 (12.5x median), `BUREAU_DEBT_TO_CREDIT_RATIO` = -0.59 (10.5x median), `BUREAU_ACTIVE_RATIO` = 0.46 (8.9x median)","Deviasi fitur > 50x median klaster — kemungkinan kesalahan input/ETL (overflow, salah unit, atau sentinel value tidak ter-handle).",Data Engineering: tambahkan capping rule (Z-score>3 di tahap ingest) untuk mencegah kontaminasi model.
184253,cluster_1,Tipe A - Data Error,"`EXT_SOURCE_1` = 1.85 (136.7x median), `AMT_CREDIT` = 0.52 (17.3x median), `INST_LATE_RATIO` = 2.64 (17.3x median), `BUREAU_ACTIVE_RATIO` = 0.69 (12.7x median), `PREV_REFUSED_COUNT` = 6.23 (8.4x median)","Deviasi fitur > 50x median klaster — kemungkinan kesalahan input/ETL (overflow, salah unit, atau sentinel value tidak ter-handle).",Data Engineering: tambahkan capping rule (Z-score>3 di tahap ingest) untuk mencegah kontaminasi model.
184730,cluster_4,Tipe B - Rare but Valid,"`BUREAU_BB_DPD_RATIO_MEAN` = 5.64 (30.0x median), `YEARS_BIRTH` = -0.92 (26.3x median), `AMT_REQ_CREDIT_BUREAU_YEAR` = 1.85 (13.9x median), `EXT_SOURCE_3` = -0.79 (8.1x median), `PREV_APPROVAL_RATE` = -1.24 (8.0x median)","Ekstrem secara statistik tapi koheren — kemungkinan tail-end legitimate customer (VHNW, kasus khusus).",Routing: alihkan ke divisi Wealth Management / Priority Banking untuk potensi cross-sell.
185509,cluster_4,Tipe B - Rare but Valid,"`EXT_SOURCE_1` = 0.53 (38.4x median), `CREDIT_TERM_MONTHS` = 1.70 (38.1x median), `YEARS_BIRTH` = -0.95 (27.4x median), `BUREAU_ACTIVE_RATIO` = -1.11 (17.7x median), `BUREAU_DAYS_CREDIT_MEAN` = 0.96 (14.0x median)","Ekstrem secara statistik tapi koheren — kemungkinan tail-end legitimate customer (VHNW, kasus khusus).",Routing: alihkan ke divisi Wealth Management / Priority Banking untuk potensi cross-sell.
185767,cluster_3,Tipe B - Rare but Valid,"`PREV_APPROVAL_RATE` = 0.96 (46.5x median), `REGION_RATING_CLIENT_W_CITY` = 1.92 (34.6x median), `CC_SK_DPD_MEAN` = 0.88 (18.7x median), `CC_MONTHS_COUNT` = 3.41 (8.8x median), `ANNUITY_TO_INCOME` = 0.69 (8.4x median)","Ekstrem secara statistik tapi koheren — kemungkinan tail-end legitimate customer (VHNW, kasus khusus).",Routing: alihkan ke divisi Wealth Management / Priority Banking untuk potensi cross-sell.
185927,cluster_4,Tipe A - Data Error,"`BUREAU_BB_SEVERE_DPD_MEAN` = 4.74 (93.5x median), `REGION_RATING_CLIENT_W_CITY` = -2.04 (34.6x median), `CREDIT_TERM_MONTHS` = -1.62 (34.5x median), `EXT_SOURCE_3` = -2.23 (21.1x median), `BUREAU_BB_DPD_RATIO_MEAN` = 3.75 (20.3x median)","Deviasi fitur > 50x median klaster — kemungkinan kesalahan input/ETL (overflow, salah unit, atau sentinel value tidak ter-handle).",Data Engineering: tambahkan capping rule (Z-score>3 di tahap ingest) untuk mencegah kontaminasi model.
186204,cluster_0,Tipe B - Rare but Valid,"`BUREAU_ACTIVE_RATIO` = -1.11 (17.7x median), `YEARS_EMPLOYED` = 4.59 (12.0x median), `AMT_INCOME_TOTAL` = 1.56 (8.3x median), `EXT_SOURCE_2` = 0.71 (7.2x median), `BUREAU_DAYS_CREDIT_MEAN` = 1.45 (4.5x median)","Ekstrem secara statistik tapi koheren — kemungkinan tail-end legitimate customer (VHNW, kasus khusus).",Routing: alihkan ke divisi Wealth Management / Priority Banking untuk potensi cross-sell.
186214,cluster_3,Tipe A - Data Error,"`CC_SK_DPD_MEAN` = 14.73 (296.9x median), `PREV_APPROVAL_RATE` = -0.69 (34.9x median), `CREDIT_TERM_MONTHS` = 1.66 (22.9x median), `BUREAU_COUNT` = 2.68 (15.9x median), `EXT_SOURCE_2` = -2.35 (12.7x median)","Deviasi fitur > 50x median klaster — kemungkinan kesalahan input/ETL (overflow, salah unit, atau sentinel value tidak ter-handle).",Data Engineering: tambahkan capping rule (Z-score>3 di tahap ingest) untuk mencegah kontaminasi model.
186318,cluster_2,Tipe B - Rare but Valid,"`INST_DPD_MAX` = 3.10 (20.3x median), `YEARS_EMPLOYED` = 3.60 (16.8x median), `INST_SEVERE_LATE_RATIO` = 2.43 (15.5x median), `INST_DPD_MEAN` = 1.60 (15.0x median), `BUREAU_DAYS_CREDIT_MEAN` = 1.45 (11.5x median)","Ekstrem secara statistik tapi koheren — kemungkinan tail-end legitimate customer (VHNW, kasus khusus).",Routing: alihkan ke divisi Wealth Management / Priority Banking untuk potensi cross-sell.
186394,cluster_3,Tipe A - Data Error,"`POS_SK_DPD_MEAN` = 24.59 (127.2x median), `PREV_APPROVAL_RATE` = -2.34 (116.2x median), `CREDIT_TERM_MONTHS` = -1.38 (17.2x median), `BUREAU_ACTIVE_RATIO` = -0.66 (10.1x median), `EXT_SOURCE_3` = 1.19 (9.7x median)","Deviasi fitur > 50x median klaster — kemungkinan kesalahan input/ETL (overflow, salah unit, atau sentinel value tidak ter-handle).",Data Engineering: tambahkan capping rule (Z-score>3 di tahap ingest) untuk mencegah kontaminasi model.
186408,cluster_1,Tipe B - Rare but Valid,"`BUREAU_DEBT_TO_CREDIT_RATIO` = 1.73 (34.9x median), `YEARS_EMPLOYED` = 2.68 (9.4x median), `CC_MONTHS_COUNT` = 3.53 (9.1x median), `BUREAU_ACTIVE_RATIO` = 0.46 (8.9x median), `AMT_CREDIT` = 0.21 (7.6x median)","Ekstrem secara statistik tapi koheren — kemungkinan tail-end legitimate customer (VHNW, kasus khusus).",Routing: alihkan ke divisi Wealth Management / Priority Banking untuk potensi cross-sell.
186558,cluster_3,Tipe B - Rare but Valid,"`PREV_APPROVAL_RATE` = 0.96 (46.5x median), `POS_SK_DPD_MEAN` = 7.59 (38.6x median), `REGION_RATING_CLIENT_W_CITY` = 1.92 (34.6x median), `CREDIT_TERM_MONTHS` = -1.51 (18.9x median), `BUREAU_ACTIVE_RATIO` = -1.11 (17.7x median)","Ekstrem secara statistik tapi koheren — kemungkinan tail-end legitimate customer (VHNW, kasus khusus).",Routing: alihkan ke divisi Wealth Management / Priority Banking untuk potensi cross-sell.
187053,cluster_4,Tipe B - Rare but Valid,"`REGION_RATING_CLIENT_W_CITY` = -2.04 (34.6x median), `CREDIT_TERM_MONTHS` = -1.07 (22.5x median), `BUREAU_DAYS_CREDIT_MEAN` = 1.45 (20.7x median), `POS_MONTHS_COUNT` = 0.80 (20.5x median), `YEARS_BIRTH` = -0.72 (20.4x median)","Ekstrem secara statistik tapi koheren — kemungkinan tail-end legitimate customer (VHNW, kasus khusus).",Routing: alihkan ke divisi Wealth Management / Priority Banking untuk potensi cross-sell.
187456,cluster_1,Tipe B - Rare but Valid,"`BUREAU_DEBT_TO_CREDIT_RATIO` = 0.86 (17.8x median), `AMT_CREDIT` = 0.52 (17.3x median), `BUREAU_ACTIVE_RATIO` = 0.86 (15.5x median), `EXT_SOURCE_3` = -2.39 (13.3x median), `CREDIT_TERM_MONTHS` = 1.97 (11.1x median)","Ekstrem secara statistik tapi koheren — kemungkinan tail-end legitimate customer (VHNW, kasus khusus).",Routing: alihkan ke divisi Wealth Management / Priority Banking untuk potensi cross-sell.
188002,cluster_4,Tipe A - Data Error,"`CC_SK_DPD_MEAN` = 9.73 (196.4x median), `EXT_SOURCE_1` = -2.07 (155.0x median), `CREDIT_TERM_MONTHS` = 1.68 (37.7x median), `POS_MONTHS_COUNT` = 1.01 (25.9x median), `YEARS_BIRTH` = -0.90 (25.8x median)","Deviasi fitur > 50x median klaster — kemungkinan kesalahan input/ETL (overflow, salah unit, atau sentinel value tidak ter-handle).",Data Engineering: tambahkan capping rule (Z-score>3 di tahap ingest) untuk mencegah kontaminasi model.
188157,cluster_4,Tipe B - Rare but Valid,"`EXT_SOURCE_1` = -0.48 (36.9x median), `YEARS_BIRTH` = -0.94 (27.0x median), `BUREAU_DAYS_CREDIT_MEAN` = -0.92 (11.5x median), `BUREAU_ACTIVE_RATIO` = 0.46 (8.9x median), `AMT_INCOME_TOTAL` = 0.86 (6.8x median)","Ekstrem secara statistik tapi koheren — kemungkinan tail-end legitimate customer (VHNW, kasus khusus).",Routing: alihkan ke divisi Wealth Management / Priority Banking untuk potensi cross-sell.
188184,cluster_4,Tipe B - Rare but Valid,"`YEARS_BIRTH` = -1.18 (34.1x median), `CREDIT_TERM_MONTHS` = -1.56 (33.2x median), `POS_MONTHS_COUNT` = 1.25 (32.4x median), `AMT_INCOME_TOTAL` = 2.47 (21.6x median), `BUREAU_COUNT` = 2.46 (14.7x median)","Ekstrem secara statistik tapi koheren — kemungkinan tail-end legitimate customer (VHNW, kasus khusus).",Routing: alihkan ke divisi Wealth Management / Priority Banking untuk potensi cross-sell.
188427,cluster_4,Tipe A - Data Error,"`EXT_SOURCE_1` = 2.00 (147.2x median), `INST_DPD_MAX` = 5.75 (56.2x median), `POS_MONTHS_COUNT` = 1.77 (46.4x median), `YEARS_BIRTH` = 0.84 (26.0x median), `BUREAU_DAYS_CREDIT_MEAN` = -1.50 (19.3x median)","Deviasi fitur > 50x median klaster — kemungkinan kesalahan input/ETL (overflow, salah unit, atau sentinel value tidak ter-handle).",Data Engineering: tambahkan capping rule (Z-score>3 di tahap ingest) untuk mencegah kontaminasi model.
188477,cluster_1,Tipe A - Data Error,"`AMT_CREDIT` = -2.24 (69.2x median), `AMT_ANNUITY` = -1.59 (25.1x median), `BUREAU_ACTIVE_RATIO` = -1.11 (17.7x median), `BUREAU_DEBT_TO_CREDIT_RATIO` = -0.59 (10.5x median), `BUREAU_DAYS_CREDIT_MEAN` = 1.45 (9.2x median)","Deviasi fitur > 50x median klaster — kemungkinan kesalahan input/ETL (overflow, salah unit, atau sentinel value tidak ter-handle).",Data Engineering: tambahkan capping rule (Z-score>3 di tahap ingest) untuk mencegah kontaminasi model.
188627,cluster_3,Tipe A - Data Error,"`CC_SK_DPD_MEAN` = 7.55 (152.7x median), `REGION_RATING_CLIENT_W_CITY` = 1.92 (34.6x median), `CREDIT_TERM_MONTHS` = 1.68 (23.1x median), `BUREAU_ACTIVE_RATIO` = 0.64 (11.8x median), `PREV_APPROVAL_RATE` = -0.14 (7.7x median)","Deviasi fitur > 50x median klaster — kemungkinan kesalahan input/ETL (overflow, salah unit, atau sentinel value tidak ter-handle).",Data Engineering: tambahkan capping rule (Z-score>3 di tahap ingest) untuk mencegah kontaminasi model.
189049,cluster_2,Tipe A - Data Error,"`EXT_SOURCE_1` = 1.76 (129.7x median), `EXT_SOURCE_3` = -2.41 (22.6x median), `BUREAU_DAYS_CREDIT_MEAN` = 1.20 (9.7x median), `BUREAU_ACTIVE_RATIO` = 1.25 (8.6x median), `ANNUITY_TO_INCOME` = 3.37 (7.5x median)","Deviasi fitur > 50x median klaster — kemungkinan kesalahan input/ETL (overflow, salah unit, atau sentinel value tidak ter-handle).",Data Engineering: tambahkan capping rule (Z-score>3 di tahap ingest) untuk mencegah kontaminasi model.
189092,cluster_3,Tipe A - Data Error,"`POS_SK_DPD_MEAN` = 15.71 (80.9x median), `BUREAU_ACTIVE_RATIO` = 2.03 (35.5x median), `AMT_ANNUITY` = -1.37 (16.3x median), `YEARS_BIRTH` = 1.96 (14.1x median), `EXT_SOURCE_3` = -1.16 (11.4x median)","Deviasi fitur > 50x median klaster — kemungkinan kesalahan input/ETL (overflow, salah unit, atau sentinel value tidak ter-handle).",Data Engineering: tambahkan capping rule (Z-score>3 di tahap ingest) untuk mencegah kontaminasi model.
189094,cluster_4,Tipe B - Rare but Valid,"`CREDIT_TERM_MONTHS` = 1.28 (29.1x median), `INST_SEVERE_LATE_RATIO` = 3.82 (23.7x median), `INST_DPD_MAX` = 1.35 (14.0x median), `BUREAU_COUNT` = 1.80 (11.0x median), `INST_DPD_MEAN` = 0.83 (9.8x median)","Ekstrem secara statistik tapi koheren — kemungkinan tail-end legitimate customer (VHNW, kasus khusus).",Routing: alihkan ke divisi Wealth Management / Priority Banking untuk potensi cross-sell.
189184,cluster_3,Tipe A - Data Error,"`PREV_APPROVAL_RATE` = -1.02 (51.1x median), `POS_SK_DPD_MEAN` = 9.91 (50.7x median), `EXT_SOURCE_1` = 0.46 (33.4x median), `BUREAU_COUNT` = 3.12 (18.3x median), `EXT_SOURCE_3` = 1.39 (11.4x median)","Deviasi fitur > 50x median klaster — kemungkinan kesalahan input/ETL (overflow, salah unit, atau sentinel value tidak ter-handle).",Data Engineering: tambahkan capping rule (Z-score>3 di tahap ingest) untuk mencegah kontaminasi model.
189261,cluster_3,Tipe A - Data Error,"`EXT_SOURCE_1` = 1.93 (142.6x median), `POS_SK_DPD_MEAN` = 5.57 (28.1x median), `AMT_ANNUITY` = -2.22 (25.9x median), `PREV_APPROVAL_RATE` = 0.30 (13.9x median), `BUREAU_COUNT` = 1.80 (11.0x median)","Deviasi fitur > 50x median klaster — kemungkinan kesalahan input/ETL (overflow, salah unit, atau sentinel value tidak ter-handle).",Data Engineering: tambahkan capping rule (Z-score>3 di tahap ingest) untuk mencegah kontaminasi model.
189304,cluster_4,Tipe A - Data Error,"`EXT_SOURCE_1` = 2.31 (170.6x median), `BUREAU_ACTIVE_RATIO` = 2.03 (35.5x median), `REGION_RATING_CLIENT_W_CITY` = -2.04 (34.6x median), `BUREAU_DEBT_TO_CREDIT_RATIO` = 1.49 (17.1x median), `YEARS_BIRTH` = -0.46 (12.6x median)","Deviasi fitur > 50x median klaster — kemungkinan kesalahan input/ETL (overflow, salah unit, atau sentinel value tidak ter-handle).",Data Engineering: tambahkan capping rule (Z-score>3 di tahap ingest) untuk mencegah kontaminasi model.
189409,cluster_4,Tipe C - Risk Signal,"`BUREAU_DAYS_CREDIT_MEAN` = 1.45 (20.7x median), `AMT_INCOME_TOTAL` = -2.13 (20.5x median), `YEARS_BIRTH` = -0.70 (19.8x median), `BUREAU_ACTIVE_RATIO` = -1.11 (17.7x median), `POS_MONTHS_COUNT` = -0.61 (17.3x median)","Kombinasi finansial kontradiktif (mis. rasio cicilan/pendapatan ekstrem, income rendah + credit besar, atau skor eksternal tinggi di cluster bermasalah).","Underwriting: matikan auto-approve, wajibkan manual review oleh underwriter senior + verifikasi pendapatan fisik."
189641,cluster_3,Tipe A - Data Error,"`PREV_APPROVAL_RATE` = -1.24 (62.0x median), `EXT_SOURCE_1` = -0.70 (52.9x median), `BUREAU_ACTIVE_RATIO` = -1.11 (17.7x median), `YEARS_BIRTH` = -1.23 (10.4x median), `BUREAU_DAYS_CREDIT_MEAN` = 1.45 (10.1x median)","Deviasi fitur > 50x median klaster — kemungkinan kesalahan input/ETL (overflow, salah unit, atau sentinel value tidak ter-handle).",Data Engineering: tambahkan capping rule (Z-score>3 di tahap ingest) untuk mencegah kontaminasi model.
190004,cluster_3,Tipe B - Rare but Valid,"`PREV_APPROVAL_RATE` = 0.96 (46.5x median), `BUREAU_ACTIVE_RATIO` = 2.03 (35.5x median), `EXT_SOURCE_3` = -1.01 (10.1x median), `BUREAU_DAYS_CREDIT_MEAN` = 1.36 (9.5x median), `POS_SK_DPD_MEAN` = 1.96 (9.2x median)","Ekstrem secara statistik tapi koheren — kemungkinan tail-end legitimate customer (VHNW, kasus khusus).",Routing: alihkan ke divisi Wealth Management / Priority Banking untuk potensi cross-sell.
190053,cluster_4,Tipe A - Data Error,"`EXT_SOURCE_1` = 1.66 (122.4x median), `POS_MONTHS_COUNT` = 1.81 (47.5x median), `REGION_RATING_CLIENT_W_CITY` = -2.04 (34.6x median), `YEARS_BIRTH` = 0.94 (29.0x median), `AMT_INCOME_TOTAL` = 2.31 (20.1x median)","Deviasi fitur > 50x median klaster — kemungkinan kesalahan input/ETL (overflow, salah unit, atau sentinel value tidak ter-handle).",Data Engineering: tambahkan capping rule (Z-score>3 di tahap ingest) untuk mencegah kontaminasi model.
190254,cluster_2,Tipe A - Data Error,"`EXT_SOURCE_1` = 2.45 (180.8x median), `YEARS_BIRTH` = 1.38 (16.9x median), `YEARS_EMPLOYED` = 3.25 (15.3x median), `AMT_INCOME_TOTAL` = 1.56 (13.3x median), `BUREAU_DEBT_TO_CREDIT_RATIO` = 1.08 (3.7x median)","Deviasi fitur > 50x median klaster — kemungkinan kesalahan input/ETL (overflow, salah unit, atau sentinel value tidak ter-handle).",Data Engineering: tambahkan capping rule (Z-score>3 di tahap ingest) untuk mencegah kontaminasi model.
190357,cluster_1,Tipe A - Data Error,"`EXT_SOURCE_1` = 0.97 (71.3x median), `AMT_CREDIT` = 1.99 (63.4x median), `AMT_ANNUITY` = 2.06 (30.2x median), `BUREAU_ACTIVE_RATIO` = -0.58 (8.9x median), `EXT_SOURCE_3` = -1.51 (8.0x median)","Deviasi fitur > 50x median klaster — kemungkinan kesalahan input/ETL (overflow, salah unit, atau sentinel value tidak ter-handle).",Data Engineering: tambahkan capping rule (Z-score>3 di tahap ingest) untuk mencegah kontaminasi model.
190647,cluster_1,Tipe B - Rare but Valid,"`BUREAU_ACTIVE_RATIO` = 0.99 (17.7x median), `BUREAU_DEBT_TO_CREDIT_RATIO` = 0.82 (17.1x median), `AMT_CREDIT` = -0.47 (13.8x median), `AMT_ANNUITY` = -0.50 (8.5x median), `YEARS_EMPLOYED` = 2.26 (8.0x median)","Ekstrem secara statistik tapi koheren — kemungkinan tail-end legitimate customer (VHNW, kasus khusus).",Routing: alihkan ke divisi Wealth Management / Priority Banking untuk potensi cross-sell.
191009,cluster_4,Tipe B - Rare but Valid,"`REGION_RATING_CLIENT_W_CITY` = 1.92 (34.6x median), `POS_MONTHS_COUNT` = -0.97 (27.0x median), `BUREAU_DAYS_CREDIT_MEAN` = 1.45 (20.7x median), `CREDIT_TERM_MONTHS` = 0.86 (19.9x median), `BUREAU_ACTIVE_RATIO` = -1.11 (17.7x median)","Ekstrem secara statistik tapi koheren — kemungkinan tail-end legitimate customer (VHNW, kasus khusus).",Routing: alihkan ke divisi Wealth Management / Priority Banking untuk potensi cross-sell.
191256,cluster_3,Tipe A - Data Error,"`CC_SK_DPD_MEAN` = 8.30 (167.8x median), `EXT_SOURCE_1` = 2.09 (154.3x median), `AMT_ANNUITY` = -2.95 (33.9x median), `AMT_CREDIT` = -3.26 (21.7x median), `CREDIT_TERM_MONTHS` = -1.48 (18.5x median)","Deviasi fitur > 50x median klaster — kemungkinan kesalahan input/ETL (overflow, salah unit, atau sentinel value tidak ter-handle).",Data Engineering: tambahkan capping rule (Z-score>3 di tahap ingest) untuk mencegah kontaminasi model.
191401,cluster_4,Tipe B - Rare but Valid,"`CREDIT_TERM_MONTHS` = 2.14 (47.8x median), `POS_MONTHS_COUNT` = 1.41 (36.7x median), `REGION_RATING_CLIENT_W_CITY` = 1.92 (34.6x median), `INST_DPD_MAX` = 2.30 (23.1x median), `EXT_SOURCE_3` = -1.87 (17.8x median)","Ekstrem secara statistik tapi koheren — kemungkinan tail-end legitimate customer (VHNW, kasus khusus).",Routing: alihkan ke divisi Wealth Management / Priority Banking untuk potensi cross-sell.
191864,cluster_3,Tipe A - Data Error,"`POS_SK_DPD_MEAN` = 17.82 (91.9x median), `PREV_APPROVAL_RATE` = -0.69 (34.9x median), `ANNUITY_TO_INCOME` = 2.85 (31.6x median), `CREDIT_TO_INCOME` = 3.69 (24.4x median), `CREDIT_TERM_MONTHS` = 1.17 (16.4x median)","Deviasi fitur > 50x median klaster — kemungkinan kesalahan input/ETL (overflow, salah unit, atau sentinel value tidak ter-handle).",Data Engineering: tambahkan capping rule (Z-score>3 di tahap ingest) untuk mencegah kontaminasi model.
192005,cluster_4,Tipe A - Data Error,"`EXT_SOURCE_1` = -2.22 (165.9x median), `CREDIT_TERM_MONTHS` = 2.15 (48.1x median), `YEARS_BIRTH` = -1.43 (41.6x median), `REGION_RATING_CLIENT_W_CITY` = 1.92 (34.6x median), `AMT_REQ_CREDIT_BUREAU_YEAR` = 3.00 (23.2x median)","Deviasi fitur > 50x median klaster — kemungkinan kesalahan input/ETL (overflow, salah unit, atau sentinel value tidak ter-handle).",Data Engineering: tambahkan capping rule (Z-score>3 di tahap ingest) untuk mencegah kontaminasi model.
192426,cluster_3,Tipe A - Data Error,"`EXT_SOURCE_1` = -1.83 (136.7x median), `PREV_APPROVAL_RATE` = 0.96 (46.5x median), `POS_SK_DPD_MEAN` = 2.43 (11.7x median), `AMT_ANNUITY` = -0.84 (10.4x median), `EXT_SOURCE_3` = -1.02 (10.2x median)","Deviasi fitur > 50x median klaster — kemungkinan kesalahan input/ETL (overflow, salah unit, atau sentinel value tidak ter-handle).",Data Engineering: tambahkan capping rule (Z-score>3 di tahap ingest) untuk mencegah kontaminasi model.
192531,cluster_1,Tipe A - Data Error,"`EXT_SOURCE_1` = 1.65 (121.4x median), `AMT_CREDIT` = 2.10 (66.8x median), `AMT_ANNUITY` = 2.03 (29.8x median), `BUREAU_DEBT_TO_CREDIT_RATIO` = 0.81 (16.9x median), `EXT_SOURCE_3` = -2.10 (11.5x median)","Deviasi fitur > 50x median klaster — kemungkinan kesalahan input/ETL (overflow, salah unit, atau sentinel value tidak ter-handle).",Data Engineering: tambahkan capping rule (Z-score>3 di tahap ingest) untuk mencegah kontaminasi model.
193089,cluster_4,Tipe A - Data Error,"`POS_MONTHS_COUNT` = 2.50 (65.8x median), `INST_SEVERE_LATE_RATIO` = 5.24 (32.1x median), `CREDIT_TERM_MONTHS` = 1.30 (29.5x median), `CC_SK_DPD_MEAN` = 0.99 (20.9x median), `BUREAU_DAYS_CREDIT_MEAN` = 1.45 (20.7x median)","Deviasi fitur > 50x median klaster — kemungkinan kesalahan input/ETL (overflow, salah unit, atau sentinel value tidak ter-handle).",Data Engineering: tambahkan capping rule (Z-score>3 di tahap ingest) untuk mencegah kontaminasi model.
193211,cluster_2,Tipe A - Data Error,"`EXT_SOURCE_1` = 1.04 (76.5x median), `REGION_RATING_CLIENT_W_CITY` = 1.92 (34.6x median), `BUREAU_ACTIVE_RATIO` = 2.03 (13.4x median), `ANNUITY_TO_INCOME` = 5.23 (12.2x median), `CREDIT_TO_INCOME` = 5.91 (10.0x median)","Deviasi fitur > 50x median klaster — kemungkinan kesalahan input/ETL (overflow, salah unit, atau sentinel value tidak ter-handle).",Data Engineering: tambahkan capping rule (Z-score>3 di tahap ingest) untuk mencegah kontaminasi model.
193517,cluster_1,Tipe B - Rare but Valid,"`AMT_CREDIT` = -1.19 (36.4x median), `INST_SEVERE_LATE_RATIO` = 4.39 (27.1x median), `BUREAU_DEBT_TO_CREDIT_RATIO` = 0.94 (19.5x median), `AMT_ANNUITY` = -1.05 (16.9x median), `EXT_SOURCE_3` = -2.57 (14.3x median)","Ekstrem secara statistik tapi koheren — kemungkinan tail-end legitimate customer (VHNW, kasus khusus).",Routing: alihkan ke divisi Wealth Management / Priority Banking untuk potensi cross-sell.
194100,cluster_3,Tipe A - Data Error,"`BUREAU_BB_SEVERE_DPD_MEAN` = 8.51 (167.1x median), `BUREAU_BB_DPD_RATIO_MEAN` = 7.49 (39.5x median), `PREV_APPROVAL_RATE` = -0.41 (21.3x median), `POS_SK_DPD_MEAN` = 3.36 (16.5x median), `ANNUITY_TO_INCOME` = -1.28 (12.8x median)","Deviasi fitur > 50x median klaster — kemungkinan kesalahan input/ETL (overflow, salah unit, atau sentinel value tidak ter-handle).",Data Engineering: tambahkan capping rule (Z-score>3 di tahap ingest) untuk mencegah kontaminasi model.
194133,cluster_0,Tipe A - Data Error,"`EXT_SOURCE_1` = -3.25 (242.0x median), `INST_SEVERE_LATE_RATIO` = 6.00 (36.7x median), `BUREAU_ACTIVE_RATIO` = -1.11 (17.7x median), `INST_DPD_MEAN` = 1.05 (10.2x median), `INST_LATE_RATIO` = 3.94 (7.3x median)","Deviasi fitur > 50x median klaster — kemungkinan kesalahan input/ETL (overflow, salah unit, atau sentinel value tidak ter-handle).",Data Engineering: tambahkan capping rule (Z-score>3 di tahap ingest) untuk mencegah kontaminasi model.
194170,cluster_4,Tipe B - Rare but Valid,"`CREDIT_TERM_MONTHS` = 1.68 (37.8x median), `POS_MONTHS_COUNT` = 1.33 (34.5x median), `AMT_REQ_CREDIT_BUREAU_YEAR` = 3.58 (27.8x median), `EXT_SOURCE_3` = -2.36 (22.2x median), `AMT_INCOME_TOTAL` = 2.20 (19.1x median)","Ekstrem secara statistik tapi koheren — kemungkinan tail-end legitimate customer (VHNW, kasus khusus).",Routing: alihkan ke divisi Wealth Management / Priority Banking untuk potensi cross-sell.
194559,cluster_3,Tipe B - Rare but Valid,"`PREV_APPROVAL_RATE` = 0.96 (46.5x median), `YEARS_BIRTH` = 1.75 (12.5x median), `EXT_SOURCE_3` = 1.40 (11.6x median), `CREDIT_TERM_MONTHS` = -0.87 (10.4x median), `POS_SK_DPD_MEAN` = 1.54 (7.0x median)","Ekstrem secara statistik tapi koheren — kemungkinan tail-end legitimate customer (VHNW, kasus khusus).",Routing: alihkan ke divisi Wealth Management / Priority Banking untuk potensi cross-sell.
194611,cluster_1,Tipe A - Data Error,"`EXT_SOURCE_1` = 2.34 (173.0x median), `AMT_CREDIT` = -1.01 (30.8x median), `AMT_ANNUITY` = -1.37 (21.7x median), `YEARS_EMPLOYED` = 3.68 (12.5x median), `BUREAU_COUNT` = 2.90 (10.2x median)","Deviasi fitur > 50x median klaster — kemungkinan kesalahan input/ETL (overflow, salah unit, atau sentinel value tidak ter-handle).",Data Engineering: tambahkan capping rule (Z-score>3 di tahap ingest) untuk mencegah kontaminasi model.
194744,cluster_2,Tipe B - Rare but Valid,"`INST_SEVERE_LATE_RATIO` = 3.02 (18.9x median), `BUREAU_DAYS_CREDIT_MEAN` = 1.45 (11.5x median), `AMT_INCOME_TOTAL` = 1.24 (10.3x median), `YEARS_EMPLOYED` = 1.12 (5.9x median), `BUREAU_ACTIVE_RATIO` = -1.11 (5.8x median)","Ekstrem secara statistik tapi koheren — kemungkinan tail-end legitimate customer (VHNW, kasus khusus).",Routing: alihkan ke divisi Wealth Management / Priority Banking untuk potensi cross-sell.
195575,cluster_4,Tipe A - Data Error,"`EXT_SOURCE_1` = -2.83 (211.5x median), `POS_MONTHS_COUNT` = 2.66 (70.2x median), `BUREAU_COUNT` = 4.88 (28.1x median), `EXT_SOURCE_3` = -1.30 (12.6x median), `YEARS_BIRTH` = 0.37 (12.1x median)","Deviasi fitur > 50x median klaster — kemungkinan kesalahan input/ETL (overflow, salah unit, atau sentinel value tidak ter-handle).",Data Engineering: tambahkan capping rule (Z-score>3 di tahap ingest) untuk mencegah kontaminasi model.
195943,cluster_2,Tipe B - Rare but Valid,"`INST_SEVERE_LATE_RATIO` = 4.50 (27.7x median), `YEARS_BIRTH` = -1.13 (15.6x median), `EXT_SOURCE_3` = -1.57 (15.1x median), `INST_LATE_RATIO` = 3.48 (6.5x median), `BUREAU_DAYS_CREDIT_MEAN` = 0.69 (6.0x median)","Ekstrem secara statistik tapi koheren — kemungkinan tail-end legitimate customer (VHNW, kasus khusus).",Routing: alihkan ke divisi Wealth Management / Priority Banking untuk potensi cross-sell.
195949,cluster_4,Tipe B - Rare but Valid,"`CREDIT_TERM_MONTHS` = 1.67 (37.6x median), `INST_SEVERE_LATE_RATIO` = 3.48 (21.6x median), `EXT_SOURCE_3` = -1.68 (16.1x median), `YEARS_EMPLOYED` = 2.63 (13.6x median), `YEARS_BIRTH` = 0.42 (13.6x median)","Ekstrem secara statistik tapi koheren — kemungkinan tail-end legitimate customer (VHNW, kasus khusus).",Routing: alihkan ke divisi Wealth Management / Priority Banking untuk potensi cross-sell.
196091,cluster_4,Tipe A - Data Error,"`EXT_SOURCE_1` = -1.29 (97.1x median), `BUREAU_ACTIVE_RATIO` = 2.03 (35.5x median), `POS_MONTHS_COUNT` = -1.13 (31.3x median), `CREDIT_TERM_MONTHS` = -1.31 (27.6x median), `YEARS_BIRTH` = -0.93 (26.8x median)","Deviasi fitur > 50x median klaster — kemungkinan kesalahan input/ETL (overflow, salah unit, atau sentinel value tidak ter-handle).",Data Engineering: tambahkan capping rule (Z-score>3 di tahap ingest) untuk mencegah kontaminasi model.
196668,cluster_3,Tipe B - Rare but Valid,"`POS_SK_DPD_MEAN` = 4.80 (24.0x median), `CREDIT_TERM_MONTHS` = 1.69 (23.4x median), `BUREAU_ACTIVE_RATIO` = -1.11 (17.7x median), `EXT_SOURCE_3` = 0.99 (7.9x median), `CREDIT_TO_INCOME` = 1.07 (7.8x median)","Ekstrem secara statistik tapi koheren — kemungkinan tail-end legitimate customer (VHNW, kasus khusus).",Routing: alihkan ke divisi Wealth Management / Priority Banking untuk potensi cross-sell.
196866,cluster_0,Tipe B - Rare but Valid,"`BUREAU_ACTIVE_RATIO` = -1.11 (17.7x median), `INST_LATE_RATIO` = 8.23 (14.1x median), `EXT_SOURCE_3` = 1.60 (13.3x median), `EXT_SOURCE_2` = -0.97 (12.2x median), `INST_DPD_MEAN` = 1.24 (11.9x median)","Ekstrem secara statistik tapi koheren — kemungkinan tail-end legitimate customer (VHNW, kasus khusus).",Routing: alihkan ke divisi Wealth Management / Priority Banking untuk potensi cross-sell.
196962,cluster_3,Tipe B - Rare but Valid,"`AMT_ANNUITY` = -1.78 (20.9x median), `POS_SK_DPD_MEAN` = 3.95 (19.6x median), `PREV_APPROVAL_RATE` = -0.36 (18.6x median), `AMT_CREDIT` = -1.33 (9.4x median), `ANNUITY_TO_INCOME` = -0.86 (8.3x median)","Ekstrem secara statistik tapi koheren — kemungkinan tail-end legitimate customer (VHNW, kasus khusus).",Routing: alihkan ke divisi Wealth Management / Priority Banking untuk potensi cross-sell.
197079,cluster_2,Tipe A - Data Error,"`EXT_SOURCE_1` = -1.84 (137.4x median), `BUREAU_COUNT` = 3.34 (19.6x median), `YEARS_BIRTH` = -1.12 (15.5x median), `PREV_COUNT` = 2.19 (6.5x median), `CREDIT_TO_INCOME` = 3.60 (5.7x median)","Deviasi fitur > 50x median klaster — kemungkinan kesalahan input/ETL (overflow, salah unit, atau sentinel value tidak ter-handle).",Data Engineering: tambahkan capping rule (Z-score>3 di tahap ingest) untuk mencegah kontaminasi model.
197824,cluster_3,Tipe B - Rare but Valid,"`EXT_SOURCE_1` = -0.39 (30.1x median), `ANNUITY_TO_INCOME` = 2.16 (24.2x median), `BUREAU_ACTIVE_RATIO` = -1.11 (17.7x median), `BUREAU_DAYS_CREDIT_MEAN` = -2.71 (15.9x median), `AMT_INCOME_TOTAL` = -2.51 (10.8x median)","Ekstrem secara statistik tapi koheren — kemungkinan tail-end legitimate customer (VHNW, kasus khusus).",Routing: alihkan ke divisi Wealth Management / Priority Banking untuk potensi cross-sell.
198036,cluster_4,Tipe B - Rare but Valid,"`BUREAU_ACTIVE_RATIO` = 2.03 (35.5x median), `BUREAU_DEBT_TO_CREDIT_RATIO` = 1.52 (17.5x median), `CREDIT_TERM_MONTHS` = -0.70 (14.3x median), `YEARS_BIRTH` = -0.44 (12.0x median), `BUREAU_DAYS_CREDIT_MEAN` = 0.81 (12.0x median)","Ekstrem secara statistik tapi koheren — kemungkinan tail-end legitimate customer (VHNW, kasus khusus).",Routing: alihkan ke divisi Wealth Management / Priority Banking untuk potensi cross-sell.
198165,cluster_2,Tipe C - Risk Signal,"`YEARS_EMPLOYED` = 4.11 (19.1x median), `EXT_SOURCE_3` = -1.92 (18.3x median), `AMT_INCOME_TOTAL` = -1.73 (16.9x median), `INST_SEVERE_LATE_RATIO` = 2.60 (16.5x median), `INST_DPD_MEAN` = 0.92 (9.1x median)","Kombinasi finansial kontradiktif (mis. rasio cicilan/pendapatan ekstrem, income rendah + credit besar, atau skor eksternal tinggi di cluster bermasalah).","Underwriting: matikan auto-approve, wajibkan manual review oleh underwriter senior + verifikasi pendapatan fisik."
198501,cluster_4,Tipe A - Data Error,"`POS_MONTHS_COUNT` = 4.11 (109.0x median), `EXT_SOURCE_1` = -1.41 (105.8x median), `YEARS_BIRTH` = -1.38 (40.1x median), `AMT_REQ_CREDIT_BUREAU_YEAR` = 3.00 (23.2x median), `BUREAU_ACTIVE_RATIO` = 0.99 (17.7x median)","Deviasi fitur > 50x median klaster — kemungkinan kesalahan input/ETL (overflow, salah unit, atau sentinel value tidak ter-handle).",Data Engineering: tambahkan capping rule (Z-score>3 di tahap ingest) untuk mencegah kontaminasi model.
198696,cluster_1,Tipe A - Data Error,"`EXT_SOURCE_1` = 0.88 (64.6x median), `PREV_REFUSED_COUNT` = 19.60 (28.7x median), `BUREAU_ACTIVE_RATIO` = -1.11 (17.7x median), `INST_LATE_RATIO` = 1.54 (10.5x median), `BUREAU_DEBT_TO_CREDIT_RATIO` = -0.59 (10.5x median)","Deviasi fitur > 50x median klaster — kemungkinan kesalahan input/ETL (overflow, salah unit, atau sentinel value tidak ter-handle).",Data Engineering: tambahkan capping rule (Z-score>3 di tahap ingest) untuk mencegah kontaminasi model.
199089,cluster_4,Tipe A - Data Error,"`EXT_SOURCE_1` = 1.17 (85.7x median), `POS_MONTHS_COUNT` = 2.10 (55.1x median), `YEARS_BIRTH` = 1.39 (42.6x median), `AMT_REQ_CREDIT_BUREAU_YEAR` = 3.58 (27.8x median), `CREDIT_TERM_MONTHS` = 1.17 (26.6x median)","Deviasi fitur > 50x median klaster — kemungkinan kesalahan input/ETL (overflow, salah unit, atau sentinel value tidak ter-handle).",Data Engineering: tambahkan capping rule (Z-score>3 di tahap ingest) untuk mencegah kontaminasi model.
199155,cluster_3,Tipe A - Data Error,"`PREV_APPROVAL_RATE` = -1.51 (75.5x median), `REGION_RATING_CLIENT_W_CITY` = -2.04 (34.6x median), `ANNUITY_TO_INCOME` = 1.83 (20.7x median), `CREDIT_TERM_MONTHS` = -1.48 (18.5x median), `BUREAU_ACTIVE_RATIO` = -1.11 (17.7x median)","Deviasi fitur > 50x median klaster — kemungkinan kesalahan input/ETL (overflow, salah unit, atau sentinel value tidak ter-handle).",Data Engineering: tambahkan capping rule (Z-score>3 di tahap ingest) untuk mencegah kontaminasi model.
199557,cluster_3,Tipe A - Data Error,"`CC_SK_DPD_MEAN` = 6.14 (124.4x median), `PREV_APPROVAL_RATE` = -2.34 (116.2x median), `BUREAU_ACTIVE_RATIO` = 1.18 (20.9x median), `CREDIT_TERM_MONTHS` = 1.26 (17.6x median), `EXT_SOURCE_3` = -1.83 (17.5x median)","Deviasi fitur > 50x median klaster — kemungkinan kesalahan input/ETL (overflow, salah unit, atau sentinel value tidak ter-handle).",Data Engineering: tambahkan capping rule (Z-score>3 di tahap ingest) untuk mencegah kontaminasi model.
199872,cluster_3,Tipe B - Rare but Valid,"`PREV_APPROVAL_RATE` = 0.96 (46.5x median), `POS_SK_DPD_MEAN` = 5.57 (28.1x median), `AMT_ANNUITY` = -2.30 (26.7x median), `BUREAU_COUNT` = 2.68 (15.9x median), `EXT_SOURCE_3` = -1.40 (13.6x median)","Ekstrem secara statistik tapi koheren — kemungkinan tail-end legitimate customer (VHNW, kasus khusus).",Routing: alihkan ke divisi Wealth Management / Priority Banking untuk potensi cross-sell.
200163,cluster_4,Tipe A - Data Error,"`POS_MONTHS_COUNT` = 3.14 (83.1x median), `REGION_RATING_CLIENT_W_CITY` = -2.04 (34.6x median), `AMT_INCOME_TOTAL` = -0.68 (7.2x median), `BUREAU_ACTIVE_RATIO` = -0.48 (7.1x median), `PREV_APPROVAL_RATE` = 0.63 (5.6x median)","Deviasi fitur > 50x median klaster — kemungkinan kesalahan input/ETL (overflow, salah unit, atau sentinel value tidak ter-handle).",Data Engineering: tambahkan capping rule (Z-score>3 di tahap ingest) untuk mencegah kontaminasi model.
200183,cluster_0,Tipe A - Data Error,"`EXT_SOURCE_1` = -1.63 (121.9x median), `INST_SEVERE_LATE_RATIO` = 3.28 (20.5x median), `BUREAU_ACTIVE_RATIO` = -1.11 (17.7x median), `INST_DPD_MEAN` = 1.17 (11.3x median), `INST_DPD_MAX` = 1.22 (8.6x median)","Deviasi fitur > 50x median klaster — kemungkinan kesalahan input/ETL (overflow, salah unit, atau sentinel value tidak ter-handle).",Data Engineering: tambahkan capping rule (Z-score>3 di tahap ingest) untuk mencegah kontaminasi model.
200356,cluster_4,Tipe A - Data Error,"`EXT_SOURCE_1` = -2.91 (217.4x median), `POS_MONTHS_COUNT` = 1.41 (36.7x median), `YEARS_BIRTH` = -1.25 (36.2x median), `REGION_RATING_CLIENT_W_CITY` = 1.92 (34.6x median), `AMT_REQ_CREDIT_BUREAU_YEAR` = 3.00 (23.2x median)","Deviasi fitur > 50x median klaster — kemungkinan kesalahan input/ETL (overflow, salah unit, atau sentinel value tidak ter-handle).",Data Engineering: tambahkan capping rule (Z-score>3 di tahap ingest) untuk mencegah kontaminasi model.
200563,cluster_0,Tipe B - Rare but Valid,"`INST_SEVERE_LATE_RATIO` = 7.12 (43.3x median), `BUREAU_ACTIVE_RATIO` = 2.03 (35.5x median), `INST_DPD_MEAN` = 0.67 (6.9x median), `INST_LATE_RATIO` = 3.17 (6.0x median), `BUREAU_DAYS_CREDIT_MEAN` = -1.31 (6.0x median)","Ekstrem secara statistik tapi koheren — kemungkinan tail-end legitimate customer (VHNW, kasus khusus).",Routing: alihkan ke divisi Wealth Management / Priority Banking untuk potensi cross-sell.
200767,cluster_4,Tipe A - Data Error,"`EXT_SOURCE_1` = -0.74 (55.7x median), `BUREAU_ACTIVE_RATIO` = 1.34 (23.6x median), `AMT_REQ_CREDIT_BUREAU_YEAR` = 3.00 (23.2x median), `CREDIT_TERM_MONTHS` = -0.95 (19.8x median), `YEARS_BIRTH` = -0.70 (19.7x median)","Deviasi fitur > 50x median klaster — kemungkinan kesalahan input/ETL (overflow, salah unit, atau sentinel value tidak ter-handle).",Data Engineering: tambahkan capping rule (Z-score>3 di tahap ingest) untuk mencegah kontaminasi model.
200786,cluster_1,Tipe B - Rare but Valid,"`AMT_CREDIT` = -1.51 (46.5x median), `REGION_RATING_CLIENT_W_CITY` = 1.92 (34.6x median), `AMT_ANNUITY` = -2.02 (31.6x median), `BUREAU_COUNT` = 5.76 (21.2x median), `EXT_SOURCE_1` = 0.24 (16.7x median)","Ekstrem secara statistik tapi koheren — kemungkinan tail-end legitimate customer (VHNW, kasus khusus).",Routing: alihkan ke divisi Wealth Management / Priority Banking untuk potensi cross-sell.
200956,cluster_2,Tipe A - Data Error,"`EXT_SOURCE_1` = 1.00 (72.9x median), `INST_SEVERE_LATE_RATIO` = 8.33 (50.5x median), `YEARS_BIRTH` = -1.08 (15.0x median), `EXT_SOURCE_3` = -1.01 (10.1x median), `INST_DPD_MEAN` = 0.92 (9.1x median)","Deviasi fitur > 50x median klaster — kemungkinan kesalahan input/ETL (overflow, salah unit, atau sentinel value tidak ter-handle).",Data Engineering: tambahkan capping rule (Z-score>3 di tahap ingest) untuk mencegah kontaminasi model.
201389,cluster_0,Tipe B - Rare but Valid,"`EXT_SOURCE_1` = 0.65 (47.3x median), `INST_SEVERE_LATE_RATIO` = 3.02 (18.9x median), `BUREAU_ACTIVE_RATIO` = -1.11 (17.7x median), `INST_DPD_MAX` = 1.30 (9.1x median), `EXT_SOURCE_2` = 0.80 (8.4x median)","Ekstrem secara statistik tapi koheren — kemungkinan tail-end legitimate customer (VHNW, kasus khusus).",Routing: alihkan ke divisi Wealth Management / Priority Banking untuk potensi cross-sell.
201812,cluster_4,Tipe B - Rare but Valid,"`CREDIT_TERM_MONTHS` = 1.68 (37.7x median), `POS_MONTHS_COUNT` = 1.33 (34.5x median), `AMT_REQ_CREDIT_BUREAU_YEAR` = 3.58 (27.8x median), `YEARS_BIRTH` = 0.71 (22.2x median), `BUREAU_ACTIVE_RATIO` = 1.25 (22.2x median)","Ekstrem secara statistik tapi koheren — kemungkinan tail-end legitimate customer (VHNW, kasus khusus).",Routing: alihkan ke divisi Wealth Management / Priority Banking untuk potensi cross-sell.
202489,cluster_4,Tipe A - Data Error,"`EXT_SOURCE_1` = -1.82 (136.4x median), `BUREAU_ACTIVE_RATIO` = 2.03 (35.5x median), `YEARS_BIRTH` = -1.15 (33.2x median), `POS_MONTHS_COUNT` = 1.09 (28.1x median), `BUREAU_DEBT_TO_CREDIT_RATIO` = 1.73 (19.7x median)","Deviasi fitur > 50x median klaster — kemungkinan kesalahan input/ETL (overflow, salah unit, atau sentinel value tidak ter-handle).",Data Engineering: tambahkan capping rule (Z-score>3 di tahap ingest) untuk mencegah kontaminasi model.
202495,cluster_4,Tipe A - Data Error,"`EXT_SOURCE_1` = -1.47 (110.4x median), `AMT_REQ_CREDIT_BUREAU_YEAR` = 3.00 (23.2x median), `BUREAU_DAYS_CREDIT_MEAN` = -1.42 (18.2x median), `BUREAU_ACTIVE_RATIO` = -1.11 (17.7x median), `POS_MONTHS_COUNT` = 0.68 (17.3x median)","Deviasi fitur > 50x median klaster — kemungkinan kesalahan input/ETL (overflow, salah unit, atau sentinel value tidak ter-handle).",Data Engineering: tambahkan capping rule (Z-score>3 di tahap ingest) untuk mencegah kontaminasi model.
203192,cluster_4,Tipe A - Data Error,"`EXT_SOURCE_1` = 1.21 (89.1x median), `YEARS_BIRTH` = 1.44 (43.9x median), `POS_MONTHS_COUNT` = 1.33 (34.5x median), `CREDIT_TERM_MONTHS` = 1.26 (28.6x median), `BUREAU_DEBT_TO_CREDIT_RATIO` = 1.43 (16.5x median)","Deviasi fitur > 50x median klaster — kemungkinan kesalahan input/ETL (overflow, salah unit, atau sentinel value tidak ter-handle).",Data Engineering: tambahkan capping rule (Z-score>3 di tahap ingest) untuk mencegah kontaminasi model.
203542,cluster_4,Tipe B - Rare but Valid,"`CREDIT_TERM_MONTHS` = 1.68 (37.8x median), `BUREAU_ACTIVE_RATIO` = 2.03 (35.5x median), `REGION_RATING_CLIENT_W_CITY` = 1.92 (34.6x median), `CREDIT_TO_INCOME` = 3.51 (16.1x median), `YEARS_BIRTH` = -0.56 (15.5x median)","Ekstrem secara statistik tapi koheren — kemungkinan tail-end legitimate customer (VHNW, kasus khusus).",Routing: alihkan ke divisi Wealth Management / Priority Banking untuk potensi cross-sell.
203701,cluster_1,Tipe B - Rare but Valid,"`AMT_CREDIT` = 1.43 (45.9x median), `BUREAU_DEBT_TO_CREDIT_RATIO` = 1.09 (22.3x median), `CREDIT_TERM_MONTHS` = 1.96 (11.0x median), `AMT_ANNUITY` = 0.74 (10.2x median), `INST_LATE_RATIO` = 1.23 (8.6x median)","Ekstrem secara statistik tapi koheren — kemungkinan tail-end legitimate customer (VHNW, kasus khusus).",Routing: alihkan ke divisi Wealth Management / Priority Banking untuk potensi cross-sell.
203768,cluster_3,Tipe A - Data Error,"`EXT_SOURCE_1` = 1.00 (73.4x median), `PREV_APPROVAL_RATE` = -0.87 (43.9x median), `BUREAU_ACTIVE_RATIO` = -1.11 (17.7x median), `CREDIT_TERM_MONTHS` = 1.27 (17.7x median), `CREDIT_TO_INCOME` = 1.56 (10.9x median)","Deviasi fitur > 50x median klaster — kemungkinan kesalahan input/ETL (overflow, salah unit, atau sentinel value tidak ter-handle).",Data Engineering: tambahkan capping rule (Z-score>3 di tahap ingest) untuk mencegah kontaminasi model.
204143,cluster_2,Tipe A - Data Error,"`EXT_SOURCE_1` = 2.75 (203.5x median), `YEARS_EMPLOYED` = 4.07 (18.9x median), `EXT_SOURCE_3` = 1.33 (11.0x median), `YEARS_BIRTH` = 0.84 (9.8x median), `CREDIT_TO_INCOME` = 3.26 (5.1x median)","Deviasi fitur > 50x median klaster — kemungkinan kesalahan input/ETL (overflow, salah unit, atau sentinel value tidak ter-handle).",Data Engineering: tambahkan capping rule (Z-score>3 di tahap ingest) untuk mencegah kontaminasi model.
204172,cluster_2,Tipe B - Rare but Valid,"`INST_SEVERE_LATE_RATIO` = 4.74 (29.1x median), `YEARS_BIRTH` = 1.26 (15.4x median), `BUREAU_ACTIVE_RATIO` = 2.03 (13.4x median), `EXT_SOURCE_3` = 1.48 (12.3x median), `BUREAU_DAYS_CREDIT_MEAN` = 1.17 (9.5x median)","Ekstrem secara statistik tapi koheren — kemungkinan tail-end legitimate customer (VHNW, kasus khusus).",Routing: alihkan ke divisi Wealth Management / Priority Banking untuk potensi cross-sell.
204202,cluster_4,Tipe B - Rare but Valid,"`REGION_RATING_CLIENT_W_CITY` = 1.92 (34.6x median), `EXT_SOURCE_1` = 0.40 (28.9x median), `YEARS_BIRTH` = -0.93 (26.7x median), `BUREAU_COUNT` = 4.00 (23.2x median), `AMT_REQ_CREDIT_BUREAU_YEAR` = 3.00 (23.2x median)","Ekstrem secara statistik tapi koheren — kemungkinan tail-end legitimate customer (VHNW, kasus khusus).",Routing: alihkan ke divisi Wealth Management / Priority Banking untuk potensi cross-sell.
204419,cluster_4,Tipe A - Data Error,"`EXT_SOURCE_1` = -1.12 (83.9x median), `REGION_RATING_CLIENT_W_CITY` = 1.92 (34.6x median), `POS_MONTHS_COUNT` = 0.88 (22.7x median), `AMT_REQ_CREDIT_BUREAU_YEAR` = 2.43 (18.5x median), `BUREAU_ACTIVE_RATIO` = -1.11 (17.7x median)","Deviasi fitur > 50x median klaster — kemungkinan kesalahan input/ETL (overflow, salah unit, atau sentinel value tidak ter-handle).",Data Engineering: tambahkan capping rule (Z-score>3 di tahap ingest) untuk mencegah kontaminasi model.
204477,cluster_4,Tipe B - Rare but Valid,"`REGION_RATING_CLIENT_W_CITY` = 1.92 (34.6x median), `BUREAU_ACTIVE_RATIO` = 1.41 (24.8x median), `YEARS_EMPLOYED` = 3.62 (18.3x median), `YEARS_BIRTH` = 0.52 (16.5x median), `AMT_INCOME_TOTAL` = 1.24 (10.3x median)","Ekstrem secara statistik tapi koheren — kemungkinan tail-end legitimate customer (VHNW, kasus khusus).",Routing: alihkan ke divisi Wealth Management / Priority Banking untuk potensi cross-sell.
204699,cluster_1,Tipe A - Data Error,"`EXT_SOURCE_1` = -1.36 (102.3x median), `AMT_CREDIT` = 1.42 (45.7x median), `REGION_RATING_CLIENT_W_CITY` = 1.92 (34.6x median), `INST_DPD_MAX` = 3.63 (30.5x median), `INST_SEVERE_LATE_RATIO` = 3.70 (23.0x median)","Deviasi fitur > 50x median klaster — kemungkinan kesalahan input/ETL (overflow, salah unit, atau sentinel value tidak ter-handle).",Data Engineering: tambahkan capping rule (Z-score>3 di tahap ingest) untuk mencegah kontaminasi model.
204943,cluster_4,Tipe A - Data Error,"`EXT_SOURCE_1` = 1.59 (117.0x median), `YEARS_BIRTH` = 1.42 (43.3x median), `BUREAU_DAYS_CREDIT_MEAN` = -1.85 (24.0x median), `POS_MONTHS_COUNT` = -0.85 (23.7x median), `EXT_SOURCE_3` = 1.42 (11.8x median)","Deviasi fitur > 50x median klaster — kemungkinan kesalahan input/ETL (overflow, salah unit, atau sentinel value tidak ter-handle).",Data Engineering: tambahkan capping rule (Z-score>3 di tahap ingest) untuk mencegah kontaminasi model.
204990,cluster_4,Tipe A - Data Error,"`EXT_SOURCE_1` = -2.24 (167.5x median), `YEARS_BIRTH` = -1.11 (32.2x median), `POS_MONTHS_COUNT` = 0.52 (13.0x median), `BUREAU_DAYS_CREDIT_MEAN` = 0.79 (11.7x median), `BUREAU_ACTIVE_RATIO` = 0.46 (8.9x median)","Deviasi fitur > 50x median klaster — kemungkinan kesalahan input/ETL (overflow, salah unit, atau sentinel value tidak ter-handle).",Data Engineering: tambahkan capping rule (Z-score>3 di tahap ingest) untuk mencegah kontaminasi model.
205153,cluster_1,Tipe A - Data Error,"`EXT_SOURCE_1` = 0.71 (51.8x median), `REGION_RATING_CLIENT_W_CITY` = 1.92 (34.6x median), `AMT_CREDIT` = 0.78 (25.3x median), `AMT_ANNUITY` = 0.97 (13.7x median), `INST_LATE_RATIO` = 1.46 (10.0x median)","Deviasi fitur > 50x median klaster — kemungkinan kesalahan input/ETL (overflow, salah unit, atau sentinel value tidak ter-handle).",Data Engineering: tambahkan capping rule (Z-score>3 di tahap ingest) untuk mencegah kontaminasi model.
205665,cluster_4,Tipe B - Rare but Valid,"`CREDIT_TERM_MONTHS` = 1.69 (38.1x median), `EXT_SOURCE_1` = 0.50 (35.8x median), `BUREAU_DAYS_CREDIT_MEAN` = -2.14 (28.1x median), `BUREAU_ACTIVE_RATIO` = -1.11 (17.7x median), `POS_MONTHS_COUNT` = -0.61 (17.3x median)","Ekstrem secara statistik tapi koheren — kemungkinan tail-end legitimate customer (VHNW, kasus khusus).",Routing: alihkan ke divisi Wealth Management / Priority Banking untuk potensi cross-sell.
206099,cluster_4,Tipe A - Data Error,"`POS_MONTHS_COUNT` = 2.82 (74.5x median), `CREDIT_TERM_MONTHS` = 1.69 (38.1x median), `YEARS_BIRTH` = -0.76 (21.8x median), `EXT_SOURCE_3` = -2.24 (21.1x median), `BUREAU_DAYS_CREDIT_MEAN` = -1.46 (18.7x median)","Deviasi fitur > 50x median klaster — kemungkinan kesalahan input/ETL (overflow, salah unit, atau sentinel value tidak ter-handle).",Data Engineering: tambahkan capping rule (Z-score>3 di tahap ingest) untuk mencegah kontaminasi model.
206109,cluster_4,Tipe A - Data Error,"`EXT_SOURCE_1` = -0.90 (68.1x median), `CREDIT_TERM_MONTHS` = -0.79 (16.3x median), `BUREAU_DEBT_TO_CREDIT_RATIO` = 0.82 (9.9x median), `YEARS_BIRTH` = -0.30 (8.1x median), `PREV_APPROVAL_RATE` = 0.96 (8.0x median)","Deviasi fitur > 50x median klaster — kemungkinan kesalahan input/ETL (overflow, salah unit, atau sentinel value tidak ter-handle).",Data Engineering: tambahkan capping rule (Z-score>3 di tahap ingest) untuk mencegah kontaminasi model.
206162,cluster_2,Tipe C - Risk Signal,"`AMT_INCOME_TOTAL` = -2.31 (22.2x median), `EXT_SOURCE_3` = -1.73 (16.6x median), `ANNUITY_TO_INCOME` = 6.84 (16.2x median), `POS_MONTHS_COUNT` = 3.31 (8.4x median), `INST_DPD_MAX` = 1.11 (7.9x median)","Kombinasi finansial kontradiktif (mis. rasio cicilan/pendapatan ekstrem, income rendah + credit besar, atau skor eksternal tinggi di cluster bermasalah).","Underwriting: matikan auto-approve, wajibkan manual review oleh underwriter senior + verifikasi pendapatan fisik."
206540,cluster_4,Tipe B - Rare but Valid,"`YEARS_BIRTH` = -1.25 (36.2x median), `BUREAU_ACTIVE_RATIO` = 2.03 (35.5x median), `REGION_RATING_CLIENT_W_CITY` = -2.04 (34.6x median), `AMT_INCOME_TOTAL` = 2.31 (20.1x median), `POS_MONTHS_COUNT` = -0.61 (17.3x median)","Ekstrem secara statistik tapi koheren — kemungkinan tail-end legitimate customer (VHNW, kasus khusus).",Routing: alihkan ke divisi Wealth Management / Priority Banking untuk potensi cross-sell.
207021,cluster_1,Tipe A - Data Error,"`EXT_SOURCE_1` = 1.38 (101.5x median), `AMT_CREDIT` = 1.89 (60.3x median), `AMT_ANNUITY` = 1.76 (25.7x median), `BUREAU_DEBT_TO_CREDIT_RATIO` = 0.91 (18.8x median), `CREDIT_TERM_MONTHS` = 1.00 (6.1x median)","Deviasi fitur > 50x median klaster — kemungkinan kesalahan input/ETL (overflow, salah unit, atau sentinel value tidak ter-handle).",Data Engineering: tambahkan capping rule (Z-score>3 di tahap ingest) untuk mencegah kontaminasi model.
207066,cluster_0,Tipe A - Data Error,"`EXT_SOURCE_1` = -1.03 (77.7x median), `EXT_SOURCE_2` = -2.65 (31.8x median), `EXT_SOURCE_3` = -1.95 (18.5x median), `CNT_CHILDREN` = 2.21 (4.8x median), `BUREAU_ACTIVE_RATIO` = -0.32 (4.4x median)","Deviasi fitur > 50x median klaster — kemungkinan kesalahan input/ETL (overflow, salah unit, atau sentinel value tidak ter-handle).",Data Engineering: tambahkan capping rule (Z-score>3 di tahap ingest) untuk mencegah kontaminasi model.
207359,cluster_4,Tipe A - Data Error,"`EXT_SOURCE_1` = 1.55 (114.1x median), `CREDIT_TERM_MONTHS` = 1.68 (37.7x median), `AMT_REQ_CREDIT_BUREAU_YEAR` = 3.58 (27.8x median), `POS_MONTHS_COUNT` = -0.65 (18.4x median), `BUREAU_ACTIVE_RATIO` = 0.78 (14.2x median)","Deviasi fitur > 50x median klaster — kemungkinan kesalahan input/ETL (overflow, salah unit, atau sentinel value tidak ter-handle).",Data Engineering: tambahkan capping rule (Z-score>3 di tahap ingest) untuk mencegah kontaminasi model.
207437,cluster_1,Tipe A - Data Error,"`EXT_SOURCE_1` = 1.23 (90.6x median), `AMT_CREDIT` = 1.38 (44.4x median), `AMT_ANNUITY` = 1.42 (20.5x median), `BUREAU_COUNT` = 4.22 (15.2x median), `EXT_SOURCE_3` = -2.21 (12.2x median)","Deviasi fitur > 50x median klaster — kemungkinan kesalahan input/ETL (overflow, salah unit, atau sentinel value tidak ter-handle).",Data Engineering: tambahkan capping rule (Z-score>3 di tahap ingest) untuk mencegah kontaminasi model.
207735,cluster_3,Tipe B - Rare but Valid,"`PREV_APPROVAL_RATE` = 0.96 (46.5x median), `BUREAU_ACTIVE_RATIO` = 2.03 (35.5x median), `AMT_ANNUITY` = -1.25 (15.0x median), `EXT_SOURCE_3` = 1.48 (12.3x median), `AMT_CREDIT` = -1.34 (9.5x median)","Ekstrem secara statistik tapi koheren — kemungkinan tail-end legitimate customer (VHNW, kasus khusus).",Routing: alihkan ke divisi Wealth Management / Priority Banking untuk potensi cross-sell.
208114,cluster_1,Tipe B - Rare but Valid,"`AMT_CREDIT` = 1.39 (44.8x median), `INST_SEVERE_LATE_RATIO` = 5.72 (35.0x median), `REGION_RATING_CLIENT_W_CITY` = 1.92 (34.6x median), `BUREAU_BB_DPD_RATIO_MEAN` = 2.63 (14.5x median), `AMT_ANNUITY` = 0.98 (13.8x median)","Ekstrem secara statistik tapi koheren — kemungkinan tail-end legitimate customer (VHNW, kasus khusus).",Routing: alihkan ke divisi Wealth Management / Priority Banking untuk potensi cross-sell.
208193,cluster_0,Tipe A - Data Error,"`EXT_SOURCE_1` = 2.38 (176.1x median), `REGION_RATING_CLIENT_W_CITY` = -2.04 (34.6x median), `EXT_SOURCE_2` = 1.21 (13.1x median), `EXT_SOURCE_3` = 1.39 (11.4x median), `BUREAU_ACTIVE_RATIO` = -0.58 (8.9x median)","Deviasi fitur > 50x median klaster — kemungkinan kesalahan input/ETL (overflow, salah unit, atau sentinel value tidak ter-handle).",Data Engineering: tambahkan capping rule (Z-score>3 di tahap ingest) untuk mencegah kontaminasi model.
208646,cluster_1,Tipe A - Data Error,"`EXT_SOURCE_1` = 2.30 (169.9x median), `AMT_CREDIT` = -0.55 (16.4x median), `INST_LATE_RATIO` = 2.10 (14.0x median), `EXT_SOURCE_3` = -2.01 (11.0x median), `BUREAU_ACTIVE_RATIO` = 0.34 (6.8x median)","Deviasi fitur > 50x median klaster — kemungkinan kesalahan input/ETL (overflow, salah unit, atau sentinel value tidak ter-handle).",Data Engineering: tambahkan capping rule (Z-score>3 di tahap ingest) untuk mencegah kontaminasi model.
208663,cluster_0,Tipe A - Data Error,"`EXT_SOURCE_1` = 2.16 (159.5x median), `INST_SEVERE_LATE_RATIO` = 5.91 (36.1x median), `BUREAU_ACTIVE_RATIO` = -1.11 (17.7x median), `EXT_SOURCE_2` = -0.93 (11.8x median), `INST_DPD_MEAN` = 0.95 (9.3x median)","Deviasi fitur > 50x median klaster — kemungkinan kesalahan input/ETL (overflow, salah unit, atau sentinel value tidak ter-handle).",Data Engineering: tambahkan capping rule (Z-score>3 di tahap ingest) untuk mencegah kontaminasi model.
208712,cluster_2,Tipe A - Data Error,"`EXT_SOURCE_1` = -0.75 (56.6x median), `INST_SEVERE_LATE_RATIO` = 5.91 (36.1x median), `REGION_RATING_CLIENT_W_CITY` = 1.92 (34.6x median), `BUREAU_COUNT` = 2.90 (17.1x median), `YEARS_BIRTH` = -0.98 (13.7x median)","Deviasi fitur > 50x median klaster — kemungkinan kesalahan input/ETL (overflow, salah unit, atau sentinel value tidak ter-handle).",Data Engineering: tambahkan capping rule (Z-score>3 di tahap ingest) untuk mencegah kontaminasi model.
208751,cluster_1,Tipe A - Data Error,"`BUREAU_BB_SEVERE_DPD_MEAN` = 5.54 (109.1x median), `EXT_SOURCE_1` = -0.67 (50.5x median), `BUREAU_ACTIVE_RATIO` = 2.03 (35.5x median), `BUREAU_DEBT_TO_CREDIT_RATIO` = 1.35 (27.5x median), `BUREAU_BB_DPD_RATIO_MEAN` = 5.13 (27.4x median)","Deviasi fitur > 50x median klaster — kemungkinan kesalahan input/ETL (overflow, salah unit, atau sentinel value tidak ter-handle).",Data Engineering: tambahkan capping rule (Z-score>3 di tahap ingest) untuk mencegah kontaminasi model.
209003,cluster_3,Tipe A - Data Error,"`EXT_SOURCE_1` = -1.44 (108.1x median), `CREDIT_TERM_MONTHS` = 2.13 (29.1x median), `PREV_APPROVAL_RATE` = 0.30 (13.9x median), `EXT_SOURCE_2` = -2.48 (13.3x median), `YEARS_BIRTH` = -1.28 (10.8x median)","Deviasi fitur > 50x median klaster — kemungkinan kesalahan input/ETL (overflow, salah unit, atau sentinel value tidak ter-handle).",Data Engineering: tambahkan capping rule (Z-score>3 di tahap ingest) untuk mencegah kontaminasi model.
209110,cluster_3,Tipe A - Data Error,"`CC_SK_DPD_MEAN` = 31.29 (629.5x median), `PREV_APPROVAL_RATE` = 0.96 (46.5x median), `ANNUITY_TO_INCOME` = 3.04 (33.7x median), `CREDIT_TO_INCOME` = 3.33 (22.1x median), `AMT_ANNUITY` = 1.30 (13.5x median)","Deviasi fitur > 50x median klaster — kemungkinan kesalahan input/ETL (overflow, salah unit, atau sentinel value tidak ter-handle).",Data Engineering: tambahkan capping rule (Z-score>3 di tahap ingest) untuk mencegah kontaminasi model.
209267,cluster_1,Tipe B - Rare but Valid,"`REGION_RATING_CLIENT_W_CITY` = 1.92 (34.6x median), `INST_LATE_RATIO` = 1.96 (13.1x median), `INST_SEVERE_LATE_RATIO` = 1.70 (11.1x median), `BUREAU_DEBT_TO_CREDIT_RATIO` = 0.36 (8.1x median), `BUREAU_COUNT` = 2.02 (6.8x median)","Ekstrem secara statistik tapi koheren — kemungkinan tail-end legitimate customer (VHNW, kasus khusus).",Routing: alihkan ke divisi Wealth Management / Priority Banking untuk potensi cross-sell.
210214,cluster_4,Tipe A - Data Error,"`EXT_SOURCE_1` = 1.07 (78.8x median), `CREDIT_TERM_MONTHS` = 1.25 (28.4x median), `YEARS_BIRTH` = -0.95 (27.2x median), `BUREAU_ACTIVE_RATIO` = 1.41 (24.8x median), `AMT_REQ_CREDIT_BUREAU_YEAR` = 2.43 (18.5x median)","Deviasi fitur > 50x median klaster — kemungkinan kesalahan input/ETL (overflow, salah unit, atau sentinel value tidak ter-handle).",Data Engineering: tambahkan capping rule (Z-score>3 di tahap ingest) untuk mencegah kontaminasi model.
210469,cluster_4,Tipe A - Data Error,"`EXT_SOURCE_1` = 1.16 (85.3x median), `POS_MONTHS_COUNT` = 2.46 (64.8x median), `YEARS_BIRTH` = 1.23 (37.7x median), `CREDIT_TERM_MONTHS` = 1.28 (29.1x median), `BUREAU_COUNT` = 3.12 (18.3x median)","Deviasi fitur > 50x median klaster — kemungkinan kesalahan input/ETL (overflow, salah unit, atau sentinel value tidak ter-handle).",Data Engineering: tambahkan capping rule (Z-score>3 di tahap ingest) untuk mencegah kontaminasi model.
210631,cluster_3,Tipe A - Data Error,"`EXT_SOURCE_1` = 1.35 (99.6x median), `BUREAU_BB_SEVERE_DPD_MEAN` = 3.10 (61.6x median), `PREV_APPROVAL_RATE` = 0.96 (46.5x median), `POS_SK_DPD_MEAN` = 4.23 (21.1x median), `AMT_ANNUITY` = 1.93 (20.6x median)","Deviasi fitur > 50x median klaster — kemungkinan kesalahan input/ETL (overflow, salah unit, atau sentinel value tidak ter-handle).",Data Engineering: tambahkan capping rule (Z-score>3 di tahap ingest) untuk mencegah kontaminasi model.
211267,cluster_3,Tipe A - Data Error,"`EXT_SOURCE_1` = 0.72 (52.5x median), `BUREAU_BB_SEVERE_DPD_MEAN` = 1.29 (26.2x median), `CREDIT_TERM_MONTHS` = 1.67 (23.1x median), `BUREAU_COUNT` = 3.78 (22.0x median), `EXT_SOURCE_3` = -2.22 (20.9x median)","Deviasi fitur > 50x median klaster — kemungkinan kesalahan input/ETL (overflow, salah unit, atau sentinel value tidak ter-handle).",Data Engineering: tambahkan capping rule (Z-score>3 di tahap ingest) untuk mencegah kontaminasi model.
211400,cluster_0,Tipe B - Rare but Valid,"`REGION_RATING_CLIENT_W_CITY` = -2.04 (34.6x median), `BUREAU_ACTIVE_RATIO` = -1.11 (17.7x median), `EXT_SOURCE_2` = 1.36 (14.9x median), `AMT_INCOME_TOTAL` = 2.47 (12.6x median), `BUREAU_DAYS_CREDIT_MEAN` = 1.45 (4.5x median)","Ekstrem secara statistik tapi koheren — kemungkinan tail-end legitimate customer (VHNW, kasus khusus).",Routing: alihkan ke divisi Wealth Management / Priority Banking untuk potensi cross-sell.
211479,cluster_0,Tipe A - Data Error,"`EXT_SOURCE_1` = 1.01 (73.8x median), `OWN_CAR_AGE` = 6.68 (15.7x median), `EXT_SOURCE_2` = 1.07 (11.5x median), `CNT_CHILDREN` = 2.21 (4.8x median), `BUREAU_DEBT_TO_CREDIT_RATIO` = 1.45 (4.7x median)","Deviasi fitur > 50x median klaster — kemungkinan kesalahan input/ETL (overflow, salah unit, atau sentinel value tidak ter-handle).",Data Engineering: tambahkan capping rule (Z-score>3 di tahap ingest) untuk mencegah kontaminasi model.
211510,cluster_3,Tipe A - Data Error,"`CC_SK_DPD_MEAN` = 12.55 (253.1x median), `POS_SK_DPD_MEAN` = 26.57 (137.5x median), `PREV_APPROVAL_RATE` = -0.69 (34.9x median), `BUREAU_ACTIVE_RATIO` = 1.25 (22.2x median), `CREDIT_TERM_MONTHS` = 1.27 (17.7x median)","Deviasi fitur > 50x median klaster — kemungkinan kesalahan input/ETL (overflow, salah unit, atau sentinel value tidak ter-handle).",Data Engineering: tambahkan capping rule (Z-score>3 di tahap ingest) untuk mencegah kontaminasi model.
211652,cluster_3,Tipe A - Data Error,"`CC_SK_DPD_MEAN` = 7.37 (149.0x median), `BUREAU_ACTIVE_RATIO` = 2.03 (35.5x median), `REGION_RATING_CLIENT_W_CITY` = 1.92 (34.6x median), `CREDIT_TERM_MONTHS` = 1.67 (23.1x median), `EXT_SOURCE_2` = -2.30 (12.4x median)","Deviasi fitur > 50x median klaster — kemungkinan kesalahan input/ETL (overflow, salah unit, atau sentinel value tidak ter-handle).",Data Engineering: tambahkan capping rule (Z-score>3 di tahap ingest) untuk mencegah kontaminasi model.
211892,cluster_1,Tipe A - Data Error,"`EXT_SOURCE_1` = 1.87 (137.8x median), `REGION_RATING_CLIENT_W_CITY` = -2.04 (34.6x median), `BUREAU_ACTIVE_RATIO` = 0.99 (17.7x median), `INST_LATE_RATIO` = 0.97 (7.0x median), `BUREAU_DEBT_TO_CREDIT_RATIO` = -0.36 (6.0x median)","Deviasi fitur > 50x median klaster — kemungkinan kesalahan input/ETL (overflow, salah unit, atau sentinel value tidak ter-handle).",Data Engineering: tambahkan capping rule (Z-score>3 di tahap ingest) untuk mencegah kontaminasi model.
211981,cluster_0,Tipe A - Data Error,"`EXT_SOURCE_1` = -2.25 (168.3x median), `BUREAU_ACTIVE_RATIO` = -1.11 (17.7x median), `OWN_CAR_AGE` = 6.68 (15.7x median), `EXT_SOURCE_2` = -0.72 (9.4x median), `BUREAU_DAYS_CREDIT_MEAN` = 1.45 (4.5x median)","Deviasi fitur > 50x median klaster — kemungkinan kesalahan input/ETL (overflow, salah unit, atau sentinel value tidak ter-handle).",Data Engineering: tambahkan capping rule (Z-score>3 di tahap ingest) untuk mencegah kontaminasi model.
212446,cluster_4,Tipe A - Data Error,"`CC_SK_DPD_MEAN` = 21.98 (442.4x median), `EXT_SOURCE_1` = 1.52 (111.5x median), `REGION_RATING_CLIENT_W_CITY` = -2.04 (34.6x median), `YEARS_BIRTH` = -0.48 (13.4x median), `BUREAU_ACTIVE_RATIO` = 0.69 (12.7x median)","Deviasi fitur > 50x median klaster — kemungkinan kesalahan input/ETL (overflow, salah unit, atau sentinel value tidak ter-handle).",Data Engineering: tambahkan capping rule (Z-score>3 di tahap ingest) untuk mencegah kontaminasi model.
212863,cluster_4,Tipe A - Data Error,"`EXT_SOURCE_1` = 1.43 (105.6x median), `POS_MONTHS_COUNT` = 1.93 (50.7x median), `REGION_RATING_CLIENT_W_CITY` = 1.92 (34.6x median), `BUREAU_DEBT_TO_CREDIT_RATIO` = 1.63 (18.6x median), `AMT_INCOME_TOTAL` = -1.66 (16.2x median)","Deviasi fitur > 50x median klaster — kemungkinan kesalahan input/ETL (overflow, salah unit, atau sentinel value tidak ter-handle).",Data Engineering: tambahkan capping rule (Z-score>3 di tahap ingest) untuk mencegah kontaminasi model.
212993,cluster_3,Tipe B - Rare but Valid,"`PREV_APPROVAL_RATE` = 0.96 (46.5x median), `REGION_RATING_CLIENT_W_CITY` = 1.92 (34.6x median), `BUREAU_ACTIVE_RATIO` = -1.11 (17.7x median), `BUREAU_DAYS_CREDIT_MEAN` = 1.45 (10.1x median), `AMT_ANNUITY` = -0.80 (10.0x median)","Ekstrem secara statistik tapi koheren — kemungkinan tail-end legitimate customer (VHNW, kasus khusus).",Routing: alihkan ke divisi Wealth Management / Priority Banking untuk potensi cross-sell.
213250,cluster_0,Tipe B - Rare but Valid,"`BUREAU_ACTIVE_RATIO` = -1.11 (17.7x median), `OWN_CAR_AGE` = 6.68 (15.7x median), `EXT_SOURCE_2` = 0.87 (9.2x median), `BUREAU_DAYS_CREDIT_MEAN` = 1.45 (4.5x median), `AMT_INCOME_TOTAL` = 0.73 (4.4x median)","Ekstrem secara statistik tapi koheren — kemungkinan tail-end legitimate customer (VHNW, kasus khusus).",Routing: alihkan ke divisi Wealth Management / Priority Banking untuk potensi cross-sell.
214109,cluster_3,Tipe B - Rare but Valid,"`PREV_APPROVAL_RATE` = 0.96 (46.5x median), `CREDIT_TERM_MONTHS` = -1.62 (20.3x median), `BUREAU_ACTIVE_RATIO` = -1.11 (17.7x median), `AMT_CREDIT` = -1.73 (12.0x median), `EXT_SOURCE_2` = -2.03 (11.1x median)","Ekstrem secara statistik tapi koheren — kemungkinan tail-end legitimate customer (VHNW, kasus khusus).",Routing: alihkan ke divisi Wealth Management / Priority Banking untuk potensi cross-sell.
214674,cluster_0,Tipe A - Data Error,"`EXT_SOURCE_1` = 2.27 (167.4x median), `REGION_RATING_CLIENT_W_CITY` = -2.04 (34.6x median), `EXT_SOURCE_2` = 1.24 (13.4x median), `EXT_SOURCE_3` = 0.93 (7.3x median), `AMT_INCOME_TOTAL` = 1.17 (6.5x median)","Deviasi fitur > 50x median klaster — kemungkinan kesalahan input/ETL (overflow, salah unit, atau sentinel value tidak ter-handle).",Data Engineering: tambahkan capping rule (Z-score>3 di tahap ingest) untuk mencegah kontaminasi model.
214684,cluster_4,Tipe A - Data Error,"`EXT_SOURCE_1` = 2.80 (206.8x median), `CREDIT_TERM_MONTHS` = 1.97 (44.2x median), `YEARS_BIRTH` = 1.40 (42.7x median), `REGION_RATING_CLIENT_W_CITY` = -2.04 (34.6x median), `BUREAU_DEBT_TO_CREDIT_RATIO` = 1.30 (15.1x median)","Deviasi fitur > 50x median klaster — kemungkinan kesalahan input/ETL (overflow, salah unit, atau sentinel value tidak ter-handle).",Data Engineering: tambahkan capping rule (Z-score>3 di tahap ingest) untuk mencegah kontaminasi model.
214945,cluster_2,Tipe B - Rare but Valid,"`REGION_RATING_CLIENT_W_CITY` = 1.92 (34.6x median), `OWN_CAR_AGE` = 6.68 (15.7x median), `YEARS_BIRTH` = -0.53 (7.9x median), `CNT_CHILDREN` = 3.60 (7.2x median), `CC_UTILIZATION_MAX` = 1.50 (4.2x median)","Ekstrem secara statistik tapi koheren — kemungkinan tail-end legitimate customer (VHNW, kasus khusus).",Routing: alihkan ke divisi Wealth Management / Priority Banking untuk potensi cross-sell.
215228,cluster_0,Tipe B - Rare but Valid,"`BUREAU_ACTIVE_RATIO` = 2.03 (35.5x median), `EXT_SOURCE_2` = 0.76 (7.8x median), `YEARS_BIRTH` = -1.31 (2.4x median), `BUREAU_DAYS_CREDIT_MEAN` = 0.90 (2.4x median), `AMT_INCOME_TOTAL` = -0.59 (1.8x median)","Ekstrem secara statistik tapi koheren — kemungkinan tail-end legitimate customer (VHNW, kasus khusus).",Routing: alihkan ke divisi Wealth Management / Priority Banking untuk potensi cross-sell.
215381,cluster_4,Tipe A - Data Error,"`EXT_SOURCE_1` = 1.21 (88.6x median), `BUREAU_ACTIVE_RATIO` = 2.03 (35.5x median), `YEARS_BIRTH` = -0.93 (26.8x median), `POS_MONTHS_COUNT` = -0.85 (23.7x median), `CREDIT_TERM_MONTHS` = -1.10 (23.0x median)","Deviasi fitur > 50x median klaster — kemungkinan kesalahan input/ETL (overflow, salah unit, atau sentinel value tidak ter-handle).",Data Engineering: tambahkan capping rule (Z-score>3 di tahap ingest) untuk mencegah kontaminasi model.
215748,cluster_1,Tipe B - Rare but Valid,"`AMT_CREDIT` = 0.72 (23.5x median), `BUREAU_ACTIVE_RATIO` = -1.11 (17.7x median), `BUREAU_DAYS_CREDIT_MEAN` = -2.51 (13.1x median), `AMT_ANNUITY` = 0.93 (13.1x median), `YEARS_EMPLOYED` = 3.17 (10.9x median)","Ekstrem secara statistik tapi koheren — kemungkinan tail-end legitimate customer (VHNW, kasus khusus).",Routing: alihkan ke divisi Wealth Management / Priority Banking untuk potensi cross-sell.
215866,cluster_4,Tipe B - Rare but Valid,"`POS_MONTHS_COUNT` = 1.53 (39.9x median), `EXT_SOURCE_1` = 0.54 (39.2x median), `YEARS_BIRTH` = 1.17 (35.8x median), `CREDIT_TERM_MONTHS` = 1.30 (29.5x median), `BUREAU_DAYS_CREDIT_MEAN` = 0.62 (9.5x median)","Ekstrem secara statistik tapi koheren — kemungkinan tail-end legitimate customer (VHNW, kasus khusus).",Routing: alihkan ke divisi Wealth Management / Priority Banking untuk potensi cross-sell.
216791,cluster_2,Tipe A - Data Error,"`EXT_SOURCE_1` = 1.63 (120.4x median), `BUREAU_DAYS_CREDIT_MEAN` = -2.80 (19.3x median), `YEARS_EMPLOYED` = 3.96 (18.4x median), `EXT_SOURCE_3` = -1.13 (11.1x median), `YEARS_BIRTH` = 0.85 (10.0x median)","Deviasi fitur > 50x median klaster — kemungkinan kesalahan input/ETL (overflow, salah unit, atau sentinel value tidak ter-handle).",Data Engineering: tambahkan capping rule (Z-score>3 di tahap ingest) untuk mencegah kontaminasi model.
217159,cluster_0,Tipe B - Rare but Valid,"`REGION_RATING_CLIENT_W_CITY` = -2.04 (34.6x median), `EXT_SOURCE_1` = 0.46 (33.4x median), `BUREAU_ACTIVE_RATIO` = -1.11 (17.7x median), `EXT_SOURCE_2` = 0.66 (6.6x median), `BUREAU_DAYS_CREDIT_MEAN` = 1.45 (4.5x median)","Ekstrem secara statistik tapi koheren — kemungkinan tail-end legitimate customer (VHNW, kasus khusus).",Routing: alihkan ke divisi Wealth Management / Priority Banking untuk potensi cross-sell.
217233,cluster_3,Tipe B - Rare but Valid,"`PREV_APPROVAL_RATE` = 0.41 (19.4x median), `BUREAU_ACTIVE_RATIO` = 0.78 (14.2x median), `EXT_SOURCE_3` = 1.48 (12.3x median), `YEARS_BIRTH` = -1.27 (10.8x median), `ANNUITY_TO_INCOME` = -1.08 (10.6x median)","Ekstrem secara statistik tapi koheren — kemungkinan tail-end legitimate customer (VHNW, kasus khusus).",Routing: alihkan ke divisi Wealth Management / Priority Banking untuk potensi cross-sell.
217235,cluster_0,Tipe B - Rare but Valid,"`EXT_SOURCE_2` = 1.17 (12.7x median), `BUREAU_DAYS_CREDIT_MEAN` = -2.31 (9.8x median), `AMT_INCOME_TOTAL` = 1.24 (6.8x median), `CNT_CHILDREN` = 2.21 (4.8x median), `EXT_SOURCE_3` = 0.54 (3.8x median)","Ekstrem secara statistik tapi koheren — kemungkinan tail-end legitimate customer (VHNW, kasus khusus).",Routing: alihkan ke divisi Wealth Management / Priority Banking untuk potensi cross-sell.
217638,cluster_0,Tipe B - Rare but Valid,"`BUREAU_ACTIVE_RATIO` = -1.11 (17.7x median), `YEARS_EMPLOYED` = 3.83 (10.1x median), `OWN_CAR_AGE` = 1.66 (4.7x median), `BUREAU_DAYS_CREDIT_MEAN` = 1.45 (4.5x median), `AMT_INCOME_TOTAL` = -1.17 (4.5x median)","Ekstrem secara statistik tapi koheren — kemungkinan tail-end legitimate customer (VHNW, kasus khusus).",Routing: alihkan ke divisi Wealth Management / Priority Banking untuk potensi cross-sell.
217835,cluster_4,Tipe A - Data Error,"`EXT_SOURCE_1` = -1.15 (86.4x median), `BUREAU_ACTIVE_RATIO` = 2.03 (35.5x median), `AMT_REQ_CREDIT_BUREAU_YEAR` = 2.43 (18.5x median), `BUREAU_DEBT_TO_CREDIT_RATIO` = 1.59 (18.1x median), `BUREAU_DAYS_CREDIT_MEAN` = 0.72 (10.8x median)","Deviasi fitur > 50x median klaster — kemungkinan kesalahan input/ETL (overflow, salah unit, atau sentinel value tidak ter-handle).",Data Engineering: tambahkan capping rule (Z-score>3 di tahap ingest) untuk mencegah kontaminasi model.
218263,cluster_4,Tipe B - Rare but Valid,"`BUREAU_BB_DPD_RATIO_MEAN` = 3.61 (19.6x median), `AMT_REQ_CREDIT_BUREAU_YEAR` = 2.43 (18.5x median), `CREDIT_TERM_MONTHS` = 0.71 (16.5x median), `BUREAU_DEBT_TO_CREDIT_RATIO` = 0.82 (9.9x median), `BUREAU_DAYS_CREDIT_MEAN` = 0.65 (9.9x median)","Ekstrem secara statistik tapi koheren — kemungkinan tail-end legitimate customer (VHNW, kasus khusus).",Routing: alihkan ke divisi Wealth Management / Priority Banking untuk potensi cross-sell.
218420,cluster_4,Tipe A - Data Error,"`EXT_SOURCE_1` = 0.84 (61.3x median), `INST_DPD_MAX` = 4.28 (42.1x median), `INST_SEVERE_LATE_RATIO` = 3.72 (23.1x median), `POS_MONTHS_COUNT` = 0.80 (20.5x median), `BUREAU_ACTIVE_RATIO` = 0.99 (17.7x median)","Deviasi fitur > 50x median klaster — kemungkinan kesalahan input/ETL (overflow, salah unit, atau sentinel value tidak ter-handle).",Data Engineering: tambahkan capping rule (Z-score>3 di tahap ingest) untuk mencegah kontaminasi model.
218649,cluster_1,Tipe B - Rare but Valid,"`REGION_RATING_CLIENT_W_CITY` = -2.04 (34.6x median), `AMT_CREDIT` = -0.56 (16.5x median), `AMT_ANNUITY` = -0.72 (11.9x median), `BUREAU_COUNT` = 3.34 (11.8x median), `CC_MONTHS_COUNT` = 3.37 (8.7x median)","Ekstrem secara statistik tapi koheren — kemungkinan tail-end legitimate customer (VHNW, kasus khusus).",Routing: alihkan ke divisi Wealth Management / Priority Banking untuk potensi cross-sell.
218779,cluster_2,Tipe B - Rare but Valid,"`REGION_RATING_CLIENT_W_CITY` = 1.92 (34.6x median), `INST_SEVERE_LATE_RATIO` = 3.37 (21.0x median), `YEARS_BIRTH` = -0.74 (10.6x median), `BUREAU_COUNT` = 1.36 (8.6x median), `INST_LATE_RATIO` = 3.80 (7.1x median)","Ekstrem secara statistik tapi koheren — kemungkinan tail-end legitimate customer (VHNW, kasus khusus).",Routing: alihkan ke divisi Wealth Management / Priority Banking untuk potensi cross-sell.
219141,cluster_4,Tipe A - Data Error,"`EXT_SOURCE_1` = -0.70 (52.9x median), `CREDIT_TERM_MONTHS` = 1.27 (28.8x median), `POS_MONTHS_COUNT` = 0.72 (18.4x median), `BUREAU_COUNT` = 3.12 (18.3x median), `BUREAU_ACTIVE_RATIO` = 0.88 (15.9x median)","Deviasi fitur > 50x median klaster — kemungkinan kesalahan input/ETL (overflow, salah unit, atau sentinel value tidak ter-handle).",Data Engineering: tambahkan capping rule (Z-score>3 di tahap ingest) untuk mencegah kontaminasi model.
219260,cluster_2,Tipe B - Rare but Valid,"`AMT_INCOME_TOTAL` = 1.84 (15.8x median), `OWN_CAR_AGE` = 6.68 (15.7x median), `YEARS_BIRTH` = -0.63 (9.1x median), `YEARS_EMPLOYED` = 1.46 (7.4x median), `BUREAU_DAYS_CREDIT_MEAN` = -0.94 (5.8x median)","Ekstrem secara statistik tapi koheren — kemungkinan tail-end legitimate customer (VHNW, kasus khusus).",Routing: alihkan ke divisi Wealth Management / Priority Banking untuk potensi cross-sell.
219615,cluster_4,Tipe A - Data Error,"`EXT_SOURCE_1` = 1.89 (139.1x median), `POS_MONTHS_COUNT` = 1.53 (39.9x median), `REGION_RATING_CLIENT_W_CITY` = -2.04 (34.6x median), `BUREAU_DAYS_CREDIT_MEAN` = 1.45 (20.7x median), `CREDIT_TERM_MONTHS` = -0.94 (19.6x median)","Deviasi fitur > 50x median klaster — kemungkinan kesalahan input/ETL (overflow, salah unit, atau sentinel value tidak ter-handle).",Data Engineering: tambahkan capping rule (Z-score>3 di tahap ingest) untuk mencegah kontaminasi model.
219650,cluster_4,Tipe A - Data Error,"`EXT_SOURCE_1` = 1.98 (146.3x median), `POS_MONTHS_COUNT` = 3.43 (90.7x median), `YEARS_BIRTH` = 0.89 (27.5x median), `AMT_REQ_CREDIT_BUREAU_YEAR` = 3.00 (23.2x median), `INST_DPD_MAX` = 1.96 (19.8x median)","Deviasi fitur > 50x median klaster — kemungkinan kesalahan input/ETL (overflow, salah unit, atau sentinel value tidak ter-handle).",Data Engineering: tambahkan capping rule (Z-score>3 di tahap ingest) untuk mencegah kontaminasi model.
220062,cluster_0,Tipe B - Rare but Valid,"`REGION_RATING_CLIENT_W_CITY` = 1.92 (34.6x median), `EXT_SOURCE_2` = -2.18 (26.3x median), `INST_SEVERE_LATE_RATIO` = 3.82 (23.7x median), `BUREAU_ACTIVE_RATIO` = -1.11 (17.7x median), `INST_LATE_RATIO` = 7.12 (12.3x median)","Ekstrem secara statistik tapi koheren — kemungkinan tail-end legitimate customer (VHNW, kasus khusus).",Routing: alihkan ke divisi Wealth Management / Priority Banking untuk potensi cross-sell.
220092,cluster_0,Tipe B - Rare but Valid,"`INST_DPD_MAX` = 5.13 (32.9x median), `POS_SK_DPD_MEAN` = 1.79 (26.6x median), `INST_DPD_MEAN` = 2.13 (19.8x median), `EXT_SOURCE_3` = 1.69 (14.2x median), `BUREAU_ACTIVE_RATIO` = -0.63 (9.7x median)","Ekstrem secara statistik tapi koheren — kemungkinan tail-end legitimate customer (VHNW, kasus khusus).",Routing: alihkan ke divisi Wealth Management / Priority Banking untuk potensi cross-sell.
221109,cluster_4,Tipe B - Rare but Valid,"`BUREAU_ACTIVE_RATIO` = 0.99 (17.7x median), `POS_MONTHS_COUNT` = -0.45 (13.0x median), `YEARS_BIRTH` = 0.36 (11.8x median), `BUREAU_DAYS_CREDIT_MEAN` = -0.92 (11.4x median), `PREV_APPROVAL_RATE` = -1.68 (11.3x median)","Ekstrem secara statistik tapi koheren — kemungkinan tail-end legitimate customer (VHNW, kasus khusus).",Routing: alihkan ke divisi Wealth Management / Priority Banking untuk potensi cross-sell.
221168,cluster_4,Tipe A - Data Error,"`BUREAU_BB_SEVERE_DPD_MEAN` = 6.84 (134.5x median), `EXT_SOURCE_1` = 1.53 (112.7x median), `BUREAU_BB_DPD_RATIO_MEAN` = 3.89 (21.0x median), `BUREAU_DAYS_CREDIT_MEAN` = -1.62 (21.0x median), `POS_MONTHS_COUNT` = -0.69 (19.4x median)","Deviasi fitur > 50x median klaster — kemungkinan kesalahan input/ETL (overflow, salah unit, atau sentinel value tidak ter-handle).",Data Engineering: tambahkan capping rule (Z-score>3 di tahap ingest) untuk mencegah kontaminasi model.
221792,cluster_2,Tipe A - Data Error,"`EXT_SOURCE_1` = 1.97 (145.5x median), `AMT_INCOME_TOTAL` = -1.66 (16.2x median), `YEARS_EMPLOYED` = 3.26 (15.3x median), `ANNUITY_TO_INCOME` = 3.74 (8.4x median), `BUREAU_COUNT` = 0.92 (6.1x median)","Deviasi fitur > 50x median klaster — kemungkinan kesalahan input/ETL (overflow, salah unit, atau sentinel value tidak ter-handle).",Data Engineering: tambahkan capping rule (Z-score>3 di tahap ingest) untuk mencegah kontaminasi model.
222023,cluster_3,Tipe A - Data Error,"`CC_SK_DPD_MEAN` = 6.94 (140.4x median), `EXT_SOURCE_1` = 1.09 (79.9x median), `PREV_APPROVAL_RATE` = 0.96 (46.5x median), `REGION_RATING_CLIENT_W_CITY` = -2.04 (34.6x median), `BUREAU_COUNT` = 2.68 (15.9x median)","Deviasi fitur > 50x median klaster — kemungkinan kesalahan input/ETL (overflow, salah unit, atau sentinel value tidak ter-handle).",Data Engineering: tambahkan capping rule (Z-score>3 di tahap ingest) untuk mencegah kontaminasi model.
222136,cluster_3,Tipe B - Rare but Valid,"`POS_SK_DPD_MEAN` = 9.74 (49.8x median), `ANNUITY_TO_INCOME` = 1.24 (14.4x median), `EXT_SOURCE_1` = 0.20 (13.9x median), `CREDIT_TO_INCOME` = 1.38 (9.8x median), `CREDIT_TERM_MONTHS` = 0.52 (7.9x median)","Ekstrem secara statistik tapi koheren — kemungkinan tail-end legitimate customer (VHNW, kasus khusus).",Routing: alihkan ke divisi Wealth Management / Priority Banking untuk potensi cross-sell.
222258,cluster_3,Tipe A - Data Error,"`CC_SK_DPD_MEAN` = 4.20 (85.3x median), `EXT_SOURCE_1` = 0.83 (60.7x median), `CREDIT_TERM_MONTHS` = 1.27 (17.7x median), `ANNUITY_TO_INCOME` = 1.34 (15.4x median), `CREDIT_TO_INCOME` = 2.15 (14.6x median)","Deviasi fitur > 50x median klaster — kemungkinan kesalahan input/ETL (overflow, salah unit, atau sentinel value tidak ter-handle).",Data Engineering: tambahkan capping rule (Z-score>3 di tahap ingest) untuk mencegah kontaminasi model.
222410,cluster_3,Tipe A - Data Error,"`EXT_SOURCE_1` = 1.82 (134.3x median), `PREV_APPROVAL_RATE` = 0.96 (46.5x median), `REGION_RATING_CLIENT_W_CITY` = -2.04 (34.6x median), `BUREAU_BB_SEVERE_DPD_MEAN` = 1.37 (27.7x median), `BUREAU_DEBT_TO_CREDIT_RATIO` = 5.87 (18.6x median)","Deviasi fitur > 50x median klaster — kemungkinan kesalahan input/ETL (overflow, salah unit, atau sentinel value tidak ter-handle).",Data Engineering: tambahkan capping rule (Z-score>3 di tahap ingest) untuk mencegah kontaminasi model.
222587,cluster_0,Tipe A - Data Error,"`EXT_SOURCE_1` = -1.07 (80.7x median), `BUREAU_BB_DPD_RATIO_MEAN` = 12.09 (63.2x median), `INST_DPD_MAX` = 2.99 (19.6x median), `EXT_SOURCE_2` = -1.40 (17.3x median), `INST_DPD_MEAN` = 1.59 (15.0x median)","Deviasi fitur > 50x median klaster — kemungkinan kesalahan input/ETL (overflow, salah unit, atau sentinel value tidak ter-handle).",Data Engineering: tambahkan capping rule (Z-score>3 di tahap ingest) untuk mencegah kontaminasi model.
222816,cluster_3,Tipe A - Data Error,"`CC_SK_DPD_MEAN` = 2.82 (57.6x median), `PREV_APPROVAL_RATE` = 0.96 (46.5x median), `REGION_RATING_CLIENT_W_CITY` = 1.92 (34.6x median), `CREDIT_TERM_MONTHS` = 1.67 (23.0x median), `EXT_SOURCE_1` = 0.26 (18.4x median)","Deviasi fitur > 50x median klaster — kemungkinan kesalahan input/ETL (overflow, salah unit, atau sentinel value tidak ter-handle).",Data Engineering: tambahkan capping rule (Z-score>3 di tahap ingest) untuk mencegah kontaminasi model.
223331,cluster_1,Tipe A - Data Error,"`BUREAU_BB_SEVERE_DPD_MEAN` = 9.05 (177.8x median), `BUREAU_ACTIVE_RATIO` = 2.03 (35.5x median), `BUREAU_BB_DPD_RATIO_MEAN` = 5.33 (28.4x median), `BUREAU_DAYS_CREDIT_MEAN` = -2.37 (12.3x median), `BUREAU_DEBT_TO_CREDIT_RATIO` = -0.59 (10.5x median)","Deviasi fitur > 50x median klaster — kemungkinan kesalahan input/ETL (overflow, salah unit, atau sentinel value tidak ter-handle).",Data Engineering: tambahkan capping rule (Z-score>3 di tahap ingest) untuk mencegah kontaminasi model.
223708,cluster_3,Tipe A - Data Error,"`CC_SK_DPD_MEAN` = 8.29 (167.6x median), `BUREAU_ACTIVE_RATIO` = 2.03 (35.5x median), `CREDIT_TERM_MONTHS` = 1.27 (17.7x median), `CC_MONTHS_COUNT` = 3.45 (8.9x median), `PREV_APPROVAL_RATE` = -0.14 (7.7x median)","Deviasi fitur > 50x median klaster — kemungkinan kesalahan input/ETL (overflow, salah unit, atau sentinel value tidak ter-handle).",Data Engineering: tambahkan capping rule (Z-score>3 di tahap ingest) untuk mencegah kontaminasi model.
223735,cluster_3,Tipe A - Data Error,"`EXT_SOURCE_1` = -2.47 (184.1x median), `CC_SK_DPD_MEAN` = 6.23 (126.1x median), `CREDIT_TERM_MONTHS` = 1.70 (23.4x median), `CREDIT_TO_INCOME` = 1.64 (11.4x median), `YEARS_BIRTH` = -1.04 (9.0x median)","Deviasi fitur > 50x median klaster — kemungkinan kesalahan input/ETL (overflow, salah unit, atau sentinel value tidak ter-handle).",Data Engineering: tambahkan capping rule (Z-score>3 di tahap ingest) untuk mencegah kontaminasi model.
224138,cluster_3,Tipe B - Rare but Valid,"`PREV_APPROVAL_RATE` = 0.96 (46.5x median), `AMT_ANNUITY` = -1.43 (17.0x median), `EXT_SOURCE_3` = 1.80 (15.2x median), `YEARS_EMPLOYED` = 4.04 (13.0x median), `BUREAU_ACTIVE_RATIO` = 0.46 (8.9x median)","Ekstrem secara statistik tapi koheren — kemungkinan tail-end legitimate customer (VHNW, kasus khusus).",Routing: alihkan ke divisi Wealth Management / Priority Banking untuk potensi cross-sell.
224386,cluster_0,Tipe A - Data Error,"`EXT_SOURCE_1` = -1.66 (124.3x median), `REGION_RATING_CLIENT_W_CITY` = 1.92 (34.6x median), `INST_SEVERE_LATE_RATIO` = 5.15 (31.6x median), `BUREAU_ACTIVE_RATIO` = 0.99 (17.7x median), `EXT_SOURCE_2` = -0.94 (12.0x median)","Deviasi fitur > 50x median klaster — kemungkinan kesalahan input/ETL (overflow, salah unit, atau sentinel value tidak ter-handle).",Data Engineering: tambahkan capping rule (Z-score>3 di tahap ingest) untuk mencegah kontaminasi model.
224754,cluster_1,Tipe A - Data Error,"`EXT_SOURCE_1` = -1.44 (108.0x median), `REGION_RATING_CLIENT_W_CITY` = -2.04 (34.6x median), `AMT_CREDIT` = 0.47 (15.9x median), `PREV_REFUSED_COUNT` = 9.02 (12.7x median), `BUREAU_DEBT_TO_CREDIT_RATIO` = -0.59 (10.5x median)","Deviasi fitur > 50x median klaster — kemungkinan kesalahan input/ETL (overflow, salah unit, atau sentinel value tidak ter-handle).",Data Engineering: tambahkan capping rule (Z-score>3 di tahap ingest) untuk mencegah kontaminasi model.
224921,cluster_4,Tipe A - Data Error,"`POS_MONTHS_COUNT` = 2.06 (54.0x median), `REGION_RATING_CLIENT_W_CITY` = -2.04 (34.6x median), `YEARS_EMPLOYED` = 3.62 (18.3x median), `YEARS_BIRTH` = 0.47 (15.0x median), `AMT_REQ_CREDIT_BUREAU_YEAR` = 1.85 (13.9x median)","Deviasi fitur > 50x median klaster — kemungkinan kesalahan input/ETL (overflow, salah unit, atau sentinel value tidak ter-handle).",Data Engineering: tambahkan capping rule (Z-score>3 di tahap ingest) untuk mencegah kontaminasi model.
225339,cluster_3,Tipe A - Data Error,"`POS_SK_DPD_MEAN` = 22.95 (118.6x median), `PREV_APPROVAL_RATE` = 0.96 (46.5x median), `REGION_RATING_CLIENT_W_CITY` = -2.04 (34.6x median), `AMT_ANNUITY` = 2.54 (27.4x median), `BUREAU_ACTIVE_RATIO` = -1.11 (17.7x median)","Deviasi fitur > 50x median klaster — kemungkinan kesalahan input/ETL (overflow, salah unit, atau sentinel value tidak ter-handle).",Data Engineering: tambahkan capping rule (Z-score>3 di tahap ingest) untuk mencegah kontaminasi model.
225382,cluster_4,Tipe A - Data Error,"`EXT_SOURCE_1` = 2.63 (194.1x median), `BUREAU_DAYS_CREDIT_MEAN` = 1.45 (20.7x median), `CREDIT_TERM_MONTHS` = 0.85 (19.7x median), `POS_MONTHS_COUNT` = -0.69 (19.4x median), `BUREAU_ACTIVE_RATIO` = -1.11 (17.7x median)","Deviasi fitur > 50x median klaster — kemungkinan kesalahan input/ETL (overflow, salah unit, atau sentinel value tidak ter-handle).",Data Engineering: tambahkan capping rule (Z-score>3 di tahap ingest) untuk mencegah kontaminasi model.
225762,cluster_4,Tipe A - Data Error,"`EXT_SOURCE_1` = 1.30 (95.9x median), `INST_SEVERE_LATE_RATIO` = 3.37 (21.0x median), `CREDIT_TERM_MONTHS` = 0.85 (19.7x median), `YEARS_BIRTH` = -0.62 (17.5x median), `AMT_REQ_CREDIT_BUREAU_YEAR` = 1.85 (13.9x median)","Deviasi fitur > 50x median klaster — kemungkinan kesalahan input/ETL (overflow, salah unit, atau sentinel value tidak ter-handle).",Data Engineering: tambahkan capping rule (Z-score>3 di tahap ingest) untuk mencegah kontaminasi model.
226243,cluster_4,Tipe A - Data Error,"`EXT_SOURCE_1` = 1.90 (140.0x median), `POS_MONTHS_COUNT` = 2.54 (66.9x median), `YEARS_BIRTH` = 1.44 (43.9x median), `BUREAU_ACTIVE_RATIO` = 2.03 (35.5x median), `BUREAU_BB_DPD_RATIO_MEAN` = 6.53 (34.6x median)","Deviasi fitur > 50x median klaster — kemungkinan kesalahan input/ETL (overflow, salah unit, atau sentinel value tidak ter-handle).",Data Engineering: tambahkan capping rule (Z-score>3 di tahap ingest) untuk mencegah kontaminasi model.
226910,cluster_4,Tipe B - Rare but Valid,"`BUREAU_ACTIVE_RATIO` = 2.03 (35.5x median), `REGION_RATING_CLIENT_W_CITY` = -2.04 (34.6x median), `EXT_SOURCE_3` = -2.03 (19.3x median), `AMT_INCOME_TOTAL` = 2.20 (19.1x median), `POS_MONTHS_COUNT` = 0.60 (15.1x median)","Ekstrem secara statistik tapi koheren — kemungkinan tail-end legitimate customer (VHNW, kasus khusus).",Routing: alihkan ke divisi Wealth Management / Priority Banking untuk potensi cross-sell.
226977,cluster_3,Tipe A - Data Error,"`CC_SK_DPD_MEAN` = 9.87 (199.2x median), `EXT_SOURCE_1` = -0.81 (61.4x median), `REGION_RATING_CLIENT_W_CITY` = -2.04 (34.6x median), `BUREAU_ACTIVE_RATIO` = -1.11 (17.7x median), `CREDIT_TERM_MONTHS` = 1.19 (16.7x median)","Deviasi fitur > 50x median klaster — kemungkinan kesalahan input/ETL (overflow, salah unit, atau sentinel value tidak ter-handle).",Data Engineering: tambahkan capping rule (Z-score>3 di tahap ingest) untuk mencegah kontaminasi model.
227023,cluster_4,Tipe A - Data Error,"`EXT_SOURCE_1` = -2.43 (181.6x median), `YEARS_BIRTH` = -1.21 (35.0x median), `REGION_RATING_CLIENT_W_CITY` = 1.92 (34.6x median), `CREDIT_TERM_MONTHS` = -0.96 (20.0x median), `BUREAU_ACTIVE_RATIO` = 0.99 (17.7x median)","Deviasi fitur > 50x median klaster — kemungkinan kesalahan input/ETL (overflow, salah unit, atau sentinel value tidak ter-handle).",Data Engineering: tambahkan capping rule (Z-score>3 di tahap ingest) untuk mencegah kontaminasi model.
227113,cluster_1,Tipe A - Data Error,"`EXT_SOURCE_1` = -1.88 (140.6x median), `ANNUITY_TO_INCOME` = 4.12 (11.4x median), `AMT_INCOME_TOTAL` = -2.51 (9.9x median), `BUREAU_ACTIVE_RATIO` = 0.46 (8.9x median), `BUREAU_DAYS_CREDIT_MEAN` = 1.12 (7.3x median)","Deviasi fitur > 50x median klaster — kemungkinan kesalahan input/ETL (overflow, salah unit, atau sentinel value tidak ter-handle).",Data Engineering: tambahkan capping rule (Z-score>3 di tahap ingest) untuk mencegah kontaminasi model.
227173,cluster_4,Tipe A - Data Error,"`EXT_SOURCE_1` = 0.84 (61.4x median), `POS_MONTHS_COUNT` = 0.93 (23.7x median), `EXT_SOURCE_3` = -2.42 (22.7x median), `CREDIT_TERM_MONTHS` = -1.08 (22.6x median), `BUREAU_DEBT_TO_CREDIT_RATIO` = 1.12 (13.1x median)","Deviasi fitur > 50x median klaster — kemungkinan kesalahan input/ETL (overflow, salah unit, atau sentinel value tidak ter-handle).",Data Engineering: tambahkan capping rule (Z-score>3 di tahap ingest) untuk mencegah kontaminasi model.
227347,cluster_2,Tipe A - Data Error,"`EXT_SOURCE_1` = 0.84 (61.5x median), `BUREAU_COUNT` = 2.90 (17.1x median), `OWN_CAR_AGE` = 6.68 (15.7x median), `AMT_INCOME_TOTAL` = -1.59 (15.6x median), `EXT_SOURCE_3` = -1.40 (13.5x median)","Deviasi fitur > 50x median klaster — kemungkinan kesalahan input/ETL (overflow, salah unit, atau sentinel value tidak ter-handle).",Data Engineering: tambahkan capping rule (Z-score>3 di tahap ingest) untuk mencegah kontaminasi model.
227382,cluster_2,Tipe B - Rare but Valid,"`INST_SEVERE_LATE_RATIO` = 4.74 (29.1x median), `AMT_INCOME_TOTAL` = 1.72 (14.8x median), `INST_DPD_MAX` = 2.19 (14.6x median), `YEARS_BIRTH` = -0.93 (13.1x median), `INST_DPD_MEAN` = 1.22 (11.7x median)","Ekstrem secara statistik tapi koheren — kemungkinan tail-end legitimate customer (VHNW, kasus khusus).",Routing: alihkan ke divisi Wealth Management / Priority Banking untuk potensi cross-sell.
227460,cluster_4,Tipe B - Rare but Valid,"`POS_MONTHS_COUNT` = 1.61 (42.1x median), `INST_DPD_MAX` = 3.59 (35.5x median), `BUREAU_ACTIVE_RATIO` = 2.03 (35.5x median), `CREDIT_TERM_MONTHS` = -0.94 (19.5x median), `YEARS_BIRTH` = -0.58 (16.3x median)","Ekstrem secara statistik tapi koheren — kemungkinan tail-end legitimate customer (VHNW, kasus khusus).",Routing: alihkan ke divisi Wealth Management / Priority Banking untuk potensi cross-sell.
228439,cluster_3,Tipe A - Data Error,"`EXT_SOURCE_1` = -2.04 (152.6x median), `PREV_APPROVAL_RATE` = -2.34 (116.2x median), `BUREAU_ACTIVE_RATIO` = -1.11 (17.7x median), `CREDIT_TERM_MONTHS` = -1.31 (16.3x median), `AMT_ANNUITY` = 1.21 (12.5x median)","Deviasi fitur > 50x median klaster — kemungkinan kesalahan input/ETL (overflow, salah unit, atau sentinel value tidak ter-handle).",Data Engineering: tambahkan capping rule (Z-score>3 di tahap ingest) untuk mencegah kontaminasi model.
228719,cluster_4,Tipe A - Data Error,"`EXT_SOURCE_1` = 2.31 (170.7x median), `CREDIT_TERM_MONTHS` = 1.96 (43.9x median), `REGION_RATING_CLIENT_W_CITY` = -2.04 (34.6x median), `BUREAU_DAYS_CREDIT_MEAN` = 1.45 (20.7x median), `BUREAU_ACTIVE_RATIO` = -1.11 (17.7x median)","Deviasi fitur > 50x median klaster — kemungkinan kesalahan input/ETL (overflow, salah unit, atau sentinel value tidak ter-handle).",Data Engineering: tambahkan capping rule (Z-score>3 di tahap ingest) untuk mencegah kontaminasi model.
229227,cluster_4,Tipe A - Data Error,"`EXT_SOURCE_1` = 1.46 (107.3x median), `YEARS_BIRTH` = 1.63 (49.5x median), `INST_DPD_MAX` = 3.72 (36.7x median), `POS_MONTHS_COUNT` = 1.29 (33.5x median), `EXT_SOURCE_3` = -2.22 (21.0x median)","Deviasi fitur > 50x median klaster — kemungkinan kesalahan input/ETL (overflow, salah unit, atau sentinel value tidak ter-handle).",Data Engineering: tambahkan capping rule (Z-score>3 di tahap ingest) untuk mencegah kontaminasi model.
229247,cluster_0,Tipe A - Data Error,"`EXT_SOURCE_1` = -2.20 (164.3x median), `BUREAU_ACTIVE_RATIO` = 2.03 (35.5x median), `EXT_SOURCE_3` = -1.77 (16.9x median), `BUREAU_BB_DPD_RATIO_MEAN` = 0.87 (5.5x median), `AMT_INCOME_TOTAL` = 0.86 (5.0x median)","Deviasi fitur > 50x median klaster — kemungkinan kesalahan input/ETL (overflow, salah unit, atau sentinel value tidak ter-handle).",Data Engineering: tambahkan capping rule (Z-score>3 di tahap ingest) untuk mencegah kontaminasi model.
229467,cluster_1,Tipe A - Data Error,"`EXT_SOURCE_1` = 0.71 (52.1x median), `AMT_CREDIT` = -1.01 (30.8x median), `AMT_ANNUITY` = -1.37 (21.7x median), `INST_LATE_RATIO` = 1.39 (9.6x median), `BUREAU_DEBT_TO_CREDIT_RATIO` = -0.50 (8.9x median)","Deviasi fitur > 50x median klaster — kemungkinan kesalahan input/ETL (overflow, salah unit, atau sentinel value tidak ter-handle).",Data Engineering: tambahkan capping rule (Z-score>3 di tahap ingest) untuk mencegah kontaminasi model.
229574,cluster_3,Tipe A - Data Error,"`PREV_APPROVAL_RATE` = -1.02 (51.1x median), `POS_SK_DPD_MEAN` = 6.81 (34.5x median), `BUREAU_ACTIVE_RATIO` = 0.99 (17.7x median), `EXT_SOURCE_3` = -1.85 (17.6x median), `CREDIT_TERM_MONTHS` = -1.09 (13.3x median)","Deviasi fitur > 50x median klaster — kemungkinan kesalahan input/ETL (overflow, salah unit, atau sentinel value tidak ter-handle).",Data Engineering: tambahkan capping rule (Z-score>3 di tahap ingest) untuk mencegah kontaminasi model.
229850,cluster_4,Tipe A - Data Error,"`EXT_SOURCE_1` = 2.12 (156.4x median), `YEARS_BIRTH` = -1.23 (35.7x median), `REGION_RATING_CLIENT_W_CITY` = -2.04 (34.6x median), `CREDIT_TERM_MONTHS` = -1.10 (23.0x median), `AMT_INCOME_TOTAL` = 2.47 (21.6x median)","Deviasi fitur > 50x median klaster — kemungkinan kesalahan input/ETL (overflow, salah unit, atau sentinel value tidak ter-handle).",Data Engineering: tambahkan capping rule (Z-score>3 di tahap ingest) untuk mencegah kontaminasi model.
230161,cluster_3,Tipe A - Data Error,"`BUREAU_BB_SEVERE_DPD_MEAN` = 10.88 (213.4x median), `EXT_SOURCE_1` = 1.99 (146.7x median), `BUREAU_BB_DPD_RATIO_MEAN` = 6.40 (33.9x median), `POS_SK_DPD_MEAN` = 4.86 (24.3x median), `CREDIT_TERM_MONTHS` = -1.62 (20.3x median)","Deviasi fitur > 50x median klaster — kemungkinan kesalahan input/ETL (overflow, salah unit, atau sentinel value tidak ter-handle).",Data Engineering: tambahkan capping rule (Z-score>3 di tahap ingest) untuk mencegah kontaminasi model.
230220,cluster_4,Tipe B - Rare but Valid,"`CREDIT_TERM_MONTHS` = 2.16 (48.2x median), `AMT_INCOME_TOTAL` = 2.31 (20.1x median), `BUREAU_COUNT` = 2.68 (15.9x median), `BUREAU_DAYS_CREDIT_MEAN` = -1.21 (15.4x median), `AMT_REQ_CREDIT_BUREAU_YEAR` = 1.85 (13.9x median)","Ekstrem secara statistik tapi koheren — kemungkinan tail-end legitimate customer (VHNW, kasus khusus).",Routing: alihkan ke divisi Wealth Management / Priority Banking untuk potensi cross-sell.
230322,cluster_1,Tipe A - Data Error,"`EXT_SOURCE_1` = -2.32 (173.0x median), `AMT_CREDIT` = 1.14 (36.9x median), `REGION_RATING_CLIENT_W_CITY` = 1.92 (34.6x median), `BUREAU_DEBT_TO_CREDIT_RATIO` = 0.85 (17.7x median), `BUREAU_COUNT` = 3.78 (13.5x median)","Deviasi fitur > 50x median klaster — kemungkinan kesalahan input/ETL (overflow, salah unit, atau sentinel value tidak ter-handle).",Data Engineering: tambahkan capping rule (Z-score>3 di tahap ingest) untuk mencegah kontaminasi model.
230412,cluster_2,Tipe B - Rare but Valid,"`AMT_INCOME_TOTAL` = 2.31 (20.1x median), `YEARS_EMPLOYED` = 3.20 (15.0x median), `BUREAU_COUNT` = 2.24 (13.4x median), `ANNUITY_TO_INCOME` = -1.29 (4.2x median), `BUREAU_ACTIVE_RATIO` = 0.36 (3.2x median)","Ekstrem secara statistik tapi koheren — kemungkinan tail-end legitimate customer (VHNW, kasus khusus).",Routing: alihkan ke divisi Wealth Management / Priority Banking untuk potensi cross-sell.
230483,cluster_4,Tipe A - Data Error,"`EXT_SOURCE_1` = 2.84 (209.8x median), `YEARS_BIRTH` = 1.12 (34.3x median), `BUREAU_DAYS_CREDIT_MEAN` = 1.45 (20.7x median), `BUREAU_ACTIVE_RATIO` = -1.11 (17.7x median), `AMT_INCOME_TOTAL` = 1.24 (10.3x median)","Deviasi fitur > 50x median klaster — kemungkinan kesalahan input/ETL (overflow, salah unit, atau sentinel value tidak ter-handle).",Data Engineering: tambahkan capping rule (Z-score>3 di tahap ingest) untuk mencegah kontaminasi model.
230491,cluster_3,Tipe A - Data Error,"`CC_SK_DPD_MEAN` = 8.29 (167.4x median), `PREV_APPROVAL_RATE` = 0.30 (13.9x median), `AMT_ANNUITY` = 1.00 (10.1x median), `CC_MONTHS_COUNT` = 3.37 (8.7x median), `YEARS_BIRTH` = -0.86 (7.6x median)","Deviasi fitur > 50x median klaster — kemungkinan kesalahan input/ETL (overflow, salah unit, atau sentinel value tidak ter-handle).",Data Engineering: tambahkan capping rule (Z-score>3 di tahap ingest) untuk mencegah kontaminasi model.
230495,cluster_3,Tipe B - Rare but Valid,"`PREV_APPROVAL_RATE` = 0.96 (46.5x median), `EXT_SOURCE_1` = -0.50 (38.5x median), `BUREAU_ACTIVE_RATIO` = -1.11 (17.7x median), `EXT_SOURCE_3` = 1.81 (15.3x median), `CREDIT_TERM_MONTHS` = 0.78 (11.3x median)","Ekstrem secara statistik tapi koheren — kemungkinan tail-end legitimate customer (VHNW, kasus khusus).",Routing: alihkan ke divisi Wealth Management / Priority Banking untuk potensi cross-sell.
231025,cluster_1,Tipe A - Data Error,"`POS_SK_DPD_MEAN` = 12.33 (177.1x median), `BUREAU_BB_SEVERE_DPD_MEAN` = 3.14 (62.3x median), `AMT_CREDIT` = -0.83 (24.9x median), `BUREAU_BB_DPD_RATIO_MEAN` = 1.38 (8.1x median), `BUREAU_COUNT` = 2.02 (6.8x median)","Deviasi fitur > 50x median klaster — kemungkinan kesalahan input/ETL (overflow, salah unit, atau sentinel value tidak ter-handle).",Data Engineering: tambahkan capping rule (Z-score>3 di tahap ingest) untuk mencegah kontaminasi model.
231136,cluster_3,Tipe B - Rare but Valid,"`PREV_APPROVAL_RATE` = 0.96 (46.5x median), `REGION_RATING_CLIENT_W_CITY` = 1.92 (34.6x median), `BUREAU_ACTIVE_RATIO` = 0.46 (8.9x median), `CREDIT_TERM_MONTHS` = 0.56 (8.4x median), `YEARS_BIRTH` = 1.18 (8.1x median)","Ekstrem secara statistik tapi koheren — kemungkinan tail-end legitimate customer (VHNW, kasus khusus).",Routing: alihkan ke divisi Wealth Management / Priority Banking untuk potensi cross-sell.
231559,cluster_4,Tipe B - Rare but Valid,"`CREDIT_TERM_MONTHS` = 1.70 (38.1x median), `YEARS_BIRTH` = -0.85 (24.2x median), `BUREAU_DAYS_CREDIT_MEAN` = 1.45 (20.7x median), `BUREAU_ACTIVE_RATIO` = -1.11 (17.7x median), `BUREAU_DEBT_TO_CREDIT_RATIO` = -0.59 (5.3x median)","Ekstrem secara statistik tapi koheren — kemungkinan tail-end legitimate customer (VHNW, kasus khusus).",Routing: alihkan ke divisi Wealth Management / Priority Banking untuk potensi cross-sell.
232399,cluster_1,Tipe A - Data Error,"`EXT_SOURCE_1` = -2.07 (154.5x median), `REGION_RATING_CLIENT_W_CITY` = -2.04 (34.6x median), `BUREAU_ACTIVE_RATIO` = 1.25 (22.2x median), `BUREAU_DEBT_TO_CREDIT_RATIO` = 0.97 (20.0x median), `EXT_SOURCE_3` = -1.80 (9.7x median)","Deviasi fitur > 50x median klaster — kemungkinan kesalahan input/ETL (overflow, salah unit, atau sentinel value tidak ter-handle).",Data Engineering: tambahkan capping rule (Z-score>3 di tahap ingest) untuk mencegah kontaminasi model.
232868,cluster_3,Tipe B - Rare but Valid,"`REGION_RATING_CLIENT_W_CITY` = 1.92 (34.6x median), `EXT_SOURCE_1` = -0.39 (30.2x median), `CREDIT_TERM_MONTHS` = 1.28 (17.9x median), `BUREAU_ACTIVE_RATIO` = -1.11 (17.7x median), `BUREAU_DAYS_CREDIT_MEAN` = -1.99 (11.4x median)","Ekstrem secara statistik tapi koheren — kemungkinan tail-end legitimate customer (VHNW, kasus khusus).",Routing: alihkan ke divisi Wealth Management / Priority Banking untuk potensi cross-sell.
233785,cluster_4,Tipe A - Data Error,"`INST_PAYMENT_RATIO_MEAN` = 6.76 (611.2x median), `BUREAU_DAYS_CREDIT_MEAN` = -0.94 (11.8x median), `PREV_REFUSED_COUNT` = 4.56 (11.0x median), `AMT_INCOME_TOTAL` = 1.24 (10.3x median), `AMT_REQ_CREDIT_BUREAU_YEAR` = 1.27 (9.3x median)","Deviasi fitur > 50x median klaster — kemungkinan kesalahan input/ETL (overflow, salah unit, atau sentinel value tidak ter-handle).",Data Engineering: tambahkan capping rule (Z-score>3 di tahap ingest) untuk mencegah kontaminasi model.
234097,cluster_4,Tipe A - Data Error,"`INST_DPD_MAX` = 7.03 (68.6x median), `POS_MONTHS_COUNT` = 1.81 (47.5x median), `POS_SK_DPD_MEAN` = 2.25 (33.2x median), `YEARS_BIRTH` = 1.07 (32.8x median), `CREDIT_TERM_MONTHS` = 0.85 (19.7x median)","Deviasi fitur > 50x median klaster — kemungkinan kesalahan input/ETL (overflow, salah unit, atau sentinel value tidak ter-handle).",Data Engineering: tambahkan capping rule (Z-score>3 di tahap ingest) untuk mencegah kontaminasi model.
234122,cluster_2,Tipe A - Data Error,"`EXT_SOURCE_1` = 2.04 (150.8x median), `BUREAU_COUNT` = 4.66 (26.9x median), `YEARS_EMPLOYED` = 4.50 (20.8x median), `YEARS_BIRTH` = 0.88 (10.4x median), `INST_SEVERE_LATE_RATIO` = 1.28 (8.6x median)","Deviasi fitur > 50x median klaster — kemungkinan kesalahan input/ETL (overflow, salah unit, atau sentinel value tidak ter-handle).",Data Engineering: tambahkan capping rule (Z-score>3 di tahap ingest) untuk mencegah kontaminasi model.
234197,cluster_2,Tipe A - Data Error,"`EXT_SOURCE_1` = 2.02 (149.2x median), `REGION_RATING_CLIENT_W_CITY` = 1.92 (34.6x median), `YEARS_EMPLOYED` = 3.73 (17.4x median), `BUREAU_DAYS_CREDIT_MEAN` = 1.45 (11.5x median), `AMT_INCOME_TOTAL` = -1.06 (10.7x median)","Deviasi fitur > 50x median klaster — kemungkinan kesalahan input/ETL (overflow, salah unit, atau sentinel value tidak ter-handle).",Data Engineering: tambahkan capping rule (Z-score>3 di tahap ingest) untuk mencegah kontaminasi model.
234905,cluster_3,Tipe B - Rare but Valid,"`PREV_APPROVAL_RATE` = 0.96 (46.5x median), `EXT_SOURCE_1` = -0.56 (42.7x median), `REGION_RATING_CLIENT_W_CITY` = -2.04 (34.6x median), `AMT_ANNUITY` = -1.78 (20.9x median), `BUREAU_ACTIVE_RATIO` = -1.11 (17.7x median)","Ekstrem secara statistik tapi koheren — kemungkinan tail-end legitimate customer (VHNW, kasus khusus).",Routing: alihkan ke divisi Wealth Management / Priority Banking untuk potensi cross-sell.
234972,cluster_4,Tipe A - Data Error,"`POS_MONTHS_COUNT` = 2.62 (69.1x median), `EXT_SOURCE_1` = 0.70 (50.9x median), `YEARS_BIRTH` = -1.34 (38.8x median), `CREDIT_TERM_MONTHS` = -1.30 (27.4x median), `PREV_COUNT` = 7.60 (23.6x median)","Deviasi fitur > 50x median klaster — kemungkinan kesalahan input/ETL (overflow, salah unit, atau sentinel value tidak ter-handle).",Data Engineering: tambahkan capping rule (Z-score>3 di tahap ingest) untuk mencegah kontaminasi model.
234973,cluster_4,Tipe A - Data Error,"`EXT_SOURCE_1` = 0.90 (66.1x median), `POS_MONTHS_COUNT` = -0.69 (19.4x median), `INST_DPD_MAX` = 1.67 (17.1x median), `POS_SK_DPD_MEAN` = 0.93 (14.2x median), `BUREAU_COUNT` = 1.80 (11.0x median)","Deviasi fitur > 50x median klaster — kemungkinan kesalahan input/ETL (overflow, salah unit, atau sentinel value tidak ter-handle).",Data Engineering: tambahkan capping rule (Z-score>3 di tahap ingest) untuk mencegah kontaminasi model.
235000,cluster_0,Tipe B - Rare but Valid,"`INST_PAYMENT_RATIO_MEAN` = 0.39 (37.7x median), `EXT_SOURCE_3` = -1.62 (15.6x median), `EXT_SOURCE_2` = 1.01 (10.8x median), `AMT_INCOME_TOTAL` = -1.28 (5.0x median), `BUREAU_ACTIVE_RATIO` = -0.32 (4.4x median)","Ekstrem secara statistik tapi koheren — kemungkinan tail-end legitimate customer (VHNW, kasus khusus).",Routing: alihkan ke divisi Wealth Management / Priority Banking untuk potensi cross-sell.
235438,cluster_0,Tipe A - Data Error,"`EXT_SOURCE_1` = 1.15 (84.3x median), `REGION_RATING_CLIENT_W_CITY` = 1.92 (34.6x median), `EXT_SOURCE_3` = -1.71 (16.3x median), `BUREAU_ACTIVE_RATIO` = -0.82 (12.9x median), `BUREAU_COUNT` = 3.78 (10.5x median)","Deviasi fitur > 50x median klaster — kemungkinan kesalahan input/ETL (overflow, salah unit, atau sentinel value tidak ter-handle).",Data Engineering: tambahkan capping rule (Z-score>3 di tahap ingest) untuk mencegah kontaminasi model.
235562,cluster_4,Tipe A - Data Error,"`EXT_SOURCE_1` = 1.21 (89.0x median), `POS_MONTHS_COUNT` = 1.85 (48.6x median), `BUREAU_ACTIVE_RATIO` = 2.03 (35.5x median), `YEARS_BIRTH` = -0.51 (14.1x median), `YEARS_EMPLOYED` = 2.24 (11.7x median)","Deviasi fitur > 50x median klaster — kemungkinan kesalahan input/ETL (overflow, salah unit, atau sentinel value tidak ter-handle).",Data Engineering: tambahkan capping rule (Z-score>3 di tahap ingest) untuk mencegah kontaminasi model.
236061,cluster_3,Tipe B - Rare but Valid,"`PREV_APPROVAL_RATE` = -0.69 (34.9x median), `CC_AMT_BALANCE_MEAN` = 5.88 (20.1x median), `BUREAU_ACTIVE_RATIO` = -1.11 (17.7x median), `CREDIT_TERM_MONTHS` = 0.87 (12.4x median), `AMT_ANNUITY` = 0.75 (7.4x median)","Ekstrem secara statistik tapi koheren — kemungkinan tail-end legitimate customer (VHNW, kasus khusus).",Routing: alihkan ke divisi Wealth Management / Priority Banking untuk potensi cross-sell.
236321,cluster_4,Tipe A - Data Error,"`EXT_SOURCE_1` = 0.95 (69.5x median), `POS_MONTHS_COUNT` = 2.42 (63.7x median), `REGION_RATING_CLIENT_W_CITY` = -2.04 (34.6x median), `YEARS_BIRTH` = -0.99 (28.6x median), `CREDIT_TERM_MONTHS` = -1.32 (28.0x median)","Deviasi fitur > 50x median klaster — kemungkinan kesalahan input/ETL (overflow, salah unit, atau sentinel value tidak ter-handle).",Data Engineering: tambahkan capping rule (Z-score>3 di tahap ingest) untuk mencegah kontaminasi model.
236423,cluster_3,Tipe A - Data Error,"`EXT_SOURCE_1` = -1.07 (80.6x median), `POS_SK_DPD_MEAN` = 4.33 (21.6x median), `AMT_ANNUITY` = 1.27 (13.2x median), `BUREAU_COUNT` = 1.36 (8.6x median), `ANNUITY_TO_INCOME` = 0.58 (7.2x median)","Deviasi fitur > 50x median klaster — kemungkinan kesalahan input/ETL (overflow, salah unit, atau sentinel value tidak ter-handle).",Data Engineering: tambahkan capping rule (Z-score>3 di tahap ingest) untuk mencegah kontaminasi model.
236631,cluster_4,Tipe A - Data Error,"`INST_DPD_MAX` = 7.69 (74.8x median), `POS_SK_DPD_MEAN` = 3.87 (56.2x median), `CREDIT_TERM_MONTHS` = 2.16 (48.3x median), `REGION_RATING_CLIENT_W_CITY` = -2.04 (34.6x median), `POS_MONTHS_COUNT` = 0.80 (20.5x median)","Deviasi fitur > 50x median klaster — kemungkinan kesalahan input/ETL (overflow, salah unit, atau sentinel value tidak ter-handle).",Data Engineering: tambahkan capping rule (Z-score>3 di tahap ingest) untuk mencegah kontaminasi model.
237119,cluster_0,Tipe A - Data Error,"`EXT_SOURCE_1` = -2.97 (221.6x median), `BUREAU_ACTIVE_RATIO` = 2.03 (35.5x median), `EXT_SOURCE_3` = -2.65 (24.8x median), `EXT_SOURCE_2` = -1.71 (20.9x median), `OWN_CAR_AGE` = 6.68 (15.7x median)","Deviasi fitur > 50x median klaster — kemungkinan kesalahan input/ETL (overflow, salah unit, atau sentinel value tidak ter-handle).",Data Engineering: tambahkan capping rule (Z-score>3 di tahap ingest) untuk mencegah kontaminasi model.
237132,cluster_3,Tipe B - Rare but Valid,"`EXT_SOURCE_1` = -0.64 (48.4x median), `CREDIT_TERM_MONTHS` = -1.62 (20.4x median), `POS_SK_DPD_MEAN` = 3.65 (18.0x median), `BUREAU_ACTIVE_RATIO` = -1.11 (17.7x median), `EXT_SOURCE_3` = 1.68 (14.1x median)","Ekstrem secara statistik tapi koheren — kemungkinan tail-end legitimate customer (VHNW, kasus khusus).",Routing: alihkan ke divisi Wealth Management / Priority Banking untuk potensi cross-sell.
237205,cluster_4,Tipe B - Rare but Valid,"`AMT_REQ_CREDIT_BUREAU_YEAR` = 3.58 (27.8x median), `AMT_ANNUITY` = -2.35 (17.7x median), `BUREAU_ACTIVE_RATIO` = 0.78 (14.2x median), `YEARS_BIRTH` = -0.49 (13.5x median), `PREV_REFUSED_COUNT` = 5.67 (13.5x median)","Ekstrem secara statistik tapi koheren — kemungkinan tail-end legitimate customer (VHNW, kasus khusus).",Routing: alihkan ke divisi Wealth Management / Priority Banking untuk potensi cross-sell.
237599,cluster_0,Tipe A - Data Error,"`EXT_SOURCE_1` = 0.74 (54.0x median), `REGION_RATING_CLIENT_W_CITY` = 1.92 (34.6x median), `BUREAU_ACTIVE_RATIO` = 0.69 (12.7x median), `EXT_SOURCE_3` = -1.04 (10.3x median), `CNT_CHILDREN` = 3.60 (7.2x median)","Deviasi fitur > 50x median klaster — kemungkinan kesalahan input/ETL (overflow, salah unit, atau sentinel value tidak ter-handle).",Data Engineering: tambahkan capping rule (Z-score>3 di tahap ingest) untuk mencegah kontaminasi model.
238686,cluster_4,Tipe B - Rare but Valid,"`YEARS_BIRTH` = 1.29 (39.5x median), `POS_MONTHS_COUNT` = 0.93 (23.7x median), `BUREAU_DAYS_CREDIT_MEAN` = -1.78 (23.2x median), `YEARS_EMPLOYED` = 3.91 (19.7x median), `BUREAU_ACTIVE_RATIO` = -1.11 (17.7x median)","Ekstrem secara statistik tapi koheren — kemungkinan tail-end legitimate customer (VHNW, kasus khusus).",Routing: alihkan ke divisi Wealth Management / Priority Banking untuk potensi cross-sell.
238749,cluster_4,Tipe A - Data Error,"`EXT_SOURCE_1` = 2.11 (155.6x median), `BUREAU_DAYS_CREDIT_MEAN` = -1.38 (17.8x median), `INST_DPD_MAX` = 1.68 (17.2x median), `CREDIT_TERM_MONTHS` = 0.54 (12.8x median), `AMT_REQ_CREDIT_BUREAU_YEAR` = 1.27 (9.3x median)","Deviasi fitur > 50x median klaster — kemungkinan kesalahan input/ETL (overflow, salah unit, atau sentinel value tidak ter-handle).",Data Engineering: tambahkan capping rule (Z-score>3 di tahap ingest) untuk mencegah kontaminasi model.
238870,cluster_3,Tipe B - Rare but Valid,"`PREV_APPROVAL_RATE` = 0.96 (46.5x median), `BUREAU_ACTIVE_RATIO` = -1.11 (17.7x median), `BUREAU_DAYS_CREDIT_MEAN` = 1.45 (10.1x median), `ANNUITY_TO_INCOME` = -0.62 (5.7x median), `CREDIT_TERM_MONTHS` = 0.33 (5.4x median)","Ekstrem secara statistik tapi koheren — kemungkinan tail-end legitimate customer (VHNW, kasus khusus).",Routing: alihkan ke divisi Wealth Management / Priority Banking untuk potensi cross-sell.
238955,cluster_3,Tipe A - Data Error,"`CC_SK_DPD_MEAN` = 10.80 (217.9x median), `PREV_APPROVAL_RATE` = -2.34 (116.2x median), `ANNUITY_TO_INCOME` = 2.68 (29.8x median), `AMT_ANNUITY` = 2.43 (26.1x median), `BUREAU_ACTIVE_RATIO` = -1.11 (17.7x median)","Deviasi fitur > 50x median klaster — kemungkinan kesalahan input/ETL (overflow, salah unit, atau sentinel value tidak ter-handle).",Data Engineering: tambahkan capping rule (Z-score>3 di tahap ingest) untuk mencegah kontaminasi model.
239019,cluster_2,Tipe A - Data Error,"`EXT_SOURCE_1` = 1.01 (73.7x median), `REGION_RATING_CLIENT_W_CITY` = 1.92 (34.6x median), `CC_MONTHS_COUNT` = 3.41 (8.8x median), `BUREAU_COUNT` = 1.36 (8.6x median), `YEARS_BIRTH` = 0.64 (7.3x median)","Deviasi fitur > 50x median klaster — kemungkinan kesalahan input/ETL (overflow, salah unit, atau sentinel value tidak ter-handle).",Data Engineering: tambahkan capping rule (Z-score>3 di tahap ingest) untuk mencegah kontaminasi model.
239257,cluster_4,Tipe A - Data Error,"`EXT_SOURCE_1` = 1.14 (83.8x median), `CREDIT_TERM_MONTHS` = 2.16 (48.3x median), `REGION_RATING_CLIENT_W_CITY` = -2.04 (34.6x median), `AMT_INCOME_TOTAL` = 2.20 (19.1x median), `BUREAU_ACTIVE_RATIO` = 0.99 (17.7x median)","Deviasi fitur > 50x median klaster — kemungkinan kesalahan input/ETL (overflow, salah unit, atau sentinel value tidak ter-handle).",Data Engineering: tambahkan capping rule (Z-score>3 di tahap ingest) untuk mencegah kontaminasi model.
240107,cluster_4,Tipe B - Rare but Valid,"`REGION_RATING_CLIENT_W_CITY` = -2.04 (34.6x median), `POS_MONTHS_COUNT` = -1.13 (31.3x median), `BUREAU_DAYS_CREDIT_MEAN` = 1.45 (20.7x median), `AMT_INCOME_TOTAL` = 2.31 (20.1x median), `BUREAU_ACTIVE_RATIO` = -1.11 (17.7x median)","Ekstrem secara statistik tapi koheren — kemungkinan tail-end legitimate customer (VHNW, kasus khusus).",Routing: alihkan ke divisi Wealth Management / Priority Banking untuk potensi cross-sell.
240206,cluster_4,Tipe B - Rare but Valid,"`YEARS_BIRTH` = -1.24 (35.8x median), `POS_MONTHS_COUNT` = -0.69 (19.4x median), `EXT_SOURCE_3` = -1.38 (13.4x median), `BUREAU_DEBT_TO_CREDIT_RATIO` = 0.85 (10.1x median), `BUREAU_COUNT` = 1.58 (9.8x median)","Ekstrem secara statistik tapi koheren — kemungkinan tail-end legitimate customer (VHNW, kasus khusus).",Routing: alihkan ke divisi Wealth Management / Priority Banking untuk potensi cross-sell.
240211,cluster_3,Tipe B - Rare but Valid,"`PREV_APPROVAL_RATE` = 0.96 (46.5x median), `POS_SK_DPD_MEAN` = 8.70 (44.4x median), `AMT_ANNUITY` = -2.84 (32.8x median), `BUREAU_ACTIVE_RATIO` = -1.11 (17.7x median), `AMT_CREDIT` = -2.29 (15.6x median)","Ekstrem secara statistik tapi koheren — kemungkinan tail-end legitimate customer (VHNW, kasus khusus).",Routing: alihkan ke divisi Wealth Management / Priority Banking untuk potensi cross-sell.
240255,cluster_2,Tipe B - Rare but Valid,"`INST_SEVERE_LATE_RATIO` = 6.37 (38.9x median), `YEARS_BIRTH` = 1.32 (16.1x median), `INST_DPD_MEAN` = 1.45 (13.7x median), `BUREAU_ACTIVE_RATIO` = 2.03 (13.4x median), `INST_DPD_MAX` = 1.62 (11.1x median)","Ekstrem secara statistik tapi koheren — kemungkinan tail-end legitimate customer (VHNW, kasus khusus).",Routing: alihkan ke divisi Wealth Management / Priority Banking untuk potensi cross-sell.
240698,cluster_2,Tipe A - Data Error,"`EXT_SOURCE_1` = 0.94 (68.8x median), `REGION_RATING_CLIENT_W_CITY` = -2.04 (34.6x median), `YEARS_EMPLOYED` = 1.98 (9.7x median), `EXT_SOURCE_3` = 0.98 (7.8x median), `CNT_CHILDREN` = 2.21 (4.8x median)","Deviasi fitur > 50x median klaster — kemungkinan kesalahan input/ETL (overflow, salah unit, atau sentinel value tidak ter-handle).",Data Engineering: tambahkan capping rule (Z-score>3 di tahap ingest) untuk mencegah kontaminasi model.
240701,cluster_3,Tipe A - Data Error,"`EXT_SOURCE_1` = -1.12 (84.3x median), `BUREAU_ACTIVE_RATIO` = 2.03 (35.5x median), `AMT_ANNUITY` = -1.56 (18.5x median), `AMT_CREDIT` = -1.16 (8.4x median), `PREV_APPROVAL_RATE` = -0.14 (7.7x median)","Deviasi fitur > 50x median klaster — kemungkinan kesalahan input/ETL (overflow, salah unit, atau sentinel value tidak ter-handle).",Data Engineering: tambahkan capping rule (Z-score>3 di tahap ingest) untuk mencegah kontaminasi model.
240723,cluster_4,Tipe A - Data Error,"`YEARS_BIRTH` = 1.67 (50.8x median), `REGION_RATING_CLIENT_W_CITY` = -2.04 (34.6x median), `AMT_INCOME_TOTAL` = 2.47 (21.6x median), `BUREAU_COUNT` = 2.90 (17.1x median), `AMT_REQ_CREDIT_BUREAU_YEAR` = 1.85 (13.9x median)","Deviasi fitur > 50x median klaster — kemungkinan kesalahan input/ETL (overflow, salah unit, atau sentinel value tidak ter-handle).",Data Engineering: tambahkan capping rule (Z-score>3 di tahap ingest) untuk mencegah kontaminasi model.
241346,cluster_3,Tipe A - Data Error,"`EXT_SOURCE_1` = 1.97 (145.6x median), `PREV_APPROVAL_RATE` = -1.51 (75.5x median), `EXT_SOURCE_3` = -1.97 (18.7x median), `BUREAU_ACTIVE_RATIO` = 0.86 (15.5x median), `EXT_SOURCE_2` = -2.69 (14.4x median)","Deviasi fitur > 50x median klaster — kemungkinan kesalahan input/ETL (overflow, salah unit, atau sentinel value tidak ter-handle).",Data Engineering: tambahkan capping rule (Z-score>3 di tahap ingest) untuk mencegah kontaminasi model.
241410,cluster_4,Tipe A - Data Error,"`EXT_SOURCE_1` = -1.87 (139.6x median), `REGION_RATING_CLIENT_W_CITY` = -2.04 (34.6x median), `POS_MONTHS_COUNT` = -1.13 (31.3x median), `YEARS_BIRTH` = -1.00 (28.8x median), `AMT_INCOME_TOTAL` = 2.08 (18.1x median)","Deviasi fitur > 50x median klaster — kemungkinan kesalahan input/ETL (overflow, salah unit, atau sentinel value tidak ter-handle).",Data Engineering: tambahkan capping rule (Z-score>3 di tahap ingest) untuk mencegah kontaminasi model.
241437,cluster_0,Tipe B - Rare but Valid,"`REGION_RATING_CLIENT_W_CITY` = 1.92 (34.6x median), `EXT_SOURCE_3` = -1.63 (15.6x median), `BUREAU_BB_DPD_RATIO_MEAN` = 1.55 (9.0x median), `BUREAU_COUNT` = 3.12 (8.8x median), `INST_SEVERE_LATE_RATIO` = 1.08 (7.4x median)","Ekstrem secara statistik tapi koheren — kemungkinan tail-end legitimate customer (VHNW, kasus khusus).",Routing: alihkan ke divisi Wealth Management / Priority Banking untuk potensi cross-sell.
241444,cluster_2,Tipe C - Risk Signal,"`YEARS_EMPLOYED` = 6.36 (29.0x median), `YEARS_BIRTH` = 1.70 (21.0x median), `EXT_SOURCE_3` = 0.93 (7.3x median), `ANNUITY_TO_INCOME` = 3.11 (6.8x median), `CREDIT_TO_INCOME` = 2.02 (2.8x median)","Kombinasi finansial kontradiktif (mis. rasio cicilan/pendapatan ekstrem, income rendah + credit besar, atau skor eksternal tinggi di cluster bermasalah).","Underwriting: matikan auto-approve, wajibkan manual review oleh underwriter senior + verifikasi pendapatan fisik."
241945,cluster_3,Tipe A - Data Error,"`CC_SK_DPD_MEAN` = 23.06 (464.2x median), `PREV_APPROVAL_RATE` = 0.96 (46.5x median), `BUREAU_ACTIVE_RATIO` = 1.41 (24.8x median), `ANNUITY_TO_INCOME` = 1.21 (14.0x median), `EXT_SOURCE_3` = -1.44 (13.9x median)","Deviasi fitur > 50x median klaster — kemungkinan kesalahan input/ETL (overflow, salah unit, atau sentinel value tidak ter-handle).",Data Engineering: tambahkan capping rule (Z-score>3 di tahap ingest) untuk mencegah kontaminasi model.
242028,cluster_4,Tipe B - Rare but Valid,"`CREDIT_TERM_MONTHS` = -1.31 (27.6x median), `POS_MONTHS_COUNT` = 1.05 (27.0x median), `AMT_REQ_CREDIT_BUREAU_YEAR` = 3.00 (23.2x median), `BUREAU_DEBT_TO_CREDIT_RATIO` = 1.53 (17.6x median), `YEARS_EMPLOYED` = 2.16 (11.3x median)","Ekstrem secara statistik tapi koheren — kemungkinan tail-end legitimate customer (VHNW, kasus khusus).",Routing: alihkan ke divisi Wealth Management / Priority Banking untuk potensi cross-sell.
242296,cluster_0,Tipe B - Rare but Valid,"`REGION_RATING_CLIENT_W_CITY` = 1.92 (34.6x median), `BUREAU_ACTIVE_RATIO` = 1.14 (20.3x median), `EXT_SOURCE_3` = -1.91 (18.2x median), `AMT_INCOME_TOTAL` = -2.13 (9.0x median), `INST_LATE_RATIO` = 2.32 (4.7x median)","Ekstrem secara statistik tapi koheren — kemungkinan tail-end legitimate customer (VHNW, kasus khusus).",Routing: alihkan ke divisi Wealth Management / Priority Banking untuk potensi cross-sell.
242343,cluster_0,Tipe A - Data Error,"`EXT_SOURCE_1` = 1.61 (118.3x median), `EXT_SOURCE_2` = -1.44 (17.8x median), `EXT_SOURCE_3` = -1.18 (11.6x median), `BUREAU_ACTIVE_RATIO` = 0.46 (8.9x median), `CNT_CHILDREN` = 2.21 (4.8x median)","Deviasi fitur > 50x median klaster — kemungkinan kesalahan input/ETL (overflow, salah unit, atau sentinel value tidak ter-handle).",Data Engineering: tambahkan capping rule (Z-score>3 di tahap ingest) untuk mencegah kontaminasi model.
242799,cluster_2,Tipe A - Data Error,"`EXT_SOURCE_1` = -2.11 (157.7x median), `REGION_RATING_CLIENT_W_CITY` = -2.04 (34.6x median), `EXT_SOURCE_3` = -1.75 (16.7x median), `AMT_INCOME_TOTAL` = 1.84 (15.8x median), `YEARS_BIRTH` = -1.10 (15.2x median)","Deviasi fitur > 50x median klaster — kemungkinan kesalahan input/ETL (overflow, salah unit, atau sentinel value tidak ter-handle).",Data Engineering: tambahkan capping rule (Z-score>3 di tahap ingest) untuk mencegah kontaminasi model.
242962,cluster_4,Tipe B - Rare but Valid,"`BUREAU_ACTIVE_RATIO` = 2.03 (35.5x median), `YEARS_BIRTH` = 0.78 (24.3x median), `POS_MONTHS_COUNT` = -0.85 (23.7x median), `AMT_REQ_CREDIT_BUREAU_YEAR` = 2.43 (18.5x median), `BUREAU_DAYS_CREDIT_MEAN` = 1.04 (15.1x median)","Ekstrem secara statistik tapi koheren — kemungkinan tail-end legitimate customer (VHNW, kasus khusus).",Routing: alihkan ke divisi Wealth Management / Priority Banking untuk potensi cross-sell.
243093,cluster_4,Tipe A - Data Error,"`EXT_SOURCE_1` = -2.43 (181.1x median), `CREDIT_TERM_MONTHS` = 1.68 (37.7x median), `YEARS_BIRTH` = -1.13 (32.6x median), `BUREAU_DEBT_TO_CREDIT_RATIO` = 1.82 (20.7x median), `BUREAU_DAYS_CREDIT_MEAN` = -0.63 (7.5x median)","Deviasi fitur > 50x median klaster — kemungkinan kesalahan input/ETL (overflow, salah unit, atau sentinel value tidak ter-handle).",Data Engineering: tambahkan capping rule (Z-score>3 di tahap ingest) untuk mencegah kontaminasi model.
243535,cluster_3,Tipe A - Data Error,"`EXT_SOURCE_1` = 0.86 (63.2x median), `PREV_APPROVAL_RATE` = 0.96 (46.5x median), `REGION_RATING_CLIENT_W_CITY` = 1.92 (34.6x median), `BUREAU_BB_DPD_RATIO_MEAN` = 3.10 (17.0x median), `AMT_ANNUITY` = -1.10 (13.3x median)","Deviasi fitur > 50x median klaster — kemungkinan kesalahan input/ETL (overflow, salah unit, atau sentinel value tidak ter-handle).",Data Engineering: tambahkan capping rule (Z-score>3 di tahap ingest) untuk mencegah kontaminasi model.
244163,cluster_1,Tipe A - Data Error,"`BUREAU_BB_SEVERE_DPD_MEAN` = 22.93 (448.8x median), `BUREAU_BB_DPD_RATIO_MEAN` = 12.13 (63.4x median), `BUREAU_ACTIVE_RATIO` = 2.03 (35.5x median), `AMT_ANNUITY` = 2.21 (32.6x median), `EXT_SOURCE_1` = -0.32 (24.5x median)","Deviasi fitur > 50x median klaster — kemungkinan kesalahan input/ETL (overflow, salah unit, atau sentinel value tidak ter-handle).",Data Engineering: tambahkan capping rule (Z-score>3 di tahap ingest) untuk mencegah kontaminasi model.
244523,cluster_4,Tipe A - Data Error,"`EXT_SOURCE_1` = 0.74 (53.6x median), `CREDIT_TERM_MONTHS` = -1.07 (22.4x median), `POS_MONTHS_COUNT` = -0.41 (11.9x median), `BUREAU_ACTIVE_RATIO` = 0.46 (8.9x median), `ANNUITY_TO_INCOME` = 1.94 (8.2x median)","Deviasi fitur > 50x median klaster — kemungkinan kesalahan input/ETL (overflow, salah unit, atau sentinel value tidak ter-handle).",Data Engineering: tambahkan capping rule (Z-score>3 di tahap ingest) untuk mencegah kontaminasi model.
244641,cluster_2,Tipe C - Risk Signal,"`AMT_INCOME_TOTAL` = -3.11 (29.5x median), `YEARS_BIRTH` = 1.34 (16.3x median), `ANNUITY_TO_INCOME` = 5.64 (13.2x median), `CREDIT_TO_INCOME` = 6.75 (11.6x median), `BUREAU_DAYS_CREDIT_MEAN` = 1.45 (11.5x median)","Kombinasi finansial kontradiktif (mis. rasio cicilan/pendapatan ekstrem, income rendah + credit besar, atau skor eksternal tinggi di cluster bermasalah).","Underwriting: matikan auto-approve, wajibkan manual review oleh underwriter senior + verifikasi pendapatan fisik."
244857,cluster_4,Tipe A - Data Error,"`EXT_SOURCE_1` = -1.28 (96.1x median), `BUREAU_BB_SEVERE_DPD_MEAN` = 3.54 (70.1x median), `AMT_REQ_CREDIT_BUREAU_YEAR` = 3.00 (23.2x median), `CREDIT_TERM_MONTHS` = -0.93 (19.4x median), `BUREAU_BB_DPD_RATIO_MEAN` = 3.23 (17.6x median)","Deviasi fitur > 50x median klaster — kemungkinan kesalahan input/ETL (overflow, salah unit, atau sentinel value tidak ter-handle).",Data Engineering: tambahkan capping rule (Z-score>3 di tahap ingest) untuk mencegah kontaminasi model.
244957,cluster_3,Tipe A - Data Error,"`CC_SK_DPD_MEAN` = 27.41 (551.6x median), `BUREAU_BB_SEVERE_DPD_MEAN` = 7.93 (155.8x median), `PREV_APPROVAL_RATE` = 0.96 (46.5x median), `AMT_ANNUITY` = -2.32 (27.0x median), `BUREAU_BB_DPD_RATIO_MEAN` = 4.78 (25.6x median)","Deviasi fitur > 50x median klaster — kemungkinan kesalahan input/ETL (overflow, salah unit, atau sentinel value tidak ter-handle).",Data Engineering: tambahkan capping rule (Z-score>3 di tahap ingest) untuk mencegah kontaminasi model.
245201,cluster_4,Tipe A - Data Error,"`POS_MONTHS_COUNT` = 2.54 (66.9x median), `REGION_RATING_CLIENT_W_CITY` = -2.04 (34.6x median), `BUREAU_ACTIVE_RATIO` = 1.68 (29.5x median), `YEARS_BIRTH` = 0.78 (24.3x median), `EXT_SOURCE_3` = -2.46 (23.1x median)","Deviasi fitur > 50x median klaster — kemungkinan kesalahan input/ETL (overflow, salah unit, atau sentinel value tidak ter-handle).",Data Engineering: tambahkan capping rule (Z-score>3 di tahap ingest) untuk mencegah kontaminasi model.
245648,cluster_4,Tipe A - Data Error,"`EXT_SOURCE_1` = 1.65 (121.9x median), `POS_MONTHS_COUNT` = 3.51 (92.8x median), `CREDIT_TERM_MONTHS` = 0.99 (22.6x median), `YEARS_BIRTH` = -0.68 (19.4x median), `EXT_SOURCE_3` = -1.80 (17.1x median)","Deviasi fitur > 50x median klaster — kemungkinan kesalahan input/ETL (overflow, salah unit, atau sentinel value tidak ter-handle).",Data Engineering: tambahkan capping rule (Z-score>3 di tahap ingest) untuk mencegah kontaminasi model.
245842,cluster_3,Tipe A - Data Error,"`BUREAU_BB_SEVERE_DPD_MEAN` = 6.98 (137.4x median), `EXT_SOURCE_1` = 1.28 (93.8x median), `PREV_APPROVAL_RATE` = 0.96 (46.5x median), `BUREAU_BB_DPD_RATIO_MEAN` = 5.08 (27.1x median), `AMT_ANNUITY` = -1.48 (17.5x median)","Deviasi fitur > 50x median klaster — kemungkinan kesalahan input/ETL (overflow, salah unit, atau sentinel value tidak ter-handle).",Data Engineering: tambahkan capping rule (Z-score>3 di tahap ingest) untuk mencegah kontaminasi model.
246369,cluster_3,Tipe B - Rare but Valid,"`POS_SK_DPD_MEAN` = 8.24 (42.0x median), `PREV_APPROVAL_RATE` = -0.69 (34.9x median), `CC_AMT_BALANCE_MEAN` = 3.43 (12.1x median), `AMT_ANNUITY` = 1.11 (11.4x median), `CC_UTILIZATION_MEAN` = 3.63 (9.9x median)","Ekstrem secara statistik tapi koheren — kemungkinan tail-end legitimate customer (VHNW, kasus khusus).",Routing: alihkan ke divisi Wealth Management / Priority Banking untuk potensi cross-sell.
247049,cluster_3,Tipe A - Data Error,"`EXT_SOURCE_1` = -1.49 (111.8x median), `POS_SK_DPD_MEAN` = 11.89 (61.0x median), `PREV_APPROVAL_RATE` = 0.96 (46.5x median), `CREDIT_TERM_MONTHS` = -1.40 (17.5x median), `EXT_SOURCE_3` = 1.64 (13.8x median)","Deviasi fitur > 50x median klaster — kemungkinan kesalahan input/ETL (overflow, salah unit, atau sentinel value tidak ter-handle).",Data Engineering: tambahkan capping rule (Z-score>3 di tahap ingest) untuk mencegah kontaminasi model.
247128,cluster_3,Tipe B - Rare but Valid,"`PREV_APPROVAL_RATE` = 0.96 (46.5x median), `POS_SK_DPD_MEAN` = 8.13 (41.4x median), `AMT_ANNUITY` = -1.78 (20.9x median), `ANNUITY_TO_INCOME` = -1.07 (10.5x median), `AMT_CREDIT` = -1.33 (9.4x median)","Ekstrem secara statistik tapi koheren — kemungkinan tail-end legitimate customer (VHNW, kasus khusus).",Routing: alihkan ke divisi Wealth Management / Priority Banking untuk potensi cross-sell.
247167,cluster_0,Tipe B - Rare but Valid,"`BUREAU_ACTIVE_RATIO` = 2.03 (35.5x median), `OWN_CAR_AGE` = 6.68 (15.7x median), `EXT_SOURCE_3` = -1.45 (14.0x median), `EXT_SOURCE_2` = -1.05 (13.2x median), `AMT_INCOME_TOTAL` = -1.06 (4.0x median)","Ekstrem secara statistik tapi koheren — kemungkinan tail-end legitimate customer (VHNW, kasus khusus).",Routing: alihkan ke divisi Wealth Management / Priority Banking untuk potensi cross-sell.
248306,cluster_3,Tipe A - Data Error,"`CC_SK_DPD_MEAN` = 17.03 (343.1x median), `PREV_APPROVAL_RATE` = -2.34 (116.2x median), `EXT_SOURCE_3` = -2.22 (20.9x median), `CREDIT_TERM_MONTHS` = 0.88 (12.6x median), `CC_MONTHS_COUNT` = 3.41 (8.8x median)","Deviasi fitur > 50x median klaster — kemungkinan kesalahan input/ETL (overflow, salah unit, atau sentinel value tidak ter-handle).",Data Engineering: tambahkan capping rule (Z-score>3 di tahap ingest) untuk mencegah kontaminasi model.
249514,cluster_0,Tipe A - Data Error,"`EXT_SOURCE_1` = 1.58 (116.4x median), `REGION_RATING_CLIENT_W_CITY` = 1.92 (34.6x median), `EXT_SOURCE_3` = -1.76 (16.8x median), `BUREAU_ACTIVE_RATIO` = -0.58 (8.9x median), `BUREAU_COUNT` = 1.58 (5.0x median)","Deviasi fitur > 50x median klaster — kemungkinan kesalahan input/ETL (overflow, salah unit, atau sentinel value tidak ter-handle).",Data Engineering: tambahkan capping rule (Z-score>3 di tahap ingest) untuk mencegah kontaminasi model.
249923,cluster_3,Tipe B - Rare but Valid,"`PREV_APPROVAL_RATE` = 0.96 (46.5x median), `REGION_RATING_CLIENT_W_CITY` = -2.04 (34.6x median), `BUREAU_ACTIVE_RATIO` = -1.11 (17.7x median), `CREDIT_TERM_MONTHS` = -1.39 (17.3x median), `BUREAU_DAYS_CREDIT_MEAN` = -2.33 (13.5x median)","Ekstrem secara statistik tapi koheren — kemungkinan tail-end legitimate customer (VHNW, kasus khusus).",Routing: alihkan ke divisi Wealth Management / Priority Banking untuk potensi cross-sell.
250381,cluster_3,Tipe B - Rare but Valid,"`PREV_APPROVAL_RATE` = 0.96 (46.5x median), `REGION_RATING_CLIENT_W_CITY` = -2.04 (34.6x median), `POS_SK_DPD_MEAN` = 5.55 (27.9x median), `EXT_SOURCE_3` = -1.36 (13.2x median), `ANNUITY_TO_INCOME` = -1.12 (11.0x median)","Ekstrem secara statistik tapi koheren — kemungkinan tail-end legitimate customer (VHNW, kasus khusus).",Routing: alihkan ke divisi Wealth Management / Priority Banking untuk potensi cross-sell.
250415,cluster_3,Tipe B - Rare but Valid,"`PREV_APPROVAL_RATE` = -0.69 (34.9x median), `POS_SK_DPD_MEAN` = 5.84 (29.4x median), `BUREAU_ACTIVE_RATIO` = -1.11 (17.7x median), `CREDIT_TERM_MONTHS` = -1.06 (13.0x median), `EXT_SOURCE_3` = 1.47 (12.2x median)","Ekstrem secara statistik tapi koheren — kemungkinan tail-end legitimate customer (VHNW, kasus khusus).",Routing: alihkan ke divisi Wealth Management / Priority Banking untuk potensi cross-sell.
250512,cluster_4,Tipe A - Data Error,"`CC_SK_DPD_MEAN` = 9.89 (199.7x median), `EXT_SOURCE_1` = 1.60 (118.1x median), `CREDIT_TERM_MONTHS` = -1.12 (23.5x median), `POS_MONTHS_COUNT` = -0.77 (21.6x median), `INST_LATE_RATIO` = 4.45 (17.3x median)","Deviasi fitur > 50x median klaster — kemungkinan kesalahan input/ETL (overflow, salah unit, atau sentinel value tidak ter-handle).",Data Engineering: tambahkan capping rule (Z-score>3 di tahap ingest) untuk mencegah kontaminasi model.
251046,cluster_4,Tipe A - Data Error,"`POS_MONTHS_COUNT` = 3.31 (87.4x median), `YEARS_BIRTH` = 1.64 (49.8x median), `EXT_SOURCE_1` = 0.67 (48.7x median), `PREV_COUNT` = 7.37 (22.9x median), `EXT_SOURCE_3` = -1.41 (13.7x median)","Deviasi fitur > 50x median klaster — kemungkinan kesalahan input/ETL (overflow, salah unit, atau sentinel value tidak ter-handle).",Data Engineering: tambahkan capping rule (Z-score>3 di tahap ingest) untuk mencegah kontaminasi model.
251078,cluster_1,Tipe B - Rare but Valid,"`INST_LATE_RATIO` = 2.82 (18.4x median), `AMT_CREDIT` = 0.42 (14.3x median), `BUREAU_ACTIVE_RATIO` = 0.46 (8.9x median), `YEARS_EMPLOYED` = 2.51 (8.8x median), `BUREAU_COUNT` = 2.46 (8.5x median)","Ekstrem secara statistik tapi koheren — kemungkinan tail-end legitimate customer (VHNW, kasus khusus).",Routing: alihkan ke divisi Wealth Management / Priority Banking untuk potensi cross-sell.
251193,cluster_4,Tipe A - Data Error,"`EXT_SOURCE_1` = 2.23 (164.5x median), `CREDIT_TERM_MONTHS` = 1.97 (44.2x median), `POS_MONTHS_COUNT` = -0.73 (20.5x median), `YEARS_EMPLOYED` = 3.11 (15.9x median), `BUREAU_COUNT` = 1.36 (8.6x median)","Deviasi fitur > 50x median klaster — kemungkinan kesalahan input/ETL (overflow, salah unit, atau sentinel value tidak ter-handle).",Data Engineering: tambahkan capping rule (Z-score>3 di tahap ingest) untuk mencegah kontaminasi model.
251752,cluster_4,Tipe B - Rare but Valid,"`YEARS_BIRTH` = 0.97 (29.8x median), `YEARS_EMPLOYED` = 4.97 (24.7x median), `CREDIT_TERM_MONTHS` = 0.60 (14.2x median), `BUREAU_COUNT` = 1.58 (9.8x median), `PREV_APPROVAL_RATE` = -1.10 (7.0x median)","Ekstrem secara statistik tapi koheren — kemungkinan tail-end legitimate customer (VHNW, kasus khusus).",Routing: alihkan ke divisi Wealth Management / Priority Banking untuk potensi cross-sell.
252045,cluster_0,Tipe B - Rare but Valid,"`BUREAU_ACTIVE_RATIO` = 2.03 (35.5x median), `EXT_SOURCE_2` = -2.59 (31.1x median), `EXT_SOURCE_3` = -2.94 (27.5x median), `AMT_INCOME_TOTAL` = -1.96 (8.2x median), `BUREAU_DEBT_TO_CREDIT_RATIO` = 1.91 (5.9x median)","Ekstrem secara statistik tapi koheren — kemungkinan tail-end legitimate customer (VHNW, kasus khusus).",Routing: alihkan ke divisi Wealth Management / Priority Banking untuk potensi cross-sell.
252352,cluster_4,Tipe A - Data Error,"`BUREAU_BB_SEVERE_DPD_MEAN` = 9.29 (182.5x median), `BUREAU_BB_DPD_RATIO_MEAN` = 7.82 (41.2x median), `BUREAU_DAYS_CREDIT_MEAN` = -1.02 (12.8x median), `BUREAU_DEBT_TO_CREDIT_RATIO` = 0.70 (8.5x median), `BUREAU_ACTIVE_RATIO` = -0.48 (7.1x median)","Deviasi fitur > 50x median klaster — kemungkinan kesalahan input/ETL (overflow, salah unit, atau sentinel value tidak ter-handle).",Data Engineering: tambahkan capping rule (Z-score>3 di tahap ingest) untuk mencegah kontaminasi model.
252686,cluster_1,Tipe A - Data Error,"`EXT_SOURCE_1` = 0.89 (65.0x median), `REGION_RATING_CLIENT_W_CITY` = -2.04 (34.6x median), `INST_DPD_MAX` = 3.05 (25.8x median), `INST_DPD_MEAN` = 2.08 (23.1x median), `INST_LATE_RATIO` = 3.50 (22.6x median)","Deviasi fitur > 50x median klaster — kemungkinan kesalahan input/ETL (overflow, salah unit, atau sentinel value tidak ter-handle).",Data Engineering: tambahkan capping rule (Z-score>3 di tahap ingest) untuk mencegah kontaminasi model.
253077,cluster_4,Tipe A - Data Error,"`BUREAU_BB_SEVERE_DPD_MEAN` = 7.63 (150.0x median), `EXT_SOURCE_1` = 0.61 (44.4x median), `REGION_RATING_CLIENT_W_CITY` = -2.04 (34.6x median), `YEARS_BIRTH` = 0.98 (30.1x median), `CREDIT_TERM_MONTHS` = 0.88 (20.2x median)","Deviasi fitur > 50x median klaster — kemungkinan kesalahan input/ETL (overflow, salah unit, atau sentinel value tidak ter-handle).",Data Engineering: tambahkan capping rule (Z-score>3 di tahap ingest) untuk mencegah kontaminasi model.
253942,cluster_4,Tipe B - Rare but Valid,"`CREDIT_TERM_MONTHS` = 0.85 (19.7x median), `OWN_CAR_AGE` = 6.68 (15.7x median), `EXT_SOURCE_3` = -1.50 (14.5x median), `YEARS_BIRTH` = 0.42 (13.6x median), `POS_MONTHS_COUNT` = -0.45 (13.0x median)","Ekstrem secara statistik tapi koheren — kemungkinan tail-end legitimate customer (VHNW, kasus khusus).",Routing: alihkan ke divisi Wealth Management / Priority Banking untuk potensi cross-sell.
254019,cluster_4,Tipe A - Data Error,"`EXT_SOURCE_1` = -1.02 (76.7x median), `POS_MONTHS_COUNT` = 1.93 (50.7x median), `CREDIT_TERM_MONTHS` = 1.70 (38.1x median), `YEARS_BIRTH` = -1.21 (35.1x median), `CREDIT_TO_INCOME` = 5.10 (22.9x median)","Deviasi fitur > 50x median klaster — kemungkinan kesalahan input/ETL (overflow, salah unit, atau sentinel value tidak ter-handle).",Data Engineering: tambahkan capping rule (Z-score>3 di tahap ingest) untuk mencegah kontaminasi model.
254119,cluster_4,Tipe B - Rare but Valid,"`CREDIT_TERM_MONTHS` = 1.95 (43.8x median), `AMT_REQ_CREDIT_BUREAU_YEAR` = 2.43 (18.5x median), `BUREAU_DAYS_CREDIT_MEAN` = -1.41 (18.1x median), `BUREAU_ACTIVE_RATIO` = -1.11 (17.7x median), `EXT_SOURCE_3` = 1.66 (13.9x median)","Ekstrem secara statistik tapi koheren — kemungkinan tail-end legitimate customer (VHNW, kasus khusus).",Routing: alihkan ke divisi Wealth Management / Priority Banking untuk potensi cross-sell.
254365,cluster_4,Tipe A - Data Error,"`EXT_SOURCE_1` = 0.74 (53.9x median), `AMT_REQ_CREDIT_BUREAU_YEAR` = 3.00 (23.2x median), `YEARS_BIRTH` = -0.65 (18.4x median), `AMT_INCOME_TOTAL` = 1.40 (11.9x median), `EXT_SOURCE_3` = -1.08 (10.7x median)","Deviasi fitur > 50x median klaster — kemungkinan kesalahan input/ETL (overflow, salah unit, atau sentinel value tidak ter-handle).",Data Engineering: tambahkan capping rule (Z-score>3 di tahap ingest) untuk mencegah kontaminasi model.
254980,cluster_0,Tipe B - Rare but Valid,"`INST_SEVERE_LATE_RATIO` = 6.92 (42.1x median), `REGION_RATING_CLIENT_W_CITY` = -2.04 (34.6x median), `BUREAU_BB_DPD_RATIO_MEAN` = 5.62 (29.9x median), `EXT_SOURCE_2` = 0.88 (9.3x median), `BUREAU_ACTIVE_RATIO` = 0.46 (8.9x median)","Ekstrem secara statistik tapi koheren — kemungkinan tail-end legitimate customer (VHNW, kasus khusus).",Routing: alihkan ke divisi Wealth Management / Priority Banking untuk potensi cross-sell.
255578,cluster_2,Tipe A - Data Error,"`BUREAU_BB_SEVERE_DPD_MEAN` = 49.39 (965.5x median), `BUREAU_BB_DPD_RATIO_MEAN` = 28.62 (148.2x median), `EXT_SOURCE_1` = 1.41 (103.7x median), `YEARS_BIRTH` = -0.86 (12.2x median), `AMT_INCOME_TOTAL` = -0.68 (7.2x median)","Deviasi fitur > 50x median klaster — kemungkinan kesalahan input/ETL (overflow, salah unit, atau sentinel value tidak ter-handle).",Data Engineering: tambahkan capping rule (Z-score>3 di tahap ingest) untuk mencegah kontaminasi model.
255787,cluster_1,Tipe B - Rare but Valid,"`INST_SEVERE_LATE_RATIO` = 4.64 (28.6x median), `INST_DPD_MEAN` = 1.98 (22.0x median), `AMT_CREDIT` = -0.69 (20.8x median), `INST_LATE_RATIO` = 3.05 (19.8x median), `INST_DPD_MAX` = 2.17 (18.7x median)","Ekstrem secara statistik tapi koheren — kemungkinan tail-end legitimate customer (VHNW, kasus khusus).",Routing: alihkan ke divisi Wealth Management / Priority Banking untuk potensi cross-sell.
255832,cluster_4,Tipe B - Rare but Valid,"`REGION_RATING_CLIENT_W_CITY` = 1.92 (34.6x median), `POS_MONTHS_COUNT` = 0.76 (19.4x median), `BUREAU_COUNT` = 2.24 (13.4x median), `YEARS_BIRTH` = 0.30 (9.9x median), `EXT_SOURCE_3` = -0.89 (9.0x median)","Ekstrem secara statistik tapi koheren — kemungkinan tail-end legitimate customer (VHNW, kasus khusus).",Routing: alihkan ke divisi Wealth Management / Priority Banking untuk potensi cross-sell.
256567,cluster_3,Tipe B - Rare but Valid,"`PREV_APPROVAL_RATE` = 0.96 (46.5x median), `POS_SK_DPD_MEAN` = 7.04 (35.7x median), `CREDIT_TERM_MONTHS` = 1.88 (25.7x median), `YEARS_EMPLOYED` = 4.63 (14.7x median), `YEARS_BIRTH` = 1.60 (11.3x median)","Ekstrem secara statistik tapi koheren — kemungkinan tail-end legitimate customer (VHNW, kasus khusus).",Routing: alihkan ke divisi Wealth Management / Priority Banking untuk potensi cross-sell.
256627,cluster_0,Tipe B - Rare but Valid,"`BUREAU_ACTIVE_RATIO` = -1.11 (17.7x median), `EXT_SOURCE_2` = -1.35 (16.8x median), `BUREAU_DAYS_CREDIT_MEAN` = 1.45 (4.5x median), `AMT_INCOME_TOTAL` = -1.06 (4.0x median), `INST_LATE_RATIO` = 1.34 (3.1x median)","Ekstrem secara statistik tapi koheren — kemungkinan tail-end legitimate customer (VHNW, kasus khusus).",Routing: alihkan ke divisi Wealth Management / Priority Banking untuk potensi cross-sell.
256690,cluster_4,Tipe B - Rare but Valid,"`BUREAU_BB_SEVERE_DPD_MEAN` = 1.73 (34.7x median), `INST_DPD_MAX` = 2.43 (24.3x median), `EXT_SOURCE_1` = -0.29 (22.9x median), `YEARS_EMPLOYED` = 2.65 (13.6x median), `POS_MONTHS_COUNT` = 0.52 (13.0x median)","Ekstrem secara statistik tapi koheren — kemungkinan tail-end legitimate customer (VHNW, kasus khusus).",Routing: alihkan ke divisi Wealth Management / Priority Banking untuk potensi cross-sell.
257026,cluster_4,Tipe A - Data Error,"`EXT_SOURCE_1` = 1.81 (133.7x median), `EXT_SOURCE_3` = -2.75 (25.7x median), `CREDIT_TERM_MONTHS` = -1.08 (22.7x median), `YEARS_BIRTH` = 0.61 (19.2x median), `POS_MONTHS_COUNT` = -0.65 (18.4x median)","Deviasi fitur > 50x median klaster — kemungkinan kesalahan input/ETL (overflow, salah unit, atau sentinel value tidak ter-handle).",Data Engineering: tambahkan capping rule (Z-score>3 di tahap ingest) untuk mencegah kontaminasi model.
257118,cluster_0,Tipe A - Data Error,"`EXT_SOURCE_1` = 0.76 (55.3x median), `CNT_CHILDREN` = 3.60 (7.2x median), `EXT_SOURCE_3` = 0.80 (6.2x median), `BUREAU_DAYS_CREDIT_MEAN` = -1.10 (5.2x median), `POS_MONTHS_COUNT` = 1.01 (3.1x median)","Deviasi fitur > 50x median klaster — kemungkinan kesalahan input/ETL (overflow, salah unit, atau sentinel value tidak ter-handle).",Data Engineering: tambahkan capping rule (Z-score>3 di tahap ingest) untuk mencegah kontaminasi model.
257148,cluster_1,Tipe B - Rare but Valid,"`AMT_CREDIT` = -1.59 (49.0x median), `BUREAU_DEBT_TO_CREDIT_RATIO` = 1.23 (25.0x median), `AMT_ANNUITY` = -1.44 (22.9x median), `EXT_SOURCE_3` = -1.93 (10.5x median), `CC_MONTHS_COUNT` = 3.45 (8.9x median)","Ekstrem secara statistik tapi koheren — kemungkinan tail-end legitimate customer (VHNW, kasus khusus).",Routing: alihkan ke divisi Wealth Management / Priority Banking untuk potensi cross-sell.
257751,cluster_4,Tipe A - Data Error,"`CC_SK_DPD_MEAN` = 19.90 (400.7x median), `BUREAU_DAYS_CREDIT_MEAN` = -2.51 (33.0x median), `POS_MONTHS_COUNT` = -1.05 (29.1x median), `BUREAU_ACTIVE_RATIO` = -1.11 (17.7x median), `YEARS_BIRTH` = -0.59 (16.4x median)","Deviasi fitur > 50x median klaster — kemungkinan kesalahan input/ETL (overflow, salah unit, atau sentinel value tidak ter-handle).",Data Engineering: tambahkan capping rule (Z-score>3 di tahap ingest) untuk mencegah kontaminasi model.
257821,cluster_2,Tipe B - Rare but Valid,"`INST_SEVERE_LATE_RATIO` = 5.63 (34.4x median), `YEARS_BIRTH` = -1.29 (17.7x median), `INST_DPD_MEAN` = 0.90 (8.9x median), `INST_LATE_RATIO` = 3.40 (6.4x median), `BUREAU_COUNT` = 0.92 (6.1x median)","Ekstrem secara statistik tapi koheren — kemungkinan tail-end legitimate customer (VHNW, kasus khusus).",Routing: alihkan ke divisi Wealth Management / Priority Banking untuk potensi cross-sell.
257958,cluster_2,Tipe A - Data Error,"`EXT_SOURCE_1` = 1.05 (76.9x median), `REGION_RATING_CLIENT_W_CITY` = -2.04 (34.6x median), `YEARS_BIRTH` = -1.06 (14.8x median), `BUREAU_ACTIVE_RATIO` = 2.03 (13.4x median), `BUREAU_DAYS_CREDIT_MEAN` = 1.28 (10.3x median)","Deviasi fitur > 50x median klaster — kemungkinan kesalahan input/ETL (overflow, salah unit, atau sentinel value tidak ter-handle).",Data Engineering: tambahkan capping rule (Z-score>3 di tahap ingest) untuk mencegah kontaminasi model.
258101,cluster_2,Tipe A - Data Error,"`EXT_SOURCE_1` = -2.79 (208.4x median), `AMT_INCOME_TOTAL` = -3.26 (30.8x median), `YEARS_BIRTH` = 1.13 (13.6x median), `ANNUITY_TO_INCOME` = 5.62 (13.1x median), `BUREAU_DAYS_CREDIT_MEAN` = 1.45 (11.5x median)","Deviasi fitur > 50x median klaster — kemungkinan kesalahan input/ETL (overflow, salah unit, atau sentinel value tidak ter-handle).",Data Engineering: tambahkan capping rule (Z-score>3 di tahap ingest) untuk mencegah kontaminasi model.
258127,cluster_3,Tipe A - Data Error,"`PREV_APPROVAL_RATE` = -2.34 (116.2x median), `POS_SK_DPD_MEAN` = 17.89 (92.3x median), `CREDIT_TERM_MONTHS` = 1.27 (17.7x median), `CREDIT_TO_INCOME` = 1.79 (12.3x median), `ANNUITY_TO_INCOME` = 1.01 (11.9x median)","Deviasi fitur > 50x median klaster — kemungkinan kesalahan input/ETL (overflow, salah unit, atau sentinel value tidak ter-handle).",Data Engineering: tambahkan capping rule (Z-score>3 di tahap ingest) untuk mencegah kontaminasi model.
258128,cluster_4,Tipe B - Rare but Valid,"`REGION_RATING_CLIENT_W_CITY` = 1.92 (34.6x median), `POS_MONTHS_COUNT` = -0.69 (19.4x median), `AMT_REQ_CREDIT_BUREAU_YEAR` = 2.43 (18.5x median), `AMT_ANNUITY` = -2.30 (17.4x median), `BUREAU_ACTIVE_RATIO` = 0.78 (14.2x median)","Ekstrem secara statistik tapi koheren — kemungkinan tail-end legitimate customer (VHNW, kasus khusus).",Routing: alihkan ke divisi Wealth Management / Priority Banking untuk potensi cross-sell.
258315,cluster_0,Tipe A - Data Error,"`EXT_SOURCE_1` = 1.74 (128.4x median), `INST_SEVERE_LATE_RATIO` = 4.08 (25.3x median), `EXT_SOURCE_2` = 0.98 (10.4x median), `EXT_SOURCE_3` = 1.12 (9.1x median), `CC_MONTHS_COUNT` = 3.41 (8.8x median)","Deviasi fitur > 50x median klaster — kemungkinan kesalahan input/ETL (overflow, salah unit, atau sentinel value tidak ter-handle).",Data Engineering: tambahkan capping rule (Z-score>3 di tahap ingest) untuk mencegah kontaminasi model.
258892,cluster_4,Tipe A - Data Error,"`EXT_SOURCE_1` = 1.27 (93.1x median), `CREDIT_TERM_MONTHS` = -1.37 (28.9x median), `POS_MONTHS_COUNT` = -1.01 (28.1x median), `YEARS_EMPLOYED` = 2.93 (15.0x median), `PREV_APPROVAL_RATE` = 0.96 (8.0x median)","Deviasi fitur > 50x median klaster — kemungkinan kesalahan input/ETL (overflow, salah unit, atau sentinel value tidak ter-handle).",Data Engineering: tambahkan capping rule (Z-score>3 di tahap ingest) untuk mencegah kontaminasi model.
259147,cluster_4,Tipe A - Data Error,"`EXT_SOURCE_1` = 1.91 (140.6x median), `POS_MONTHS_COUNT` = 3.55 (93.9x median), `YEARS_BIRTH` = 0.43 (13.7x median), `PREV_COUNT` = 3.60 (10.7x median), `AMT_INCOME_TOTAL` = 1.08 (8.9x median)","Deviasi fitur > 50x median klaster — kemungkinan kesalahan input/ETL (overflow, salah unit, atau sentinel value tidak ter-handle).",Data Engineering: tambahkan capping rule (Z-score>3 di tahap ingest) untuk mencegah kontaminasi model.
259266,cluster_3,Tipe B - Rare but Valid,"`PREV_APPROVAL_RATE` = 0.96 (46.5x median), `CREDIT_TERM_MONTHS` = 1.67 (23.0x median), `BUREAU_DAYS_CREDIT_MEAN` = -1.49 (8.3x median), `EXT_SOURCE_3` = -0.59 (6.3x median), `CREDIT_TO_INCOME` = 0.81 (6.1x median)","Ekstrem secara statistik tapi koheren — kemungkinan tail-end legitimate customer (VHNW, kasus khusus).",Routing: alihkan ke divisi Wealth Management / Priority Banking untuk potensi cross-sell.
259398,cluster_3,Tipe B - Rare but Valid,"`BUREAU_ACTIVE_RATIO` = -1.11 (17.7x median), `CREDIT_TERM_MONTHS` = -1.41 (17.6x median), `EXT_SOURCE_1` = 0.21 (14.6x median), `AMT_ANNUITY` = -1.14 (13.8x median), `AMT_CREDIT` = -1.81 (12.5x median)","Ekstrem secara statistik tapi koheren — kemungkinan tail-end legitimate customer (VHNW, kasus khusus).",Routing: alihkan ke divisi Wealth Management / Priority Banking untuk potensi cross-sell.
259523,cluster_1,Tipe A - Data Error,"`AMT_CREDIT` = 1.58 (50.6x median), `BUREAU_BB_SEVERE_DPD_MEAN` = 2.19 (43.8x median), `AMT_ANNUITY` = 1.42 (20.6x median), `PREV_REFUSED_COUNT` = 6.79 (9.3x median), `BUREAU_DAYS_CREDIT_MEAN` = -1.58 (7.9x median)","Deviasi fitur > 50x median klaster — kemungkinan kesalahan input/ETL (overflow, salah unit, atau sentinel value tidak ter-handle).",Data Engineering: tambahkan capping rule (Z-score>3 di tahap ingest) untuk mencegah kontaminasi model.
259786,cluster_1,Tipe B - Rare but Valid,"`BUREAU_ACTIVE_RATIO` = 2.03 (35.5x median), `BUREAU_DEBT_TO_CREDIT_RATIO` = 1.53 (30.9x median), `EXT_SOURCE_3` = -2.20 (12.1x median), `EXT_SOURCE_2` = -2.22 (9.8x median), `CC_UTILIZATION_MEAN` = 3.03 (8.5x median)","Ekstrem secara statistik tapi koheren — kemungkinan tail-end legitimate customer (VHNW, kasus khusus).",Routing: alihkan ke divisi Wealth Management / Priority Banking untuk potensi cross-sell.
259834,cluster_4,Tipe B - Rare but Valid,"`CREDIT_TERM_MONTHS` = 1.68 (37.7x median), `BUREAU_ACTIVE_RATIO` = 1.41 (24.8x median), `AMT_REQ_CREDIT_BUREAU_YEAR` = 3.00 (23.2x median), `BUREAU_DEBT_TO_CREDIT_RATIO` = 1.38 (16.0x median), `PREV_APPROVAL_RATE` = -1.37 (9.0x median)","Ekstrem secara statistik tapi koheren — kemungkinan tail-end legitimate customer (VHNW, kasus khusus).",Routing: alihkan ke divisi Wealth Management / Priority Banking untuk potensi cross-sell.
259912,cluster_3,Tipe A - Data Error,"`CC_SK_DPD_MEAN` = 7.01 (141.7x median), `PREV_APPROVAL_RATE` = -0.69 (34.9x median), `CREDIT_TERM_MONTHS` = 1.67 (23.0x median), `BUREAU_ACTIVE_RATIO` = 0.99 (17.7x median), `ANNUITY_TO_INCOME` = -1.06 (10.4x median)","Deviasi fitur > 50x median klaster — kemungkinan kesalahan input/ETL (overflow, salah unit, atau sentinel value tidak ter-handle).",Data Engineering: tambahkan capping rule (Z-score>3 di tahap ingest) untuk mencegah kontaminasi model.
260255,cluster_4,Tipe A - Data Error,"`EXT_SOURCE_1` = 1.01 (74.1x median), `POS_MONTHS_COUNT` = 2.10 (55.1x median), `REGION_RATING_CLIENT_W_CITY` = 1.92 (34.6x median), `CREDIT_TERM_MONTHS` = 0.87 (20.0x median), `YEARS_EMPLOYED` = 2.65 (13.6x median)","Deviasi fitur > 50x median klaster — kemungkinan kesalahan input/ETL (overflow, salah unit, atau sentinel value tidak ter-handle).",Data Engineering: tambahkan capping rule (Z-score>3 di tahap ingest) untuk mencegah kontaminasi model.
260470,cluster_4,Tipe A - Data Error,"`EXT_SOURCE_1` = 2.07 (153.0x median), `REGION_RATING_CLIENT_W_CITY` = -2.04 (34.6x median), `POS_MONTHS_COUNT` = 1.17 (30.2x median), `CREDIT_TERM_MONTHS` = 1.17 (26.7x median), `YEARS_BIRTH` = -0.53 (14.8x median)","Deviasi fitur > 50x median klaster — kemungkinan kesalahan input/ETL (overflow, salah unit, atau sentinel value tidak ter-handle).",Data Engineering: tambahkan capping rule (Z-score>3 di tahap ingest) untuk mencegah kontaminasi model.
260796,cluster_4,Tipe A - Data Error,"`EXT_SOURCE_1` = 3.08 (227.4x median), `POS_MONTHS_COUNT` = 2.14 (56.1x median), `YEARS_BIRTH` = 0.79 (24.6x median), `BUREAU_DAYS_CREDIT_MEAN` = -1.09 (13.8x median), `BUREAU_COUNT` = 1.80 (11.0x median)","Deviasi fitur > 50x median klaster — kemungkinan kesalahan input/ETL (overflow, salah unit, atau sentinel value tidak ter-handle).",Data Engineering: tambahkan capping rule (Z-score>3 di tahap ingest) untuk mencegah kontaminasi model.
260797,cluster_3,Tipe A - Data Error,"`EXT_SOURCE_1` = 2.28 (168.0x median), `POS_SK_DPD_MEAN` = 3.83 (19.0x median), `CREDIT_TERM_MONTHS` = -1.35 (16.8x median), `ANNUITY_TO_INCOME` = 1.37 (15.8x median), `AMT_ANNUITY` = 1.26 (13.1x median)","Deviasi fitur > 50x median klaster — kemungkinan kesalahan input/ETL (overflow, salah unit, atau sentinel value tidak ter-handle).",Data Engineering: tambahkan capping rule (Z-score>3 di tahap ingest) untuk mencegah kontaminasi model.
260982,cluster_0,Tipe A - Data Error,"`EXT_SOURCE_1` = 2.61 (192.5x median), `BUREAU_BB_SEVERE_DPD_MEAN` = 5.31 (104.7x median), `INST_DPD_MAX` = 3.54 (23.0x median), `INST_DPD_MEAN` = 2.05 (19.0x median), `BUREAU_BB_DPD_RATIO_MEAN` = 3.46 (18.8x median)","Deviasi fitur > 50x median klaster — kemungkinan kesalahan input/ETL (overflow, salah unit, atau sentinel value tidak ter-handle).",Data Engineering: tambahkan capping rule (Z-score>3 di tahap ingest) untuk mencegah kontaminasi model.
261156,cluster_1,Tipe B - Rare but Valid,"`BUREAU_BB_DPD_RATIO_MEAN` = 6.76 (35.8x median), `REGION_RATING_CLIENT_W_CITY` = 1.92 (34.6x median), `EXT_SOURCE_1` = 0.38 (27.5x median), `AMT_CREDIT` = 0.63 (20.8x median), `AMT_ANNUITY` = 0.93 (13.2x median)","Ekstrem secara statistik tapi koheren — kemungkinan tail-end legitimate customer (VHNW, kasus khusus).",Routing: alihkan ke divisi Wealth Management / Priority Banking untuk potensi cross-sell.
261507,cluster_0,Tipe B - Rare but Valid,"`REGION_RATING_CLIENT_W_CITY` = -2.04 (34.6x median), `BUREAU_ACTIVE_RATIO` = -1.11 (17.7x median), `EXT_SOURCE_2` = 1.53 (16.9x median), `AMT_INCOME_TOTAL` = 1.84 (9.6x median), `CNT_CHILDREN` = 2.21 (4.8x median)","Ekstrem secara statistik tapi koheren — kemungkinan tail-end legitimate customer (VHNW, kasus khusus).",Routing: alihkan ke divisi Wealth Management / Priority Banking untuk potensi cross-sell.
261560,cluster_4,Tipe A - Data Error,"`EXT_SOURCE_1` = -0.70 (53.3x median), `POS_MONTHS_COUNT` = 0.97 (24.8x median), `EXT_SOURCE_3` = -2.35 (22.1x median), `INST_DPD_MAX` = 2.12 (21.3x median), `BUREAU_COUNT` = 3.34 (19.6x median)","Deviasi fitur > 50x median klaster — kemungkinan kesalahan input/ETL (overflow, salah unit, atau sentinel value tidak ter-handle).",Data Engineering: tambahkan capping rule (Z-score>3 di tahap ingest) untuk mencegah kontaminasi model.
261683,cluster_0,Tipe B - Rare but Valid,"`BUREAU_ACTIVE_RATIO` = 2.03 (35.5x median), `REGION_RATING_CLIENT_W_CITY` = 1.92 (34.6x median), `INST_SEVERE_LATE_RATIO` = 3.28 (20.5x median), `EXT_SOURCE_3` = -1.72 (16.5x median), `INST_DPD_MEAN` = 0.93 (9.2x median)","Ekstrem secara statistik tapi koheren — kemungkinan tail-end legitimate customer (VHNW, kasus khusus).",Routing: alihkan ke divisi Wealth Management / Priority Banking untuk potensi cross-sell.
261763,cluster_0,Tipe A - Data Error,"`EXT_SOURCE_1` = -1.14 (86.0x median), `INST_SEVERE_LATE_RATIO` = 7.80 (47.4x median), `REGION_RATING_CLIENT_W_CITY` = -2.04 (34.6x median), `EXT_SOURCE_3` = -2.55 (23.9x median), `OWN_CAR_AGE` = 6.68 (15.7x median)","Deviasi fitur > 50x median klaster — kemungkinan kesalahan input/ETL (overflow, salah unit, atau sentinel value tidak ter-handle).",Data Engineering: tambahkan capping rule (Z-score>3 di tahap ingest) untuk mencegah kontaminasi model.
262551,cluster_1,Tipe B - Rare but Valid,"`INST_DPD_MAX` = 2.40 (20.5x median), `EXT_SOURCE_1` = 0.24 (17.1x median), `AMT_CREDIT` = -0.44 (12.7x median), `EXT_SOURCE_3` = 1.29 (8.7x median), `POS_MONTHS_COUNT` = 4.48 (4.9x median)","Ekstrem secara statistik tapi koheren — kemungkinan tail-end legitimate customer (VHNW, kasus khusus).",Routing: alihkan ke divisi Wealth Management / Priority Banking untuk potensi cross-sell.
262644,cluster_4,Tipe A - Data Error,"`EXT_SOURCE_1` = 2.01 (148.4x median), `POS_MONTHS_COUNT` = 1.13 (29.1x median), `BUREAU_ACTIVE_RATIO` = 1.49 (26.2x median), `EXT_SOURCE_3` = -2.54 (23.8x median), `BUREAU_COUNT` = 4.00 (23.2x median)","Deviasi fitur > 50x median klaster — kemungkinan kesalahan input/ETL (overflow, salah unit, atau sentinel value tidak ter-handle).",Data Engineering: tambahkan capping rule (Z-score>3 di tahap ingest) untuk mencegah kontaminasi model.
262939,cluster_3,Tipe B - Rare but Valid,"`PREV_APPROVAL_RATE` = 0.96 (46.5x median), `CC_SK_DPD_MEAN` = 1.57 (32.4x median), `AMT_ANNUITY` = -1.51 (17.9x median), `BUREAU_COUNT` = 2.02 (12.2x median), `EXT_SOURCE_3` = 1.34 (11.0x median)","Ekstrem secara statistik tapi koheren — kemungkinan tail-end legitimate customer (VHNW, kasus khusus).",Routing: alihkan ke divisi Wealth Management / Priority Banking untuk potensi cross-sell.
262996,cluster_4,Tipe A - Data Error,"`CC_SK_DPD_MEAN` = 18.10 (364.5x median), `EXT_SOURCE_1` = 1.98 (146.0x median), `POS_MONTHS_COUNT` = -1.13 (31.3x median), `CREDIT_TERM_MONTHS` = 1.26 (28.7x median), `BUREAU_ACTIVE_RATIO` = 0.89 (16.1x median)","Deviasi fitur > 50x median klaster — kemungkinan kesalahan input/ETL (overflow, salah unit, atau sentinel value tidak ter-handle).",Data Engineering: tambahkan capping rule (Z-score>3 di tahap ingest) untuk mencegah kontaminasi model.
263212,cluster_1,Tipe B - Rare but Valid,"`REGION_RATING_CLIENT_W_CITY` = 1.92 (34.6x median), `INST_DPD_MAX` = 3.15 (26.6x median), `AMT_CREDIT` = 0.41 (13.8x median), `EXT_SOURCE_2` = -2.54 (11.1x median), `INST_LATE_RATIO` = 1.57 (10.7x median)","Ekstrem secara statistik tapi koheren — kemungkinan tail-end legitimate customer (VHNW, kasus khusus).",Routing: alihkan ke divisi Wealth Management / Priority Banking untuk potensi cross-sell.
263351,cluster_4,Tipe A - Data Error,"`EXT_SOURCE_1` = -1.26 (94.4x median), `POS_MONTHS_COUNT` = 1.93 (50.7x median), `AMT_REQ_CREDIT_BUREAU_YEAR` = 3.58 (27.8x median), `AMT_INCOME_TOTAL` = 2.47 (21.6x median), `PREV_COUNT` = 4.54 (13.7x median)","Deviasi fitur > 50x median klaster — kemungkinan kesalahan input/ETL (overflow, salah unit, atau sentinel value tidak ter-handle).",Data Engineering: tambahkan capping rule (Z-score>3 di tahap ingest) untuk mencegah kontaminasi model.
263363,cluster_1,Tipe A - Data Error,"`AMT_CREDIT` = -2.52 (78.1x median), `REGION_RATING_CLIENT_W_CITY` = 1.92 (34.6x median), `AMT_ANNUITY` = -2.20 (34.3x median), `PREV_REFUSED_COUNT` = 22.39 (32.9x median), `BUREAU_DEBT_TO_CREDIT_RATIO` = 1.39 (28.3x median)","Deviasi fitur > 50x median klaster — kemungkinan kesalahan input/ETL (overflow, salah unit, atau sentinel value tidak ter-handle).",Data Engineering: tambahkan capping rule (Z-score>3 di tahap ingest) untuk mencegah kontaminasi model.
263428,cluster_0,Tipe A - Data Error,"`POS_SK_DPD_MEAN` = 15.40 (221.0x median), `EXT_SOURCE_1` = -0.59 (44.7x median), `BUREAU_ACTIVE_RATIO` = 2.03 (35.5x median), `OWN_CAR_AGE` = 6.68 (15.7x median), `POS_MONTHS_COUNT` = 2.70 (6.5x median)","Deviasi fitur > 50x median klaster — kemungkinan kesalahan input/ETL (overflow, salah unit, atau sentinel value tidak ter-handle).",Data Engineering: tambahkan capping rule (Z-score>3 di tahap ingest) untuk mencegah kontaminasi model.
264125,cluster_1,Tipe B - Rare but Valid,"`EXT_SOURCE_1` = -0.48 (36.9x median), `AMT_CREDIT` = -1.13 (34.4x median), `AMT_ANNUITY` = -1.35 (21.4x median), `BUREAU_BB_SEVERE_DPD_MEAN` = 0.56 (11.9x median), `BUREAU_BB_DPD_RATIO_MEAN` = 1.97 (11.1x median)","Ekstrem secara statistik tapi koheren — kemungkinan tail-end legitimate customer (VHNW, kasus khusus).",Routing: alihkan ke divisi Wealth Management / Priority Banking untuk potensi cross-sell.
264328,cluster_3,Tipe B - Rare but Valid,"`PREV_APPROVAL_RATE` = 0.96 (46.5x median), `ANNUITY_TO_INCOME` = 0.90 (10.7x median), `CREDIT_TERM_MONTHS` = 0.53 (8.0x median), `CREDIT_TO_INCOME` = 1.08 (7.9x median), `AMT_ANNUITY` = 0.75 (7.4x median)","Ekstrem secara statistik tapi koheren — kemungkinan tail-end legitimate customer (VHNW, kasus khusus).",Routing: alihkan ke divisi Wealth Management / Priority Banking untuk potensi cross-sell.
264787,cluster_4,Tipe A - Data Error,"`CC_SK_DPD_MEAN` = 6.26 (126.7x median), `REGION_RATING_CLIENT_W_CITY` = 1.92 (34.6x median), `CREDIT_TERM_MONTHS` = 1.28 (29.1x median), `BUREAU_ACTIVE_RATIO` = -1.11 (17.7x median), `YEARS_BIRTH` = 0.50 (15.8x median)","Deviasi fitur > 50x median klaster — kemungkinan kesalahan input/ETL (overflow, salah unit, atau sentinel value tidak ter-handle).",Data Engineering: tambahkan capping rule (Z-score>3 di tahap ingest) untuk mencegah kontaminasi model.
264911,cluster_4,Tipe A - Data Error,"`EXT_SOURCE_1` = 1.57 (115.7x median), `CREDIT_TERM_MONTHS` = 1.69 (38.1x median), `YEARS_BIRTH` = 1.11 (34.1x median), `POS_MONTHS_COUNT` = 0.80 (20.5x median), `AMT_INCOME_TOTAL` = 1.70 (14.6x median)","Deviasi fitur > 50x median klaster — kemungkinan kesalahan input/ETL (overflow, salah unit, atau sentinel value tidak ter-handle).",Data Engineering: tambahkan capping rule (Z-score>3 di tahap ingest) untuk mencegah kontaminasi model.
264974,cluster_2,Tipe A - Data Error,"`EXT_SOURCE_1` = 1.75 (128.7x median), `BUREAU_BB_SEVERE_DPD_MEAN` = 1.49 (30.0x median), `BUREAU_BB_DPD_RATIO_MEAN` = 3.37 (18.3x median), `EXT_SOURCE_3` = -1.57 (15.1x median), `YEARS_EMPLOYED` = 1.52 (7.7x median)","Deviasi fitur > 50x median klaster — kemungkinan kesalahan input/ETL (overflow, salah unit, atau sentinel value tidak ter-handle).",Data Engineering: tambahkan capping rule (Z-score>3 di tahap ingest) untuk mencegah kontaminasi model.
265813,cluster_4,Tipe B - Rare but Valid,"`YEARS_BIRTH` = 1.37 (41.8x median), `AMT_REQ_CREDIT_BUREAU_YEAR` = 3.58 (27.8x median), `POS_MONTHS_COUNT` = -0.53 (15.1x median), `PREV_APPROVAL_RATE` = -1.93 (13.1x median), `AMT_ANNUITY` = 1.59 (10.3x median)","Ekstrem secara statistik tapi koheren — kemungkinan tail-end legitimate customer (VHNW, kasus khusus).",Routing: alihkan ke divisi Wealth Management / Priority Banking untuk potensi cross-sell.
265843,cluster_4,Tipe B - Rare but Valid,"`INST_DPD_MAX` = 3.85 (38.0x median), `CREDIT_TERM_MONTHS` = 1.68 (37.7x median), `CC_SK_DPD_MEAN` = 1.16 (24.3x median), `POS_MONTHS_COUNT` = -0.85 (23.7x median), `YEARS_EMPLOYED` = 3.61 (18.2x median)","Ekstrem secara statistik tapi koheren — kemungkinan tail-end legitimate customer (VHNW, kasus khusus).",Routing: alihkan ke divisi Wealth Management / Priority Banking untuk potensi cross-sell.
265854,cluster_2,Tipe A - Data Error,"`EXT_SOURCE_1` = -2.42 (180.4x median), `INST_SEVERE_LATE_RATIO` = 6.92 (42.1x median), `BUREAU_BB_DPD_RATIO_MEAN` = 7.67 (40.4x median), `REGION_RATING_CLIENT_W_CITY` = 1.92 (34.6x median), `EXT_SOURCE_3` = -1.71 (16.3x median)","Deviasi fitur > 50x median klaster — kemungkinan kesalahan input/ETL (overflow, salah unit, atau sentinel value tidak ter-handle).",Data Engineering: tambahkan capping rule (Z-score>3 di tahap ingest) untuk mencegah kontaminasi model.
265925,cluster_0,Tipe A - Data Error,"`INST_SEVERE_LATE_RATIO` = 8.94 (54.1x median), `EXT_SOURCE_1` = 0.64 (46.7x median), `REGION_RATING_CLIENT_W_CITY` = 1.92 (34.6x median), `EXT_SOURCE_3` = -1.62 (15.6x median), `BUREAU_ACTIVE_RATIO` = 0.61 (11.3x median)","Deviasi fitur > 50x median klaster — kemungkinan kesalahan input/ETL (overflow, salah unit, atau sentinel value tidak ter-handle).",Data Engineering: tambahkan capping rule (Z-score>3 di tahap ingest) untuk mencegah kontaminasi model.
266703,cluster_4,Tipe A - Data Error,"`POS_MONTHS_COUNT` = 2.46 (64.8x median), `BUREAU_ACTIVE_RATIO` = 2.03 (35.5x median), `REGION_RATING_CLIENT_W_CITY` = 1.92 (34.6x median), `CREDIT_TERM_MONTHS` = 1.27 (28.8x median), `AMT_REQ_CREDIT_BUREAU_YEAR` = 3.58 (27.8x median)","Deviasi fitur > 50x median klaster — kemungkinan kesalahan input/ETL (overflow, salah unit, atau sentinel value tidak ter-handle).",Data Engineering: tambahkan capping rule (Z-score>3 di tahap ingest) untuk mencegah kontaminasi model.
266807,cluster_4,Tipe A - Data Error,"`EXT_SOURCE_1` = -2.09 (156.5x median), `REGION_RATING_CLIENT_W_CITY` = -2.04 (34.6x median), `CREDIT_TERM_MONTHS` = -1.56 (33.2x median), `POS_MONTHS_COUNT` = 0.93 (23.7x median), `YEARS_BIRTH` = -0.65 (18.5x median)","Deviasi fitur > 50x median klaster — kemungkinan kesalahan input/ETL (overflow, salah unit, atau sentinel value tidak ter-handle).",Data Engineering: tambahkan capping rule (Z-score>3 di tahap ingest) untuk mencegah kontaminasi model.
266955,cluster_2,Tipe B - Rare but Valid,"`REGION_RATING_CLIENT_W_CITY` = 1.92 (34.6x median), `AMT_INCOME_TOTAL` = 2.47 (21.6x median), `YEARS_BIRTH` = -1.03 (14.4x median), `YEARS_EMPLOYED` = 0.79 (4.4x median), `PREV_APPROVAL_RATE` = -2.34 (3.4x median)","Ekstrem secara statistik tapi koheren — kemungkinan tail-end legitimate customer (VHNW, kasus khusus).",Routing: alihkan ke divisi Wealth Management / Priority Banking untuk potensi cross-sell.
266980,cluster_4,Tipe A - Data Error,"`EXT_SOURCE_1` = 0.69 (50.2x median), `YEARS_BIRTH` = -1.08 (31.3x median), `BUREAU_ACTIVE_RATIO` = 0.86 (15.5x median), `BUREAU_DEBT_TO_CREDIT_RATIO` = 1.02 (12.0x median), `EXT_SOURCE_3` = -1.17 (11.5x median)","Deviasi fitur > 50x median klaster — kemungkinan kesalahan input/ETL (overflow, salah unit, atau sentinel value tidak ter-handle).",Data Engineering: tambahkan capping rule (Z-score>3 di tahap ingest) untuk mencegah kontaminasi model.
267306,cluster_0,Tipe A - Data Error,"`EXT_SOURCE_1` = -2.54 (189.7x median), `INST_SEVERE_LATE_RATIO` = 6.92 (42.1x median), `BUREAU_ACTIVE_RATIO` = -1.11 (17.7x median), `INST_DPD_MEAN` = 1.10 (10.7x median), `INST_DPD_MAX` = 0.73 (5.5x median)","Deviasi fitur > 50x median klaster — kemungkinan kesalahan input/ETL (overflow, salah unit, atau sentinel value tidak ter-handle).",Data Engineering: tambahkan capping rule (Z-score>3 di tahap ingest) untuk mencegah kontaminasi model.
267663,cluster_4,Tipe A - Data Error,"`EXT_SOURCE_1` = 1.24 (91.1x median), `POS_MONTHS_COUNT` = 1.09 (28.1x median), `YEARS_BIRTH` = -0.70 (19.8x median), `BUREAU_ACTIVE_RATIO` = 0.64 (11.8x median), `BUREAU_DAYS_CREDIT_MEAN` = -0.90 (11.2x median)","Deviasi fitur > 50x median klaster — kemungkinan kesalahan input/ETL (overflow, salah unit, atau sentinel value tidak ter-handle).",Data Engineering: tambahkan capping rule (Z-score>3 di tahap ingest) untuk mencegah kontaminasi model.
267953,cluster_4,Tipe A - Data Error,"`EXT_SOURCE_1` = 1.31 (96.2x median), `CREDIT_TERM_MONTHS` = 1.68 (37.7x median), `REGION_RATING_CLIENT_W_CITY` = 1.92 (34.6x median), `YEARS_BIRTH` = 0.67 (21.1x median), `POS_MONTHS_COUNT` = 0.76 (19.4x median)","Deviasi fitur > 50x median klaster — kemungkinan kesalahan input/ETL (overflow, salah unit, atau sentinel value tidak ter-handle).",Data Engineering: tambahkan capping rule (Z-score>3 di tahap ingest) untuk mencegah kontaminasi model.
268034,cluster_4,Tipe A - Data Error,"`POS_MONTHS_COUNT` = 3.31 (87.4x median), `YEARS_BIRTH` = 1.07 (33.0x median), `EXT_SOURCE_3` = 1.39 (11.4x median), `BUREAU_ACTIVE_RATIO` = 0.46 (8.9x median), `AMT_INCOME_TOTAL` = 1.05 (8.7x median)","Deviasi fitur > 50x median klaster — kemungkinan kesalahan input/ETL (overflow, salah unit, atau sentinel value tidak ter-handle).",Data Engineering: tambahkan capping rule (Z-score>3 di tahap ingest) untuk mencegah kontaminasi model.
268072,cluster_4,Tipe B - Rare but Valid,"`BUREAU_ACTIVE_RATIO` = 2.03 (35.5x median), `BUREAU_DEBT_TO_CREDIT_RATIO` = 1.87 (21.2x median), `POS_MONTHS_COUNT` = 0.80 (20.5x median), `EXT_SOURCE_3` = -1.89 (18.0x median), `YEARS_BIRTH` = -0.60 (16.9x median)","Ekstrem secara statistik tapi koheren — kemungkinan tail-end legitimate customer (VHNW, kasus khusus).",Routing: alihkan ke divisi Wealth Management / Priority Banking untuk potensi cross-sell.
268167,cluster_1,Tipe B - Rare but Valid,"`REGION_RATING_CLIENT_W_CITY` = 1.92 (34.6x median), `INST_LATE_RATIO` = 4.30 (27.6x median), `AMT_CREDIT` = 0.82 (26.7x median), `BUREAU_BB_DPD_RATIO_MEAN` = 4.88 (26.1x median), `INST_SEVERE_LATE_RATIO` = 3.12 (19.5x median)","Ekstrem secara statistik tapi koheren — kemungkinan tail-end legitimate customer (VHNW, kasus khusus).",Routing: alihkan ke divisi Wealth Management / Priority Banking untuk potensi cross-sell.
268345,cluster_0,Tipe A - Data Error,"`EXT_SOURCE_1` = 0.84 (61.5x median), `AMT_INCOME_TOTAL` = -2.73 (11.8x median), `EXT_SOURCE_3` = 1.01 (8.1x median), `EXT_SOURCE_2` = 0.73 (7.5x median), `YEARS_EMPLOYED` = 2.26 (6.4x median)","Deviasi fitur > 50x median klaster — kemungkinan kesalahan input/ETL (overflow, salah unit, atau sentinel value tidak ter-handle).",Data Engineering: tambahkan capping rule (Z-score>3 di tahap ingest) untuk mencegah kontaminasi model.
268476,cluster_3,Tipe B - Rare but Valid,"`PREV_APPROVAL_RATE` = -0.69 (34.9x median), `BUREAU_ACTIVE_RATIO` = 1.25 (22.2x median), `CREDIT_TERM_MONTHS` = -1.49 (18.7x median), `EXT_SOURCE_3` = -1.04 (10.3x median), `AMT_CREDIT` = -0.79 (6.0x median)","Ekstrem secara statistik tapi koheren — kemungkinan tail-end legitimate customer (VHNW, kasus khusus).",Routing: alihkan ke divisi Wealth Management / Priority Banking untuk potensi cross-sell.
268691,cluster_4,Tipe B - Rare but Valid,"`POS_MONTHS_COUNT` = 1.33 (34.5x median), `YEARS_BIRTH` = -1.12 (32.3x median), `BUREAU_ACTIVE_RATIO` = 1.64 (28.8x median), `EXT_SOURCE_3` = -2.62 (24.5x median), `EXT_SOURCE_1` = -0.29 (22.6x median)","Ekstrem secara statistik tapi koheren — kemungkinan tail-end legitimate customer (VHNW, kasus khusus).",Routing: alihkan ke divisi Wealth Management / Priority Banking untuk potensi cross-sell.
268739,cluster_4,Tipe A - Data Error,"`EXT_SOURCE_1` = -0.79 (59.8x median), `CREDIT_TERM_MONTHS` = -1.51 (32.1x median), `BUREAU_DAYS_CREDIT_MEAN` = -2.05 (26.8x median), `YEARS_BIRTH` = -0.90 (25.9x median), `EXT_SOURCE_3` = 1.35 (11.1x median)","Deviasi fitur > 50x median klaster — kemungkinan kesalahan input/ETL (overflow, salah unit, atau sentinel value tidak ter-handle).",Data Engineering: tambahkan capping rule (Z-score>3 di tahap ingest) untuk mencegah kontaminasi model.
268950,cluster_4,Tipe A - Data Error,"`POS_MONTHS_COUNT` = 3.35 (88.5x median), `EXT_SOURCE_1` = 0.78 (57.1x median), `CREDIT_TERM_MONTHS` = -1.62 (34.5x median), `AMT_REQ_CREDIT_BUREAU_YEAR` = 3.58 (27.8x median), `BUREAU_ACTIVE_RATIO` = 0.99 (17.7x median)","Deviasi fitur > 50x median klaster — kemungkinan kesalahan input/ETL (overflow, salah unit, atau sentinel value tidak ter-handle).",Data Engineering: tambahkan capping rule (Z-score>3 di tahap ingest) untuk mencegah kontaminasi model.
268991,cluster_3,Tipe A - Data Error,"`PREV_APPROVAL_RATE` = -1.24 (62.0x median), `EXT_SOURCE_1` = 0.71 (51.8x median), `REGION_RATING_CLIENT_W_CITY` = 1.92 (34.6x median), `BUREAU_ACTIVE_RATIO` = -1.11 (17.7x median), `CREDIT_TERM_MONTHS` = -1.39 (17.3x median)","Deviasi fitur > 50x median klaster — kemungkinan kesalahan input/ETL (overflow, salah unit, atau sentinel value tidak ter-handle).",Data Engineering: tambahkan capping rule (Z-score>3 di tahap ingest) untuk mencegah kontaminasi model.
269019,cluster_4,Tipe A - Data Error,"`CC_SK_DPD_MEAN` = 22.28 (448.4x median), `CREDIT_TERM_MONTHS` = -1.22 (25.7x median), `YEARS_BIRTH` = 0.47 (14.9x median), `AMT_ANNUITY` = -1.30 (10.2x median), `AMT_CREDIT` = -1.73 (9.1x median)","Deviasi fitur > 50x median klaster — kemungkinan kesalahan input/ETL (overflow, salah unit, atau sentinel value tidak ter-handle).",Data Engineering: tambahkan capping rule (Z-score>3 di tahap ingest) untuk mencegah kontaminasi model.
269154,cluster_3,Tipe A - Data Error,"`EXT_SOURCE_1` = -1.41 (105.7x median), `POS_SK_DPD_MEAN` = 16.46 (84.8x median), `PREV_APPROVAL_RATE` = 0.96 (46.5x median), `CREDIT_TERM_MONTHS` = 1.42 (19.8x median), `BUREAU_ACTIVE_RATIO` = 0.99 (17.7x median)","Deviasi fitur > 50x median klaster — kemungkinan kesalahan input/ETL (overflow, salah unit, atau sentinel value tidak ter-handle).",Data Engineering: tambahkan capping rule (Z-score>3 di tahap ingest) untuk mencegah kontaminasi model.
269331,cluster_4,Tipe A - Data Error,"`EXT_SOURCE_1` = -1.57 (117.9x median), `POS_MONTHS_COUNT` = 1.53 (39.9x median), `BUREAU_ACTIVE_RATIO` = 2.03 (35.5x median), `YEARS_BIRTH` = -0.91 (26.2x median), `BUREAU_DAYS_CREDIT_MEAN` = 1.00 (14.5x median)","Deviasi fitur > 50x median klaster — kemungkinan kesalahan input/ETL (overflow, salah unit, atau sentinel value tidak ter-handle).",Data Engineering: tambahkan capping rule (Z-score>3 di tahap ingest) untuk mencegah kontaminasi model.
269459,cluster_3,Tipe A - Data Error,"`POS_SK_DPD_MEAN` = 19.86 (102.5x median), `PREV_APPROVAL_RATE` = -1.02 (51.1x median), `EXT_SOURCE_1` = -0.34 (25.9x median), `EXT_SOURCE_3` = -2.17 (20.5x median), `BUREAU_DAYS_CREDIT_MEAN` = -1.81 (10.3x median)","Deviasi fitur > 50x median klaster — kemungkinan kesalahan input/ETL (overflow, salah unit, atau sentinel value tidak ter-handle).",Data Engineering: tambahkan capping rule (Z-score>3 di tahap ingest) untuk mencegah kontaminasi model.
269909,cluster_0,Tipe A - Data Error,"`EXT_SOURCE_1` = -1.74 (130.3x median), `BUREAU_ACTIVE_RATIO` = 2.03 (35.5x median), `EXT_SOURCE_2` = -2.46 (29.6x median), `BUREAU_DEBT_TO_CREDIT_RATIO` = 1.30 (4.3x median), `AMT_INCOME_TOTAL` = -1.07 (4.0x median)","Deviasi fitur > 50x median klaster — kemungkinan kesalahan input/ETL (overflow, salah unit, atau sentinel value tidak ter-handle).",Data Engineering: tambahkan capping rule (Z-score>3 di tahap ingest) untuk mencegah kontaminasi model.
269910,cluster_2,Tipe B - Rare but Valid,"`INST_SEVERE_LATE_RATIO` = 4.50 (27.7x median), `YEARS_BIRTH` = -1.13 (15.7x median), `AMT_INCOME_TOTAL` = -1.40 (13.8x median), `INST_DPD_MEAN` = 0.78 (7.8x median), `INST_DPD_MAX` = 0.89 (6.5x median)","Ekstrem secara statistik tapi koheren — kemungkinan tail-end legitimate customer (VHNW, kasus khusus).",Routing: alihkan ke divisi Wealth Management / Priority Banking untuk potensi cross-sell.
270453,cluster_3,Tipe A - Data Error,"`BUREAU_BB_SEVERE_DPD_MEAN` = 5.88 (115.8x median), `EXT_SOURCE_1` = -0.86 (64.7x median), `PREV_APPROVAL_RATE` = 0.96 (46.5x median), `BUREAU_BB_DPD_RATIO_MEAN` = 3.04 (16.6x median), `POS_SK_DPD_MEAN` = 2.20 (10.5x median)","Deviasi fitur > 50x median klaster — kemungkinan kesalahan input/ETL (overflow, salah unit, atau sentinel value tidak ter-handle).",Data Engineering: tambahkan capping rule (Z-score>3 di tahap ingest) untuk mencegah kontaminasi model.
270592,cluster_3,Tipe A - Data Error,"`PREV_APPROVAL_RATE` = -2.34 (116.2x median), `POS_SK_DPD_MEAN` = 21.68 (112.0x median), `REGION_RATING_CLIENT_W_CITY` = 1.92 (34.6x median), `CREDIT_TERM_MONTHS` = -1.41 (17.5x median), `BUREAU_ACTIVE_RATIO` = -0.48 (7.1x median)","Deviasi fitur > 50x median klaster — kemungkinan kesalahan input/ETL (overflow, salah unit, atau sentinel value tidak ter-handle).",Data Engineering: tambahkan capping rule (Z-score>3 di tahap ingest) untuk mencegah kontaminasi model.
270771,cluster_2,Tipe B - Rare but Valid,"`REGION_RATING_CLIENT_W_CITY` = -2.04 (34.6x median), `AMT_INCOME_TOTAL` = 2.47 (21.6x median), `BUREAU_DAYS_CREDIT_MEAN` = 0.80 (6.8x median), `BUREAU_DEBT_TO_CREDIT_RATIO` = 1.29 (4.2x median), `BUREAU_ACTIVE_RATIO` = 0.46 (3.8x median)","Ekstrem secara statistik tapi koheren — kemungkinan tail-end legitimate customer (VHNW, kasus khusus).",Routing: alihkan ke divisi Wealth Management / Priority Banking untuk potensi cross-sell.
270986,cluster_4,Tipe B - Rare but Valid,"`YEARS_BIRTH` = -1.31 (37.9x median), `CREDIT_TERM_MONTHS` = 1.67 (37.7x median), `BUREAU_ACTIVE_RATIO` = 2.03 (35.5x median), `AMT_REQ_CREDIT_BUREAU_YEAR` = 3.58 (27.8x median), `BUREAU_DEBT_TO_CREDIT_RATIO` = 1.64 (18.7x median)","Ekstrem secara statistik tapi koheren — kemungkinan tail-end legitimate customer (VHNW, kasus khusus).",Routing: alihkan ke divisi Wealth Management / Priority Banking untuk potensi cross-sell.
271748,cluster_4,Tipe A - Data Error,"`EXT_SOURCE_1` = 1.91 (141.1x median), `REGION_RATING_CLIENT_W_CITY` = -2.04 (34.6x median), `POS_MONTHS_COUNT` = -0.81 (22.7x median), `YEARS_BIRTH` = 0.63 (19.8x median), `BUREAU_ACTIVE_RATIO` = -1.11 (17.7x median)","Deviasi fitur > 50x median klaster — kemungkinan kesalahan input/ETL (overflow, salah unit, atau sentinel value tidak ter-handle).",Data Engineering: tambahkan capping rule (Z-score>3 di tahap ingest) untuk mencegah kontaminasi model.
272072,cluster_4,Tipe C - Risk Signal,"`POS_MONTHS_COUNT` = 1.81 (47.5x median), `YEARS_BIRTH` = 1.48 (45.1x median), `REGION_RATING_CLIENT_W_CITY` = 1.92 (34.6x median), `BUREAU_DAYS_CREDIT_MEAN` = 1.45 (20.7x median), `AMT_INCOME_TOTAL` = -1.95 (18.9x median)","Kombinasi finansial kontradiktif (mis. rasio cicilan/pendapatan ekstrem, income rendah + credit besar, atau skor eksternal tinggi di cluster bermasalah).","Underwriting: matikan auto-approve, wajibkan manual review oleh underwriter senior + verifikasi pendapatan fisik."
272341,cluster_4,Tipe B - Rare but Valid,"`EXT_SOURCE_1` = -0.59 (44.5x median), `YEARS_BIRTH` = -1.24 (35.8x median), `REGION_RATING_CLIENT_W_CITY` = 1.92 (34.6x median), `CREDIT_TERM_MONTHS` = -0.75 (15.4x median), `BUREAU_DAYS_CREDIT_MEAN` = 0.91 (13.3x median)","Ekstrem secara statistik tapi koheren — kemungkinan tail-end legitimate customer (VHNW, kasus khusus).",Routing: alihkan ke divisi Wealth Management / Priority Banking untuk potensi cross-sell.
272484,cluster_4,Tipe B - Rare but Valid,"`POS_MONTHS_COUNT` = 1.77 (46.4x median), `YEARS_BIRTH` = 1.26 (38.6x median), `CREDIT_TERM_MONTHS` = -1.40 (29.7x median), `AMT_INCOME_TOTAL` = -1.66 (16.2x median), `AMT_ANNUITY` = -2.09 (15.9x median)","Ekstrem secara statistik tapi koheren — kemungkinan tail-end legitimate customer (VHNW, kasus khusus).",Routing: alihkan ke divisi Wealth Management / Priority Banking untuk potensi cross-sell.
272850,cluster_4,Tipe B - Rare but Valid,"`REGION_RATING_CLIENT_W_CITY` = -2.04 (34.6x median), `YEARS_BIRTH` = -0.84 (24.1x median), `BUREAU_DAYS_CREDIT_MEAN` = 1.45 (20.7x median), `BUREAU_ACTIVE_RATIO` = -1.11 (17.7x median), `CREDIT_TERM_MONTHS` = 0.32 (8.1x median)","Ekstrem secara statistik tapi koheren — kemungkinan tail-end legitimate customer (VHNW, kasus khusus).",Routing: alihkan ke divisi Wealth Management / Priority Banking untuk potensi cross-sell.
273411,cluster_0,Tipe B - Rare but Valid,"`INST_SEVERE_LATE_RATIO` = 3.19 (19.9x median), `EXT_SOURCE_2` = -1.48 (18.3x median), `BUREAU_ACTIVE_RATIO` = -1.11 (17.7x median), `OWN_CAR_AGE` = 6.68 (15.7x median), `INST_DPD_MEAN` = 0.55 (5.8x median)","Ekstrem secara statistik tapi koheren — kemungkinan tail-end legitimate customer (VHNW, kasus khusus).",Routing: alihkan ke divisi Wealth Management / Priority Banking untuk potensi cross-sell.
273683,cluster_1,Tipe A - Data Error,"`EXT_SOURCE_1` = 1.96 (144.8x median), `INST_SEVERE_LATE_RATIO` = 2.22 (14.2x median), `BUREAU_DEBT_TO_CREDIT_RATIO` = -0.53 (9.4x median), `EXT_SOURCE_3` = -1.71 (9.2x median), `INST_LATE_RATIO` = 1.25 (8.7x median)","Deviasi fitur > 50x median klaster — kemungkinan kesalahan input/ETL (overflow, salah unit, atau sentinel value tidak ter-handle).",Data Engineering: tambahkan capping rule (Z-score>3 di tahap ingest) untuk mencegah kontaminasi model.
273701,cluster_0,Tipe A - Data Error,"`EXT_SOURCE_1` = 1.29 (94.8x median), `INST_SEVERE_LATE_RATIO` = 6.92 (42.1x median), `EXT_SOURCE_2` = -2.35 (28.3x median), `BUREAU_ACTIVE_RATIO` = -1.11 (17.7x median), `EXT_SOURCE_3` = 1.55 (13.0x median)","Deviasi fitur > 50x median klaster — kemungkinan kesalahan input/ETL (overflow, salah unit, atau sentinel value tidak ter-handle).",Data Engineering: tambahkan capping rule (Z-score>3 di tahap ingest) untuk mencegah kontaminasi model.
273829,cluster_3,Tipe A - Data Error,"`CC_SK_DPD_MEAN` = 15.21 (306.5x median), `PREV_APPROVAL_RATE` = 0.96 (46.5x median), `BUREAU_ACTIVE_RATIO` = -1.11 (17.7x median), `EXT_SOURCE_3` = 1.48 (12.3x median), `YEARS_BIRTH` = 1.42 (9.9x median)","Deviasi fitur > 50x median klaster — kemungkinan kesalahan input/ETL (overflow, salah unit, atau sentinel value tidak ter-handle).",Data Engineering: tambahkan capping rule (Z-score>3 di tahap ingest) untuk mencegah kontaminasi model.
273990,cluster_4,Tipe A - Data Error,"`EXT_SOURCE_1` = 1.48 (108.9x median), `YEARS_BIRTH` = -1.16 (33.5x median), `CREDIT_TERM_MONTHS` = -1.45 (30.7x median), `BUREAU_DAYS_CREDIT_MEAN` = 1.45 (20.7x median), `BUREAU_ACTIVE_RATIO` = -1.11 (17.7x median)","Deviasi fitur > 50x median klaster — kemungkinan kesalahan input/ETL (overflow, salah unit, atau sentinel value tidak ter-handle).",Data Engineering: tambahkan capping rule (Z-score>3 di tahap ingest) untuk mencegah kontaminasi model.
274209,cluster_4,Tipe B - Rare but Valid,"`POS_MONTHS_COUNT` = 1.81 (47.5x median), `YEARS_BIRTH` = 0.74 (23.2x median), `CREDIT_TERM_MONTHS` = -1.08 (22.6x median), `AMT_REQ_CREDIT_BUREAU_YEAR` = 2.43 (18.5x median), `EXT_SOURCE_3` = -1.51 (14.6x median)","Ekstrem secara statistik tapi koheren — kemungkinan tail-end legitimate customer (VHNW, kasus khusus).",Routing: alihkan ke divisi Wealth Management / Priority Banking untuk potensi cross-sell.
274225,cluster_0,Tipe A - Data Error,"`EXT_SOURCE_1` = -2.06 (154.0x median), `EXT_SOURCE_3` = -2.47 (23.2x median), `BUREAU_COUNT` = 2.90 (8.3x median), `EXT_SOURCE_2` = -0.54 (7.3x median), `BUREAU_ACTIVE_RATIO` = 0.29 (5.9x median)","Deviasi fitur > 50x median klaster — kemungkinan kesalahan input/ETL (overflow, salah unit, atau sentinel value tidak ter-handle).",Data Engineering: tambahkan capping rule (Z-score>3 di tahap ingest) untuk mencegah kontaminasi model.
274235,cluster_4,Tipe A - Data Error,"`CC_SK_DPD_MEAN` = 19.12 (384.9x median), `EXT_SOURCE_1` = -1.59 (119.1x median), `POS_MONTHS_COUNT` = -1.13 (31.3x median), `YEARS_BIRTH` = -0.86 (24.6x median), `PREV_APPROVAL_RATE` = -2.34 (16.1x median)","Deviasi fitur > 50x median klaster — kemungkinan kesalahan input/ETL (overflow, salah unit, atau sentinel value tidak ter-handle).",Data Engineering: tambahkan capping rule (Z-score>3 di tahap ingest) untuk mencegah kontaminasi model.
274248,cluster_2,Tipe A - Data Error,"`EXT_SOURCE_1` = 1.89 (139.6x median), `REGION_RATING_CLIENT_W_CITY` = -2.04 (34.6x median), `BUREAU_DAYS_CREDIT_MEAN` = -2.48 (17.0x median), `EXT_SOURCE_3` = 1.09 (8.8x median), `AMT_INCOME_TOTAL` = 0.86 (6.8x median)","Deviasi fitur > 50x median klaster — kemungkinan kesalahan input/ETL (overflow, salah unit, atau sentinel value tidak ter-handle).",Data Engineering: tambahkan capping rule (Z-score>3 di tahap ingest) untuk mencegah kontaminasi model.
274430,cluster_4,Tipe A - Data Error,"`EXT_SOURCE_1` = 2.27 (167.4x median), `POS_MONTHS_COUNT` = 1.73 (45.3x median), `BUREAU_ACTIVE_RATIO` = 2.03 (35.5x median), `AMT_REQ_CREDIT_BUREAU_YEAR` = 3.58 (27.8x median), `CREDIT_TERM_MONTHS` = 0.86 (19.7x median)","Deviasi fitur > 50x median klaster — kemungkinan kesalahan input/ETL (overflow, salah unit, atau sentinel value tidak ter-handle).",Data Engineering: tambahkan capping rule (Z-score>3 di tahap ingest) untuk mencegah kontaminasi model.
275005,cluster_3,Tipe B - Rare but Valid,"`POS_SK_DPD_MEAN` = 6.04 (30.5x median), `CREDIT_TERM_MONTHS` = 1.70 (23.4x median), `PREV_APPROVAL_RATE` = -0.27 (14.5x median), `CREDIT_TO_INCOME` = 1.93 (13.3x median), `ANNUITY_TO_INCOME` = 0.85 (10.1x median)","Ekstrem secara statistik tapi koheren — kemungkinan tail-end legitimate customer (VHNW, kasus khusus).",Routing: alihkan ke divisi Wealth Management / Priority Banking untuk potensi cross-sell.
275112,cluster_3,Tipe A - Data Error,"`EXT_SOURCE_1` = 1.82 (134.4x median), `PREV_APPROVAL_RATE` = 0.41 (19.4x median), `BUREAU_ACTIVE_RATIO` = 0.99 (17.7x median), `CREDIT_TERM_MONTHS` = 1.19 (16.7x median), `POS_SK_DPD_MEAN` = 2.76 (13.4x median)","Deviasi fitur > 50x median klaster — kemungkinan kesalahan input/ETL (overflow, salah unit, atau sentinel value tidak ter-handle).",Data Engineering: tambahkan capping rule (Z-score>3 di tahap ingest) untuk mencegah kontaminasi model.
275594,cluster_1,Tipe B - Rare but Valid,"`AMT_CREDIT` = 1.35 (43.4x median), `REGION_RATING_CLIENT_W_CITY` = 1.92 (34.6x median), `AMT_ANNUITY` = 1.42 (20.6x median), `YEARS_EMPLOYED` = 2.98 (10.3x median), `CC_MONTHS_COUNT` = 3.09 (8.1x median)","Ekstrem secara statistik tapi koheren — kemungkinan tail-end legitimate customer (VHNW, kasus khusus).",Routing: alihkan ke divisi Wealth Management / Priority Banking untuk potensi cross-sell.
276010,cluster_4,Tipe A - Data Error,"`EXT_SOURCE_1` = -0.83 (62.6x median), `YEARS_BIRTH` = -1.24 (35.9x median), `REGION_RATING_CLIENT_W_CITY` = 1.92 (34.6x median), `AMT_REQ_CREDIT_BUREAU_YEAR` = 2.43 (18.5x median), `EXT_SOURCE_3` = -1.56 (15.0x median)","Deviasi fitur > 50x median klaster — kemungkinan kesalahan input/ETL (overflow, salah unit, atau sentinel value tidak ter-handle).",Data Engineering: tambahkan capping rule (Z-score>3 di tahap ingest) untuk mencegah kontaminasi model.
276528,cluster_1,Tipe B - Rare but Valid,"`EXT_SOURCE_1` = -0.55 (41.7x median), `BUREAU_DEBT_TO_CREDIT_RATIO` = 1.49 (30.2x median), `AMT_CREDIT` = 0.78 (25.3x median), `CREDIT_TERM_MONTHS` = 1.97 (11.1x median), `PREV_REFUSED_COUNT` = 6.23 (8.4x median)","Ekstrem secara statistik tapi koheren — kemungkinan tail-end legitimate customer (VHNW, kasus khusus).",Routing: alihkan ke divisi Wealth Management / Priority Banking untuk potensi cross-sell.
277231,cluster_1,Tipe A - Data Error,"`EXT_SOURCE_1` = -0.92 (69.6x median), `BUREAU_ACTIVE_RATIO` = -1.11 (17.7x median), `BUREAU_DAYS_CREDIT_MEAN` = -2.90 (15.3x median), `EXT_SOURCE_3` = 1.67 (11.0x median), `BUREAU_DEBT_TO_CREDIT_RATIO` = -0.59 (10.5x median)","Deviasi fitur > 50x median klaster — kemungkinan kesalahan input/ETL (overflow, salah unit, atau sentinel value tidak ter-handle).",Data Engineering: tambahkan capping rule (Z-score>3 di tahap ingest) untuk mencegah kontaminasi model.
277733,cluster_3,Tipe A - Data Error,"`BUREAU_BB_SEVERE_DPD_MEAN` = 31.78 (621.5x median), `BUREAU_BB_DPD_RATIO_MEAN` = 17.87 (92.9x median), `POS_SK_DPD_MEAN` = 9.29 (47.4x median), `PREV_APPROVAL_RATE` = 0.96 (46.5x median), `CREDIT_TERM_MONTHS` = 1.68 (23.1x median)","Deviasi fitur > 50x median klaster — kemungkinan kesalahan input/ETL (overflow, salah unit, atau sentinel value tidak ter-handle).",Data Engineering: tambahkan capping rule (Z-score>3 di tahap ingest) untuk mencegah kontaminasi model.
278158,cluster_0,Tipe A - Data Error,"`BUREAU_BB_SEVERE_DPD_MEAN` = 7.90 (155.3x median), `BUREAU_BB_DPD_RATIO_MEAN` = 13.89 (72.4x median), `BUREAU_ACTIVE_RATIO` = -1.11 (17.7x median), `EXT_SOURCE_2` = -1.07 (13.4x median), `INST_LATE_RATIO` = 3.19 (6.1x median)","Deviasi fitur > 50x median klaster — kemungkinan kesalahan input/ETL (overflow, salah unit, atau sentinel value tidak ter-handle).",Data Engineering: tambahkan capping rule (Z-score>3 di tahap ingest) untuk mencegah kontaminasi model.
278490,cluster_4,Tipe A - Data Error,"`POS_MONTHS_COUNT` = 4.72 (125.2x median), `EXT_SOURCE_1` = 1.51 (111.2x median), `CREDIT_TERM_MONTHS` = -1.41 (29.9x median), `YEARS_BIRTH` = 0.91 (28.2x median), `BUREAU_COUNT` = 3.56 (20.8x median)","Deviasi fitur > 50x median klaster — kemungkinan kesalahan input/ETL (overflow, salah unit, atau sentinel value tidak ter-handle).",Data Engineering: tambahkan capping rule (Z-score>3 di tahap ingest) untuk mencegah kontaminasi model.
278521,cluster_4,Tipe B - Rare but Valid,"`BUREAU_ACTIVE_RATIO` = 2.03 (35.5x median), `CREDIT_TERM_MONTHS` = -1.08 (22.7x median), `YEARS_BIRTH` = -0.63 (17.8x median), `PREV_REFUSED_COUNT` = 4.00 (9.8x median), `POS_MONTHS_COUNT` = 0.40 (9.7x median)","Ekstrem secara statistik tapi koheren — kemungkinan tail-end legitimate customer (VHNW, kasus khusus).",Routing: alihkan ke divisi Wealth Management / Priority Banking untuk potensi cross-sell.
278762,cluster_4,Tipe A - Data Error,"`EXT_SOURCE_1` = -1.44 (108.2x median), `CREDIT_TERM_MONTHS` = 1.26 (28.7x median), `YEARS_BIRTH` = -0.74 (21.0x median), `BUREAU_DAYS_CREDIT_MEAN` = -1.42 (18.2x median), `BUREAU_DEBT_TO_CREDIT_RATIO` = 1.37 (15.8x median)","Deviasi fitur > 50x median klaster — kemungkinan kesalahan input/ETL (overflow, salah unit, atau sentinel value tidak ter-handle).",Data Engineering: tambahkan capping rule (Z-score>3 di tahap ingest) untuk mencegah kontaminasi model.
278804,cluster_1,Tipe B - Rare but Valid,"`BUREAU_ACTIVE_RATIO` = 1.25 (22.2x median), `BUREAU_DEBT_TO_CREDIT_RATIO` = 0.74 (15.4x median), `EXT_SOURCE_3` = 1.29 (8.7x median), `YEARS_BIRTH` = -1.81 (8.3x median), `OWN_CAR_AGE` = 2.67 (6.9x median)","Ekstrem secara statistik tapi koheren — kemungkinan tail-end legitimate customer (VHNW, kasus khusus).",Routing: alihkan ke divisi Wealth Management / Priority Banking untuk potensi cross-sell.
278825,cluster_2,Tipe A - Data Error,"`EXT_SOURCE_1` = 2.53 (186.8x median), `REGION_RATING_CLIENT_W_CITY` = 1.92 (34.6x median), `INST_SEVERE_LATE_RATIO` = 5.63 (34.4x median), `AMT_INCOME_TOTAL` = 1.47 (12.4x median), `EXT_SOURCE_3` = 1.26 (10.3x median)","Deviasi fitur > 50x median klaster — kemungkinan kesalahan input/ETL (overflow, salah unit, atau sentinel value tidak ter-handle).",Data Engineering: tambahkan capping rule (Z-score>3 di tahap ingest) untuk mencegah kontaminasi model.
279293,cluster_3,Tipe A - Data Error,"`POS_SK_DPD_MEAN` = 18.35 (94.6x median), `CREDIT_TERM_MONTHS` = -1.41 (17.5x median), `EXT_SOURCE_3` = 1.75 (14.7x median), `YEARS_BIRTH` = 1.47 (10.3x median), `ANNUITY_TO_INCOME` = 0.63 (7.8x median)","Deviasi fitur > 50x median klaster — kemungkinan kesalahan input/ETL (overflow, salah unit, atau sentinel value tidak ter-handle).",Data Engineering: tambahkan capping rule (Z-score>3 di tahap ingest) untuk mencegah kontaminasi model.
279725,cluster_4,Tipe B - Rare but Valid,"`CREDIT_TERM_MONTHS` = -1.63 (34.6x median), `POS_MONTHS_COUNT` = 1.01 (25.9x median), `YEARS_BIRTH` = 0.82 (25.4x median), `BUREAU_COUNT` = 3.34 (19.6x median), `AMT_CREDIT` = -2.20 (11.4x median)","Ekstrem secara statistik tapi koheren — kemungkinan tail-end legitimate customer (VHNW, kasus khusus).",Routing: alihkan ke divisi Wealth Management / Priority Banking untuk potensi cross-sell.
279769,cluster_0,Tipe B - Rare but Valid,"`INST_SEVERE_LATE_RATIO` = 6.92 (42.1x median), `REGION_RATING_CLIENT_W_CITY` = -2.04 (34.6x median), `BUREAU_ACTIVE_RATIO` = 1.25 (22.2x median), `EXT_SOURCE_3` = -2.22 (21.0x median), `INST_LATE_RATIO` = 5.28 (9.4x median)","Ekstrem secara statistik tapi koheren — kemungkinan tail-end legitimate customer (VHNW, kasus khusus).",Routing: alihkan ke divisi Wealth Management / Priority Banking untuk potensi cross-sell.
279841,cluster_4,Tipe B - Rare but Valid,"`AMT_REQ_CREDIT_BUREAU_YEAR` = 3.58 (27.8x median), `BUREAU_ACTIVE_RATIO` = 0.99 (17.7x median), `CREDIT_TERM_MONTHS` = -0.75 (15.4x median), `AMT_ANNUITY` = -1.29 (10.2x median), `PREV_APPROVAL_RATE` = -1.37 (9.0x median)","Ekstrem secara statistik tapi koheren — kemungkinan tail-end legitimate customer (VHNW, kasus khusus).",Routing: alihkan ke divisi Wealth Management / Priority Banking untuk potensi cross-sell.
279896,cluster_3,Tipe A - Data Error,"`EXT_SOURCE_1` = 1.88 (138.5x median), `PREV_APPROVAL_RATE` = 0.96 (46.5x median), `BUREAU_ACTIVE_RATIO` = -1.11 (17.7x median), `POS_SK_DPD_MEAN` = 3.06 (14.9x median), `BUREAU_DAYS_CREDIT_MEAN` = 1.45 (10.1x median)","Deviasi fitur > 50x median klaster — kemungkinan kesalahan input/ETL (overflow, salah unit, atau sentinel value tidak ter-handle).",Data Engineering: tambahkan capping rule (Z-score>3 di tahap ingest) untuk mencegah kontaminasi model.
279910,cluster_3,Tipe A - Data Error,"`CC_SK_DPD_MEAN` = 19.46 (391.9x median), `PREV_APPROVAL_RATE` = 0.96 (46.5x median), `EXT_SOURCE_1` = 0.33 (23.6x median), `BUREAU_ACTIVE_RATIO` = -1.11 (17.7x median), `CREDIT_TERM_MONTHS` = 1.26 (17.7x median)","Deviasi fitur > 50x median klaster — kemungkinan kesalahan input/ETL (overflow, salah unit, atau sentinel value tidak ter-handle).",Data Engineering: tambahkan capping rule (Z-score>3 di tahap ingest) untuk mencegah kontaminasi model.
279917,cluster_4,Tipe A - Data Error,"`EXT_SOURCE_1` = 1.91 (141.0x median), `POS_MONTHS_COUNT` = 1.85 (48.6x median), `BUREAU_ACTIVE_RATIO` = 2.03 (35.5x median), `CREDIT_TERM_MONTHS` = 1.19 (27.0x median), `YEARS_BIRTH` = 0.63 (19.9x median)","Deviasi fitur > 50x median klaster — kemungkinan kesalahan input/ETL (overflow, salah unit, atau sentinel value tidak ter-handle).",Data Engineering: tambahkan capping rule (Z-score>3 di tahap ingest) untuk mencegah kontaminasi model.
279963,cluster_1,Tipe B - Rare but Valid,"`REGION_RATING_CLIENT_W_CITY` = -2.04 (34.6x median), `BUREAU_COUNT` = 3.78 (13.5x median), `AMT_CREDIT` = 0.32 (11.1x median), `CC_MONTHS_COUNT` = 3.21 (8.3x median), `AMT_ANNUITY` = 0.50 (6.6x median)","Ekstrem secara statistik tapi koheren — kemungkinan tail-end legitimate customer (VHNW, kasus khusus).",Routing: alihkan ke divisi Wealth Management / Priority Banking untuk potensi cross-sell.
280239,cluster_3,Tipe A - Data Error,"`EXT_SOURCE_1` = -2.47 (184.1x median), `POS_SK_DPD_MEAN` = 14.92 (76.8x median), `PREV_APPROVAL_RATE` = 0.96 (46.5x median), `CREDIT_TERM_MONTHS` = 1.69 (23.4x median), `CREDIT_TO_INCOME` = 2.05 (14.0x median)","Deviasi fitur > 50x median klaster — kemungkinan kesalahan input/ETL (overflow, salah unit, atau sentinel value tidak ter-handle).",Data Engineering: tambahkan capping rule (Z-score>3 di tahap ingest) untuk mencegah kontaminasi model.
280908,cluster_4,Tipe B - Rare but Valid,"`REGION_RATING_CLIENT_W_CITY` = 1.92 (34.6x median), `CREDIT_TERM_MONTHS` = 1.27 (28.7x median), `BUREAU_DAYS_CREDIT_MEAN` = -1.49 (19.2x median), `BUREAU_COUNT` = 2.90 (17.1x median), `YEARS_EMPLOYED` = 2.63 (13.6x median)","Ekstrem secara statistik tapi koheren — kemungkinan tail-end legitimate customer (VHNW, kasus khusus).",Routing: alihkan ke divisi Wealth Management / Priority Banking untuk potensi cross-sell.
280935,cluster_0,Tipe A - Data Error,"`EXT_SOURCE_1` = -2.79 (208.4x median), `BUREAU_ACTIVE_RATIO` = -1.11 (17.7x median), `PREV_REFUSED_COUNT` = 2.33 (6.1x median), `BUREAU_DAYS_CREDIT_MEAN` = 1.45 (4.5x median), `PREV_COUNT` = 1.25 (4.1x median)","Deviasi fitur > 50x median klaster — kemungkinan kesalahan input/ETL (overflow, salah unit, atau sentinel value tidak ter-handle).",Data Engineering: tambahkan capping rule (Z-score>3 di tahap ingest) untuk mencegah kontaminasi model.
281083,cluster_0,Tipe B - Rare but Valid,"`INST_SEVERE_LATE_RATIO` = 5.87 (35.9x median), `EXT_SOURCE_2` = -1.55 (19.0x median), `INST_DPD_MEAN` = 1.36 (12.9x median), `INST_DPD_MAX` = 1.37 (9.5x median), `AMT_INCOME_TOTAL` = 1.24 (6.8x median)","Ekstrem secara statistik tapi koheren — kemungkinan tail-end legitimate customer (VHNW, kasus khusus).",Routing: alihkan ke divisi Wealth Management / Priority Banking untuk potensi cross-sell.
281242,cluster_3,Tipe B - Rare but Valid,"`POS_SK_DPD_MEAN` = 7.79 (39.6x median), `REGION_RATING_CLIENT_W_CITY` = 1.92 (34.6x median), `CREDIT_TERM_MONTHS` = -1.62 (20.4x median), `ANNUITY_TO_INCOME` = 1.62 (18.4x median), `BUREAU_ACTIVE_RATIO` = -1.11 (17.7x median)","Ekstrem secara statistik tapi koheren — kemungkinan tail-end legitimate customer (VHNW, kasus khusus).",Routing: alihkan ke divisi Wealth Management / Priority Banking untuk potensi cross-sell.
281341,cluster_1,Tipe A - Data Error,"`EXT_SOURCE_1` = 1.51 (110.8x median), `AMT_CREDIT` = -1.53 (46.9x median), `BUREAU_ACTIVE_RATIO` = 1.54 (27.1x median), `BUREAU_DEBT_TO_CREDIT_RATIO` = 1.16 (23.6x median), `AMT_ANNUITY` = -0.91 (14.9x median)","Deviasi fitur > 50x median klaster — kemungkinan kesalahan input/ETL (overflow, salah unit, atau sentinel value tidak ter-handle).",Data Engineering: tambahkan capping rule (Z-score>3 di tahap ingest) untuk mencegah kontaminasi model.
281438,cluster_4,Tipe B - Rare but Valid,"`CREDIT_TERM_MONTHS` = 1.97 (44.2x median), `EXT_SOURCE_1` = -0.53 (40.3x median), `REGION_RATING_CLIENT_W_CITY` = -2.04 (34.6x median), `POS_MONTHS_COUNT` = 0.88 (22.7x median), `YEARS_BIRTH` = -0.71 (20.2x median)","Ekstrem secara statistik tapi koheren — kemungkinan tail-end legitimate customer (VHNW, kasus khusus).",Routing: alihkan ke divisi Wealth Management / Priority Banking untuk potensi cross-sell.
281500,cluster_4,Tipe A - Data Error,"`EXT_SOURCE_1` = 2.49 (183.9x median), `BUREAU_DEBT_TO_CREDIT_RATIO` = 1.08 (12.7x median), `YEARS_BIRTH` = 0.35 (11.3x median), `AMT_REQ_CREDIT_BUREAU_YEAR` = 1.27 (9.3x median), `CREDIT_TERM_MONTHS` = 0.32 (7.9x median)","Deviasi fitur > 50x median klaster — kemungkinan kesalahan input/ETL (overflow, salah unit, atau sentinel value tidak ter-handle).",Data Engineering: tambahkan capping rule (Z-score>3 di tahap ingest) untuk mencegah kontaminasi model.
281637,cluster_3,Tipe A - Data Error,"`POS_SK_DPD_MEAN` = 10.10 (51.7x median), `CREDIT_TERM_MONTHS` = -1.38 (17.2x median), `PREV_APPROVAL_RATE` = 0.30 (13.9x median), `AMT_CREDIT` = -1.33 (9.4x median), `BUREAU_ACTIVE_RATIO` = 0.46 (8.9x median)","Deviasi fitur > 50x median klaster — kemungkinan kesalahan input/ETL (overflow, salah unit, atau sentinel value tidak ter-handle).",Data Engineering: tambahkan capping rule (Z-score>3 di tahap ingest) untuk mencegah kontaminasi model.
281694,cluster_4,Tipe B - Rare but Valid,"`EXT_SOURCE_1` = 0.56 (40.8x median), `REGION_RATING_CLIENT_W_CITY` = -2.04 (34.6x median), `EXT_SOURCE_3` = -2.12 (20.0x median), `BUREAU_DEBT_TO_CREDIT_RATIO` = 1.44 (16.6x median), `POS_MONTHS_COUNT` = 0.56 (14.0x median)","Ekstrem secara statistik tapi koheren — kemungkinan tail-end legitimate customer (VHNW, kasus khusus).",Routing: alihkan ke divisi Wealth Management / Priority Banking untuk potensi cross-sell.
281939,cluster_2,Tipe A - Data Error,"`BUREAU_BB_SEVERE_DPD_MEAN` = 23.35 (456.9x median), `BUREAU_BB_DPD_RATIO_MEAN` = 11.76 (61.5x median), `REGION_RATING_CLIENT_W_CITY` = 1.92 (34.6x median), `YEARS_EMPLOYED` = 3.95 (18.3x median), `AMT_INCOME_TOTAL` = -0.77 (8.0x median)","Deviasi fitur > 50x median klaster — kemungkinan kesalahan input/ETL (overflow, salah unit, atau sentinel value tidak ter-handle).",Data Engineering: tambahkan capping rule (Z-score>3 di tahap ingest) untuk mencegah kontaminasi model.
282265,cluster_0,Tipe B - Rare but Valid,"`INST_SEVERE_LATE_RATIO` = 5.15 (31.6x median), `EXT_SOURCE_2` = -1.47 (18.1x median), `BUREAU_ACTIVE_RATIO` = -1.11 (17.7x median), `INST_DPD_MEAN` = 1.40 (13.3x median), `INST_LATE_RATIO` = 5.28 (9.4x median)","Ekstrem secara statistik tapi koheren — kemungkinan tail-end legitimate customer (VHNW, kasus khusus).",Routing: alihkan ke divisi Wealth Management / Priority Banking untuk potensi cross-sell.
282824,cluster_4,Tipe B - Rare but Valid,"`YEARS_BIRTH` = 1.08 (33.2x median), `BUREAU_COUNT` = 3.78 (22.0x median), `AMT_REQ_CREDIT_BUREAU_YEAR` = 2.43 (18.5x median), `POS_MONTHS_COUNT` = -0.41 (11.9x median), `PREV_APPROVAL_RATE` = -1.44 (9.5x median)","Ekstrem secara statistik tapi koheren — kemungkinan tail-end legitimate customer (VHNW, kasus khusus).",Routing: alihkan ke divisi Wealth Management / Priority Banking untuk potensi cross-sell.
283171,cluster_4,Tipe A - Data Error,"`POS_MONTHS_COUNT` = 2.98 (78.8x median), `BUREAU_COUNT` = 4.22 (24.5x median), `AMT_INCOME_TOTAL` = 1.84 (15.8x median), `EXT_SOURCE_3` = -1.64 (15.8x median), `PREV_REFUSED_COUNT` = 4.56 (11.0x median)","Deviasi fitur > 50x median klaster — kemungkinan kesalahan input/ETL (overflow, salah unit, atau sentinel value tidak ter-handle).",Data Engineering: tambahkan capping rule (Z-score>3 di tahap ingest) untuk mencegah kontaminasi model.
284077,cluster_0,Tipe B - Rare but Valid,"`EXT_SOURCE_1` = -0.48 (36.3x median), `REGION_RATING_CLIENT_W_CITY` = 1.92 (34.6x median), `EXT_SOURCE_3` = 1.14 (9.3x median), `BUREAU_ACTIVE_RATIO` = -0.41 (5.9x median), `BUREAU_COUNT` = 0.92 (3.3x median)","Ekstrem secara statistik tapi koheren — kemungkinan tail-end legitimate customer (VHNW, kasus khusus).",Routing: alihkan ke divisi Wealth Management / Priority Banking untuk potensi cross-sell.
284415,cluster_3,Tipe B - Rare but Valid,"`CREDIT_TERM_MONTHS` = 1.68 (23.1x median), `BUREAU_ACTIVE_RATIO` = -1.11 (17.7x median), `POS_SK_DPD_MEAN` = 3.33 (16.3x median), `BUREAU_DAYS_CREDIT_MEAN` = 1.45 (10.1x median), `EXT_SOURCE_1` = 0.13 (8.9x median)","Ekstrem secara statistik tapi koheren — kemungkinan tail-end legitimate customer (VHNW, kasus khusus).",Routing: alihkan ke divisi Wealth Management / Priority Banking untuk potensi cross-sell.
284628,cluster_4,Tipe B - Rare but Valid,"`CREDIT_TERM_MONTHS` = 1.68 (37.8x median), `EXT_SOURCE_3` = -1.58 (15.2x median), `BUREAU_COUNT` = 2.02 (12.2x median), `BUREAU_ACTIVE_RATIO` = 0.46 (8.9x median), `AMT_INCOME_TOTAL` = 0.86 (6.8x median)","Ekstrem secara statistik tapi koheren — kemungkinan tail-end legitimate customer (VHNW, kasus khusus).",Routing: alihkan ke divisi Wealth Management / Priority Banking untuk potensi cross-sell.
284786,cluster_0,Tipe B - Rare but Valid,"`BUREAU_ACTIVE_RATIO` = 1.25 (22.2x median), `OWN_CAR_AGE` = 6.68 (15.7x median), `EXT_SOURCE_3` = -0.94 (9.4x median), `AMT_INCOME_TOTAL` = -1.66 (6.8x median), `INST_LATE_RATIO` = 2.32 (4.7x median)","Ekstrem secara statistik tapi koheren — kemungkinan tail-end legitimate customer (VHNW, kasus khusus).",Routing: alihkan ke divisi Wealth Management / Priority Banking untuk potensi cross-sell.
284858,cluster_4,Tipe A - Data Error,"`EXT_SOURCE_1` = -2.92 (218.0x median), `YEARS_BIRTH` = -1.28 (37.0x median), `REGION_RATING_CLIENT_W_CITY` = 1.92 (34.6x median), `BUREAU_COUNT` = 4.44 (25.7x median), `EXT_SOURCE_3` = -2.28 (21.5x median)","Deviasi fitur > 50x median klaster — kemungkinan kesalahan input/ETL (overflow, salah unit, atau sentinel value tidak ter-handle).",Data Engineering: tambahkan capping rule (Z-score>3 di tahap ingest) untuk mencegah kontaminasi model.
284893,cluster_3,Tipe A - Data Error,"`PREV_APPROVAL_RATE` = -1.10 (55.2x median), `AMT_ANNUITY` = 1.21 (12.5x median), `EXT_SOURCE_2` = -2.15 (11.7x median), `EXT_SOURCE_3` = -1.10 (10.9x median), `BUREAU_ACTIVE_RATIO` = 0.46 (8.9x median)","Deviasi fitur > 50x median klaster — kemungkinan kesalahan input/ETL (overflow, salah unit, atau sentinel value tidak ter-handle).",Data Engineering: tambahkan capping rule (Z-score>3 di tahap ingest) untuk mencegah kontaminasi model.
284960,cluster_4,Tipe A - Data Error,"`YEARS_BIRTH` = 1.66 (50.4x median), `CREDIT_TERM_MONTHS` = 1.86 (41.7x median), `BUREAU_DAYS_CREDIT_MEAN` = -1.48 (19.0x median), `POS_MONTHS_COUNT` = 0.56 (14.0x median), `AMT_REQ_CREDIT_BUREAU_YEAR` = 1.85 (13.9x median)","Deviasi fitur > 50x median klaster — kemungkinan kesalahan input/ETL (overflow, salah unit, atau sentinel value tidak ter-handle).",Data Engineering: tambahkan capping rule (Z-score>3 di tahap ingest) untuk mencegah kontaminasi model.
285080,cluster_1,Tipe B - Rare but Valid,"`INST_DPD_MAX` = 5.17 (43.0x median), `AMT_ANNUITY` = -1.18 (18.9x median), `AMT_CREDIT` = -0.42 (12.2x median), `INST_DPD_MEAN` = 0.97 (11.3x median), `EXT_SOURCE_2` = -1.93 (8.6x median)","Ekstrem secara statistik tapi koheren — kemungkinan tail-end legitimate customer (VHNW, kasus khusus).",Routing: alihkan ke divisi Wealth Management / Priority Banking untuk potensi cross-sell.
285624,cluster_0,Tipe A - Data Error,"`EXT_SOURCE_1` = -1.91 (142.7x median), `REGION_RATING_CLIENT_W_CITY` = 1.92 (34.6x median), `BUREAU_ACTIVE_RATIO` = 0.78 (14.2x median), `EXT_SOURCE_3` = 0.85 (6.7x median), `BUREAU_DEBT_TO_CREDIT_RATIO` = 1.26 (4.2x median)","Deviasi fitur > 50x median klaster — kemungkinan kesalahan input/ETL (overflow, salah unit, atau sentinel value tidak ter-handle).",Data Engineering: tambahkan capping rule (Z-score>3 di tahap ingest) untuk mencegah kontaminasi model.
286750,cluster_3,Tipe A - Data Error,"`PREV_APPROVAL_RATE` = -1.14 (57.0x median), `POS_SK_DPD_MEAN` = 6.68 (33.8x median), `EXT_SOURCE_3` = -2.03 (19.3x median), `CREDIT_TERM_MONTHS` = -1.51 (18.9x median), `AMT_ANNUITY` = 1.39 (14.5x median)","Deviasi fitur > 50x median klaster — kemungkinan kesalahan input/ETL (overflow, salah unit, atau sentinel value tidak ter-handle).",Data Engineering: tambahkan capping rule (Z-score>3 di tahap ingest) untuk mencegah kontaminasi model.
286991,cluster_4,Tipe B - Rare but Valid,"`CREDIT_TERM_MONTHS` = 1.96 (43.9x median), `POS_MONTHS_COUNT` = 1.65 (43.2x median), `REGION_RATING_CLIENT_W_CITY` = -2.04 (34.6x median), `BUREAU_DAYS_CREDIT_MEAN` = -1.79 (23.3x median), `BUREAU_DEBT_TO_CREDIT_RATIO` = 1.01 (11.9x median)","Ekstrem secara statistik tapi koheren — kemungkinan tail-end legitimate customer (VHNW, kasus khusus).",Routing: alihkan ke divisi Wealth Management / Priority Banking untuk potensi cross-sell.
287101,cluster_3,Tipe A - Data Error,"`BUREAU_BB_DPD_RATIO_MEAN` = 13.79 (71.9x median), `PREV_APPROVAL_RATE` = 0.96 (46.5x median), `YEARS_BIRTH` = 1.43 (10.0x median), `BUREAU_ACTIVE_RATIO` = 0.46 (8.9x median), `ANNUITY_TO_INCOME` = 0.70 (8.5x median)","Deviasi fitur > 50x median klaster — kemungkinan kesalahan input/ETL (overflow, salah unit, atau sentinel value tidak ter-handle).",Data Engineering: tambahkan capping rule (Z-score>3 di tahap ingest) untuk mencegah kontaminasi model.
287429,cluster_4,Tipe A - Data Error,"`EXT_SOURCE_1` = 0.86 (62.7x median), `CREDIT_TERM_MONTHS` = 1.96 (43.8x median), `REGION_RATING_CLIENT_W_CITY` = 1.92 (34.6x median), `POS_MONTHS_COUNT` = -1.05 (29.1x median), `BUREAU_COUNT` = 2.90 (17.1x median)","Deviasi fitur > 50x median klaster — kemungkinan kesalahan input/ETL (overflow, salah unit, atau sentinel value tidak ter-handle).",Data Engineering: tambahkan capping rule (Z-score>3 di tahap ingest) untuk mencegah kontaminasi model.
288878,cluster_1,Tipe A - Data Error,"`EXT_SOURCE_1` = 1.77 (130.8x median), `BUREAU_ACTIVE_RATIO` = 0.46 (8.9x median), `EXT_SOURCE_3` = -1.56 (8.3x median), `AMT_INCOME_TOTAL` = 2.31 (7.2x median), `BUREAU_DAYS_CREDIT_MEAN` = 1.03 (6.8x median)","Deviasi fitur > 50x median klaster — kemungkinan kesalahan input/ETL (overflow, salah unit, atau sentinel value tidak ter-handle).",Data Engineering: tambahkan capping rule (Z-score>3 di tahap ingest) untuk mencegah kontaminasi model.
289165,cluster_2,Tipe B - Rare but Valid,"`REGION_RATING_CLIENT_W_CITY` = -2.04 (34.6x median), `YEARS_BIRTH` = -1.47 (20.1x median), `AMT_INCOME_TOTAL` = 1.24 (10.3x median), `BUREAU_ACTIVE_RATIO` = -1.11 (5.8x median), `BUREAU_DAYS_CREDIT_MEAN` = 0.42 (4.0x median)","Ekstrem secara statistik tapi koheren — kemungkinan tail-end legitimate customer (VHNW, kasus khusus).",Routing: alihkan ke divisi Wealth Management / Priority Banking untuk potensi cross-sell.
289494,cluster_4,Tipe B - Rare but Valid,"`POS_MONTHS_COUNT` = 1.49 (38.9x median), `BUREAU_DAYS_CREDIT_MEAN` = 1.45 (20.7x median), `AMT_INCOME_TOTAL` = -1.96 (19.0x median), `BUREAU_ACTIVE_RATIO` = -1.11 (17.7x median), `YEARS_EMPLOYED` = 2.46 (12.7x median)","Ekstrem secara statistik tapi koheren — kemungkinan tail-end legitimate customer (VHNW, kasus khusus).",Routing: alihkan ke divisi Wealth Management / Priority Banking untuk potensi cross-sell.
289778,cluster_2,Tipe B - Rare but Valid,"`EXT_SOURCE_1` = -0.24 (18.8x median), `AMT_INCOME_TOTAL` = 1.56 (13.3x median), `YEARS_BIRTH` = -0.94 (13.2x median), `EXT_SOURCE_3` = 0.93 (7.4x median), `BUREAU_COUNT` = 0.92 (6.1x median)","Ekstrem secara statistik tapi koheren — kemungkinan tail-end legitimate customer (VHNW, kasus khusus).",Routing: alihkan ke divisi Wealth Management / Priority Banking untuk potensi cross-sell.
290366,cluster_0,Tipe B - Rare but Valid,"`INST_SEVERE_LATE_RATIO` = 3.28 (20.5x median), `EXT_SOURCE_2` = -1.27 (15.8x median), `INST_DPD_MEAN` = 1.40 (13.3x median), `INST_DPD_MAX` = 1.63 (11.1x median), `BUREAU_ACTIVE_RATIO` = 0.46 (8.9x median)","Ekstrem secara statistik tapi koheren — kemungkinan tail-end legitimate customer (VHNW, kasus khusus).",Routing: alihkan ke divisi Wealth Management / Priority Banking untuk potensi cross-sell.
290570,cluster_4,Tipe A - Data Error,"`POS_MONTHS_COUNT` = 2.34 (61.5x median), `REGION_RATING_CLIENT_W_CITY` = -2.04 (34.6x median), `CREDIT_TERM_MONTHS` = 1.28 (29.1x median), `YEARS_BIRTH` = -0.98 (28.1x median), `EXT_SOURCE_1` = 0.38 (27.6x median)","Deviasi fitur > 50x median klaster — kemungkinan kesalahan input/ETL (overflow, salah unit, atau sentinel value tidak ter-handle).",Data Engineering: tambahkan capping rule (Z-score>3 di tahap ingest) untuk mencegah kontaminasi model.
290686,cluster_4,Tipe B - Rare but Valid,"`YEARS_BIRTH` = 1.36 (41.4x median), `BUREAU_DAYS_CREDIT_MEAN` = -3.04 (40.2x median), `POS_MONTHS_COUNT` = -1.13 (31.3x median), `BUREAU_BB_DPD_RATIO_MEAN` = 5.86 (31.1x median), `INST_SEVERE_LATE_RATIO` = 4.60 (28.3x median)","Ekstrem secara statistik tapi koheren — kemungkinan tail-end legitimate customer (VHNW, kasus khusus).",Routing: alihkan ke divisi Wealth Management / Priority Banking untuk potensi cross-sell.
290719,cluster_4,Tipe A - Data Error,"`POS_MONTHS_COUNT` = 2.26 (59.4x median), `YEARS_BIRTH` = -1.17 (33.8x median), `BUREAU_DAYS_CREDIT_MEAN` = -1.73 (22.5x median), `AMT_ANNUITY` = -2.55 (19.1x median), `EXT_SOURCE_1` = -0.19 (15.2x median)","Deviasi fitur > 50x median klaster — kemungkinan kesalahan input/ETL (overflow, salah unit, atau sentinel value tidak ter-handle).",Data Engineering: tambahkan capping rule (Z-score>3 di tahap ingest) untuk mencegah kontaminasi model.
290925,cluster_0,Tipe A - Data Error,"`EXT_SOURCE_1` = -2.44 (182.4x median), `REGION_RATING_CLIENT_W_CITY` = 1.92 (34.6x median), `EXT_SOURCE_2` = -1.65 (20.2x median), `EXT_SOURCE_3` = -1.39 (13.5x median), `YEARS_EMPLOYED` = 1.87 (5.5x median)","Deviasi fitur > 50x median klaster — kemungkinan kesalahan input/ETL (overflow, salah unit, atau sentinel value tidak ter-handle).",Data Engineering: tambahkan capping rule (Z-score>3 di tahap ingest) untuk mencegah kontaminasi model.
290973,cluster_3,Tipe B - Rare but Valid,"`AMT_ANNUITY` = -0.99 (12.1x median), `POS_SK_DPD_MEAN` = 2.18 (10.4x median), `AMT_CREDIT` = -0.93 (6.9x median), `PREV_APPROVAL_RATE` = 0.14 (5.8x median), `EXT_SOURCE_3` = 0.72 (5.5x median)","Ekstrem secara statistik tapi koheren — kemungkinan tail-end legitimate customer (VHNW, kasus khusus).",Routing: alihkan ke divisi Wealth Management / Priority Banking untuk potensi cross-sell.
291014,cluster_0,Tipe B - Rare but Valid,"`INST_SEVERE_LATE_RATIO` = 3.95 (24.4x median), `OWN_CAR_AGE` = 6.79 (15.9x median), `INST_DPD_MEAN` = 1.04 (10.1x median), `BUREAU_ACTIVE_RATIO` = 0.46 (8.9x median), `EXT_SOURCE_2` = 0.67 (6.7x median)","Ekstrem secara statistik tapi koheren — kemungkinan tail-end legitimate customer (VHNW, kasus khusus).",Routing: alihkan ke divisi Wealth Management / Priority Banking untuk potensi cross-sell.
291360,cluster_2,Tipe A - Data Error,"`EXT_SOURCE_1` = 2.05 (151.4x median), `REGION_RATING_CLIENT_W_CITY` = -2.04 (34.6x median), `BUREAU_BB_DPD_RATIO_MEAN` = 6.20 (32.9x median), `INST_SEVERE_LATE_RATIO` = 3.19 (19.9x median), `EXT_SOURCE_3` = -1.99 (18.9x median)","Deviasi fitur > 50x median klaster — kemungkinan kesalahan input/ETL (overflow, salah unit, atau sentinel value tidak ter-handle).",Data Engineering: tambahkan capping rule (Z-score>3 di tahap ingest) untuk mencegah kontaminasi model.
291390,cluster_4,Tipe B - Rare but Valid,"`REGION_RATING_CLIENT_W_CITY` = -2.04 (34.6x median), `POS_MONTHS_COUNT` = -1.13 (31.3x median), `CREDIT_TERM_MONTHS` = 1.27 (28.8x median), `YEARS_BIRTH` = -0.78 (22.1x median), `BUREAU_DAYS_CREDIT_MEAN` = 1.45 (20.7x median)","Ekstrem secara statistik tapi koheren — kemungkinan tail-end legitimate customer (VHNW, kasus khusus).",Routing: alihkan ke divisi Wealth Management / Priority Banking untuk potensi cross-sell.
291639,cluster_4,Tipe A - Data Error,"`CC_SK_DPD_MEAN` = 22.12 (445.3x median), `CREDIT_TERM_MONTHS` = 1.67 (37.6x median), `REGION_RATING_CLIENT_W_CITY` = 1.92 (34.6x median), `POS_MONTHS_COUNT` = -1.13 (31.3x median), `YEARS_EMPLOYED` = 3.11 (15.9x median)","Deviasi fitur > 50x median klaster — kemungkinan kesalahan input/ETL (overflow, salah unit, atau sentinel value tidak ter-handle).",Data Engineering: tambahkan capping rule (Z-score>3 di tahap ingest) untuk mencegah kontaminasi model.
291942,cluster_4,Tipe B - Rare but Valid,"`YEARS_BIRTH` = -1.03 (29.7x median), `PREV_REFUSED_COUNT` = 5.12 (12.3x median), `PREV_COUNT` = 3.84 (11.4x median), `BUREAU_COUNT` = 1.80 (11.0x median), `AMT_REQ_CREDIT_BUREAU_YEAR` = 1.27 (9.3x median)","Ekstrem secara statistik tapi koheren — kemungkinan tail-end legitimate customer (VHNW, kasus khusus).",Routing: alihkan ke divisi Wealth Management / Priority Banking untuk potensi cross-sell.
292028,cluster_4,Tipe B - Rare but Valid,"`POS_MONTHS_COUNT` = 0.76 (19.4x median), `BUREAU_ACTIVE_RATIO` = -0.71 (11.1x median), `BUREAU_DAYS_CREDIT_MEAN` = -0.79 (9.7x median), `YEARS_BIRTH` = -0.34 (9.1x median), `AMT_ANNUITY` = -0.89 (7.3x median)","Ekstrem secara statistik tapi koheren — kemungkinan tail-end legitimate customer (VHNW, kasus khusus).",Routing: alihkan ke divisi Wealth Management / Priority Banking untuk potensi cross-sell.
292100,cluster_0,Tipe B - Rare but Valid,"`BUREAU_ACTIVE_RATIO` = -1.11 (17.7x median), `AMT_INCOME_TOTAL` = -1.66 (6.8x median), `INST_LATE_RATIO` = 3.17 (6.0x median), `BUREAU_DAYS_CREDIT_MEAN` = 1.45 (4.5x median), `EXT_SOURCE_2` = -0.19 (3.3x median)","Ekstrem secara statistik tapi koheren — kemungkinan tail-end legitimate customer (VHNW, kasus khusus).",Routing: alihkan ke divisi Wealth Management / Priority Banking untuk potensi cross-sell.
292114,cluster_3,Tipe A - Data Error,"`EXT_SOURCE_1` = 1.45 (107.0x median), `POS_SK_DPD_MEAN` = 15.59 (80.3x median), `PREV_APPROVAL_RATE` = 0.96 (46.5x median), `BUREAU_ACTIVE_RATIO` = -1.11 (17.7x median), `EXT_SOURCE_3` = 1.83 (15.4x median)","Deviasi fitur > 50x median klaster — kemungkinan kesalahan input/ETL (overflow, salah unit, atau sentinel value tidak ter-handle).",Data Engineering: tambahkan capping rule (Z-score>3 di tahap ingest) untuk mencegah kontaminasi model.
292179,cluster_1,Tipe A - Data Error,"`BUREAU_BB_SEVERE_DPD_MEAN` = 9.03 (177.3x median), `INST_PAYMENT_RATIO_MEAN` = 0.48 (46.2x median), `BUREAU_BB_DPD_RATIO_MEAN` = 4.71 (25.2x median), `AMT_CREDIT` = -0.66 (19.9x median), `BUREAU_ACTIVE_RATIO` = -1.11 (17.7x median)","Deviasi fitur > 50x median klaster — kemungkinan kesalahan input/ETL (overflow, salah unit, atau sentinel value tidak ter-handle).",Data Engineering: tambahkan capping rule (Z-score>3 di tahap ingest) untuk mencegah kontaminasi model.
292754,cluster_3,Tipe A - Data Error,"`EXT_SOURCE_1` = 1.06 (77.4x median), `POS_SK_DPD_MEAN` = 11.74 (60.2x median), `EXT_SOURCE_3` = -1.89 (17.9x median), `AMT_ANNUITY` = 1.07 (10.9x median), `BUREAU_ACTIVE_RATIO` = -0.66 (10.1x median)","Deviasi fitur > 50x median klaster — kemungkinan kesalahan input/ETL (overflow, salah unit, atau sentinel value tidak ter-handle).",Data Engineering: tambahkan capping rule (Z-score>3 di tahap ingest) untuk mencegah kontaminasi model.
292929,cluster_4,Tipe A - Data Error,"`EXT_SOURCE_1` = 1.04 (76.0x median), `BUREAU_DAYS_CREDIT_MEAN` = -2.46 (32.4x median), `POS_MONTHS_COUNT` = 1.09 (28.1x median), `CREDIT_TERM_MONTHS` = -1.07 (22.5x median), `BUREAU_ACTIVE_RATIO` = -1.11 (17.7x median)","Deviasi fitur > 50x median klaster — kemungkinan kesalahan input/ETL (overflow, salah unit, atau sentinel value tidak ter-handle).",Data Engineering: tambahkan capping rule (Z-score>3 di tahap ingest) untuk mencegah kontaminasi model.
292952,cluster_3,Tipe A - Data Error,"`EXT_SOURCE_1` = -1.74 (129.9x median), `PREV_APPROVAL_RATE` = 0.96 (46.5x median), `REGION_RATING_CLIENT_W_CITY` = 1.92 (34.6x median), `CREDIT_TERM_MONTHS` = 1.28 (17.9x median), `BUREAU_ACTIVE_RATIO` = 0.99 (17.7x median)","Deviasi fitur > 50x median klaster — kemungkinan kesalahan input/ETL (overflow, salah unit, atau sentinel value tidak ter-handle).",Data Engineering: tambahkan capping rule (Z-score>3 di tahap ingest) untuk mencegah kontaminasi model.
293039,cluster_0,Tipe B - Rare but Valid,"`YEARS_EMPLOYED` = 4.22 (11.1x median), `BUREAU_ACTIVE_RATIO` = 0.46 (8.9x median), `EXT_SOURCE_2` = 0.78 (8.1x median), `YEARS_BIRTH` = 1.40 (4.7x median), `BUREAU_DEBT_TO_CREDIT_RATIO` = 0.87 (3.2x median)","Ekstrem secara statistik tapi koheren — kemungkinan tail-end legitimate customer (VHNW, kasus khusus).",Routing: alihkan ke divisi Wealth Management / Priority Banking untuk potensi cross-sell.
293131,cluster_4,Tipe B - Rare but Valid,"`POS_MONTHS_COUNT` = -1.13 (31.3x median), `CREDIT_TERM_MONTHS` = -1.07 (22.5x median), `YEARS_BIRTH` = -0.72 (20.4x median), `AMT_ANNUITY` = -1.47 (11.4x median), `BUREAU_DEBT_TO_CREDIT_RATIO` = 0.95 (11.2x median)","Ekstrem secara statistik tapi koheren — kemungkinan tail-end legitimate customer (VHNW, kasus khusus).",Routing: alihkan ke divisi Wealth Management / Priority Banking untuk potensi cross-sell.
293141,cluster_3,Tipe A - Data Error,"`CC_SK_DPD_MEAN` = 8.54 (172.6x median), `PREV_APPROVAL_RATE` = -1.02 (51.1x median), `CREDIT_TERM_MONTHS` = 1.25 (17.5x median), `YEARS_EMPLOYED` = 3.98 (12.8x median), `BUREAU_ACTIVE_RATIO` = -0.71 (11.1x median)","Deviasi fitur > 50x median klaster — kemungkinan kesalahan input/ETL (overflow, salah unit, atau sentinel value tidak ter-handle).",Data Engineering: tambahkan capping rule (Z-score>3 di tahap ingest) untuk mencegah kontaminasi model.
293147,cluster_4,Tipe A - Data Error,"`EXT_SOURCE_1` = -2.70 (201.6x median), `YEARS_BIRTH` = -1.22 (35.5x median), `BUREAU_ACTIVE_RATIO` = 2.03 (35.5x median), `POS_MONTHS_COUNT` = 1.21 (31.3x median), `AMT_REQ_CREDIT_BUREAU_YEAR` = 3.58 (27.8x median)","Deviasi fitur > 50x median klaster — kemungkinan kesalahan input/ETL (overflow, salah unit, atau sentinel value tidak ter-handle).",Data Engineering: tambahkan capping rule (Z-score>3 di tahap ingest) untuk mencegah kontaminasi model.
293244,cluster_0,Tipe A - Data Error,"`EXT_SOURCE_1` = -2.31 (172.7x median), `BUREAU_ACTIVE_RATIO` = 2.03 (35.5x median), `REGION_RATING_CLIENT_W_CITY` = -2.04 (34.6x median), `INST_SEVERE_LATE_RATIO` = 3.02 (18.9x median), `EXT_SOURCE_2` = -1.27 (15.8x median)","Deviasi fitur > 50x median klaster — kemungkinan kesalahan input/ETL (overflow, salah unit, atau sentinel value tidak ter-handle).",Data Engineering: tambahkan capping rule (Z-score>3 di tahap ingest) untuk mencegah kontaminasi model.
294156,cluster_1,Tipe A - Data Error,"`EXT_SOURCE_1` = 1.21 (89.0x median), `AMT_CREDIT` = 0.92 (30.0x median), `BUREAU_DEBT_TO_CREDIT_RATIO` = -0.59 (10.5x median), `CC_MONTHS_COUNT` = 3.41 (8.8x median), `EXT_SOURCE_3` = -1.41 (7.4x median)","Deviasi fitur > 50x median klaster — kemungkinan kesalahan input/ETL (overflow, salah unit, atau sentinel value tidak ter-handle).",Data Engineering: tambahkan capping rule (Z-score>3 di tahap ingest) untuk mencegah kontaminasi model.
294357,cluster_4,Tipe A - Data Error,"`POS_MONTHS_COUNT` = 3.59 (95.0x median), `REGION_RATING_CLIENT_W_CITY` = -2.04 (34.6x median), `YEARS_BIRTH` = 0.85 (26.3x median), `YEARS_EMPLOYED` = 4.78 (23.8x median), `AMT_INCOME_TOTAL` = 2.47 (21.6x median)","Deviasi fitur > 50x median klaster — kemungkinan kesalahan input/ETL (overflow, salah unit, atau sentinel value tidak ter-handle).",Data Engineering: tambahkan capping rule (Z-score>3 di tahap ingest) untuk mencegah kontaminasi model.
294825,cluster_4,Tipe B - Rare but Valid,"`CREDIT_TERM_MONTHS` = -1.51 (32.1x median), `YEARS_BIRTH` = 0.79 (24.6x median), `AMT_REQ_CREDIT_BUREAU_YEAR` = 1.85 (13.9x median), `BUREAU_DEBT_TO_CREDIT_RATIO` = 1.12 (13.1x median), `EXT_SOURCE_3` = -1.30 (12.6x median)","Ekstrem secara statistik tapi koheren — kemungkinan tail-end legitimate customer (VHNW, kasus khusus).",Routing: alihkan ke divisi Wealth Management / Priority Banking untuk potensi cross-sell.
295165,cluster_4,Tipe B - Rare but Valid,"`AMT_REQ_CREDIT_BUREAU_YEAR` = 3.58 (27.8x median), `POS_MONTHS_COUNT` = 1.05 (27.0x median), `BUREAU_COUNT` = 3.78 (22.0x median), `AMT_ANNUITY` = -2.76 (20.6x median), `YEARS_BIRTH` = -0.56 (15.6x median)","Ekstrem secara statistik tapi koheren — kemungkinan tail-end legitimate customer (VHNW, kasus khusus).",Routing: alihkan ke divisi Wealth Management / Priority Banking untuk potensi cross-sell.
295210,cluster_0,Tipe B - Rare but Valid,"`EXT_SOURCE_2` = -2.65 (31.8x median), `BUREAU_ACTIVE_RATIO` = -1.11 (17.7x median), `BUREAU_DAYS_CREDIT_MEAN` = 1.45 (4.5x median), `PREV_APPROVAL_RATE` = -2.34 (3.4x median), `INST_PAYMENT_RATIO_MEAN` = -0.05 (3.4x median)","Ekstrem secara statistik tapi koheren — kemungkinan tail-end legitimate customer (VHNW, kasus khusus).",Routing: alihkan ke divisi Wealth Management / Priority Banking untuk potensi cross-sell.
295639,cluster_4,Tipe A - Data Error,"`EXT_SOURCE_1` = 1.96 (144.6x median), `REGION_RATING_CLIENT_W_CITY` = -2.04 (34.6x median), `YEARS_BIRTH` = -0.96 (27.5x median), `CREDIT_TERM_MONTHS` = -1.09 (22.8x median), `BUREAU_DEBT_TO_CREDIT_RATIO` = 1.45 (16.6x median)","Deviasi fitur > 50x median klaster — kemungkinan kesalahan input/ETL (overflow, salah unit, atau sentinel value tidak ter-handle).",Data Engineering: tambahkan capping rule (Z-score>3 di tahap ingest) untuk mencegah kontaminasi model.
296041,cluster_4,Tipe A - Data Error,"`EXT_SOURCE_1` = -1.29 (96.8x median), `YEARS_BIRTH` = -1.17 (34.0x median), `AMT_REQ_CREDIT_BUREAU_YEAR` = 2.43 (18.5x median), `EXT_SOURCE_3` = -1.94 (18.4x median), `BUREAU_COUNT` = 2.68 (15.9x median)","Deviasi fitur > 50x median klaster — kemungkinan kesalahan input/ETL (overflow, salah unit, atau sentinel value tidak ter-handle).",Data Engineering: tambahkan capping rule (Z-score>3 di tahap ingest) untuk mencegah kontaminasi model.
296068,cluster_2,Tipe A - Data Error,"`EXT_SOURCE_1` = 0.95 (69.5x median), `YEARS_EMPLOYED` = 3.49 (16.3x median), `AMT_INCOME_TOTAL` = -1.28 (12.7x median), `EXT_SOURCE_3` = 1.40 (11.6x median), `INST_DPD_MEAN` = 0.87 (8.7x median)","Deviasi fitur > 50x median klaster — kemungkinan kesalahan input/ETL (overflow, salah unit, atau sentinel value tidak ter-handle).",Data Engineering: tambahkan capping rule (Z-score>3 di tahap ingest) untuk mencegah kontaminasi model.
296551,cluster_4,Tipe B - Rare but Valid,"`CREDIT_TERM_MONTHS` = 1.28 (29.1x median), `BUREAU_ACTIVE_RATIO` = 1.41 (24.8x median), `YEARS_BIRTH` = -0.63 (17.6x median), `EXT_SOURCE_3` = -1.71 (16.3x median), `EXT_SOURCE_2` = -2.20 (8.9x median)","Ekstrem secara statistik tapi koheren — kemungkinan tail-end legitimate customer (VHNW, kasus khusus).",Routing: alihkan ke divisi Wealth Management / Priority Banking untuk potensi cross-sell.
296590,cluster_3,Tipe B - Rare but Valid,"`PREV_APPROVAL_RATE` = 0.96 (46.5x median), `EXT_SOURCE_3` = -1.99 (18.9x median), `BUREAU_ACTIVE_RATIO` = 0.78 (14.2x median), `BUREAU_COUNT` = 2.24 (13.4x median), `BUREAU_BB_SEVERE_DPD_MEAN` = 0.63 (13.2x median)","Ekstrem secara statistik tapi koheren — kemungkinan tail-end legitimate customer (VHNW, kasus khusus).",Routing: alihkan ke divisi Wealth Management / Priority Banking untuk potensi cross-sell.
296745,cluster_4,Tipe B - Rare but Valid,"`BUREAU_BB_SEVERE_DPD_MEAN` = 2.39 (47.7x median), `EXT_SOURCE_1` = -0.39 (29.7x median), `BUREAU_COUNT` = 4.22 (24.5x median), `YEARS_BIRTH` = -0.78 (22.1x median), `BUREAU_DAYS_CREDIT_MEAN` = -1.40 (18.0x median)","Ekstrem secara statistik tapi koheren — kemungkinan tail-end legitimate customer (VHNW, kasus khusus).",Routing: alihkan ke divisi Wealth Management / Priority Banking untuk potensi cross-sell.
297514,cluster_4,Tipe B - Rare but Valid,"`YEARS_BIRTH` = 0.86 (26.7x median), `PREV_COUNT` = 7.84 (24.4x median), `AMT_REQ_CREDIT_BUREAU_YEAR` = 3.00 (23.2x median), `EXT_SOURCE_3` = -2.30 (21.6x median), `PREV_REFUSED_COUNT` = 7.90 (18.4x median)","Ekstrem secara statistik tapi koheren — kemungkinan tail-end legitimate customer (VHNW, kasus khusus).",Routing: alihkan ke divisi Wealth Management / Priority Banking untuk potensi cross-sell.
297551,cluster_4,Tipe B - Rare but Valid,"`YEARS_BIRTH` = -1.42 (41.2x median), `INST_DPD_MAX` = 2.35 (23.6x median), `EXT_SOURCE_3` = -1.29 (12.6x median), `POS_SK_DPD_MEAN` = 0.64 (10.2x median), `BUREAU_DAYS_CREDIT_MEAN` = 0.54 (8.3x median)","Ekstrem secara statistik tapi koheren — kemungkinan tail-end legitimate customer (VHNW, kasus khusus).",Routing: alihkan ke divisi Wealth Management / Priority Banking untuk potensi cross-sell.
297593,cluster_3,Tipe A - Data Error,"`EXT_SOURCE_1` = 1.69 (124.6x median), `PREV_APPROVAL_RATE` = 0.96 (46.5x median), `REGION_RATING_CLIENT_W_CITY` = 1.92 (34.6x median), `CREDIT_TERM_MONTHS` = 1.67 (23.1x median), `POS_SK_DPD_MEAN` = 4.33 (21.6x median)","Deviasi fitur > 50x median klaster — kemungkinan kesalahan input/ETL (overflow, salah unit, atau sentinel value tidak ter-handle).",Data Engineering: tambahkan capping rule (Z-score>3 di tahap ingest) untuk mencegah kontaminasi model.
297748,cluster_3,Tipe A - Data Error,"`CC_SK_DPD_MEAN` = 7.37 (148.9x median), `PREV_APPROVAL_RATE` = 0.96 (46.5x median), `EXT_SOURCE_1` = 0.47 (34.0x median), `YEARS_BIRTH` = -1.24 (10.5x median), `CREDIT_TERM_MONTHS` = 0.62 (9.1x median)","Deviasi fitur > 50x median klaster — kemungkinan kesalahan input/ETL (overflow, salah unit, atau sentinel value tidak ter-handle).",Data Engineering: tambahkan capping rule (Z-score>3 di tahap ingest) untuk mencegah kontaminasi model.
297987,cluster_4,Tipe A - Data Error,"`EXT_SOURCE_1` = 2.92 (216.2x median), `POS_MONTHS_COUNT` = 2.10 (55.1x median), `YEARS_BIRTH` = 1.35 (41.3x median), `CREDIT_TERM_MONTHS` = -1.40 (29.7x median), `BUREAU_DAYS_CREDIT_MEAN` = -1.63 (21.1x median)","Deviasi fitur > 50x median klaster — kemungkinan kesalahan input/ETL (overflow, salah unit, atau sentinel value tidak ter-handle).",Data Engineering: tambahkan capping rule (Z-score>3 di tahap ingest) untuk mencegah kontaminasi model.
298226,cluster_4,Tipe B - Rare but Valid,"`CREDIT_TERM_MONTHS` = 1.70 (38.1x median), `REGION_RATING_CLIENT_W_CITY` = 1.92 (34.6x median), `BUREAU_DAYS_CREDIT_MEAN` = 1.45 (20.7x median), `BUREAU_ACTIVE_RATIO` = -1.11 (17.7x median), `YEARS_EMPLOYED` = 2.98 (15.2x median)","Ekstrem secara statistik tapi koheren — kemungkinan tail-end legitimate customer (VHNW, kasus khusus).",Routing: alihkan ke divisi Wealth Management / Priority Banking untuk potensi cross-sell.
298320,cluster_0,Tipe B - Rare but Valid,"`INST_SEVERE_LATE_RATIO` = 5.15 (31.6x median), `BUREAU_ACTIVE_RATIO` = -1.11 (17.7x median), `INST_LATE_RATIO` = 3.06 (5.9x median), `INST_DPD_MEAN` = 0.42 (4.7x median), `BUREAU_DAYS_CREDIT_MEAN` = 1.45 (4.5x median)","Ekstrem secara statistik tapi koheren — kemungkinan tail-end legitimate customer (VHNW, kasus khusus).",Routing: alihkan ke divisi Wealth Management / Priority Banking untuk potensi cross-sell.
298349,cluster_1,Tipe A - Data Error,"`EXT_SOURCE_1` = 0.70 (50.8x median), `AMT_CREDIT` = -0.88 (26.6x median), `AMT_ANNUITY` = -1.20 (19.1x median), `BUREAU_ACTIVE_RATIO` = -1.11 (17.7x median), `OWN_CAR_AGE` = 6.68 (15.7x median)","Deviasi fitur > 50x median klaster — kemungkinan kesalahan input/ETL (overflow, salah unit, atau sentinel value tidak ter-handle).",Data Engineering: tambahkan capping rule (Z-score>3 di tahap ingest) untuk mencegah kontaminasi model.
298408,cluster_4,Tipe A - Data Error,"`EXT_SOURCE_1` = 1.79 (131.9x median), `CREDIT_TERM_MONTHS` = 1.68 (37.7x median), `REGION_RATING_CLIENT_W_CITY` = -2.04 (34.6x median), `YEARS_BIRTH` = 1.03 (31.6x median), `CREDIT_TO_INCOME` = 4.63 (20.9x median)","Deviasi fitur > 50x median klaster — kemungkinan kesalahan input/ETL (overflow, salah unit, atau sentinel value tidak ter-handle).",Data Engineering: tambahkan capping rule (Z-score>3 di tahap ingest) untuk mencegah kontaminasi model.
298587,cluster_1,Tipe B - Rare but Valid,"`CC_MONTHS_COUNT` = 2.68 (7.1x median), `BUREAU_DEBT_TO_CREDIT_RATIO` = -0.40 (6.8x median), `EXT_SOURCE_2` = -1.36 (6.4x median), `CC_UTILIZATION_MAX` = 2.31 (5.9x median), `CC_UTILIZATION_MEAN` = 1.67 (5.1x median)","Ekstrem secara statistik tapi koheren — kemungkinan tail-end legitimate customer (VHNW, kasus khusus).",Routing: alihkan ke divisi Wealth Management / Priority Banking untuk potensi cross-sell.
298922,cluster_0,Tipe A - Data Error,"`EXT_SOURCE_1` = 0.92 (67.5x median), `BUREAU_ACTIVE_RATIO` = -1.11 (17.7x median), `EXT_SOURCE_2` = 0.52 (5.1x median), `BUREAU_DAYS_CREDIT_MEAN` = 1.45 (4.5x median), `PREV_APPROVAL_RATE` = -2.34 (3.4x median)","Deviasi fitur > 50x median klaster — kemungkinan kesalahan input/ETL (overflow, salah unit, atau sentinel value tidak ter-handle).",Data Engineering: tambahkan capping rule (Z-score>3 di tahap ingest) untuk mencegah kontaminasi model.
298949,cluster_1,Tipe B - Rare but Valid,"`REGION_RATING_CLIENT_W_CITY` = -2.04 (34.6x median), `AMT_ANNUITY` = 1.25 (18.0x median), `BUREAU_ACTIVE_RATIO` = 0.78 (14.2x median), `INST_LATE_RATIO` = 1.96 (13.1x median), `EXT_SOURCE_3` = 1.68 (11.0x median)","Ekstrem secara statistik tapi koheren — kemungkinan tail-end legitimate customer (VHNW, kasus khusus).",Routing: alihkan ke divisi Wealth Management / Priority Banking untuk potensi cross-sell.
299008,cluster_1,Tipe B - Rare but Valid,"`EXT_SOURCE_1` = -0.32 (25.0x median), `AMT_CREDIT` = -0.78 (23.4x median), `BUREAU_DEBT_TO_CREDIT_RATIO` = 0.84 (17.4x median), `AMT_ANNUITY` = -0.89 (14.6x median), `PREV_REFUSED_COUNT` = 7.90 (11.0x median)","Ekstrem secara statistik tapi koheren — kemungkinan tail-end legitimate customer (VHNW, kasus khusus).",Routing: alihkan ke divisi Wealth Management / Priority Banking untuk potensi cross-sell.
299032,cluster_3,Tipe A - Data Error,"`EXT_SOURCE_1` = 1.34 (98.4x median), `PREV_APPROVAL_RATE` = 0.96 (46.5x median), `POS_SK_DPD_MEAN` = 5.03 (25.2x median), `CREDIT_TERM_MONTHS` = 0.69 (10.1x median), `YEARS_EMPLOYED` = 2.79 (9.3x median)","Deviasi fitur > 50x median klaster — kemungkinan kesalahan input/ETL (overflow, salah unit, atau sentinel value tidak ter-handle).",Data Engineering: tambahkan capping rule (Z-score>3 di tahap ingest) untuk mencegah kontaminasi model.
299430,cluster_3,Tipe A - Data Error,"`ANNUITY_TO_INCOME` = 8.42 (91.5x median), `CREDIT_TO_INCOME` = 8.97 (57.9x median), `PREV_APPROVAL_RATE` = -0.69 (34.9x median), `REGION_RATING_CLIENT_W_CITY` = 1.92 (34.6x median), `BUREAU_ACTIVE_RATIO` = -1.11 (17.7x median)","Deviasi fitur > 50x median klaster — kemungkinan kesalahan input/ETL (overflow, salah unit, atau sentinel value tidak ter-handle).",Data Engineering: tambahkan capping rule (Z-score>3 di tahap ingest) untuk mencegah kontaminasi model.
299618,cluster_4,Tipe B - Rare but Valid,"`POS_MONTHS_COUNT` = 1.57 (41.0x median), `BUREAU_ACTIVE_RATIO` = 2.03 (35.5x median), `YEARS_BIRTH` = -0.89 (25.6x median), `CREDIT_TERM_MONTHS` = -1.07 (22.5x median), `BUREAU_DEBT_TO_CREDIT_RATIO` = 1.59 (18.1x median)","Ekstrem secara statistik tapi koheren — kemungkinan tail-end legitimate customer (VHNW, kasus khusus).",Routing: alihkan ke divisi Wealth Management / Priority Banking untuk potensi cross-sell.
299834,cluster_0,Tipe A - Data Error,"`EXT_SOURCE_1` = 0.77 (56.0x median), `BUREAU_ACTIVE_RATIO` = 2.03 (35.5x median), `EXT_SOURCE_2` = 1.18 (12.7x median), `OWN_CAR_AGE` = 2.78 (7.1x median), `INST_LATE_RATIO` = 3.31 (6.3x median)","Deviasi fitur > 50x median klaster — kemungkinan kesalahan input/ETL (overflow, salah unit, atau sentinel value tidak ter-handle).",Data Engineering: tambahkan capping rule (Z-score>3 di tahap ingest) untuk mencegah kontaminasi model.
300066,cluster_4,Tipe A - Data Error,"`POS_MONTHS_COUNT` = 2.86 (75.6x median), `REGION_RATING_CLIENT_W_CITY` = 1.92 (34.6x median), `EXT_SOURCE_3` = -2.68 (25.1x median), `BUREAU_COUNT` = 3.56 (20.8x median), `CREDIT_TERM_MONTHS` = 0.87 (20.0x median)","Deviasi fitur > 50x median klaster — kemungkinan kesalahan input/ETL (overflow, salah unit, atau sentinel value tidak ter-handle).",Data Engineering: tambahkan capping rule (Z-score>3 di tahap ingest) untuk mencegah kontaminasi model.
300639,cluster_1,Tipe A - Data Error,"`AMT_CREDIT` = 1.70 (54.5x median), `YEARS_EMPLOYED` = 5.00 (16.6x median), `AMT_ANNUITY` = 1.09 (15.5x median), `BUREAU_DEBT_TO_CREDIT_RATIO` = 0.55 (11.8x median), `CREDIT_TERM_MONTHS` = 1.97 (11.1x median)","Deviasi fitur > 50x median klaster — kemungkinan kesalahan input/ETL (overflow, salah unit, atau sentinel value tidak ter-handle).",Data Engineering: tambahkan capping rule (Z-score>3 di tahap ingest) untuk mencegah kontaminasi model.
300740,cluster_4,Tipe A - Data Error,"`EXT_SOURCE_1` = -1.32 (98.8x median), `REGION_RATING_CLIENT_W_CITY` = 1.92 (34.6x median), `YEARS_BIRTH` = -1.18 (34.1x median), `CREDIT_TERM_MONTHS` = 1.17 (26.5x median), `POS_MONTHS_COUNT` = -0.49 (14.0x median)","Deviasi fitur > 50x median klaster — kemungkinan kesalahan input/ETL (overflow, salah unit, atau sentinel value tidak ter-handle).",Data Engineering: tambahkan capping rule (Z-score>3 di tahap ingest) untuk mencegah kontaminasi model.
301012,cluster_4,Tipe A - Data Error,"`EXT_SOURCE_1` = 1.87 (137.9x median), `REGION_RATING_CLIENT_W_CITY` = 1.92 (34.6x median), `YEARS_BIRTH` = 0.85 (26.3x median), `YEARS_EMPLOYED` = 4.62 (23.1x median), `POS_MONTHS_COUNT` = -0.81 (22.7x median)","Deviasi fitur > 50x median klaster — kemungkinan kesalahan input/ETL (overflow, salah unit, atau sentinel value tidak ter-handle).",Data Engineering: tambahkan capping rule (Z-score>3 di tahap ingest) untuk mencegah kontaminasi model.
301018,cluster_0,Tipe B - Rare but Valid,"`REGION_RATING_CLIENT_W_CITY` = -2.04 (34.6x median), `INST_DPD_MAX` = 3.78 (24.5x median), `INST_SEVERE_LATE_RATIO` = 3.82 (23.7x median), `BUREAU_ACTIVE_RATIO` = -1.11 (17.7x median), `INST_DPD_MEAN` = 1.84 (17.2x median)","Ekstrem secara statistik tapi koheren — kemungkinan tail-end legitimate customer (VHNW, kasus khusus).",Routing: alihkan ke divisi Wealth Management / Priority Banking untuk potensi cross-sell.
301712,cluster_2,Tipe C - Risk Signal,"`EXT_SOURCE_1` = 0.47 (33.7x median), `AMT_INCOME_TOTAL` = 2.20 (19.1x median), `BUREAU_DAYS_CREDIT_MEAN` = 1.45 (11.5x median), `YEARS_EMPLOYED` = 2.07 (10.1x median), `ANNUITY_TO_INCOME` = 3.44 (7.6x median)","Kombinasi finansial kontradiktif (mis. rasio cicilan/pendapatan ekstrem, income rendah + credit besar, atau skor eksternal tinggi di cluster bermasalah).","Underwriting: matikan auto-approve, wajibkan manual review oleh underwriter senior + verifikasi pendapatan fisik."
301810,cluster_4,Tipe A - Data Error,"`EXT_SOURCE_1` = -2.75 (205.3x median), `YEARS_BIRTH` = -1.76 (51.5x median), `BUREAU_ACTIVE_RATIO` = 2.03 (35.5x median), `REGION_RATING_CLIENT_W_CITY` = -2.04 (34.6x median), `EXT_SOURCE_3` = -2.81 (26.2x median)","Deviasi fitur > 50x median klaster — kemungkinan kesalahan input/ETL (overflow, salah unit, atau sentinel value tidak ter-handle).",Data Engineering: tambahkan capping rule (Z-score>3 di tahap ingest) untuk mencegah kontaminasi model.
301900,cluster_4,Tipe B - Rare but Valid,"`BUREAU_ACTIVE_RATIO` = 2.03 (35.5x median), `YEARS_BIRTH` = -1.20 (34.7x median), `CREDIT_TERM_MONTHS` = -1.40 (29.7x median), `AMT_INCOME_TOTAL` = 1.47 (12.4x median), `EXT_SOURCE_2` = -2.54 (10.1x median)","Ekstrem secara statistik tapi koheren — kemungkinan tail-end legitimate customer (VHNW, kasus khusus).",Routing: alihkan ke divisi Wealth Management / Priority Banking untuk potensi cross-sell.
302078,cluster_0,Tipe A - Data Error,"`EXT_SOURCE_1` = 1.87 (137.7x median), `REGION_RATING_CLIENT_W_CITY` = 1.92 (34.6x median), `EXT_SOURCE_3` = 1.14 (9.3x median), `YEARS_EMPLOYED` = 3.36 (9.0x median), `EXT_SOURCE_2` = -0.59 (7.8x median)","Deviasi fitur > 50x median klaster — kemungkinan kesalahan input/ETL (overflow, salah unit, atau sentinel value tidak ter-handle).",Data Engineering: tambahkan capping rule (Z-score>3 di tahap ingest) untuk mencegah kontaminasi model.
302655,cluster_4,Tipe B - Rare but Valid,"`CREDIT_TERM_MONTHS` = 2.16 (48.3x median), `REGION_RATING_CLIENT_W_CITY` = -2.04 (34.6x median), `BUREAU_DAYS_CREDIT_MEAN` = -2.45 (32.2x median), `YEARS_BIRTH` = 0.66 (20.5x median), `AMT_REQ_CREDIT_BUREAU_YEAR` = 2.43 (18.5x median)","Ekstrem secara statistik tapi koheren — kemungkinan tail-end legitimate customer (VHNW, kasus khusus).",Routing: alihkan ke divisi Wealth Management / Priority Banking untuk potensi cross-sell.
302842,cluster_1,Tipe A - Data Error,"`EXT_SOURCE_1` = 1.79 (132.1x median), `AMT_CREDIT` = 1.61 (51.4x median), `AMT_ANNUITY` = 1.56 (22.7x median), `BUREAU_ACTIVE_RATIO` = -1.11 (17.7x median), `BUREAU_DAYS_CREDIT_MEAN` = -2.25 (11.6x median)","Deviasi fitur > 50x median klaster — kemungkinan kesalahan input/ETL (overflow, salah unit, atau sentinel value tidak ter-handle).",Data Engineering: tambahkan capping rule (Z-score>3 di tahap ingest) untuk mencegah kontaminasi model.
303010,cluster_4,Tipe A - Data Error,"`CC_SK_DPD_MEAN` = 19.80 (398.6x median), `POS_MONTHS_COUNT` = -1.13 (31.3x median), `CREDIT_TERM_MONTHS` = -1.41 (29.9x median), `YEARS_BIRTH` = 0.86 (26.5x median), `BUREAU_DAYS_CREDIT_MEAN` = 1.45 (20.7x median)","Deviasi fitur > 50x median klaster — kemungkinan kesalahan input/ETL (overflow, salah unit, atau sentinel value tidak ter-handle).",Data Engineering: tambahkan capping rule (Z-score>3 di tahap ingest) untuk mencegah kontaminasi model.
303108,cluster_3,Tipe A - Data Error,"`POS_SK_DPD_MEAN` = 21.18 (109.4x median), `PREV_APPROVAL_RATE` = -0.69 (34.9x median), `EXT_SOURCE_1` = 0.35 (25.2x median), `CREDIT_TERM_MONTHS` = 1.67 (23.0x median), `BUREAU_ACTIVE_RATIO` = -1.11 (17.7x median)","Deviasi fitur > 50x median klaster — kemungkinan kesalahan input/ETL (overflow, salah unit, atau sentinel value tidak ter-handle).",Data Engineering: tambahkan capping rule (Z-score>3 di tahap ingest) untuk mencegah kontaminasi model.
303109,cluster_4,Tipe C - Risk Signal,"`REGION_RATING_CLIENT_W_CITY` = 1.92 (34.6x median), `YEARS_BIRTH` = 0.80 (24.8x median), `CREDIT_TERM_MONTHS` = 0.87 (20.0x median), `INST_SEVERE_LATE_RATIO` = 3.11 (19.5x median), `CREDIT_TO_INCOME` = 4.27 (19.4x median)","Kombinasi finansial kontradiktif (mis. rasio cicilan/pendapatan ekstrem, income rendah + credit besar, atau skor eksternal tinggi di cluster bermasalah).","Underwriting: matikan auto-approve, wajibkan manual review oleh underwriter senior + verifikasi pendapatan fisik."
303245,cluster_0,Tipe B - Rare but Valid,"`BUREAU_ACTIVE_RATIO` = 2.03 (35.5x median), `REGION_RATING_CLIENT_W_CITY` = 1.92 (34.6x median), `EXT_SOURCE_3` = -1.48 (14.3x median), `EXT_SOURCE_2` = 1.02 (10.8x median), `BUREAU_DAYS_CREDIT_MEAN` = 1.23 (3.7x median)","Ekstrem secara statistik tapi koheren — kemungkinan tail-end legitimate customer (VHNW, kasus khusus).",Routing: alihkan ke divisi Wealth Management / Priority Banking untuk potensi cross-sell.
303386,cluster_2,Tipe B - Rare but Valid,"`REGION_RATING_CLIENT_W_CITY` = -2.04 (34.6x median), `INST_SEVERE_LATE_RATIO` = 3.90 (24.2x median), `INST_DPD_MAX` = 2.96 (19.4x median), `INST_DPD_MEAN` = 2.01 (18.7x median), `EXT_SOURCE_3` = -1.10 (10.9x median)","Ekstrem secara statistik tapi koheren — kemungkinan tail-end legitimate customer (VHNW, kasus khusus).",Routing: alihkan ke divisi Wealth Management / Priority Banking untuk potensi cross-sell.
303401,cluster_3,Tipe A - Data Error,"`PREV_APPROVAL_RATE` = -1.35 (67.4x median), `BUREAU_BB_SEVERE_DPD_MEAN` = 2.78 (55.4x median), `BUREAU_BB_DPD_RATIO_MEAN` = 4.77 (25.5x median), `EXT_SOURCE_1` = 0.35 (25.1x median), `EXT_SOURCE_3` = -1.83 (17.4x median)","Deviasi fitur > 50x median klaster — kemungkinan kesalahan input/ETL (overflow, salah unit, atau sentinel value tidak ter-handle).",Data Engineering: tambahkan capping rule (Z-score>3 di tahap ingest) untuk mencegah kontaminasi model.
303530,cluster_2,Tipe B - Rare but Valid,"`EXT_SOURCE_1` = 0.57 (41.2x median), `YEARS_BIRTH` = -1.12 (15.5x median), `BUREAU_DAYS_CREDIT_MEAN` = 1.45 (11.5x median), `AMT_INCOME_TOTAL` = -1.06 (10.7x median), `BUREAU_ACTIVE_RATIO` = -1.11 (5.8x median)","Ekstrem secara statistik tapi koheren — kemungkinan tail-end legitimate customer (VHNW, kasus khusus).",Routing: alihkan ke divisi Wealth Management / Priority Banking untuk potensi cross-sell.
304450,cluster_1,Tipe B - Rare but Valid,"`EXT_SOURCE_1` = 0.67 (49.0x median), `REGION_RATING_CLIENT_W_CITY` = -2.04 (34.6x median), `AMT_CREDIT` = 0.84 (27.4x median), `AMT_ANNUITY` = 1.26 (18.1x median), `BUREAU_DEBT_TO_CREDIT_RATIO` = -0.59 (10.5x median)","Ekstrem secara statistik tapi koheren — kemungkinan tail-end legitimate customer (VHNW, kasus khusus).",Routing: alihkan ke divisi Wealth Management / Priority Banking untuk potensi cross-sell.
304919,cluster_4,Tipe B - Rare but Valid,"`POS_MONTHS_COUNT` = 1.53 (39.9x median), `AMT_INCOME_TOTAL` = 2.47 (21.6x median), `CREDIT_TERM_MONTHS` = 0.60 (14.1x median), `EXT_SOURCE_3` = 1.27 (10.4x median), `BUREAU_ACTIVE_RATIO` = 0.46 (8.9x median)","Ekstrem secara statistik tapi koheren — kemungkinan tail-end legitimate customer (VHNW, kasus khusus).",Routing: alihkan ke divisi Wealth Management / Priority Banking untuk potensi cross-sell.
304931,cluster_3,Tipe A - Data Error,"`EXT_SOURCE_1` = -1.69 (126.6x median), `PREV_APPROVAL_RATE` = 0.96 (46.5x median), `POS_SK_DPD_MEAN` = 4.82 (24.1x median), `EXT_SOURCE_3` = 1.53 (12.7x median), `CREDIT_TERM_MONTHS` = 0.86 (12.4x median)","Deviasi fitur > 50x median klaster — kemungkinan kesalahan input/ETL (overflow, salah unit, atau sentinel value tidak ter-handle).",Data Engineering: tambahkan capping rule (Z-score>3 di tahap ingest) untuk mencegah kontaminasi model.
305235,cluster_3,Tipe A - Data Error,"`PREV_APPROVAL_RATE` = -1.51 (75.5x median), `BUREAU_ACTIVE_RATIO` = 2.03 (35.5x median), `BUREAU_BB_DPD_RATIO_MEAN` = 2.47 (13.7x median), `EXT_SOURCE_1` = -0.12 (9.9x median), `PREV_REFUSED_COUNT` = 3.45 (8.6x median)","Deviasi fitur > 50x median klaster — kemungkinan kesalahan input/ETL (overflow, salah unit, atau sentinel value tidak ter-handle).",Data Engineering: tambahkan capping rule (Z-score>3 di tahap ingest) untuk mencegah kontaminasi model.
305355,cluster_4,Tipe B - Rare but Valid,"`YEARS_BIRTH` = 1.07 (32.8x median), `YEARS_EMPLOYED` = 4.72 (23.6x median), `BUREAU_DAYS_CREDIT_MEAN` = 1.45 (20.7x median), `BUREAU_ACTIVE_RATIO` = -1.11 (17.7x median), `AMT_INCOME_TOTAL` = -1.06 (10.7x median)","Ekstrem secara statistik tapi koheren — kemungkinan tail-end legitimate customer (VHNW, kasus khusus).",Routing: alihkan ke divisi Wealth Management / Priority Banking untuk potensi cross-sell.
305456,cluster_3,Tipe A - Data Error,"`CC_SK_DPD_MEAN` = 14.94 (301.1x median), `EXT_SOURCE_1` = 0.71 (51.9x median), `PREV_APPROVAL_RATE` = 0.96 (46.5x median), `AMT_ANNUITY` = -1.05 (12.8x median), `BUREAU_COUNT` = 1.36 (8.6x median)","Deviasi fitur > 50x median klaster — kemungkinan kesalahan input/ETL (overflow, salah unit, atau sentinel value tidak ter-handle).",Data Engineering: tambahkan capping rule (Z-score>3 di tahap ingest) untuk mencegah kontaminasi model.
305662,cluster_0,Tipe B - Rare but Valid,"`REGION_RATING_CLIENT_W_CITY` = -2.04 (34.6x median), `OWN_CAR_AGE` = 6.68 (15.7x median), `BUREAU_ACTIVE_RATIO` = -0.79 (12.4x median), `EXT_SOURCE_2` = 1.03 (11.0x median), `INST_LATE_RATIO` = 3.17 (6.0x median)","Ekstrem secara statistik tapi koheren — kemungkinan tail-end legitimate customer (VHNW, kasus khusus).",Routing: alihkan ke divisi Wealth Management / Priority Banking untuk potensi cross-sell.
305890,cluster_1,Tipe A - Data Error,"`EXT_SOURCE_1` = 1.28 (94.0x median), `AMT_CREDIT` = 1.42 (45.6x median), `BUREAU_DEBT_TO_CREDIT_RATIO` = 1.10 (22.6x median), `AMT_ANNUITY` = 1.52 (22.0x median), `BUREAU_ACTIVE_RATIO` = 0.78 (14.2x median)","Deviasi fitur > 50x median klaster — kemungkinan kesalahan input/ETL (overflow, salah unit, atau sentinel value tidak ter-handle).",Data Engineering: tambahkan capping rule (Z-score>3 di tahap ingest) untuk mencegah kontaminasi model.
305967,cluster_1,Tipe A - Data Error,"`INST_PAYMENT_RATIO_MEAN` = 7.04 (659.9x median), `AMT_CREDIT` = 1.42 (45.7x median), `EXT_SOURCE_1` = 0.46 (33.0x median), `INST_LATE_RATIO` = 2.02 (13.5x median), `YEARS_EMPLOYED` = 3.72 (12.6x median)","Deviasi fitur > 50x median klaster — kemungkinan kesalahan input/ETL (overflow, salah unit, atau sentinel value tidak ter-handle).",Data Engineering: tambahkan capping rule (Z-score>3 di tahap ingest) untuk mencegah kontaminasi model.
306062,cluster_1,Tipe B - Rare but Valid,"`AMT_CREDIT` = -1.51 (46.5x median), `AMT_ANNUITY` = -1.45 (22.9x median), `BUREAU_COUNT` = 4.00 (14.4x median), `EXT_SOURCE_3` = -1.95 (10.6x median), `PREV_REFUSED_COUNT` = 6.79 (9.3x median)","Ekstrem secara statistik tapi koheren — kemungkinan tail-end legitimate customer (VHNW, kasus khusus).",Routing: alihkan ke divisi Wealth Management / Priority Banking untuk potensi cross-sell.
306181,cluster_0,Tipe A - Data Error,"`EXT_SOURCE_1` = 2.12 (156.3x median), `BUREAU_ACTIVE_RATIO` = 2.03 (35.5x median), `AMT_INCOME_TOTAL` = 2.31 (11.8x median), `EXT_SOURCE_2` = 0.85 (8.9x median), `EXT_SOURCE_3` = -0.34 (4.1x median)","Deviasi fitur > 50x median klaster — kemungkinan kesalahan input/ETL (overflow, salah unit, atau sentinel value tidak ter-handle).",Data Engineering: tambahkan capping rule (Z-score>3 di tahap ingest) untuk mencegah kontaminasi model.
306814,cluster_4,Tipe A - Data Error,"`EXT_SOURCE_1` = 2.33 (172.4x median), `POS_MONTHS_COUNT` = -1.13 (31.3x median), `YEARS_BIRTH` = 0.70 (21.9x median), `BUREAU_ACTIVE_RATIO` = -1.11 (17.7x median), `PREV_APPROVAL_RATE` = -2.34 (16.1x median)","Deviasi fitur > 50x median klaster — kemungkinan kesalahan input/ETL (overflow, salah unit, atau sentinel value tidak ter-handle).",Data Engineering: tambahkan capping rule (Z-score>3 di tahap ingest) untuk mencegah kontaminasi model.
306957,cluster_4,Tipe A - Data Error,"`EXT_SOURCE_1` = 0.88 (64.3x median), `BUREAU_BB_DPD_RATIO_MEAN` = 4.18 (22.5x median), `CREDIT_TERM_MONTHS` = -0.95 (19.7x median), `YEARS_BIRTH` = -0.52 (14.6x median), `EXT_SOURCE_3` = -1.51 (14.6x median)","Deviasi fitur > 50x median klaster — kemungkinan kesalahan input/ETL (overflow, salah unit, atau sentinel value tidak ter-handle).",Data Engineering: tambahkan capping rule (Z-score>3 di tahap ingest) untuk mencegah kontaminasi model.
307477,cluster_4,Tipe A - Data Error,"`POS_MONTHS_COUNT` = 4.64 (123.1x median), `YEARS_BIRTH` = 0.56 (17.6x median), `AMT_INCOME_TOTAL` = 1.84 (15.8x median), `BUREAU_DAYS_CREDIT_MEAN` = -0.71 (8.6x median), `EXT_SOURCE_3` = 0.88 (6.9x median)","Deviasi fitur > 50x median klaster — kemungkinan kesalahan input/ETL (overflow, salah unit, atau sentinel value tidak ter-handle).",Data Engineering: tambahkan capping rule (Z-score>3 di tahap ingest) untuk mencegah kontaminasi model.
309006,cluster_3,Tipe A - Data Error,"`EXT_SOURCE_1` = 2.31 (170.2x median), `PREV_APPROVAL_RATE` = 0.96 (46.5x median), `CREDIT_TERM_MONTHS` = 0.87 (12.4x median), `AMT_ANNUITY` = 0.97 (9.9x median), `EXT_SOURCE_3` = 0.92 (7.2x median)","Deviasi fitur > 50x median klaster — kemungkinan kesalahan input/ETL (overflow, salah unit, atau sentinel value tidak ter-handle).",Data Engineering: tambahkan capping rule (Z-score>3 di tahap ingest) untuk mencegah kontaminasi model.
309365,cluster_4,Tipe B - Rare but Valid,"`CREDIT_TERM_MONTHS` = -1.56 (33.2x median), `YEARS_BIRTH` = 0.73 (22.7x median), `AMT_REQ_CREDIT_BUREAU_YEAR` = 2.43 (18.5x median), `PREV_APPROVAL_RATE` = -1.35 (8.8x median), `POS_MONTHS_COUNT` = -0.29 (8.6x median)","Ekstrem secara statistik tapi koheren — kemungkinan tail-end legitimate customer (VHNW, kasus khusus).",Routing: alihkan ke divisi Wealth Management / Priority Banking untuk potensi cross-sell.
309599,cluster_1,Tipe A - Data Error,"`EXT_SOURCE_1` = 2.43 (179.5x median), `BUREAU_DEBT_TO_CREDIT_RATIO` = 1.65 (33.3x median), `AMT_CREDIT` = 0.93 (30.3x median), `OWN_CAR_AGE` = 6.79 (15.9x median), `BUREAU_ACTIVE_RATIO` = 0.73 (13.3x median)","Deviasi fitur > 50x median klaster — kemungkinan kesalahan input/ETL (overflow, salah unit, atau sentinel value tidak ter-handle).",Data Engineering: tambahkan capping rule (Z-score>3 di tahap ingest) untuk mencegah kontaminasi model.
309699,cluster_0,Tipe A - Data Error,"`EXT_SOURCE_1` = -0.99 (74.5x median), `INST_DPD_MEAN` = 2.87 (26.3x median), `INST_SEVERE_LATE_RATIO` = 4.08 (25.3x median), `INST_DPD_MAX` = 3.48 (22.6x median), `POS_SK_DPD_MEAN` = 1.31 (19.7x median)","Deviasi fitur > 50x median klaster — kemungkinan kesalahan input/ETL (overflow, salah unit, atau sentinel value tidak ter-handle).",Data Engineering: tambahkan capping rule (Z-score>3 di tahap ingest) untuk mencegah kontaminasi model.
309845,cluster_1,Tipe A - Data Error,"`EXT_SOURCE_1` = -1.58 (118.4x median), `BUREAU_ACTIVE_RATIO` = 2.03 (35.5x median), `REGION_RATING_CLIENT_W_CITY` = -2.04 (34.6x median), `BUREAU_DEBT_TO_CREDIT_RATIO` = 1.46 (29.5x median), `AMT_CREDIT` = 0.84 (27.4x median)","Deviasi fitur > 50x median klaster — kemungkinan kesalahan input/ETL (overflow, salah unit, atau sentinel value tidak ter-handle).",Data Engineering: tambahkan capping rule (Z-score>3 di tahap ingest) untuk mencegah kontaminasi model.
309858,cluster_2,Tipe A - Data Error,"`EXT_SOURCE_1` = 1.14 (83.7x median), `INST_SEVERE_LATE_RATIO` = 6.92 (42.1x median), `INST_DPD_MEAN` = 0.69 (7.1x median), `POS_MONTHS_COUNT` = 2.70 (7.0x median), `BUREAU_ACTIVE_RATIO` = 0.99 (7.0x median)","Deviasi fitur > 50x median klaster — kemungkinan kesalahan input/ETL (overflow, salah unit, atau sentinel value tidak ter-handle).",Data Engineering: tambahkan capping rule (Z-score>3 di tahap ingest) untuk mencegah kontaminasi model.
310620,cluster_1,Tipe B - Rare but Valid,"`AMT_CREDIT` = 1.13 (36.4x median), `BUREAU_COUNT` = 4.88 (17.8x median), `AMT_ANNUITY` = 0.63 (8.6x median), `CC_MONTHS_COUNT` = 3.05 (8.0x median), `BUREAU_ACTIVE_RATIO` = -0.52 (7.9x median)","Ekstrem secara statistik tapi koheren — kemungkinan tail-end legitimate customer (VHNW, kasus khusus).",Routing: alihkan ke divisi Wealth Management / Priority Banking untuk potensi cross-sell.
310981,cluster_1,Tipe A - Data Error,"`EXT_SOURCE_1` = -0.73 (55.5x median), `REGION_RATING_CLIENT_W_CITY` = 1.92 (34.6x median), `INST_SEVERE_LATE_RATIO` = 3.10 (19.4x median), `AMT_CREDIT` = 0.52 (17.3x median), `INST_LATE_RATIO` = 2.32 (15.4x median)","Deviasi fitur > 50x median klaster — kemungkinan kesalahan input/ETL (overflow, salah unit, atau sentinel value tidak ter-handle).",Data Engineering: tambahkan capping rule (Z-score>3 di tahap ingest) untuk mencegah kontaminasi model.
311120,cluster_4,Tipe A - Data Error,"`EXT_SOURCE_1` = -1.58 (118.1x median), `YEARS_BIRTH` = -1.82 (53.2x median), `BUREAU_ACTIVE_RATIO` = 2.03 (35.5x median), `CREDIT_TERM_MONTHS` = -1.63 (34.6x median), `EXT_SOURCE_3` = -2.58 (24.2x median)","Deviasi fitur > 50x median klaster — kemungkinan kesalahan input/ETL (overflow, salah unit, atau sentinel value tidak ter-handle).",Data Engineering: tambahkan capping rule (Z-score>3 di tahap ingest) untuk mencegah kontaminasi model.
311512,cluster_1,Tipe B - Rare but Valid,"`AMT_CREDIT` = -0.75 (22.4x median), `AMT_ANNUITY` = -0.75 (12.4x median), `YEARS_EMPLOYED` = 3.26 (11.2x median), `BUREAU_ACTIVE_RATIO` = -0.69 (10.6x median), `PREV_REFUSED_COUNT` = 6.23 (8.4x median)","Ekstrem secara statistik tapi koheren — kemungkinan tail-end legitimate customer (VHNW, kasus khusus).",Routing: alihkan ke divisi Wealth Management / Priority Banking untuk potensi cross-sell.
311593,cluster_2,Tipe B - Rare but Valid,"`EXT_SOURCE_1` = 0.52 (37.8x median), `REGION_RATING_CLIENT_W_CITY` = 1.92 (34.6x median), `EXT_SOURCE_3` = -0.90 (9.1x median), `BUREAU_ACTIVE_RATIO` = 1.25 (8.6x median), `YEARS_BIRTH` = -0.55 (8.2x median)","Ekstrem secara statistik tapi koheren — kemungkinan tail-end legitimate customer (VHNW, kasus khusus).",Routing: alihkan ke divisi Wealth Management / Priority Banking untuk potensi cross-sell.
312220,cluster_1,Tipe A - Data Error,"`EXT_SOURCE_1` = -1.24 (93.4x median), `INST_SEVERE_LATE_RATIO` = 7.80 (47.4x median), `BUREAU_DEBT_TO_CREDIT_RATIO` = 1.50 (30.3x median), `INST_LATE_RATIO` = 3.52 (22.8x median), `AMT_ANNUITY` = 1.11 (15.8x median)","Deviasi fitur > 50x median klaster — kemungkinan kesalahan input/ETL (overflow, salah unit, atau sentinel value tidak ter-handle).",Data Engineering: tambahkan capping rule (Z-score>3 di tahap ingest) untuk mencegah kontaminasi model.
312429,cluster_4,Tipe B - Rare but Valid,"`REGION_RATING_CLIENT_W_CITY` = 1.92 (34.6x median), `CREDIT_TERM_MONTHS` = -1.08 (22.7x median), `BUREAU_DAYS_CREDIT_MEAN` = -1.28 (16.4x median), `YEARS_BIRTH` = -0.45 (12.4x median), `AMT_REQ_CREDIT_BUREAU_YEAR` = 1.27 (9.3x median)","Ekstrem secara statistik tapi koheren — kemungkinan tail-end legitimate customer (VHNW, kasus khusus).",Routing: alihkan ke divisi Wealth Management / Priority Banking untuk potensi cross-sell.
312667,cluster_1,Tipe A - Data Error,"`EXT_SOURCE_1` = -0.82 (62.2x median), `AMT_CREDIT` = 1.49 (47.7x median), `REGION_RATING_CLIENT_W_CITY` = 1.92 (34.6x median), `INST_DPD_MAX` = 2.16 (18.6x median), `AMT_ANNUITY` = 1.10 (15.7x median)","Deviasi fitur > 50x median klaster — kemungkinan kesalahan input/ETL (overflow, salah unit, atau sentinel value tidak ter-handle).",Data Engineering: tambahkan capping rule (Z-score>3 di tahap ingest) untuk mencegah kontaminasi model.
312692,cluster_0,Tipe B - Rare but Valid,"`EXT_SOURCE_1` = 0.58 (41.9x median), `REGION_RATING_CLIENT_W_CITY` = -2.04 (34.6x median), `BUREAU_ACTIVE_RATIO` = 0.99 (17.7x median), `EXT_SOURCE_2` = 1.50 (16.4x median), `BUREAU_DEBT_TO_CREDIT_RATIO` = 1.40 (4.6x median)","Ekstrem secara statistik tapi koheren — kemungkinan tail-end legitimate customer (VHNW, kasus khusus).",Routing: alihkan ke divisi Wealth Management / Priority Banking untuk potensi cross-sell.
313017,cluster_4,Tipe A - Data Error,"`POS_MONTHS_COUNT` = 3.14 (83.1x median), `EXT_SOURCE_1` = 0.74 (54.2x median), `YEARS_BIRTH` = 0.54 (17.1x median), `PREV_COUNT` = 4.54 (13.7x median), `BUREAU_COUNT` = 1.58 (9.8x median)","Deviasi fitur > 50x median klaster — kemungkinan kesalahan input/ETL (overflow, salah unit, atau sentinel value tidak ter-handle).",Data Engineering: tambahkan capping rule (Z-score>3 di tahap ingest) untuk mencegah kontaminasi model.
313200,cluster_1,Tipe A - Data Error,"`EXT_SOURCE_1` = 1.23 (90.4x median), `AMT_CREDIT` = -0.63 (18.8x median), `AMT_ANNUITY` = -0.92 (15.0x median), `BUREAU_COUNT` = 3.78 (13.5x median), `BUREAU_DEBT_TO_CREDIT_RATIO` = 0.54 (11.6x median)","Deviasi fitur > 50x median klaster — kemungkinan kesalahan input/ETL (overflow, salah unit, atau sentinel value tidak ter-handle).",Data Engineering: tambahkan capping rule (Z-score>3 di tahap ingest) untuk mencegah kontaminasi model.
313414,cluster_4,Tipe A - Data Error,"`EXT_SOURCE_1` = -0.96 (72.4x median), `REGION_RATING_CLIENT_W_CITY` = -2.04 (34.6x median), `POS_MONTHS_COUNT` = -1.13 (31.3x median), `PREV_APPROVAL_RATE` = -2.34 (16.1x median), `YEARS_BIRTH` = 0.43 (13.8x median)","Deviasi fitur > 50x median klaster — kemungkinan kesalahan input/ETL (overflow, salah unit, atau sentinel value tidak ter-handle).",Data Engineering: tambahkan capping rule (Z-score>3 di tahap ingest) untuk mencegah kontaminasi model.
314014,cluster_0,Tipe B - Rare but Valid,"`BUREAU_ACTIVE_RATIO` = 0.99 (17.7x median), `EXT_SOURCE_3` = 1.83 (15.4x median), `EXT_SOURCE_2` = 0.85 (8.9x median), `PREV_COUNT` = 1.96 (5.9x median), `CNT_CHILDREN` = 2.21 (4.8x median)","Ekstrem secara statistik tapi koheren — kemungkinan tail-end legitimate customer (VHNW, kasus khusus).",Routing: alihkan ke divisi Wealth Management / Priority Banking untuk potensi cross-sell.
314510,cluster_1,Tipe B - Rare but Valid,"`EXT_SOURCE_1` = -0.56 (42.2x median), `AMT_CREDIT` = 0.73 (23.9x median), `AMT_ANNUITY` = 0.95 (13.4x median), `EXT_SOURCE_3` = -2.19 (12.1x median), `PREV_REFUSED_COUNT` = 7.90 (11.0x median)","Ekstrem secara statistik tapi koheren — kemungkinan tail-end legitimate customer (VHNW, kasus khusus).",Routing: alihkan ke divisi Wealth Management / Priority Banking untuk potensi cross-sell.
314987,cluster_4,Tipe A - Data Error,"`POS_MONTHS_COUNT` = 3.91 (103.6x median), `EXT_SOURCE_1` = 0.64 (46.5x median), `YEARS_BIRTH` = 1.29 (39.4x median), `BUREAU_ACTIVE_RATIO` = 1.41 (24.8x median), `CREDIT_TERM_MONTHS` = -1.08 (22.6x median)","Deviasi fitur > 50x median klaster — kemungkinan kesalahan input/ETL (overflow, salah unit, atau sentinel value tidak ter-handle).",Data Engineering: tambahkan capping rule (Z-score>3 di tahap ingest) untuk mencegah kontaminasi model.
315075,cluster_4,Tipe A - Data Error,"`EXT_SOURCE_1` = 1.42 (104.5x median), `CREDIT_TERM_MONTHS` = 1.43 (32.3x median), `POS_MONTHS_COUNT` = 1.05 (27.0x median), `BUREAU_ACTIVE_RATIO` = 1.51 (26.6x median), `AMT_REQ_CREDIT_BUREAU_YEAR` = 2.43 (18.5x median)","Deviasi fitur > 50x median klaster — kemungkinan kesalahan input/ETL (overflow, salah unit, atau sentinel value tidak ter-handle).",Data Engineering: tambahkan capping rule (Z-score>3 di tahap ingest) untuk mencegah kontaminasi model.
315114,cluster_1,Tipe A - Data Error,"`EXT_SOURCE_1` = -2.74 (204.5x median), `BUREAU_ACTIVE_RATIO` = -1.11 (17.7x median), `BUREAU_DEBT_TO_CREDIT_RATIO` = -0.59 (10.5x median), `AMT_ANNUITY` = 0.74 (10.2x median), `BUREAU_DAYS_CREDIT_MEAN` = 1.45 (9.2x median)","Deviasi fitur > 50x median klaster — kemungkinan kesalahan input/ETL (overflow, salah unit, atau sentinel value tidak ter-handle).",Data Engineering: tambahkan capping rule (Z-score>3 di tahap ingest) untuk mencegah kontaminasi model.
315174,cluster_2,Tipe A - Data Error,"`EXT_SOURCE_1` = 1.94 (143.3x median), `AMT_INCOME_TOTAL` = 2.31 (20.1x median), `YEARS_EMPLOYED` = 3.59 (16.7x median), `BUREAU_BB_SEVERE_DPD_MEAN` = 0.36 (7.9x median), `CNT_CHILDREN` = 2.21 (4.8x median)","Deviasi fitur > 50x median klaster — kemungkinan kesalahan input/ETL (overflow, salah unit, atau sentinel value tidak ter-handle).",Data Engineering: tambahkan capping rule (Z-score>3 di tahap ingest) untuk mencegah kontaminasi model.
315225,cluster_4,Tipe C - Risk Signal,"`REGION_RATING_CLIENT_W_CITY` = 1.92 (34.6x median), `EXT_SOURCE_1` = -0.42 (32.1x median), `CREDIT_TERM_MONTHS` = -1.08 (22.6x median), `BUREAU_DAYS_CREDIT_MEAN` = 1.45 (20.7x median), `AMT_INCOME_TOTAL` = -2.13 (20.5x median)","Kombinasi finansial kontradiktif (mis. rasio cicilan/pendapatan ekstrem, income rendah + credit besar, atau skor eksternal tinggi di cluster bermasalah).","Underwriting: matikan auto-approve, wajibkan manual review oleh underwriter senior + verifikasi pendapatan fisik."
315307,cluster_0,Tipe B - Rare but Valid,"`BUREAU_ACTIVE_RATIO` = 2.03 (35.5x median), `INST_SEVERE_LATE_RATIO` = 5.63 (34.4x median), `INST_DPD_MEAN` = 1.14 (11.0x median), `EXT_SOURCE_2` = -0.69 (9.0x median), `INST_LATE_RATIO` = 3.40 (6.4x median)","Ekstrem secara statistik tapi koheren — kemungkinan tail-end legitimate customer (VHNW, kasus khusus).",Routing: alihkan ke divisi Wealth Management / Priority Banking untuk potensi cross-sell.
315810,cluster_1,Tipe B - Rare but Valid,"`EXT_SOURCE_1` = -0.58 (44.1x median), `REGION_RATING_CLIENT_W_CITY` = -2.04 (34.6x median), `AMT_CREDIT` = 0.89 (28.8x median), `AMT_ANNUITY` = 1.16 (16.5x median), `YEARS_EMPLOYED` = 3.30 (11.3x median)","Ekstrem secara statistik tapi koheren — kemungkinan tail-end legitimate customer (VHNW, kasus khusus).",Routing: alihkan ke divisi Wealth Management / Priority Banking untuk potensi cross-sell.
315967,cluster_4,Tipe A - Data Error,"`EXT_SOURCE_1` = -2.33 (174.4x median), `POS_MONTHS_COUNT` = 1.65 (43.2x median), `REGION_RATING_CLIENT_W_CITY` = 1.92 (34.6x median), `CREDIT_TERM_MONTHS` = 1.27 (28.7x median), `BUREAU_COUNT` = 4.00 (23.2x median)","Deviasi fitur > 50x median klaster — kemungkinan kesalahan input/ETL (overflow, salah unit, atau sentinel value tidak ter-handle).",Data Engineering: tambahkan capping rule (Z-score>3 di tahap ingest) untuk mencegah kontaminasi model.
316022,cluster_3,Tipe A - Data Error,"`PREV_APPROVAL_RATE` = -1.24 (62.0x median), `ANNUITY_TO_INCOME` = 1.88 (21.2x median), `BUREAU_ACTIVE_RATIO` = -1.11 (17.7x median), `YEARS_BIRTH` = -1.71 (14.2x median), `CREDIT_TERM_MONTHS` = -1.08 (13.2x median)","Deviasi fitur > 50x median klaster — kemungkinan kesalahan input/ETL (overflow, salah unit, atau sentinel value tidak ter-handle).",Data Engineering: tambahkan capping rule (Z-score>3 di tahap ingest) untuk mencegah kontaminasi model.
316419,cluster_4,Tipe A - Data Error,"`YEARS_BIRTH` = 2.09 (63.3x median), `BUREAU_ACTIVE_RATIO` = 2.03 (35.5x median), `CREDIT_TERM_MONTHS` = -1.46 (30.9x median), `AMT_REQ_CREDIT_BUREAU_YEAR` = 3.58 (27.8x median), `BUREAU_DEBT_TO_CREDIT_RATIO` = 1.66 (19.0x median)","Deviasi fitur > 50x median klaster — kemungkinan kesalahan input/ETL (overflow, salah unit, atau sentinel value tidak ter-handle).",Data Engineering: tambahkan capping rule (Z-score>3 di tahap ingest) untuk mencegah kontaminasi model.
316468,cluster_1,Tipe A - Data Error,"`EXT_SOURCE_1` = 1.38 (101.3x median), `REGION_RATING_CLIENT_W_CITY` = 1.92 (34.6x median), `BUREAU_COUNT` = 5.32 (19.5x median), `EXT_SOURCE_3` = -2.40 (13.3x median), `YEARS_EMPLOYED` = 2.64 (9.2x median)","Deviasi fitur > 50x median klaster — kemungkinan kesalahan input/ETL (overflow, salah unit, atau sentinel value tidak ter-handle).",Data Engineering: tambahkan capping rule (Z-score>3 di tahap ingest) untuk mencegah kontaminasi model.
316495,cluster_1,Tipe A - Data Error,"`EXT_SOURCE_1` = -1.10 (82.7x median), `AMT_CREDIT` = 1.87 (59.6x median), `AMT_ANNUITY` = 1.53 (22.2x median), `CREDIT_TERM_MONTHS` = 1.43 (8.3x median), `EXT_SOURCE_3` = 1.14 (7.8x median)","Deviasi fitur > 50x median klaster — kemungkinan kesalahan input/ETL (overflow, salah unit, atau sentinel value tidak ter-handle).",Data Engineering: tambahkan capping rule (Z-score>3 di tahap ingest) untuk mencegah kontaminasi model.
316640,cluster_4,Tipe A - Data Error,"`POS_MONTHS_COUNT` = 3.55 (93.9x median), `EXT_SOURCE_1` = 0.96 (70.2x median), `YEARS_BIRTH` = 1.08 (33.1x median), `AMT_INCOME_TOTAL` = 2.47 (21.6x median), `AMT_ANNUITY` = 1.78 (11.7x median)","Deviasi fitur > 50x median klaster — kemungkinan kesalahan input/ETL (overflow, salah unit, atau sentinel value tidak ter-handle).",Data Engineering: tambahkan capping rule (Z-score>3 di tahap ingest) untuk mencegah kontaminasi model.
316804,cluster_4,Tipe A - Data Error,"`EXT_SOURCE_1` = 1.23 (90.0x median), `BUREAU_DAYS_CREDIT_MEAN` = -2.25 (29.6x median), `AMT_REQ_CREDIT_BUREAU_YEAR` = 3.58 (27.8x median), `BUREAU_ACTIVE_RATIO` = -1.11 (17.7x median), `POS_MONTHS_COUNT` = -0.37 (10.8x median)","Deviasi fitur > 50x median klaster — kemungkinan kesalahan input/ETL (overflow, salah unit, atau sentinel value tidak ter-handle).",Data Engineering: tambahkan capping rule (Z-score>3 di tahap ingest) untuk mencegah kontaminasi model.
317025,cluster_1,Tipe A - Data Error,"`EXT_SOURCE_1` = 0.86 (62.6x median), `AMT_CREDIT` = -0.50 (14.6x median), `PREV_REFUSED_COUNT` = 8.46 (11.8x median), `AMT_ANNUITY` = 0.66 (9.0x median), `BUREAU_DEBT_TO_CREDIT_RATIO` = 0.38 (8.4x median)","Deviasi fitur > 50x median klaster — kemungkinan kesalahan input/ETL (overflow, salah unit, atau sentinel value tidak ter-handle).",Data Engineering: tambahkan capping rule (Z-score>3 di tahap ingest) untuk mencegah kontaminasi model.
317227,cluster_0,Tipe B - Rare but Valid,"`REGION_RATING_CLIENT_W_CITY` = 1.92 (34.6x median), `INST_SEVERE_LATE_RATIO` = 5.15 (31.6x median), `BUREAU_ACTIVE_RATIO` = -1.11 (17.7x median), `EXT_SOURCE_1` = -0.17 (13.8x median), `EXT_SOURCE_2` = -1.08 (13.6x median)","Ekstrem secara statistik tapi koheren — kemungkinan tail-end legitimate customer (VHNW, kasus khusus).",Routing: alihkan ke divisi Wealth Management / Priority Banking untuk potensi cross-sell.
317356,cluster_2,Tipe A - Data Error,"`EXT_SOURCE_1` = 2.04 (150.9x median), `REGION_RATING_CLIENT_W_CITY` = -2.04 (34.6x median), `AMT_INCOME_TOTAL` = 2.08 (18.1x median), `BUREAU_DAYS_CREDIT_MEAN` = -1.17 (7.5x median), `CNT_CHILDREN` = 3.60 (7.2x median)","Deviasi fitur > 50x median klaster — kemungkinan kesalahan input/ETL (overflow, salah unit, atau sentinel value tidak ter-handle).",Data Engineering: tambahkan capping rule (Z-score>3 di tahap ingest) untuk mencegah kontaminasi model.
317468,cluster_2,Tipe C - Risk Signal,"`REGION_RATING_CLIENT_W_CITY` = 1.92 (34.6x median), `YEARS_BIRTH` = -0.94 (13.2x median), `ANNUITY_TO_INCOME` = 5.48 (12.8x median), `AMT_INCOME_TOTAL` = -1.06 (10.7x median), `EXT_SOURCE_3` = -0.77 (8.0x median)","Kombinasi finansial kontradiktif (mis. rasio cicilan/pendapatan ekstrem, income rendah + credit besar, atau skor eksternal tinggi di cluster bermasalah).","Underwriting: matikan auto-approve, wajibkan manual review oleh underwriter senior + verifikasi pendapatan fisik."
317587,cluster_4,Tipe A - Data Error,"`EXT_SOURCE_1` = 2.03 (149.9x median), `YEARS_BIRTH` = 1.38 (42.1x median), `CREDIT_TERM_MONTHS` = 1.25 (28.3x median), `BUREAU_ACTIVE_RATIO` = -1.11 (17.7x median), `BUREAU_DAYS_CREDIT_MEAN` = -1.16 (14.7x median)","Deviasi fitur > 50x median klaster — kemungkinan kesalahan input/ETL (overflow, salah unit, atau sentinel value tidak ter-handle).",Data Engineering: tambahkan capping rule (Z-score>3 di tahap ingest) untuk mencegah kontaminasi model.
317674,cluster_1,Tipe A - Data Error,"`EXT_SOURCE_1` = 2.49 (184.3x median), `AMT_CREDIT` = 1.05 (34.0x median), `AMT_ANNUITY` = 1.53 (22.2x median), `YEARS_EMPLOYED` = 5.14 (17.0x median), `BUREAU_DEBT_TO_CREDIT_RATIO` = -0.59 (10.5x median)","Deviasi fitur > 50x median klaster — kemungkinan kesalahan input/ETL (overflow, salah unit, atau sentinel value tidak ter-handle).",Data Engineering: tambahkan capping rule (Z-score>3 di tahap ingest) untuk mencegah kontaminasi model.
317833,cluster_1,Tipe B - Rare but Valid,"`BUREAU_ACTIVE_RATIO` = 2.03 (35.5x median), `REGION_RATING_CLIENT_W_CITY` = -2.04 (34.6x median), `AMT_CREDIT` = 0.92 (30.0x median), `AMT_ANNUITY` = 1.61 (23.5x median), `BUREAU_DEBT_TO_CREDIT_RATIO` = 1.02 (21.0x median)","Ekstrem secara statistik tapi koheren — kemungkinan tail-end legitimate customer (VHNW, kasus khusus).",Routing: alihkan ke divisi Wealth Management / Priority Banking untuk potensi cross-sell.
317909,cluster_4,Tipe A - Data Error,"`EXT_SOURCE_1` = 2.46 (181.7x median), `POS_MONTHS_COUNT` = 1.21 (31.3x median), `YEARS_EMPLOYED` = 4.34 (21.7x median), `YEARS_BIRTH` = 0.68 (21.2x median), `AMT_REQ_CREDIT_BUREAU_YEAR` = -1.03 (9.3x median)","Deviasi fitur > 50x median klaster — kemungkinan kesalahan input/ETL (overflow, salah unit, atau sentinel value tidak ter-handle).",Data Engineering: tambahkan capping rule (Z-score>3 di tahap ingest) untuk mencegah kontaminasi model.
318181,cluster_1,Tipe B - Rare but Valid,"`AMT_CREDIT` = -0.53 (15.6x median), `INST_DPD_MAX` = 1.68 (14.7x median), `BUREAU_COUNT` = 3.78 (13.5x median), `CC_MONTHS_COUNT` = 3.33 (8.6x median), `EXT_SOURCE_3` = -1.40 (7.4x median)","Ekstrem secara statistik tapi koheren — kemungkinan tail-end legitimate customer (VHNW, kasus khusus).",Routing: alihkan ke divisi Wealth Management / Priority Banking untuk potensi cross-sell.
318586,cluster_2,Tipe A - Data Error,"`EXT_SOURCE_1` = 1.87 (138.0x median), `REGION_RATING_CLIENT_W_CITY` = 1.92 (34.6x median), `BUREAU_COUNT` = 2.46 (14.7x median), `AMT_INCOME_TOTAL` = 1.24 (10.3x median), `CC_MONTHS_COUNT` = 3.25 (8.4x median)","Deviasi fitur > 50x median klaster — kemungkinan kesalahan input/ETL (overflow, salah unit, atau sentinel value tidak ter-handle).",Data Engineering: tambahkan capping rule (Z-score>3 di tahap ingest) untuk mencegah kontaminasi model.
318621,cluster_1,Tipe A - Data Error,"`EXT_SOURCE_1` = 2.17 (159.9x median), `REGION_RATING_CLIENT_W_CITY` = 1.92 (34.6x median), `BUREAU_ACTIVE_RATIO` = -1.11 (17.7x median), `AMT_CREDIT` = 0.35 (12.1x median), `BUREAU_DEBT_TO_CREDIT_RATIO` = -0.59 (10.5x median)","Deviasi fitur > 50x median klaster — kemungkinan kesalahan input/ETL (overflow, salah unit, atau sentinel value tidak ter-handle).",Data Engineering: tambahkan capping rule (Z-score>3 di tahap ingest) untuk mencegah kontaminasi model.
318741,cluster_1,Tipe B - Rare but Valid,"`BUREAU_BB_SEVERE_DPD_MEAN` = 2.34 (46.8x median), `EXT_SOURCE_1` = -0.34 (26.6x median), `AMT_ANNUITY` = 1.47 (21.3x median), `PREV_REFUSED_COUNT` = 9.02 (12.7x median), `EXT_SOURCE_3` = -1.85 (10.1x median)","Ekstrem secara statistik tapi koheren — kemungkinan tail-end legitimate customer (VHNW, kasus khusus).",Routing: alihkan ke divisi Wealth Management / Priority Banking untuk potensi cross-sell.
318812,cluster_1,Tipe A - Data Error,"`EXT_SOURCE_1` = -0.93 (69.9x median), `BUREAU_DEBT_TO_CREDIT_RATIO` = 0.92 (19.1x median), `AMT_ANNUITY` = 0.96 (13.6x median), `INST_LATE_RATIO` = 1.28 (8.9x median), `BUREAU_ACTIVE_RATIO` = 0.46 (8.9x median)","Deviasi fitur > 50x median klaster — kemungkinan kesalahan input/ETL (overflow, salah unit, atau sentinel value tidak ter-handle).",Data Engineering: tambahkan capping rule (Z-score>3 di tahap ingest) untuk mencegah kontaminasi model.
319404,cluster_3,Tipe A - Data Error,"`EXT_SOURCE_1` = 0.80 (58.1x median), `PREV_APPROVAL_RATE` = -0.45 (23.2x median), `BUREAU_COUNT` = 2.90 (17.1x median), `POS_SK_DPD_MEAN` = 2.06 (9.8x median), `BUREAU_ACTIVE_RATIO` = -0.58 (8.9x median)","Deviasi fitur > 50x median klaster — kemungkinan kesalahan input/ETL (overflow, salah unit, atau sentinel value tidak ter-handle).",Data Engineering: tambahkan capping rule (Z-score>3 di tahap ingest) untuk mencegah kontaminasi model.
319901,cluster_1,Tipe A - Data Error,"`BUREAU_BB_SEVERE_DPD_MEAN` = 8.21 (161.4x median), `EXT_SOURCE_1` = -0.57 (43.7x median), `AMT_CREDIT` = -1.33 (40.6x median), `BUREAU_BB_DPD_RATIO_MEAN` = 6.64 (35.2x median), `INST_LATE_RATIO` = 2.47 (16.3x median)","Deviasi fitur > 50x median klaster — kemungkinan kesalahan input/ETL (overflow, salah unit, atau sentinel value tidak ter-handle).",Data Engineering: tambahkan capping rule (Z-score>3 di tahap ingest) untuk mencegah kontaminasi model.
319928,cluster_4,Tipe A - Data Error,"`EXT_SOURCE_1` = -2.78 (207.7x median), `YEARS_BIRTH` = -1.37 (39.7x median), `EXT_SOURCE_3` = -1.69 (16.1x median), `AMT_ANNUITY` = -2.02 (15.4x median), `AMT_REQ_CREDIT_BUREAU_YEAR` = 1.85 (13.9x median)","Deviasi fitur > 50x median klaster — kemungkinan kesalahan input/ETL (overflow, salah unit, atau sentinel value tidak ter-handle).",Data Engineering: tambahkan capping rule (Z-score>3 di tahap ingest) untuk mencegah kontaminasi model.
320050,cluster_2,Tipe A - Data Error,"`EXT_SOURCE_1` = 0.76 (55.1x median), `REGION_RATING_CLIENT_W_CITY` = 1.92 (34.6x median), `YEARS_EMPLOYED` = 2.28 (11.0x median), `INST_DPD_MEAN` = 1.05 (10.2x median), `AMT_INCOME_TOTAL` = -0.96 (9.8x median)","Deviasi fitur > 50x median klaster — kemungkinan kesalahan input/ETL (overflow, salah unit, atau sentinel value tidak ter-handle).",Data Engineering: tambahkan capping rule (Z-score>3 di tahap ingest) untuk mencegah kontaminasi model.
320344,cluster_1,Tipe A - Data Error,"`EXT_SOURCE_1` = 2.55 (188.7x median), `AMT_CREDIT` = -3.06 (94.9x median), `AMT_ANNUITY` = -2.75 (42.7x median), `BUREAU_ACTIVE_RATIO` = 2.03 (35.5x median), `BUREAU_DEBT_TO_CREDIT_RATIO` = 1.10 (22.5x median)","Deviasi fitur > 50x median klaster — kemungkinan kesalahan input/ETL (overflow, salah unit, atau sentinel value tidak ter-handle).",Data Engineering: tambahkan capping rule (Z-score>3 di tahap ingest) untuk mencegah kontaminasi model.
320483,cluster_3,Tipe A - Data Error,"`PREV_APPROVAL_RATE` = -1.10 (55.2x median), `POS_SK_DPD_MEAN` = 9.74 (49.8x median), `BUREAU_ACTIVE_RATIO` = -1.11 (17.7x median), `EXT_SOURCE_3` = 1.83 (15.4x median), `CREDIT_TERM_MONTHS` = 0.85 (12.3x median)","Deviasi fitur > 50x median klaster — kemungkinan kesalahan input/ETL (overflow, salah unit, atau sentinel value tidak ter-handle).",Data Engineering: tambahkan capping rule (Z-score>3 di tahap ingest) untuk mencegah kontaminasi model.
320549,cluster_3,Tipe A - Data Error,"`EXT_SOURCE_1` = -1.41 (105.7x median), `PREV_APPROVAL_RATE` = -1.24 (62.0x median), `CREDIT_TERM_MONTHS` = -1.45 (18.2x median), `EXT_SOURCE_3` = 1.48 (12.3x median), `AMT_CREDIT` = -1.52 (10.7x median)","Deviasi fitur > 50x median klaster — kemungkinan kesalahan input/ETL (overflow, salah unit, atau sentinel value tidak ter-handle).",Data Engineering: tambahkan capping rule (Z-score>3 di tahap ingest) untuk mencegah kontaminasi model.
320782,cluster_3,Tipe A - Data Error,"`CC_SK_DPD_MEAN` = 33.38 (671.4x median), `EXT_SOURCE_1` = 1.35 (99.5x median), `REGION_RATING_CLIENT_W_CITY` = -2.04 (34.6x median), `CREDIT_TERM_MONTHS` = -1.44 (18.1x median), `CC_MONTHS_COUNT` = 2.76 (7.3x median)","Deviasi fitur > 50x median klaster — kemungkinan kesalahan input/ETL (overflow, salah unit, atau sentinel value tidak ter-handle).",Data Engineering: tambahkan capping rule (Z-score>3 di tahap ingest) untuk mencegah kontaminasi model.
320849,cluster_1,Tipe A - Data Error,"`EXT_SOURCE_1` = -2.67 (198.9x median), `AMT_CREDIT` = -1.51 (46.5x median), `AMT_ANNUITY` = -1.17 (18.7x median), `PREV_REFUSED_COUNT` = 9.02 (12.7x median), `EXT_SOURCE_3` = -1.85 (10.0x median)","Deviasi fitur > 50x median klaster — kemungkinan kesalahan input/ETL (overflow, salah unit, atau sentinel value tidak ter-handle).",Data Engineering: tambahkan capping rule (Z-score>3 di tahap ingest) untuk mencegah kontaminasi model.
321941,cluster_1,Tipe A - Data Error,"`BUREAU_BB_SEVERE_DPD_MEAN` = 4.67 (92.1x median), `EXT_SOURCE_1` = 0.85 (62.4x median), `REGION_RATING_CLIENT_W_CITY` = 1.92 (34.6x median), `AMT_CREDIT` = -0.78 (23.6x median), `BUREAU_BB_DPD_RATIO_MEAN` = 3.03 (16.6x median)","Deviasi fitur > 50x median klaster — kemungkinan kesalahan input/ETL (overflow, salah unit, atau sentinel value tidak ter-handle).",Data Engineering: tambahkan capping rule (Z-score>3 di tahap ingest) untuk mencegah kontaminasi model.
322013,cluster_0,Tipe A - Data Error,"`EXT_SOURCE_1` = -0.86 (64.7x median), `INST_SEVERE_LATE_RATIO` = 5.76 (35.2x median), `BUREAU_ACTIVE_RATIO` = 1.51 (26.6x median), `BUREAU_BB_DPD_RATIO_MEAN` = 3.56 (19.3x median), `EXT_SOURCE_3` = -1.70 (16.3x median)","Deviasi fitur > 50x median klaster — kemungkinan kesalahan input/ETL (overflow, salah unit, atau sentinel value tidak ter-handle).",Data Engineering: tambahkan capping rule (Z-score>3 di tahap ingest) untuk mencegah kontaminasi model.
322941,cluster_4,Tipe A - Data Error,"`EXT_SOURCE_1` = 1.52 (112.2x median), `POS_MONTHS_COUNT` = 1.09 (28.1x median), `CREDIT_TERM_MONTHS` = 1.04 (23.8x median), `BUREAU_DAYS_CREDIT_MEAN` = -1.77 (23.0x median), `BUREAU_BB_DPD_RATIO_MEAN` = 2.18 (12.2x median)","Deviasi fitur > 50x median klaster — kemungkinan kesalahan input/ETL (overflow, salah unit, atau sentinel value tidak ter-handle).",Data Engineering: tambahkan capping rule (Z-score>3 di tahap ingest) untuk mencegah kontaminasi model.
323177,cluster_1,Tipe B - Rare but Valid,"`REGION_RATING_CLIENT_W_CITY` = 1.92 (34.6x median), `AMT_CREDIT` = -1.06 (32.2x median), `BUREAU_COUNT` = 5.54 (20.3x median), `AMT_ANNUITY` = -1.18 (18.8x median), `BUREAU_ACTIVE_RATIO` = -0.58 (8.9x median)","Ekstrem secara statistik tapi koheren — kemungkinan tail-end legitimate customer (VHNW, kasus khusus).",Routing: alihkan ke divisi Wealth Management / Priority Banking untuk potensi cross-sell.
323183,cluster_4,Tipe A - Data Error,"`POS_MONTHS_COUNT` = 2.50 (65.8x median), `EXT_SOURCE_1` = -0.53 (40.3x median), `REGION_RATING_CLIENT_W_CITY` = 1.92 (34.6x median), `CREDIT_TERM_MONTHS` = 1.43 (32.3x median), `YEARS_EMPLOYED` = 3.22 (16.4x median)","Deviasi fitur > 50x median klaster — kemungkinan kesalahan input/ETL (overflow, salah unit, atau sentinel value tidak ter-handle).",Data Engineering: tambahkan capping rule (Z-score>3 di tahap ingest) untuk mencegah kontaminasi model.
324504,cluster_3,Tipe B - Rare but Valid,"`BUREAU_ACTIVE_RATIO` = 2.03 (35.5x median), `PREV_APPROVAL_RATE` = -0.69 (34.9x median), `REGION_RATING_CLIENT_W_CITY` = -2.04 (34.6x median), `POS_SK_DPD_MEAN` = 3.33 (16.4x median), `CREDIT_TERM_MONTHS` = -1.08 (13.3x median)","Ekstrem secara statistik tapi koheren — kemungkinan tail-end legitimate customer (VHNW, kasus khusus).",Routing: alihkan ke divisi Wealth Management / Priority Banking untuk potensi cross-sell.
324655,cluster_4,Tipe B - Rare but Valid,"`YEARS_BIRTH` = 1.32 (40.4x median), `INST_DPD_MAX` = 2.38 (23.9x median), `INST_SEVERE_LATE_RATIO` = 2.24 (14.3x median), `EXT_SOURCE_3` = -1.33 (12.9x median), `CC_SK_DPD_MEAN` = 0.52 (11.5x median)","Ekstrem secara statistik tapi koheren — kemungkinan tail-end legitimate customer (VHNW, kasus khusus).",Routing: alihkan ke divisi Wealth Management / Priority Banking untuk potensi cross-sell.
325251,cluster_3,Tipe B - Rare but Valid,"`PREV_APPROVAL_RATE` = 0.96 (46.5x median), `BUREAU_ACTIVE_RATIO` = 2.03 (35.5x median), `AMT_ANNUITY` = 1.17 (12.0x median), `CREDIT_TERM_MONTHS` = -0.78 (9.2x median), `EXT_SOURCE_3` = -0.88 (8.9x median)","Ekstrem secara statistik tapi koheren — kemungkinan tail-end legitimate customer (VHNW, kasus khusus).",Routing: alihkan ke divisi Wealth Management / Priority Banking untuk potensi cross-sell.
325348,cluster_3,Tipe B - Rare but Valid,"`PREV_APPROVAL_RATE` = -0.69 (34.9x median), `POS_SK_DPD_MEAN` = 5.92 (29.8x median), `AMT_ANNUITY` = -1.69 (19.9x median), `CREDIT_TERM_MONTHS` = -1.47 (18.5x median), `AMT_CREDIT` = -2.29 (15.6x median)","Ekstrem secara statistik tapi koheren — kemungkinan tail-end legitimate customer (VHNW, kasus khusus).",Routing: alihkan ke divisi Wealth Management / Priority Banking untuk potensi cross-sell.
325357,cluster_1,Tipe A - Data Error,"`EXT_SOURCE_1` = -1.51 (113.5x median), `AMT_CREDIT` = -1.78 (54.8x median), `REGION_RATING_CLIENT_W_CITY` = 1.92 (34.6x median), `BUREAU_COUNT` = 3.78 (13.5x median), `AMT_ANNUITY` = -0.77 (12.7x median)","Deviasi fitur > 50x median klaster — kemungkinan kesalahan input/ETL (overflow, salah unit, atau sentinel value tidak ter-handle).",Data Engineering: tambahkan capping rule (Z-score>3 di tahap ingest) untuk mencegah kontaminasi model.
325445,cluster_1,Tipe A - Data Error,"`EXT_SOURCE_1` = 1.72 (126.7x median), `AMT_CREDIT` = 1.41 (45.1x median), `REGION_RATING_CLIENT_W_CITY` = -2.04 (34.6x median), `AMT_ANNUITY` = 1.00 (14.1x median), `CC_UTILIZATION_MEAN` = 2.81 (7.9x median)","Deviasi fitur > 50x median klaster — kemungkinan kesalahan input/ETL (overflow, salah unit, atau sentinel value tidak ter-handle).",Data Engineering: tambahkan capping rule (Z-score>3 di tahap ingest) untuk mencegah kontaminasi model.
325615,cluster_1,Tipe A - Data Error,"`AMT_CREDIT` = -3.26 (101.4x median), `AMT_ANNUITY` = -2.73 (42.4x median), `EXT_SOURCE_1` = 0.50 (36.1x median), `BUREAU_COUNT` = 3.56 (12.7x median), `BUREAU_DEBT_TO_CREDIT_RATIO` = 0.54 (11.6x median)","Deviasi fitur > 50x median klaster — kemungkinan kesalahan input/ETL (overflow, salah unit, atau sentinel value tidak ter-handle).",Data Engineering: tambahkan capping rule (Z-score>3 di tahap ingest) untuk mencegah kontaminasi model.
325713,cluster_1,Tipe B - Rare but Valid,"`AMT_ANNUITY` = 2.04 (30.0x median), `AMT_CREDIT` = 0.59 (19.6x median), `YEARS_EMPLOYED` = 4.54 (15.2x median), `BUREAU_DAYS_CREDIT_MEAN` = -1.92 (9.8x median), `BUREAU_DEBT_TO_CREDIT_RATIO` = -0.51 (9.0x median)","Ekstrem secara statistik tapi koheren — kemungkinan tail-end legitimate customer (VHNW, kasus khusus).",Routing: alihkan ke divisi Wealth Management / Priority Banking untuk potensi cross-sell.
325888,cluster_1,Tipe A - Data Error,"`EXT_SOURCE_1` = -1.75 (131.0x median), `REGION_RATING_CLIENT_W_CITY` = -2.04 (34.6x median), `BUREAU_COUNT` = 4.00 (14.4x median), `EXT_SOURCE_3` = -2.48 (13.8x median), `INST_LATE_RATIO` = 1.66 (11.2x median)","Deviasi fitur > 50x median klaster — kemungkinan kesalahan input/ETL (overflow, salah unit, atau sentinel value tidak ter-handle).",Data Engineering: tambahkan capping rule (Z-score>3 di tahap ingest) untuk mencegah kontaminasi model.
327006,cluster_4,Tipe B - Rare but Valid,"`BUREAU_ACTIVE_RATIO` = 2.03 (35.5x median), `REGION_RATING_CLIENT_W_CITY` = 1.92 (34.6x median), `CREDIT_TERM_MONTHS` = -1.50 (31.9x median), `AMT_ANNUITY` = -2.64 (19.8x median), `YEARS_BIRTH` = -0.65 (18.3x median)","Ekstrem secara statistik tapi koheren — kemungkinan tail-end legitimate customer (VHNW, kasus khusus).",Routing: alihkan ke divisi Wealth Management / Priority Banking untuk potensi cross-sell.
327219,cluster_1,Tipe A - Data Error,"`EXT_SOURCE_1` = 1.51 (111.2x median), `BUREAU_ACTIVE_RATIO` = -1.11 (17.7x median), `BUREAU_DEBT_TO_CREDIT_RATIO` = -0.59 (10.5x median), `BUREAU_DAYS_CREDIT_MEAN` = 1.45 (9.2x median), `AMT_CREDIT` = -0.27 (7.6x median)","Deviasi fitur > 50x median klaster — kemungkinan kesalahan input/ETL (overflow, salah unit, atau sentinel value tidak ter-handle).",Data Engineering: tambahkan capping rule (Z-score>3 di tahap ingest) untuk mencegah kontaminasi model.
327262,cluster_0,Tipe B - Rare but Valid,"`REGION_RATING_CLIENT_W_CITY` = 1.92 (34.6x median), `EXT_SOURCE_2` = -2.00 (24.2x median), `BUREAU_BB_SEVERE_DPD_MEAN` = 0.61 (12.8x median), `BUREAU_ACTIVE_RATIO` = 0.46 (8.9x median), `YEARS_EMPLOYED` = 3.08 (8.3x median)","Ekstrem secara statistik tapi koheren — kemungkinan tail-end legitimate customer (VHNW, kasus khusus).",Routing: alihkan ke divisi Wealth Management / Priority Banking untuk potensi cross-sell.
328355,cluster_3,Tipe B - Rare but Valid,"`EXT_SOURCE_1` = 0.40 (28.8x median), `BUREAU_BB_SEVERE_DPD_MEAN` = 1.35 (27.3x median), `BUREAU_BB_DPD_RATIO_MEAN` = 3.45 (18.8x median), `EXT_SOURCE_3` = -1.71 (16.4x median), `CREDIT_TERM_MONTHS` = -1.08 (13.2x median)","Ekstrem secara statistik tapi koheren — kemungkinan tail-end legitimate customer (VHNW, kasus khusus).",Routing: alihkan ke divisi Wealth Management / Priority Banking untuk potensi cross-sell.
328531,cluster_0,Tipe A - Data Error,"`EXT_SOURCE_1` = 1.69 (124.8x median), `INST_SEVERE_LATE_RATIO` = 3.82 (23.7x median), `EXT_SOURCE_3` = 1.30 (10.7x median), `INST_DPD_MEAN` = 1.05 (10.3x median), `INST_DPD_MAX` = 1.27 (8.9x median)","Deviasi fitur > 50x median klaster — kemungkinan kesalahan input/ETL (overflow, salah unit, atau sentinel value tidak ter-handle).",Data Engineering: tambahkan capping rule (Z-score>3 di tahap ingest) untuk mencegah kontaminasi model.
329860,cluster_4,Tipe A - Data Error,"`POS_MONTHS_COUNT` = 2.82 (74.5x median), `CREDIT_TERM_MONTHS` = 1.26 (28.6x median), `BUREAU_ACTIVE_RATIO` = 1.25 (22.2x median), `YEARS_BIRTH` = 0.65 (20.4x median), `EXT_SOURCE_3` = -1.07 (10.6x median)","Deviasi fitur > 50x median klaster — kemungkinan kesalahan input/ETL (overflow, salah unit, atau sentinel value tidak ter-handle).",Data Engineering: tambahkan capping rule (Z-score>3 di tahap ingest) untuk mencegah kontaminasi model.
330291,cluster_4,Tipe A - Data Error,"`POS_MONTHS_COUNT` = 3.14 (83.1x median), `YEARS_BIRTH` = 1.74 (52.7x median), `CREDIT_TERM_MONTHS` = 0.69 (16.1x median), `BUREAU_COUNT` = 2.24 (13.4x median), `AMT_INCOME_TOTAL` = 1.40 (11.9x median)","Deviasi fitur > 50x median klaster — kemungkinan kesalahan input/ETL (overflow, salah unit, atau sentinel value tidak ter-handle).",Data Engineering: tambahkan capping rule (Z-score>3 di tahap ingest) untuk mencegah kontaminasi model.
330474,cluster_3,Tipe A - Data Error,"`EXT_SOURCE_1` = -0.73 (55.5x median), `PREV_APPROVAL_RATE` = 0.96 (46.5x median), `POS_SK_DPD_MEAN` = 7.91 (40.2x median), `BUREAU_BB_SEVERE_DPD_MEAN` = 1.55 (31.3x median), `CREDIT_TERM_MONTHS` = -1.48 (18.5x median)","Deviasi fitur > 50x median klaster — kemungkinan kesalahan input/ETL (overflow, salah unit, atau sentinel value tidak ter-handle).",Data Engineering: tambahkan capping rule (Z-score>3 di tahap ingest) untuk mencegah kontaminasi model.
330687,cluster_4,Tipe B - Rare but Valid,"`BUREAU_ACTIVE_RATIO` = 2.03 (35.5x median), `CREDIT_TERM_MONTHS` = -1.09 (22.8x median), `POS_MONTHS_COUNT` = -0.77 (21.6x median), `BUREAU_DEBT_TO_CREDIT_RATIO` = 1.76 (20.1x median), `YEARS_BIRTH` = -0.62 (17.5x median)","Ekstrem secara statistik tapi koheren — kemungkinan tail-end legitimate customer (VHNW, kasus khusus).",Routing: alihkan ke divisi Wealth Management / Priority Banking untuk potensi cross-sell.
330750,cluster_3,Tipe A - Data Error,"`EXT_SOURCE_1` = -1.08 (81.0x median), `PREV_APPROVAL_RATE` = 0.96 (46.5x median), `BUREAU_ACTIVE_RATIO` = 0.99 (17.7x median), `CREDIT_TERM_MONTHS` = -1.08 (13.3x median), `YEARS_BIRTH` = -1.12 (9.6x median)","Deviasi fitur > 50x median klaster — kemungkinan kesalahan input/ETL (overflow, salah unit, atau sentinel value tidak ter-handle).",Data Engineering: tambahkan capping rule (Z-score>3 di tahap ingest) untuk mencegah kontaminasi model.
331428,cluster_4,Tipe B - Rare but Valid,"`POS_MONTHS_COUNT` = -0.85 (23.7x median), `CREDIT_TERM_MONTHS` = -1.08 (22.7x median), `YEARS_EMPLOYED` = 3.87 (19.5x median), `EXT_SOURCE_3` = -1.85 (17.6x median), `YEARS_BIRTH` = 0.56 (17.6x median)","Ekstrem secara statistik tapi koheren — kemungkinan tail-end legitimate customer (VHNW, kasus khusus).",Routing: alihkan ke divisi Wealth Management / Priority Banking untuk potensi cross-sell.
331509,cluster_4,Tipe A - Data Error,"`EXT_SOURCE_1` = -3.03 (226.2x median), `POS_MONTHS_COUNT` = 1.61 (42.1x median), `REGION_RATING_CLIENT_W_CITY` = 1.92 (34.6x median), `BUREAU_COUNT` = 4.88 (28.1x median), `AMT_INCOME_TOTAL` = 1.56 (13.3x median)","Deviasi fitur > 50x median klaster — kemungkinan kesalahan input/ETL (overflow, salah unit, atau sentinel value tidak ter-handle).",Data Engineering: tambahkan capping rule (Z-score>3 di tahap ingest) untuk mencegah kontaminasi model.
331545,cluster_4,Tipe A - Data Error,"`EXT_SOURCE_1` = 1.34 (98.4x median), `CC_SK_DPD_MEAN` = 4.81 (97.5x median), `INST_DPD_MAX` = 7.53 (73.4x median), `YEARS_BIRTH` = 1.38 (42.0x median), `POS_MONTHS_COUNT` = 0.72 (18.4x median)","Deviasi fitur > 50x median klaster — kemungkinan kesalahan input/ETL (overflow, salah unit, atau sentinel value tidak ter-handle).",Data Engineering: tambahkan capping rule (Z-score>3 di tahap ingest) untuk mencegah kontaminasi model.
331597,cluster_4,Tipe A - Data Error,"`POS_SK_DPD_MEAN` = 14.54 (208.8x median), `EXT_SOURCE_1` = 1.84 (135.4x median), `POS_MONTHS_COUNT` = 3.31 (87.4x median), `BUREAU_ACTIVE_RATIO` = 0.78 (14.2x median), `EXT_SOURCE_3` = -0.99 (9.9x median)","Deviasi fitur > 50x median klaster — kemungkinan kesalahan input/ETL (overflow, salah unit, atau sentinel value tidak ter-handle).",Data Engineering: tambahkan capping rule (Z-score>3 di tahap ingest) untuk mencegah kontaminasi model.
331852,cluster_4,Tipe A - Data Error,"`EXT_SOURCE_1` = -1.05 (78.9x median), `YEARS_BIRTH` = -1.21 (35.1x median), `REGION_RATING_CLIENT_W_CITY` = 1.92 (34.6x median), `POS_MONTHS_COUNT` = -1.05 (29.1x median), `BUREAU_COUNT` = 4.22 (24.5x median)","Deviasi fitur > 50x median klaster — kemungkinan kesalahan input/ETL (overflow, salah unit, atau sentinel value tidak ter-handle).",Data Engineering: tambahkan capping rule (Z-score>3 di tahap ingest) untuk mencegah kontaminasi model.
331903,cluster_4,Tipe B - Rare but Valid,"`EXT_SOURCE_1` = 0.54 (39.2x median), `REGION_RATING_CLIENT_W_CITY` = -2.04 (34.6x median), `EXT_SOURCE_3` = -2.68 (25.0x median), `YEARS_BIRTH` = 0.65 (20.5x median), `BUREAU_ACTIVE_RATIO` = 0.99 (17.7x median)","Ekstrem secara statistik tapi koheren — kemungkinan tail-end legitimate customer (VHNW, kasus khusus).",Routing: alihkan ke divisi Wealth Management / Priority Banking untuk potensi cross-sell.
332061,cluster_4,Tipe B - Rare but Valid,"`REGION_RATING_CLIENT_W_CITY` = -2.04 (34.6x median), `YEARS_BIRTH` = -1.02 (29.3x median), `POS_MONTHS_COUNT` = -0.89 (24.8x median), `BUREAU_DAYS_CREDIT_MEAN` = 1.45 (20.7x median), `AMT_INCOME_TOTAL` = 2.31 (20.1x median)","Ekstrem secara statistik tapi koheren — kemungkinan tail-end legitimate customer (VHNW, kasus khusus).",Routing: alihkan ke divisi Wealth Management / Priority Banking untuk potensi cross-sell.
332112,cluster_3,Tipe A - Data Error,"`CC_SK_DPD_MEAN` = 12.77 (257.4x median), `PREV_APPROVAL_RATE` = 0.96 (46.5x median), `BUREAU_ACTIVE_RATIO` = -1.11 (17.7x median), `CC_MONTHS_COUNT` = 3.37 (8.7x median), `CREDIT_TERM_MONTHS` = -0.70 (8.2x median)","Deviasi fitur > 50x median klaster — kemungkinan kesalahan input/ETL (overflow, salah unit, atau sentinel value tidak ter-handle).",Data Engineering: tambahkan capping rule (Z-score>3 di tahap ingest) untuk mencegah kontaminasi model.
332538,cluster_1,Tipe A - Data Error,"`AMT_CREDIT` = -1.73 (53.2x median), `AMT_ANNUITY` = -2.30 (35.9x median), `YEARS_EMPLOYED` = 4.33 (14.5x median), `INST_PAYMENT_RATIO_MEAN` = 0.09 (9.3x median), `AMT_INCOME_TOTAL` = 2.47 (7.8x median)","Deviasi fitur > 50x median klaster — kemungkinan kesalahan input/ETL (overflow, salah unit, atau sentinel value tidak ter-handle).",Data Engineering: tambahkan capping rule (Z-score>3 di tahap ingest) untuk mencegah kontaminasi model.
332810,cluster_4,Tipe B - Rare but Valid,"`YEARS_BIRTH` = -1.14 (32.8x median), `CREDIT_TERM_MONTHS` = -1.48 (31.4x median), `BUREAU_DAYS_CREDIT_MEAN` = 1.45 (20.7x median), `POS_MONTHS_COUNT` = -0.69 (19.4x median), `BUREAU_ACTIVE_RATIO` = -1.11 (17.7x median)","Ekstrem secara statistik tapi koheren — kemungkinan tail-end legitimate customer (VHNW, kasus khusus).",Routing: alihkan ke divisi Wealth Management / Priority Banking untuk potensi cross-sell.
332851,cluster_1,Tipe A - Data Error,"`CC_SK_DPD_MEAN` = 3.96 (80.6x median), `EXT_SOURCE_1` = 0.88 (64.2x median), `AMT_CREDIT` = 2.00 (63.7x median), `AMT_ANNUITY` = 2.73 (40.4x median), `REGION_RATING_CLIENT_W_CITY` = -2.04 (34.6x median)","Deviasi fitur > 50x median klaster — kemungkinan kesalahan input/ETL (overflow, salah unit, atau sentinel value tidak ter-handle).",Data Engineering: tambahkan capping rule (Z-score>3 di tahap ingest) untuk mencegah kontaminasi model.
333133,cluster_2,Tipe B - Rare but Valid,"`INST_SEVERE_LATE_RATIO` = 3.74 (23.2x median), `BUREAU_ACTIVE_RATIO` = 2.03 (13.4x median), `BUREAU_DAYS_CREDIT_MEAN` = 1.11 (9.0x median), `EXT_SOURCE_2` = -2.57 (7.1x median), `BUREAU_DEBT_TO_CREDIT_RATIO` = 1.80 (5.5x median)","Ekstrem secara statistik tapi koheren — kemungkinan tail-end legitimate customer (VHNW, kasus khusus).",Routing: alihkan ke divisi Wealth Management / Priority Banking untuk potensi cross-sell.
333206,cluster_4,Tipe A - Data Error,"`EXT_SOURCE_1` = 1.41 (103.4x median), `CC_SK_DPD_MEAN` = 2.91 (59.4x median), `INST_DPD_MAX` = 5.32 (52.1x median), `POS_MONTHS_COUNT` = 1.21 (31.3x median), `CREDIT_TERM_MONTHS` = 0.50 (12.0x median)","Deviasi fitur > 50x median klaster — kemungkinan kesalahan input/ETL (overflow, salah unit, atau sentinel value tidak ter-handle).",Data Engineering: tambahkan capping rule (Z-score>3 di tahap ingest) untuk mencegah kontaminasi model.
333500,cluster_4,Tipe A - Data Error,"`EXT_SOURCE_1` = 1.36 (99.8x median), `REGION_RATING_CLIENT_W_CITY` = 1.92 (34.6x median), `POS_MONTHS_COUNT` = -1.01 (28.1x median), `BUREAU_DEBT_TO_CREDIT_RATIO` = 1.29 (15.0x median), `YEARS_EMPLOYED` = 2.44 (12.7x median)","Deviasi fitur > 50x median klaster — kemungkinan kesalahan input/ETL (overflow, salah unit, atau sentinel value tidak ter-handle).",Data Engineering: tambahkan capping rule (Z-score>3 di tahap ingest) untuk mencegah kontaminasi model.
333628,cluster_3,Tipe A - Data Error,"`CC_SK_DPD_MEAN` = 9.29 (187.6x median), `PREV_APPROVAL_RATE` = -1.79 (89.1x median), `EXT_SOURCE_1` = 0.85 (62.2x median), `REGION_RATING_CLIENT_W_CITY` = 1.92 (34.6x median), `BUREAU_ACTIVE_RATIO` = 0.99 (17.7x median)","Deviasi fitur > 50x median klaster — kemungkinan kesalahan input/ETL (overflow, salah unit, atau sentinel value tidak ter-handle).",Data Engineering: tambahkan capping rule (Z-score>3 di tahap ingest) untuk mencegah kontaminasi model.
334187,cluster_4,Tipe B - Rare but Valid,"`YEARS_BIRTH` = 1.17 (36.0x median), `BUREAU_DAYS_CREDIT_MEAN` = 1.18 (17.0x median), `EXT_SOURCE_1` = -0.20 (15.8x median), `PREV_REFUSED_COUNT` = 5.67 (13.5x median), `PREV_COUNT` = 4.31 (13.0x median)","Ekstrem secara statistik tapi koheren — kemungkinan tail-end legitimate customer (VHNW, kasus khusus).",Routing: alihkan ke divisi Wealth Management / Priority Banking untuk potensi cross-sell.
334590,cluster_4,Tipe A - Data Error,"`POS_MONTHS_COUNT` = 3.18 (84.2x median), `YEARS_BIRTH` = 1.59 (48.3x median), `CREDIT_TERM_MONTHS` = -1.06 (22.2x median), `AMT_ANNUITY` = -1.70 (13.1x median), `BUREAU_COUNT` = 2.02 (12.2x median)","Deviasi fitur > 50x median klaster — kemungkinan kesalahan input/ETL (overflow, salah unit, atau sentinel value tidak ter-handle).",Data Engineering: tambahkan capping rule (Z-score>3 di tahap ingest) untuk mencegah kontaminasi model.
334869,cluster_3,Tipe A - Data Error,"`EXT_SOURCE_1` = -1.15 (86.4x median), `PREV_APPROVAL_RATE` = 0.96 (46.5x median), `REGION_RATING_CLIENT_W_CITY` = -2.04 (34.6x median), `POS_SK_DPD_MEAN` = 6.76 (34.3x median), `CREDIT_TERM_MONTHS` = 0.69 (10.2x median)","Deviasi fitur > 50x median klaster — kemungkinan kesalahan input/ETL (overflow, salah unit, atau sentinel value tidak ter-handle).",Data Engineering: tambahkan capping rule (Z-score>3 di tahap ingest) untuk mencegah kontaminasi model.
335092,cluster_3,Tipe A - Data Error,"`EXT_SOURCE_1` = -1.35 (101.4x median), `POS_SK_DPD_MEAN` = 4.69 (23.4x median), `CREDIT_TERM_MONTHS` = -1.57 (19.6x median), `PREV_APPROVAL_RATE` = -0.36 (18.6x median), `AMT_ANNUITY` = 1.56 (16.4x median)","Deviasi fitur > 50x median klaster — kemungkinan kesalahan input/ETL (overflow, salah unit, atau sentinel value tidak ter-handle).",Data Engineering: tambahkan capping rule (Z-score>3 di tahap ingest) untuk mencegah kontaminasi model.
335192,cluster_3,Tipe A - Data Error,"`CC_SK_DPD_MEAN` = 20.84 (419.6x median), `PREV_APPROVAL_RATE` = -0.69 (34.9x median), `AMT_ANNUITY` = -1.39 (16.6x median), `EXT_SOURCE_3` = -1.69 (16.1x median), `ANNUITY_TO_INCOME` = -1.05 (10.3x median)","Deviasi fitur > 50x median klaster — kemungkinan kesalahan input/ETL (overflow, salah unit, atau sentinel value tidak ter-handle).",Data Engineering: tambahkan capping rule (Z-score>3 di tahap ingest) untuk mencegah kontaminasi model.
335419,cluster_2,Tipe A - Data Error,"`EXT_SOURCE_1` = 1.00 (73.5x median), `REGION_RATING_CLIENT_W_CITY` = 1.92 (34.6x median), `YEARS_BIRTH` = -0.68 (9.8x median), `ANNUITY_TO_INCOME` = 3.92 (8.9x median), `CREDIT_TO_INCOME` = 5.28 (8.8x median)","Deviasi fitur > 50x median klaster — kemungkinan kesalahan input/ETL (overflow, salah unit, atau sentinel value tidak ter-handle).",Data Engineering: tambahkan capping rule (Z-score>3 di tahap ingest) untuk mencegah kontaminasi model.
336014,cluster_4,Tipe A - Data Error,"`EXT_SOURCE_1` = 1.74 (128.3x median), `YEARS_BIRTH` = 1.58 (48.1x median), `POS_MONTHS_COUNT` = 1.73 (45.3x median), `AMT_REQ_CREDIT_BUREAU_YEAR` = -1.03 (9.3x median), `BUREAU_BB_DPD_RATIO_MEAN` = 1.58 (9.1x median)","Deviasi fitur > 50x median klaster — kemungkinan kesalahan input/ETL (overflow, salah unit, atau sentinel value tidak ter-handle).",Data Engineering: tambahkan capping rule (Z-score>3 di tahap ingest) untuk mencegah kontaminasi model.
336262,cluster_4,Tipe A - Data Error,"`EXT_SOURCE_1` = 0.74 (53.8x median), `CREDIT_TERM_MONTHS` = -1.44 (30.6x median), `OWN_CAR_AGE` = 6.79 (15.9x median), `BUREAU_DAYS_CREDIT_MEAN` = -0.95 (11.9x median), `AMT_REQ_CREDIT_BUREAU_YEAR` = -1.03 (9.3x median)","Deviasi fitur > 50x median klaster — kemungkinan kesalahan input/ETL (overflow, salah unit, atau sentinel value tidak ter-handle).",Data Engineering: tambahkan capping rule (Z-score>3 di tahap ingest) untuk mencegah kontaminasi model.
336525,cluster_3,Tipe A - Data Error,"`PREV_APPROVAL_RATE` = -2.34 (116.2x median), `POS_SK_DPD_MEAN` = 15.09 (77.7x median), `CREDIT_TERM_MONTHS` = -1.48 (18.5x median), `BUREAU_ACTIVE_RATIO` = -1.11 (17.7x median), `BUREAU_DAYS_CREDIT_MEAN` = 1.45 (10.1x median)","Deviasi fitur > 50x median klaster — kemungkinan kesalahan input/ETL (overflow, salah unit, atau sentinel value tidak ter-handle).",Data Engineering: tambahkan capping rule (Z-score>3 di tahap ingest) untuk mencegah kontaminasi model.
336665,cluster_2,Tipe C - Risk Signal,"`INST_SEVERE_LATE_RATIO` = 4.08 (25.3x median), `INST_DPD_MEAN` = 1.99 (18.5x median), `AMT_INCOME_TOTAL` = -1.66 (16.2x median), `INST_DPD_MAX` = 2.41 (16.0x median), `BUREAU_ACTIVE_RATIO` = 2.03 (13.4x median)","Kombinasi finansial kontradiktif (mis. rasio cicilan/pendapatan ekstrem, income rendah + credit besar, atau skor eksternal tinggi di cluster bermasalah).","Underwriting: matikan auto-approve, wajibkan manual review oleh underwriter senior + verifikasi pendapatan fisik."
337004,cluster_1,Tipe A - Data Error,"`EXT_SOURCE_1` = -0.89 (67.0x median), `BUREAU_DEBT_TO_CREDIT_RATIO` = 0.60 (12.7x median), `AMT_ANNUITY` = 0.77 (10.7x median), `ANNUITY_TO_INCOME` = 2.36 (7.0x median), `YEARS_BIRTH` = -1.10 (5.4x median)","Deviasi fitur > 50x median klaster — kemungkinan kesalahan input/ETL (overflow, salah unit, atau sentinel value tidak ter-handle).",Data Engineering: tambahkan capping rule (Z-score>3 di tahap ingest) untuk mencegah kontaminasi model.
337296,cluster_2,Tipe A - Data Error,"`EXT_SOURCE_1` = 2.27 (167.5x median), `REGION_RATING_CLIENT_W_CITY` = 1.92 (34.6x median), `ANNUITY_TO_INCOME` = 6.28 (14.8x median), `YEARS_EMPLOYED` = 2.92 (13.8x median), `YEARS_BIRTH` = 0.78 (9.1x median)","Deviasi fitur > 50x median klaster — kemungkinan kesalahan input/ETL (overflow, salah unit, atau sentinel value tidak ter-handle).",Data Engineering: tambahkan capping rule (Z-score>3 di tahap ingest) untuk mencegah kontaminasi model.
337319,cluster_4,Tipe B - Rare but Valid,"`YEARS_BIRTH` = -1.56 (45.5x median), `EXT_SOURCE_1` = -0.49 (37.7x median), `BUREAU_ACTIVE_RATIO` = 2.03 (35.5x median), `POS_MONTHS_COUNT` = -1.05 (29.1x median), `CREDIT_TERM_MONTHS` = 1.27 (28.7x median)","Ekstrem secara statistik tapi koheren — kemungkinan tail-end legitimate customer (VHNW, kasus khusus).",Routing: alihkan ke divisi Wealth Management / Priority Banking untuk potensi cross-sell.
337340,cluster_4,Tipe B - Rare but Valid,"`BUREAU_BB_SEVERE_DPD_MEAN` = 2.09 (41.8x median), `BUREAU_DAYS_CREDIT_MEAN` = -1.64 (21.2x median), `BUREAU_ACTIVE_RATIO` = -1.11 (17.7x median), `YEARS_BIRTH` = -0.55 (15.5x median), `AMT_ANNUITY` = 1.91 (12.6x median)","Ekstrem secara statistik tapi koheren — kemungkinan tail-end legitimate customer (VHNW, kasus khusus).",Routing: alihkan ke divisi Wealth Management / Priority Banking untuk potensi cross-sell.
337479,cluster_4,Tipe A - Data Error,"`EXT_SOURCE_1` = -1.36 (102.4x median), `POS_MONTHS_COUNT` = 2.54 (66.9x median), `REGION_RATING_CLIENT_W_CITY` = -2.04 (34.6x median), `CREDIT_TERM_MONTHS` = 1.04 (23.7x median), `AMT_INCOME_TOTAL` = 1.84 (15.8x median)","Deviasi fitur > 50x median klaster — kemungkinan kesalahan input/ETL (overflow, salah unit, atau sentinel value tidak ter-handle).",Data Engineering: tambahkan capping rule (Z-score>3 di tahap ingest) untuk mencegah kontaminasi model.
337553,cluster_2,Tipe A - Data Error,"`EXT_SOURCE_1` = 2.44 (180.1x median), `AMT_INCOME_TOTAL` = 2.47 (21.6x median), `YEARS_EMPLOYED` = 4.42 (20.4x median), `EXT_SOURCE_3` = -1.85 (17.7x median), `BUREAU_ACTIVE_RATIO` = 2.03 (13.4x median)","Deviasi fitur > 50x median klaster — kemungkinan kesalahan input/ETL (overflow, salah unit, atau sentinel value tidak ter-handle).",Data Engineering: tambahkan capping rule (Z-score>3 di tahap ingest) untuk mencegah kontaminasi model.
338148,cluster_4,Tipe B - Rare but Valid,"`POS_MONTHS_COUNT` = 1.01 (25.9x median), `YEARS_BIRTH` = 0.81 (25.1x median), `AMT_REQ_CREDIT_BUREAU_YEAR` = 1.85 (13.9x median), `BUREAU_DEBT_TO_CREDIT_RATIO` = 0.87 (10.4x median), `AMT_INCOME_TOTAL` = 1.24 (10.3x median)","Ekstrem secara statistik tapi koheren — kemungkinan tail-end legitimate customer (VHNW, kasus khusus).",Routing: alihkan ke divisi Wealth Management / Priority Banking untuk potensi cross-sell.
338377,cluster_1,Tipe A - Data Error,"`EXT_SOURCE_1` = 0.69 (50.4x median), `AMT_CREDIT` = 1.16 (37.4x median), `INST_SEVERE_LATE_RATIO` = 4.39 (27.1x median), `INST_LATE_RATIO` = 3.80 (24.5x median), `INST_DPD_MEAN` = 1.35 (15.4x median)","Deviasi fitur > 50x median klaster — kemungkinan kesalahan input/ETL (overflow, salah unit, atau sentinel value tidak ter-handle).",Data Engineering: tambahkan capping rule (Z-score>3 di tahap ingest) untuk mencegah kontaminasi model.
338535,cluster_4,Tipe A - Data Error,"`EXT_SOURCE_1` = -2.51 (187.8x median), `YEARS_BIRTH` = -1.55 (45.2x median), `REGION_RATING_CLIENT_W_CITY` = -2.04 (34.6x median), `CREDIT_TERM_MONTHS` = -1.47 (31.3x median), `POS_MONTHS_COUNT` = -0.53 (15.1x median)","Deviasi fitur > 50x median klaster — kemungkinan kesalahan input/ETL (overflow, salah unit, atau sentinel value tidak ter-handle).",Data Engineering: tambahkan capping rule (Z-score>3 di tahap ingest) untuk mencegah kontaminasi model.
338553,cluster_1,Tipe B - Rare but Valid,"`AMT_CREDIT` = -0.76 (22.8x median), `BUREAU_ACTIVE_RATIO` = -1.11 (17.7x median), `BUREAU_DEBT_TO_CREDIT_RATIO` = -0.59 (10.5x median), `AMT_ANNUITY` = -0.39 (7.0x median), `PREV_REFUSED_COUNT` = 5.12 (6.8x median)","Ekstrem secara statistik tapi koheren — kemungkinan tail-end legitimate customer (VHNW, kasus khusus).",Routing: alihkan ke divisi Wealth Management / Priority Banking untuk potensi cross-sell.
338649,cluster_4,Tipe B - Rare but Valid,"`BUREAU_ACTIVE_RATIO` = 2.03 (35.5x median), `YEARS_BIRTH` = 0.99 (30.6x median), `POS_MONTHS_COUNT` = 0.84 (21.6x median), `CREDIT_TERM_MONTHS` = -0.95 (19.7x median), `AMT_INCOME_TOTAL` = -1.00 (10.2x median)","Ekstrem secara statistik tapi koheren — kemungkinan tail-end legitimate customer (VHNW, kasus khusus).",Routing: alihkan ke divisi Wealth Management / Priority Banking untuk potensi cross-sell.
339745,cluster_2,Tipe A - Data Error,"`EXT_SOURCE_1` = 1.30 (95.5x median), `REGION_RATING_CLIENT_W_CITY` = -2.04 (34.6x median), `YEARS_EMPLOYED` = 4.15 (19.2x median), `YEARS_BIRTH` = 1.14 (13.8x median), `AMT_INCOME_TOTAL` = 1.24 (10.3x median)","Deviasi fitur > 50x median klaster — kemungkinan kesalahan input/ETL (overflow, salah unit, atau sentinel value tidak ter-handle).",Data Engineering: tambahkan capping rule (Z-score>3 di tahap ingest) untuk mencegah kontaminasi model.
341227,cluster_3,Tipe A - Data Error,"`POS_SK_DPD_MEAN` = 20.10 (103.8x median), `PREV_APPROVAL_RATE` = 0.96 (46.5x median), `EXT_SOURCE_1` = -0.49 (37.2x median), `CREDIT_TERM_MONTHS` = -1.51 (18.9x median), `BUREAU_ACTIVE_RATIO` = -1.11 (17.7x median)","Deviasi fitur > 50x median klaster — kemungkinan kesalahan input/ETL (overflow, salah unit, atau sentinel value tidak ter-handle).",Data Engineering: tambahkan capping rule (Z-score>3 di tahap ingest) untuk mencegah kontaminasi model.
341611,cluster_4,Tipe A - Data Error,"`EXT_SOURCE_1` = 2.01 (148.2x median), `POS_MONTHS_COUNT` = 2.18 (57.2x median), `EXT_SOURCE_3` = -2.12 (20.1x median), `BUREAU_DEBT_TO_CREDIT_RATIO` = 1.71 (19.5x median), `BUREAU_ACTIVE_RATIO` = 0.99 (17.7x median)","Deviasi fitur > 50x median klaster — kemungkinan kesalahan input/ETL (overflow, salah unit, atau sentinel value tidak ter-handle).",Data Engineering: tambahkan capping rule (Z-score>3 di tahap ingest) untuk mencegah kontaminasi model.
341792,cluster_4,Tipe A - Data Error,"`EXT_SOURCE_1` = -1.39 (104.2x median), `BUREAU_BB_SEVERE_DPD_MEAN` = 3.82 (75.5x median), `CREDIT_TERM_MONTHS` = 1.28 (29.1x median), `BUREAU_ACTIVE_RATIO` = -1.11 (17.7x median), `POS_MONTHS_COUNT` = -0.53 (15.1x median)","Deviasi fitur > 50x median klaster — kemungkinan kesalahan input/ETL (overflow, salah unit, atau sentinel value tidak ter-handle).",Data Engineering: tambahkan capping rule (Z-score>3 di tahap ingest) untuk mencegah kontaminasi model.
342037,cluster_1,Tipe B - Rare but Valid,"`PREV_REFUSED_COUNT` = 18.49 (27.0x median), `BUREAU_ACTIVE_RATIO` = -1.11 (17.7x median), `CC_AMT_BALANCE_MEAN` = 3.11 (11.1x median), `CC_UTILIZATION_MEAN` = 4.02 (10.9x median), `BUREAU_DEBT_TO_CREDIT_RATIO` = -0.59 (10.5x median)","Ekstrem secara statistik tapi koheren — kemungkinan tail-end legitimate customer (VHNW, kasus khusus).",Routing: alihkan ke divisi Wealth Management / Priority Banking untuk potensi cross-sell.
342201,cluster_4,Tipe B - Rare but Valid,"`YEARS_BIRTH` = 1.29 (39.3x median), `REGION_RATING_CLIENT_W_CITY` = 1.92 (34.6x median), `AMT_REQ_CREDIT_BUREAU_YEAR` = 3.58 (27.8x median), `BUREAU_DAYS_CREDIT_MEAN` = -1.36 (17.5x median), `POS_MONTHS_COUNT` = 0.64 (16.2x median)","Ekstrem secara statistik tapi koheren — kemungkinan tail-end legitimate customer (VHNW, kasus khusus).",Routing: alihkan ke divisi Wealth Management / Priority Banking untuk potensi cross-sell.
342262,cluster_0,Tipe B - Rare but Valid,"`REGION_RATING_CLIENT_W_CITY` = -2.04 (34.6x median), `AMT_INCOME_TOTAL` = 2.47 (12.6x median), `EXT_SOURCE_2` = 1.00 (10.6x median), `BUREAU_ACTIVE_RATIO` = 0.46 (8.9x median), `CC_MONTHS_COUNT` = 3.33 (8.6x median)","Ekstrem secara statistik tapi koheren — kemungkinan tail-end legitimate customer (VHNW, kasus khusus).",Routing: alihkan ke divisi Wealth Management / Priority Banking untuk potensi cross-sell.
342874,cluster_1,Tipe A - Data Error,"`CC_SK_DPD_MEAN` = 6.50 (131.6x median), `EXT_SOURCE_1` = 1.72 (127.1x median), `BUREAU_DEBT_TO_CREDIT_RATIO` = 1.37 (27.9x median), `BUREAU_ACTIVE_RATIO` = 0.99 (17.7x median), `CC_MONTHS_COUNT` = 3.45 (8.9x median)","Deviasi fitur > 50x median klaster — kemungkinan kesalahan input/ETL (overflow, salah unit, atau sentinel value tidak ter-handle).",Data Engineering: tambahkan capping rule (Z-score>3 di tahap ingest) untuk mencegah kontaminasi model.
343018,cluster_3,Tipe B - Rare but Valid,"`BUREAU_BB_SEVERE_DPD_MEAN` = 1.37 (27.7x median), `CREDIT_TERM_MONTHS` = -1.08 (13.3x median), `BUREAU_DAYS_CREDIT_MEAN` = -2.18 (12.6x median), `BUREAU_BB_DPD_RATIO_MEAN` = 2.02 (11.4x median), `ANNUITY_TO_INCOME` = 0.85 (10.1x median)","Ekstrem secara statistik tapi koheren — kemungkinan tail-end legitimate customer (VHNW, kasus khusus).",Routing: alihkan ke divisi Wealth Management / Priority Banking untuk potensi cross-sell.
343116,cluster_1,Tipe A - Data Error,"`BUREAU_BB_SEVERE_DPD_MEAN` = 23.24 (454.7x median), `INST_PAYMENT_RATIO_MEAN` = 1.32 (125.0x median), `BUREAU_BB_DPD_RATIO_MEAN` = 12.25 (64.0x median), `AMT_ANNUITY` = 1.51 (21.9x median), `AMT_CREDIT` = 0.66 (21.7x median)","Deviasi fitur > 50x median klaster — kemungkinan kesalahan input/ETL (overflow, salah unit, atau sentinel value tidak ter-handle).",Data Engineering: tambahkan capping rule (Z-score>3 di tahap ingest) untuk mencegah kontaminasi model.
343509,cluster_4,Tipe A - Data Error,"`POS_MONTHS_COUNT` = 4.03 (106.9x median), `BUREAU_ACTIVE_RATIO` = 2.03 (35.5x median), `REGION_RATING_CLIENT_W_CITY` = -2.04 (34.6x median), `YEARS_BIRTH` = 1.07 (33.0x median), `BUREAU_DEBT_TO_CREDIT_RATIO` = 1.22 (14.2x median)","Deviasi fitur > 50x median klaster — kemungkinan kesalahan input/ETL (overflow, salah unit, atau sentinel value tidak ter-handle).",Data Engineering: tambahkan capping rule (Z-score>3 di tahap ingest) untuk mencegah kontaminasi model.
343832,cluster_2,Tipe B - Rare but Valid,"`REGION_RATING_CLIENT_W_CITY` = 1.92 (34.6x median), `AMT_INCOME_TOTAL` = 1.84 (15.8x median), `BUREAU_DAYS_CREDIT_MEAN` = -2.17 (14.8x median), `EXT_SOURCE_1` = -0.07 (6.6x median), `INST_LATE_RATIO` = 3.25 (6.2x median)","Ekstrem secara statistik tapi koheren — kemungkinan tail-end legitimate customer (VHNW, kasus khusus).",Routing: alihkan ke divisi Wealth Management / Priority Banking untuk potensi cross-sell.
343979,cluster_4,Tipe B - Rare but Valid,"`POS_MONTHS_COUNT` = 1.45 (37.8x median), `CREDIT_TERM_MONTHS` = -1.62 (34.5x median), `EXT_SOURCE_1` = -0.17 (14.0x median), `YEARS_BIRTH` = 0.25 (8.5x median), `ANNUITY_TO_INCOME` = 1.86 (7.9x median)","Ekstrem secara statistik tapi koheren — kemungkinan tail-end legitimate customer (VHNW, kasus khusus).",Routing: alihkan ke divisi Wealth Management / Priority Banking untuk potensi cross-sell.
344095,cluster_4,Tipe A - Data Error,"`EXT_SOURCE_1` = -2.57 (191.7x median), `INST_DPD_MAX` = 7.33 (71.4x median), `POS_MONTHS_COUNT` = 1.45 (37.8x median), `REGION_RATING_CLIENT_W_CITY` = 1.92 (34.6x median), `EXT_SOURCE_3` = -2.19 (20.7x median)","Deviasi fitur > 50x median klaster — kemungkinan kesalahan input/ETL (overflow, salah unit, atau sentinel value tidak ter-handle).",Data Engineering: tambahkan capping rule (Z-score>3 di tahap ingest) untuk mencegah kontaminasi model.
344096,cluster_2,Tipe B - Rare but Valid,"`EXT_SOURCE_1` = 0.56 (40.8x median), `INST_SEVERE_LATE_RATIO` = 4.08 (25.3x median), `AMT_INCOME_TOTAL` = 1.84 (15.8x median), `YEARS_EMPLOYED` = 1.82 (9.0x median), `EXT_SOURCE_3` = 0.69 (5.2x median)","Ekstrem secara statistik tapi koheren — kemungkinan tail-end legitimate customer (VHNW, kasus khusus).",Routing: alihkan ke divisi Wealth Management / Priority Banking untuk potensi cross-sell.
344216,cluster_0,Tipe A - Data Error,"`EXT_SOURCE_1` = -1.73 (129.4x median), `BUREAU_ACTIVE_RATIO` = 0.99 (17.7x median), `OWN_CAR_AGE` = 3.67 (9.1x median), `EXT_SOURCE_3` = 1.12 (9.1x median), `BUREAU_DEBT_TO_CREDIT_RATIO` = 1.14 (3.9x median)","Deviasi fitur > 50x median klaster — kemungkinan kesalahan input/ETL (overflow, salah unit, atau sentinel value tidak ter-handle).",Data Engineering: tambahkan capping rule (Z-score>3 di tahap ingest) untuk mencegah kontaminasi model.
344845,cluster_0,Tipe B - Rare but Valid,"`EXT_SOURCE_1` = 0.27 (19.0x median), `BUREAU_ACTIVE_RATIO` = -1.11 (17.7x median), `EXT_SOURCE_2` = -0.42 (5.9x median), `BUREAU_DAYS_CREDIT_MEAN` = 1.45 (4.5x median), `PREV_APPROVAL_RATE` = -2.34 (3.4x median)","Ekstrem secara statistik tapi koheren — kemungkinan tail-end legitimate customer (VHNW, kasus khusus).",Routing: alihkan ke divisi Wealth Management / Priority Banking untuk potensi cross-sell.
345106,cluster_4,Tipe A - Data Error,"`EXT_SOURCE_1` = -1.10 (83.0x median), `EXT_SOURCE_3` = -1.87 (17.8x median), `BUREAU_COUNT` = 2.02 (12.2x median), `POS_MONTHS_COUNT` = -0.41 (11.9x median), `YEARS_BIRTH` = -0.40 (10.8x median)","Deviasi fitur > 50x median klaster — kemungkinan kesalahan input/ETL (overflow, salah unit, atau sentinel value tidak ter-handle).",Data Engineering: tambahkan capping rule (Z-score>3 di tahap ingest) untuk mencegah kontaminasi model.
345320,cluster_4,Tipe A - Data Error,"`EXT_SOURCE_1` = -1.46 (109.3x median), `BUREAU_BB_DPD_RATIO_MEAN` = 10.33 (54.1x median), `BUREAU_ACTIVE_RATIO` = 2.03 (35.5x median), `POS_MONTHS_COUNT` = -0.93 (25.9x median), `CREDIT_TERM_MONTHS` = -0.94 (19.7x median)","Deviasi fitur > 50x median klaster — kemungkinan kesalahan input/ETL (overflow, salah unit, atau sentinel value tidak ter-handle).",Data Engineering: tambahkan capping rule (Z-score>3 di tahap ingest) untuk mencegah kontaminasi model.
345332,cluster_3,Tipe A - Data Error,"`EXT_SOURCE_1` = 1.04 (75.9x median), `PREV_APPROVAL_RATE` = 0.96 (46.5x median), `CREDIT_TERM_MONTHS` = -1.48 (18.5x median), `BUREAU_ACTIVE_RATIO` = 0.86 (15.5x median), `ANNUITY_TO_INCOME` = 1.25 (14.4x median)","Deviasi fitur > 50x median klaster — kemungkinan kesalahan input/ETL (overflow, salah unit, atau sentinel value tidak ter-handle).",Data Engineering: tambahkan capping rule (Z-score>3 di tahap ingest) untuk mencegah kontaminasi model.
345345,cluster_4,Tipe B - Rare but Valid,"`BUREAU_DAYS_CREDIT_MEAN` = -3.09 (40.9x median), `BUREAU_ACTIVE_RATIO` = 2.03 (35.5x median), `REGION_RATING_CLIENT_W_CITY` = 1.92 (34.6x median), `EXT_SOURCE_1` = -0.43 (32.9x median), `CREDIT_TERM_MONTHS` = -1.38 (29.2x median)","Ekstrem secara statistik tapi koheren — kemungkinan tail-end legitimate customer (VHNW, kasus khusus).",Routing: alihkan ke divisi Wealth Management / Priority Banking untuk potensi cross-sell.
345731,cluster_4,Tipe A - Data Error,"`CC_SK_DPD_MEAN` = 3.05 (62.3x median), `INST_DPD_MAX` = 5.80 (56.8x median), `POS_MONTHS_COUNT` = 1.21 (31.3x median), `INST_DPD_MEAN` = 1.84 (20.7x median), `BUREAU_DEBT_TO_CREDIT_RATIO` = 1.41 (16.2x median)","Deviasi fitur > 50x median klaster — kemungkinan kesalahan input/ETL (overflow, salah unit, atau sentinel value tidak ter-handle).",Data Engineering: tambahkan capping rule (Z-score>3 di tahap ingest) untuk mencegah kontaminasi model.
345803,cluster_2,Tipe A - Data Error,"`POS_SK_DPD_MEAN` = 7.94 (114.4x median), `EXT_SOURCE_1` = 0.51 (36.7x median), `REGION_RATING_CLIENT_W_CITY` = -2.04 (34.6x median), `AMT_INCOME_TOTAL` = 1.84 (15.8x median), `BUREAU_ACTIVE_RATIO` = 2.03 (13.4x median)","Deviasi fitur > 50x median klaster — kemungkinan kesalahan input/ETL (overflow, salah unit, atau sentinel value tidak ter-handle).",Data Engineering: tambahkan capping rule (Z-score>3 di tahap ingest) untuk mencegah kontaminasi model.
345916,cluster_4,Tipe A - Data Error,"`EXT_SOURCE_1` = -2.17 (162.2x median), `BUREAU_BB_SEVERE_DPD_MEAN` = 3.86 (76.4x median), `CREDIT_TERM_MONTHS` = -1.63 (34.6x median), `BUREAU_ACTIVE_RATIO` = 0.99 (17.7x median), `OWN_CAR_AGE` = 6.79 (15.9x median)","Deviasi fitur > 50x median klaster — kemungkinan kesalahan input/ETL (overflow, salah unit, atau sentinel value tidak ter-handle).",Data Engineering: tambahkan capping rule (Z-score>3 di tahap ingest) untuk mencegah kontaminasi model.
346266,cluster_4,Tipe A - Data Error,"`INST_PAYMENT_RATIO_MEAN` = 1.68 (152.4x median), `BUREAU_BB_SEVERE_DPD_MEAN` = 2.95 (58.7x median), `YEARS_BIRTH` = 0.69 (21.6x median), `POS_MONTHS_COUNT` = 0.80 (20.5x median), `BUREAU_DAYS_CREDIT_MEAN` = -1.47 (19.0x median)","Deviasi fitur > 50x median klaster — kemungkinan kesalahan input/ETL (overflow, salah unit, atau sentinel value tidak ter-handle).",Data Engineering: tambahkan capping rule (Z-score>3 di tahap ingest) untuk mencegah kontaminasi model.
346395,cluster_4,Tipe A - Data Error,"`POS_MONTHS_COUNT` = 3.23 (85.3x median), `EXT_SOURCE_1` = -0.37 (28.1x median), `BUREAU_COUNT` = 3.34 (19.6x median), `AMT_REQ_CREDIT_BUREAU_YEAR` = 1.85 (13.9x median), `YEARS_BIRTH` = -0.45 (12.3x median)","Deviasi fitur > 50x median klaster — kemungkinan kesalahan input/ETL (overflow, salah unit, atau sentinel value tidak ter-handle).",Data Engineering: tambahkan capping rule (Z-score>3 di tahap ingest) untuk mencegah kontaminasi model.
346728,cluster_1,Tipe B - Rare but Valid,"`AMT_CREDIT` = -1.01 (30.8x median), `BUREAU_COUNT` = 4.22 (15.2x median), `BUREAU_DEBT_TO_CREDIT_RATIO` = 0.72 (15.1x median), `EXT_SOURCE_3` = -2.38 (13.2x median), `AMT_ANNUITY` = -0.68 (11.4x median)","Ekstrem secara statistik tapi koheren — kemungkinan tail-end legitimate customer (VHNW, kasus khusus).",Routing: alihkan ke divisi Wealth Management / Priority Banking untuk potensi cross-sell.
346737,cluster_4,Tipe A - Data Error,"`POS_MONTHS_COUNT` = 2.86 (75.6x median), `EXT_SOURCE_1` = -0.88 (66.7x median), `YEARS_BIRTH` = -1.21 (35.2x median), `BUREAU_DAYS_CREDIT_MEAN` = 1.45 (20.7x median), `CREDIT_TERM_MONTHS` = 0.87 (20.0x median)","Deviasi fitur > 50x median klaster — kemungkinan kesalahan input/ETL (overflow, salah unit, atau sentinel value tidak ter-handle).",Data Engineering: tambahkan capping rule (Z-score>3 di tahap ingest) untuk mencegah kontaminasi model.
346988,cluster_2,Tipe A - Data Error,"`EXT_SOURCE_1` = 1.73 (127.4x median), `EXT_SOURCE_3` = -2.10 (19.9x median), `YEARS_BIRTH` = -0.87 (12.2x median), `BUREAU_BB_DPD_RATIO_MEAN` = 1.93 (10.9x median), `AMT_INCOME_TOTAL` = -1.06 (10.7x median)","Deviasi fitur > 50x median klaster — kemungkinan kesalahan input/ETL (overflow, salah unit, atau sentinel value tidak ter-handle).",Data Engineering: tambahkan capping rule (Z-score>3 di tahap ingest) untuk mencegah kontaminasi model.
347117,cluster_4,Tipe A - Data Error,"`EXT_SOURCE_1` = 2.09 (154.0x median), `POS_MONTHS_COUNT` = -0.69 (19.4x median), `BUREAU_ACTIVE_RATIO` = 0.78 (14.2x median), `BUREAU_BB_DPD_RATIO_MEAN` = 1.63 (9.4x median), `EXT_SOURCE_3` = -0.85 (8.6x median)","Deviasi fitur > 50x median klaster — kemungkinan kesalahan input/ETL (overflow, salah unit, atau sentinel value tidak ter-handle).",Data Engineering: tambahkan capping rule (Z-score>3 di tahap ingest) untuk mencegah kontaminasi model.
347271,cluster_4,Tipe A - Data Error,"`POS_MONTHS_COUNT` = 3.79 (100.4x median), `BUREAU_ACTIVE_RATIO` = 2.03 (35.5x median), `CREDIT_TERM_MONTHS` = 0.98 (22.5x median), `AMT_ANNUITY` = -2.57 (19.3x median), `BUREAU_DEBT_TO_CREDIT_RATIO` = 1.49 (17.1x median)","Deviasi fitur > 50x median klaster — kemungkinan kesalahan input/ETL (overflow, salah unit, atau sentinel value tidak ter-handle).",Data Engineering: tambahkan capping rule (Z-score>3 di tahap ingest) untuk mencegah kontaminasi model.
347408,cluster_2,Tipe C - Risk Signal,"`REGION_RATING_CLIENT_W_CITY` = 1.92 (34.6x median), `YEARS_BIRTH` = -1.02 (14.2x median), `BUREAU_ACTIVE_RATIO` = 2.03 (13.4x median), `AMT_INCOME_TOTAL` = -1.06 (10.7x median), `BUREAU_DAYS_CREDIT_MEAN` = 1.31 (10.5x median)","Kombinasi finansial kontradiktif (mis. rasio cicilan/pendapatan ekstrem, income rendah + credit besar, atau skor eksternal tinggi di cluster bermasalah).","Underwriting: matikan auto-approve, wajibkan manual review oleh underwriter senior + verifikasi pendapatan fisik."
347636,cluster_0,Tipe A - Data Error,"`EXT_SOURCE_1` = -0.95 (71.5x median), `EXT_SOURCE_2` = 1.07 (11.5x median), `CNT_CHILDREN` = 4.99 (9.7x median), `EXT_SOURCE_3` = 0.91 (7.1x median), `AMT_INCOME_TOTAL` = 0.86 (5.0x median)","Deviasi fitur > 50x median klaster — kemungkinan kesalahan input/ETL (overflow, salah unit, atau sentinel value tidak ter-handle).",Data Engineering: tambahkan capping rule (Z-score>3 di tahap ingest) untuk mencegah kontaminasi model.
347831,cluster_2,Tipe A - Data Error,"`EXT_SOURCE_1` = -1.88 (140.7x median), `REGION_RATING_CLIENT_W_CITY` = 1.92 (34.6x median), `EXT_SOURCE_3` = -2.07 (19.6x median), `YEARS_BIRTH` = -1.42 (19.3x median), `BUREAU_BB_DPD_RATIO_MEAN` = 2.96 (16.2x median)","Deviasi fitur > 50x median klaster — kemungkinan kesalahan input/ETL (overflow, salah unit, atau sentinel value tidak ter-handle).",Data Engineering: tambahkan capping rule (Z-score>3 di tahap ingest) untuk mencegah kontaminasi model.
348174,cluster_1,Tipe A - Data Error,"`EXT_SOURCE_1` = -2.94 (219.1x median), `AMT_ANNUITY` = 0.96 (13.6x median), `PREV_REFUSED_COUNT` = 9.57 (13.5x median), `BUREAU_DEBT_TO_CREDIT_RATIO` = 0.41 (9.1x median), `CC_MONTHS_COUNT` = 3.41 (8.8x median)","Deviasi fitur > 50x median klaster — kemungkinan kesalahan input/ETL (overflow, salah unit, atau sentinel value tidak ter-handle).",Data Engineering: tambahkan capping rule (Z-score>3 di tahap ingest) untuk mencegah kontaminasi model.
349189,cluster_4,Tipe A - Data Error,"`EXT_SOURCE_1` = -1.32 (99.0x median), `BUREAU_ACTIVE_RATIO` = 2.03 (35.5x median), `REGION_RATING_CLIENT_W_CITY` = 1.92 (34.6x median), `BUREAU_DEBT_TO_CREDIT_RATIO` = 1.89 (21.4x median), `CREDIT_TERM_MONTHS` = -0.93 (19.4x median)","Deviasi fitur > 50x median klaster — kemungkinan kesalahan input/ETL (overflow, salah unit, atau sentinel value tidak ter-handle).",Data Engineering: tambahkan capping rule (Z-score>3 di tahap ingest) untuk mencegah kontaminasi model.
350284,cluster_3,Tipe B - Rare but Valid,"`PREV_APPROVAL_RATE` = 0.96 (46.5x median), `CREDIT_TERM_MONTHS` = 1.43 (19.9x median), `AMT_ANNUITY` = 1.77 (18.7x median), `AMT_CREDIT` = 2.05 (12.0x median), `AMT_INCOME_TOTAL` = 2.08 (10.8x median)","Ekstrem secara statistik tapi koheren — kemungkinan tail-end legitimate customer (VHNW, kasus khusus).",Routing: alihkan ke divisi Wealth Management / Priority Banking untuk potensi cross-sell.
350460,cluster_3,Tipe A - Data Error,"`EXT_SOURCE_1` = -1.17 (88.0x median), `POS_SK_DPD_MEAN` = 7.69 (39.1x median), `BUREAU_ACTIVE_RATIO` = 2.03 (35.5x median), `PREV_APPROVAL_RATE` = -0.69 (34.9x median), `CREDIT_TERM_MONTHS` = -1.30 (16.2x median)","Deviasi fitur > 50x median klaster — kemungkinan kesalahan input/ETL (overflow, salah unit, atau sentinel value tidak ter-handle).",Data Engineering: tambahkan capping rule (Z-score>3 di tahap ingest) untuk mencegah kontaminasi model.
350628,cluster_2,Tipe A - Data Error,"`EXT_SOURCE_1` = -1.35 (101.6x median), `REGION_RATING_CLIENT_W_CITY` = 1.92 (34.6x median), `YEARS_BIRTH` = -1.82 (24.5x median), `AMT_INCOME_TOTAL` = -1.66 (16.2x median), `BUREAU_DAYS_CREDIT_MEAN` = 1.45 (11.5x median)","Deviasi fitur > 50x median klaster — kemungkinan kesalahan input/ETL (overflow, salah unit, atau sentinel value tidak ter-handle).",Data Engineering: tambahkan capping rule (Z-score>3 di tahap ingest) untuk mencegah kontaminasi model.
350666,cluster_1,Tipe A - Data Error,"`EXT_SOURCE_1` = 1.05 (76.9x median), `YEARS_EMPLOYED` = 5.19 (17.2x median), `AMT_ANNUITY` = 0.64 (8.7x median), `AMT_CREDIT` = 0.24 (8.4x median), `BUREAU_DEBT_TO_CREDIT_RATIO` = 0.37 (8.3x median)","Deviasi fitur > 50x median klaster — kemungkinan kesalahan input/ETL (overflow, salah unit, atau sentinel value tidak ter-handle).",Data Engineering: tambahkan capping rule (Z-score>3 di tahap ingest) untuk mencegah kontaminasi model.
350908,cluster_3,Tipe B - Rare but Valid,"`BUREAU_ACTIVE_RATIO` = 1.25 (22.2x median), `CREDIT_TERM_MONTHS` = -1.08 (13.2x median), `AMT_ANNUITY` = 1.03 (10.5x median), `EXT_SOURCE_3` = -0.96 (9.7x median), `AMT_INCOME_TOTAL` = 1.24 (6.8x median)","Ekstrem secara statistik tapi koheren — kemungkinan tail-end legitimate customer (VHNW, kasus khusus).",Routing: alihkan ke divisi Wealth Management / Priority Banking untuk potensi cross-sell.
351177,cluster_1,Tipe A - Data Error,"`EXT_SOURCE_1` = 1.51 (111.2x median), `AMT_CREDIT` = -2.99 (93.0x median), `AMT_ANNUITY` = -3.12 (48.3x median), `REGION_RATING_CLIENT_W_CITY` = 1.92 (34.6x median), `BUREAU_DEBT_TO_CREDIT_RATIO` = 0.58 (12.4x median)","Deviasi fitur > 50x median klaster — kemungkinan kesalahan input/ETL (overflow, salah unit, atau sentinel value tidak ter-handle).",Data Engineering: tambahkan capping rule (Z-score>3 di tahap ingest) untuk mencegah kontaminasi model.
351245,cluster_4,Tipe A - Data Error,"`EXT_SOURCE_1` = 2.03 (150.1x median), `POS_MONTHS_COUNT` = 4.07 (107.9x median), `YEARS_BIRTH` = 0.71 (22.0x median), `BUREAU_DAYS_CREDIT_MEAN` = 1.45 (20.7x median), `BUREAU_ACTIVE_RATIO` = -1.11 (17.7x median)","Deviasi fitur > 50x median klaster — kemungkinan kesalahan input/ETL (overflow, salah unit, atau sentinel value tidak ter-handle).",Data Engineering: tambahkan capping rule (Z-score>3 di tahap ingest) untuk mencegah kontaminasi model.
351341,cluster_4,Tipe B - Rare but Valid,"`POS_MONTHS_COUNT` = 1.37 (35.6x median), `BUREAU_ACTIVE_RATIO` = 2.03 (35.5x median), `YEARS_BIRTH` = -1.03 (29.7x median), `BUREAU_DEBT_TO_CREDIT_RATIO` = 1.84 (20.9x median), `EXT_SOURCE_1` = 0.29 (20.4x median)","Ekstrem secara statistik tapi koheren — kemungkinan tail-end legitimate customer (VHNW, kasus khusus).",Routing: alihkan ke divisi Wealth Management / Priority Banking untuk potensi cross-sell.
351370,cluster_1,Tipe A - Data Error,"`BUREAU_BB_SEVERE_DPD_MEAN` = 15.54 (304.4x median), `EXT_SOURCE_1` = 0.61 (44.5x median), `AMT_CREDIT` = 1.20 (38.5x median), `BUREAU_BB_DPD_RATIO_MEAN` = 7.24 (38.2x median), `BUREAU_ACTIVE_RATIO` = -1.11 (17.7x median)","Deviasi fitur > 50x median klaster — kemungkinan kesalahan input/ETL (overflow, salah unit, atau sentinel value tidak ter-handle).",Data Engineering: tambahkan capping rule (Z-score>3 di tahap ingest) untuk mencegah kontaminasi model.
351494,cluster_2,Tipe A - Data Error,"`BUREAU_BB_SEVERE_DPD_MEAN` = 10.53 (206.7x median), `BUREAU_BB_DPD_RATIO_MEAN` = 7.54 (39.8x median), `REGION_RATING_CLIENT_W_CITY` = 1.92 (34.6x median), `BUREAU_DAYS_CREDIT_MEAN` = -3.02 (20.9x median), `EXT_SOURCE_3` = 1.78 (15.0x median)","Deviasi fitur > 50x median klaster — kemungkinan kesalahan input/ETL (overflow, salah unit, atau sentinel value tidak ter-handle).",Data Engineering: tambahkan capping rule (Z-score>3 di tahap ingest) untuk mencegah kontaminasi model.
351599,cluster_3,Tipe A - Data Error,"`CC_SK_DPD_MEAN` = 7.85 (158.6x median), `CREDIT_TERM_MONTHS` = 0.69 (10.1x median), `CC_MONTHS_COUNT` = 3.45 (8.9x median), `YEARS_EMPLOYED` = 2.47 (8.3x median), `PREV_APPROVAL_RATE` = -0.14 (7.7x median)","Deviasi fitur > 50x median klaster — kemungkinan kesalahan input/ETL (overflow, salah unit, atau sentinel value tidak ter-handle).",Data Engineering: tambahkan capping rule (Z-score>3 di tahap ingest) untuk mencegah kontaminasi model.
351754,cluster_4,Tipe B - Rare but Valid,"`CREDIT_TERM_MONTHS` = -1.64 (34.9x median), `EXT_SOURCE_1` = 0.41 (29.6x median), `POS_MONTHS_COUNT` = -0.93 (25.9x median), `AMT_ANNUITY` = -2.51 (18.8x median), `BUREAU_ACTIVE_RATIO` = -1.11 (17.7x median)","Ekstrem secara statistik tapi koheren — kemungkinan tail-end legitimate customer (VHNW, kasus khusus).",Routing: alihkan ke divisi Wealth Management / Priority Banking untuk potensi cross-sell.
352083,cluster_1,Tipe A - Data Error,"`EXT_SOURCE_1` = 1.51 (110.8x median), `AMT_ANNUITY` = -1.30 (20.8x median), `BUREAU_DEBT_TO_CREDIT_RATIO` = 0.73 (15.3x median), `AMT_CREDIT` = -0.45 (13.1x median), `BUREAU_ACTIVE_RATIO` = 0.46 (8.9x median)","Deviasi fitur > 50x median klaster — kemungkinan kesalahan input/ETL (overflow, salah unit, atau sentinel value tidak ter-handle).",Data Engineering: tambahkan capping rule (Z-score>3 di tahap ingest) untuk mencegah kontaminasi model.
352158,cluster_4,Tipe B - Rare but Valid,"`CREDIT_TERM_MONTHS` = -1.57 (33.4x median), `YEARS_BIRTH` = 0.69 (21.7x median), `BUREAU_DAYS_CREDIT_MEAN` = 1.45 (20.7x median), `BUREAU_ACTIVE_RATIO` = -1.11 (17.7x median), `OWN_CAR_AGE` = 6.79 (15.9x median)","Ekstrem secara statistik tapi koheren — kemungkinan tail-end legitimate customer (VHNW, kasus khusus).",Routing: alihkan ke divisi Wealth Management / Priority Banking untuk potensi cross-sell.
352281,cluster_4,Tipe B - Rare but Valid,"`YEARS_BIRTH` = -1.36 (39.5x median), `REGION_RATING_CLIENT_W_CITY` = -2.04 (34.6x median), `CREDIT_TERM_MONTHS` = -1.62 (34.5x median), `EXT_SOURCE_3` = -2.14 (20.2x median), `BUREAU_BB_DPD_RATIO_MEAN` = 3.06 (16.7x median)","Ekstrem secara statistik tapi koheren — kemungkinan tail-end legitimate customer (VHNW, kasus khusus).",Routing: alihkan ke divisi Wealth Management / Priority Banking untuk potensi cross-sell.
352401,cluster_4,Tipe B - Rare but Valid,"`POS_MONTHS_COUNT` = 1.85 (48.6x median), `INST_DPD_MAX` = 4.12 (40.6x median), `REGION_RATING_CLIENT_W_CITY` = -2.04 (34.6x median), `CREDIT_TERM_MONTHS` = 1.27 (28.7x median), `CC_SK_DPD_MEAN` = 1.35 (28.1x median)","Ekstrem secara statistik tapi koheren — kemungkinan tail-end legitimate customer (VHNW, kasus khusus).",Routing: alihkan ke divisi Wealth Management / Priority Banking untuk potensi cross-sell.
352427,cluster_1,Tipe A - Data Error,"`EXT_SOURCE_1` = 0.75 (55.1x median), `AMT_CREDIT` = -1.52 (46.8x median), `AMT_ANNUITY` = -0.66 (11.1x median), `CC_MONTHS_COUNT` = 3.01 (7.9x median), `BUREAU_ACTIVE_RATIO` = -0.48 (7.1x median)","Deviasi fitur > 50x median klaster — kemungkinan kesalahan input/ETL (overflow, salah unit, atau sentinel value tidak ter-handle).",Data Engineering: tambahkan capping rule (Z-score>3 di tahap ingest) untuk mencegah kontaminasi model.
352431,cluster_4,Tipe A - Data Error,"`YEARS_BIRTH` = -1.79 (52.2x median), `BUREAU_ACTIVE_RATIO` = 1.51 (26.6x median), `EXT_SOURCE_3` = -2.62 (24.6x median), `CREDIT_TERM_MONTHS` = -1.05 (22.1x median), `BUREAU_BB_DPD_RATIO_MEAN` = 3.27 (17.8x median)","Deviasi fitur > 50x median klaster — kemungkinan kesalahan input/ETL (overflow, salah unit, atau sentinel value tidak ter-handle).",Data Engineering: tambahkan capping rule (Z-score>3 di tahap ingest) untuk mencegah kontaminasi model.
352475,cluster_4,Tipe A - Data Error,"`EXT_SOURCE_1` = 0.80 (58.8x median), `CREDIT_TERM_MONTHS` = 1.43 (32.3x median), `BUREAU_ACTIVE_RATIO` = 1.41 (24.8x median), `AMT_INCOME_TOTAL` = 1.84 (15.8x median), `YEARS_EMPLOYED` = 2.62 (13.5x median)","Deviasi fitur > 50x median klaster — kemungkinan kesalahan input/ETL (overflow, salah unit, atau sentinel value tidak ter-handle).",Data Engineering: tambahkan capping rule (Z-score>3 di tahap ingest) untuk mencegah kontaminasi model.
352605,cluster_2,Tipe B - Rare but Valid,"`REGION_RATING_CLIENT_W_CITY` = 1.92 (34.6x median), `YEARS_EMPLOYED` = 4.67 (21.5x median), `EXT_SOURCE_1` = 0.25 (17.5x median), `EXT_SOURCE_3` = 1.75 (14.7x median), `YEARS_BIRTH` = 1.13 (13.7x median)","Ekstrem secara statistik tapi koheren — kemungkinan tail-end legitimate customer (VHNW, kasus khusus).",Routing: alihkan ke divisi Wealth Management / Priority Banking untuk potensi cross-sell.
352804,cluster_0,Tipe A - Data Error,"`EXT_SOURCE_1` = -2.93 (218.5x median), `EXT_SOURCE_2` = -2.17 (26.2x median), `INST_SEVERE_LATE_RATIO` = 4.23 (26.1x median), `EXT_SOURCE_3` = -1.85 (17.7x median), `BUREAU_ACTIVE_RATIO` = 0.78 (14.2x median)","Deviasi fitur > 50x median klaster — kemungkinan kesalahan input/ETL (overflow, salah unit, atau sentinel value tidak ter-handle).",Data Engineering: tambahkan capping rule (Z-score>3 di tahap ingest) untuk mencegah kontaminasi model.
353124,cluster_4,Tipe B - Rare but Valid,"`CREDIT_TERM_MONTHS` = -1.22 (25.6x median), `EXT_SOURCE_3` = -2.28 (21.5x median), `BUREAU_COUNT` = 2.02 (12.2x median), `BUREAU_DEBT_TO_CREDIT_RATIO` = 1.01 (11.9x median), `BUREAU_DAYS_CREDIT_MEAN` = 0.66 (10.0x median)","Ekstrem secara statistik tapi koheren — kemungkinan tail-end legitimate customer (VHNW, kasus khusus).",Routing: alihkan ke divisi Wealth Management / Priority Banking untuk potensi cross-sell.
354139,cluster_4,Tipe A - Data Error,"`EXT_SOURCE_1` = 2.16 (159.3x median), `BUREAU_COUNT` = 6.64 (37.9x median), `REGION_RATING_CLIENT_W_CITY` = -2.04 (34.6x median), `CREDIT_TERM_MONTHS` = 1.27 (28.8x median), `AMT_REQ_CREDIT_BUREAU_YEAR` = 2.43 (18.5x median)","Deviasi fitur > 50x median klaster — kemungkinan kesalahan input/ETL (overflow, salah unit, atau sentinel value tidak ter-handle).",Data Engineering: tambahkan capping rule (Z-score>3 di tahap ingest) untuk mencegah kontaminasi model.
354498,cluster_2,Tipe A - Data Error,"`INST_PAYMENT_RATIO_MEAN` = 8.62 (807.2x median), `EXT_SOURCE_1` = 2.63 (194.4x median), `YEARS_BIRTH` = 1.54 (19.0x median), `BUREAU_DAYS_CREDIT_MEAN` = 1.45 (11.5x median), `POS_MONTHS_COUNT` = 3.43 (8.7x median)","Deviasi fitur > 50x median klaster — kemungkinan kesalahan input/ETL (overflow, salah unit, atau sentinel value tidak ter-handle).",Data Engineering: tambahkan capping rule (Z-score>3 di tahap ingest) untuk mencegah kontaminasi model.
355069,cluster_2,Tipe B - Rare but Valid,"`REGION_RATING_CLIENT_W_CITY` = 1.92 (34.6x median), `YEARS_EMPLOYED` = 4.52 (20.8x median), `YEARS_BIRTH` = 1.34 (16.3x median), `AMT_INCOME_TOTAL` = 1.84 (15.8x median), `EXT_SOURCE_3` = 1.70 (14.3x median)","Ekstrem secara statistik tapi koheren — kemungkinan tail-end legitimate customer (VHNW, kasus khusus).",Routing: alihkan ke divisi Wealth Management / Priority Banking untuk potensi cross-sell.
355232,cluster_4,Tipe B - Rare but Valid,"`YEARS_BIRTH` = -0.90 (25.8x median), `POS_MONTHS_COUNT` = -0.85 (23.7x median), `BUREAU_DAYS_CREDIT_MEAN` = 1.45 (20.7x median), `BUREAU_ACTIVE_RATIO` = -1.11 (17.7x median), `INST_SEVERE_LATE_RATIO` = 2.49 (15.8x median)","Ekstrem secara statistik tapi koheren — kemungkinan tail-end legitimate customer (VHNW, kasus khusus).",Routing: alihkan ke divisi Wealth Management / Priority Banking untuk potensi cross-sell.
355324,cluster_3,Tipe A - Data Error,"`EXT_SOURCE_1` = -1.09 (81.7x median), `PREV_APPROVAL_RATE` = -1.51 (75.5x median), `POS_SK_DPD_MEAN` = 5.16 (25.9x median), `BUREAU_ACTIVE_RATIO` = -1.11 (17.7x median), `CREDIT_TERM_MONTHS` = -1.08 (13.2x median)","Deviasi fitur > 50x median klaster — kemungkinan kesalahan input/ETL (overflow, salah unit, atau sentinel value tidak ter-handle).",Data Engineering: tambahkan capping rule (Z-score>3 di tahap ingest) untuk mencegah kontaminasi model.
356066,cluster_2,Tipe A - Data Error,"`EXT_SOURCE_1` = -0.99 (74.6x median), `REGION_RATING_CLIENT_W_CITY` = -2.04 (34.6x median), `BUREAU_COUNT` = 2.24 (13.4x median), `BUREAU_DAYS_CREDIT_MEAN` = -1.25 (8.1x median), `ANNUITY_TO_INCOME` = 3.58 (8.0x median)","Deviasi fitur > 50x median klaster — kemungkinan kesalahan input/ETL (overflow, salah unit, atau sentinel value tidak ter-handle).",Data Engineering: tambahkan capping rule (Z-score>3 di tahap ingest) untuk mencegah kontaminasi model.
